DATE,GLOBALEVENTID,SQLDATE,Actor1Name,Actor1CountryCode,Actor2Name,Actor2CountryCode,EventCode,EventCode_KR,EventRootCode,QuadClass,GoldsteinScale,NumMentions,NumSources,NumArticles,AvgTone,ActionGeo_FullName,ActionGeo_CountryCode,SOURCEURL
20130401,253461978,20130325,SYRIA,SYR,JORDAN,JOR,192,영토 점령,19,4,-9.5,1,1,1,3.27868852459016,"Golan Heights, Syria (general), Syria",SY,http://en.trend.az/regions/met/arabicr/2134433.html
20130401,253461980,20130325,SYRIA,SYR,JORDAN,JOR,192,영토 점령,19,4,-9.5,2,1,2,3.27868852459016,"Aleppo, ?alab, Syria",SY,http://en.trend.az/regions/met/arabicr/2134433.html
20130401,253475326,20130401,IRAN,IRN,IRAQ,IRQ,190,재래식 군사력 사용,19,4,-10.0,10,1,10,0.0,Algeria,AG,BBC Monitoring
20130401,253475331,20130401,IRAN,IRN,ISRAELI,ISR,190,재래식 군사력 사용,19,4,-10.0,2,1,2,1.20773123020845,"Burgas, Burgas, Bulgaria",BU,http://www.jpost.com/International/Article.aspx?ID=308337&R=R1
20130401,253475332,20130401,IRAN,IRN,ISRAEL,ISR,190,재래식 군사력 사용,19,4,-10.0,4,1,4,1.20773123020845,"Burgas, Burgas, Bulgaria",BU,http://www.jpost.com/International/Article.aspx?ID=308337&R=R1
20130401,253475333,20130401,IRAN,IRN,ISRAEL,ISR,190,재래식 군사력 사용,19,4,-10.0,6,1,6,1.20773123020845,"Hezbollah, Kerman, Iran",IR,http://www.jpost.com/International/Article.aspx?ID=308337&R=R1
20130401,253475334,20130401,IRAN,IRN,ISRAEL,ISR,194,포병·전차를 이용한 전투,19,4,-10.0,25,5,22,2.3657513866082,"Ashdod, HaDarom, Israel",IS,http://www.firstpost.com/world/israels-navy-gears-up-for-new-job-of-protecting-gas-fields-682161.html
20130401,253475335,20130401,IRAN,IRN,ISRAEL,ISR,194,포병·전차를 이용한 전투,19,4,-10.0,1,1,1,2.25140712945591,"Tamar, Khuzestan, Iran",IR,http://www.firstpost.com/world/israels-navy-gears-up-for-new-job-of-protecting-gas-fields-682161.html
20130401,253475336,20130401,IRAN,IRN,ISRAEL,ISR,194,포병·전차를 이용한 전투,19,4,-10.0,14,4,12,2.3875312451134,"Ashdod, HaDarom, Israel",IS,http://in.reuters.com/article/2013/04/01/israel-navy-natgas-idINDEE93008X20130401?feedType=RSS&feedName=worldNews
20130401,253475387,20130401,IRAN,IRN,SYRIA,SYR,163,금수·보이콧·제재 부과,16,4,-8.0,60,5,60,2.5975390751016,North Korea,KN,http://www.foxnews.com/world/2013/04/01/un-general-assembly-to-vote-tuesday-on-first-un-treaty-to-regulate-global-arms/
20130401,253475572,20130401,IRAQ,IRQ,IRAN,IRN,190,재래식 군사력 사용,19,4,-10.0,10,1,10,0.0,Algeria,AG,BBC Monitoring
20130401,253475595,20130401,IRAQ,IRQ,AKKA,ISR,190,재래식 군사력 사용,19,4,-10.0,4,2,4,0.393700787401575,"Baghdad, Baghdad, Iraq",IZ,http://thestar.com.my/news/story.asp?file=/2013/4/2/worldupdates/gunmen-attack-iraqs-akkas-gasfield-four-local-workers-killed-officials&sec=Worldupdates
20130401,253475596,20130401,BAGHDAD,IRQ,AKKA,ISR,190,재래식 군사력 사용,19,4,-10.0,26,3,26,0.242277407631738,"Baghdad, Baghdad, Iraq",IZ,http://thestar.com.my/news/story.asp?file=/2013/4/2/worldupdates/gunmen-attack-iraqs-akkas-gasfield-four-local-workers-killed-officials&sec=Worldupdates
20130401,253475597,20130401,BAGHDAD,IRQ,AKKA,ISR,190,재래식 군사력 사용,19,4,-10.0,4,1,4,0.0,Syria,SY,http://www.jpost.com/Headlines/Article.aspx?id=308342&R=R101
20130401,253475671,20130401,BAGHDAD,IRQ,AKKA,ISR,190,재래식 군사력 사용,19,4,-10.0,6,1,6,0.0,Syria,SY,http://www.jpost.com/Headlines/Article.aspx?id=308342&R=R101
20130401,253475826,20130401,ISRAEL,ISR,LEBANON,LBN,194,포병·전차를 이용한 전투,19,4,-10.0,4,1,4,3.04878048780488,"Tel Aviv, Tel Aviv, Israel",IS,http://zeenews.india.com/news/world/israels-missile-defence-system-to-leave-citizens-exposed-in-event-of-war-official_839029.html
20130401,253475865,20130401,ISRAELI,ISR,PALESTINIAN,PSE,190,재래식 군사력 사용,19,4,-10.0,4,1,4,4.5643153526971,"Jerusalem, Israel (general), Israel",IS,http://www.nypost.com/p/news/international/jordan_palestinians_push_holy_site_D6MnQM0WW6zVxVqFcHPZbM?utm_medium=rss&utm_content=International
20130401,253475866,20130401,ISRAELI,ISR,GAZA,PSE,190,재래식 군사력 사용,19,4,-10.0,4,1,4,2.46045694200351,"Gaza, Israel (general), Israel",IS,http://www.chinapost.com.tw/international/europe/2013/04/01/374789/Turkeys-tourism.htm
20130401,253475919,20130401,ISRAEL,ISR,TURK,TUR,190,재래식 군사력 사용,19,4,-10.0,3,1,3,4.41176470588235,Israel,IS,http://www.news.az/articles/78366
20130401,253475953,20130401,ISRAELI,ISR,PALESTINIAN,PSE,190,재래식 군사력 사용,19,4,-10.0,6,1,6,4.5643153526971,"Jerusalem, Israel (general), Israel",IS,http://www.nypost.com/p/news/international/jordan_palestinians_push_holy_site_D6MnQM0WW6zVxVqFcHPZbM?utm_medium=rss&utm_content=International
20130401,253475987,20130401,ISRAELI,ISR,GAZA,PSE,190,재래식 군사력 사용,19,4,-10.0,2,1,2,2.46045694200351,"Gaza, Israel (general), Israel",IS,http://www.chinapost.com.tw/international/europe/2013/04/01/374789/Turkeys-tourism.htm
20130401,253477841,20130401,LEBANESE,LBN,SYRIA,SYR,190,재래식 군사력 사용,19,4,-10.0,12,3,12,0.880858810799036,"Wadi Khaled, Al Qunaytirah, Syria",SY,http://uk.reuters.com/article/2013/04/01/uk-lebanon-syria-kidnapping-idUKBRE9300E020130401?feedType=RSS&feedName=worldNews&utm_source=feedburner&utm_medium=feed&utm_campaign=Feed%3A+Reuters%2FUKWorldNews+%28News+%2F+UK+%2F+World+News%29
20130401,253477842,20130401,LEBANESE,LBN,SYRIAN,SYR,190,재래식 군사력 사용,19,4,-10.0,48,5,48,0.890393491569968,"Wadi Khaled, Al Qunaytirah, Syria",SY,http://uk.reuters.com/article/2013/04/01/uk-lebanon-syria-kidnapping-idUKBRE9300E020130401?feedType=RSS&feedName=worldNews&utm_source=feedburner&utm_medium=feed&utm_campaign=Feed%3A+Reuters%2FUKWorldNews+%28News+%2F+UK+%2F+World+News%29
20130401,253477843,20130401,LEBANESE,LBN,SYRIA,SYR,190,재래식 군사력 사용,19,4,-10.0,2,1,2,0.881057268722467,Lebanon,LE,http://www.jpost.com/MiddleEast/Article.aspx?id=308332&R=R3
20130401,253477844,20130401,LEBANESE,LBN,SYRIA,SYR,190,재래식 군사력 사용,19,4,-10.0,18,5,18,0.897787303511423,"Wadi Khaled, Al Qunaytirah, Syria",SY,http://www.aljazeera.com/news/middleeast/2013/04/2013411947295350.html
20130401,253477845,20130401,LEBANON,LBN,SYRIA,SYR,193,소형무기·경무기를 이용한 전투,19,4,-10.0,18,2,18,1.70425341749525,"Bekaa, Béa, Lebanon",LE,http://news.yahoo.com/tit-tat-kidnappings-bring-syrias-war-lebanese-backyards-132107199.html
20130401,253477852,20130401,BEIRUT,LBN,SYRIAN,SYR,190,재래식 군사력 사용,19,4,-10.0,4,1,4,1.01010101010101,"Ugarit, Al Ladhiqiyah, Syria",SY,http://cnsnews.com/news/article/6000-died-syria-march-deadliest-month-yet
20130401,253477853,20130401,BEIRUT,LBN,SYRIAN,SYR,190,재래식 군사력 사용,19,4,-10.0,58,5,48,0.0,Syria,SY,"http://www.thenews.com.pk/article-94857-6000-died-in-Syria-in-March,-deadliest-month-yet"
20130401,253477854,20130401,LEBANON,LBN,SYRIA,SYR,190,재래식 군사력 사용,19,4,-10.0,2,1,2,0.0,Syria,SY,http://www.news24.com/World/News/6-000-die-in-deadliest-month-in-Syria-20130401
20130401,253481614,20130401,PALESTINIAN,PSE,ISRAEL,ISR,163,금수·보이콧·제재 부과,16,4,-8.0,1,1,1,2.16110019646365,"Ramallah, West Bank (general), West Bank",WE,http://www.aljazeera.com/news/middleeast/2013/04/201341195914246178.html
20130401,253481615,20130401,PALESTINIAN,PSE,ISRAEL,ISR,163,금수·보이콧·제재 부과,16,4,-8.0,1,1,1,2.16110019646365,"Gaza, Israel (general), Israel",IS,http://www.aljazeera.com/news/middleeast/2013/04/201341195914246178.html
20130401,253481622,20130401,PALESTINIAN,PSE,ISRAELI,ISR,190,재래식 군사력 사용,19,4,-10.0,4,1,4,4.5643153526971,"Jerusalem, Israel (general), Israel",IS,http://www.nypost.com/p/news/international/jordan_palestinians_push_holy_site_D6MnQM0WW6zVxVqFcHPZbM?utm_medium=rss&utm_content=International
20130401,253481623,20130401,PALESTINIAN,PSE,ISRAELI,ISR,190,재래식 군사력 사용,19,4,-10.0,6,1,6,4.5643153526971,"Jerusalem, Israel (general), Israel",IS,http://www.nypost.com/p/news/international/jordan_palestinians_push_holy_site_D6MnQM0WW6zVxVqFcHPZbM?utm_medium=rss&utm_content=International
20130401,253481640,20130401,GAZA,PSE,LEBANON,LBN,194,포병·전차를 이용한 전투,19,4,-10.0,6,1,6,3.04878048780488,"Tel Aviv, Tel Aviv, Israel",IS,http://zeenews.india.com/news/world/israels-missile-defence-system-to-leave-citizens-exposed-in-event-of-war-official_839029.html
20130401,253481728,20130401,HAMAS,PSE,ISRAEL,ISR,163,금수·보이콧·제재 부과,16,4,-8.0,2,1,2,2.16110019646365,"Gaza, Israel (general), Israel",IS,http://www.aljazeera.com/news/middleeast/2013/04/201341195914246178.html
20130401,253481729,20130401,HAMAS,PSE,ISRAEL,ISR,192,영토 점령,19,4,-9.5,8,1,8,1.95439739413681,"Gaza, Israel (general), Israel",IS,http://www.dw.de/khaled-mashaal-re-elected-as-hamas-leader/a-16713104?maca=en-rss-en-top-1022-rdf
20130401,253483237,20130401,SYRIA,SYR,JORDAN,JOR,192,영토 점령,19,4,-9.5,8,1,8,0.0,"Tajura, Libya (general), Libya",LY,BBC Monitoring
20130401,253483242,20130401,SYRIAN,SYR,BEIRUT,LBN,190,재래식 군사력 사용,19,4,-10.0,8,1,8,1.51515151515152,"Damascus, Dimashq, Syria",SY,http://www.ctvnews.ca/world/march-marks-deadliest-month-yet-in-syria-with-6-000-deaths-activists-1.1218817
20130401,253483243,20130401,SYRIAN,SYR,BEIRUT,LBN,190,재래식 군사력 사용,19,4,-10.0,5,1,5,0.224719101123596,"Ugarit, Al Ladhiqiyah, Syria",SY,http://www.usatoday.com/story/news/world/2013/04/01/6000-dead-syria-march/2042853/?utm_source=feedburner&utm_medium=feed&utm_campaign=Feed%3A+UsatodaycomWorld-TopStories+%28News+-+World+-+Top+Stories%29
20130401,253483244,20130401,SYRIA,SYR,LEBANESE,LBN,190,재래식 군사력 사용,19,4,-10.0,12,3,12,0.880858810799036,"Wadi Khaled, Al Qunaytirah, Syria",SY,http://uk.reuters.com/article/2013/04/01/uk-lebanon-syria-kidnapping-idUKBRE9300E020130401?feedType=RSS&feedName=worldNews&utm_source=feedburner&utm_medium=feed&utm_campaign=Feed%3A+Reuters%2FUKWorldNews+%28News+%2F+UK+%2F+World+News%29
20130401,253483245,20130401,SYRIAN,SYR,LEBANESE,LBN,190,재래식 군사력 사용,19,4,-10.0,48,5,48,0.890393491569968,"Wadi Khaled, Al Qunaytirah, Syria",SY,http://uk.reuters.com/article/2013/04/01/uk-lebanon-syria-kidnapping-idUKBRE9300E020130401?feedType=RSS&feedName=worldNews&utm_source=feedburner&utm_medium=feed&utm_campaign=Feed%3A+Reuters%2FUKWorldNews+%28News+%2F+UK+%2F+World+News%29
20130401,253483246,20130401,SYRIA,SYR,LEBANESE,LBN,190,재래식 군사력 사용,19,4,-10.0,2,1,2,0.881057268722467,Lebanon,LE,http://www.jpost.com/MiddleEast/Article.aspx?id=308332&R=R3
20130401,253483247,20130401,SYRIAN,SYR,BEIRUT,LBN,190,재래식 군사력 사용,19,4,-10.0,71,8,71,0.161326394619925,Jordan,JO,http://zeenews.india.com/news/world/march-deadliest-month-yet-in-syria-uprising-6000-dead_839183.html
20130401,253483248,20130401,SYRIA,SYR,LEBANESE,LBN,190,재래식 군사력 사용,19,4,-10.0,18,5,18,0.897787303511423,"Wadi Khaled, Al Qunaytirah, Syria",SY,http://www.aljazeera.com/news/middleeast/2013/04/2013411947295350.html
20130401,253483249,20130401,SYRIA,SYR,BEIRUT,LBN,190,재래식 군사력 사용,19,4,-10.0,30,4,30,1.15339085553916,Syria,SY,http://www.gmanetwork.com/news/story/301929/news/world/march-was-bloodiest-month-in-syria-war-rights-group
20130401,253483250,20130401,SYRIA,SYR,LEBANON,LBN,193,소형무기·경무기를 이용한 전투,19,4,-10.0,6,2,6,1.70425341749525,"Bekaa, Béa, Lebanon",LE,http://news.yahoo.com/tit-tat-kidnappings-bring-syrias-war-lebanese-backyards-132107199.html
20130401,253483261,20130401,DAMASCUS,SYR,PALESTINIAN,PSE,194,포병·전차를 이용한 전투,19,4,-10.0,2,1,2,1.48975791433892,"Damascus, Dimashq, Syria",SY,http://en.trend.az/regions/met/arabicr/2134154.html
20130401,253483262,20130401,DAMASCUS,SYR,PALESTINIAN,PSE,194,포병·전차를 이용한 전투,19,4,-10.0,6,1,6,1.48975791433892,"Kafar Batna, Dimashq, Syria",SY,http://en.trend.az/regions/met/arabicr/2134154.html
20130401,253483629,20130401,TURKISH,TUR,IRAQ,IRQ,190,재래식 군사력 사용,19,4,-10.0,8,1,8,0.0,Algeria,AG,BBC Monitoring
20130401,253483650,20130401,TURKEY,TUR,ISRAEL,ISR,190,재래식 군사력 사용,19,4,-10.0,8,1,8,1.02040816326531,"Istanbul, Istanbul, Turkey",TU,http://www.jpost.com/DiplomacyAndPolitics/Article.aspx?id=308361&R=R9
20130401,253483651,20130401,TURKEY,TUR,ISRAEL,ISR,190,재래식 군사력 사용,19,4,-10.0,8,1,8,1.02040816326531,Israel,IS,http://www.jpost.com/DiplomacyAndPolitics/Article.aspx?id=308361&R=R9
20130401,253483652,20130401,TURKEY,TUR,ISRAEL,ISR,190,재래식 군사력 사용,19,4,-10.0,4,1,4,1.02040816326531,"Istanbul, Istanbul, Turkey",TU,http://www.jpost.com/DiplomacyAndPolitics/Article.aspx?id=308361&R=R9
20130401,253483653,20130401,TURKEY,TUR,ISRAEL,ISR,190,재래식 군사력 사용,19,4,-10.0,4,1,4,0.0,"Jerusalem, Israel (general), Israel",IS,http://www.jpost.com/Headlines/Article.aspx?id=308362&R=R101
20130401,253483654,20130401,TURKEY,TUR,ISRAEL,ISR,190,재래식 군사력 사용,19,4,-10.0,6,1,6,0.0,Turkey,TU,http://www.jpost.com/Headlines/Article.aspx?id=308362&R=R101
20130401,253483667,20130401,TURKISH,TUR,GAZA,PSE,190,재래식 군사력 사용,19,4,-10.0,2,1,2,0.952380952380952,"Tel Aviv, Tel Aviv, Israel",IS,http://news.am/eng/news/146935.html
20130401,253483668,20130401,TURKISH,TUR,GAZA,PSE,190,재래식 군사력 사용,19,4,-10.0,2,1,2,0.952380952380952,"Tel Aviv, Tel Aviv, Israel",IS,http://news.am/eng/news/146935.html
20130401,253483720,20130401,TURKEY,TUR,GAZA,PSE,190,재래식 군사력 사용,19,4,-10.0,2,1,2,0.952380952380952,"Tel Aviv, Tel Aviv, Israel",IS,http://news.am/eng/news/146935.html
20130401,253483721,20130401,TURKISH,TUR,GAZA,PSE,190,재래식 군사력 사용,19,4,-10.0,4,1,4,0.952380952380952,"Tel Aviv, Tel Aviv, Israel",IS,http://news.am/eng/news/146935.html
20130402,253501909,20130402,NASSER,EGY,WEST BANK,PSE,190,재래식 군사력 사용,19,4,-10.0,3,1,3,0.396825396825397,"Gaza, Israel (general), Israel",IS,http://hosted2.ap.org/APDEFAULT/cae69a7523db45408eeb2b3a98c0c9c5/Article_2013-04-02-ML-Israel-Palestinians/id-b3b24eff226e4cdbbb8b857df0edc3b0
20130402,253507073,20130402,IRAN,IRN,IRAQI,IRQ,163,금수·보이콧·제재 부과,16,4,-8.0,4,1,4,0.0,Libya,LY,BBC Monitoring
20130402,253507075,20130402,KURDISTAN,IRN,IRAQI,IRQ,163,금수·보이콧·제재 부과,16,4,-8.0,3,1,3,0.0,Libya,LY,BBC Monitoring
20130402,253507079,20130402,IRAN,IRN,ISRAEL,ISR,194,포병·전차를 이용한 전투,19,4,-10.0,9,3,9,2.31022917138395,"Ashdod, HaDarom, Israel",IS,"http://www.ynetnews.com/articles/0,7340,L-4362794,00.html"
20130402,253507080,20130402,IRAN,IRN,ISRAEL,ISR,194,포병·전차를 이용한 전투,19,4,-10.0,6,3,6,2.31022917138395,"Ashdod, HaDarom, Israel",IS,"http://www.ynetnews.com/articles/0,7340,L-4362794,00.html"
20130402,253507136,20130402,IRAN,IRN,SYRIA,SYR,163,금수·보이콧·제재 부과,16,4,-8.0,1,1,1,2.86103542234332,Ireland,EI,http://www.breakingnews.ie/world/un-adopts-arms-trade-treaty-589951.html
20130402,253507137,20130402,IRAN,IRN,SYRIA,SYR,163,금수·보이콧·제재 부과,16,4,-8.0,57,7,57,2.76814819108671,North Korea,KN,http://www.foxnews.com/world/2013/04/02/un-adopts-landmark-treaty-to-regulate-multibillion-dollar-global-arms-trade/?utm_source=feedburner&utm_medium=feed&utm_campaign=Feed%3A+foxnews%2Fworld+%28Internal+-+World+Latest+-+Text%29
20130402,253507138,20130402,IRAN,IRN,SYRIA,SYR,163,금수·보이콧·제재 부과,16,4,-8.0,1,1,1,2.86103542234332,Ireland,EI,http://www.breakingnews.ie/world/un-adopts-arms-trade-treaty-589951.html
20130402,253507139,20130402,IRAN,IRN,SYRIA,SYR,163,금수·보이콧·제재 부과,16,4,-8.0,3,1,3,2.86103542234332,"New York, United States",US,http://www.breakingnews.ie/world/un-adopts-arms-trade-treaty-589951.html
20130402,253507140,20130402,IRAN,IRN,SYRIA,SYR,163,금수·보이콧·제재 부과,16,4,-8.0,3,1,3,3.01075268817204,Syria,SY,http://www.guardian.co.uk/world/2013/apr/02/un-approves-global-arms-treaty
20130402,253507141,20130402,IRAN,IRN,SYRIA,SYR,163,금수·보이콧·제재 부과,16,4,-8.0,5,1,5,2.76381909547739,United Kingdom,UK,http://www.nzherald.co.nz/world/news/article.cfm?c_id=2&objectid=10874928&ref=rss
20130402,253507285,20130402,IRAQ,IRQ,AKKA,ISR,190,재래식 군사력 사용,19,4,-10.0,5,1,5,0.847457627118644,"Ramadi, Al Anbar, Iraq",IZ,http://news.xinhuanet.com/english/world/2013-04/02/c_132279441.htm
20130402,253507344,20130402,IRAQI,IRQ,SYRIAN,SYR,190,재래식 군사력 사용,19,4,-10.0,14,2,14,1.43371017471737,"Baghdad, Baghdad, Iraq",IZ,http://www.foxnews.com/world/2013/04/02/iraqi-official-gunmen-attack-gas-field-near-syrian-border-kill-2-iraqis-take-1/?utm_source=feedburner&utm_medium=feed&utm_campaign=Feed%3A+foxnews%2Fworld+%28Internal+-+World+Latest+-+Text%29
20130402,253507345,20130402,IRAQI,IRQ,SYRIAN,SYR,193,소형무기·경무기를 이용한 전투,19,4,-10.0,12,2,12,1.43371017471737,"Baghdad, Baghdad, Iraq",IZ,http://www.foxnews.com/world/2013/04/02/iraqi-official-gunmen-attack-gas-field-near-syrian-border-kill-2-iraqis-take-1/?utm_source=feedburner&utm_medium=feed&utm_campaign=Feed%3A+foxnews%2Fworld+%28Internal+-+World+Latest+-+Text%29
20130402,253507346,20130402,BAGHDAD,IRQ,SYRIA,SYR,193,소형무기·경무기를 이용한 전투,19,4,-10.0,30,3,28,1.45346169376357,Syria,SY,http://www.foxnews.com/world/2013/04/02/iraqi-official-gunmen-attack-gas-field-near-syrian-border-kill-2-iraqis-take-1/?utm_source=feedburner&utm_medium=feed&utm_campaign=Feed%3A+foxnews%2Fworld+%28Internal+-+World+Latest+-+Text%29
20130402,253507347,20130402,IRAQ,IRQ,SYRIA,SYR,193,소형무기·경무기를 이용한 전투,19,4,-10.0,6,3,6,1.2682572585134,"Qaim, NinawáZ, Iraq",IZ,http://timesofindia.indiatimes.com/world/middle-east/Gunmen-raid-4-newspaper-offices-in-Baghdad/articleshow/19345997.cms
20130402,253507348,20130402,IRAQ,IRQ,SYRIA,SYR,193,소형무기·경무기를 이용한 전투,19,4,-10.0,24,3,24,1.2682572585134,Syria,SY,http://timesofindia.indiatimes.com/world/middle-east/Gunmen-raid-4-newspaper-offices-in-Baghdad/articleshow/19345997.cms
20130402,253507835,20130402,ISRAELI,ISR,GAZA,PSE,190,재래식 군사력 사용,19,4,-10.0,2,1,2,1.67364016736402,"Ankara, Ankara, Turkey",TU,http://www.hurriyetdailynews.com/turkish-minister-anatolia-only-feasible-gas-route-for-israel-greek-cyprus.aspx?pageID=238&nID=44164&NewsCatID=348
20130402,253507836,20130402,ISRAELI,ISR,PALESTINIAN,PSE,190,재래식 군사력 사용,19,4,-10.0,6,2,6,1.20370012699011,"Beersheba, HaDarom, Israel",IS,http://www.independent.co.uk/news/world/middle-east/palestinians-clash-with-israeli-authorities-after-cancer-death-of-highprofile-prisoner-refused-early-release-on-health-grounds-8557089.html
20130402,253507837,20130402,ISRAEL,ISR,PALESTINIAN,PSE,190,재래식 군사력 사용,19,4,-10.0,18,1,18,1.11536587063984,"Sderot, HaDarom, Israel",IS,http://www.jpost.com/Defense/Article.aspx?id=308476&R=R9
20130402,253507838,20130402,ISRAELI,ISR,PALESTINIAN,PSE,190,재래식 군사력 사용,19,4,-10.0,2,1,2,1.21875588336268,"Hebron, Israel (general), Israel",IS,http://www.haaretz.com/news/diplomacy-defense/palestinian-prisoners-declare-hunger-strike-after-inmate-dies-of-cancer-in-hospital-1.513026?localLinksEnabled=false
20130402,253507839,20130402,ISRAEL,ISR,PALESTINIAN,PSE,190,재래식 군사력 사용,19,4,-10.0,1,1,1,1.58730158730159,"Damascus, Dimashq, Syria",SY,http://www.haaretz.com/news/haaretz-newsline/back-online-after-passover-catch-up-with-haaretz-1.513104?localLinksEnabled=false
20130402,253507840,20130402,ISRAELI,ISR,PALESTINIAN,PSE,190,재래식 군사력 사용,19,4,-10.0,3,2,3,1.12169312169312,"Hebron, Israel (general), Israel",IS,http://www.maannews.net/eng/ViewDetails.aspx?ID=581488
20130402,253507841,20130402,ISRAEL,ISR,WEST BANK,PSE,190,재래식 군사력 사용,19,4,-10.0,2,1,2,0.875656742556918,"Hebron, Israel (general), Israel",IS,http://www.guardian.co.uk/world/2013/apr/02/palestinian-prisoners-israel-hunger-strike
20130402,253507842,20130402,ISRAEL,ISR,WEST BANK,PSE,190,재래식 군사력 사용,19,4,-10.0,4,1,4,0.875656742556918,West Bank,WE,http://www.guardian.co.uk/world/2013/apr/02/palestinian-prisoners-israel-hunger-strike
20130402,253507843,20130402,ISRAELI,ISR,PALESTINIAN,PSE,190,재래식 군사력 사용,19,4,-10.0,24,2,14,3.81495041166057,"Jerusalem, Israel (general), Israel",IS,http://www.dailystar.com.lb/News/Middle-East/2013/Apr-02/212248-jerusalem-deal-boosts-jordan-in-holy-city-analysts.ashx
20130402,253507844,20130402,ISRAEL,ISR,PALESTINIAN,PSE,190,재래식 군사력 사용,19,4,-10.0,140,9,128,0.524134182307681,"Gaza, Israel (general), Israel",IS,http://www.aljazeera.com/news/middleeast/2013/04/201342224616528324.html
20130402,253507845,20130402,ISRAEL,ISR,PALESTINIAN,PSE,190,재래식 군사력 사용,19,4,-10.0,2,1,2,0.0,Gaza Strip,GZ,"http://www.ynetnews.com/articles/0,7340,L-4363250,00.html"
20130402,253507846,20130402,ISRAELI,ISR,PALESTINIAN,PSE,190,재래식 군사력 사용,19,4,-10.0,4,1,4,0.0,Libya,LY,BBC Monitoring
20130402,253507847,20130402,ISRAEL,ISR,WEST BANK,PSE,190,재래식 군사력 사용,19,4,-10.0,2,1,2,0.875656742556918,"Hebron, Israel (general), Israel",IS,http://www.guardian.co.uk/world/2013/apr/02/palestinian-prisoners-israel-hunger-strike
20130402,253507848,20130402,ISRAEL,ISR,WEST BANK,PSE,192,영토 점령,19,4,-9.5,12,1,12,0.558659217877095,"Gaza, Israel (general), Israel",IS,http://www.cnn.com/2013/04/02/world/meast/gaza-egypt-meshaal/index.html?utm_source=feedburner&utm_medium=feed&utm_campaign=Feed%3A+rss%2Fcnn_latest+%28RSS%3A+Most+Recent%29
20130402,253507849,20130402,JERUSALEM,ISR,WEST BANK,PSE,193,소형무기·경무기를 이용한 전투,19,4,-10.0,10,1,10,0.0,"Jerusalem, Israel (general), Israel",IS,http://www.google.com/hostednews/afp/article/ALeqM5iQLecmTcLNVs2O_MKvWY71y6g-Yw?docId=CNG.55eafb9a5c3d15ee4de7ca02615bb5d2.501
20130402,253507850,20130402,ISRAEL,ISR,GAZA,PSE,193,소형무기·경무기를 이용한 전투,19,4,-10.0,4,1,4,0.628140703517588,"Beit Lahiya, Gaza Strip (general), Gaza Strip",GZ,http://www.haaretz.com/news/diplomacy-defense/israel-launches-first-aerial-strike-on-gaza-since-november-truce-1.513108?localLinksEnabled=false
20130402,253507851,20130402,ISRAELI,ISR,GAZA,PSE,193,소형무기·경무기를 이용한 전투,19,4,-10.0,4,2,4,0.304878048780488,"Gaza, Israel (general), Israel",IS,http://www.bbc.co.uk/news/world-middle-east-22010969#sa-ns_mchannel=rss&ns_source=PublicRSS20-sa
20130402,253507852,20130402,ISRAEL,ISR,GAZA,PSE,193,소형무기·경무기를 이용한 전투,19,4,-10.0,2,1,2,0.0,"Pennsylvania, United States",US,http://www.israelnationalnews.com/News/News.aspx/166704
20130402,253507853,20130402,ISRAEL,ISR,PALESTINIAN,PSE,194,포병·전차를 이용한 전투,19,4,-10.0,12,1,12,1.11536587063984,"Sderot, HaDarom, Israel",IS,http://www.jpost.com/Defense/Article.aspx?id=308476&R=R9
20130402,253507854,20130402,ISRAEL,ISR,GAZA,PSE,194,포병·전차를 이용한 전투,19,4,-10.0,6,1,6,1.03329778409764,"Sderot, HaDarom, Israel",IS,http://www.jpost.com/Defense/Article.aspx?id=308424&R=R9
20130402,253507855,20130402,ISRAELI,ISR,GAZA,PSE,194,포병·전차를 이용한 전투,19,4,-10.0,1,1,1,0.65359477124183,"Hebron, Israel (general), Israel",IS,http://www.startribune.com/world/201019701.html
20130402,253507856,20130402,ISRAEL,ISR,PALESTINIAN,PSE,194,포병·전차를 이용한 전투,19,4,-10.0,116,10,116,0.59937796198038,"Gaza, Israel (general), Israel",IS,http://www.aljazeera.com/news/middleeast/2013/04/201342224616528324.html
20130402,253507857,20130402,ISRAEL,ISR,GAZA,PSE,195,공중무기 사용,19,4,-10.0,14,1,14,1.1177529565053,"Sderot, HaDarom, Israel",IS,http://www.jpost.com/Defense/Hamas-IAF-launched-air-strike-on-Gaza-1st-since-truce-308476
20130402,253507858,20130402,ISRAEL,ISR,GAZA,PSE,195,공중무기 사용,19,4,-10.0,19,3,19,0.872246897276331,"Hebron, Israel (general), Israel",IS,http://www.channelnewsasia.com/news/world/israel-launches-air-strikes-in-gaza/625258.html
20130402,253507859,20130402,ISRAEL,ISR,GAZA,PSE,195,공중무기 사용,19,4,-10.0,30,4,30,0.568320000513441,"Jerusalem, Israel (general), Israel",IS,http://thestar.com.my/news/story.asp?file=/2013/4/3/worldupdates/israel-launches-air-strikes-on-gaza-first-since-truce&sec=Worldupdates
20130402,253507860,20130402,ISRAEL,ISR,GAZA,PSE,195,공중무기 사용,19,4,-10.0,10,1,10,0.609756097560976,"Gaza, Israel (general), Israel",IS,http://www.bbc.co.uk/news/world-middle-east-22010969#sa-ns_mchannel=rss&ns_source=PublicRSS20-sa
20130402,253507861,20130402,ISRAEL,ISR,GAZA,PSE,195,공중무기 사용,19,4,-10.0,97,11,81,0.781189727265414,"Gaza, Israel (general), Israel",IS,http://www.aljazeera.com/news/middleeast/2013/04/201342224616528324.html
20130402,253507862,20130402,ISRAEL,ISR,GAZA,PSE,195,공중무기 사용,19,4,-10.0,14,4,14,0.666109736925107,"Gaza, Israel (general), Israel",IS,http://thestar.com.my/news/story.asp?file=/2013/4/3/worldupdates/israel-launches-air-strikes-on-gaza-first-since-truce&sec=Worldupdates
20130402,253507863,20130402,ISRAEL,ISR,GAZA,PSE,195,공중무기 사용,19,4,-10.0,12,1,12,2.05237404856832,"Hawaii, United States",US,http://www.philippinetimes.com/index.php/sid/213565277/scat/2411cd3571b4f088
20130402,253507864,20130402,ISRAEL,ISR,GAZA,PSE,195,공중무기 사용,19,4,-10.0,5,1,5,0.0,Israel,IS,"http://www.ynetnews.com/articles/0,7340,L-4363250,00.html"
20130402,253507865,20130402,ISRAEL,ISR,WEST BANK,PSE,190,재래식 군사력 사용,19,4,-10.0,10,1,10,3.28571428571429,"Kiryat Arba, West Bank (general), West Bank",WE,http://www.haaretz.com/news/diplomacy-defense/palestinian-convicted-of-murder-in-stone-throwing-attack-on-settler-and-infant-son.premium-1.513124?localLinksEnabled=false
20130402,253507870,20130402,ISRAEL,ISR,PALESTINIAN,PSE,190,재래식 군사력 사용,19,4,-10.0,1,1,1,0.0,Gaza Strip,GZ,"http://www.ynetnews.com/articles/0,7340,L-4363250,00.html"
20130402,253507884,20130402,ISRAEL,ISR,HAMAS,PSE,190,재래식 군사력 사용,19,4,-10.0,2,1,2,1.21875588336268,"Beer Sheva, HaDarom, Israel",IS,http://www.haaretz.com/news/diplomacy-defense/palestinian-prisoners-declare-hunger-strike-after-inmate-dies-of-cancer-in-hospital-1.513026?localLinksEnabled=false
20130402,253507885,20130402,ISRAEL,ISR,HAMAS,PSE,190,재래식 군사력 사용,19,4,-10.0,1,1,1,1.31233595800525,"Hebron, Israel (general), Israel",IS,http://www.haaretz.com/news/diplomacy-defense/palestinian-prisoners-declare-hunger-strike-after-inmate-dies-of-cancer-in-hospital-1.513026
20130402,253507886,20130402,ISRAEL,ISR,HAMAS,PSE,190,재래식 군사력 사용,19,4,-10.0,1,1,1,1.12517580872011,"Hebron, Israel (general), Israel",IS,http://www.haaretz.com/news/diplomacy-defense/palestinian-prisoners-declare-hunger-strike-after-inmate-dies-of-cancer-in-hospital-1.513026?localLinksEnabled=false
20130402,253507887,20130402,ISRAEL,ISR,HAMAS,PSE,195,공중무기 사용,19,4,-10.0,6,2,6,0.866898472780591,"Gaza, Israel (general), Israel",IS,http://in.reuters.com/article/2013/04/02/israel-palestinians-hamas-idINDEE9310EM20130402?feedType=RSS&feedName=worldNews
20130402,253507888,20130402,ISRAEL,ISR,HAMAS,PSE,195,공중무기 사용,19,4,-10.0,17,4,17,0.595815884478351,Gaza Strip,GZ,http://www.guardian.co.uk/world/2013/apr/02/israel-launches-airstrike-gaza-strip
20130402,253507889,20130402,ISRAEL,ISR,HAMAS,PSE,195,공중무기 사용,19,4,-10.0,5,1,5,2.02702702702703,"Hawaii, United States",US,http://www.philippinetimes.com/index.php/sid/213563285/scat/2411cd3571b4f088
20130402,253507891,20130402,ISRAEL,ISR,WEST BANK,PSE,190,재래식 군사력 사용,19,4,-10.0,2,1,2,3.28571428571429,"Ofer, H_efa, Israel",IS,http://www.haaretz.com/news/diplomacy-defense/palestinian-convicted-of-murder-in-stone-throwing-attack-on-settler-and-infant-son.premium-1.513124?localLinksEnabled=false
20130402,253507896,20130402,ISRAEL,ISR,AL JAZEERA,QAT,195,공중무기 사용,19,4,-10.0,4,1,4,1.34529147982063,"Gaza, Israel (general), Israel",IS,http://www.aljazeera.com/news/middleeast/2013/04/201342224616528324.html
20130402,253507935,20130402,ISRAELI,ISR,SYRIA,SYR,190,재래식 군사력 사용,19,4,-10.0,82,6,82,0.947500947777918,"Golan Heights, Syria (general), Syria",SY,http://uk.reuters.com/article/2013/04/02/uk-israel-syria-idUKBRE9310RB20130402?feedType=RSS&feedName=topNews
20130402,253507936,20130402,ISRAEL,ISR,SYRIAN,SYR,190,재래식 군사력 사용,19,4,-10.0,1,1,1,0.628140703517588,"Ashkelon, HaDarom, Israel",IS,http://www.haaretz.com/news/diplomacy-defense/israel-launches-first-aerial-strike-on-gaza-since-november-truce-1.513108?localLinksEnabled=false
20130402,253507937,20130402,ISRAELI,ISR,SYRIA,SYR,190,재래식 군사력 사용,19,4,-10.0,8,1,8,3.6036036036036,"Hawaii, United States",US,http://www.philippinetimes.com/index.php/sid/213562034/scat/2411cd3571b4f088
20130402,253507938,20130402,ISRAELI,ISR,SYRIA,SYR,190,재래식 군사력 사용,19,4,-10.0,4,1,4,3.76862401402279,"Damascus, Dimashq, Syria",SY,http://www.jpost.com/Opinion/Op-EdContributors/Article.aspx?ID=308459&R=R1
20130402,253507939,20130402,ISRAEL,ISR,SYRIAN,SYR,190,재래식 군사력 사용,19,4,-10.0,1,1,1,0.628140703517588,Lebanon,LE,http://www.haaretz.com/news/diplomacy-defense/israel-launches-first-aerial-strike-on-gaza-since-november-truce-1.513108?localLinksEnabled=false
20130402,253507940,20130402,ISRAEL,ISR,SYRIA,SYR,193,소형무기·경무기를 이용한 전투,19,4,-10.0,3,1,3,0.835654596100279,"Golan Heights, Syria (general), Syria",SY,http://uk.reuters.com/article/2013/04/02/uk-israel-syria-idUKBRE9310RB20130402?feedType=RSS&feedName=topNews
20130402,253507941,20130402,JERUSALEM,ISR,SYRIAN,SYR,193,소형무기·경무기를 이용한 전투,19,4,-10.0,20,4,20,1.14437454658053,"Golan Heights, Syria (general), Syria",SY,http://uk.reuters.com/article/2013/04/02/uk-israel-syria-idUKBRE9310RB20130402?feedType=RSS&feedName=topNews
20130402,253507942,20130402,ISRAELI,ISR,SYRIA,SYR,193,소형무기·경무기를 이용한 전투,19,4,-10.0,2,1,2,1.73160173160173,"Hawaii, United States",US,http://www.philippinetimes.com/index.php/sid/213561673/scat/2411cd3571b4f088
20130402,253507943,20130402,ISRAELI,ISR,SYRIAN,SYR,193,소형무기·경무기를 이용한 전투,19,4,-10.0,10,2,10,0.850295074069613,"Golan Heights, Syria (general), Syria",SY,http://www.buenosairesherald.com/article/127738/israeli-troops-return-fire-into-syria
20130402,253507944,20130402,ISRAELI,ISR,SYRIA,SYR,194,포병·전차를 이용한 전투,19,4,-10.0,2,1,2,0.869565217391304,"Golan Heights, Syria (general), Syria",SY,http://www.buenosairesherald.com/article/127738/israeli-troops-return-fire-into-syria
20130402,253507945,20130402,ISRAEL,ISR,SYRIA,SYR,194,포병·전차를 이용한 전투,19,4,-10.0,3,1,3,0.835654596100279,"Jerusalem, Israel (general), Israel",IS,http://uk.reuters.com/article/2013/04/02/uk-israel-syria-idUKBRE9310RB20130402?feedType=RSS&feedName=topNews
20130402,253507946,20130402,ISRAEL,ISR,SYRIA,SYR,194,포병·전차를 이용한 전투,19,4,-10.0,2,1,2,0.831024930747922,"Golan Heights, Syria (general), Syria",SY,http://news.yahoo.com/syria-shell-lands-israeli-occupied-golan-heights-180924232.html
20130402,253507947,20130402,JERUSALEM,ISR,SYRIAN,SYR,194,포병·전차를 이용한 전투,19,4,-10.0,18,3,18,1.03637148326702,"Jerusalem, Israel (general), Israel",IS,http://uk.reuters.com/article/2013/04/02/uk-israel-syria-idUKBRE9310RB20130402?feedType=RSS&feedName=topNews
20130402,253507948,20130402,ISRAEL,ISR,SYRIA,SYR,194,포병·전차를 이용한 전투,19,4,-10.0,10,1,10,0.0,"Golan Heights, Syria (general), Syria",SY,http://www.israelnationalnews.com/News/News.aspx/166705
20130402,253507949,20130402,ISRAELI,ISR,SYRIAN,SYR,194,포병·전차를 이용한 전투,19,4,-10.0,6,2,6,0.850295074069613,Israel,IS,http://www.buenosairesherald.com/article/127738/israeli-troops-return-fire-into-syria
20130402,253507953,20130402,ISRAEL,ISR,SYRIAN,SYR,190,재래식 군사력 사용,19,4,-10.0,6,1,6,0.628140703517588,"Gaza, Israel (general), Israel",IS,http://www.haaretz.com/news/diplomacy-defense/israel-launches-first-aerial-strike-on-gaza-since-november-truce-1.513108?localLinksEnabled=false
20130402,253507983,20130402,ISRAEL,ISR,TURKISH,TUR,190,재래식 군사력 사용,19,4,-10.0,14,1,10,0.0,Libya,LY,BBC Monitoring
20130402,253507986,20130402,ISRAEL,ISR,TURKISH,TUR,190,재래식 군사력 사용,19,4,-10.0,6,1,6,0.0,Libya,LY,BBC Monitoring
20130402,253508041,20130402,ISRAEL,ISR,PALESTINIAN,PSE,190,재래식 군사력 사용,19,4,-10.0,4,1,4,1.21875588336268,"Beer Sheva, HaDarom, Israel",IS,http://www.haaretz.com/news/diplomacy-defense/palestinian-prisoners-declare-hunger-strike-after-inmate-dies-of-cancer-in-hospital-1.513026?localLinksEnabled=false
20130402,253508042,20130402,ISRAELI,ISR,PALESTINIAN,PSE,190,재래식 군사력 사용,19,4,-10.0,2,1,2,1.21875588336268,"Hebron, Israel (general), Israel",IS,http://www.haaretz.com/news/diplomacy-defense/palestinian-prisoners-declare-hunger-strike-after-inmate-dies-of-cancer-in-hospital-1.513026?localLinksEnabled=false
20130402,253508043,20130402,ISRAELI,ISR,PALESTINIAN,PSE,190,재래식 군사력 사용,19,4,-10.0,6,1,6,1.21951219512195,"Jerusalem, Israel (general), Israel",IS,http://www.israelnationalnews.com/News/News.aspx/166711
20130402,253508090,20130402,ISRAELI,ISR,GAZA,PSE,190,재래식 군사력 사용,19,4,-10.0,1,1,1,1.67364016736402,"Anatolia, Turkey (general), Turkey",TU,http://www.hurriyetdailynews.com/turkish-minister-anatolia-only-feasible-gas-route-for-israel-greek-cyprus.aspx?pageID=238&nID=44164&NewsCatID=348
20130402,253508091,20130402,ISRAELI,ISR,PALESTINIAN,PSE,190,재래식 군사력 사용,19,4,-10.0,6,1,6,1.19617224880383,"Beersheba, HaDarom, Israel",IS,http://www.independent.co.uk/news/world/middle-east/palestinians-clash-with-israeli-authorities-after-cancer-death-of-highprofile-prisoner-refused-early-release-on-health-grounds-8557089.html
20130402,253508092,20130402,ISRAELI,ISR,GAZA,PSE,190,재래식 군사력 사용,19,4,-10.0,1,1,1,1.67364016736402,"Gaza, Israel (general), Israel",IS,http://www.hurriyetdailynews.com/turkish-minister-anatolia-only-feasible-gas-route-for-israel-greek-cyprus.aspx?pageID=238&nID=44164&NewsCatID=348
20130402,253508093,20130402,ISRAELI,ISR,PALESTINIAN,PSE,190,재래식 군사력 사용,19,4,-10.0,6,1,6,0.0,Libya,LY,BBC Monitoring
20130402,253508157,20130402,ISRAEL,ISR,GAZA,PSE,190,재래식 군사력 사용,19,4,-10.0,10,1,10,0.628140703517588,"Damascus, Dimashq, Syria",SY,http://www.haaretz.com/news/diplomacy-defense/israel-launches-first-aerial-strike-on-gaza-since-november-truce-1.513108?localLinksEnabled=false
20130402,253508164,20130402,ISRAELI,ISR,SYRIAN,SYR,193,소형무기·경무기를 이용한 전투,19,4,-10.0,3,1,3,1.73160173160173,"Hawaii, United States",US,http://www.philippinetimes.com/index.php/sid/213561673/scat/2411cd3571b4f088
20130402,253515297,20130402,PALESTINIAN,PSE,ISRAELI,ISR,190,재래식 군사력 사용,19,4,-10.0,2,1,2,1.21875588336268,"Beer Sheva, HaDarom, Israel",IS,http://www.haaretz.com/news/diplomacy-defense/palestinian-prisoners-declare-hunger-strike-after-inmate-dies-of-cancer-in-hospital-1.513026?localLinksEnabled=false
20130402,253515298,20130402,PALESTINIAN,PSE,ISRAELI,ISR,190,재래식 군사력 사용,19,4,-10.0,2,1,2,1.21875588336268,"Hebron, Israel (general), Israel",IS,http://www.haaretz.com/news/diplomacy-defense/palestinian-prisoners-declare-hunger-strike-after-inmate-dies-of-cancer-in-hospital-1.513026?localLinksEnabled=false
20130402,253515299,20130402,PALESTINIAN,PSE,ISRAEL,ISR,190,재래식 군사력 사용,19,4,-10.0,1,1,1,1.58730158730159,"Damascus, Dimashq, Syria",SY,http://www.haaretz.com/news/haaretz-newsline/back-online-after-passover-catch-up-with-haaretz-1.513104?localLinksEnabled=false
20130402,253515300,20130402,PALESTINIAN,PSE,ISRAELI,ISR,190,재래식 군사력 사용,19,4,-10.0,7,3,7,1.16425262289924,"Hebron, Israel (general), Israel",IS,http://www.maannews.net/eng/ViewDetails.aspx?ID=581488
20130402,253515301,20130402,PALESTINIAN,PSE,ISRAELI,ISR,190,재래식 군사력 사용,19,4,-10.0,18,1,10,4.33403805496829,"Jerusalem, Israel (general), Israel",IS,http://www.dailystar.com.lb/News/Middle-East/2013/Apr-02/212248-jerusalem-deal-boosts-jordan-in-holy-city-analysts.ashx
20130402,253515302,20130402,PALESTINIAN,PSE,ISRAELI,ISR,190,재래식 군사력 사용,19,4,-10.0,2,1,2,4.33403805496829,"Amman, (JO11), Jordan",JO,http://www.dailystar.com.lb/News/Middle-East/2013/Apr-02/212248-jerusalem-deal-boosts-jordan-in-holy-city-analysts.ashx
20130402,253515303,20130402,WEST BANK,PSE,ISRAEL,ISR,190,재래식 군사력 사용,19,4,-10.0,8,1,8,0.875656742556918,"Gaza, Israel (general), Israel",IS,http://www.guardian.co.uk/world/2013/apr/02/palestinian-prisoners-israel-hunger-strike
20130402,253515304,20130402,GAZA,PSE,ISRAEL,ISR,190,재래식 군사력 사용,19,4,-10.0,5,1,5,0.0,Gaza Strip,GZ,"http://www.ynetnews.com/articles/0,7340,L-4363250,00.html"
20130402,253515305,20130402,PALESTINIAN,PSE,ISRAELI,ISR,190,재래식 군사력 사용,19,4,-10.0,4,1,4,0.0,Libya,LY,BBC Monitoring
20130402,253515306,20130402,PALESTINIAN,PSE,ISRAEL,ISR,192,영토 점령,19,4,-9.5,18,1,18,0.558659217877095,"Gaza, Israel (general), Israel",IS,http://www.cnn.com/2013/04/02/world/meast/gaza-egypt-meshaal/index.html?utm_source=feedburner&utm_medium=feed&utm_campaign=Feed%3A+rss%2Fcnn_latest+%28RSS%3A+Most+Recent%29
20130402,253515307,20130402,PALESTINIAN,PSE,ISRAEL,ISR,193,소형무기·경무기를 이용한 전투,19,4,-10.0,15,3,15,0.95712661337222,"Hebron, Israel (general), Israel",IS,http://www.news.com.au/breaking-news/world/gaza-militants-fire-on-israel-after-death/story-e6frfkui-1226611338640
20130402,253515308,20130402,GAZA,PSE,NEGEV,ISR,193,소형무기·경무기를 이용한 전투,19,4,-10.0,4,1,4,0.628140703517588,"Beit Lahiya, Gaza Strip (general), Gaza Strip",GZ,http://www.haaretz.com/news/diplomacy-defense/israel-launches-first-aerial-strike-on-gaza-since-november-truce-1.513108?localLinksEnabled=false
20130402,253515309,20130402,GAZA,PSE,NEGEV,ISR,193,소형무기·경무기를 이용한 전투,19,4,-10.0,6,1,6,0.628140703517588,"Beit Lahiya, Gaza Strip (general), Gaza Strip",GZ,http://www.haaretz.com/news/diplomacy-defense/israel-launches-first-aerial-strike-on-gaza-since-november-truce-1.513108?localLinksEnabled=false
20130402,253515310,20130402,PALESTINIAN,PSE,ISRAEL,ISR,193,소형무기·경무기를 이용한 전투,19,4,-10.0,38,6,32,0.951520137088602,"Gaza, Israel (general), Israel",IS,http://www.channelnewsasia.com/news/world/israel-launches-air-strikes-in-gaza/625258.html
20130402,253515311,20130402,PALESTINIAN,PSE,ISRAEL,ISR,193,소형무기·경무기를 이용한 전투,19,4,-10.0,8,1,8,0.0,Libya,LY,BBC Monitoring
20130402,253515312,20130402,GAZA,PSE,ISRAELI,ISR,194,포병·전차를 이용한 전투,19,4,-10.0,10,1,10,1.33333333333333,"Sderot, HaDarom, Israel",IS,"http://www.ynetnews.com/articles/0,7340,L-4363076,00.html"
20130402,253515313,20130402,GAZA,PSE,TEL AVIV,ISR,194,포병·전차를 이용한 전투,19,4,-10.0,1,1,1,2.63713080168776,"Tel Aviv, Tel Aviv, Israel",IS,http://www.jewishpress.com/news/breaking-news/idf-to-protect-israeli-gas-fields/2013/04/02/
20130402,253515314,20130402,PALESTINIAN,PSE,ISRAEL,ISR,194,포병·전차를 이용한 전투,19,4,-10.0,6,1,6,0.609756097560976,"Gaza, Israel (general), Israel",IS,http://www.bbc.co.uk/news/world-middle-east-22010969#sa-ns_mchannel=rss&ns_source=PublicRSS20-sa
20130402,253515315,20130402,PALESTINIAN,PSE,ISRAEL,ISR,195,공중무기 사용,19,4,-10.0,4,1,4,1.1070110701107,"Sderot, HaDarom, Israel",IS,http://www.jpost.com/Defense/Article.aspx?id=308476&R=R9
20130402,253515319,20130402,PALESTINIAN,PSE,ISRAEL,ISR,190,재래식 군사력 사용,19,4,-10.0,4,1,4,1.21875588336268,"Beer Sheva, HaDarom, Israel",IS,http://www.haaretz.com/news/diplomacy-defense/palestinian-prisoners-declare-hunger-strike-after-inmate-dies-of-cancer-in-hospital-1.513026?localLinksEnabled=false
20130402,253515320,20130402,PALESTINIAN,PSE,ISRAELI,ISR,190,재래식 군사력 사용,19,4,-10.0,2,1,2,1.21875588336268,"Hebron, Israel (general), Israel",IS,http://www.haaretz.com/news/diplomacy-defense/palestinian-prisoners-declare-hunger-strike-after-inmate-dies-of-cancer-in-hospital-1.513026?localLinksEnabled=false
20130402,253515326,20130402,PALESTINIAN,PSE,ISRAELI,ISR,190,재래식 군사력 사용,19,4,-10.0,6,1,6,1.19617224880383,"Hebron, Israel (general), Israel",IS,http://www.independent.co.uk/news/world/middle-east/palestinians-clash-with-israeli-authorities-after-cancer-death-of-highprofile-prisoner-refused-early-release-on-health-grounds-8557089.html
20130402,253515327,20130402,PALESTINIAN,PSE,ISRAELI,ISR,190,재래식 군사력 사용,19,4,-10.0,6,1,6,0.0,Libya,LY,BBC Monitoring
20130402,253515332,20130402,PALESTINIAN,PSE,ISRAEL,ISR,193,소형무기·경무기를 이용한 전투,19,4,-10.0,2,1,2,0.0,"Gaza, Israel (general), Israel",IS,"http://www.ynetnews.com/articles/0,7340,L-4363237,00.html"
20130402,253515391,20130402,PALESTINIAN,PSE,ISRAEL,ISR,190,재래식 군사력 사용,19,4,-10.0,9,1,9,0.57273768613975,"Ofer, H_efa, Israel",IS,"http://www.ynetnews.com/articles/0,7340,L-4363168,00.html"
20130402,253515458,20130402,HAMAS,PSE,JERUSALEM,ISR,138,군사력 사용 위협,13,3,-7.0,4,1,4,0.373831775700935,"Jerusalem, Israel (general), Israel",IS,"http://www.ynetnews.com/articles/0,7340,L-4362931,00.html"
20130402,253515460,20130402,HAMAS,PSE,ISRAEL,ISR,190,재래식 군사력 사용,19,4,-10.0,2,1,2,1.21875588336268,"Beer Sheva, HaDarom, Israel",IS,http://www.haaretz.com/news/diplomacy-defense/palestinian-prisoners-declare-hunger-strike-after-inmate-dies-of-cancer-in-hospital-1.513026?localLinksEnabled=false
20130402,253515461,20130402,HAMAS,PSE,ISRAEL,ISR,190,재래식 군사력 사용,19,4,-10.0,1,1,1,1.31233595800525,"Hebron, Israel (general), Israel",IS,http://www.haaretz.com/news/diplomacy-defense/palestinian-prisoners-declare-hunger-strike-after-inmate-dies-of-cancer-in-hospital-1.513026
20130402,253515462,20130402,HAMAS,PSE,ISRAEL,ISR,190,재래식 군사력 사용,19,4,-10.0,1,1,1,1.12517580872011,"Hebron, Israel (general), Israel",IS,http://www.haaretz.com/news/diplomacy-defense/palestinian-prisoners-declare-hunger-strike-after-inmate-dies-of-cancer-in-hospital-1.513026?localLinksEnabled=false
20130402,253515463,20130402,HAMAS,PSE,ISRAEL,ISR,195,공중무기 사용,19,4,-10.0,2,1,2,1.14942528735632,"Hebron, Israel (general), Israel",IS,http://www.telegraph.co.uk/news/worldnews/middleeast/israel/9968130/Israel-launches-airstrike-on-Gaza.html
20130402,253515464,20130402,HAMAS,PSE,ISRAEL,ISR,195,공중무기 사용,19,4,-10.0,4,1,4,0.0,"Gaza, Israel (general), Israel",IS,http://www.trust.org/alertnet/news/hamas-says-israel-launched-air-strike-on-gaza-first-since-truce
20130402,253515486,20130402,HAMAS,PSE,ISRAEL,ISR,195,공중무기 사용,19,4,-10.0,38,9,38,0.685302753366641,"Gaza, Israel (general), Israel",IS,http://thestar.com.my/news/story.asp?file=/2013/4/3/worldupdates/israel-launches-air-strikes-on-gaza-first-since-truce&sec=Worldupdates
20130402,253515500,20130402,GAZA,PSE,NEGEV DESERT,ISR,193,소형무기·경무기를 이용한 전투,19,4,-10.0,4,1,4,0.609756097560976,"Gaza, Israel (general), Israel",IS,http://www.bbc.co.uk/news/world-middle-east-22010969#sa-ns_mchannel=rss&ns_source=PublicRSS20-sa
20130402,253517232,20130402,SYRIAN,SYR,IRAN,IRN,190,재래식 군사력 사용,19,4,-10.0,8,1,8,3.15024232633279,Syria,SY,http://nation.time.com/2013/04/02/scoring-our-four-iraq-wars/
20130402,253517233,20130402,SYRIAN,SYR,IRAN,IRN,190,재래식 군사력 사용,19,4,-10.0,2,1,2,3.15024232633279,Syria,SY,http://nation.time.com/2013/04/02/scoring-our-four-iraq-wars/
20130402,253517243,20130402,SYRIA,SYR,IRAQ,IRQ,190,재래식 군사력 사용,19,4,-10.0,5,4,5,1.33280748313725,Iraq,IZ,http://www.adelaidenow.com.au/news/breaking-news/syrian-forces-hit-rebel-areas-of-damascus/story-e6frea7u-1226611815947?from=public_rss
20130402,253517244,20130402,SYRIA,SYR,IRAQ,IRQ,190,재래식 군사력 사용,19,4,-10.0,1,1,1,1.6793893129771,"Damascus, Dimashq, Syria",SY,http://abcnews.go.com/International/wireStory/syrian-forces-pound-rebel-held-areas-damascus-18864293
20130402,253517245,20130402,SYRIA,SYR,IRAQ,IRQ,190,재래식 군사력 사용,19,4,-10.0,2,2,2,1.26908246114052,Iraq,IZ,http://www.google.com/hostednews/ap/article/ALeqM5gOpcyvu6f7Rs1zbJFZkta2WtWt-g?docId=1e2b50d46afb46f58e7c7b6d41fa77b7
20130402,253517255,20130402,SYRIAN,SYR,ISRAEL,ISR,190,재래식 군사력 사용,19,4,-10.0,1,1,1,0.628140703517588,"Ashkelon, HaDarom, Israel",IS,http://www.haaretz.com/news/diplomacy-defense/israel-launches-first-aerial-strike-on-gaza-since-november-truce-1.513108?localLinksEnabled=false
20130402,253517256,20130402,SYRIAN,SYR,ISRAEL,ISR,190,재래식 군사력 사용,19,4,-10.0,1,1,1,0.628140703517588,Lebanon,LE,http://www.haaretz.com/news/diplomacy-defense/israel-launches-first-aerial-strike-on-gaza-since-november-truce-1.513108?localLinksEnabled=false
20130402,253517257,20130402,SYRIAN,SYR,ISRAEL,ISR,193,소형무기·경무기를 이용한 전투,19,4,-10.0,8,1,8,0.51150895140665,"Golan Heights, Syria (general), Syria",SY,"http://www.ynetnews.com/articles/0,7340,L-4363193,00.html"
20130402,253517258,20130402,SYRIAN,SYR,ISRAEL,ISR,193,소형무기·경무기를 이용한 전투,19,4,-10.0,2,1,2,2.11640211640212,"Golan Heights, Syria (general), Syria",SY,http://www.dailystar.com.lb/News/Middle-East/2013/Apr-02/212332-syria-shell-lands-in-israeli-occupied-golan-heights.ashx
20130402,253517259,20130402,SYRIA,SYR,ISRAEL,ISR,193,소형무기·경무기를 이용한 전투,19,4,-10.0,16,1,16,0.514436016638121,"Aleppo, ?alab, Syria",SY,http://www.jpost.com/Defense/Article.aspx?id=308448&R=R9
20130402,253517260,20130402,SYRIA,SYR,ISRAELI,ISR,193,소형무기·경무기를 이용한 전투,19,4,-10.0,3,1,3,1.73160173160173,"Hawaii, United States",US,http://www.philippinetimes.com/index.php/sid/213561673/scat/2411cd3571b4f088
20130402,253517261,20130402,SYRIA,SYR,ISRAELI,ISR,194,포병·전차를 이용한 전투,19,4,-10.0,12,3,12,2.75400703530085,"Gaza, Israel (general), Israel",IS,http://www.buenosairesherald.com/article/127729/palestinian-hamas-islamists-reelect-meshaal-as-leader
20130402,253517262,20130402,SYRIA,SYR,ISRAELI,ISR,194,포병·전차를 이용한 전투,19,4,-10.0,1,1,1,2.90791599353796,"Damascus, Dimashq, Syria",SY,http://thestar.com.my/news/story.asp?file=/2013/4/2/worldupdates/palestinian-hamas-islamists-reelect-meshaal-as-leader&sec=Worldupdates
20130402,253517263,20130402,SYRIA,SYR,ISRAELI,ISR,194,포병·전차를 이용한 전투,19,4,-10.0,1,1,1,2.61437908496732,"Gaza, Israel (general), Israel",IS,http://www.trust.org/alertnet/news/palestinian-hamas-islamists-re-elect-meshaal-as-leader
20130402,253517264,20130402,SYRIA,SYR,ISRAELI,ISR,194,포병·전차를 이용한 전투,19,4,-10.0,1,1,1,2.73972602739726,Gaza Strip,GZ,http://www.buenosairesherald.com/article/127729/palestinian-hamas-islamists-reelect-meshaal-as-leader
20130402,253517271,20130402,SYRIAN,SYR,ISRAELI,ISR,193,소형무기·경무기를 이용한 전투,19,4,-10.0,10,1,10,0.373134328358209,"Golan Heights, Syria (general), Syria",SY,http://www.jpost.com/Defense/Article.aspx?ID=308448&R=R1
20130402,253517276,20130402,SYRIAN,SYR,JORDAN,JOR,192,영토 점령,19,4,-9.5,7,1,7,0.0,Libya,LY,BBC Monitoring
20130402,253517296,20130402,SYRIAN,SYR,LEBANON,LBN,192,영토 점령,19,4,-9.5,4,1,4,1.73913043478261,"Barelias, Béa, Lebanon",LE,http://www.bbc.co.uk/news/world-middle-east-21999480#sa-ns_mchannel=rss&ns_source=PublicRSS20-sa
20130402,253517448,20130402,SYRIAN,SYR,ISRAEL,ISR,190,재래식 군사력 사용,19,4,-10.0,6,1,6,0.628140703517588,"Gaza, Israel (general), Israel",IS,http://www.haaretz.com/news/diplomacy-defense/israel-launches-first-aerial-strike-on-gaza-since-november-truce-1.513108?localLinksEnabled=false
20130402,253517455,20130402,SYRIAN,SYR,LEBANON,LBN,192,영토 점령,19,4,-9.5,6,1,6,1.73913043478261,Syria,SY,http://www.bbc.co.uk/news/world-middle-east-21999480#sa-ns_mchannel=rss&ns_source=PublicRSS20-sa
20130402,253517819,20130402,TURK,TUR,SYRIA,SYR,190,재래식 군사력 사용,19,4,-10.0,4,1,4,3.76862401402279,"Damascus, Dimashq, Syria",SY,http://www.jpost.com/Opinion/Op-EdContributors/Article.aspx?ID=308459&R=R1
20130403,253526098,20130402,ISRAEL,ISR,GAZA,PSE,194,포병·전차를 이용한 전투,19,4,-10.0,4,2,4,1.38175702571451,"Sderot, HaDarom, Israel",IS,http://www.csmonitor.com/World/terrorism-security/2013/0403/Palestinian-prisoners-go-on-hunger-strike-en-masse-to-protest-inmate-s-death?utm_source=feedburner&utm_medium=feed&utm_campaign=Feed%3A+TerrorismSecurity+%28Christian+Science+Monitor+%7C+Terroris
20130403,253526208,20130402,HAMAS,PSE,NEGEV,ISR,194,포병·전차를 이용한 전투,19,4,-10.0,10,1,10,4.05138339920949,Israel,IS,http://www.jpost.com/Opinion/Columnists/Article.aspx?ID=308578&R=R1
20130403,253539391,20130403,EGYPT,EGY,ISRAEL,ISR,190,재래식 군사력 사용,19,4,-10.0,2,1,2,1.42857142857143,Israel,IS,"http://www.ynetnews.com/articles/0,7340,L-4363598,00.html"
20130403,253539392,20130403,EGYPT,EGY,ISRAEL,ISR,190,재래식 군사력 사용,19,4,-10.0,4,2,4,0.914634146341463,"Gaza, Israel (general), Israel",IS,http://www.seattlepi.com/news/world/article/Palestinian-protester-killed-by-Israeli-army-fire-4404985.php
20130403,253539393,20130403,EGYPT,EGY,ISRAELI,ISR,190,재래식 군사력 사용,19,4,-10.0,176,12,176,1.18370264603188,"Gaza, Israel (general), Israel",IS,http://www.seattlepi.com/news/world/article/Palestinian-protester-killed-by-Israeli-army-fire-4404985.php
20130403,253539542,20130403,EGYPTIAN,EGY,HAMAS,PSE,190,재래식 군사력 사용,19,4,-10.0,3,1,3,1.42857142857143,"Rafah, Shamal Sina', Egypt",EG,"http://www.ynetnews.com/articles/0,7340,L-4363598,00.html"
20130403,253545587,20130403,IRAN,IRN,IRAQ,IRQ,190,재래식 군사력 사용,19,4,-10.0,8,1,8,0.0,"Al-Qaidah, Libya (general), Libya",LY,BBC Monitoring
20130403,253545588,20130403,IRAN,IRN,IRAQ,IRQ,190,재래식 군사력 사용,19,4,-10.0,2,1,2,0.0,"Al-Qaidah, Libya (general), Libya",LY,BBC Monitoring
20130403,253545670,20130403,IRAN,IRN,SYRIA,SYR,163,금수·보이콧·제재 부과,16,4,-8.0,15,3,15,1.86973628589081,"West Virginia, United States",US,http://news.yahoo.com/prospects-arms-treaty-dead-senate-214141088--politics.html
20130403,253545820,20130403,IRAQ,IRQ,IRAN,IRN,190,재래식 군사력 사용,19,4,-10.0,8,1,8,0.0,"Al-Qaidah, Libya (general), Libya",LY,BBC Monitoring
20130403,253545821,20130403,IRAQ,IRQ,IRAN,IRN,190,재래식 군사력 사용,19,4,-10.0,2,1,2,0.0,"Al-Qaidah, Libya (general), Libya",LY,BBC Monitoring
20130403,253546352,20130403,ISRAEL,ISR,PALESTINIAN,PSE,138,군사력 사용 위협,13,3,-7.0,4,2,4,1.67504657583444,"Gaza, Israel (general), Israel",IS,http://www.philippinetimes.com/index.php/sid/213586416/scat/2411cd3571b4f088
20130403,253546370,20130403,ISRAELI,ISR,WEST BANK,PSE,190,재래식 군사력 사용,19,4,-10.0,2,2,2,0.914634146341463,"Golan Heights, Syria (general), Syria",SY,http://www.seattlepi.com/news/world/article/Palestinian-protester-killed-by-Israeli-army-fire-4404985.php
20130403,253546371,20130403,ISRAEL,ISR,GAZA,PSE,190,재래식 군사력 사용,19,4,-10.0,1,1,1,2.35849056603774,"Oslo, Oslo, Norway",NO,http://www.israelnationalnews.com/News/News.aspx/166739
20130403,253546372,20130403,ISRAEL,ISR,GAZA,PSE,190,재래식 군사력 사용,19,4,-10.0,1,1,1,2.31660231660232,"Ankara, Ankara, Turkey",TU,"http://www.ynetnews.com/articles/0,7340,L-4363410,00.html"
20130403,253546373,20130403,ISRAELI,ISR,GAZA,PSE,190,재래식 군사력 사용,19,4,-10.0,4,1,4,1.78136207818971,"Ankara, Ankara, Turkey",TU,http://www.turkishweekly.net/news/148608/turkish-minister-anatolia-only-feasible-gas-route-for-israel-greek-cyprus.html
20130403,253546374,20130403,ISRAELI,ISR,WEST BANK,PSE,190,재래식 군사력 사용,19,4,-10.0,2,2,2,0.914634146341463,"Golan Heights, Syria (general), Syria",SY,http://www.seattlepi.com/news/world/article/Palestinian-protester-killed-by-Israeli-army-fire-4404985.php
20130403,253546375,20130403,ISRAEL,ISR,PALESTINIAN,PSE,190,재래식 군사력 사용,19,4,-10.0,18,1,18,0.753379418939241,"Sderot, HaDarom, Israel",IS,http://www.jpost.com/Defense/Article.aspx?id=308509&R=R9
20130403,253546376,20130403,ISRAEL,ISR,PALESTINIAN,PSE,190,재래식 군사력 사용,19,4,-10.0,16,1,16,0.714285714285714,"Hebron, Israel (general), Israel",IS,http://www.jpost.com/NationalNews/Article.aspx?id=308513&R=R2
20130403,253546377,20130403,ISRAEL,ISR,PALESTINIAN,PSE,190,재래식 군사력 사용,19,4,-10.0,2,1,2,1.15163147792706,"Tulkarem, West Bank (general), West Bank",WE,http://www.jpost.com/DiplomacyAndPolitics/Article.aspx?id=308589&R=R9
20130403,253546378,20130403,ISRAEL,ISR,WEST BANK,PSE,190,재래식 군사력 사용,19,4,-10.0,6,1,6,0.826446280991736,"Hebron, Israel (general), Israel",IS,http://en.trend.az/regions/met/palestine/2135264.html
20130403,253546379,20130403,ISRAEL,ISR,WEST BANK,PSE,190,재래식 군사력 사용,19,4,-10.0,9,2,9,1.09811667273074,"Hebron, Israel (general), Israel",IS,http://en.trend.az/regions/met/palestine/2135264.html
20130403,253546380,20130403,ISRAEL,ISR,WEST BANK,PSE,190,재래식 군사력 사용,19,4,-10.0,1,1,1,0.826446280991736,"Tulkarm, West Bank (general), West Bank",WE,http://en.trend.az/regions/met/palestine/2135264.html
20130403,253546381,20130403,ISRAEL,ISR,WEST BANK,PSE,190,재래식 군사력 사용,19,4,-10.0,6,1,6,1.15163147792706,"Hebron, Israel (general), Israel",IS,http://www.jpost.com/DiplomacyAndPolitics/Article.aspx?id=308589&R=R9
20130403,253546382,20130403,ISRAEL,ISR,WEST BANK,PSE,190,재래식 군사력 사용,19,4,-10.0,4,1,4,1.15163147792706,"Red Crescent, West Bank (general), West Bank",WE,http://www.jpost.com/DiplomacyAndPolitics/Article.aspx?id=308589&R=R9
20130403,253546383,20130403,JERUSALEM,ISR,WEST BANK,PSE,190,재래식 군사력 사용,19,4,-10.0,12,4,12,1.15621303571585,"Jerusalem, Israel (general), Israel",IS,http://www.asiaone.com/News/Latest+News/World/Story/A1Story20130404-413456.html
20130403,253546384,20130403,ISRAEL,ISR,GAZA,PSE,190,재래식 군사력 사용,19,4,-10.0,31,7,31,0.766502053837643,"Jerusalem, Israel (general), Israel",IS,http://www.foxnews.com/world/2013/04/03/israel-says-it-will-not-let-gaza-rockets-continue-after-new-attacks/?utm_source=feedburner&utm_medium=feed&utm_campaign=Feed%3A+foxnews%2Fmost-popular+%28Internal+-+Most+Popular+Content%29
20130403,253546385,20130403,ISRAEL,ISR,WEST BANK,PSE,190,재래식 군사력 사용,19,4,-10.0,4,1,4,1.13207547169811,"Red Crescent, West Bank (general), West Bank",WE,http://www.jpost.com/DiplomacyAndPolitics/Article.aspx?ID=308589&R=R1
20130403,253546386,20130403,JERUSALEM,ISR,WEST BANK,PSE,190,재래식 군사력 사용,19,4,-10.0,29,2,29,0.629488734874244,West Bank,WE,http://edition.cnn.com/2013/04/02/world/meast/palestinian-prisoner-cancer-death/index.html
20130403,253546387,20130403,ISRAEL,ISR,GAZA,PSE,190,재래식 군사력 사용,19,4,-10.0,3,2,3,2.60736796774067,"Ankara, Ankara, Turkey",TU,http://www.trust.org/alertnet/news/us-secretary-of-state-kerry-to-visit-turkey
20130403,253546388,20130403,ISRAEL,ISR,GAZA,PSE,190,재래식 군사력 사용,19,4,-10.0,262,34,260,1.18094602878212,"Gaza, Israel (general), Israel",IS,http://in.reuters.com/article/2013/04/03/israel-palestinians-idINDEE9320GR20130403?feedType=RSS&feedName=worldNews
20130403,253546389,20130403,ISRAEL,ISR,GAZA,PSE,190,재래식 군사력 사용,19,4,-10.0,10,5,10,2.38433855103562,"Ankara, Ankara, Turkey",TU,http://www.trust.org/alertnet/news/us-secretary-of-state-kerry-to-visit-turkey
20130403,253546390,20130403,ISRAEL,ISR,PALESTINIAN,PSE,190,재래식 군사력 사용,19,4,-10.0,1,1,1,0.0,France,FR,BBC Monitoring
20130403,253546391,20130403,ISRAEL,ISR,GAZA,PSE,190,재래식 군사력 사용,19,4,-10.0,17,8,17,1.20966287892091,Egypt,EG,http://www.trust.org/alertnet/news/hostilities-flare-along-israeli-gaza-border
20130403,253546392,20130403,ISRAEL,ISR,PALESTINIAN,PSE,190,재래식 군사력 사용,19,4,-10.0,1,1,1,0.0,France,FR,BBC Monitoring
20130403,253546393,20130403,ISRAEL,ISR,PALESTINIAN,PSE,190,재래식 군사력 사용,19,4,-10.0,2,1,2,0.245098039215686,Guam,GQ,http://www.dw.de/israeli-forces-kill-teenage-palestinian-protester-in-west-bank/a-16718493?maca=en-rss-en-top-1022-rdf
20130403,253546394,20130403,JERUSALEM,ISR,WEST BANK,PSE,190,재래식 군사력 사용,19,4,-10.0,12,4,12,1.15621303571585,Gaza Strip,GZ,http://www.asiaone.com/News/Latest+News/World/Story/A1Story20130404-413456.html
20130403,253546395,20130403,ISRAEL,ISR,GAZA,PSE,190,재래식 군사력 사용,19,4,-10.0,4,1,4,2.20588235294118,"Hawaii, United States",US,http://www.philippinetimes.com/index.php/sid/213577292/scat/2411cd3571b4f088
20130403,253546396,20130403,ISRAEL,ISR,PALESTINIAN,PSE,190,재래식 군사력 사용,19,4,-10.0,20,2,20,0.260869565217391,Israel,IS,http://thestar.com.my/news/story.asp?file=/2013/4/4/worldupdates/israel-kills-palestinian-teenager-in-west-bank-confrontation-medics&sec=Worldupdates
20130403,253546397,20130403,ISRAEL,ISR,GAZA,PSE,190,재래식 군사력 사용,19,4,-10.0,1,1,1,1.22699386503067,Turkey,TU,http://www.voanews.com/content/us-secretary-of-state-kerry-turkey-israel/1634082.html
20130403,253546398,20130403,ISRAEL,ISR,WEST BANK,PSE,190,재래식 군사력 사용,19,4,-10.0,8,1,8,0.760632221306379,West Bank,WE,http://edition.cnn.com/2013/04/02/world/meast/palestinian-prisoner-cancer-death/index.html
20130403,253546399,20130403,ISRAELI,ISR,PALESTINIAN,PSE,193,소형무기·경무기를 이용한 전투,19,4,-10.0,2,1,2,1.35135135135135,"Hebron, Israel (general), Israel",IS,http://www.bbc.co.uk/news/world-middle-east-22020736#sa-ns_mchannel=rss&ns_source=PublicRSS20-sa
20130403,253546400,20130403,ISRAELI,ISR,PALESTINIAN,PSE,193,소형무기·경무기를 이용한 전투,19,4,-10.0,2,1,2,0.802139037433155,"Ramallah, West Bank (general), West Bank",WE,http://www.asiaone.com/News/Latest+News/World/Story/A1Story20130404-413456.html
20130403,253546401,20130403,ISRAEL,ISR,WEST BANK,PSE,193,소형무기·경무기를 이용한 전투,19,4,-10.0,5,1,5,0.994318181818182,"Tulkarm, West Bank (general), West Bank",WE,http://www.washingtonpost.com/world/middle_east/violence-reignites-along-israel-gaza-border-after-palestinian-prisoners-death/2013/04/03/e62d8f44-9c88-11e2-9bda-edd1a7fb557d_story.html?wprss=rss_world
20130403,253546402,20130403,ISRAELI,ISR,WEST BANK,PSE,193,소형무기·경무기를 이용한 전투,19,4,-10.0,1,1,1,0.994318181818182,"Gaza, Israel (general), Israel",IS,http://www.washingtonpost.com/world/middle_east/violence-reignites-along-israel-gaza-border-after-palestinian-prisoners-death/2013/04/03/e62d8f44-9c88-11e2-9bda-edd1a7fb557d_story.html?wprss=rss_world
20130403,253546403,20130403,ISRAELI,ISR,PALESTINIAN,PSE,193,소형무기·경무기를 이용한 전투,19,4,-10.0,11,3,11,0.998170694303523,"Gaza, Israel (general), Israel",IS,http://www.asiaone.com/News/Latest+News/World/Story/A1Story20130404-413456.html
20130403,253546404,20130403,ISRAEL,ISR,WEST BANK,PSE,193,소형무기·경무기를 이용한 전투,19,4,-10.0,8,2,8,2.33466569767442,"Hawaii, United States",US,http://www.philippinetimes.com/index.php/sid/213588968/scat/2411cd3571b4f088
20130403,253546405,20130403,ISRAEL,ISR,GAZA,PSE,193,소형무기·경무기를 이용한 전투,19,4,-10.0,2,1,2,1.09546165884194,Lebanon,LE,http://www.globalpost.com/dispatch/news/regions/middle-east/israel-and-palestine/130403/israel-gaza-exchange-heaviest-strikes-
20130403,253546406,20130403,ISRAELI,ISR,GAZA,PSE,194,포병·전차를 이용한 전투,19,4,-10.0,4,1,4,0.0,"Golan Heights, Syria (general), Syria",SY,http://www.upi.com/Top_News/World-News/2013/04/03/Israeli-airstrikes-prompts-rocket-fire/UPI-33791364986504/
20130403,253546407,20130403,ISRAEL,ISR,GAZA,PSE,194,포병·전차를 이용한 전투,19,4,-10.0,1,1,1,2.35849056603774,"Gaza, Israel (general), Israel",IS,http://www.israelnationalnews.com/News/News.aspx/166739
20130403,253546408,20130403,ISRAEL,ISR,PALESTINIAN,PSE,194,포병·전차를 이용한 전투,19,4,-10.0,12,1,12,0.753379418939241,"Sderot, HaDarom, Israel",IS,http://www.jpost.com/Defense/Article.aspx?id=308509&R=R9
20130403,253546409,20130403,ISRAELI,ISR,GAZA,PSE,194,포병·전차를 이용한 전투,19,4,-10.0,6,1,6,1.90703218116806,"Sderot, HaDarom, Israel",IS,http://www.theglobeandmail.com/news/world/israel-offers-muted-response-to-gaza-rockets/article10762123/?cmpid=rss1
20130403,253546410,20130403,ISRAELI,ISR,GAZA,PSE,194,포병·전차를 이용한 전투,19,4,-10.0,2,1,2,1.6969696969697,"Gaza, Israel (general), Israel",IS,http://www.miamiherald.com/2013/04/03/3320628/israel-warns-gaza-militants-against.html
20130403,253546411,20130403,ISRAEL,ISR,GAZA,PSE,194,포병·전차를 이용한 전투,19,4,-10.0,5,1,5,0.539083557951483,"Tel Aviv, Tel Aviv, Israel",IS,http://www.breakingnews.ie/world/israel-launches-air-strikes-on-gaza-589974.html
20130403,253546412,20130403,ISRAELI,ISR,GAZA,PSE,194,포병·전차를 이용한 전투,19,4,-10.0,4,1,4,0.539083557951483,Gaza Strip,GZ,http://www.breakingnews.ie/world/israel-launches-air-strikes-on-gaza-589974.html
20130403,253546413,20130403,ISRAELI,ISR,GAZA,PSE,194,포병·전차를 이용한 전투,19,4,-10.0,6,1,6,0.539083557951483,Gaza Strip,GZ,http://www.breakingnews.ie/world/israel-launches-air-strikes-on-gaza-589974.html
20130403,253546414,20130403,ISRAELI,ISR,GAZA,PSE,194,포병·전차를 이용한 전투,19,4,-10.0,10,2,10,1.23651243490603,"Jerusalem, Israel (general), Israel",IS,http://www.cbc.ca/news/world/story/2013/04/03/israel-rockets.html?cmp=rss
20130403,253546415,20130403,ISRAEL,ISR,GAZA,PSE,194,포병·전차를 이용한 전투,19,4,-10.0,442,34,326,1.24807766560606,"Gaza, Israel (general), Israel",IS,http://www.seattlepi.com/news/world/article/Palestinian-protester-killed-by-Israeli-army-fire-4404985.php
20130403,253546416,20130403,ISRAEL,ISR,GAZA,PSE,194,포병·전차를 이용한 전투,19,4,-10.0,8,4,8,1.33356386309628,Egypt,EG,http://www.buenosairesherald.com/article/127807/hostilities-flare-along-israeligaza-border
20130403,253546417,20130403,ISRAEL,ISR,GAZA,PSE,194,포병·전차를 이용한 전투,19,4,-10.0,9,5,9,1.47410326642348,Gaza Strip,GZ,http://in.reuters.com/article/2013/04/03/israel-palestinians-idINDEE9320GR20130403?feedType=RSS&feedName=worldNews
20130403,253546418,20130403,ISRAEL,ISR,PALESTINIAN,PSE,194,포병·전차를 이용한 전투,19,4,-10.0,3,2,3,0.802195264048761,"Gaza, Israel (general), Israel",IS,http://www.rte.ie/news/2013/0403/379502-israel-gaza/
20130403,253546419,20130403,ISRAEL,ISR,PALESTINIAN,PSE,194,포병·전차를 이용한 전투,19,4,-10.0,6,3,6,1.57848435239184,Egypt,EG,http://www.buenosairesherald.com/article/127807/hostilities-flare-along-israeligaza-border
20130403,253546420,20130403,ISRAEL,ISR,GAZA,PSE,194,포병·전차를 이용한 전투,19,4,-10.0,2,1,2,0.66334991708126,"Gaza, Israel (general), Israel",IS,http://www.france24.com/en/20130403-israeli-jets-strike-gaza-targets-rocket-fire?ns_campaign=editorial&ns_source=RSS_public&ns_mchannel=RSS&ns_fee=0&ns_linkname=20130403_israeli_jets_strike_gaza_targets_rocket
20130403,253546421,20130403,ISRAEL,ISR,PALESTINIAN,PSE,194,포병·전차를 이용한 전투,19,4,-10.0,6,4,6,1.05323566058795,"Gaza, Israel (general), Israel",IS,http://www.thisdaylive.com/articles/hostilities-flare-along-israeli-gaza-border/143953/
20130403,253546422,20130403,ISRAEL,ISR,GAZA,PSE,194,포병·전차를 이용한 전투,19,4,-10.0,6,4,6,1.05323566058795,"Gaza, Israel (general), Israel",IS,http://www.thisdaylive.com/articles/hostilities-flare-along-israeli-gaza-border/143953/
20130403,253546423,20130403,ISRAELI,ISR,GAZA,PSE,195,공중무기 사용,19,4,-10.0,3,1,3,0.591715976331361,"Sderot, HaDarom, Israel",IS,http://en.trend.az/news/arisc/2134895.html
20130403,253546424,20130403,ISRAELI,ISR,GAZA,PSE,195,공중무기 사용,19,4,-10.0,4,1,4,0.539083557951483,"Tel Aviv, Tel Aviv, Israel",IS,http://www.breakingnews.ie/world/israel-launches-air-strikes-on-gaza-589974.html
20130403,253546425,20130403,ISRAELI,ISR,GAZA,PSE,195,공중무기 사용,19,4,-10.0,6,1,6,0.539083557951483,"Tel Aviv, Tel Aviv, Israel",IS,http://www.breakingnews.ie/world/israel-launches-air-strikes-on-gaza-589974.html
20130403,253546426,20130403,ISRAEL,ISR,GAZA,PSE,195,공중무기 사용,19,4,-10.0,14,2,14,0.872029433057049,"Hebron, Israel (general), Israel",IS,http://www.france24.com/en/20130403-israeli-jets-strike-gaza-targets-rocket-fire?ns_campaign=editorial&ns_source=RSS_public&ns_mchannel=RSS&ns_fee=0&ns_linkname=20130403_israeli_jets_strike_gaza_targets_rocket
20130403,253546427,20130403,ISRAEL,ISR,GAZA,PSE,195,공중무기 사용,19,4,-10.0,30,4,30,0.724446821567881,"Jerusalem, Israel (general), Israel",IS,http://in.reuters.com/article/2013/04/03/israel-palestinians-hamas-idINDEE9310EM20130403
20130403,253546428,20130403,ISRAEL,ISR,PALESTINE,PSE,195,공중무기 사용,19,4,-10.0,8,2,8,1.67504657583444,"Gaza, Israel (general), Israel",IS,http://www.philippinetimes.com/index.php/sid/213586416/scat/2411cd3571b4f088
20130403,253546429,20130403,JERUSALEM,ISR,PALESTINIAN,PSE,195,공중무기 사용,19,4,-10.0,10,3,10,1.61807247846181,"Gaza, Israel (general), Israel",IS,http://www.philippinetimes.com/index.php/sid/213586416/scat/2411cd3571b4f088
20130403,253546430,20130403,ISRAELI,ISR,PALESTINIAN,PSE,195,공중무기 사용,19,4,-10.0,94,12,84,1.09898777102216,"Gaza, Israel (general), Israel",IS,http://www.startribune.com/world/201363391.html
20130403,253546431,20130403,ISRAEL,ISR,GAZA,PSE,195,공중무기 사용,19,4,-10.0,20,3,20,1.0288489255124,"Gaza, Israel (general), Israel",IS,http://www.rferl.org/content/israel-gaza-sir-strike/24946272.html
20130403,253546432,20130403,ISRAEL,ISR,GAZA,PSE,195,공중무기 사용,19,4,-10.0,2,1,2,1.36518771331058,North Korea,KN,http://www.dw.de/israel-launches-first-airstrike-on-gaza-since-november-truce/a-16715491?maca=en-rss-en-all-1573-rdf
20130403,253546433,20130403,ISRAELI,ISR,GAZA,PSE,195,공중무기 사용,19,4,-10.0,8,1,8,0.0,Israel,IS,http://www.bna.bh/portal/en/news/554640
20130403,253546434,20130403,ISRAEL,ISR,GAZA,PSE,195,공중무기 사용,19,4,-10.0,2,1,2,1.36518771331058,South Korea,KS,http://www.dw.de/israel-launches-first-airstrike-on-gaza-since-november-truce/a-16715491?maca=en-rss-en-all-1573-rdf
20130403,253546435,20130403,ISRAEL,ISR,GAZA,PSE,195,공중무기 사용,19,4,-10.0,6,1,6,2.38215248294503,Serbia,RI,http://www.dw.de/dozens-die-as-taliban-militants-storm-afghan-court/a-16716558?maca=en-rss-en-top-1022-rdf
20130403,253546436,20130403,ISRAEL,ISR,GAZA,PSE,195,공중무기 사용,19,4,-10.0,2,1,2,0.655021834061135,West Bank,WE,http://news.sky.com/story/1073236/gaza-strip-comes-under-israeli-air-strikes
20130403,253546447,20130403,ISRAELI,ISR,PALESTINIAN,PSE,190,재래식 군사력 사용,19,4,-10.0,2,1,2,1.31147540983607,"Gaza, Israel (general), Israel",IS,http://www.startribune.com/world/201363391.html
20130403,253546448,20130403,ISRAELI,ISR,PALESTINIAN,PSE,190,재래식 군사력 사용,19,4,-10.0,2,1,2,0.245098039215686,Guam,GQ,http://www.dw.de/israeli-forces-kill-teenage-palestinian-protester-in-west-bank/a-16718493?maca=en-rss-en-top-1022-rdf
20130403,253546470,20130403,ISRAEL,ISR,HAMAS,PSE,190,재래식 군사력 사용,19,4,-10.0,8,4,8,1.18560748867892,"Golan Heights, Syria (general), Syria",SY,http://www.seattlepi.com/news/crime/article/Israel-Gaza-launch-heaviest-strikes-since-truce-4404985.php
20130403,253546471,20130403,ISRAEL,ISR,HAMAS,PSE,190,재래식 군사력 사용,19,4,-10.0,20,4,20,1.18560748867892,"Golan Heights, Syria (general), Syria",SY,http://www.seattlepi.com/news/crime/article/Israel-Gaza-launch-heaviest-strikes-since-truce-4404985.php
20130403,253546472,20130403,ISRAELI,ISR,HAMAS,PSE,190,재래식 군사력 사용,19,4,-10.0,10,1,10,0.0,"Al-Qaidah, Libya (general), Libya",LY,BBC Monitoring
20130403,253546473,20130403,ISRAEL,ISR,HAMAS,PSE,190,재래식 군사력 사용,19,4,-10.0,11,2,11,1.21477066495386,"Jerusalem, Israel (general), Israel",IS,http://abcnews.go.com/International/wireStory/israel-warns-gaza-militants-escalation-18868328
20130403,253546474,20130403,ISRAEL,ISR,HAMAS,PSE,190,재래식 군사력 사용,19,4,-10.0,124,12,124,1.17190049390121,"Gaza, Israel (general), Israel",IS,http://www.seattlepi.com/news/world/article/Palestinian-protester-killed-by-Israeli-army-fire-4404985.php
20130403,253546475,20130403,ISRAEL,ISR,HAMAS,PSE,190,재래식 군사력 사용,19,4,-10.0,15,1,15,1.17222723174031,Iran,IR,http://www.usatoday.com/story/news/world/2013/04/03/israel-gaza-strikes/2048805/?utm_source=feedburner&utm_medium=feed&utm_campaign=Feed%3A+UsatodaycomWorld-TopStories+%28News+-+World+-+Top+Stories%29
20130403,253546476,20130403,ISRAEL,ISR,HAMAS,PSE,190,재래식 군사력 사용,19,4,-10.0,2,1,2,1.26582278481013,West Bank,WE,http://abcnews.go.com/International/wireStory/israel-warns-gaza-militants-escalation-18868328
20130403,253546477,20130403,ISRAEL,ISR,HAMAS,PSE,194,포병·전차를 이용한 전투,19,4,-10.0,10,1,10,1.31147540983607,"Jerusalem, Israel (general), Israel",IS,http://www.startribune.com/world/201363391.html
20130403,253546478,20130403,ISRAELI,ISR,HAMAS,PSE,194,포병·전차를 이용한 전투,19,4,-10.0,96,19,94,1.5766843511919,"Gaza, Israel (general), Israel",IS,http://www.theglobeandmail.com/news/world/israel-offers-muted-response-to-gaza-rockets/article10762123/?cmpid=rss1
20130403,253546479,20130403,ISRAEL,ISR,HAMAS,PSE,194,포병·전차를 이용한 전투,19,4,-10.0,24,5,24,1.10101280758555,Gaza Strip,GZ,http://www.thisdaylive.com/articles/hostilities-flare-along-israeli-gaza-border/143953/
20130403,253546480,20130403,ISRAEL,ISR,HAMAS,PSE,194,포병·전차를 이용한 전투,19,4,-10.0,3,1,3,0.69204152249135,Gaza Strip,GZ,http://ca.reuters.com/article/topNews/idCABRE93208F20130403
20130403,253546481,20130403,ISRAEL,ISR,HAMAS,PSE,195,공중무기 사용,19,4,-10.0,15,3,15,1.79526011709798,"Gaza, Israel (general), Israel",IS,http://www.globalsecurity.org/military/library/news/2013/04/mil-130402-voa09.htm
20130403,253546482,20130403,ISRAEL,ISR,HAMAS,PSE,195,공중무기 사용,19,4,-10.0,6,1,6,0.699644413160354,Gaza Strip,GZ,http://in.reuters.com/article/2013/04/03/israel-palestinians-hamas-idINDEE9310EM20130403
20130403,253546488,20130403,ISRAEL,ISR,GAZA,PSE,190,재래식 군사력 사용,19,4,-10.0,19,11,19,1.1779811489612,"Gaza, Israel (general), Israel",IS,http://www.startribune.com/world/201363391.html
20130403,253546489,20130403,ISRAEL,ISR,GAZA,PSE,193,소형무기·경무기를 이용한 전투,19,4,-10.0,2,1,2,1.25523012552301,"Beersheba, HaDarom, Israel",IS,http://www.startribune.com/world/201223361.html
20130403,253546490,20130403,ISRAEL,ISR,AL JAZEERA,QAT,193,소형무기·경무기를 이용한 전투,19,4,-10.0,4,1,4,1.440329218107,"Gaza, Israel (general), Israel",IS,http://www.aljazeera.com/news/middleeast/2013/04/20134316950248108.html
20130403,253546514,20130403,ISRAEL,ISR,SYRIAN,SYR,190,재래식 군사력 사용,19,4,-10.0,4,1,4,1.056264522219,"Golan Heights, Syria (general), Syria",SY,http://www.washingtonpost.com/world/middle_east/violence-reignites-along-israel-gaza-border-after-palestinian-prisoners-death/2013/04/03/e62d8f44-9c88-11e2-9bda-edd1a7fb557d_story.html?wprss=rss_world
20130403,253546515,20130403,ISRAELI,ISR,SYRIAN,SYR,190,재래식 군사력 사용,19,4,-10.0,12,1,12,1.056264522219,"Gaza, Israel (general), Israel",IS,http://www.washingtonpost.com/world/middle_east/violence-reignites-along-israel-gaza-border-after-palestinian-prisoners-death/2013/04/03/e62d8f44-9c88-11e2-9bda-edd1a7fb557d_story.html?wprss=rss_world
20130403,253546516,20130403,ISRAEL,ISR,SYRIAN,SYR,190,재래식 군사력 사용,19,4,-10.0,4,1,4,1.056264522219,"Gaza, Israel (general), Israel",IS,http://www.washingtonpost.com/world/middle_east/violence-reignites-along-israel-gaza-border-after-palestinian-prisoners-death/2013/04/03/e62d8f44-9c88-11e2-9bda-edd1a7fb557d_story.html?wprss=rss_world
20130403,253546517,20130403,ISRAELI,ISR,SYRIA,SYR,193,소형무기·경무기를 이용한 전투,19,4,-10.0,5,5,5,1.58508820292003,"Golan Heights, Syria (general), Syria",SY,http://www.trust.org/alertnet/news/hostilities-flare-along-israeli-gaza-border
20130403,253546518,20130403,ISRAELI,ISR,SYRIA,SYR,193,소형무기·경무기를 이용한 전투,19,4,-10.0,10,2,10,1.63823972378429,"Golan Heights, Syria (general), Syria",SY,http://www.buenosairesherald.com/article/127807/hostilities-flare-along-israeligaza-border
20130403,253546519,20130403,ISRAELI,ISR,SYRIA,SYR,193,소형무기·경무기를 이용한 전투,19,4,-10.0,12,3,12,1.54777671296056,"Golan Heights, Syria (general), Syria",SY,http://www.globalpost.com/dispatch/news/regions/middle-east/israel-and-palestine/130403/israel-gaza-exchange-heaviest-strikes-
20130403,253546520,20130403,ISRAEL,ISR,SYRIA,SYR,193,소형무기·경무기를 이용한 전투,19,4,-10.0,35,6,35,1.61546050055675,"Gaza, Israel (general), Israel",IS,http://www.trust.org/alertnet/news/hostilities-flare-along-israeli-gaza-border
20130403,253546521,20130403,ISRAEL,ISR,SYRIA,SYR,193,소형무기·경무기를 이용한 전투,19,4,-10.0,10,5,10,1.58508820292003,"Golan Heights, Syria (general), Syria",SY,http://www.trust.org/alertnet/news/hostilities-flare-along-israeli-gaza-border
20130403,253546522,20130403,ISRAELI,ISR,SYRIA,SYR,193,소형무기·경무기를 이용한 전투,19,4,-10.0,2,1,2,1.09546165884194,"Gaza, Israel (general), Israel",IS,http://www.globalpost.com/dispatch/news/regions/middle-east/israel-and-palestine/130403/israel-gaza-exchange-heaviest-strikes-
20130403,253546584,20130403,ISRAEL,ISR,TURKISH,TUR,190,재래식 군사력 사용,19,4,-10.0,18,7,18,2.1674982724782,"Gaza, Israel (general), Israel",IS,http://hosted.ap.org/dynamic/stories/U/US_KERRY_MIDEAST?SITE=AP&SECTION=HOME&TEMPLATE=DEFAULT
20130403,253546585,20130403,ISRAEL,ISR,TURKISH,TUR,190,재래식 군사력 사용,19,4,-10.0,88,8,88,2.1015993414139,"Gaza, Israel (general), Israel",IS,http://hosted.ap.org/dynamic/stories/U/US_KERRY_MIDEAST?SITE=AP&SECTION=HOME&TEMPLATE=DEFAULT
20130403,253546586,20130403,ISRAEL,ISR,TURKISH,TUR,190,재래식 군사력 사용,19,4,-10.0,4,1,4,1.80505415162455,Turkey,TU,http://www.usatoday.com/story/news/world/2013/04/03/kerry-to-travel-to-mideast/2048757/?utm_source=feedburner&utm_medium=feed&utm_campaign=Feed%3A+usatoday-NewsTopStories+%28News+-+Top+Stories%29
20130403,253546678,20130403,ISRAELI,ISR,WEST BANK,PSE,190,재래식 군사력 사용,19,4,-10.0,3,1,3,0.0,West Bank,WE,http://www.upi.com/Top_News/World-News/2013/04/03/Palestinian-prisoners-stage-hunger-strike/UPI-73451364989690/
20130403,253546687,20130403,ISRAEL,ISR,PALESTINIAN,PSE,190,재래식 군사력 사용,19,4,-10.0,2,1,2,0.0,"Hebron, Israel (general), Israel",IS,http://www.bna.bh/portal/en/news/554654
20130403,253546750,20130403,ISRAELI,ISR,GAZA,PSE,190,재래식 군사력 사용,19,4,-10.0,2,1,2,1.78136207818971,"Anatolia, Turkey (general), Turkey",TU,http://www.turkishweekly.net/news/148608/turkish-minister-anatolia-only-feasible-gas-route-for-israel-greek-cyprus.html
20130403,253546751,20130403,ISRAELI,ISR,GAZA,PSE,190,재래식 군사력 사용,19,4,-10.0,6,2,6,1.70120707146744,"Gaza, Israel (general), Israel",IS,http://www.turkishweekly.net/news/148608/turkish-minister-anatolia-only-feasible-gas-route-for-israel-greek-cyprus.html
20130403,253546755,20130403,ELI YISHAI,ISR,GAZA,PSE,190,재래식 군사력 사용,19,4,-10.0,2,1,2,1.66112956810631,"Gaza, Israel (general), Israel",IS,http://www.israelnationalnews.com/News/News.aspx/166725
20130403,253546764,20130403,MOSHE YAALON,ISR,GAZA,PSE,194,포병·전차를 이용한 전투,19,4,-10.0,3,1,3,1.66112956810631,"Gaza, Israel (general), Israel",IS,http://www.israelnationalnews.com/News/News.aspx/166725
20130403,253546766,20130403,ISRAEL,ISR,GAZA,PSE,138,군사력 사용 위협,13,3,-7.0,10,1,10,0.917431192660551,Israel,IS,http://www.aljazeera.com/news/middleeast/2013/04/20134364549404314.html
20130403,253546767,20130403,ISRAEL,ISR,GAZA,PSE,190,재래식 군사력 사용,19,4,-10.0,10,1,10,0.917431192660551,Israel,IS,http://www.aljazeera.com/news/middleeast/2013/04/20134364549404314.html
20130403,253546768,20130403,ISRAEL,ISR,GAZA,PSE,194,포병·전차를 이용한 전투,19,4,-10.0,10,1,10,0.917431192660551,Israel,IS,http://www.aljazeera.com/news/middleeast/2013/04/20134364549404314.html
20130403,253546809,20130403,ISRAEL,ISR,WEST BANK,PSE,190,재래식 군사력 사용,19,4,-10.0,4,2,4,0.914634146341463,"Golan Heights, Syria (general), Syria",SY,http://www.seattlepi.com/news/world/article/Palestinian-protester-killed-by-Israeli-army-fire-4404985.php
20130403,253546810,20130403,ISRAELI,ISR,PALESTINIAN,PSE,190,재래식 군사력 사용,19,4,-10.0,2,1,2,0.245098039215686,"Jerusalem, Israel (general), Israel",IS,http://www.dw.de/israeli-forces-kill-teenage-palestinian-protester-in-west-bank/a-16718493?maca=en-rss-en-top-1022-rdf
20130403,253546811,20130403,ISRAELI,ISR,PALESTINIAN,PSE,190,재래식 군사력 사용,19,4,-10.0,6,3,6,1.04691456750633,"Gaza, Israel (general), Israel",IS,http://www.startribune.com/world/201363391.html
20130403,253546812,20130403,ISRAELI,ISR,GAZA,PSE,194,포병·전차를 이용한 전투,19,4,-10.0,16,12,16,1.18690213870318,"Gaza, Israel (general), Israel",IS,http://www.aljazeera.com/news/middleeast/2013/04/20134316950248108.html
20130403,253546813,20130403,ISRAELI,ISR,GAZA,PSE,195,공중무기 사용,19,4,-10.0,8,1,8,1.87793427230047,"Jerusalem, Israel (general), Israel",IS,http://www.voanews.com/content/israel-gaza-palestinians-salafist-militants/1634176.html
20130403,253546814,20130403,ISRAEL,ISR,GAZA,PSE,195,공중무기 사용,19,4,-10.0,10,1,10,1.66880616174583,"Gaza, Israel (general), Israel",IS,http://www.jpost.com/Defense/Article.aspx?id=308583&R=R9
20130403,253546815,20130403,ISRAELI,ISR,GAZA,PSE,195,공중무기 사용,19,4,-10.0,2,1,2,1.76282051282051,"Roman Catholic Church, West Bank (general), West Bank",WE,http://www.thefinancialexpress-bd.com/index.php?ref=MjBfMDRfMDRfMTNfMV8xN18xNjUzMDI%3D&utm_source=feedburner&utm_medium=feed&utm_campaign=Feed%3A+thefinancialexpress-bd%2FIouH+%28The+Financial+Express%29
20130403,253546818,20130403,ISRAEL,ISR,SYRIA,SYR,193,소형무기·경무기를 이용한 전투,19,4,-10.0,4,1,4,1.09546165884194,"Gaza, Israel (general), Israel",IS,http://www.globalpost.com/dispatch/news/regions/middle-east/israel-and-palestine/130403/israel-gaza-exchange-heaviest-strikes-
20130403,253546842,20130403,ISRAEL,ISR,WEST BANK,PSE,190,재래식 군사력 사용,19,4,-10.0,3,1,3,0.826446280991736,"Hebron, Israel (general), Israel",IS,http://en.trend.az/regions/met/palestine/2135264.html
20130403,253546843,20130403,ISRAEL,ISR,WEST BANK,PSE,190,재래식 군사력 사용,19,4,-10.0,3,1,3,0.826446280991736,"Tulkarm, West Bank (general), West Bank",WE,http://en.trend.az/regions/met/palestine/2135264.html
20130403,253546854,20130403,ISRAEL,ISR,GAZA,PSE,190,재래식 군사력 사용,19,4,-10.0,1,1,1,0.245098039215686,"Gaza, Israel (general), Israel",IS,http://www.dw.de/israeli-forces-kill-teenage-palestinian-protester-in-west-bank/a-16718493?maca=en-rss-en-top-1022-rdf
20130403,253546855,20130403,ISRAEL,ISR,GAZA,PSE,190,재래식 군사력 사용,19,4,-10.0,1,1,1,0.245098039215686,Gaza Strip,GZ,http://www.dw.de/israeli-forces-kill-teenage-palestinian-protester-in-west-bank/a-16718493?maca=en-rss-en-top-1022-rdf
20130403,253546856,20130403,ISRAEL,ISR,GAZA,PSE,194,포병·전차를 이용한 전투,19,4,-10.0,2,1,2,1.09546165884194,"Sderot, HaDarom, Israel",IS,http://www.globalpost.com/dispatch/news/regions/middle-east/israel-and-palestine/130403/israel-gaza-exchange-heaviest-strikes-
20130403,253546857,20130403,ISRAEL,ISR,GAZA,PSE,194,포병·전차를 이용한 전투,19,4,-10.0,2,1,2,1.09546165884194,"Gaza, Israel (general), Israel",IS,http://www.globalpost.com/dispatch/news/regions/middle-east/israel-and-palestine/130403/israel-gaza-exchange-heaviest-strikes-
20130403,253547183,20130403,JORDAN,JOR,DAMASCUS,SYR,138,군사력 사용 위협,13,3,-7.0,4,4,4,1.79640860671077,"Damascus, Dimashq, Syria",SY,http://www.3news.co.nz/Syrian-rebels-capture-military-base/tabid/417/articleID/292949/Default.aspx?utm_source=feedburner&utm_medium=feed&utm_campaign=Feed%3A+co%2FMvia+%283News+-+International+News%29
20130403,253547184,20130403,JORDAN,JOR,DAMASCUS,SYR,138,군사력 사용 위협,13,3,-7.0,4,4,4,1.79640860671077,Jordan,JO,http://www.3news.co.nz/Syrian-rebels-capture-military-base/tabid/417/articleID/292949/Default.aspx?utm_source=feedburner&utm_medium=feed&utm_campaign=Feed%3A+co%2FMvia+%283News+-+International+News%29
20130403,253549557,20130403,LEBANESE,LBN,SYRIA,SYR,190,재래식 군사력 사용,19,4,-10.0,2,1,2,0.961538461538462,"Golan Heights, Syria (general), Syria",SY,"http://www.ynetnews.com/articles/0,7340,L-4363657,00.html"
20130403,253549558,20130403,LEBANESE,LBN,SYRIAN,SYR,190,재래식 군사력 사용,19,4,-10.0,2,1,2,0.0,"Ghardaia, GhardaïAG, Algeria",AG,BBC Monitoring
20130403,253549559,20130403,LEBANESE,LBN,SYRIAN,SYR,190,재래식 군사력 사용,19,4,-10.0,2,1,2,0.0,"Ghardaia, GhardaïAG, Algeria",AG,BBC Monitoring
20130403,253549560,20130403,BEIRUT,LBN,SYRIAN,SYR,190,재래식 군사력 사용,19,4,-10.0,2,1,2,2.93040293040293,"Beirut, Beyrouth, Lebanon",LE,http://www.dailystar.com.lb/News/Local-News/2013/Apr-03/212405-gunmen-fire-on-syrian-fuel-trucks-driver-wounded.ashx
20130403,253549561,20130403,LEBANESE,LBN,SYRIA,SYR,190,재래식 군사력 사용,19,4,-10.0,4,4,4,1.79640860671077,"Damascus, Dimashq, Syria",SY,http://www.3news.co.nz/Syrian-rebels-capture-military-base/tabid/417/articleID/292949/Default.aspx?utm_source=feedburner&utm_medium=feed&utm_campaign=Feed%3A+co%2FMvia+%283News+-+International+News%29
20130403,253549562,20130403,LEBANESE,LBN,SYRIA,SYR,190,재래식 군사력 사용,19,4,-10.0,4,4,4,1.79640860671077,"Arsal, Mohafazat Baalbek-Hermel, Lebanon",LE,http://www.3news.co.nz/Syrian-rebels-capture-military-base/tabid/417/articleID/292949/Default.aspx?utm_source=feedburner&utm_medium=feed&utm_campaign=Feed%3A+co%2FMvia+%283News+-+International+News%29
20130403,253549563,20130403,LEBANESE,LBN,SYRIA,SYR,190,재래식 군사력 사용,19,4,-10.0,1,1,1,0.709219858156028,Syria,SY,http://news.yahoo.com/syrian-jet-fires-missile-lebanese-town-105643664.html
20130403,253549564,20130403,LEBANESE,LBN,SYRIA,SYR,190,재래식 군사력 사용,19,4,-10.0,1,1,1,0.657894736842105,"Arsal, Mohafazat Baalbek-Hermel, Lebanon",LE,http://www.google.com/hostednews/ap/article/ALeqM5gAN7M0AQSwX0Y0Yk1UDqHmAjIabQ?docId=bd16d442dec7426495ec9266a8c0a8a9
20130403,253549565,20130403,LEBANESE,LBN,SYRIA,SYR,190,재래식 군사력 사용,19,4,-10.0,2,2,2,0.683557297499066,Syria,SY,http://www.google.com/hostednews/ap/article/ALeqM5gAN7M0AQSwX0Y0Yk1UDqHmAjIabQ?docId=bd16d442dec7426495ec9266a8c0a8a9
20130403,253549566,20130403,LEBANESE,LBN,SYRIAN,SYR,190,재래식 군사력 사용,19,4,-10.0,6,1,4,1.63934426229508,"Damascus, Dimashq, Syria",SY,"http://www.ynetnews.com/articles/0,7340,L-4363348,00.html"
20130403,253549567,20130403,BEIRUT,LBN,SYRIAN,SYR,193,소형무기·경무기를 이용한 전투,19,4,-10.0,1,1,1,2.93040293040293,"Tripoli, Tarabulus, Libya",LY,http://www.dailystar.com.lb/News/Local-News/2013/Apr-03/212405-gunmen-fire-on-syrian-fuel-trucks-driver-wounded.ashx
20130403,253549568,20130403,BEIRUT,LBN,SYRIAN,SYR,193,소형무기·경무기를 이용한 전투,19,4,-10.0,1,1,1,2.93040293040293,Syria,SY,http://www.dailystar.com.lb/News/Local-News/2013/Apr-03/212405-gunmen-fire-on-syrian-fuel-trucks-driver-wounded.ashx
20130403,253549569,20130403,LEBANON,LBN,SYRIAN,SYR,195,공중무기 사용,19,4,-10.0,8,1,8,2.20588235294118,Syria,SY,http://www.dailystar.com.lb/News/Politics/2013/Apr-03/212420-syrian-jets-fire-missile-at-arsal-home-nna.ashx
20130403,253549570,20130403,LEBANON,LBN,SYRIAN,SYR,195,공중무기 사용,19,4,-10.0,4,2,4,1.87514194867136,"Arsal, Mohafazat Baalbek-Hermel, Lebanon",LE,http://www.google.com/hostednews/afp/article/ALeqM5gvQCbZehQOJmwzRbIrjoonbQshng?docId=CNG.c99b7327a548af40aba4f9e8e6af4d47.3c1
20130403,253549571,20130403,LEBANON,LBN,SYRIAN,SYR,195,공중무기 사용,19,4,-10.0,3,1,3,1.54867256637168,Syria,SY,http://www.dailystar.com.lb/News/Local-News/2013/Apr-04/212521-syrian-regime-targets-smuggling-routes-near-arsal-in-fresh-airstrikes.ashx
20130403,253549572,20130403,BEIRUT,LBN,SYRIAN,SYR,190,재래식 군사력 사용,19,4,-10.0,3,1,3,2.93040293040293,"Beirut, Beyrouth, Lebanon",LE,http://www.dailystar.com.lb/News/Local-News/2013/Apr-03/212405-gunmen-fire-on-syrian-fuel-trucks-driver-wounded.ashx
20130403,253549573,20130403,BEIRUT,LBN,SYRIAN,SYR,193,소형무기·경무기를 이용한 전투,19,4,-10.0,3,1,3,2.93040293040293,Syria,SY,http://www.dailystar.com.lb/News/Local-News/2013/Apr-03/212405-gunmen-fire-on-syrian-fuel-trucks-driver-wounded.ashx
20130403,253549577,20130403,LEBANESE,LBN,SYRIAN,SYR,190,재래식 군사력 사용,19,4,-10.0,4,1,4,1.63934426229508,"Damascus, Dimashq, Syria",SY,"http://www.ynetnews.com/articles/0,7340,L-4363348,00.html"
20130403,253549578,20130403,LEBANESE,LBN,SYRIAN,SYR,190,재래식 군사력 사용,19,4,-10.0,8,1,6,1.63934426229508,Lebanon,LE,"http://www.ynetnews.com/articles/0,7340,L-4363348,00.html"
20130403,253549632,20130403,LEBANESE,LBN,SYRIAN,SYR,190,재래식 군사력 사용,19,4,-10.0,4,1,4,0.0,"Ghardaia, GhardaïAG, Algeria",AG,BBC Monitoring
20130403,253549633,20130403,LEBANON,LBN,SYRIA,SYR,190,재래식 군사력 사용,19,4,-10.0,2,1,2,0.0,"Ghardaia, GhardaïAG, Algeria",AG,BBC Monitoring
20130403,253555265,20130403,PALESTINIAN,PSE,ISRAEL,ISR,190,재래식 군사력 사용,19,4,-10.0,22,2,22,0.744874959750993,"Hebron, Israel (general), Israel",IS,http://www.jpost.com/NationalNews/Article.aspx?id=308513&R=R2
20130403,253555266,20130403,PALESTINIAN,PSE,ISRAEL,ISR,190,재래식 군사력 사용,19,4,-10.0,2,1,2,1.15163147792706,"Tulkarem, West Bank (general), West Bank",WE,http://www.jpost.com/DiplomacyAndPolitics/Article.aspx?id=308589&R=R9
20130403,253555267,20130403,WEST BANK,PSE,ISRAEL,ISR,190,재래식 군사력 사용,19,4,-10.0,4,1,4,1.40845070422535,"Hebron, Israel (general), Israel",IS,http://www.bbc.co.uk/news/world-middle-east-22013660#sa-ns_mchannel=rss&ns_source=PublicRSS20-sa
20130403,253555268,20130403,WEST BANK,PSE,ISRAEL,ISR,190,재래식 군사력 사용,19,4,-10.0,2,1,2,1.40845070422535,"Halhul, West Bank (general), West Bank",WE,http://www.bbc.co.uk/news/world-middle-east-22013660#sa-ns_mchannel=rss&ns_source=PublicRSS20-sa
20130403,253555269,20130403,WEST BANK,PSE,ISRAEL,ISR,190,재래식 군사력 사용,19,4,-10.0,9,1,9,1.1342483612791,"Nablus, West Bank (general), West Bank",WE,http://www.jpost.com/DiplomacyAndPolitics/Article.aspx?ID=308589&R=R1
20130403,253555270,20130403,WEST BANK,PSE,ISRAEL,ISR,190,재래식 군사력 사용,19,4,-10.0,2,1,2,1.40845070422535,"Kiryat Arba, West Bank (general), West Bank",WE,http://www.bbc.co.uk/news/world-middle-east-22013660#sa-ns_mchannel=rss&ns_source=PublicRSS20-sa
20130403,253555271,20130403,WEST BANK,PSE,ISRAEL,ISR,190,재래식 군사력 사용,19,4,-10.0,1,1,1,0.826446280991736,"Hebron, Israel (general), Israel",IS,http://en.trend.az/regions/met/palestine/2135264.html
20130403,253555272,20130403,WEST BANK,PSE,ISRAEL,ISR,190,재래식 군사력 사용,19,4,-10.0,1,1,1,0.826446280991736,"Tulkarm, West Bank (general), West Bank",WE,http://en.trend.az/regions/met/palestine/2135264.html
20130403,253555273,20130403,WEST BANK,PSE,ISRAEL,ISR,190,재래식 군사력 사용,19,4,-10.0,2,1,2,1.15163147792706,"Hebron, Israel (general), Israel",IS,http://www.jpost.com/DiplomacyAndPolitics/Article.aspx?id=308589&R=R9
20130403,253555274,20130403,WEST BANK,PSE,ISRAEL,ISR,190,재래식 군사력 사용,19,4,-10.0,3,1,3,1.15163147792706,"Nablus, West Bank (general), West Bank",WE,http://www.jpost.com/DiplomacyAndPolitics/Article.aspx?id=308589&R=R9
20130403,253555275,20130403,PALESTINIAN,PSE,JERUSALEM,ISR,190,재래식 군사력 사용,19,4,-10.0,16,5,16,0.639611902140516,"Jerusalem, Israel (general), Israel",IS,http://www.seattlepi.com/news/world/article/Palestinian-protester-killed-by-Israeli-army-fire-4404985.php
20130403,253555276,20130403,GAZA,PSE,ISRAEL,ISR,190,재래식 군사력 사용,19,4,-10.0,67,15,67,1.23408425688769,"Gaza, Israel (general), Israel",IS,http://www.independent.co.uk/news/world/middle-east/violence-flares-in-middle-east-as-israel-and-gaza-exchange-attacks-amid-west-bank-protests-8557681.html
20130403,253555277,20130403,PALESTINIAN,PSE,ISRAEL,ISR,190,재래식 군사력 사용,19,4,-10.0,1,1,1,0.0,France,FR,BBC Monitoring
20130403,253555278,20130403,PALESTINIAN,PSE,ISRAEL,ISR,190,재래식 군사력 사용,19,4,-10.0,1,1,1,0.0,France,FR,BBC Monitoring
20130403,253555279,20130403,PALESTINIAN,PSE,ISRAEL,ISR,190,재래식 군사력 사용,19,4,-10.0,2,1,2,0.245098039215686,Guam,GQ,http://www.dw.de/israeli-forces-kill-teenage-palestinian-protester-in-west-bank/a-16718493?maca=en-rss-en-top-1022-rdf
20130403,253555280,20130403,WEST BANK,PSE,JERUSALEM,ISR,190,재래식 군사력 사용,19,4,-10.0,29,2,29,0.629488734874244,West Bank,WE,http://edition.cnn.com/2013/04/02/world/meast/palestinian-prisoner-cancer-death/index.html
20130403,253555281,20130403,WEST BANK,PSE,ISRAEL,ISR,190,재래식 군사력 사용,19,4,-10.0,8,1,8,0.760632221306379,West Bank,WE,http://edition.cnn.com/2013/04/02/world/meast/palestinian-prisoner-cancer-death/index.html
20130403,253555282,20130403,PALESTINIAN,PSE,ISRAEL,ISR,193,소형무기·경무기를 이용한 전투,19,4,-10.0,2,2,2,0.914634146341463,"Golan Heights, Syria (general), Syria",SY,http://www.seattlepi.com/news/world/article/Palestinian-protester-killed-by-Israeli-army-fire-4404985.php
20130403,253555283,20130403,PALESTINIAN,PSE,ISRAEL,ISR,193,소형무기·경무기를 이용한 전투,19,4,-10.0,2,2,2,0.914634146341463,"Beersheba, HaDarom, Israel",IS,http://www.seattlepi.com/news/world/article/Palestinian-protester-killed-by-Israeli-army-fire-4404985.php
20130403,253555284,20130403,PALESTINIAN,PSE,ISRAEL,ISR,193,소형무기·경무기를 이용한 전투,19,4,-10.0,2,1,2,1.29032258064516,"Hebron, Israel (general), Israel",IS,http://reliefweb.int/report/occupied-palestinian-territory/israeli-soldiers-kill-palestinian-youth-west-bank-officials
20130403,253555285,20130403,PALESTINIAN,PSE,ISRAEL,ISR,193,소형무기·경무기를 이용한 전투,19,4,-10.0,13,3,13,1.28617969756945,"Gaza City, Israel (general), Israel",IS,http://dawn.com/2013/04/03/israeli-aircraft-hit-gaza-in-first-strikes-since-november/
20130403,253555286,20130403,GAZA,PSE,ISRAEL,ISR,193,소형무기·경무기를 이용한 전투,19,4,-10.0,6,1,6,1.143583227446,Gaza Strip,GZ,http://www.france24.com/en/20130403-abbas-prisoner-deaths-wage-populist-struggle-against-israel?ns_campaign=editorial&ns_source=RSS_public&ns_mchannel=RSS&ns_fee=0&ns_linkname=20130403_abbas_prisoner_deaths_wage_populist_struggle
20130403,253555287,20130403,GAZA,PSE,ISRAEL,ISR,193,소형무기·경무기를 이용한 전투,19,4,-10.0,4,1,4,1.143583227446,Gaza Strip,GZ,http://www.france24.com/en/20130403-abbas-prisoner-deaths-wage-populist-struggle-against-israel?ns_campaign=editorial&ns_source=RSS_public&ns_mchannel=RSS&ns_fee=0&ns_linkname=20130403_abbas_prisoner_deaths_wage_populist_struggle
20130403,253555288,20130403,PALESTINIAN,PSE,ISRAEL,ISR,193,소형무기·경무기를 이용한 전투,19,4,-10.0,5,1,5,0.0,West Bank,WE,"http://www.ynetnews.com/articles/0,7340,L-4363787,00.html"
20130403,253555289,20130403,PALESTINIAN,PSE,ISRAEL,ISR,194,포병·전차를 이용한 전투,19,4,-10.0,2,1,2,0.0,"Al-Qaidah, Libya (general), Libya",LY,BBC Monitoring
20130403,253555290,20130403,GAZA,PSE,ISRAEL,ISR,194,포병·전차를 이용한 전투,19,4,-10.0,36,3,36,0.802782280858145,"Sderot, HaDarom, Israel",IS,http://www.jpost.com/Defense/Article.aspx?id=308509&R=R9
20130403,253555291,20130403,PALESTINIAN,PSE,ISRAEL,ISR,194,포병·전차를 이용한 전투,19,4,-10.0,8,2,8,1.33244376667938,"Jerusalem, Israel (general), Israel",IS,http://www.startribune.com/world/201363391.html
20130403,253555292,20130403,GAZA,PSE,ISRAEL,ISR,194,포병·전차를 이용한 전투,19,4,-10.0,21,6,21,1.25384433001784,"Gaza, Israel (general), Israel",IS,http://www.israelnationalnews.com/News/News.aspx/166751
20130403,253555293,20130403,PALESTINIAN,PSE,ISRAELI,ISR,194,포병·전차를 이용한 전투,19,4,-10.0,6,1,6,0.598802395209581,Egypt,EG,http://www.rte.ie/news/2013/0403/379502-israel-gaza/
20130403,253555294,20130403,GAZA,PSE,ISRAEL,ISR,194,포병·전차를 이용한 전투,19,4,-10.0,16,1,16,1.88976377952756,Gaza Strip,GZ,http://www.jpost.com/Defense/Article.aspx?ID=308559&R=R1
20130403,253555295,20130403,GAZA,PSE,ISRAEL,ISR,194,포병·전차를 이용한 전투,19,4,-10.0,71,5,71,1.47521248373635,Gaza Strip,GZ,http://in.reuters.com/article/2013/04/03/israel-palestinians-idINDEE9320GR20130403?feedType=RSS&feedName=worldNews
20130403,253555296,20130403,GAZA,PSE,ISRAEL,ISR,194,포병·전차를 이용한 전투,19,4,-10.0,5,5,5,1.58508820292003,"Gaza, Israel (general), Israel",IS,http://www.trust.org/alertnet/news/hostilities-flare-along-israeli-gaza-border
20130403,253555297,20130403,GAZA,PSE,ISRAEL,ISR,194,포병·전차를 이용한 전투,19,4,-10.0,4,1,4,1.88976377952756,Gaza Strip,GZ,http://www.jpost.com/Defense/Article.aspx?ID=308559&R=R1
20130403,253555298,20130403,GAZA,PSE,ISRAEL,ISR,194,포병·전차를 이용한 전투,19,4,-10.0,4,1,4,4.10958904109589,"Hawaii, United States",US,http://www.philippinetimes.com/index.php/sid/213571755/scat/2411cd3571b4f088
20130403,253555299,20130403,GAZA,PSE,ISRAEL,ISR,195,공중무기 사용,19,4,-10.0,2,1,2,0.941176470588235,"California, United States",US,"http://www.latimes.com/news/world/worldnow/la-fg-wn-gaza-ceasefire-unraveling-20130402,0,2217857.story"
20130403,253555305,20130403,WEST BANK,PSE,ISRAELI,ISR,190,재래식 군사력 사용,19,4,-10.0,3,1,3,0.0,West Bank,WE,http://www.upi.com/Top_News/World-News/2013/04/03/Palestinian-prisoners-stage-hunger-strike/UPI-73451364989690/
20130403,253555307,20130403,PALESTINIAN,PSE,ISRAEL,ISR,190,재래식 군사력 사용,19,4,-10.0,2,1,2,0.0,"Hebron, Israel (general), Israel",IS,http://www.bna.bh/portal/en/news/554654
20130403,253555308,20130403,GAZA,PSE,ISRAELI,ISR,190,재래식 군사력 사용,19,4,-10.0,4,1,4,2.35849056603774,"Gaza, Israel (general), Israel",IS,http://www.israelnationalnews.com/News/News.aspx/166739
20130403,253555318,20130403,GAZA,PSE,ISRAELI,ISR,194,포병·전차를 이용한 전투,19,4,-10.0,54,5,54,1.47410326642348,"Gaza, Israel (general), Israel",IS,http://in.reuters.com/article/2013/04/03/israel-palestinians-idINDEE9320GR20130403?feedType=RSS&feedName=worldNews
20130403,253555332,20130403,WEST BANK,PSE,ISRAEL,ISR,190,재래식 군사력 사용,19,4,-10.0,3,1,3,0.826446280991736,"Hebron, Israel (general), Israel",IS,http://en.trend.az/regions/met/palestine/2135264.html
20130403,253555333,20130403,WEST BANK,PSE,ISRAEL,ISR,190,재래식 군사력 사용,19,4,-10.0,3,1,3,0.826446280991736,"Tulkarm, West Bank (general), West Bank",WE,http://en.trend.az/regions/met/palestine/2135264.html
20130403,253555334,20130403,WEST BANK,PSE,ISRAEL,ISR,194,포병·전차를 이용한 전투,19,4,-10.0,6,1,6,1.25523012552301,"Ramallah, West Bank (general), West Bank",WE,http://www.startribune.com/world/201223361.html
20130403,253555335,20130403,WEST BANK,PSE,ISRAEL,ISR,194,포병·전차를 이용한 전투,19,4,-10.0,2,2,2,0.914634146341463,"Tulkarem, West Bank (general), West Bank",WE,http://www.seattlepi.com/news/world/article/Palestinian-protester-killed-by-Israeli-army-fire-4404985.php
20130403,253555336,20130403,WEST BANK,PSE,ISRAEL,ISR,194,포병·전차를 이용한 전투,19,4,-10.0,10,2,10,0.914634146341463,"Tulkarem, West Bank (general), West Bank",WE,http://www.seattlepi.com/news/world/article/Palestinian-protester-killed-by-Israeli-army-fire-4404985.php
20130403,253555338,20130403,PALESTINIAN,PSE,ISRAELI,ISR,190,재래식 군사력 사용,19,4,-10.0,1,1,1,1.40845070422535,"Ofer, H_efa, Israel",IS,http://www.bbc.co.uk/news/world-middle-east-22013660#sa-ns_mchannel=rss&ns_source=PublicRSS20-sa
20130403,253555339,20130403,GAZA,PSE,ISRAEL,ISR,190,재래식 군사력 사용,19,4,-10.0,1,1,1,0.245098039215686,"Gaza, Israel (general), Israel",IS,http://www.dw.de/israeli-forces-kill-teenage-palestinian-protester-in-west-bank/a-16718493?maca=en-rss-en-top-1022-rdf
20130403,253555340,20130403,GAZA,PSE,ISRAEL,ISR,190,재래식 군사력 사용,19,4,-10.0,1,1,1,0.245098039215686,Gaza Strip,GZ,http://www.dw.de/israeli-forces-kill-teenage-palestinian-protester-in-west-bank/a-16718493?maca=en-rss-en-top-1022-rdf
20130403,253555407,20130403,GAZA,PSE,AL JAZEERA,QAT,193,소형무기·경무기를 이용한 전투,19,4,-10.0,2,1,2,1.440329218107,"Gaza, Israel (general), Israel",IS,http://www.aljazeera.com/news/middleeast/2013/04/20134316950248108.html
20130403,253555519,20130403,HAMAS,PSE,JERUSALEM,ISR,138,군사력 사용 위협,13,3,-7.0,6,1,6,0.767263427109974,"Jerusalem, Israel (general), Israel",IS,"http://www.ynetnews.com/articles/0,7340,L-4363611,00.html"
20130403,253555520,20130403,HAMAS,PSE,ISRAEL,ISR,190,재래식 군사력 사용,19,4,-10.0,30,5,25,3.97205936878813,"Gaza, Israel (general), Israel",IS,http://www.iol.co.za/news/world/saudi-funded-un-cash-for-gaza-aid-1.1495117
20130403,253555521,20130403,HAMAS,PSE,ISRAELI,ISR,192,영토 점령,19,4,-9.5,2,1,2,0.598802395209581,"Gaza, Israel (general), Israel",IS,http://www.rte.ie/news/2013/0403/379502-israel-gaza/
20130403,253555522,20130403,HAMAS,PSE,ISRAEL,ISR,194,포병·전차를 이용한 전투,19,4,-10.0,4,1,4,1.31147540983607,"Jerusalem, Israel (general), Israel",IS,http://www.startribune.com/world/201363391.html
20130403,253555523,20130403,HAMAS,PSE,ISRAEL,ISR,194,포병·전차를 이용한 전투,19,4,-10.0,230,21,225,1.50987577469875,"Gaza, Israel (general), Israel",IS,http://www.seattlepi.com/news/world/article/Palestinian-protester-killed-by-Israeli-army-fire-4404985.php
20130403,253555555,20130403,HAMAS,PSE,ISRAEL,ISR,195,공중무기 사용,19,4,-10.0,22,6,22,0.722543883050519,"Gaza, Israel (general), Israel",IS,http://www.globalsecurity.org/military/library/news/2013/04/mil-130402-voa09.htm
20130403,253555556,20130403,HAMAS,PSE,ISRAEL,ISR,195,공중무기 사용,19,4,-10.0,4,1,4,1.36518771331058,North Korea,KN,http://www.dw.de/israel-launches-first-airstrike-on-gaza-since-november-truce/a-16715491?maca=en-rss-en-all-1573-rdf
20130403,253555568,20130403,GAZA,PSE,ISRAEL,ISR,190,재래식 군사력 사용,19,4,-10.0,19,11,19,1.1779811489612,"Gaza, Israel (general), Israel",IS,http://www.startribune.com/world/201363391.html
20130403,253555569,20130403,GAZA,PSE,ISRAEL,ISR,193,소형무기·경무기를 이용한 전투,19,4,-10.0,2,1,2,1.25523012552301,"Gaza, Israel (general), Israel",IS,http://www.startribune.com/world/201223361.html
20130403,253555570,20130403,GAZA,PSE,ISRAEL,ISR,194,포병·전차를 이용한 전투,19,4,-10.0,18,12,18,1.17772334603876,"Gaza, Israel (general), Israel",IS,http://www.seattlepi.com/news/world/article/Palestinian-protester-killed-by-Israeli-army-fire-4404985.php
20130403,253555810,20130403,AL JAZEERA,QAT,ISRAEL,ISR,193,소형무기·경무기를 이용한 전투,19,4,-10.0,4,1,4,1.440329218107,"Gaza, Israel (general), Israel",IS,http://www.aljazeera.com/news/middleeast/2013/04/20134316950248108.html
20130403,253555811,20130403,AL JAZEERA,QAT,GAZA,PSE,193,소형무기·경무기를 이용한 전투,19,4,-10.0,2,1,2,1.440329218107,"Gaza, Israel (general), Israel",IS,http://www.aljazeera.com/news/middleeast/2013/04/20134316950248108.html
20130403,253557629,20130403,SYRIAN,SYR,IRANIAN,IRN,154,군 병력 동원·증강,15,4,-7.2,2,1,2,2.30414746543779,"Damascus, Dimashq, Syria",SY,http://www.jpost.com/MiddleEast/Article.aspx?id=308598&R=R3
20130403,253557630,20130403,SYRIAN,SYR,IRANIAN,IRN,154,군 병력 동원·증강,15,4,-7.2,2,1,2,2.30414746543779,Iran,IR,http://www.jpost.com/MiddleEast/Article.aspx?id=308598&R=R3
20130403,253557643,20130403,SYRIA,SYR,IRAQ,IRQ,190,재래식 군사력 사용,19,4,-10.0,1,1,1,1.40845070422535,Iraq,IZ,http://www.jamaicaobserver.com/news/Syrian-forces-pound-rebel-held-Damascus_13992597
20130403,253557644,20130403,SYRIA,SYR,IRAQ,IRQ,190,재래식 군사력 사용,19,4,-10.0,1,1,1,1.40845070422535,Iraq,IZ,http://www.jamaicaobserver.com/news/Syrian-forces-pound-rebel-held-Damascus_13992597
20130403,253557662,20130403,SYRIA,SYR,ISRAELI,ISR,190,재래식 군사력 사용,19,4,-10.0,4,1,4,0.719424460431655,"Gaza, Israel (general), Israel",IS,http://www.jpost.com/Headlines/Article.aspx?id=308510&R=R101
20130403,253557663,20130403,SYRIA,SYR,ISRAELI,ISR,190,재래식 군사력 사용,19,4,-10.0,6,1,6,0.753379418939241,"Sderot, HaDarom, Israel",IS,http://www.jpost.com/Defense/Article.aspx?id=308509&R=R9
20130403,253557664,20130403,SYRIA,SYR,ISRAEL,ISR,190,재래식 군사력 사용,19,4,-10.0,3,1,3,0.753379418939241,"Gaza, Israel (general), Israel",IS,http://www.jpost.com/Defense/Article.aspx?id=308509&R=R9
20130403,253557665,20130403,SYRIA,SYR,ISRAELI,ISR,190,재래식 군사력 사용,19,4,-10.0,7,1,7,1.72257244822815,"Gaza, Israel (general), Israel",IS,http://www.jpost.com/Defense/Article.aspx?ID=308559&R=R1
20130403,253557666,20130403,SYRIAN,SYR,ISRAEL,ISR,193,소형무기·경무기를 이용한 전투,19,4,-10.0,11,1,11,1.08442194967391,"Golan Heights, Syria (general), Syria",SY,http://www.washingtonpost.com/world/middle_east/violence-reignites-along-israel-gaza-border-after-palestinian-prisoners-death/2013/04/03/e62d8f44-9c88-11e2-9bda-edd1a7fb557d_story.html?wprss=rss_world
20130403,253557667,20130403,SYRIAN,SYR,ISRAEL,ISR,193,소형무기·경무기를 이용한 전투,19,4,-10.0,2,1,2,1.11821086261981,"Gaza, Israel (general), Israel",IS,http://www.washingtonpost.com/world/middle_east/violence-reignites-along-israel-gaza-border-after-palestinian-prisoners-death/2013/04/03/e62d8f44-9c88-11e2-9bda-edd1a7fb557d_story.html?wprss=rss_middle-east
20130403,253557668,20130403,SYRIAN,SYR,ISRAEL,ISR,194,포병·전차를 이용한 전투,19,4,-10.0,2,1,2,0.432900432900433,Syria,SY,http://www.jpost.com/MiddleEast/Article.aspx?id=308525&R=R3
20130403,253557669,20130403,SYRIAN,SYR,ISRAEL,ISR,194,포병·전차를 이용한 전투,19,4,-10.0,2,1,2,0.432900432900433,Syria,SY,http://www.jpost.com/MiddleEast/Article.aspx?id=308525&R=R3
20130403,253557670,20130403,SYRIAN,SYR,ISRAELI,ISR,193,소형무기·경무기를 이용한 전투,19,4,-10.0,10,1,10,0.0,"Al-Qaidah, Libya (general), Libya",LY,BBC Monitoring
20130403,253557724,20130403,SYRIA,SYR,LEBANESE,LBN,190,재래식 군사력 사용,19,4,-10.0,1,1,1,0.961538461538462,"Golan Heights, Syria (general), Syria",SY,"http://www.ynetnews.com/articles/0,7340,L-4363657,00.html"
20130403,253557725,20130403,SYRIA,SYR,LEBANESE,LBN,190,재래식 군사력 사용,19,4,-10.0,1,1,1,0.961538461538462,"Arsal, Mohafazat Baalbek-Hermel, Lebanon",LE,"http://www.ynetnews.com/articles/0,7340,L-4363657,00.html"
20130403,253557726,20130403,SYRIA,SYR,LEBANESE,LBN,190,재래식 군사력 사용,19,4,-10.0,4,4,4,1.79640860671077,"Damascus, Dimashq, Syria",SY,http://www.3news.co.nz/Syrian-rebels-capture-military-base/tabid/417/articleID/292949/Default.aspx?utm_source=feedburner&utm_medium=feed&utm_campaign=Feed%3A+co%2FMvia+%283News+-+International+News%29
20130403,253557727,20130403,SYRIA,SYR,LEBANESE,LBN,190,재래식 군사력 사용,19,4,-10.0,6,5,6,1.19760573780718,"Arsal, Mohafazat Baalbek-Hermel, Lebanon",LE,http://www.3news.co.nz/Syrian-rebels-capture-military-base/tabid/417/articleID/292949/Default.aspx?utm_source=feedburner&utm_medium=feed&utm_campaign=Feed%3A+co%2FMvia+%283News+-+International+News%29
20130403,253557728,20130403,SYRIAN,SYR,LEBANESE,LBN,190,재래식 군사력 사용,19,4,-10.0,4,1,4,0.0,"Arsal, Mohafazat Baalbek-Hermel, Lebanon",LE,http://www.aljazeera.com/news/middleeast/2013/04/2013439942649318.html
20130403,253557729,20130403,SYRIAN,SYR,LEBANESE,LBN,190,재래식 군사력 사용,19,4,-10.0,2,1,2,0.0,Syria,SY,http://www.aljazeera.com/news/middleeast/2013/04/2013439942649318.html
20130403,253557730,20130403,SYRIAN,SYR,LEBANON,LBN,190,재래식 군사력 사용,19,4,-10.0,2,1,2,1.54867256637168,"Bekaa Valley, Béa, Lebanon",LE,http://www.dailystar.com.lb/News/Local-News/2013/Apr-04/212521-syrian-regime-targets-smuggling-routes-near-arsal-in-fresh-airstrikes.ashx
20130403,253557731,20130403,SYRIAN,SYR,LEBANON,LBN,190,재래식 군사력 사용,19,4,-10.0,6,1,6,1.54867256637168,Syria,SY,http://www.dailystar.com.lb/News/Local-News/2013/Apr-04/212521-syrian-regime-targets-smuggling-routes-near-arsal-in-fresh-airstrikes.ashx
20130403,253557732,20130403,SYRIA,SYR,LEBANESE,LBN,190,재래식 군사력 사용,19,4,-10.0,2,2,2,0.683557297499066,"Arsal, Mohafazat Baalbek-Hermel, Lebanon",LE,http://www.google.com/hostednews/ap/article/ALeqM5gAN7M0AQSwX0Y0Yk1UDqHmAjIabQ?docId=bd16d442dec7426495ec9266a8c0a8a9
20130403,253557733,20130403,SYRIA,SYR,LEBANESE,LBN,190,재래식 군사력 사용,19,4,-10.0,2,2,2,0.683557297499066,Syria,SY,http://www.google.com/hostednews/ap/article/ALeqM5gAN7M0AQSwX0Y0Yk1UDqHmAjIabQ?docId=bd16d442dec7426495ec9266a8c0a8a9
20130403,253557734,20130403,SYRIAN,SYR,LEBANON,LBN,192,영토 점령,19,4,-9.5,1,1,1,0.574712643678161,"Arsal, Mohafazat Baalbek-Hermel, Lebanon",LE,http://www.bbc.co.uk/news/world-middle-east-22013113#sa-ns_mchannel=rss&ns_source=PublicRSS20-sa
20130403,253557735,20130403,SYRIA,SYR,LEBANON,LBN,192,영토 점령,19,4,-9.5,2,1,2,0.574712643678161,Syria,SY,http://www.bbc.co.uk/news/world-middle-east-22013113#sa-ns_mchannel=rss&ns_source=PublicRSS20-sa
20130403,253557736,20130403,SYRIAN,SYR,LEBANON,LBN,192,영토 점령,19,4,-9.5,6,1,6,0.574712643678161,"Arsal, Mohafazat Baalbek-Hermel, Lebanon",LE,http://www.bbc.co.uk/news/world-middle-east-22013113#sa-ns_mchannel=rss&ns_source=PublicRSS20-sa
20130403,253557737,20130403,SYRIAN,SYR,LEBANON,LBN,192,영토 점령,19,4,-9.5,1,1,1,0.574712643678161,Syria,SY,http://www.bbc.co.uk/news/world-middle-east-22013113#sa-ns_mchannel=rss&ns_source=PublicRSS20-sa
20130403,253557738,20130403,SYRIAN,SYR,LEBANESE,LBN,194,포병·전차를 이용한 전투,19,4,-10.0,8,1,8,0.961538461538462,"Golan Heights, Syria (general), Syria",SY,"http://www.ynetnews.com/articles/0,7340,L-4363657,00.html"
20130403,253557739,20130403,SYRIAN,SYR,LEBANESE,LBN,194,포병·전차를 이용한 전투,19,4,-10.0,8,1,8,0.709219858156028,"Arsal, Mohafazat Baalbek-Hermel, Lebanon",LE,http://news.yahoo.com/syrian-jet-fires-missile-lebanese-town-105643664.html
20130403,253557740,20130403,SYRIA,SYR,LEBANON,LBN,194,포병·전차를 이용한 전투,19,4,-10.0,4,2,4,1.39820042342978,Syria,SY,http://thestar.com.my/news/story.asp?file=/2013/4/3/worldupdates/syrian-jet-fires-missile-onto-lebanese-territory&sec=Worldupdates
20130403,253557741,20130403,SYRIAN,SYR,LEBANESE,LBN,194,포병·전차를 이용한 전투,19,4,-10.0,2,2,2,1.39820042342978,Syria,SY,http://thestar.com.my/news/story.asp?file=/2013/4/3/worldupdates/syrian-jet-fires-missile-onto-lebanese-territory&sec=Worldupdates
20130403,253557742,20130403,SYRIAN,SYR,LEBANESE,LBN,194,포병·전차를 이용한 전투,19,4,-10.0,13,3,13,1.29743227837794,Syria,SY,http://thestar.com.my/news/story.asp?file=/2013/4/3/worldupdates/syrian-jet-fires-missile-onto-lebanese-territory&sec=Worldupdates
20130403,253557743,20130403,SYRIAN,SYR,LEBANON,LBN,194,포병·전차를 이용한 전투,19,4,-10.0,1,1,1,0.961538461538462,"Arsal, Mohafazat Baalbek-Hermel, Lebanon",LE,http://en.trend.az/news/incident/2135223.html
20130403,253557744,20130403,SYRIAN,SYR,LEBANON,LBN,195,공중무기 사용,19,4,-10.0,13,2,13,1.32756020179955,"Arsal, Mohafazat Baalbek-Hermel, Lebanon",LE,http://www.bbc.co.uk/news/world-middle-east-22013113#sa-ns_mchannel=rss&ns_source=PublicRSS20-sa
20130403,253557745,20130403,SYRIAN,SYR,LEBANESE,LBN,195,공중무기 사용,19,4,-10.0,10,4,10,0.484653392347888,Syria,SY,http://www.thisdaylive.com/articles/syrian-jet-flies-into-lebanon-fires-missile/143956/
20130403,253557746,20130403,SYRIAN,SYR,LEBANON,LBN,195,공중무기 사용,19,4,-10.0,8,1,8,2.20588235294118,Syria,SY,http://www.dailystar.com.lb/News/Politics/2013/Apr-03/212420-syrian-jets-fire-missile-at-arsal-home-nna.ashx
20130403,253557747,20130403,SYRIAN,SYR,LEBANON,LBN,195,공중무기 사용,19,4,-10.0,8,1,8,1.54867256637168,Syria,SY,http://www.dailystar.com.lb/News/Local-News/2013/Apr-04/212521-syrian-regime-targets-smuggling-routes-near-arsal-in-fresh-airstrikes.ashx
20130403,253557748,20130403,SYRIAN,SYR,LEBANESE,LBN,195,공중무기 사용,19,4,-10.0,50,4,50,0.484653392347888,"Arsal, Mohafazat Baalbek-Hermel, Lebanon",LE,http://www.thisdaylive.com/articles/syrian-jet-flies-into-lebanon-fires-missile/143956/
20130403,253557749,20130403,SYRIA,SYR,LEBANON,LBN,195,공중무기 사용,19,4,-10.0,21,5,21,0.507362205166487,Syria,SY,http://en.trend.az/news/incident/2135223.html
20130403,253557750,20130403,SYRIAN,SYR,LEBANON,LBN,195,공중무기 사용,19,4,-10.0,8,2,8,0.913185234305924,Syria,SY,http://en.trend.az/news/incident/2135223.html
20130403,253557942,20130403,SYRIAN,SYR,IRANIAN,IRN,154,군 병력 동원·증강,15,4,-7.2,6,1,6,2.30414746543779,Iran,IR,http://www.jpost.com/MiddleEast/Article.aspx?id=308598&R=R3
20130403,253557944,20130403,SYRIAN,SYR,LEBANON,LBN,194,포병·전차를 이용한 전투,19,4,-10.0,6,1,6,0.961538461538462,Syria,SY,http://en.trend.az/news/incident/2135223.html
20130403,253558331,20130403,TURKEY,TUR,EGYPT,EGY,154,군 병력 동원·증강,15,4,-7.2,2,2,2,1.0551725854217,"Istanbul, Istanbul, Turkey",TU,http://www.thenews.com.pk/article-95174-Kerry-to-make-new-Middle-East-visit--
20130403,253558332,20130403,TURKEY,TUR,EGYPT,EGY,154,군 병력 동원·증강,15,4,-7.2,4,2,4,1.0551725854217,"Istanbul, Istanbul, Turkey",TU,http://www.thenews.com.pk/article-95174-Kerry-to-make-new-Middle-East-visit--
20130403,253558454,20130403,TURKEY,TUR,ISRAEL,ISR,190,재래식 군사력 사용,19,4,-10.0,1,1,1,1.22699386503067,Turkey,TU,http://www.voanews.com/content/us-secretary-of-state-kerry-turkey-israel/1634082.html
20130403,253558455,20130403,TURKEY,TUR,ISRAEL,ISR,190,재래식 군사력 사용,19,4,-10.0,5,1,5,1.22699386503067,"Gaza, Israel (general), Israel",IS,http://www.voanews.com/content/us-secretary-of-state-kerry-turkey-israel/1634082.html
20130403,253558509,20130403,TURKEY,TUR,GAZA,PSE,190,재래식 군사력 사용,19,4,-10.0,1,1,1,1.22699386503067,Turkey,TU,http://www.voanews.com/content/us-secretary-of-state-kerry-turkey-israel/1634082.html
20130403,253558510,20130403,TURKEY,TUR,GAZA,PSE,190,재래식 군사력 사용,19,4,-10.0,3,1,3,1.22699386503067,"Gaza, Israel (general), Israel",IS,http://www.voanews.com/content/us-secretary-of-state-kerry-turkey-israel/1634082.html
20130403,253558515,20130403,TURKISH,TUR,HAMAS,PSE,190,재래식 군사력 사용,19,4,-10.0,1,1,1,0.0,"Ghardaia, GhardaïAG, Algeria",AG,BBC Monitoring
20130403,253558516,20130403,TURKISH,TUR,HAMAS,PSE,190,재래식 군사력 사용,19,4,-10.0,1,1,1,0.0,"Ghardaia, GhardaïAG, Algeria",AG,BBC Monitoring
20130403,253558747,20130403,TURKISH,TUR,HAMAS,PSE,190,재래식 군사력 사용,19,4,-10.0,6,1,6,0.0,"Ghardaia, GhardaïAG, Algeria",AG,BBC Monitoring
20130404,253567623,20130403,ISRAEL,ISR,GAZA,PSE,138,군사력 사용 위협,13,3,-7.0,2,1,2,0.595238095238095,"Jerusalem, Israel (general), Israel",IS,http://zeenews.india.com/news/world/gaza-rockets-pound-southern-israel-for-third-day-palestinian-killed_839695.html
20130404,253567627,20130403,ISRAEL,ISR,WEST BANK,PSE,193,소형무기·경무기를 이용한 전투,19,4,-10.0,1,1,1,0.402414486921529,"Gaza, Israel (general), Israel",IS,http://www.taipeitimes.com/News/world/archives/2013/04/05/2003558867
20130404,253567628,20130403,ISRAEL,ISR,WEST BANK,PSE,193,소형무기·경무기를 이용한 전투,19,4,-10.0,1,1,1,0.402414486921529,"Gaza, Israel (general), Israel",IS,http://www.taipeitimes.com/News/world/archives/2013/04/05/2003558867
20130404,253567635,20130403,ISRAELI,ISR,GAZA,PSE,138,군사력 사용 위협,13,3,-7.0,4,1,4,0.595238095238095,"Jerusalem, Israel (general), Israel",IS,http://zeenews.india.com/news/world/gaza-rockets-pound-southern-israel-for-third-day-palestinian-killed_839695.html
20130404,253567714,20130403,PALESTINIAN,PSE,ISRAEL,ISR,193,소형무기·경무기를 이용한 전투,19,4,-10.0,1,1,1,0.402414486921529,"Red Sea, Djibouti (general), Djibouti",DJ,http://www.taipeitimes.com/News/world/archives/2013/04/05/2003558867
20130404,253567715,20130403,PALESTINIAN,PSE,ISRAEL,ISR,193,소형무기·경무기를 이용한 전투,19,4,-10.0,1,1,1,0.402414486921529,"Jerusalem, Israel (general), Israel",IS,http://www.taipeitimes.com/News/world/archives/2013/04/05/2003558867
20130404,253580043,20130404,EGYPTIAN,EGY,ISRAEL,ISR,195,공중무기 사용,19,4,-10.0,4,1,4,1.48026315789474,"Gaza, Israel (general), Israel",IS,http://en.rian.ru/papers/20130404/180437556.html
20130404,253580079,20130404,EGYPTIAN,EGY,GAZA,PSE,195,공중무기 사용,19,4,-10.0,6,1,6,1.48026315789474,"Gaza, Israel (general), Israel",IS,http://en.rian.ru/papers/20130404/180437556.html
20130404,253580083,20130404,EGYPT,EGY,HAMAS,PSE,190,재래식 군사력 사용,19,4,-10.0,10,1,10,1.82767624020888,"Gaza, Israel (general), Israel",IS,http://www.israelnationalnews.com/News/News.aspx/166755
20130404,253586279,20130404,IRANIAN,IRN,IRAQI,IRQ,190,재래식 군사력 사용,19,4,-10.0,2,1,2,0.0,Northern Mariana Islands,CQ,BBC Monitoring
20130404,253586296,20130404,IRANIAN,IRN,TEL AVIV,ISR,138,군사력 사용 위협,13,3,-7.0,3,1,3,1.2987012987013,Iran,IR,http://www.washingtonpost.com/opinions/michael-gerson-irans-hate-speech-is-an-incitement-to-genocide/2013/04/04/2686e7a8-9ca1-11e2-9a79-eb5280c81c63_story.html?wprss=rss_rightleaning
20130404,253586394,20130404,IRAN,IRN,SYRIA,SYR,163,금수·보이콧·제재 부과,16,4,-8.0,1,1,1,1.985559566787,Syria,SY,http://www.hindustantimes.com/world-news/Americas/Prospects-for-global-arms-treaty-slim-in-US-Senate/Article1-1037066.aspx
20130404,253586395,20130404,IRAN,IRN,SYRIA,SYR,163,금수·보이콧·제재 부과,16,4,-8.0,1,1,1,1.985559566787,Syria,SY,http://www.hindustantimes.com/world-news/Americas/Prospects-for-global-arms-treaty-slim-in-US-Senate/Article1-1037066.aspx
20130404,253586396,20130404,IRAN,IRN,SYRIA,SYR,163,금수·보이콧·제재 부과,16,4,-8.0,3,1,3,1.985559566787,Syria,SY,http://www.hindustantimes.com/world-news/Americas/Prospects-for-global-arms-treaty-slim-in-US-Senate/Article1-1037066.aspx
20130404,253586460,20130404,IRAN,IRN,ISRAEL,ISR,138,군사력 사용 위협,13,3,-7.0,10,1,10,0.0,"Fesenko, Donets'ka Oblast', Ukraine",UP,BBC Monitoring
20130404,253586561,20130404,BAGHDAD,IRQ,SYRIA,SYR,195,공중무기 사용,19,4,-10.0,10,1,10,0.0,"Fesenko, Donets'ka Oblast', Ukraine",UP,BBC Monitoring
20130404,253586834,20130404,ISRAEL,ISR,IRANIAN,IRN,138,군사력 사용 위협,13,3,-7.0,1,1,1,1.2987012987013,"Tel Aviv, Tel Aviv, Israel",IS,http://www.washingtonpost.com/opinions/michael-gerson-irans-hate-speech-is-an-incitement-to-genocide/2013/04/04/2686e7a8-9ca1-11e2-9a79-eb5280c81c63_story.html?wprss=rss_rightleaning
20130404,253586835,20130404,ISRAEL,ISR,IRANIAN,IRN,138,군사력 사용 위협,13,3,-7.0,1,1,1,1.2987012987013,Iran,IR,http://www.washingtonpost.com/opinions/michael-gerson-irans-hate-speech-is-an-incitement-to-genocide/2013/04/04/2686e7a8-9ca1-11e2-9a79-eb5280c81c63_story.html?wprss=rss_rightleaning
20130404,253586914,20130404,ISRAEL,ISR,JORDAN,JOR,190,재래식 군사력 사용,19,4,-10.0,4,1,4,2.2673031026253,"New York, United States",US,http://www.theglobeandmail.com/news/world/syrian-insurgents-close-in-on-key-southern-town/article10794009/?cmpid=rss1
20130404,253586915,20130404,ISRAEL,ISR,JORDAN,JOR,190,재래식 군사력 사용,19,4,-10.0,6,1,6,2.2673031026253,"New York, United States",US,http://www.theglobeandmail.com/news/world/syrian-insurgents-close-in-on-key-southern-town/article10794009/?cmpid=rss1
20130404,253587081,20130404,ISRAEL,ISR,GAZA,PSE,138,군사력 사용 위협,13,3,-7.0,3,2,3,0.558951001764767,"Jerusalem, Israel (general), Israel",IS,http://www.cbc.ca/news/world/story/2013/04/04/gaza-rockets-israel.html?cmp=rss
20130404,253587082,20130404,ISRAEL,ISR,GAZA,PSE,138,군사력 사용 위협,13,3,-7.0,1,1,1,1.02827763496144,"Gaza, Israel (general), Israel",IS,http://cnsnews.com/news/article/thousands-palestinians-protest-west-bank
20130404,253587083,20130404,ISRAEL,ISR,GAZA,PSE,138,군사력 사용 위협,13,3,-7.0,73,13,73,1.25411954660207,"Gaza, Israel (general), Israel",IS,http://www.hurriyetdailynews.com/tension-high-in-west-bank-as-funerals-held.aspx?pageID=238&nid=44297&NewsCatID=352
20130404,253587084,20130404,ISRAEL,ISR,GAZA,PSE,138,군사력 사용 위협,13,3,-7.0,2,1,2,1.02827763496144,"Gaza, Israel (general), Israel",IS,http://cnsnews.com/news/article/thousands-palestinians-protest-west-bank
20130404,253587122,20130404,ISRAELI,ISR,PALESTINIAN,PSE,190,재래식 군사력 사용,19,4,-10.0,1,1,1,0.0,"Kiev, Ukraine (general), Ukraine",UP,BBC Monitoring
20130404,253587123,20130404,ISRAEL,ISR,PALESTINIAN,PSE,190,재래식 군사력 사용,19,4,-10.0,2,1,2,1.22950819672131,"Ankara, Ankara, Turkey",TU,http://www.hurriyetdailynews.com/tension-high-in-west-bank-as-funerals-held.aspx?pageID=238&nid=44297&NewsCatID=352
20130404,253587124,20130404,ISRAEL,ISR,WEST BANK,PSE,190,재래식 군사력 사용,19,4,-10.0,2,1,2,0.558116961902451,"Beer Sheva, HaDarom, Israel",IS,http://article.wn.com/view/2013/04/04/Israeli_troops_shoot_dead_two_Palestinian_youths_in_West_Ban
20130404,253587125,20130404,ISRAELI,ISR,PALESTINIAN,PSE,190,재래식 군사력 사용,19,4,-10.0,35,5,35,1.79737780886972,"Hebron, Israel (general), Israel",IS,http://www.csmonitor.com/World/Middle-East/2013/0404/Palestinian-prisoner-deaths-cause-a-spark-but-unlikely-to-start-a-blaze
20130404,253587126,20130404,ISRAELI,ISR,PALESTINIAN,PSE,190,재래식 군사력 사용,19,4,-10.0,1,1,1,0.772200772200772,"Nablus, West Bank (general), West Bank",WE,http://reliefweb.int/report/occupied-palestinian-territory/body-2nd-palestinian-shot-wbank-clash-found-medics
20130404,253587127,20130404,ISRAELI,ISR,WEST BANK,PSE,190,재래식 군사력 사용,19,4,-10.0,4,1,4,1.09739368998628,"Hebron, Israel (general), Israel",IS,http://www.dailystar.com.lb/News/Middle-East/2013/Apr-05/212662-palestinian-funerals-draw-thousands-in-tense-west-bank.ashx
20130404,253587128,20130404,ISRAELI,ISR,PALESTINIAN,PSE,190,재래식 군사력 사용,19,4,-10.0,6,2,6,0.82639959183169,"Nablus, West Bank (general), West Bank",WE,http://reliefweb.int/report/occupied-palestinian-territory/body-2nd-palestinian-shot-wbank-clash-found-medics
20130404,253587129,20130404,ISRAEL,ISR,WEST BANK,PSE,190,재래식 군사력 사용,19,4,-10.0,2,1,2,0.558116961902451,"Hebron, Israel (general), Israel",IS,http://article.wn.com/view/2013/04/04/Israeli_troops_shoot_dead_two_Palestinian_youths_in_West_Ban
20130404,253587130,20130404,ISRAEL,ISR,WEST BANK,PSE,190,재래식 군사력 사용,19,4,-10.0,4,1,4,0.558116961902451,"Ramallah, West Bank (general), West Bank",WE,http://article.wn.com/view/2013/04/04/Israeli_troops_shoot_dead_two_Palestinian_youths_in_West_Ban
20130404,253587131,20130404,ISRAEL,ISR,WEST BANK,PSE,190,재래식 군사력 사용,19,4,-10.0,16,1,16,0.941998802167929,"Hebron, Israel (general), Israel",IS,http://www.jpost.com/DiplomacyAndPolitics/Article.aspx?ID=308621&R=R1
20130404,253587132,20130404,ISRAELI,ISR,WEST BANK,PSE,190,재래식 군사력 사용,19,4,-10.0,12,3,12,0.998811863009393,"Hebron, Israel (general), Israel",IS,http://reliefweb.int/report/occupied-palestinian-territory/body-2nd-palestinian-shot-wbank-clash-found-medics
20130404,253587133,20130404,ISRAELI,ISR,WEST BANK,PSE,190,재래식 군사력 사용,19,4,-10.0,4,3,4,0.967825857777283,"Tulkarem, West Bank (general), West Bank",WE,http://www.hurriyetdailynews.com/tension-high-in-west-bank-as-funerals-held.aspx?pageID=238&nid=44297&NewsCatID=352
20130404,253587134,20130404,ISRAEL,ISR,PALESTINIAN,PSE,190,재래식 군사력 사용,19,4,-10.0,1,1,1,2.54237288135593,"Hebron, Israel (general), Israel",IS,http://www.asianews.it/news-en/Israeli-soldiers-clash-with-thousands-of-Palestinian-protesters-in-Hebron-27570.html
20130404,253587135,20130404,ISRAEL,ISR,PALESTINIAN,PSE,190,재래식 군사력 사용,19,4,-10.0,4,1,2,0.558116961902451,"Jerusalem, Israel (general), Israel",IS,http://article.wn.com/view/2013/04/04/Israeli_troops_shoot_dead_two_Palestinian_youths_in_West_Ban
20130404,253587136,20130404,ISRAEL,ISR,PALESTINIAN,PSE,190,재래식 군사력 사용,19,4,-10.0,6,2,6,2.17150600077429,"Hebron, Israel (general), Israel",IS,http://news.yahoo.com/palestinian-prisoner-deaths-cause-spark-unlikely-start-blaze-203737281.html
20130404,253587137,20130404,ISRAEL,ISR,WEST BANK,PSE,190,재래식 군사력 사용,19,4,-10.0,2,1,2,0.772200772200772,"Nablus, West Bank (general), West Bank",WE,http://reliefweb.int/report/occupied-palestinian-territory/body-2nd-palestinian-shot-wbank-clash-found-medics
20130404,253587138,20130404,JERUSALEM,ISR,WEST BANK,PSE,190,재래식 군사력 사용,19,4,-10.0,2,1,2,1.48148148148148,"Ramallah, West Bank (general), West Bank",WE,http://www.bbc.co.uk/news/world-middle-east-22025599#sa-ns_mchannel=rss&ns_source=PublicRSS20-sa
20130404,253587139,20130404,ISRAELI,ISR,WEST BANK,PSE,190,재래식 군사력 사용,19,4,-10.0,1,1,1,1.22950819672131,"Tulkarem, West Bank (general), West Bank",WE,http://www.hurriyetdailynews.com/tension-high-in-west-bank-as-funerals-held.aspx?pageID=238&nid=44297&NewsCatID=352
20130404,253587140,20130404,ISRAELI,ISR,WEST BANK,PSE,190,재래식 군사력 사용,19,4,-10.0,2,1,2,1.09739368998628,"Hebron, Israel (general), Israel",IS,http://www.dailystar.com.lb/News/Middle-East/2013/Apr-05/212662-palestinian-funerals-draw-thousands-in-tense-west-bank.ashx
20130404,253587141,20130404,ISRAELI,ISR,WEST BANK,PSE,190,재래식 군사력 사용,19,4,-10.0,28,5,28,0.844287357619594,"Jerusalem, Israel (general), Israel",IS,http://thestar.com.my/news/story.asp?file=/2013/4/5/worldupdates/palestinian-funerals-draw-thousands-in-tense-west-bank&sec=Worldupdates
20130404,253587142,20130404,ISRAEL,ISR,WEST BANK,PSE,190,재래식 군사력 사용,19,4,-10.0,1,1,1,1.06609808102345,"Jerusalem, Israel (general), Israel",IS,http://www.israelnationalnews.com/News/News.aspx/166771
20130404,253587143,20130404,JERUSALEM,ISR,WEST BANK,PSE,190,재래식 군사력 사용,19,4,-10.0,2,1,2,1.48148148148148,"Jerusalem, Israel (general), Israel",IS,http://www.bbc.co.uk/news/world-middle-east-22025599#sa-ns_mchannel=rss&ns_source=PublicRSS20-sa
20130404,253587144,20130404,ISRAEL,ISR,WEST BANK,PSE,190,재래식 군사력 사용,19,4,-10.0,1,1,1,1.06609808102345,"Jerusalem, Israel (general), Israel",IS,http://www.israelnationalnews.com/News/News.aspx/166771
20130404,253587145,20130404,ISRAELI,ISR,WEST BANK,PSE,190,재래식 군사력 사용,19,4,-10.0,12,2,12,1.4372152696098,"Jerusalem, Israel (general), Israel",IS,http://worldnews.nbcnews.com/_news/2013/04/04/17598805-palestinian-funerals-draw-thousands-amid-some-of-worst-west-bank-violence-in-years?lite
20130404,253587146,20130404,ISRAEL,ISR,WEST BANK,PSE,190,재래식 군사력 사용,19,4,-10.0,3,1,3,0.311211878195037,"Jerusalem, Israel (general), Israel",IS,http://edition.cnn.com/2013/04/04/world/meast/west-bank-tensions/index.html?eref=edition
20130404,253587147,20130404,ISRAELI,ISR,PALESTINIAN,PSE,190,재래식 군사력 사용,19,4,-10.0,77,13,64,0.32707190300403,"Jerusalem, Israel (general), Israel",IS,http://edition.cnn.com/2013/04/04/world/meast/west-bank-tensions/index.html?eref=edition
20130404,253587148,20130404,ISRAEL,ISR,PALESTINIAN,PSE,190,재래식 군사력 사용,19,4,-10.0,9,2,9,2.17150600077429,"Hebron, Israel (general), Israel",IS,http://news.yahoo.com/palestinian-prisoner-deaths-cause-spark-unlikely-start-blaze-203737281.html
20130404,253587149,20130404,ISRAEL,ISR,PALESTINIAN,PSE,190,재래식 군사력 사용,19,4,-10.0,13,7,13,1.3152389164646,"Tulkarem, West Bank (general), West Bank",WE,http://timesofindia.indiatimes.com/world/rest-of-world/Thousands-of-Palestinians-protest-in-West-Bank/articleshow/19385532.cms
20130404,253587150,20130404,ISRAELI,ISR,PALESTINIAN,PSE,190,재래식 군사력 사용,19,4,-10.0,56,12,56,1.2626818278984,"Gaza, Israel (general), Israel",IS,http://www.globalsecurity.org/military/library/news/2013/04/mil-130404-presstv03.htm
20130404,253587151,20130404,ISRAEL,ISR,PALESTINIAN,PSE,190,재래식 군사력 사용,19,4,-10.0,2,1,2,1.52284263959391,West Bank,WE,http://www.philippinetimes.com/index.php/sid/213601087/scat/2411cd3571b4f088
20130404,253587152,20130404,ISRAEL,ISR,GAZA,PSE,190,재래식 군사력 사용,19,4,-10.0,1,1,1,1.05820105820106,"Gaza, Israel (general), Israel",IS,http://www.aljazeera.com/news/middleeast/2013/04/20134445916413847.html
20130404,253587153,20130404,ISRAEL,ISR,WEST BANK,PSE,190,재래식 군사력 사용,19,4,-10.0,4,1,4,0.793650793650794,"Gaza, Israel (general), Israel",IS,http://www.haaretz.com/news/diplomacy-defense/gaza-rockets-fired-at-south-israel-as-palestinians-clash-with-idf-in-west-bank.premium-1.513415?localLinksEnabled=false
20130404,253587154,20130404,ISRAELI,ISR,WEST BANK,PSE,190,재래식 군사력 사용,19,4,-10.0,1,1,1,2.24089635854342,West Bank,WE,http://www.news24.com/World/News/Kerry-returning-to-Middle-East-20130404
20130404,253587155,20130404,ISRAEL,ISR,PALESTINIAN,PSE,190,재래식 군사력 사용,19,4,-10.0,4,1,4,0.481927710843374,Guam,GQ,http://www.dw.de/israeli-forces-kill-two-teenage-palestinian-protesters-in-west-bank/a-16718493?maca=en-rss-en-all-1573-rdf
20130404,253587156,20130404,ISRAELI,ISR,PALESTINIAN,PSE,190,재래식 군사력 사용,19,4,-10.0,5,1,5,2.17391304347826,Israel,IS,http://www.philippinetimes.com/index.php/sid/213601477/scat/2411cd3571b4f088
20130404,253587157,20130404,ISRAELI,ISR,PALESTINIAN,PSE,190,재래식 군사력 사용,19,4,-10.0,1,1,1,0.0,Kazakhstan,KZ,BBC Monitoring
20130404,253587158,20130404,ISRAEL,ISR,PALESTINIAN,PSE,190,재래식 군사력 사용,19,4,-10.0,1,1,1,0.558116961902451,"Pennsylvania, United States",US,http://article.wn.com/view/2013/04/04/Israeli_troops_shoot_dead_two_Palestinian_youths_in_West_Ban
20130404,253587159,20130404,ISRAELI,ISR,WEST BANK,PSE,190,재래식 군사력 사용,19,4,-10.0,1,1,1,2.24089635854342,"Gaza, Israel (general), Israel",IS,http://www.news24.com/World/News/Kerry-returning-to-Middle-East-20130404
20130404,253587160,20130404,ISRAEL,ISR,GAZA,PSE,192,영토 점령,19,4,-9.5,5,1,5,1.05263157894737,"Gaza, Israel (general), Israel",IS,http://www.upi.com/Top_News/World-News/2013/04/04/Rocket-mortars-fired-into-Israel/UPI-54591365076316/
20130404,253587161,20130404,ISRAELI,ISR,PALESTINIAN,PSE,193,소형무기·경무기를 이용한 전투,19,4,-10.0,2,1,2,0.402414486921529,"Red Sea, Djibouti (general), Djibouti",DJ,http://www.taipeitimes.com/News/world/archives/2013/04/05/2003558867
20130404,253587162,20130404,ISRAEL,ISR,WEST BANK,PSE,193,소형무기·경무기를 이용한 전투,19,4,-10.0,1,1,1,0.402414486921529,"Gaza, Israel (general), Israel",IS,http://www.taipeitimes.com/News/world/archives/2013/04/05/2003558867
20130404,253587163,20130404,ISRAELI,ISR,PALESTINIAN,PSE,193,소형무기·경무기를 이용한 전투,19,4,-10.0,1,1,1,0.402414486921529,"Eilat, HaDarom, Israel",IS,http://www.taipeitimes.com/News/world/archives/2013/04/05/2003558867
20130404,253587164,20130404,ISRAELI,ISR,PALESTINIAN,PSE,193,소형무기·경무기를 이용한 전투,19,4,-10.0,1,1,1,0.402414486921529,"Jerusalem, Israel (general), Israel",IS,http://www.taipeitimes.com/News/world/archives/2013/04/05/2003558867
20130404,253587165,20130404,ISRAELI,ISR,PALESTINIAN,PSE,193,소형무기·경무기를 이용한 전투,19,4,-10.0,118,17,118,1.0780100234314,"Hebron, Israel (general), Israel",IS,http://www.nzherald.co.nz/world/news/article.cfm?c_id=2&objectid=10875524&ref=rss
20130404,253587166,20130404,ISRAELI,ISR,PALESTINIAN,PSE,193,소형무기·경무기를 이용한 전투,19,4,-10.0,1,1,1,1.09739368998628,"Hebron, Israel (general), Israel",IS,http://www.dailystar.com.lb/News/Middle-East/2013/Apr-05/212662-palestinian-funerals-draw-thousands-in-tense-west-bank.ashx
20130404,253587167,20130404,ISRAELI,ISR,PALESTINIAN,PSE,193,소형무기·경무기를 이용한 전투,19,4,-10.0,1,1,1,2.6525198938992,Israel,IS,http://dawn.com/2013/04/04/israeli-escalation-endangers-us-peace-efforts-abbas/
20130404,253587168,20130404,ISRAELI,ISR,PALESTINIAN,PSE,193,소형무기·경무기를 이용한 전투,19,4,-10.0,20,9,20,1.2210354895068,"Tulkarem, West Bank (general), West Bank",WE,http://www.nzherald.co.nz/world/news/article.cfm?c_id=2&objectid=10875524&ref=rss
20130404,253587169,20130404,ISRAELI,ISR,PALESTINIAN,PSE,193,소형무기·경무기를 이용한 전투,19,4,-10.0,12,5,12,1.21546875797139,"Jerusalem, Israel (general), Israel",IS,http://www.dailystar.com.lb/News/Middle-East/2013/Apr-05/212662-palestinian-funerals-draw-thousands-in-tense-west-bank.ashx
20130404,253587170,20130404,ISRAELI,ISR,PALESTINIAN,PSE,193,소형무기·경무기를 이용한 전투,19,4,-10.0,2,2,2,0.851613747525804,"Gaza, Israel (general), Israel",IS,http://www.independent.co.uk/news/world/middle-east/hundreds-of-palestinian-protesters-clash-with-israeli-security-forces-at-west-bank-funeral-of-prisoner-maysara-abu-hamdiyeh-8560550.html
20130404,253587171,20130404,ISRAELI,ISR,PALESTINIAN,PSE,193,소형무기·경무기를 이용한 전투,19,4,-10.0,21,5,21,1.18600660301396,"Gaza, Israel (general), Israel",IS,http://www.taipeitimes.com/News/world/archives/2013/04/05/2003558867
20130404,253587172,20130404,ISRAELI,ISR,GAZA,PSE,193,소형무기·경무기를 이용한 전투,19,4,-10.0,1,1,1,0.3125,"Gaza, Israel (general), Israel",IS,http://en.trend.az/news/arisc/2135317.html
20130404,253587173,20130404,ISRAEL,ISR,WEST BANK,PSE,193,소형무기·경무기를 이용한 전투,19,4,-10.0,36,4,36,1.38652130280591,Gaza Strip,GZ,http://www.reuters.com/article/2013/04/04/us-israel-palestinians-idUSBRE93208F20130404?feedType=RSS&feedName=topNews
20130404,253587174,20130404,ISRAELI,ISR,WEST BANK,PSE,193,소형무기·경무기를 이용한 전투,19,4,-10.0,16,1,16,3.03904532763025,"Hawaii, United States",US,http://www.philippinetimes.com/index.php/sid/213597047/scat/2411cd3571b4f088
20130404,253587175,20130404,ISRAEL,ISR,PALESTINIAN,PSE,193,소형무기·경무기를 이용한 전투,19,4,-10.0,7,3,7,1.61155210416294,Israel,IS,http://www.google.com/hostednews/afp/article/ALeqM5g6CqUwppRcc5q9KKVy_rHqwRD0TA?docId=CNG.b731fbf3e0f95c167d536e90ee175296.4f1
20130404,253587176,20130404,ISRAELI,ISR,PALESTINIAN,PSE,193,소형무기·경무기를 이용한 전투,19,4,-10.0,4,1,4,0.858384910109048,West Bank,WE,http://www.trust.org/alertnet/multimedia/pictures/detail.dot?mediaInode=cebe2bad-fc54-4237-b414-6b5723c52b63
20130404,253587177,20130404,ISRAELI,ISR,PALESTINIAN,PSE,193,소형무기·경무기를 이용한 전투,19,4,-10.0,1,1,1,0.3125,Norway,NO,http://en.trend.az/news/arisc/2135317.html
20130404,253587178,20130404,ISRAEL,ISR,PALESTINIAN,PSE,194,포병·전차를 이용한 전투,19,4,-10.0,4,1,4,0.793650793650794,"Hebron, Israel (general), Israel",IS,http://www.haaretz.com/news/diplomacy-defense/gaza-rockets-fired-at-south-israel-as-palestinians-clash-with-idf-in-west-bank.premium-1.513415?localLinksEnabled=false
20130404,253587179,20130404,ISRAEL,ISR,PALESTINIAN,PSE,194,포병·전차를 이용한 전투,19,4,-10.0,2,1,2,1.47058823529412,"Gaza, Israel (general), Israel",IS,http://www.startribune.com/world/201542801.html
20130404,253587180,20130404,ISRAEL,ISR,GAZA,PSE,194,포병·전차를 이용한 전투,19,4,-10.0,4,1,4,1.45118733509235,"Hebron, Israel (general), Israel",IS,http://www.washingtonpost.com/world/middle_east/thousands-march-in-funerals-for-palestinians-as-tensions-mount/2013/04/04/980f2b22-9d48-11e2-a941-a19bce7af755_story.html?wprss=rss_world
20130404,253587181,20130404,ISRAEL,ISR,GAZA,PSE,194,포병·전차를 이용한 전투,19,4,-10.0,12,1,12,1.45118733509235,Gaza Strip,GZ,http://www.washingtonpost.com/world/middle_east/thousands-march-in-funerals-for-palestinians-as-tensions-mount/2013/04/04/980f2b22-9d48-11e2-a941-a19bce7af755_story.html?wprss=rss_world
20130404,253587182,20130404,ISRAEL,ISR,GAZA,PSE,194,포병·전차를 이용한 전투,19,4,-10.0,4,1,4,1.45118733509235,"Jerusalem, Israel (general), Israel",IS,http://www.washingtonpost.com/world/middle_east/thousands-march-in-funerals-for-palestinians-as-tensions-mount/2013/04/04/980f2b22-9d48-11e2-a941-a19bce7af755_story.html?wprss=rss_world
20130404,253587183,20130404,ISRAEL,ISR,GAZA,PSE,194,포병·전차를 이용한 전투,19,4,-10.0,1,1,1,1.02827763496144,"Gaza, Israel (general), Israel",IS,http://cnsnews.com/news/article/thousands-palestinians-protest-west-bank
20130404,253587184,20130404,ISRAEL,ISR,GAZA,PSE,194,포병·전차를 이용한 전투,19,4,-10.0,1,1,1,1.22950819672131,"Tulkarem, West Bank (general), West Bank",WE,http://www.hurriyetdailynews.com/tension-high-in-west-bank-as-funerals-held.aspx?pageID=238&nid=44297&NewsCatID=352
20130404,253587185,20130404,ISRAEL,ISR,PALESTINIAN,PSE,194,포병·전차를 이용한 전투,19,4,-10.0,8,4,8,1.52399268920396,"Gaza, Israel (general), Israel",IS,http://www.startribune.com/world/201542801.html
20130404,253587186,20130404,ISRAEL,ISR,GAZA,PSE,194,포병·전차를 이용한 전투,19,4,-10.0,11,6,11,1.39669502210839,Gaza Strip,GZ,http://www.timesofmalta.com/articles/view/20130404/world/Hostilities-flare-along-Israeli-Gaza-border.464187
20130404,253587187,20130404,ISRAEL,ISR,GAZA,PSE,194,포병·전차를 이용한 전투,19,4,-10.0,15,8,15,1.34291941288184,"Gaza, Israel (general), Israel",IS,http://timesofindia.indiatimes.com/world/rest-of-world/Thousands-of-Palestinians-protest-in-West-Bank/articleshow/19385532.cms
20130404,253587188,20130404,ISRAEL,ISR,PALESTINIAN,PSE,194,포병·전차를 이용한 전투,19,4,-10.0,4,1,4,0.0,"Fesenko, Donets'ka Oblast', Ukraine",UP,BBC Monitoring
20130404,253587189,20130404,ISRAEL,ISR,GAZA,PSE,195,공중무기 사용,19,4,-10.0,1,1,1,0.0,"Kiev, Ukraine (general), Ukraine",UP,BBC Monitoring
20130404,253587190,20130404,ISRAELI,ISR,GAZA,PSE,195,공중무기 사용,19,4,-10.0,3,1,3,0.0,"Rivne, Krym, Avtonomna Respublika, Ukraine",UP,BBC Monitoring
20130404,253587191,20130404,ISRAELI,ISR,GAZA,PSE,195,공중무기 사용,19,4,-10.0,8,1,8,0.0,Israel,IS,http://5.153.12.16/portal/en/news/554640
20130404,253587204,20130404,ISRAELI,ISR,PALESTINIAN,PSE,190,재래식 군사력 사용,19,4,-10.0,4,1,4,0.481927710843374,Guam,GQ,http://www.dw.de/israeli-forces-kill-two-teenage-palestinian-protesters-in-west-bank/a-16718493?maca=en-rss-en-all-1573-rdf
20130404,253587205,20130404,ISRAELI,ISR,PALESTINIAN,PSE,193,소형무기·경무기를 이용한 전투,19,4,-10.0,2,1,2,0.3125,"Jerusalem, Israel (general), Israel",IS,http://en.trend.az/news/arisc/2135317.html
20130404,253587213,20130404,ISRAELI,ISR,HAMAS,PSE,190,재래식 군사력 사용,19,4,-10.0,10,1,10,1.22950819672131,"Hebron, Israel (general), Israel",IS,http://www.hurriyetdailynews.com/tension-high-in-west-bank-as-funerals-held.aspx?pageID=238&nid=44297&NewsCatID=352
20130404,253587217,20130404,TEL AVIV,ISR,GAZA,PSE,194,포병·전차를 이용한 전투,19,4,-10.0,6,1,6,1.05263157894737,"Gaza, Israel (general), Israel",IS,http://www.upi.com/Top_News/World-News/2013/04/04/Rocket-mortars-fired-into-Israel/UPI-54591365076316/
20130404,253587228,20130404,ISRAEL,ISR,SYRIA,SYR,190,재래식 군사력 사용,19,4,-10.0,2,1,2,1.81956027293404,"Latakia, Al Ladhiqiyah, Syria",SY,"http://www.ynetnews.com/articles/0,7340,L-4364112,00.html"
20130404,253587229,20130404,ISRAEL,ISR,SYRIA,SYR,190,재래식 군사력 사용,19,4,-10.0,4,1,4,1.71073094867807,"Latakia, Al Ladhiqiyah, Syria",SY,http://www.jpost.com/MiddleEast/Article.aspx?id=308660&R=R3
20130404,253587230,20130404,ISRAEL,ISR,SYRIA,SYR,190,재래식 군사력 사용,19,4,-10.0,39,7,39,1.76266278238143,"Houla, Nabatî, Lebanon",LE,http://www.dailystar.com.lb/News/Middle-East/2013/Apr-04/212604-syrian-govt-guerrilla-fighters-being-sent-to-iran-for-training.ashx
20130404,253587231,20130404,ISRAEL,ISR,SYRIA,SYR,190,재래식 군사력 사용,19,4,-10.0,64,8,64,1.73499889390646,Israel,IS,http://www.scotsman.com/news/international/assad-sending-syrian-guerrilas-to-train-in-iran-1-2878241
20130404,253587232,20130404,ISRAEL,ISR,SYRIA,SYR,190,재래식 군사력 사용,19,4,-10.0,3,1,3,1.35135135135135,Lebanon,LE,http://www.scotsman.com/news/international/assad-sending-syrian-guerrilas-to-train-in-iran-1-2878241
20130404,253587233,20130404,ISRAELI,ISR,SYRIA,SYR,193,소형무기·경무기를 이용한 전투,19,4,-10.0,1,1,1,1.67037861915367,"Golan Heights, Syria (general), Syria",SY,http://www.timesofmalta.com/articles/view/20130404/world/Hostilities-flare-along-Israeli-Gaza-border.464187
20130404,253587234,20130404,ISRAEL,ISR,SYRIA,SYR,193,소형무기·경무기를 이용한 전투,19,4,-10.0,3,1,3,1.67037861915367,"Gaza, Israel (general), Israel",IS,http://www.timesofmalta.com/articles/view/20130404/world/Hostilities-flare-along-Israeli-Gaza-border.464187
20130404,253587235,20130404,ISRAEL,ISR,SYRIA,SYR,193,소형무기·경무기를 이용한 전투,19,4,-10.0,2,1,2,1.67037861915367,"Gaza, Israel (general), Israel",IS,http://www.timesofmalta.com/articles/view/20130404/world/Hostilities-flare-along-Israeli-Gaza-border.464187
20130404,253587320,20130404,ISRAEL,ISR,NASSER,EGY,190,재래식 군사력 사용,19,4,-10.0,28,6,28,0.854390914194263,"Hebron, Israel (general), Israel",IS,http://www.chinapost.com.tw/international/middle-east/2013/04/05/375219/Anger-as.htm
20130404,253587321,20130404,ISRAEL,ISR,NASSER,EGY,193,소형무기·경무기를 이용한 전투,19,4,-10.0,8,1,8,0.959692898272553,"Anabta, West Bank (general), West Bank",WE,http://www.dw.de/palestinian-leader-abbas-accuses-israel-of-provocation/a-16721863?maca=en-rss-en-top-1022-rdf
20130404,253587329,20130404,JERUSALEM,ISR,PALESTINIAN,PSE,190,재래식 군사력 사용,19,4,-10.0,15,1,8,0.558116961902451,"Jerusalem, Israel (general), Israel",IS,http://article.wn.com/view/2013/04/04/Israeli_troops_shoot_dead_two_Palestinian_youths_in_West_Ban
20130404,253587330,20130404,JERUSALEM,ISR,PALESTINIAN,PSE,190,재래식 군사력 사용,19,4,-10.0,1,1,1,0.558116961902451,"Pennsylvania, United States",US,http://article.wn.com/view/2013/04/04/Israeli_troops_shoot_dead_two_Palestinian_youths_in_West_Ban
20130404,253587331,20130404,ISRAEL,ISR,PALESTINIAN,PSE,193,소형무기·경무기를 이용한 전투,19,4,-10.0,6,1,6,0.819672131147541,"Hebron, Israel (general), Israel",IS,http://www.trust.org/alertnet/multimedia/pictures/detail.dot?mediaInode=e10a8566-7d98-42ee-80ec-6a258f0ddfd9
20130404,253587345,20130404,ISRAEL,ISR,PALESTINIAN,PSE,190,재래식 군사력 사용,19,4,-10.0,2,1,2,0.0,"Hebron, Israel (general), Israel",IS,http://5.153.12.16/portal/en/news/554654
20130404,253587383,20130404,ISRAELI,ISR,GAZA,PSE,138,군사력 사용 위협,13,3,-7.0,9,2,9,0.580794318142496,"Jerusalem, Israel (general), Israel",IS,http://www.cbc.ca/news/world/story/2013/04/04/gaza-rockets-israel.html?cmp=rss
20130404,253587384,20130404,ISRAELI,ISR,GAZA,PSE,138,군사력 사용 위협,13,3,-7.0,3,1,3,0.493421052631579,"Gaza, Israel (general), Israel",IS,http://www.chron.com/news/world/article/Gaza-militants-fire-at-Israel-Palestinian-killed-4408366.php
20130404,253587456,20130404,ISRAELI,ISR,PALESTINIAN,PSE,190,재래식 군사력 사용,19,4,-10.0,2,1,2,0.0,"Abu Kabir, Tel Aviv, Israel",IS,http://www.israelnationalnews.com/News/News.aspx/166757
20130404,253587457,20130404,ISRAELI,ISR,WEST BANK,PSE,190,재래식 군사력 사용,19,4,-10.0,11,1,11,1.61991649558257,"Jerusalem, Israel (general), Israel",IS,http://www.guardian.co.uk/world/middle-east-live/2013/apr/04/syria-civil-war-clashes-continue-in-damascus-live-updates
20130404,253587458,20130404,ISRAELI,ISR,PALESTINIAN,PSE,193,소형무기·경무기를 이용한 전투,19,4,-10.0,40,6,34,0.943649295774207,"Hebron, Israel (general), Israel",IS,http://www.dailystar.com.lb/News/Middle-East/2013/Apr-05/212662-palestinian-funerals-draw-thousands-in-tense-west-bank.ashx
20130404,253587459,20130404,ISRAELI,ISR,PALESTINIAN,PSE,193,소형무기·경무기를 이용한 전투,19,4,-10.0,3,1,3,0.847457627118644,"Jerusalem, Israel (general), Israel",IS,http://www.rte.ie/news/2013/0404/379656-palestine-funeral/
20130404,253587460,20130404,ISRAELI,ISR,PALESTINIAN,PSE,193,소형무기·경무기를 이용한 전투,19,4,-10.0,18,3,18,1.44418161659541,Israel,IS,http://www.trust.org/alertnet/multimedia/pictures/detail.dot?mediaInode=cebe2bad-fc54-4237-b414-6b5723c52b63
20130404,253587461,20130404,ISRAEL,ISR,GAZA,PSE,195,공중무기 사용,19,4,-10.0,2,1,2,0.395256916996047,"Sderot, HaDarom, Israel",IS,http://www.jpost.com/Defense/Article.aspx?ID=308630&R=R1
20130404,253587462,20130404,ISRAEL,ISR,GAZA,PSE,195,공중무기 사용,19,4,-10.0,28,1,28,0.827216261998871,"Gaza, Israel (general), Israel",IS,http://www.jpost.com/Defense/Article.aspx?ID=308692&R=R1
20130404,253587519,20130404,ISRAEL,ISR,GAZA,PSE,190,재래식 군사력 사용,19,4,-10.0,4,1,4,0.481927710843374,"Gaza, Israel (general), Israel",IS,http://www.dw.de/israeli-forces-kill-two-teenage-palestinian-protesters-in-west-bank/a-16718493?maca=en-rss-en-all-1573-rdf
20130404,253587520,20130404,ISRAEL,ISR,GAZA,PSE,193,소형무기·경무기를 이용한 전투,19,4,-10.0,1,1,1,0.3125,"Gaza, Israel (general), Israel",IS,http://en.trend.az/news/arisc/2135317.html
20130404,253587521,20130404,ISRAEL,ISR,GAZA,PSE,193,소형무기·경무기를 이용한 전투,19,4,-10.0,5,1,5,0.3125,"Gaza, Israel (general), Israel",IS,http://en.trend.az/news/arisc/2135317.html
20130404,253587832,20130404,JORDAN,JOR,ISRAEL,ISR,190,재래식 군사력 사용,19,4,-10.0,4,1,4,2.2673031026253,"New York, United States",US,http://www.theglobeandmail.com/news/world/syrian-insurgents-close-in-on-key-southern-town/article10794009/?cmpid=rss1
20130404,253587833,20130404,JORDAN,JOR,ISRAEL,ISR,190,재래식 군사력 사용,19,4,-10.0,6,1,6,2.2673031026253,"New York, United States",US,http://www.theglobeandmail.com/news/world/syrian-insurgents-close-in-on-key-southern-town/article10794009/?cmpid=rss1
20130404,253587889,20130404,JORDANIAN,JOR,SYRIA,SYR,152,군 경계태세 강화,15,4,-7.2,4,4,4,2.52252269447774,"Golan Heights, Syria (general), Syria",SY,http://www.seattlepi.com/news/world/article/Jordan-aid-to-rebels-raises-tensions-with-Syria-4410522.php
20130404,253587890,20130404,JORDANIAN,JOR,SYRIA,SYR,152,군 경계태세 강화,15,4,-7.2,4,4,4,2.52252269447774,"Amman, (JO11), Jordan",JO,http://www.seattlepi.com/news/world/article/Jordan-aid-to-rebels-raises-tensions-with-Syria-4410522.php
20130404,253587891,20130404,JORDANIAN,JOR,SYRIA,SYR,152,군 경계태세 강화,15,4,-7.2,1,1,1,3.20781032078103,"Amman, (JO11), Jordan",JO,http://www.miamiherald.com/2013/04/04/3323763/jordan-aid-to-rebels-raises-tensions.html
20130404,253587892,20130404,JORDANIAN,JOR,SYRIA,SYR,152,군 경계태세 강화,15,4,-7.2,1,1,1,3.20781032078103,Syria,SY,http://www.miamiherald.com/2013/04/04/3323763/jordan-aid-to-rebels-raises-tensions.html
20130404,253587893,20130404,JORDAN,JOR,SYRIA,SYR,190,재래식 군사력 사용,19,4,-10.0,8,4,8,2.52252269447774,"Damascus, Dimashq, Syria",SY,http://www.seattlepi.com/news/world/article/Jordan-aid-to-rebels-raises-tensions-with-Syria-4410522.php
20130404,253587894,20130404,JORDANIAN,JOR,DAMASCUS,SYR,190,재래식 군사력 사용,19,4,-10.0,36,7,36,2.46758909300744,"Amman, (JO11), Jordan",JO,http://www.dailystar.com.lb/News/Middle-East/2013/Apr-04/212601-syria-warns-jordan-over-aiding-rebels.ashx
20130404,253587895,20130404,JORDAN,JOR,SYRIA,SYR,190,재래식 군사력 사용,19,4,-10.0,12,5,12,2.44012229227229,United States,US,http://www.dailystar.com.lb/News/Middle-East/2013/Apr-04/212601-syria-warns-jordan-over-aiding-rebels.ashx
20130404,253587896,20130404,JORDAN,JOR,SYRIA,SYR,190,재래식 군사력 사용,19,4,-10.0,32,7,32,2.46072239282365,"Amman, (JO11), Jordan",JO,http://www.seattlepi.com/news/world/article/Jordan-aid-to-rebels-raises-tensions-with-Syria-4410522.php
20130404,253590110,20130404,LEBANESE,LBN,SYRIA,SYR,190,재래식 군사력 사용,19,4,-10.0,2,1,2,0.934579439252336,Syria,SY,http://www.upi.com/Top_News/Special/2013/04/04/Lebanon-to-review-Syrian-missile-attack/UPI-51691365082773/
20130404,253590111,20130404,BEIRUT,LBN,DAMASCUS,SYR,190,재래식 군사력 사용,19,4,-10.0,2,1,2,1.90839694656489,"Damascus, Dimashq, Syria",SY,http://www.upi.com/Top_News/Special/2013/04/04/Syria-lurches-toward-war-of-the-rebels/UPI-99431365098693/
20130404,253590112,20130404,LEBANESE,LBN,SYRIA,SYR,194,포병·전차를 이용한 전투,19,4,-10.0,2,1,2,0.934579439252336,Syria,SY,http://www.upi.com/Top_News/Special/2013/04/04/Lebanon-to-review-Syrian-missile-attack/UPI-51691365082773/
20130404,253590114,20130404,BEIRUT,LBN,DAMASCUS,SYR,190,재래식 군사력 사용,19,4,-10.0,3,1,3,1.90839694656489,"Damascus, Dimashq, Syria",SY,http://www.upi.com/Top_News/Special/2013/04/04/Syria-lurches-toward-war-of-the-rebels/UPI-99431365098693/
20130404,253590142,20130404,LEBANESE,LBN,SYRIA,SYR,190,재래식 군사력 사용,19,4,-10.0,6,1,6,0.934579439252336,Syria,SY,http://www.upi.com/Top_News/Special/2013/04/04/Lebanon-to-review-Syrian-missile-attack/UPI-51691365082773/
20130404,253590143,20130404,LEBANESE,LBN,SYRIA,SYR,194,포병·전차를 이용한 전투,19,4,-10.0,6,1,6,0.934579439252336,Syria,SY,http://www.upi.com/Top_News/Special/2013/04/04/Lebanon-to-review-Syrian-missile-attack/UPI-51691365082773/
20130404,253595783,20130404,WEST BANK,PSE,ISRAEL,ISR,190,재래식 군사력 사용,19,4,-10.0,6,2,6,0.186038987300817,"Be Er Sheva, HaDarom, Israel",IS,http://article.wn.com/view/2013/04/04/Israeli_troops_shoot_dead_two_Palestinian_youths_in_West_Ban
20130404,253595784,20130404,PALESTINIAN,PSE,ISRAELI,ISR,190,재래식 군사력 사용,19,4,-10.0,29,11,29,1.17864769515859,"Hebron, Israel (general), Israel",IS,http://www.csmonitor.com/World/Middle-East/2013/0404/Palestinian-prisoner-deaths-cause-a-spark-but-unlikely-to-start-a-blaze
20130404,253595785,20130404,PALESTINIAN,PSE,ISRAELI,ISR,190,재래식 군사력 사용,19,4,-10.0,1,1,1,0.772200772200772,"Nablus, West Bank (general), West Bank",WE,http://reliefweb.int/report/occupied-palestinian-territory/body-2nd-palestinian-shot-wbank-clash-found-medics
20130404,253595786,20130404,PALESTINIAN,PSE,ISRAEL,ISR,190,재래식 군사력 사용,19,4,-10.0,2,1,2,1.22950819672131,"Tulkarem, West Bank (general), West Bank",WE,http://www.hurriyetdailynews.com/tension-high-in-west-bank-as-funerals-held.aspx?pageID=238&nid=44297&NewsCatID=352
20130404,253595787,20130404,WEST BANK,PSE,ISRAELI,ISR,190,재래식 군사력 사용,19,4,-10.0,2,1,2,1.09739368998628,"Hebron, Israel (general), Israel",IS,http://www.dailystar.com.lb/News/Middle-East/2013/Apr-05/212662-palestinian-funerals-draw-thousands-in-tense-west-bank.ashx
20130404,253595788,20130404,WEST BANK,PSE,ISRAELI,ISR,190,재래식 군사력 사용,19,4,-10.0,28,5,28,0.844287357619594,"Jerusalem, Israel (general), Israel",IS,http://thestar.com.my/news/story.asp?file=/2013/4/5/worldupdates/palestinian-funerals-draw-thousands-in-tense-west-bank&sec=Worldupdates
20130404,253595789,20130404,WEST BANK,PSE,ISRAELI,ISR,190,재래식 군사력 사용,19,4,-10.0,4,1,4,1.09739368998628,"Hebron, Israel (general), Israel",IS,http://www.dailystar.com.lb/News/Middle-East/2013/Apr-05/212662-palestinian-funerals-draw-thousands-in-tense-west-bank.ashx
20130404,253595790,20130404,PALESTINIAN,PSE,ISRAELI,ISR,190,재래식 군사력 사용,19,4,-10.0,6,2,6,0.82639959183169,"Nablus, West Bank (general), West Bank",WE,http://reliefweb.int/report/occupied-palestinian-territory/body-2nd-palestinian-shot-wbank-clash-found-medics
20130404,253595791,20130404,WEST BANK,PSE,ISRAEL,ISR,190,재래식 군사력 사용,19,4,-10.0,14,2,14,0.917741940744049,"Nablus, West Bank (general), West Bank",WE,http://www.jpost.com/DiplomacyAndPolitics/Article.aspx?ID=308621&R=R1
20130404,253595792,20130404,WEST BANK,PSE,ISRAEL,ISR,190,재래식 군사력 사용,19,4,-10.0,2,1,2,0.558116961902451,"Hebron, Israel (general), Israel",IS,http://article.wn.com/view/2013/04/04/Israeli_troops_shoot_dead_two_Palestinian_youths_in_West_Ban
20130404,253595793,20130404,WEST BANK,PSE,ISRAEL,ISR,190,재래식 군사력 사용,19,4,-10.0,4,1,4,0.558116961902451,"Ramallah, West Bank (general), West Bank",WE,http://article.wn.com/view/2013/04/04/Israeli_troops_shoot_dead_two_Palestinian_youths_in_West_Ban
20130404,253595794,20130404,WEST BANK,PSE,ISRAELI,ISR,190,재래식 군사력 사용,19,4,-10.0,4,1,4,1.10497237569061,"Jerusalem, Israel (general), Israel",IS,http://worldnews.nbcnews.com/_news/2013/04/04/17598805-palestinian-funerals-draw-thousands-amid-some-of-worst-west-bank-violence-in-years?lite
20130404,253595795,20130404,WEST BANK,PSE,ISRAELI,ISR,190,재래식 군사력 사용,19,4,-10.0,10,2,10,0.902277939314975,"Hebron, Israel (general), Israel",IS,http://reliefweb.int/report/occupied-palestinian-territory/body-2nd-palestinian-shot-wbank-clash-found-medics
20130404,253595796,20130404,WEST BANK,PSE,ISRAELI,ISR,190,재래식 군사력 사용,19,4,-10.0,4,3,4,0.967825857777283,"Tulkarem, West Bank (general), West Bank",WE,http://www.hurriyetdailynews.com/tension-high-in-west-bank-as-funerals-held.aspx?pageID=238&nid=44297&NewsCatID=352
20130404,253595797,20130404,WEST BANK,PSE,ISRAELI,ISR,190,재래식 군사력 사용,19,4,-10.0,1,1,1,1.22950819672131,"Tulkarem, West Bank (general), West Bank",WE,http://www.hurriyetdailynews.com/tension-high-in-west-bank-as-funerals-held.aspx?pageID=238&nid=44297&NewsCatID=352
20130404,253595798,20130404,WEST BANK,PSE,ISRAEL,ISR,190,재래식 군사력 사용,19,4,-10.0,3,1,3,0.311211878195037,"Jerusalem, Israel (general), Israel",IS,http://edition.cnn.com/2013/04/04/world/meast/west-bank-tensions/index.html?eref=edition
20130404,253595799,20130404,WEST BANK,PSE,ISRAEL,ISR,190,재래식 군사력 사용,19,4,-10.0,4,1,4,0.431965442764579,Israel,IS,"http://www.ynetnews.com/articles/0,7340,L-4364144,00.html"
20130404,253595800,20130404,PALESTINIAN,PSE,ISRAEL,ISR,190,재래식 군사력 사용,19,4,-10.0,1,1,1,2.54237288135593,"Hebron, Israel (general), Israel",IS,http://www.asianews.it/news-en/Israeli-soldiers-clash-with-thousands-of-Palestinian-protesters-in-Hebron-27570.html
20130404,253595801,20130404,PALESTINIAN,PSE,ISRAEL,ISR,190,재래식 군사력 사용,19,4,-10.0,4,1,2,0.558116961902451,"Jerusalem, Israel (general), Israel",IS,http://article.wn.com/view/2013/04/04/Israeli_troops_shoot_dead_two_Palestinian_youths_in_West_Ban
20130404,253595802,20130404,WEST BANK,PSE,ISRAEL,ISR,190,재래식 군사력 사용,19,4,-10.0,4,1,4,0.941998802167928,"Nablus, West Bank (general), West Bank",WE,http://www.jpost.com/DiplomacyAndPolitics/Article.aspx?ID=308621&R=R1
20130404,253595803,20130404,PALESTINIAN,PSE,ISRAELI,ISR,190,재래식 군사력 사용,19,4,-10.0,81,14,68,0.336292360237211,"Jerusalem, Israel (general), Israel",IS,http://edition.cnn.com/2013/04/04/world/meast/west-bank-tensions/index.html?eref=edition
20130404,253595804,20130404,PALESTINIAN,PSE,ISRAEL,ISR,190,재래식 군사력 사용,19,4,-10.0,6,2,6,2.17150600077429,"Hebron, Israel (general), Israel",IS,http://news.yahoo.com/palestinian-prisoner-deaths-cause-spark-unlikely-start-blaze-203737281.html
20130404,253595805,20130404,PALESTINIAN,PSE,ISRAEL,ISR,190,재래식 군사력 사용,19,4,-10.0,9,2,9,2.17150600077429,"Hebron, Israel (general), Israel",IS,http://news.yahoo.com/palestinian-prisoner-deaths-cause-spark-unlikely-start-blaze-203737281.html
20130404,253595806,20130404,PALESTINIAN,PSE,ISRAEL,ISR,190,재래식 군사력 사용,19,4,-10.0,13,7,13,1.3152389164646,"Tulkarem, West Bank (general), West Bank",WE,http://timesofindia.indiatimes.com/world/rest-of-world/Thousands-of-Palestinians-protest-in-West-Bank/articleshow/19385532.cms
20130404,253595807,20130404,PALESTINIAN,PSE,ISRAELI,ISR,190,재래식 군사력 사용,19,4,-10.0,24,4,24,1.84028650682516,"Gaza, Israel (general), Israel",IS,http://www.csmonitor.com/World/Middle-East/2013/0404/Palestinian-prisoner-deaths-cause-a-spark-but-unlikely-to-start-a-blaze
20130404,253595808,20130404,PALESTINIAN,PSE,ISRAEL,ISR,190,재래식 군사력 사용,19,4,-10.0,2,1,2,1.52284263959391,West Bank,WE,http://www.philippinetimes.com/index.php/sid/213601087/scat/2411cd3571b4f088
20130404,253595809,20130404,PALESTINIAN,PSE,ISRAELI,ISR,190,재래식 군사력 사용,19,4,-10.0,2,1,2,0.294985250737463,Lebanon,LE,http://www.thefinancialexpress-bd.com/index.php?ref=MjBfMDRfMDVfMTNfMV8xN18xNjU0NDk%3D&utm_source=feedburner&utm_medium=feed&utm_campaign=Feed%3A+thefinancialexpress-bd%2FIouH+%28The+Financial+Express%29
20130404,253595810,20130404,PALESTINIAN,PSE,ISRAELI,ISR,190,재래식 군사력 사용,19,4,-10.0,2,1,2,1.61290322580645,"Hawaii, United States",US,http://www.philippinetimes.com/index.php/sid/213604265/scat/2411cd3571b4f088
20130404,253595811,20130404,PALESTINIAN,PSE,ISRAELI,ISR,190,재래식 군사력 사용,19,4,-10.0,7,2,7,1.67621372898864,Israel,IS,http://www.philippinetimes.com/index.php/sid/213601477/scat/2411cd3571b4f088
20130404,253595812,20130404,PALESTINIAN,PSE,ISRAEL,ISR,190,재래식 군사력 사용,19,4,-10.0,1,1,1,0.558116961902451,"Pennsylvania, United States",US,http://article.wn.com/view/2013/04/04/Israeli_troops_shoot_dead_two_Palestinian_youths_in_West_Ban
20130404,253595813,20130404,WEST BANK,PSE,ISRAEL,ISR,190,재래식 군사력 사용,19,4,-10.0,4,1,4,0.793650793650794,"Gaza, Israel (general), Israel",IS,http://www.haaretz.com/news/diplomacy-defense/gaza-rockets-fired-at-south-israel-as-palestinians-clash-with-idf-in-west-bank.premium-1.513415?localLinksEnabled=false
20130404,253595814,20130404,WEST BANK,PSE,ISRAELI,ISR,190,재래식 군사력 사용,19,4,-10.0,1,1,1,2.24089635854342,West Bank,WE,http://www.news24.com/World/News/Kerry-returning-to-Middle-East-20130404
20130404,253595815,20130404,WEST BANK,PSE,ISRAELI,ISR,190,재래식 군사력 사용,19,4,-10.0,1,1,1,2.24089635854342,"Gaza, Israel (general), Israel",IS,http://www.news24.com/World/News/Kerry-returning-to-Middle-East-20130404
20130404,253595816,20130404,WEST BANK,PSE,ISRAEL,ISR,193,소형무기·경무기를 이용한 전투,19,4,-10.0,4,1,4,0.391389432485323,"Jerusalem, Israel (general), Israel",IS,http://www.google.com/hostednews/afp/article/ALeqM5iaubOVX460IohsxI3_xKT0n-BS2g?docId=CNG.f14fa791c7d09efee2198597e8bff669.2a1
20130404,253595817,20130404,WEST BANK,PSE,ISRAEL,ISR,193,소형무기·경무기를 이용한 전투,19,4,-10.0,1,1,1,0.391389432485323,"Red Sea, Djibouti (general), Djibouti",DJ,http://www.google.com/hostednews/afp/article/ALeqM5iaubOVX460IohsxI3_xKT0n-BS2g?docId=CNG.f14fa791c7d09efee2198597e8bff669.2a1
20130404,253595818,20130404,PALESTINIAN,PSE,ISRAELI,ISR,193,소형무기·경무기를 이용한 전투,19,4,-10.0,11,4,11,0.516025855573414,"Hebron, Israel (general), Israel",IS,http://reliefweb.int/report/occupied-palestinian-territory/body-2nd-palestinian-shot-wbank-clash-found-medics
20130404,253595819,20130404,PALESTINIAN,PSE,ISRAEL,ISR,193,소형무기·경무기를 이용한 전투,19,4,-10.0,4,1,4,0.959692898272553,"Anabta, West Bank (general), West Bank",WE,http://www.dw.de/palestinian-leader-abbas-accuses-israel-of-provocation/a-16721863?maca=en-rss-en-top-1022-rdf
20130404,253595820,20130404,PALESTINIAN,PSE,ISRAEL,ISR,193,소형무기·경무기를 이용한 전투,19,4,-10.0,12,3,12,0.710751483010306,Gaza Strip,GZ,http://www.news.com.au/breaking-news/world/israeli-troops-kill-2-palestinian-teens/story-e6frfkui-1226612702430?from=public_rss
20130404,253595821,20130404,PALESTINIAN,PSE,ISRAEL,ISR,193,소형무기·경무기를 이용한 전투,19,4,-10.0,6,3,6,0.710751483010306,Gaza Strip,GZ,http://www.news.com.au/breaking-news/world/israeli-troops-kill-2-palestinian-teens/story-e6frfkui-1226612702430?from=public_rss
20130404,253595822,20130404,WEST BANK,PSE,ISRAEL,ISR,193,소형무기·경무기를 이용한 전투,19,4,-10.0,6,2,6,2.63414746173367,Israel,IS,http://dawn.com/2013/04/04/israeli-escalation-endangers-us-peace-efforts-abbas/
20130404,253595823,20130404,PALESTINIAN,PSE,ISRAELI,ISR,193,소형무기·경무기를 이용한 전투,19,4,-10.0,10,1,10,1.45530145530146,"Hebron, Israel (general), Israel",IS,"http://www.latimes.com/news/world/worldnow/la-fg-wn-palestinians-protests-funerals-20130404,0,4504609.story"
20130404,253595824,20130404,PALESTINIAN,PSE,ISRAELI,ISR,193,소형무기·경무기를 이용한 전투,19,4,-10.0,1,1,1,1.22950819672131,"Tulkarem, West Bank (general), West Bank",WE,http://www.hurriyetdailynews.com/tension-high-in-west-bank-as-funerals-held.aspx?pageID=238&nid=44297&NewsCatID=352
20130404,253595825,20130404,PALESTINIAN,PSE,ISRAELI,ISR,193,소형무기·경무기를 이용한 전투,19,4,-10.0,4,3,4,1.20794269572091,"Jerusalem, Israel (general), Israel",IS,http://www.philippinetimes.com/index.php/sid/213604265/scat/2411cd3571b4f088
20130404,253595826,20130404,PALESTINIAN,PSE,ISRAEL,ISR,193,소형무기·경무기를 이용한 전투,19,4,-10.0,20,5,20,0.527039463992078,"Gaza, Israel (general), Israel",IS,http://timesofindia.indiatimes.com/world/middle-east/Anger-as-Palestinians-bury-prisoner-who-died-of-throat-cancer-two-teens/articleshow/19381467.cms
20130404,253595827,20130404,PALESTINIAN,PSE,ISRAEL,ISR,193,소형무기·경무기를 이용한 전투,19,4,-10.0,2,1,2,1.04011887072808,Israel,IS,http://www.dw.de/offshore-leaks-list-puts-focus-on-prominent-figures-worldwide/a-16722143?maca=en-rss-en-all-1573-rdf
20130404,253595828,20130404,PALESTINIAN,PSE,ISRAEL,ISR,193,소형무기·경무기를 이용한 전투,19,4,-10.0,2,1,2,1.63132137030995,"Gaza, Israel (general), Israel",IS,http://thestar.com.my/news/story.asp?file=/2013/4/4/worldupdates/palestinian-youths-shot-to-death-as-west-bank-seethes&sec=Worldupdates
20130404,253595829,20130404,PALESTINIAN,PSE,ISRAEL,ISR,193,소형무기·경무기를 이용한 전투,19,4,-10.0,1,1,1,1.39103554868624,"Gaza, Israel (general), Israel",IS,http://news.yahoo.com/palestinian-youths-shot-death-west-bank-seethes-055634409.html
20130404,253595830,20130404,GAZA,PSE,ISRAELI,ISR,193,소형무기·경무기를 이용한 전투,19,4,-10.0,1,1,1,0.3125,"Gaza, Israel (general), Israel",IS,http://en.trend.az/news/arisc/2135317.html
20130404,253595831,20130404,PALESTINIAN,PSE,ISRAEL,ISR,193,소형무기·경무기를 이용한 전투,19,4,-10.0,3,2,3,1.55122609643538,Gaza Strip,GZ,http://thestar.com.my/news/story.asp?file=/2013/4/4/worldupdates/palestinian-youths-shot-to-death-as-west-bank-seethes&sec=Worldupdates
20130404,253595832,20130404,PALESTINIAN,PSE,ISRAEL,ISR,193,소형무기·경무기를 이용한 전투,19,4,-10.0,4,1,4,1.61290322580645,"Hawaii, United States",US,http://www.philippinetimes.com/index.php/sid/213604265/scat/2411cd3571b4f088
20130404,253595833,20130404,WEST BANK,PSE,ISRAEL,ISR,193,소형무기·경무기를 이용한 전투,19,4,-10.0,7,2,7,1.05066177266116,Israel,IS,"http://www.ynetnews.com/articles/0,7340,L-4364144,00.html"
20130404,253595834,20130404,PALESTINIAN,PSE,ISRAEL,ISR,193,소형무기·경무기를 이용한 전투,19,4,-10.0,2,1,2,1.04011887072808,West Bank,WE,http://www.dw.de/offshore-leaks-list-puts-focus-on-prominent-figures-worldwide/a-16722143?maca=en-rss-en-all-1573-rdf
20130404,253595835,20130404,WEST BANK,PSE,ISRAEL,ISR,193,소형무기·경무기를 이용한 전투,19,4,-10.0,7,1,7,0.0,West Bank,WE,"http://www.ynetnews.com/articles/0,7340,L-4363814,00.html"
20130404,253595836,20130404,PALESTINIAN,PSE,ISRAEL,ISR,194,포병·전차를 이용한 전투,19,4,-10.0,4,1,4,1.92307692307692,"Sderot, HaDarom, Israel",IS,http://www.dw.de/israeli-palestinian-conflict-rears-its-ugly-head/a-16720057?maca=en-rss-en-top-1022-rdf
20130404,253595837,20130404,GAZA,PSE,ISRAEL,ISR,194,포병·전차를 이용한 전투,19,4,-10.0,4,1,4,0.793650793650794,"Hebron, Israel (general), Israel",IS,http://www.haaretz.com/news/diplomacy-defense/gaza-rockets-fired-at-south-israel-as-palestinians-clash-with-idf-in-west-bank.premium-1.513415?localLinksEnabled=false
20130404,253595838,20130404,WEST BANK,PSE,JERUSALEM,ISR,194,포병·전차를 이용한 전투,19,4,-10.0,2,1,2,1.48148148148148,"Ramallah, West Bank (general), West Bank",WE,http://www.bbc.co.uk/news/world-middle-east-22025599#sa-ns_mchannel=rss&ns_source=PublicRSS20-sa
20130404,253595839,20130404,WEST BANK,PSE,JERUSALEM,ISR,194,포병·전차를 이용한 전투,19,4,-10.0,2,1,2,1.48148148148148,"Jerusalem, Israel (general), Israel",IS,http://www.bbc.co.uk/news/world-middle-east-22025599#sa-ns_mchannel=rss&ns_source=PublicRSS20-sa
20130404,253595840,20130404,WEST BANK,PSE,ISRAEL,ISR,194,포병·전차를 이용한 전투,19,4,-10.0,8,1,8,1.30081300813008,"Gaza, Israel (general), Israel",IS,http://www.independent.co.uk/news/world/middle-east/hundreds-of-palestinian-protesters-clash-with-israeli-security-forces-at-west-bank-funeral-of-prisoner-maysara-abu-hamdiyeh-8560550.html
20130404,253595841,20130404,GAZA,PSE,ISRAEL,ISR,194,포병·전차를 이용한 전투,19,4,-10.0,6,2,6,0.496864126941914,"Jerusalem, Israel (general), Israel",IS,http://www.foxnews.com/world/2013/04/04/gaza-militants-fire-rockets-at-israel-day-after-defense-minister-warning/
20130404,253595842,20130404,WEST BANK,PSE,ISRAEL,ISR,194,포병·전차를 이용한 전투,19,4,-10.0,5,2,5,1.14821811903942,"Ramallah, West Bank (general), West Bank",WE,http://news.yahoo.com/thousands-protest-west-bank-rocket-hits-israel-120251905.html
20130404,253595843,20130404,GAZA,PSE,ISRAEL,ISR,194,포병·전차를 이용한 전투,19,4,-10.0,112,20,97,1.27278516895559,"Gaza, Israel (general), Israel",IS,http://www.globalsecurity.org/military/library/news/2013/04/mil-130404-presstv03.htm
20130404,253595844,20130404,GAZA,PSE,ISRAEL,ISR,194,포병·전차를 이용한 전투,19,4,-10.0,3,2,3,1.45634495775626,"Gaza, Israel (general), Israel",IS,http://www.timesofmalta.com/articles/view/20130404/world/Hostilities-flare-along-Israeli-Gaza-border.464187
20130404,253595845,20130404,GAZA,PSE,ISRAEL,ISR,194,포병·전차를 이용한 전투,19,4,-10.0,9,2,9,1.60280493680293,Gaza Strip,GZ,http://www.timesofmalta.com/articles/view/20130404/world/Hostilities-flare-along-Israeli-Gaza-border.464187
20130404,253595846,20130404,GAZA,PSE,ISRAEL,ISR,194,포병·전차를 이용한 전투,19,4,-10.0,6,5,6,1.20069669050395,Gaza Strip,GZ,http://news.yahoo.com/thousands-palestinians-protest-west-bank-142832403.html
20130404,253595847,20130404,GAZA,PSE,ISRAEL,ISR,194,포병·전차를 이용한 전투,19,4,-10.0,2,2,2,1.45784081954295,United States,US,http://www.nzherald.co.nz/world/news/article.cfm?c_id=2&objectid=10875524&ref=rss
20130404,253595848,20130404,GAZA,PSE,ISRAEL,ISR,194,포병·전차를 이용한 전투,19,4,-10.0,4,1,4,1.53846153846154,"Hawaii, United States",US,http://www.irishsun.com/index.php/sid/213596165/scat/2411cd3571b4f088
20130404,253595849,20130404,PALESTINIAN,PSE,ISRAELI,ISR,194,포병·전차를 이용한 전투,19,4,-10.0,2,1,2,2.54237288135593,Italy,IT,http://www.asianews.it/news-en/Israeli-soldiers-clash-with-thousands-of-Palestinian-protesters-in-Hebron-27570.html
20130404,253595854,20130404,PALESTINIAN,PSE,JERUSALEM,ISR,190,재래식 군사력 사용,19,4,-10.0,15,1,8,0.558116961902451,"Jerusalem, Israel (general), Israel",IS,http://article.wn.com/view/2013/04/04/Israeli_troops_shoot_dead_two_Palestinian_youths_in_West_Ban
20130404,253595855,20130404,PALESTINIAN,PSE,JERUSALEM,ISR,190,재래식 군사력 사용,19,4,-10.0,1,1,1,0.558116961902451,"Pennsylvania, United States",US,http://article.wn.com/view/2013/04/04/Israeli_troops_shoot_dead_two_Palestinian_youths_in_West_Ban
20130404,253595857,20130404,PALESTINIAN,PSE,ISRAEL,ISR,190,재래식 군사력 사용,19,4,-10.0,2,1,2,0.0,"Hebron, Israel (general), Israel",IS,http://5.153.12.16/portal/en/news/554654
20130404,253595869,20130404,PALESTINIAN,PSE,ISRAELI,ISR,190,재래식 군사력 사용,19,4,-10.0,2,1,2,0.0,"Be Er Sheva, HaDarom, Israel",IS,http://www.israelnationalnews.com/News/News.aspx/166757
20130404,253595870,20130404,WEST BANK,PSE,ISRAELI,ISR,193,소형무기·경무기를 이용한 전투,19,4,-10.0,1,1,1,1.09090909090909,"Jerusalem, Israel (general), Israel",IS,http://www.upi.com/Top_News/World-News/2013/04/04/Funerals-for-teens-inmate-cause-rioting/UPI-69861365078062/?spt=hs&or=tn
20130404,253595871,20130404,GAZA,PSE,ISRAEL,ISR,194,포병·전차를 이용한 전투,19,4,-10.0,4,1,4,1.53846153846154,"Gaza, Israel (general), Israel",IS,http://www.panarmenian.net/eng/news/152712/
20130404,253595872,20130404,GAZA,PSE,ISRAELI,ISR,194,포병·전차를 이용한 전투,19,4,-10.0,6,1,6,1.67037861915367,"Gaza, Israel (general), Israel",IS,http://www.timesofmalta.com/articles/view/20130404/world/Hostilities-flare-along-Israeli-Gaza-border.464187
20130404,253595887,20130404,WEST BANK,PSE,ISRAEL,ISR,193,소형무기·경무기를 이용한 전투,19,4,-10.0,1,1,1,0.391389432485323,"Red Sea, Djibouti (general), Djibouti",DJ,http://www.google.com/hostednews/afp/article/ALeqM5iaubOVX460IohsxI3_xKT0n-BS2g?docId=CNG.f14fa791c7d09efee2198597e8bff669.2a1
20130404,253595888,20130404,WEST BANK,PSE,ISRAEL,ISR,193,소형무기·경무기를 이용한 전투,19,4,-10.0,1,1,1,0.391389432485323,"Jerusalem, Israel (general), Israel",IS,http://www.google.com/hostednews/afp/article/ALeqM5iaubOVX460IohsxI3_xKT0n-BS2g?docId=CNG.f14fa791c7d09efee2198597e8bff669.2a1
20130404,253595892,20130404,GAZA,PSE,ISRAEL,ISR,190,재래식 군사력 사용,19,4,-10.0,4,1,4,0.481927710843374,"Gaza, Israel (general), Israel",IS,http://www.dw.de/israeli-forces-kill-two-teenage-palestinian-protesters-in-west-bank/a-16718493?maca=en-rss-en-all-1573-rdf
20130404,253595893,20130404,GAZA,PSE,ISRAEL,ISR,193,소형무기·경무기를 이용한 전투,19,4,-10.0,1,1,1,0.3125,"Gaza, Israel (general), Israel",IS,http://en.trend.az/news/arisc/2135317.html
20130404,253595894,20130404,GAZA,PSE,ISRAEL,ISR,193,소형무기·경무기를 이용한 전투,19,4,-10.0,5,1,5,0.3125,"Gaza, Israel (general), Israel",IS,http://en.trend.az/news/arisc/2135317.html
20130404,253596001,20130404,PALESTINIAN,PSE,NASSER,EGY,190,재래식 군사력 사용,19,4,-10.0,14,6,14,0.854390914194263,"Hebron, Israel (general), Israel",IS,http://www.chinapost.com.tw/international/middle-east/2013/04/05/375219/Anger-as.htm
20130404,253596002,20130404,PALESTINIAN,PSE,NASSER,EGY,193,소형무기·경무기를 이용한 전투,19,4,-10.0,4,1,4,0.959692898272553,"Anabta, West Bank (general), West Bank",WE,http://www.dw.de/palestinian-leader-abbas-accuses-israel-of-provocation/a-16721863?maca=en-rss-en-top-1022-rdf
20130404,253596008,20130404,WEST BANK,PSE,ISRAEL,ISR,193,소형무기·경무기를 이용한 전투,19,4,-10.0,4,2,4,0.55544814884535,"Jerusalem, Israel (general), Israel",IS,http://timesofindia.indiatimes.com/world/middle-east/Anger-as-Palestinians-bury-prisoner-who-died-of-throat-cancer-two-teens/articleshow/19381467.cms
20130404,253596086,20130404,HAMAS,PSE,JERUSALEM,ISR,138,군사력 사용 위협,13,3,-7.0,6,1,6,0.411522633744856,"Jerusalem, Israel (general), Israel",IS,"http://www.ynetnews.com/articles/0,7340,L-4363993,00.html"
20130404,253596087,20130404,HAMAS,PSE,ISRAEL,ISR,194,포병·전차를 이용한 전투,19,4,-10.0,10,1,10,1.16363636363636,"Sderot, HaDarom, Israel",IS,http://www.jpost.com/Defense/Article.aspx?ID=308692&R=R1
20130404,253596113,20130404,HAMAS,PSE,ISRAEL,ISR,194,포병·전차를 이용한 전투,19,4,-10.0,3,1,3,0.854700854700855,"Gaza, Israel (general), Israel",IS,http://www.israelnationalnews.com/News/News.aspx/166785
20130404,253596119,20130404,GAZA,PSE,ISRAEL,ISR,190,재래식 군사력 사용,19,4,-10.0,6,3,6,0.440852524896446,"Jerusalem, Israel (general), Israel",IS,http://www.chron.com/news/world/article/Gaza-militants-fire-at-Israel-Palestinian-killed-4408366.php
20130404,253596120,20130404,GAZA,PSE,ISRAEL,ISR,194,포병·전차를 이용한 전투,19,4,-10.0,12,2,12,0.568003013983999,"Jerusalem, Israel (general), Israel",IS,http://www.cbc.ca/news/world/story/2013/04/04/gaza-rockets-israel.html?cmp=rss
20130404,253596121,20130404,PALESTINIAN,PSE,ISRAELI,ISR,194,포병·전차를 이용한 전투,19,4,-10.0,4,2,4,1.63350528125767,"Gaza, Israel (general), Israel",IS,http://www.asianews.it/news-en/Israeli-soldiers-clash-with-thousands-of-Palestinian-protesters-in-Hebron-27570.html
20130404,253596122,20130404,GAZA,PSE,ISRAEL,ISR,194,포병·전차를 이용한 전투,19,4,-10.0,2,1,2,1.53846153846154,"Hawaii, United States",US,http://www.irishsun.com/index.php/sid/213596165/scat/2411cd3571b4f088
20130404,253596300,20130404,AL JAZEERA,QAT,WEST BANK,PSE,193,소형무기·경무기를 이용한 전투,19,4,-10.0,2,1,2,1.05820105820106,Gaza Strip,GZ,http://www.aljazeera.com/news/middleeast/2013/04/20134445916413847.html
20130404,253597979,20130404,SYRIA,SYR,ISRAEL,ISR,190,재래식 군사력 사용,19,4,-10.0,7,1,7,1.35135135135135,"Latakia, Al Ladhiqiyah, Syria",SY,http://www.scotsman.com/news/international/assad-sending-syrian-guerrilas-to-train-in-iran-1-2878241
20130404,253597980,20130404,SYRIA,SYR,ISRAEL,ISR,190,재래식 군사력 사용,19,4,-10.0,4,1,4,1.71073094867807,"Latakia, Al Ladhiqiyah, Syria",SY,http://www.jpost.com/MiddleEast/Article.aspx?id=308660&R=R3
20130404,253597981,20130404,SYRIA,SYR,ISRAEL,ISR,190,재래식 군사력 사용,19,4,-10.0,39,7,39,1.76266278238143,"Houla, Nabatî, Lebanon",LE,http://www.dailystar.com.lb/News/Middle-East/2013/Apr-04/212604-syrian-govt-guerrilla-fighters-being-sent-to-iran-for-training.ashx
20130404,253597982,20130404,SYRIA,SYR,ISRAEL,ISR,190,재래식 군사력 사용,19,4,-10.0,60,7,60,1.76057539674347,Israel,IS,http://www.dailystar.com.lb/News/Middle-East/2013/Apr-04/212604-syrian-govt-guerrilla-fighters-being-sent-to-iran-for-training.ashx
20130404,253597983,20130404,SYRIA,SYR,ISRAEL,ISR,190,재래식 군사력 사용,19,4,-10.0,2,1,2,1.81956027293404,"Latakia, Al Ladhiqiyah, Syria",SY,"http://www.ynetnews.com/articles/0,7340,L-4364112,00.html"
20130404,253598037,20130404,SYRIA,SYR,JORDAN,JOR,190,재래식 군사력 사용,19,4,-10.0,8,4,8,2.52252269447774,"Damascus, Dimashq, Syria",SY,http://www.seattlepi.com/news/world/article/Jordan-aid-to-rebels-raises-tensions-with-Syria-4410522.php
20130404,253598038,20130404,DAMASCUS,SYR,JORDANIAN,JOR,190,재래식 군사력 사용,19,4,-10.0,36,7,36,2.46758909300744,"Amman, (JO11), Jordan",JO,http://www.dailystar.com.lb/News/Middle-East/2013/Apr-04/212601-syria-warns-jordan-over-aiding-rebels.ashx
20130404,253598039,20130404,SYRIA,SYR,JORDAN,JOR,190,재래식 군사력 사용,19,4,-10.0,12,5,12,2.44012229227229,United States,US,http://www.dailystar.com.lb/News/Middle-East/2013/Apr-04/212601-syria-warns-jordan-over-aiding-rebels.ashx
20130404,253598040,20130404,SYRIA,SYR,JORDAN,JOR,190,재래식 군사력 사용,19,4,-10.0,32,7,32,2.46072239282365,"Amman, (JO11), Jordan",JO,http://www.seattlepi.com/news/world/article/Jordan-aid-to-rebels-raises-tensions-with-Syria-4410522.php
20130404,253598041,20130404,SYRIAN,SYR,JORDAN,JOR,192,영토 점령,19,4,-9.5,1,1,1,0.0,"Kiev, Ukraine (general), Ukraine",UP,BBC Monitoring
20130404,253598042,20130404,SYRIAN,SYR,JORDAN,JOR,192,영토 점령,19,4,-9.5,7,1,7,0.0,"Fesenko, Donets'ka Oblast', Ukraine",UP,BBC Monitoring
20130404,253598043,20130404,SYRIAN,SYR,JORDAN,JOR,192,영토 점령,19,4,-9.5,1,1,1,0.0,Kazakhstan,KZ,BBC Monitoring
20130404,253598066,20130404,DAMASCUS,SYR,BEIRUT,LBN,138,군사력 사용 위협,13,3,-7.0,10,1,10,0.995024875621891,"Arsal, Mohafazat Baalbek-Hermel, Lebanon",LE,http://www.dailystar.com.lb/News/Politics/2013/Apr-04/212585-sleiman-asks-army-for-reports-on-airstrikes-in-arsal.ashx
20130404,253598067,20130404,SYRIAN,SYR,LEBANESE,LBN,138,군사력 사용 위협,13,3,-7.0,2,1,2,0.0,"Fesenko, Donets'ka Oblast', Ukraine",UP,BBC Monitoring
20130404,253598068,20130404,SYRIA,SYR,LEBANON,LBN,190,재래식 군사력 사용,19,4,-10.0,4,1,4,0.995024875621891,"Sraj, Al Ladhiqiyah, Syria",SY,http://www.dailystar.com.lb/News/Politics/2013/Apr-04/212585-sleiman-asks-army-for-reports-on-airstrikes-in-arsal.ashx
20130404,253598069,20130404,SYRIA,SYR,LEBANON,LBN,190,재래식 군사력 사용,19,4,-10.0,2,1,2,0.995024875621891,"Bekaa Valley, Béa, Lebanon",LE,http://www.dailystar.com.lb/News/Politics/2013/Apr-04/212585-sleiman-asks-army-for-reports-on-airstrikes-in-arsal.ashx
20130404,253598070,20130404,SYRIA,SYR,LEBANON,LBN,190,재래식 군사력 사용,19,4,-10.0,4,1,4,2.65151515151515,"Damascus, Dimashq, Syria",SY,http://www.dailystar.com.lb/News/Local-News/2013/Apr-05/212651-sleiman-calls-for-establishing-refugee-camps-inside-syria.ashx
20130404,253598071,20130404,SYRIA,SYR,LEBANON,LBN,190,재래식 군사력 사용,19,4,-10.0,2,1,2,2.65151515151515,"Bekaa Valley, Béa, Lebanon",LE,http://www.dailystar.com.lb/News/Local-News/2013/Apr-05/212651-sleiman-calls-for-establishing-refugee-camps-inside-syria.ashx
20130404,253598072,20130404,DAMASCUS,SYR,BEIRUT,LBN,190,재래식 군사력 사용,19,4,-10.0,2,1,2,1.90839694656489,"Damascus, Dimashq, Syria",SY,http://www.upi.com/Top_News/Special/2013/04/04/Syria-lurches-toward-war-of-the-rebels/UPI-99431365098693/
20130404,253598073,20130404,SYRIA,SYR,LEBANON,LBN,190,재래식 군사력 사용,19,4,-10.0,2,1,2,0.995024875621891,"Sraj, Al Ladhiqiyah, Syria",SY,http://www.dailystar.com.lb/News/Politics/2013/Apr-04/212585-sleiman-asks-army-for-reports-on-airstrikes-in-arsal.ashx
20130404,253598074,20130404,SYRIA,SYR,LEBANON,LBN,190,재래식 군사력 사용,19,4,-10.0,2,1,2,2.65151515151515,"Damascus, Dimashq, Syria",SY,http://www.dailystar.com.lb/News/Local-News/2013/Apr-05/212651-sleiman-calls-for-establishing-refugee-camps-inside-syria.ashx
20130404,253598075,20130404,SYRIA,SYR,LEBANON,LBN,195,공중무기 사용,19,4,-10.0,2,1,2,0.0,"Kiev, Ukraine (general), Ukraine",UP,BBC Monitoring
20130404,253598076,20130404,SYRIA,SYR,LEBANON,LBN,195,공중무기 사용,19,4,-10.0,6,1,6,0.995024875621891,"Sraj, Al Ladhiqiyah, Syria",SY,http://www.dailystar.com.lb/News/Politics/2013/Apr-04/212585-sleiman-asks-army-for-reports-on-airstrikes-in-arsal.ashx
20130404,253598077,20130404,SYRIA,SYR,LEBANON,LBN,195,공중무기 사용,19,4,-10.0,6,1,6,2.65151515151515,"Damascus, Dimashq, Syria",SY,http://www.dailystar.com.lb/News/Local-News/2013/Apr-05/212651-sleiman-calls-for-establishing-refugee-camps-inside-syria.ashx
20130404,253598078,20130404,SYRIA,SYR,LEBANON,LBN,195,공중무기 사용,19,4,-10.0,2,1,2,0.995024875621891,"Sraj, Al Ladhiqiyah, Syria",SY,http://www.dailystar.com.lb/News/Politics/2013/Apr-04/212585-sleiman-asks-army-for-reports-on-airstrikes-in-arsal.ashx
20130404,253598079,20130404,SYRIA,SYR,LEBANON,LBN,195,공중무기 사용,19,4,-10.0,2,1,2,2.65151515151515,"Damascus, Dimashq, Syria",SY,http://www.dailystar.com.lb/News/Local-News/2013/Apr-05/212651-sleiman-calls-for-establishing-refugee-camps-inside-syria.ashx
20130404,253598080,20130404,SYRIAN,SYR,LEBANON,LBN,195,공중무기 사용,19,4,-10.0,8,1,8,2.79503105590062,"Qasr, Idlib, Syria",SY,http://www.dailystar.com.lb/News/Politics/2013/Apr-04/212529-us-urges-respect-for-lebanon-after-arsal-strike.ashx
20130404,253598081,20130404,SYRIA,SYR,LEBANON,LBN,195,공중무기 사용,19,4,-10.0,6,1,6,0.0,Kazakhstan,KZ,BBC Monitoring
20130404,253598200,20130404,SYRIAN,SYR,LEBANESE,LBN,138,군사력 사용 위협,13,3,-7.0,6,1,6,0.0,"Fesenko, Donets'ka Oblast', Ukraine",UP,BBC Monitoring
20130404,253598201,20130404,DAMASCUS,SYR,BEIRUT,LBN,190,재래식 군사력 사용,19,4,-10.0,3,1,3,1.90839694656489,"Damascus, Dimashq, Syria",SY,http://www.upi.com/Top_News/Special/2013/04/04/Syria-lurches-toward-war-of-the-rebels/UPI-99431365098693/
20130404,253598854,20130404,TURKISH,TUR,SINAI PENINSULA,EGY,193,소형무기·경무기를 이용한 전투,19,4,-10.0,7,1,7,0.0,Egypt,EG,"http://www.ynetnews.com/articles/0,7340,L-4364142,00.html"
20130405,253625051,20130405,IRANIAN,IRN,JEDDAH,SAU,190,재래식 군사력 사용,19,4,-10.0,2,1,2,0.699300699300699,"Jeddah, Makkah, Saudi Arabia",SA,http://www.news24.com/World/News/Pilgrims-killed-in-Saudi-airport-crash-20130405
20130405,253625052,20130405,IRANIAN,IRN,SAUDI,SAU,190,재래식 군사력 사용,19,4,-10.0,7,1,7,0.8,"Tehran, Tehran, Iran",IR,http://zeenews.india.com/news/world/truck-crashes-into-saudi-airport-killing-iranians_839897.html
20130405,253625168,20130405,IRAN,IRN,JEDDAH,SAU,190,재래식 군사력 사용,19,4,-10.0,2,1,2,1.31578947368421,Nepal,NP,http://www.iol.co.za/news/world/truck-smashes-through-airport-lounge-1.1495929
20130405,253625169,20130405,IRANIAN,IRN,JEDDAH,SAU,190,재래식 군사력 사용,19,4,-10.0,5,1,5,0.8,"Jeddah, Makkah, Saudi Arabia",SA,http://zeenews.india.com/news/world/truck-crashes-into-saudi-airport-killing-iranians_839897.html
20130405,253625420,20130405,ISRAEL,ISR,EGYPT,EGY,190,재래식 군사력 사용,19,4,-10.0,10,1,10,2.40577385725742,Egypt,EG,http://www.heritagefl.com/story/2013/04/05/news/weekly-roundup-of-world-briefs-from-jta/466.html
20130405,253625522,20130405,ISRAEL,ISR,LEBANON,LBN,190,재래식 군사력 사용,19,4,-10.0,5,1,5,0.0,,,BBC Monitoring
20130405,253625523,20130405,ISRAEL,ISR,LEBANON,LBN,190,재래식 군사력 사용,19,4,-10.0,1,1,1,2.18579234972678,Israel,IS,http://www.dailystar.com.lb/News/Politics/2013/Apr-05/212707-sleiman-slams-israeli-violations-of-1701.ashx
20130405,253625524,20130405,ISRAEL,ISR,LEBANON,LBN,190,재래식 군사력 사용,19,4,-10.0,1,1,1,2.088772845953,Israel,IS,http://www.dailystar.com.lb/News/Local-News/2013/Apr-06/212774-sleiman-slams-israeli-threats-violations-of-airspace.ashx
20130405,253625525,20130405,ISRAEL,ISR,LEBANON,LBN,190,재래식 군사력 사용,19,4,-10.0,7,1,7,2.13035263328462,Israel,IS,http://www.dailystar.com.lb/News/Local-News/2013/Apr-06/212774-sleiman-slams-israeli-threats-violations-of-airspace.ashx
20130405,253625526,20130405,ISRAEL,ISR,LEBANON,LBN,190,재래식 군사력 사용,19,4,-10.0,1,1,1,2.18579234972678,"Beirut, Beyrouth, Lebanon",LE,http://www.dailystar.com.lb/News/Politics/2013/Apr-05/212707-sleiman-slams-israeli-violations-of-1701.ashx
20130405,253625527,20130405,ISRAEL,ISR,LEBANON,LBN,194,포병·전차를 이용한 전투,19,4,-10.0,10,1,10,0.0,,,BBC Monitoring
20130405,253625528,20130405,ISRAEL,ISR,LEBANON,LBN,194,포병·전차를 이용한 전투,19,4,-10.0,8,1,8,2.18579234972678,"Beirut, Beyrouth, Lebanon",LE,http://www.dailystar.com.lb/News/Politics/2013/Apr-05/212707-sleiman-slams-israeli-violations-of-1701.ashx
20130405,253625529,20130405,ISRAEL,ISR,LEBANON,LBN,194,포병·전차를 이용한 전투,19,4,-10.0,2,1,2,2.18579234972678,"Beirut, Beyrouth, Lebanon",LE,http://www.dailystar.com.lb/News/Politics/2013/Apr-05/212707-sleiman-slams-israeli-violations-of-1701.ashx
20130405,253625630,20130405,ISRAEL,ISR,WEST BANK,PSE,152,군 경계태세 강화,15,4,-7.2,2,1,2,0.0,West Bank,WE,http://www.nbcnews.com/video/nbcnews.com/51429474
20130405,253625635,20130405,ISRAELI,ISR,PALESTINIAN,PSE,190,재래식 군사력 사용,19,4,-10.0,20,2,20,1.12925170068027,"Hebron, Israel (general), Israel",IS,http://cnsnews.com/news/article/op-ed-stirs-row-over-palestinian-rock-throwing
20130405,253625636,20130405,ISRAEL,ISR,WEST BANK,PSE,190,재래식 군사력 사용,19,4,-10.0,1,1,1,1.33779264214047,"Kalandia, West Bank (general), West Bank",WE,http://www.israelnationalnews.com/News/News.aspx/166789
20130405,253625637,20130405,ISRAEL,ISR,WEST BANK,PSE,190,재래식 군사력 사용,19,4,-10.0,24,1,24,0.0,"Jerusalem, Israel (general), Israel",IS,http://www.jpost.com/DiplomacyAndPolitics/Article.aspx?ID=308830&R=R1
20130405,253625638,20130405,ISRAEL,ISR,WEST BANK,PSE,190,재래식 군사력 사용,19,4,-10.0,1,1,1,1.33779264214047,"Kalandia, West Bank (general), West Bank",WE,http://www.israelnationalnews.com/News/News.aspx/166789
20130405,253625639,20130405,ISRAELI,ISR,GAZA,PSE,190,재래식 군사력 사용,19,4,-10.0,2,1,2,1.88261351052049,Israel,IS,http://www.dw.de/lebanese-mayor-builds-center-for-refugees/a-16722031?maca=en-rss-en-all-1573-rdf
20130405,253625640,20130405,ISRAELI,ISR,GAZA,PSE,190,재래식 군사력 사용,19,4,-10.0,8,1,8,1.88261351052049,Israel,IS,http://www.dw.de/lebanese-mayor-builds-center-for-refugees/a-16722031?maca=en-rss-en-all-1573-rdf
20130405,253625641,20130405,ISRAELI,ISR,PALESTINIAN,PSE,193,소형무기·경무기를 이용한 전투,19,4,-10.0,2,1,2,0.0,,,BBC Monitoring
20130405,253625642,20130405,ISRAELI,ISR,WEST BANK,PSE,193,소형무기·경무기를 이용한 전투,19,4,-10.0,18,6,18,0.39662779765918,"Hebron, Israel (general), Israel",IS,http://www.dailystar.com.lb/News/Middle-East/2013/Apr-06/212764-israeli-police-disperse-jerusalem-protesters.ashx
20130405,253625643,20130405,ISRAELI,ISR,WEST BANK,PSE,193,소형무기·경무기를 이용한 전투,19,4,-10.0,1,1,1,0.323624595469256,"Tulkarem, West Bank (general), West Bank",WE,http://www.google.com/hostednews/afp/article/ALeqM5jIIjGTbttWn13b0eOIYbWDGqyj-A?docId=CNG.34bb8cdb56658027ffbeb48665910d36.931
20130405,253625644,20130405,ISRAEL,ISR,WEST BANK,PSE,193,소형무기·경무기를 이용한 전투,19,4,-10.0,18,6,18,0.39662779765918,"Hebron, Israel (general), Israel",IS,http://www.dailystar.com.lb/News/Middle-East/2013/Apr-06/212764-israeli-police-disperse-jerusalem-protesters.ashx
20130405,253625645,20130405,ISRAELI,ISR,WEST BANK,PSE,193,소형무기·경무기를 이용한 전투,19,4,-10.0,1,1,1,0.323624595469256,"Tulkarem, West Bank (general), West Bank",WE,http://www.google.com/hostednews/afp/article/ALeqM5jIIjGTbttWn13b0eOIYbWDGqyj-A?docId=CNG.34bb8cdb56658027ffbeb48665910d36.931
20130405,253625646,20130405,ISRAELI,ISR,WEST BANK,PSE,193,소형무기·경무기를 이용한 전투,19,4,-10.0,12,5,10,0.492840515231121,"Tulkarem, West Bank (general), West Bank",WE,http://www.dailystar.com.lb/News/Middle-East/2013/Apr-06/212764-israeli-police-disperse-jerusalem-protesters.ashx
20130405,253625647,20130405,ISRAELI,ISR,WEST BANK,PSE,193,소형무기·경무기를 이용한 전투,19,4,-10.0,3,1,3,0.900900900900901,"Jerusalem, Israel (general), Israel",IS,http://www.dailystar.com.lb/News/Middle-East/2013/Apr-06/212764-israeli-police-disperse-jerusalem-protesters.ashx
20130405,253625648,20130405,ISRAEL,ISR,WEST BANK,PSE,193,소형무기·경무기를 이용한 전투,19,4,-10.0,3,1,3,0.900900900900901,"Jerusalem, Israel (general), Israel",IS,http://www.dailystar.com.lb/News/Middle-East/2013/Apr-06/212764-israeli-police-disperse-jerusalem-protesters.ashx
20130405,253625672,20130405,ISRAEL,ISR,SYRIA,SYR,190,재래식 군사력 사용,19,4,-10.0,1,1,1,1.93452380952381,"Damascus, Dimashq, Syria",SY,http://abcnews.go.com/International/wireStory/syrian-president-warns-fallout-regime-falls-18892298
20130405,253625673,20130405,ISRAEL,ISR,SYRIA,SYR,190,재래식 군사력 사용,19,4,-10.0,2,2,2,1.80376170977972,"Beirut, Beyrouth, Lebanon",LE,http://www.seattlepi.com/news/world/article/Syrian-president-warns-of-fallout-if-regime-falls-4411705.php
20130405,253625674,20130405,ISRAEL,ISR,SYRIA,SYR,190,재래식 군사력 사용,19,4,-10.0,4,4,4,1.76622246716929,Israel,IS,http://www.seattlepi.com/news/world/article/Syrian-president-warns-of-fallout-if-regime-falls-4411705.php
20130405,253625675,20130405,ISRAEL,ISR,SYRIA,SYR,190,재래식 군사력 사용,19,4,-10.0,4,1,4,2.43243243243243,Israel,IS,"http://www.ynetnews.com/articles/0,7340,L-4364322,00.html"
20130405,253625676,20130405,ISRAEL,ISR,SYRIA,SYR,190,재래식 군사력 사용,19,4,-10.0,3,1,3,2.43243243243243,Lebanon,LE,"http://www.ynetnews.com/articles/0,7340,L-4364322,00.html"
20130405,253625677,20130405,ISRAEL,ISR,SYRIA,SYR,190,재래식 군사력 사용,19,4,-10.0,1,1,1,1.52284263959391,Turkey,TU,http://www.rte.ie/news/2013/0405/380017-syria-president-regime-change/
20130405,253625698,20130405,ISRAELI,ISR,TURKEY,TUR,190,재래식 군사력 사용,19,4,-10.0,1,1,1,3.53982300884956,"Ankara, Ankara, Turkey",TU,http://www.voanews.com/content/kerry-israel-turkey/1635640.html
20130405,253625699,20130405,ISRAELI,ISR,TURKISH,TUR,190,재래식 군사력 사용,19,4,-10.0,6,1,6,3.53982300884956,"Ankara, Ankara, Turkey",TU,http://www.voanews.com/content/kerry-israel-turkey/1635640.html
20130405,253625700,20130405,ISRAELI,ISR,TURKEY,TUR,190,재래식 군사력 사용,19,4,-10.0,1,1,1,3.53982300884956,"Gaza, Israel (general), Israel",IS,http://www.voanews.com/content/kerry-israel-turkey/1635640.html
20130405,253625776,20130405,ISRAEL,ISR,NASSER,EGY,190,재래식 군사력 사용,19,4,-10.0,4,1,4,1.30718954248366,"Hebron, Israel (general), Israel",IS,http://www.thenews.com.pk/Todays-News-1-169530-Abbas-to-suspend-action-against-Israel
20130405,253625874,20130405,ISRAELI,ISR,PALESTINIAN,PSE,193,소형무기·경무기를 이용한 전투,19,4,-10.0,2,1,2,0.0,,,BBC Monitoring
20130405,253626315,20130405,JORDANIAN,JOR,SYRIA,SYR,152,군 경계태세 강화,15,4,-7.2,6,2,6,1.67171717171717,"Damascus, Dimashq, Syria",SY,http://www.3news.co.nz/Assad-warns-of-fallout-if-regime-falls/tabid/417/articleID/293206/Default.aspx?utm_source=feedburner&utm_medium=feed&utm_campaign=Feed%3A+co%2FMvia+%283News+-+International+News%29
20130405,253626316,20130405,JORDANIAN,JOR,SYRIA,SYR,152,군 경계태세 강화,15,4,-7.2,4,1,2,1.15118956254797,Jordan,JO,http://www.dailystar.com.lb/News/Middle-East/2013/Apr-05/212736-activists-rocket-attack-in-syrian-capital-kills-5.ashx
20130405,253626317,20130405,JORDANIAN,JOR,SYRIA,SYR,152,군 경계태세 강화,15,4,-7.2,1,1,1,3.0441400304414,"Golan Heights, Syria (general), Syria",SY,http://www.nzherald.co.nz/world/news/article.cfm?c_id=2&objectid=10875757&ref=rss
20130405,253626318,20130405,JORDANIAN,JOR,SYRIA,SYR,152,군 경계태세 강화,15,4,-7.2,1,1,1,3.0441400304414,"Amman, (JO11), Jordan",JO,http://www.nzherald.co.nz/world/news/article.cfm?c_id=2&objectid=10875757&ref=rss
20130405,253626319,20130405,JORDANIAN,JOR,SYRIA,SYR,152,군 경계태세 강화,15,4,-7.2,12,4,10,1.07089950224616,"Damascus, Dimashq, Syria",SY,http://www.3news.co.nz/Assad-warns-of-fallout-if-regime-falls/tabid/417/articleID/293206/Default.aspx?utm_source=feedburner&utm_medium=feed&utm_campaign=Feed%3A+co%2FMvia+%283News+-+International+News%29
20130405,253626320,20130405,JORDANIAN,JOR,SYRIA,SYR,152,군 경계태세 강화,15,4,-7.2,4,2,4,0.970599853281418,Jordan,JO,http://www.chinapost.com.tw/international/africa/2013/04/06/375300/Rocket-attack.htm
20130405,253626324,20130405,JORDANIAN,JOR,DAMASCUS,SYR,190,재래식 군사력 사용,19,4,-10.0,3,1,3,2.83333333333333,"Deraa, Dara, Syria",SY,http://www.aljazeera.com/news/middleeast/2013/04/2013451652550741.html
20130405,253626325,20130405,JORDAN,JOR,SYRIA,SYR,190,재래식 군사력 사용,19,4,-10.0,2,1,2,2.83333333333333,"Amman, (JO11), Jordan",JO,http://www.aljazeera.com/news/middleeast/2013/04/2013451652550741.html
20130405,253626326,20130405,JORDAN,JOR,SYRIA,SYR,190,재래식 군사력 사용,19,4,-10.0,2,1,2,2.83333333333333,"Amman, (JO11), Jordan",JO,http://www.aljazeera.com/news/middleeast/2013/04/2013451652550741.html
20130405,253626344,20130405,JORDANIAN,JOR,SYRIA,SYR,152,군 경계태세 강화,15,4,-7.2,48,6,48,1.01259032450006,"Damascus, Dimashq, Syria",SY,http://www.3news.co.nz/Assad-warns-of-fallout-if-regime-falls/tabid/417/articleID/293206/Default.aspx?utm_source=feedburner&utm_medium=feed&utm_campaign=Feed%3A+co%2FMvia+%283News+-+International+News%29
20130405,253626345,20130405,JORDANIAN,JOR,SYRIA,SYR,152,군 경계태세 강화,15,4,-7.2,38,9,32,1.04722039646767,Jordan,JO,http://www.dailystar.com.lb/News/Middle-East/2013/Apr-05/212736-activists-rocket-attack-in-syrian-capital-kills-5.ashx
20130405,253633917,20130405,PALESTINIAN,PSE,ISRAELI,ISR,190,재래식 군사력 사용,19,4,-10.0,2,1,2,1.30612244897959,"Herzliya, Tel Aviv, Israel",IS,http://cnsnews.com/news/article/op-ed-stirs-row-over-palestinian-rock-throwing
20130405,253633918,20130405,PALESTINIAN,PSE,ISRAELI,ISR,190,재래식 군사력 사용,19,4,-10.0,12,2,12,1.01151571739807,"Hebron, Israel (general), Israel",IS,http://abcnews.go.com/International/wireStory/op-ed-stirs-row-palestinian-rock-throwing-18886121
20130405,253633919,20130405,WEST BANK,PSE,ISRAEL,ISR,190,재래식 군사력 사용,19,4,-10.0,1,1,1,1.33779264214047,"Kalandia, West Bank (general), West Bank",WE,http://www.israelnationalnews.com/News/News.aspx/166789
20130405,253633920,20130405,WEST BANK,PSE,ISRAEL,ISR,190,재래식 군사력 사용,19,4,-10.0,24,1,24,0.0,"Jerusalem, Israel (general), Israel",IS,http://www.jpost.com/DiplomacyAndPolitics/Article.aspx?ID=308830&R=R1
20130405,253633921,20130405,WEST BANK,PSE,ISRAEL,ISR,190,재래식 군사력 사용,19,4,-10.0,1,1,1,1.33779264214047,"Kalandia, West Bank (general), West Bank",WE,http://www.israelnationalnews.com/News/News.aspx/166789
20130405,253633922,20130405,PALESTINIAN,PSE,ISRAELI,ISR,190,재래식 군사력 사용,19,4,-10.0,8,1,8,1.30612244897959,West Bank,WE,http://cnsnews.com/news/article/op-ed-stirs-row-over-palestinian-rock-throwing
20130405,253634051,20130405,PALESTINIAN,PSE,NASSER,EGY,190,재래식 군사력 사용,19,4,-10.0,2,1,2,1.30718954248366,"Hebron, Israel (general), Israel",IS,http://www.thenews.com.pk/Todays-News-1-169530-Abbas-to-suspend-action-against-Israel
20130405,253634052,20130405,WEST BANK,PSE,ISRAEL,ISR,193,소형무기·경무기를 이용한 전투,19,4,-10.0,2,1,2,1.30718954248366,"Hebron, Israel (general), Israel",IS,http://www.thenews.com.pk/Todays-News-1-169530-Abbas-to-suspend-action-against-Israel
20130405,253634100,20130405,HAMAS,PSE,ISRAEL,ISR,194,포병·전차를 이용한 전투,19,4,-10.0,4,1,4,1.63934426229508,"Sderot, HaDarom, Israel",IS,http://www.jpost.com/Defense/Article.aspx?id=308776&R=R9
20130405,253635657,20130405,SAUDI ARABIA,SAU,IRANIAN,IRN,190,재래식 군사력 사용,19,4,-10.0,3,1,3,1.40845070422535,"Jeddah, Makkah, Saudi Arabia",SA,http://en.trend.az/regions/iran/2135823.html
20130405,253636228,20130405,SYRIA,SYR,IRAN,IRN,190,재래식 군사력 사용,19,4,-10.0,4,1,4,0.0,,,BBC Monitoring
20130405,253636229,20130405,DAMASCUS,SYR,IRANIAN,IRN,190,재래식 군사력 사용,19,4,-10.0,14,1,14,2.18577753682118,"Damascus, Dimashq, Syria",SY,http://worldnews.nbcnews.com/_news/2013/04/05/17615823-western-diplomat-on-iran-talks-sides-still-a-long-way-apart?lite
20130405,253636230,20130405,DAMASCUS,SYR,IRAN,IRN,190,재래식 군사력 사용,19,4,-10.0,2,1,2,2.18577753682118,"Tehran, Tehran, Iran",IR,http://worldnews.nbcnews.com/_news/2013/04/05/17615823-western-diplomat-on-iran-talks-sides-still-a-long-way-apart?lite
20130405,253636247,20130405,SYRIA,SYR,ISRAEL,ISR,190,재래식 군사력 사용,19,4,-10.0,4,1,4,2.43243243243243,Israel,IS,"http://www.ynetnews.com/articles/0,7340,L-4364322,00.html"
20130405,253636248,20130405,SYRIA,SYR,ISRAEL,ISR,190,재래식 군사력 사용,19,4,-10.0,3,1,3,2.43243243243243,Lebanon,LE,"http://www.ynetnews.com/articles/0,7340,L-4364322,00.html"
20130405,253636278,20130405,DAMASCUS,SYR,JORDANIAN,JOR,190,재래식 군사력 사용,19,4,-10.0,3,1,3,2.83333333333333,"Deraa, Dara, Syria",SY,http://www.aljazeera.com/news/middleeast/2013/04/2013451652550741.html
20130405,253636279,20130405,SYRIA,SYR,JORDAN,JOR,190,재래식 군사력 사용,19,4,-10.0,2,1,2,2.83333333333333,"Amman, (JO11), Jordan",JO,http://www.aljazeera.com/news/middleeast/2013/04/2013451652550741.html
20130405,253636280,20130405,SYRIA,SYR,JORDAN,JOR,190,재래식 군사력 사용,19,4,-10.0,2,1,2,2.83333333333333,"Amman, (JO11), Jordan",JO,http://www.aljazeera.com/news/middleeast/2013/04/2013451652550741.html
20130405,253636281,20130405,SYRIAN,SYR,JORDAN,JOR,192,영토 점령,19,4,-9.5,2,1,2,2.35783633841886,"Amman, (JO11), Jordan",JO,http://www.theglobeandmail.com/news/politics/ottawa-moves-beyond-pro-israel-views-in-approach-to-middle-east/article10825562/?cmpid=rss1
20130405,253636282,20130405,SYRIAN,SYR,JORDAN,JOR,192,영토 점령,19,4,-9.5,2,1,2,2.35783633841886,"Amman, (JO11), Jordan",JO,http://www.theglobeandmail.com/news/politics/ottawa-moves-beyond-pro-israel-views-in-approach-to-middle-east/article10825562/?cmpid=rss1
20130405,253636300,20130405,SYRIAN,SYR,LEBANON,LBN,163,금수·보이콧·제재 부과,16,4,-8.0,1,1,1,2.50195465207193,"Beirut, Beyrouth, Lebanon",LE,http://www.dailystar.com.lb/News/Middle-East/2013/Apr-06/212766-western-sanctions-put-squeeze-on-ordinary-syrians-regime-unfazed.ashx
20130405,253636301,20130405,SYRIAN,SYR,BEIRUT,LBN,163,금수·보이콧·제재 부과,16,4,-8.0,4,1,4,2.50195465207193,"Damascus, Dimashq, Syria",SY,http://www.dailystar.com.lb/News/Middle-East/2013/Apr-06/212766-western-sanctions-put-squeeze-on-ordinary-syrians-regime-unfazed.ashx
20130405,253636510,20130405,SYRIAN,SYR,JORDAN,JOR,192,영토 점령,19,4,-9.5,2,1,2,2.35783633841886,"Amman, (JO11), Jordan",JO,http://www.theglobeandmail.com/news/politics/ottawa-moves-beyond-pro-israel-views-in-approach-to-middle-east/article10825562/?cmpid=rss1
20130405,253636511,20130405,SYRIA,SYR,JORDAN,JOR,192,영토 점령,19,4,-9.5,1,1,1,2.35783633841886,Syria,SY,http://www.theglobeandmail.com/news/politics/ottawa-moves-beyond-pro-israel-views-in-approach-to-middle-east/article10825562/?cmpid=rss1
20130405,253636927,20130405,TURKEY,TUR,ISRAEL,ISR,190,재래식 군사력 사용,19,4,-10.0,2,1,2,0.0,,,BBC Monitoring
20130406,253651580,20130406,EGYPTIAN,EGY,LEBANON,LBN,190,재래식 군사력 사용,19,4,-10.0,4,1,4,1.48849797023004,"Mumbai, Maharashtra, India",IN,http://news.yahoo.com/ca-news-summary-005824843.html
20130406,253651615,20130406,EGYPTIAN,EGY,GAZA,PSE,192,영토 점령,19,4,-9.5,4,1,4,0.0,Egypt,EG,http://www.jpost.com/Headlines/Article.aspx?id=308879&R=R101
20130406,253651663,20130406,EGYPTIAN,EGY,GAZA,PSE,192,영토 점령,19,4,-9.5,5,1,5,0.0,Egypt,EG,http://www.jpost.com/Headlines/Article.aspx?id=308879&R=R101
20130406,253655402,20130406,IRANIAN,IRN,EGYPT,EGY,190,재래식 군사력 사용,19,4,-10.0,2,1,2,2.4390243902439,Iran,IR,http://5.153.12.16/portal/en/news/555081
20130406,253655500,20130406,IRAN,IRN,ISRAEL,ISR,190,재래식 군사력 사용,19,4,-10.0,16,1,16,2.23367697594502,Russia,RS,http://www.jpost.com/DiplomacyAndPolitics/Article.aspx?id=308936&R=R9
20130406,253655501,20130406,IRAN,IRN,ISRAEL,ISR,190,재래식 군사력 사용,19,4,-10.0,4,1,4,2.23367697594502,Russia,RS,http://www.jpost.com/DiplomacyAndPolitics/Article.aspx?id=308936&R=R9
20130406,253655651,20130406,IRANIAN,IRN,CAIRO,EGY,190,재래식 군사력 사용,19,4,-10.0,6,1,6,2.4390243902439,Iran,IR,http://5.153.12.16/portal/en/news/555081
20130406,253655705,20130406,IRANIAN,IRN,JEDDAH,SAU,190,재래식 군사력 사용,19,4,-10.0,5,1,5,0.689655172413793,Nepal,NP,http://www.thenews.com.pk/Todays-News-1-169738-Truck-kills-two-at-Saudi-airport
20130406,253655745,20130406,IRAQ,IRQ,ISRAEL,ISR,190,재래식 군사력 사용,19,4,-10.0,10,1,10,0.0,"Baquba, DiyaláZ, Iraq",IZ,"http://www.ynetnews.com/articles/0,7340,L-4364551,00.html"
20130406,253656003,20130406,ISRAEL,ISR,PALESTINIAN,PSE,190,재래식 군사력 사용,19,4,-10.0,2,1,2,0.0,"Hebron, Israel (general), Israel",IS,http://www.jpost.com/NationalNews/Article.aspx?id=308934&R=R2
20130406,253656004,20130406,ISRAELI,ISR,PALESTINIAN,PSE,190,재래식 군사력 사용,19,4,-10.0,2,1,2,0.324675324675325,"Tulkarem, West Bank (general), West Bank",WE,http://www.telegraph.co.uk/news/worldnews/middleeast/israel/9975691/Israelis-and-Palestinians-clash-after-prisoners-death.html
20130406,253656005,20130406,ISRAEL,ISR,PALESTINIAN,PSE,190,재래식 군사력 사용,19,4,-10.0,2,1,2,0.0,"Hebron, Israel (general), Israel",IS,http://www.jpost.com/NationalNews/Article.aspx?id=308934&R=R2
20130406,253656006,20130406,ISRAELI,ISR,PALESTINIAN,PSE,190,재래식 군사력 사용,19,4,-10.0,8,1,8,0.324675324675325,"Tulkarem, West Bank (general), West Bank",WE,http://www.telegraph.co.uk/news/worldnews/middleeast/israel/9975691/Israelis-and-Palestinians-clash-after-prisoners-death.html
20130406,253656007,20130406,ISRAEL,ISR,WEST BANK,PSE,190,재래식 군사력 사용,19,4,-10.0,2,1,2,0.324675324675325,"Ramallah, West Bank (general), West Bank",WE,http://www.telegraph.co.uk/news/worldnews/middleeast/israel/9975691/Israelis-and-Palestinians-clash-after-prisoners-death.html
20130406,253656008,20130406,ISRAEL,ISR,WEST BANK,PSE,190,재래식 군사력 사용,19,4,-10.0,4,1,4,0.324675324675325,"Jerusalem, Israel (general), Israel",IS,http://www.telegraph.co.uk/news/worldnews/middleeast/israel/9975691/Israelis-and-Palestinians-clash-after-prisoners-death.html
20130406,253656009,20130406,ISRAEL,ISR,WEST BANK,PSE,190,재래식 군사력 사용,19,4,-10.0,2,1,2,2.4390243902439,"Jerusalem, Israel (general), Israel",IS,http://5.153.12.16/portal/en/news/555081
20130406,253656010,20130406,JERUSALEM,ISR,WEST BANK,PSE,190,재래식 군사력 사용,19,4,-10.0,8,1,8,2.4390243902439,"Jerusalem, Israel (general), Israel",IS,http://5.153.12.16/portal/en/news/555081
20130406,253656011,20130406,ISRAELI,ISR,GAZA,PSE,190,재래식 군사력 사용,19,4,-10.0,5,2,5,2.03227130256874,"Gaza, Israel (general), Israel",IS,http://www.turkishpress.com/news.asp?id=383776
20130406,253656012,20130406,ISRAELI,ISR,GAZA,PSE,190,재래식 군사력 사용,19,4,-10.0,1,1,1,2.87206266318538,"Gaza, Israel (general), Israel",IS,http://www.israelnationalnews.com/News/News.aspx/166811
20130406,253656013,20130406,ISRAELI,ISR,WEST BANK,PSE,193,소형무기·경무기를 이용한 전투,19,4,-10.0,3,1,3,0.324675324675325,"Hebron, Israel (general), Israel",IS,http://www.telegraph.co.uk/news/worldnews/middleeast/israel/9975691/Israelis-and-Palestinians-clash-after-prisoners-death.html
20130406,253656014,20130406,ISRAELI,ISR,WEST BANK,PSE,193,소형무기·경무기를 이용한 전투,19,4,-10.0,1,1,1,0.324675324675325,"Tulkarem, West Bank (general), West Bank",WE,http://www.telegraph.co.uk/news/worldnews/middleeast/israel/9975691/Israelis-and-Palestinians-clash-after-prisoners-death.html
20130406,253656015,20130406,ISRAEL,ISR,WEST BANK,PSE,193,소형무기·경무기를 이용한 전투,19,4,-10.0,3,1,3,0.324675324675325,"Hebron, Israel (general), Israel",IS,http://www.telegraph.co.uk/news/worldnews/middleeast/israel/9975691/Israelis-and-Palestinians-clash-after-prisoners-death.html
20130406,253656016,20130406,ISRAELI,ISR,WEST BANK,PSE,193,소형무기·경무기를 이용한 전투,19,4,-10.0,1,1,1,0.324675324675325,"Tulkarem, West Bank (general), West Bank",WE,http://www.telegraph.co.uk/news/worldnews/middleeast/israel/9975691/Israelis-and-Palestinians-clash-after-prisoners-death.html
20130406,253656049,20130406,ISRAELI,ISR,SYRIAN,SYR,192,영토 점령,19,4,-9.5,16,1,16,1.40515222482436,"Deraa, Dara, Syria",SY,http://www.jpost.com/MiddleEast/Article.aspx?ID=308889&R=R1
20130406,253656050,20130406,ISRAELI,ISR,SYRIAN,SYR,192,영토 점령,19,4,-9.5,4,1,4,1.40515222482436,"Deraa, Dara, Syria",SY,http://www.jpost.com/MiddleEast/Article.aspx?ID=308889&R=R1
20130406,253656090,20130406,ISRAELI,ISR,TURKISH,TUR,190,재래식 군사력 사용,19,4,-10.0,1,1,1,1.03857566765579,"Istanbul, Istanbul, Turkey",TU,http://www.cbsnews.com/8301-250_162-57578302/kerry-to-discuss-syria-while-in-istanbul-for-talks/
20130406,253656091,20130406,ISRAEL,ISR,TURKISH,TUR,190,재래식 군사력 사용,19,4,-10.0,4,4,4,3.71383600546496,"Jerusalem, Israel (general), Israel",IS,http://zeenews.india.com/news/world/john-kerry-heads-back-to-mideast-for-fresh-peace-push_840170.html
20130406,253656092,20130406,ISRAEL,ISR,TURKISH,TUR,190,재래식 군사력 사용,19,4,-10.0,42,6,42,3.57711171333177,"Jerusalem, Israel (general), Israel",IS,http://zeenews.india.com/news/world/john-kerry-heads-back-to-mideast-for-fresh-peace-push_840170.html
20130406,253656093,20130406,ISRAEL,ISR,TURKISH,TUR,190,재래식 군사력 사용,19,4,-10.0,2,2,2,2.67459728698601,China,CH,http://www.cbsnews.com/8301-250_162-57578295/kerry-in-turkey-eyes-new-bid-for-talks-in-mideast/
20130406,253656094,20130406,ISRAELI,ISR,TURKISH,TUR,190,재래식 군사력 사용,19,4,-10.0,1,1,1,1.03857566765579,"Istanbul, Istanbul, Turkey",TU,http://www.cbsnews.com/8301-250_162-57578302/kerry-to-discuss-syria-while-in-istanbul-for-talks/
20130406,253656095,20130406,ISRAELI,ISR,TURKISH,TUR,190,재래식 군사력 사용,19,4,-10.0,6,1,6,1.03857566765579,Israel,IS,http://www.cbsnews.com/8301-250_162-57578302/kerry-to-discuss-syria-while-in-istanbul-for-talks/
20130406,253656096,20130406,ISRAEL,ISR,TURKISH,TUR,190,재래식 군사력 사용,19,4,-10.0,3,3,3,3.38211775526453,Japan,JA,http://news.yahoo.com/kerry-turkey-eyes-bid-talks-mideast-003347638--politics.html
20130406,253656097,20130406,ISRAEL,ISR,TURKISH,TUR,190,재래식 군사력 사용,19,4,-10.0,14,2,14,2.67459728698601,"Maryland, United States",US,http://www.cbsnews.com/8301-250_162-57578295/kerry-in-turkey-eyes-new-bid-for-talks-in-mideast/
20130406,253656098,20130406,ISRAEL,ISR,TURKISH,TUR,190,재래식 군사력 사용,19,4,-10.0,1,1,1,3.34645669291339,Turkey,TU,http://www.miamiherald.com/2013/04/06/3326666/kerry-heads-back-to-mideast-for.html
20130406,253656099,20130406,ISRAEL,ISR,TURKISH,TUR,190,재래식 군사력 사용,19,4,-10.0,1,1,1,3.26086956521739,Turkey,TU,http://cnsnews.com/news/article/kerry-heads-back-mideast-fresh-peace-push
20130406,253656100,20130406,ISRAEL,ISR,TURKISH,TUR,190,재래식 군사력 사용,19,4,-10.0,21,3,21,3.38211775526453,United States,US,http://news.yahoo.com/kerry-turkey-eyes-bid-talks-mideast-003347638--politics.html
20130406,253656172,20130406,ISRAELI,ISR,GAZA,PSE,190,재래식 군사력 사용,19,4,-10.0,1,1,1,1.82232346241458,"Izmir, Izmir, Turkey",TU,http://www.turkishpress.com/news.asp?id=383776
20130406,253656173,20130406,ISRAELI,ISR,GAZA,PSE,190,재래식 군사력 사용,19,4,-10.0,3,2,3,2.52214959626178,"Gaza, Israel (general), Israel",IS,http://www.israelnationalnews.com/News/News.aspx/166811
20130406,253656450,20130406,JORDAN,JOR,LEBANON,LBN,190,재래식 군사력 사용,19,4,-10.0,4,1,4,1.87716724459856,"Damascus, Dimashq, Syria",SY,http://www.reuters.com/article/2013/04/06/us-syria-crisis-assad-idUSBRE93503C20130406
20130406,253656451,20130406,JORDAN,JOR,LEBANON,LBN,190,재래식 군사력 사용,19,4,-10.0,4,1,4,1.40515222482436,Jordan,JO,http://www.jpost.com/MiddleEast/Article.aspx?ID=308889&R=R1
20130406,253656452,20130406,JORDAN,JOR,LEBANON,LBN,190,재래식 군사력 사용,19,4,-10.0,44,4,44,1.74719427078539,"Damascus, Dimashq, Syria",SY,http://uk.reuters.com/article/2013/04/06/uk-syria-crisis-assad-idUKBRE93503F20130406?feedType=RSS&feedName=topNews
20130406,253656453,20130406,JORDAN,JOR,LEBANON,LBN,190,재래식 군사력 사용,19,4,-10.0,4,1,4,1.03092783505155,Syria,SY,http://www.thenews.com.pk/Todays-News-1-169961-Assad-says-rebel-victory-to-destabilise-ME
20130406,253656454,20130406,JORDAN,JOR,LEBANON,LBN,190,재래식 군사력 사용,19,4,-10.0,72,4,72,1.75802535193649,"Damascus, Dimashq, Syria",SY,http://www.reuters.com/article/2013/04/06/us-syria-crisis-assad-idUSBRE93503C20130406
20130406,253656455,20130406,JORDAN,JOR,LEBANON,LBN,190,재래식 군사력 사용,19,4,-10.0,6,1,6,1.03092783505155,Syria,SY,http://www.thenews.com.pk/Todays-News-1-169961-Assad-says-rebel-victory-to-destabilise-ME
20130406,253656456,20130406,JORDAN,JOR,LEBANON,LBN,190,재래식 군사력 사용,19,4,-10.0,24,3,24,1.63157271105163,"Damascus, Dimashq, Syria",SY,http://www.jpost.com/MiddleEast/Article.aspx?ID=308889&R=R1
20130406,253656457,20130406,JORDAN,JOR,LEBANON,LBN,190,재래식 군사력 사용,19,4,-10.0,8,1,8,2.29885057471264,Syria,SY,http://www.b92.net//eng/news/world-article.php?yyyy=2013&mm=04&dd=06&nav_id=85565
20130406,253656458,20130406,JORDAN,JOR,LEBANON,LBN,190,재래식 군사력 사용,19,4,-10.0,12,3,12,1.70704620646073,"Damascus, Dimashq, Syria",SY,http://www.guardian.co.uk/world/2013/apr/06/syria-crisis-bashar-al-assad-middle-east
20130406,253656459,20130406,JORDAN,JOR,LEBANON,LBN,190,재래식 군사력 사용,19,4,-10.0,2,1,2,2.29885057471264,Syria,SY,http://www.b92.net//eng/news/world-article.php?yyyy=2013&mm=04&dd=06&nav_id=85565
20130406,253657518,20130406,LEBANON,LBN,EGYPTIAN,EGY,193,소형무기·경무기를 이용한 전투,19,4,-10.0,2,1,2,1.48849797023004,"Beirut, Beyrouth, Lebanon",LE,http://news.yahoo.com/ca-news-summary-005824843.html
20130406,253657555,20130406,LEBANON,LBN,JORDAN,JOR,190,재래식 군사력 사용,19,4,-10.0,4,1,4,1.87716724459856,"Damascus, Dimashq, Syria",SY,http://www.reuters.com/article/2013/04/06/us-syria-crisis-assad-idUSBRE93503C20130406
20130406,253657556,20130406,LEBANON,LBN,JORDAN,JOR,190,재래식 군사력 사용,19,4,-10.0,4,1,4,1.40515222482436,Jordan,JO,http://www.jpost.com/MiddleEast/Article.aspx?ID=308889&R=R1
20130406,253657557,20130406,LEBANON,LBN,JORDAN,JOR,190,재래식 군사력 사용,19,4,-10.0,44,4,44,1.74719427078539,"Damascus, Dimashq, Syria",SY,http://uk.reuters.com/article/2013/04/06/uk-syria-crisis-assad-idUKBRE93503F20130406?feedType=RSS&feedName=topNews
20130406,253657558,20130406,LEBANON,LBN,JORDAN,JOR,190,재래식 군사력 사용,19,4,-10.0,4,1,4,1.03092783505155,Syria,SY,http://www.thenews.com.pk/Todays-News-1-169961-Assad-says-rebel-victory-to-destabilise-ME
20130406,253657559,20130406,LEBANON,LBN,JORDAN,JOR,190,재래식 군사력 사용,19,4,-10.0,72,4,72,1.75802535193649,"Damascus, Dimashq, Syria",SY,http://www.reuters.com/article/2013/04/06/us-syria-crisis-assad-idUSBRE93503C20130406
20130406,253657560,20130406,LEBANON,LBN,JORDAN,JOR,190,재래식 군사력 사용,19,4,-10.0,6,1,6,1.03092783505155,Syria,SY,http://www.thenews.com.pk/Todays-News-1-169961-Assad-says-rebel-victory-to-destabilise-ME
20130406,253657561,20130406,LEBANON,LBN,JORDAN,JOR,190,재래식 군사력 사용,19,4,-10.0,24,3,24,1.63157271105163,"Damascus, Dimashq, Syria",SY,http://www.jpost.com/MiddleEast/Article.aspx?ID=308889&R=R1
20130406,253657562,20130406,LEBANON,LBN,JORDAN,JOR,190,재래식 군사력 사용,19,4,-10.0,12,3,12,1.70704620646073,"Damascus, Dimashq, Syria",SY,http://www.guardian.co.uk/world/2013/apr/06/syria-crisis-bashar-al-assad-middle-east
20130406,253657563,20130406,LEBANON,LBN,JORDAN,JOR,190,재래식 군사력 사용,19,4,-10.0,8,1,8,2.29885057471264,Syria,SY,http://www.b92.net//eng/news/world-article.php?yyyy=2013&mm=04&dd=06&nav_id=85565
20130406,253657564,20130406,LEBANON,LBN,JORDAN,JOR,190,재래식 군사력 사용,19,4,-10.0,2,1,2,2.29885057471264,Syria,SY,http://www.b92.net//eng/news/world-article.php?yyyy=2013&mm=04&dd=06&nav_id=85565
20130406,253657613,20130406,BEIRUT,LBN,SYRIA,SYR,190,재래식 군사력 사용,19,4,-10.0,81,3,81,1.74890121561189,"Damascus, Dimashq, Syria",SY,http://uk.reuters.com/article/2013/04/06/uk-syria-crisis-assad-idUKBRE93503F20130406?feedType=RSS&feedName=topNews
20130406,253657614,20130406,LEBANON,LBN,SYRIA,SYR,190,재래식 군사력 사용,19,4,-10.0,21,3,21,1.75582403956499,"Beirut, Beyrouth, Lebanon",LE,http://www.reuters.com/article/2013/04/06/us-syria-crisis-assad-idUSBRE93503C20130406
20130406,253657615,20130406,LEBANON,LBN,SYRIAN,SYR,190,재래식 군사력 사용,19,4,-10.0,12,2,12,2.27849015946612,"Beirut, Beyrouth, Lebanon",LE,http://news.yahoo.com/lebanon-names-uk-educated-lawmaker-prime-minister-162507693.html
20130406,253657616,20130406,BEIRUT,LBN,SYRIA,SYR,190,재래식 군사력 사용,19,4,-10.0,16,2,16,1.25971290264079,Syria,SY,http://www.thenews.com.pk/Todays-News-1-169961-Assad-says-rebel-victory-to-destabilise-ME
20130406,253657617,20130406,LEBANON,LBN,SYRIAN,SYR,190,재래식 군사력 사용,19,4,-10.0,2,1,2,2.78787878787879,Syria,SY,http://news.yahoo.com/lebanon-names-uk-educated-lawmaker-prime-minister-162507693.html
20130406,253657618,20130406,LEBANON,LBN,SYRIA,SYR,190,재래식 군사력 사용,19,4,-10.0,1,1,1,0.0,Tunisia,TS,BBC Monitoring
20130406,253657619,20130406,LEBANON,LBN,SYRIA,SYR,195,공중무기 사용,19,4,-10.0,1,1,1,1.8957345971564,"Aleppo, ?alab, Syria",SY,http://www.usatoday.com/story/news/world/2013/04/06/syrian-airstrike-aleppo/2058665/?utm_source=feedburner&utm_medium=feed&utm_campaign=Feed%3A+UsatodaycomWorld-TopStories+%28News+-+World+-+Top+Stories%29
20130406,253657620,20130406,BEIRUT,LBN,DAMASCUS,SYR,195,공중무기 사용,19,4,-10.0,2,1,2,1.8957345971564,"Aleppo, ?alab, Syria",SY,http://www.usatoday.com/story/news/world/2013/04/06/syrian-airstrike-aleppo/2058665/?utm_source=feedburner&utm_medium=feed&utm_campaign=Feed%3A+UsatodaycomWorld-TopStories+%28News+-+World+-+Top+Stories%29
20130406,253657622,20130406,BEIRUT,LBN,SYRIA,SYR,190,재래식 군사력 사용,19,4,-10.0,4,2,4,1.03911600837503,"Aleppo, ?alab, Syria",SY,http://ca.reuters.com/article/topNews/idCABRE93509K20130407
20130406,253657631,20130406,LEBANON,LBN,SANA,YEM,190,재래식 군사력 사용,19,4,-10.0,2,1,2,0.0,Tunisia,TS,BBC Monitoring
20130406,253660701,20130406,PALESTINIAN,PSE,ISRAEL,ISR,138,군사력 사용 위협,13,3,-7.0,4,1,4,5.64263322884013,"Kuala Lumpur, Kuala Lumpur, Malaysia",MY,http://thestar.com.my/news/story.asp?file=/2013/4/7/nation/12939621&sec=nation
20130406,253660707,20130406,PALESTINIAN,PSE,ISRAEL,ISR,190,재래식 군사력 사용,19,4,-10.0,2,1,2,0.0,"Hebron, Israel (general), Israel",IS,http://www.jpost.com/NationalNews/Article.aspx?id=308934&R=R2
20130406,253660708,20130406,PALESTINIAN,PSE,ISRAEL,ISR,190,재래식 군사력 사용,19,4,-10.0,2,1,2,0.0,"Hebron, Israel (general), Israel",IS,http://www.jpost.com/NationalNews/Article.aspx?id=308934&R=R2
20130406,253660709,20130406,GAZA,PSE,ISRAEL,ISR,190,재래식 군사력 사용,19,4,-10.0,18,3,18,1.95423331571037,"Jerusalem, Israel (general), Israel",IS,http://www.jpost.com/Opinion/Columnists/Article.aspx?ID=308919&R=R1
20130406,253660710,20130406,WEST BANK,PSE,JERUSALEM,ISR,190,재래식 군사력 사용,19,4,-10.0,8,1,8,2.4390243902439,"Jerusalem, Israel (general), Israel",IS,http://5.153.12.16/portal/en/news/555081
20130406,253660711,20130406,PALESTINE,PSE,ISRAEL,ISR,192,영토 점령,19,4,-9.5,10,1,10,0.0,Tunisia,TS,BBC Monitoring
20130406,253661674,20130406,SAUDI,SAU,IRAN,IRN,190,재래식 군사력 사용,19,4,-10.0,4,1,4,0.0,Tunisia,TS,BBC Monitoring
20130406,253661715,20130406,SAUDI,SAU,IRANIAN,IRN,190,재래식 군사력 사용,19,4,-10.0,6,1,6,0.0,Tunisia,TS,BBC Monitoring
20130406,253662152,20130406,SYRIA,SYR,LEBANESE,LBN,152,군 경계태세 강화,15,4,-7.2,2,1,2,0.0,Tunisia,TS,BBC Monitoring
20130406,253662153,20130406,SYRIA,SYR,LEBANON,LBN,190,재래식 군사력 사용,19,4,-10.0,1,1,1,0.0,Tunisia,TS,BBC Monitoring
20130406,253662154,20130406,SYRIAN,SYR,BEIRUT,LBN,190,재래식 군사력 사용,19,4,-10.0,8,1,8,0.78740157480315,"Baramkeh, Dimashq, Syria",SY,http://zeenews.india.com/news/world/bombing-kills-15-including-9-children-in-aleppo_840228.html
20130406,253662155,20130406,SYRIAN,SYR,LEBANON,LBN,190,재래식 군사력 사용,19,4,-10.0,2,1,2,0.78740157480315,"Damascus, Dimashq, Syria",SY,http://zeenews.india.com/news/world/bombing-kills-15-including-9-children-in-aleppo_840228.html
20130406,253662156,20130406,SYRIA,SYR,BEIRUT,LBN,190,재래식 군사력 사용,19,4,-10.0,81,3,81,1.74890121561189,"Damascus, Dimashq, Syria",SY,http://uk.reuters.com/article/2013/04/06/uk-syria-crisis-assad-idUKBRE93503F20130406?feedType=RSS&feedName=topNews
20130406,253662157,20130406,SYRIA,SYR,LEBANON,LBN,190,재래식 군사력 사용,19,4,-10.0,21,3,21,1.75582403956499,"Beirut, Beyrouth, Lebanon",LE,http://www.reuters.com/article/2013/04/06/us-syria-crisis-assad-idUSBRE93503C20130406
20130406,253662158,20130406,SYRIAN,SYR,BEIRUT,LBN,190,재래식 군사력 사용,19,4,-10.0,20,2,20,1.91497159611508,"Aleppo, ?alab, Syria",SY,http://www.thenews.com.pk/Todays-News-1-169967-Briefs...
20130406,253662159,20130406,SYRIAN,SYR,LEBANON,LBN,190,재래식 군사력 사용,19,4,-10.0,14,3,14,2.19052613952595,"Beirut, Beyrouth, Lebanon",LE,http://news.yahoo.com/lebanon-names-uk-educated-lawmaker-prime-minister-162507693.html
20130406,253662160,20130406,SYRIA,SYR,BEIRUT,LBN,190,재래식 군사력 사용,19,4,-10.0,16,2,16,1.25971290264079,Syria,SY,http://www.thenews.com.pk/Todays-News-1-169961-Assad-says-rebel-victory-to-destabilise-ME
20130406,253662161,20130406,SYRIAN,SYR,LEBANON,LBN,190,재래식 군사력 사용,19,4,-10.0,4,2,4,2.22531040388183,Syria,SY,http://news.yahoo.com/lebanon-names-uk-educated-lawmaker-prime-minister-162507693.html
20130406,253662162,20130406,SYRIAN,SYR,BEIRUT,LBN,195,공중무기 사용,19,4,-10.0,20,2,20,1.31587148783511,"Baramkeh, Dimashq, Syria",SY,http://www.google.com/hostednews/afp/article/ALeqM5gDKaFTJdD0fh0BGaEPiIe8TsePNA?docId=CNG.84e6d4497ba81db7e2a81fc4e40f8568.421
20130406,253662246,20130406,SYRIA,SYR,TURKISH,TUR,190,재래식 군사력 사용,19,4,-10.0,4,1,4,1.71428571428571,Syria,SY,http://en.trend.az/regions/met/arabicr/2136177.html
20130406,253662247,20130406,SYRIA,SYR,TURKEY,TUR,190,재래식 군사력 사용,19,4,-10.0,3,1,3,1.71428571428571,Turkey,TU,http://en.trend.az/regions/met/arabicr/2136177.html
20130406,253662284,20130406,SYRIAN,SYR,SANA,YEM,190,재래식 군사력 사용,19,4,-10.0,2,1,2,0.0,Tunisia,TS,BBC Monitoring
20130406,253662292,20130406,SYRIA,SYR,BEIRUT,LBN,190,재래식 군사력 사용,19,4,-10.0,4,2,4,1.03911600837503,"Aleppo, ?alab, Syria",SY,http://ca.reuters.com/article/topNews/idCABRE93509K20130407
20130406,253662293,20130406,SYRIAN,SYR,LEBANESE,LBN,190,재래식 군사력 사용,19,4,-10.0,8,1,8,1.66274201988488,"Beirut, Beyrouth, Lebanon",LE,http://www.dw.de/lebanon-appoints-new-prime-minister/a-16725049?maca=en-rss-en-all-1573-rdf
20130406,253662294,20130406,SYRIA,SYR,LEBANON,LBN,190,재래식 군사력 사용,19,4,-10.0,4,1,4,1.66274201988488,Syria,SY,http://www.dw.de/lebanon-appoints-new-prime-minister/a-16725049?maca=en-rss-en-all-1573-rdf
20130406,253662564,20130406,TURKEY,TUR,ISRAEL,ISR,190,재래식 군사력 사용,19,4,-10.0,2,1,2,0.0,Tunisia,TS,BBC Monitoring
20130406,253662650,20130406,TURKEY,TUR,SYRIAN,SYR,190,재래식 군사력 사용,19,4,-10.0,8,1,8,1.38248847926267,"Damascus, Dimashq, Syria",SY,http://www.upi.com/Top_News/World-News/2013/04/06/Assad-Turkey-lying-about-war-in-Syria/UPI-42291365273471/
20130406,253666261,20130406,SANA,YEM,LEBANON,LBN,190,재래식 군사력 사용,19,4,-10.0,2,1,2,0.0,Tunisia,TS,BBC Monitoring
20130406,253666270,20130406,SANA,YEM,SYRIAN,SYR,190,재래식 군사력 사용,19,4,-10.0,4,1,4,0.0,Tunisia,TS,BBC Monitoring
20130406,253666271,20130406,SANA,YEM,SYRIAN,SYR,190,재래식 군사력 사용,19,4,-10.0,6,1,6,0.0,Tunisia,TS,BBC Monitoring
20130407,253667276,20130331,ISRAEL,ISR,HAMAS,PSE,194,포병·전차를 이용한 전투,19,4,-10.0,32,5,32,0.394600207684319,"Gaza, Israel (general), Israel",IS,http://www.philippinetimes.com/index.php/sid/213670234/scat/2411cd3571b4f088
20130407,253667322,20130331,GAZA,PSE,ISRAEL,ISR,194,포병·전차를 이용한 전투,19,4,-10.0,32,5,32,0.394600207684319,"Gaza, Israel (general), Israel",IS,http://www.philippinetimes.com/index.php/sid/213670234/scat/2411cd3571b4f088
20130407,253667324,20130331,GAZA,PSE,ISRAEL,ISR,194,포병·전차를 이용한 전투,19,4,-10.0,16,5,16,0.394600207684319,"Gaza, Israel (general), Israel",IS,http://www.philippinetimes.com/index.php/sid/213670234/scat/2411cd3571b4f088
20130407,253680238,20130407,IRANIAN,IRN,ISRAEL,ISR,138,군사력 사용 위협,13,3,-7.0,4,1,4,2.93159609120521,"Ashkelon, HaDarom, Israel",IS,http://abcnews.go.com/International/wireStory/israel-begins-annual-holocaust-memorial-day-18901272
20130407,253680239,20130407,IRAN,IRN,ISRAEL,ISR,138,군사력 사용 위협,13,3,-7.0,2,1,2,2.93159609120521,Iran,IR,http://abcnews.go.com/International/wireStory/israel-begins-annual-holocaust-memorial-day-18901272
20130407,253680240,20130407,IRAN,IRN,ISRAEL,ISR,139,최후통첩,13,3,-7.0,5,1,5,1.29198966408269,"Tehran, Tehran, Iran",IR,http://www.thenational.ae/news/world/middle-east/iran-must-be-set-deadline-of-weeks-to-halt-enrichment-israel
20130407,253680241,20130407,IRAN,IRN,ISRAEL,ISR,139,최후통첩,13,3,-7.0,6,2,6,1.21501904288789,"Tehran, Tehran, Iran",IR,http://in.reuters.com/article/2013/04/07/iran-nuclear-israel-idINDEE93602M20130407?feedType=RSS&feedName=worldNews
20130407,253680242,20130407,IRAN,IRN,ISRAEL,ISR,139,최후통첩,13,3,-7.0,18,2,18,1.2130871557101,North Korea,KN,http://in.reuters.com/article/2013/04/07/iran-nuclear-israel-idINDEE93602M20130407?feedType=RSS&feedName=worldNews
20130407,253680243,20130407,IRAN,IRN,ISRAEL,ISR,139,최후통첩,13,3,-7.0,6,2,6,1.22081470442126,North Korea,KN,http://en.trend.az/news/politics/2136405.html
20130407,253680795,20130407,ISRAEL,ISR,IRAN,IRN,138,군사력 사용 위협,13,3,-7.0,2,1,2,2.93159609120521,Iran,IR,http://abcnews.go.com/International/wireStory/israel-begins-annual-holocaust-memorial-day-18901272
20130407,253680796,20130407,ISRAEL,ISR,IRAN,IRN,138,군사력 사용 위협,13,3,-7.0,2,1,2,2.93159609120521,"Ashkelon, HaDarom, Israel",IS,http://abcnews.go.com/International/wireStory/israel-begins-annual-holocaust-memorial-day-18901272
20130407,253680797,20130407,ISRAEL,ISR,IRAN,IRN,138,군사력 사용 위협,13,3,-7.0,3,1,3,2.26415094339623,Iran,IR,http://www.upi.com/Top_News/World-News/2013/04/07/Netanyahu-Israel-may-act-alone-on-Iran/UPI-84181365365103/
20130407,253680798,20130407,ISRAEL,ISR,IRAN,IRN,138,군사력 사용 위협,13,3,-7.0,2,1,2,2.26415094339623,Iran,IR,http://www.upi.com/Top_News/World-News/2013/04/07/Netanyahu-Israel-may-act-alone-on-Iran/UPI-84181365365103/
20130407,253681020,20130407,ISRAEL,ISR,GAZA,PSE,190,재래식 군사력 사용,19,4,-10.0,2,1,2,3.73563218390805,"Istanbul, Istanbul, Turkey",TU,http://cnsnews.com/news/article/kerry-turkey-mend-ties-israel-quickly
20130407,253681021,20130407,ISRAEL,ISR,GAZA,PSE,190,재래식 군사력 사용,19,4,-10.0,1,1,1,3.64077669902913,"Gaza, Israel (general), Israel",IS,http://www.google.com/hostednews/afp/article/ALeqM5jjpBwnlzWn29hoiIf5jtAI0tE4EA?docId=CNG.0a12831fb7b4e57d3cb72580dd689b5e.301
20130407,253681022,20130407,ISRAEL,ISR,GAZA,PSE,190,재래식 군사력 사용,19,4,-10.0,1,1,1,3.89473684210526,Israel,IS,http://news.yahoo.com/kerry-turkey-mend-ties-israel-quickly-162205832--politics.html
20130407,253681023,20130407,ISRAELI,ISR,GAZA,PSE,190,재래식 군사력 사용,19,4,-10.0,17,5,17,2.23156944767905,"Gaza, Israel (general), Israel",IS,http://www.foxnews.com/world/2013/04/07/kerry-urging-quick-repair-ties-between-turkey-israel-2-us-allies-in-unstable/?utm_source=feedburner&utm_medium=feed&utm_campaign=Feed%3A+foxnews%2Fworld+%28Internal+-+World+Latest+-+Text%29
20130407,253681024,20130407,ISRAELI,ISR,GAZA,PSE,190,재래식 군사력 사용,19,4,-10.0,141,14,141,3.442680034028,Israel,IS,http://europe.chinadaily.com.cn/world/2013-04/08/content_16381591.htm
20130407,253681025,20130407,ISRAEL,ISR,GAZA,PSE,190,재래식 군사력 사용,19,4,-10.0,28,13,28,3.44047993065261,Israel,IS,http://europe.chinadaily.com.cn/world/2013-04/08/content_16381591.htm
20130407,253681026,20130407,ISRAELI,ISR,GAZA,PSE,190,재래식 군사력 사용,19,4,-10.0,4,1,4,2.92887029288703,Lebanon,LE,http://www.dw.de/post-arab-spring-censorship-on-the-rise/a-16725701?maca=en-rss-en-top-1022-rdf
20130407,253681027,20130407,ISRAEL,ISR,GAZA,PSE,190,재래식 군사력 사용,19,4,-10.0,4,1,4,2.92887029288703,Israel,IS,http://www.dw.de/post-arab-spring-censorship-on-the-rise/a-16725701?maca=en-rss-en-top-1022-rdf
20130407,253681028,20130407,ISRAEL,ISR,WEST BANK,PSE,192,영토 점령,19,4,-9.5,1,1,1,2.97324083250743,"Ramallah, West Bank (general), West Bank",WE,http://worldnews.nbcnews.com/_news/2013/04/07/17643151-new-interest-in-old-mideast-peace-plan?lite
20130407,253681029,20130407,ISRAEL,ISR,WEST BANK,PSE,192,영토 점령,19,4,-9.5,32,7,32,2.91674300582326,"Jerusalem, Israel (general), Israel",IS,http://www.foxnews.com/world/2013/04/07/decade-old-mideast-peace-plan-re-emerges-as-possible-between-israel-and/?utm_source=feedburner&utm_medium=feed&utm_campaign=Feed%3A+foxnews%2Fworld+%28Internal+-+World+Latest+-+Text%29
20130407,253681030,20130407,ISRAEL,ISR,WEST BANK,PSE,192,영토 점령,19,4,-9.5,11,9,11,3.04549414529807,"Jerusalem, Israel (general), Israel",IS,http://www.3news.co.nz/Old-peace-plan-could-break-Mideast-deadlock/tabid/417/articleID/293405/Default.aspx?utm_source=feedburner&utm_medium=feed&utm_campaign=Feed%3A+co%2FMvia+%283News+-+International+News%29
20130407,253681031,20130407,ISRAEL,ISR,WEST BANK,PSE,192,영토 점령,19,4,-9.5,16,3,16,3.28493309605001,"Jerusalem, Israel (general), Israel",IS,http://www.3news.co.nz/Old-peace-plan-could-break-Mideast-deadlock/tabid/417/articleID/293405/Default.aspx?utm_source=feedburner&utm_medium=feed&utm_campaign=Feed%3A+co%2FMvia+%283News+-+International+News%29
20130407,253681032,20130407,JERUSALEM,ISR,GAZA,PSE,194,포병·전차를 이용한 전투,19,4,-10.0,7,4,7,1.85744598569947,"Gaza, Israel (general), Israel",IS,http://www.google.com/hostednews/afp/article/ALeqM5gvbPP7tRCGHKKP-z7G-MleCKgQdg?docId=CNG.1b28d036287bab2de437a79fc5621807.b1
20130407,253681072,20130407,ISRAEL,ISR,SYRIA,SYR,190,재래식 군사력 사용,19,4,-10.0,1,1,1,2.16383307573416,Israel,IS,http://www.trust.org/alertnet/news/newsmaker-lebanese-hope-consensus-premier-can-calm-tensions
20130407,253681073,20130407,ISRAEL,ISR,SYRIA,SYR,190,재래식 군사력 사용,19,4,-10.0,1,1,1,2.16383307573416,"Damascus, Dimashq, Syria",SY,http://www.trust.org/alertnet/news/newsmaker-lebanese-hope-consensus-premier-can-calm-tensions
20130407,253681189,20130407,ISRAEL,ISR,TURKEY,TUR,190,재래식 군사력 사용,19,4,-10.0,2,1,2,2.95566502463054,"Gaza, Israel (general), Israel",IS,http://www.haaretz.com/news/diplomacy-defense/kerry-urges-speedy-restoration-of-turkey-israel-ties-but-says-u-s-won-t-set-deadline-1.514067?localLinksEnabled=false
20130407,253681190,20130407,ISRAEL,ISR,TURKEY,TUR,190,재래식 군사력 사용,19,4,-10.0,12,1,12,1.42045454545455,"Iskanderun, Hatay, Turkey",TU,http://www.jpost.com/MiddleEast/Article.aspx?ID=309034&R=R1
20130407,253681191,20130407,ISRAEL,ISR,TURKISH,TUR,190,재래식 군사력 사용,19,4,-10.0,1,1,1,5.0251256281407,"Istanbul, Istanbul, Turkey",TU,http://www.rferl.org/content/kerry-turkey/24950228.html
20130407,253681192,20130407,ISRAEL,ISR,TURKEY,TUR,190,재래식 군사력 사용,19,4,-10.0,8,1,8,1.42045454545455,"Iskanderun, Hatay, Turkey",TU,http://www.jpost.com/MiddleEast/Article.aspx?ID=309034&R=R1
20130407,253681193,20130407,ISRAEL,ISR,TURKISH,TUR,190,재래식 군사력 사용,19,4,-10.0,1,1,1,5.0251256281407,Israel,IS,http://www.rferl.org/content/kerry-turkey/24950228.html
20130407,253681194,20130407,ISRAEL,ISR,TURKISH,TUR,190,재래식 군사력 사용,19,4,-10.0,1,1,1,3.81944444444444,Japan,JA,http://www.foxnews.com/world/2013/04/06/kerry-visits-turkey-before-making-fresh-bid-to-unlock-peace-talks-in-middle/?utm_source=feedburner&utm_medium=feed&utm_campaign=Feed%3A+foxnews%2Fworld+%28Internal+-+World+Latest+-+Text%29
20130407,253681195,20130407,ISRAEL,ISR,TURKISH,TUR,190,재래식 군사력 사용,19,4,-10.0,2,1,2,2.8735632183908,North Korea,KN,http://www.usatoday.com/story/news/world/2013/04/06/kerry-turkey-mideast/2060083/?utm_source=feedburner&utm_medium=feed&utm_campaign=Feed%3A+usatoday-NewsTopStories+%28News+-+Top+Stories%29
20130407,253681196,20130407,ISRAEL,ISR,TURKISH,TUR,190,재래식 군사력 사용,19,4,-10.0,21,2,21,3.18885696040868,United States,US,http://www.usatoday.com/story/news/world/2013/04/06/kerry-turkey-mideast/2060083/?utm_source=feedburner&utm_medium=feed&utm_campaign=Feed%3A+usatoday-NewsTopStories+%28News+-+Top+Stories%29
20130407,253681714,20130407,JORDAN,JOR,SYRIA,SYR,192,영토 점령,19,4,-9.5,5,1,5,1.50943396226415,Syria,SY,http://www.globalsecurity.org/wmd/library/news/syria/2013/syria-130407-presstv01.htm
20130407,253686673,20130407,PALESTINIAN,PSE,ISRAEL,ISR,190,재래식 군사력 사용,19,4,-10.0,2,1,2,0.0,"Hebron, Israel (general), Israel",IS,http://5.153.12.16/portal/en/news/555198
20130407,253686674,20130407,GAZA,PSE,ISRAEL,ISR,190,재래식 군사력 사용,19,4,-10.0,2,2,2,2.05255753190634,"Gaza, Israel (general), Israel",IS,http://www.naharnet.com/stories/en/78614-rocket-fired-from-gaza-crashes-into-southern-israel
20130407,253686675,20130407,GAZA,PSE,ISRAEL,ISR,194,포병·전차를 이용한 전투,19,4,-10.0,2,1,2,0.0,Gaza Strip,GZ,http://www.trust.org/alertnet/news/rocket-fired-from-gaza-strikes-southern-israel-police
20130407,253686676,20130407,GAZA,PSE,ISRAEL,ISR,194,포병·전차를 이용한 전투,19,4,-10.0,27,8,27,0.298429899098174,"Gaza, Israel (general), Israel",IS,http://en.trend.az/regions/met/israel/2136460.html
20130407,253686677,20130407,GAZA,PSE,ISRAEL,ISR,194,포병·전차를 이용한 전투,19,4,-10.0,15,3,15,2.17854074871113,Gaza Strip,GZ,http://uk.reuters.com/article/2013/04/07/uk-palestinians-israel-kerry-idUKBRE9360BT20130407?feedType=RSS&feedName=topNews
20130407,253686678,20130407,GAZA,PSE,ISRAEL,ISR,194,포병·전차를 이용한 전투,19,4,-10.0,1,1,1,0.0,"Gaza, Israel (general), Israel",IS,http://www.jpost.com/Headlines/Article.aspx?id=309010&R=R101
20130407,253686679,20130407,GAZA,PSE,ISRAEL,ISR,194,포병·전차를 이용한 전투,19,4,-10.0,8,1,8,0.420168067226891,Gaza Strip,GZ,http://www.jpost.com/Defense/Article.aspx?id=309012&R=R9
20130407,253686680,20130407,GAZA,PSE,ISRAEL,ISR,194,포병·전차를 이용한 전투,19,4,-10.0,20,1,20,0.840336134453782,Gaza Strip,GZ,http://www.jpost.com/Defense/Article.aspx?id=309012&R=R9
20130407,253686681,20130407,GAZA,PSE,ISRAEL,ISR,194,포병·전차를 이용한 전투,19,4,-10.0,2,1,2,2.22222222222222,"Hawaii, United States",US,http://www.philippinetimes.com/index.php/sid/213670234/scat/2411cd3571b4f088
20130407,253686682,20130407,GAZA,PSE,ISRAEL,ISR,194,포병·전차를 이용한 전투,19,4,-10.0,10,3,10,0.186915887850467,"Gaza, Israel (general), Israel",IS,http://in.reuters.com/article/2013/04/07/palestinians-israel-rocket-idINDEE93606G20130407?feedType=RSS&feedName=worldNews
20130407,253686683,20130407,GAZA,PSE,ISRAEL,ISR,194,포병·전차를 이용한 전투,19,4,-10.0,2,1,2,2.22222222222222,"Hawaii, United States",US,http://www.philippinetimes.com/index.php/sid/213670234/scat/2411cd3571b4f088
20130407,253686709,20130407,PALESTINIAN,PSE,ISRAEL,ISR,194,포병·전차를 이용한 전투,19,4,-10.0,2,1,2,1.45631067961165,"Damascus, Dimashq, Syria",SY,http://en.trend.az/regions/met/arabicr/2136392.html
20130407,253686710,20130407,PALESTINIAN,PSE,ISRAEL,ISR,194,포병·전차를 이용한 전투,19,4,-10.0,2,1,2,1.45631067961165,"Damascus, Dimashq, Syria",SY,http://en.trend.az/regions/met/arabicr/2136392.html
20130407,253686804,20130407,GAZA,PSE,TURK,TUR,190,재래식 군사력 사용,19,4,-10.0,3,1,3,2.95566502463054,"Gaza, Israel (general), Israel",IS,http://www.haaretz.com/news/diplomacy-defense/kerry-urges-speedy-restoration-of-turkey-israel-ties-but-says-u-s-won-t-set-deadline-1.514067?localLinksEnabled=false
20130407,253688200,20130407,SYRIAN,SYR,ISRAEL,ISR,138,군사력 사용 위협,13,3,-7.0,2,1,2,0.0,"Kremlin, Moskva, Russia",RS,BBC Monitoring
20130407,253688201,20130407,SYRIA,SYR,ISRAEL,ISR,190,재래식 군사력 사용,19,4,-10.0,2,1,2,2.16383307573416,"Beirut, Beyrouth, Lebanon",LE,http://www.trust.org/alertnet/news/newsmaker-lebanese-hope-consensus-premier-can-calm-tensions
20130407,253688202,20130407,SYRIAN,SYR,ISRAEL,ISR,190,재래식 군사력 사용,19,4,-10.0,2,1,2,0.0,"Kremlin, Moskva, Russia",RS,BBC Monitoring
20130407,253688211,20130407,SYRIAN,SYR,JORDAN,JOR,190,재래식 군사력 사용,19,4,-10.0,1,1,1,0.0,North Korea,KN,BBC Monitoring
20130407,253688212,20130407,SYRIAN,SYR,JORDAN,JOR,190,재래식 군사력 사용,19,4,-10.0,4,1,4,0.0,North Korea,KN,BBC Monitoring
20130407,253688223,20130407,SYRIAN,SYR,BEIRUT,LBN,190,재래식 군사력 사용,19,4,-10.0,10,1,10,0.840336134453782,"Baramkeh, Dimashq, Syria",SY,http://reliefweb.int/report/syrian-arab-republic/air-raid-kills-15-kurd-area-syrias-aleppo-ngo
20130407,253688234,20130407,SYRIAN,SYR,PALESTINIAN,PSE,138,군사력 사용 위협,13,3,-7.0,8,1,8,0.0,"Kremlin, Moskva, Russia",RS,BBC Monitoring
20130407,253688235,20130407,SYRIAN,SYR,PALESTINIAN,PSE,190,재래식 군사력 사용,19,4,-10.0,8,1,8,0.0,"Kremlin, Moskva, Russia",RS,BBC Monitoring
20130407,253688291,20130407,SYRIA,SYR,TURKISH,TUR,163,금수·보이콧·제재 부과,16,4,-8.0,10,1,10,0.0,"Rossiya, Tambovskaya Oblast', Russia",RS,BBC Monitoring
20130407,253688854,20130407,TURKEY,TUR,ISRAEL,ISR,190,재래식 군사력 사용,19,4,-10.0,1,1,1,3.28467153284672,"Ankara, Ankara, Turkey",TU,http://www.israelnationalnews.com/News/News.aspx/166820
20130407,253688855,20130407,TURKEY,TUR,ISRAEL,ISR,190,재래식 군사력 사용,19,4,-10.0,12,1,12,1.42045454545455,"Iskanderun, Hatay, Turkey",TU,http://www.jpost.com/MiddleEast/Article.aspx?ID=309034&R=R1
20130407,253688856,20130407,TURKEY,TUR,ISRAEL,ISR,190,재래식 군사력 사용,19,4,-10.0,1,1,1,3.28467153284672,"Ankara, Ankara, Turkey",TU,http://www.israelnationalnews.com/News/News.aspx/166820
20130407,253688857,20130407,TURKEY,TUR,ISRAEL,ISR,190,재래식 군사력 사용,19,4,-10.0,4,2,4,2.8614758559304,"Istanbul, Istanbul, Turkey",TU,http://www.reuters.com/article/2013/04/07/us-turkey-usa-kerry-idUSBRE93600Q20130407?feedType=RSS&feedName=politicsNews
20130407,253688858,20130407,TURKEY,TUR,ISRAEL,ISR,190,재래식 군사력 사용,19,4,-10.0,4,2,4,2.8614758559304,"Gaza, Israel (general), Israel",IS,http://www.reuters.com/article/2013/04/07/us-turkey-usa-kerry-idUSBRE93600Q20130407?feedType=RSS&feedName=politicsNews
20130407,253688859,20130407,TURKEY,TUR,ISRAEL,ISR,190,재래식 군사력 사용,19,4,-10.0,8,1,8,1.42045454545455,"Iskanderun, Hatay, Turkey",TU,http://www.jpost.com/MiddleEast/Article.aspx?ID=309034&R=R1
20130407,253688860,20130407,TURKISH,TUR,ISRAEL,ISR,193,소형무기·경무기를 이용한 전투,19,4,-10.0,4,1,4,3.04975922953451,"Ankara, Ankara, Turkey",TU,http://www.dw.de/us-secretary-of-state-warns-iran-on-nuclear-program/a-16726199?maca=en-rss-en-all-1573-rdf
20130407,253688861,20130407,TURKISH,TUR,ISRAEL,ISR,193,소형무기·경무기를 이용한 전투,19,4,-10.0,2,1,2,3.04975922953451,Israel,IS,http://www.dw.de/us-secretary-of-state-warns-iran-on-nuclear-program/a-16726199?maca=en-rss-en-all-1573-rdf
20130407,253688862,20130407,TURKISH,TUR,ISRAELI,ISR,193,소형무기·경무기를 이용한 전투,19,4,-10.0,2,1,2,3.04975922953451,Israel,IS,http://www.dw.de/us-secretary-of-state-warns-iran-on-nuclear-program/a-16726199?maca=en-rss-en-all-1573-rdf
20130407,253688981,20130407,TURKEY,TUR,GAZA,PSE,190,재래식 군사력 사용,19,4,-10.0,1,1,1,3.73563218390805,"Istanbul, Istanbul, Turkey",TU,http://cnsnews.com/news/article/kerry-turkey-mend-ties-israel-quickly
20130407,253688982,20130407,ISTANBUL,TUR,GAZA,PSE,190,재래식 군사력 사용,19,4,-10.0,8,3,8,3.05630106670508,"Gaza, Israel (general), Israel",IS,http://www.reuters.com/article/2013/04/07/us-turkey-usa-kerry-idUSBRE93600Q20130407?feedType=RSS&feedName=politicsNews
20130407,253688983,20130407,TURKEY,TUR,GAZA,PSE,190,재래식 군사력 사용,19,4,-10.0,3,2,3,3.84170195603952,Israel,IS,http://news.yahoo.com/kerry-turkey-mend-ties-israel-quickly-162205832--politics.html
20130407,253688984,20130407,ISTANBUL,TUR,GAZA,PSE,190,재래식 군사력 사용,19,4,-10.0,2,2,2,2.8614758559304,"Istanbul, Istanbul, Turkey",TU,http://www.reuters.com/article/2013/04/07/us-turkey-usa-kerry-idUSBRE93600Q20130407?feedType=RSS&feedName=politicsNews
20130407,253689173,20130407,TURKISH,TUR,ISRAEL,ISR,193,소형무기·경무기를 이용한 전투,19,4,-10.0,12,1,12,3.04975922953451,Israel,IS,http://www.dw.de/us-secretary-of-state-warns-iran-on-nuclear-program/a-16726199?maca=en-rss-en-all-1573-rdf
20130407,253689224,20130407,RECEP TAYYIP ERDOGAN,TUR,ISRAEL,ISR,190,재래식 군사력 사용,19,4,-10.0,1,1,1,3.66300366300366,"Ankara, Ankara, Turkey",TU,http://stream.wsj.com/story/latest-headlines/SS-2-63399/SS-2-205866/
20130408,253706927,20130408,EGYPT,EGY,ISRAEL,ISR,190,재래식 군사력 사용,19,4,-10.0,8,1,8,1.83875530410184,Israel,IS,http://www.jpost.com/Opinion/Editorials/Article.aspx?id=309124&R=R6
20130408,253706972,20130408,EGYPT,EGY,SYRIA,SYR,190,재래식 군사력 사용,19,4,-10.0,1,1,1,0.600600600600601,Syria,SY,http://www.bbc.co.uk/news/world-us-canada-22073042#sa-ns_mchannel=rss&ns_source=PublicRSS20-sa
20130408,253706973,20130408,EGYPT,EGY,SYRIA,SYR,190,재래식 군사력 사용,19,4,-10.0,1,1,1,0.600600600600601,Syria,SY,http://www.bbc.co.uk/news/world-us-canada-22073042#sa-ns_mchannel=rss&ns_source=PublicRSS20-sa
20130408,253714624,20130408,IRAN,IRN,ISRAELI,ISR,138,군사력 사용 위협,13,3,-7.0,4,1,4,0.0,"Norio, Georgia (general), Georgia",GG,BBC Monitoring
20130408,253714625,20130408,IRAN,IRN,ISRAELI,ISR,190,재래식 군사력 사용,19,4,-10.0,4,1,4,0.0,"Norio, Georgia (general), Georgia",GG,BBC Monitoring
20130408,253714626,20130408,IRAN,IRN,ISRAELI,ISR,138,군사력 사용 위협,13,3,-7.0,6,1,6,0.0,"Norio, Georgia (general), Georgia",GG,BBC Monitoring
20130408,253714627,20130408,IRAN,IRN,ISRAELI,ISR,190,재래식 군사력 사용,19,4,-10.0,6,1,6,0.0,"Norio, Georgia (general), Georgia",GG,BBC Monitoring
20130408,253714697,20130408,IRAN,IRN,SYRIA,SYR,163,금수·보이콧·제재 부과,16,4,-8.0,16,2,16,3.46002309524094,New Zealand,NZ,http://www.sacbee.com/2013/04/08/5324083/oil-and-gas-industry-to-power.html
20130408,253714698,20130408,IRAN,IRN,SYRIA,SYR,163,금수·보이콧·제재 부과,16,4,-8.0,4,1,4,2.88870008496177,United States,US,http://www.sacbee.com/2013/04/08/5324083/oil-and-gas-industry-to-power.html
20130408,253714711,20130408,IRANIAN,IRN,TURKEY,TUR,194,포병·전차를 이용한 전투,19,4,-10.0,16,2,16,4.09929964801711,"Tehran, Tehran, Iran",IR,http://en.trend.az/regions/iran/2136969.html
20130408,253714712,20130408,IRANIAN,IRN,TURKEY,TUR,194,포병·전차를 이용한 전투,19,4,-10.0,4,2,4,4.09929964801711,United Kingdom,UK,http://en.trend.az/regions/iran/2136969.html
20130408,253715189,20130408,ISRAELI,ISR,IRAN,IRN,190,재래식 군사력 사용,19,4,-10.0,2,1,2,0.0,"Norio, Georgia (general), Georgia",GG,BBC Monitoring
20130408,253715190,20130408,ISRAELI,ISR,IRAN,IRN,194,포병·전차를 이용한 전투,19,4,-10.0,2,1,2,0.0,"Norio, Georgia (general), Georgia",GG,BBC Monitoring
20130408,253715271,20130408,ISRAELI,ISR,LEBANESE,LBN,193,소형무기·경무기를 이용한 전투,19,4,-10.0,4,1,2,1.59362549800797,"Beirut, Beyrouth, Lebanon",LE,http://www.dailystar.com.lb/News/Local-News/2013/Apr-08/212978-adaisseh-on-alert-after-israeli-activity-along-border.ashx
20130408,253715418,20130408,ISRAELI,ISR,PALESTINIAN,PSE,190,재래식 군사력 사용,19,4,-10.0,8,1,8,0.0,"Lapanquri, Georgia (general), Georgia",GG,BBC Monitoring
20130408,253715419,20130408,ISRAEL,ISR,PALESTINIAN,PSE,190,재래식 군사력 사용,19,4,-10.0,2,1,2,0.0,"Norio, Georgia (general), Georgia",GG,BBC Monitoring
20130408,253715420,20130408,ISRAEL,ISR,PALESTINIAN,PSE,190,재래식 군사력 사용,19,4,-10.0,1,1,1,0.0,"Caucasus, Georgia (general), Georgia",GG,BBC Monitoring
20130408,253715421,20130408,ISRAELI,ISR,PALESTINIAN,PSE,190,재래식 군사력 사용,19,4,-10.0,2,1,2,0.0,"Georgia, United States",US,BBC Monitoring
20130408,253715422,20130408,ISRAEL,ISR,WEST BANK,PSE,192,영토 점령,19,4,-9.5,16,2,16,5.02643948296122,"Ramallah, West Bank (general), West Bank",WE,http://www.nzherald.co.nz/world/news/article.cfm?c_id=2&objectid=10876330&ref=rss
20130408,253715423,20130408,ISRAEL,ISR,WEST BANK,PSE,192,영토 점령,19,4,-9.5,28,4,28,3.46106430929864,"Jerusalem, Israel (general), Israel",IS,"http://www.ynetnews.com/articles/0,7340,L-4365345,00.html"
20130408,253715424,20130408,ISRAEL,ISR,WEST BANK,PSE,192,영토 점령,19,4,-9.5,8,4,8,3.47293558098113,"Jerusalem, Israel (general), Israel",IS,http://hosted.ap.org/dynamic/stories/M/ML_KERRY_MIDEAST?SITE=TXHOU&SECTION=HOME&TEMPLATE=DEFAULT
20130408,253715425,20130408,ISRAEL,ISR,GAZA,PSE,192,영토 점령,19,4,-9.5,4,2,4,0.673408307636496,"Jerusalem, Israel (general), Israel",IS,http://www.thenews.com.pk/article-95824-Israel-closes-Gaza-border-crossing-after-rocket-fire:-army
20130408,253715426,20130408,JERUSALEM,ISR,GAZA,PSE,192,영토 점령,19,4,-9.5,16,2,16,0.673408307636495,Gaza Strip,GZ,http://www.thenews.com.pk/article-95824-Israel-closes-Gaza-border-crossing-after-rocket-fire:-army
20130408,253715427,20130408,ISRAEL,ISR,WEST BANK,PSE,192,영토 점령,19,4,-9.5,8,2,8,3.57413374623368,"Jerusalem, Israel (general), Israel",IS,http://www.nydailynews.com/news/politics/secretary-state-john-kerry-kerry-meets-israeli-leaders-push-mideast-peace-article-1.1310840?localLinksEnabled=false
20130408,253715428,20130408,ISRAEL,ISR,WEST BANK,PSE,192,영토 점령,19,4,-9.5,8,1,8,3.15052508751459,"Gaza, Israel (general), Israel",IS,http://www.washingtonpost.com/world/kerry-trying-to-build-support-for-new-israel-peace-talks/2013/04/08/a5bcb146-a05d-11e2-bd52-614156372695_story.html?wprss=rss_world
20130408,253715429,20130408,ISRAEL,ISR,WEST BANK,PSE,192,영토 점령,19,4,-9.5,2,1,2,3.15052508751459,"Gaza, Israel (general), Israel",IS,http://www.washingtonpost.com/world/kerry-trying-to-build-support-for-new-israel-peace-talks/2013/04/08/a5bcb146-a05d-11e2-bd52-614156372695_story.html?wprss=rss_world
20130408,253715430,20130408,JERUSALEM,ISR,GAZA,PSE,192,영토 점령,19,4,-9.5,10,1,10,0.641025641025641,"Gaza, Israel (general), Israel",IS,http://reliefweb.int/report/occupied-palestinian-territory/israel-closes-gaza-border-crossing-after-rocket-fire-army
20130408,253715431,20130408,ISRAELI,ISR,GAZA,PSE,192,영토 점령,19,4,-9.5,1,1,1,4.91803278688525,"Rafah, Gaza Strip (general), Gaza Strip",GZ,http://www.bna.bh/portal/en/news/555332
20130408,253715432,20130408,ISRAEL,ISR,WEST BANK,PSE,192,영토 점령,19,4,-9.5,1,1,1,3.59223300970874,"Arab League, Al Qahirah, Egypt",EG,http://www.nydailynews.com/news/politics/secretary-state-john-kerry-kerry-meets-israeli-leaders-push-mideast-peace-article-1.1310840?localLinksEnabled=false
20130408,253715433,20130408,ISRAEL,ISR,WEST BANK,PSE,192,영토 점령,19,4,-9.5,4,2,4,5.02643948296122,"Arab League, Al Qahirah, Egypt",EG,http://www.nzherald.co.nz/world/news/article.cfm?c_id=2&objectid=10876330&ref=rss
20130408,253715434,20130408,ISRAEL,ISR,GAZA,PSE,194,포병·전차를 이용한 전투,19,4,-10.0,4,1,4,0.0,"Norio, Georgia (general), Georgia",GG,BBC Monitoring
20130408,253715435,20130408,ISRAELI,ISR,GAZA,PSE,194,포병·전차를 이용한 전투,19,4,-10.0,2,1,2,1.46341463414634,"Gaza, Israel (general), Israel",IS,http://rt.com/news/line/2013-04-08/
20130408,253715436,20130408,JERUSALEM,ISR,PALESTINIAN,PSE,194,포병·전차를 이용한 전투,19,4,-10.0,8,1,8,0.0,"Gaza, Israel (general), Israel",IS,http://www.upi.com/Top_News/World-News/2013/04/08/Rockets-fired-at-Israel-no-injuries/UPI-31331365424838/
20130408,253715437,20130408,JERUSALEM,ISR,GAZA,PSE,194,포병·전차를 이용한 전투,19,4,-10.0,20,2,20,0.673408307636495,Gaza Strip,GZ,http://www.thenews.com.pk/article-95824-Israel-closes-Gaza-border-crossing-after-rocket-fire:-army
20130408,253715438,20130408,ISRAEL,ISR,GAZA,PSE,194,포병·전차를 이용한 전투,19,4,-10.0,6,4,6,1.61634600658991,"Gaza, Israel (general), Israel",IS,http://www.thenews.com.pk/article-95824-Israel-closes-Gaza-border-crossing-after-rocket-fire:-army
20130408,253715439,20130408,JERUSALEM,ISR,GAZA,PSE,194,포병·전차를 이용한 전투,19,4,-10.0,10,1,10,0.641025641025641,Gaza Strip,GZ,http://reliefweb.int/report/occupied-palestinian-territory/israel-closes-gaza-border-crossing-after-rocket-fire-army
20130408,253715441,20130408,ISRAELI,ISR,WEST BANK,PSE,190,재래식 군사력 사용,19,4,-10.0,4,1,4,0.0,"Jalbun, West Bank (general), West Bank",WE,http://en.trend.az/news/arisc/2136686.html
20130408,253715442,20130408,ISRAEL,ISR,WEST BANK,PSE,190,재래식 군사력 사용,19,4,-10.0,2,1,2,0.0,Israel,IS,http://en.trend.az/news/arisc/2136686.html
20130408,253715589,20130408,ISRAEL,ISR,PALESTINIAN,PSE,190,재래식 군사력 사용,19,4,-10.0,4,2,4,3.66171309497697,"Jerusalem, Israel (general), Israel",IS,http://www.globalsecurity.org/military/library/news/2013/04/mil-130408-voa01.htm
20130408,253715590,20130408,ISRAELI,ISR,GAZA,PSE,194,포병·전차를 이용한 전투,19,4,-10.0,2,1,2,1.46341463414634,"Gaza, Israel (general), Israel",IS,http://rt.com/news/line/2013-04-08/
20130408,253715768,20130408,ISRAEL,ISR,LEBANESE,LBN,193,소형무기·경무기를 이용한 전투,19,4,-10.0,4,1,2,1.59362549800797,"Beirut, Beyrouth, Lebanon",LE,http://www.dailystar.com.lb/News/Local-News/2013/Apr-08/212978-adaisseh-on-alert-after-israeli-activity-along-border.ashx
20130408,253715769,20130408,ISRAELI,ISR,LEBANESE,LBN,193,소형무기·경무기를 이용한 전투,19,4,-10.0,12,1,6,1.59362549800797,Israel,IS,http://www.dailystar.com.lb/News/Local-News/2013/Apr-08/212978-adaisseh-on-alert-after-israeli-activity-along-border.ashx
20130408,253716087,20130408,AMMAN,JOR,WEST BANK,PSE,192,영토 점령,19,4,-9.5,8,1,8,0.911854103343465,"Allenby Bridge, West Bank (general), West Bank",WE,http://www.google.com/hostednews/afp/article/ALeqM5hJlnBtx2gBwJvz47iZ-Ne1WWyrtQ?docId=CNG.ac72d68a238bf5155368bd0182cb3f97.2e1
20130408,253716088,20130408,JORDAN,JOR,WEST BANK,PSE,192,영토 점령,19,4,-9.5,2,1,2,0.911854103343465,Morocco,MO,http://www.google.com/hostednews/afp/article/ALeqM5hJlnBtx2gBwJvz47iZ-Ne1WWyrtQ?docId=CNG.ac72d68a238bf5155368bd0182cb3f97.2e1
20130408,253723062,20130408,PALESTINIAN,PSE,ISRAEL,ISR,163,금수·보이콧·제재 부과,16,4,-8.0,2,1,2,1.42857142857143,"Gaza, Israel (general), Israel",IS,http://www.jpost.com/DiplomacyAndPolitics/Article.aspx?id=309133&R=R9
20130408,253723063,20130408,PALESTINIAN,PSE,ISRAEL,ISR,163,금수·보이콧·제재 부과,16,4,-8.0,4,1,4,1.42857142857143,"Gaza, Israel (general), Israel",IS,http://www.jpost.com/DiplomacyAndPolitics/Article.aspx?id=309133&R=R9
20130408,253723068,20130408,PALESTINIAN,PSE,ISRAELI,ISR,190,재래식 군사력 사용,19,4,-10.0,8,1,8,0.0,"Lapanquri, Georgia (general), Georgia",GG,BBC Monitoring
20130408,253723069,20130408,PALESTINIAN,PSE,ISRAEL,ISR,190,재래식 군사력 사용,19,4,-10.0,2,1,2,0.0,"Hebron, Israel (general), Israel",IS,http://www.bna.bh/portal/en/news/555198
20130408,253723070,20130408,PALESTINIAN,PSE,ISRAEL,ISR,191,봉쇄·이동 제한,19,4,-9.5,2,1,2,0.0,"Norio, Georgia (general), Georgia",GG,BBC Monitoring
20130408,253723071,20130408,PALESTINIAN,PSE,ISRAEL,ISR,193,소형무기·경무기를 이용한 전투,19,4,-10.0,4,1,4,0.0,"Norio, Georgia (general), Georgia",GG,BBC Monitoring
20130408,253723072,20130408,PALESTINIAN,PSE,ISRAEL,ISR,193,소형무기·경무기를 이용한 전투,19,4,-10.0,6,1,6,1.49253731343284,"Hebron, Israel (general), Israel",IS,http://www.haaretz.com/news/diplomacy-defense/medical-staff-that-treated-palestinian-who-later-died-didn-t-know-he-had-been-shot.premium-1.514412?localLinksEnabled=false
20130408,253723073,20130408,PALESTINIAN,PSE,ISRAEL,ISR,194,포병·전차를 이용한 전투,19,4,-10.0,5,1,5,0.0,"Norio, Georgia (general), Georgia",GG,BBC Monitoring
20130408,253723074,20130408,PALESTINIAN,PSE,ISRAEL,ISR,194,포병·전차를 이용한 전투,19,4,-10.0,5,1,5,2.10526315789474,"Hanegev, HaDarom, Israel",IS,http://www.jpost.com/Headlines/Article.aspx?id=309057&R=R101
20130408,253723075,20130408,PALESTINIAN,PSE,ISRAEL,ISR,194,포병·전차를 이용한 전투,19,4,-10.0,20,1,20,0.667932890155112,"Gaza, Israel (general), Israel",IS,http://www.jpost.com/Defense/Article.aspx?id=309159&R=R9
20130408,253723076,20130408,GAZA,PSE,ISRAEL,ISR,194,포병·전차를 이용한 전투,19,4,-10.0,3,1,3,2.19560878243513,Gaza Strip,GZ,http://in.reuters.com/article/2013/04/08/palestinians-israel-kerry-idINDEE93702Y20130408?feedType=RSS&feedName=worldNews
20130408,253723079,20130408,PALESTINIAN,PSE,ISRAEL,ISR,190,재래식 군사력 사용,19,4,-10.0,4,2,4,3.66171309497697,"Jerusalem, Israel (general), Israel",IS,http://www.globalsecurity.org/military/library/news/2013/04/mil-130408-voa01.htm
20130408,253723104,20130408,PALESTINIAN,PSE,ISRAEL,ISR,191,봉쇄·이동 제한,19,4,-9.5,2,1,2,0.0,"Norio, Georgia (general), Georgia",GG,BBC Monitoring
20130408,253723298,20130408,PALESTINIAN,PSE,JERUSALEM,ISR,191,봉쇄·이동 제한,19,4,-9.5,2,1,2,0.0,"Norio, Georgia (general), Georgia",GG,BBC Monitoring
20130408,253724536,20130408,SAUDI,SAU,ISRAEL,ISR,190,재래식 군사력 사용,19,4,-10.0,4,1,4,1.20192307692308,"Istanbul, Istanbul, Turkey",TU,http://www.saudigazette.com.sa/index.cfm?method=home.regcon&contentid=20130408160517
20130408,253724572,20130408,SAUDI ARABIA,SAU,YEMENI,YEM,193,소형무기·경무기를 이용한 전투,19,4,-10.0,6,1,6,1.6497461928934,"Arabian Peninsula, Saudi Arabia (general), Saudi Arabia",SA,http://www.thenational.ae/news/world/middle-east/deported-yemenis-thrown-into-trucks-like-sheep-in-saudi-foreign-labour-crackdown
20130408,253724573,20130408,SAUDI,SAU,YEMENI,YEM,193,소형무기·경무기를 이용한 전투,19,4,-10.0,2,1,2,1.6497461928934,"Sanaa, Sana', Yemen",YM,http://www.thenational.ae/news/world/middle-east/deported-yemenis-thrown-into-trucks-like-sheep-in-saudi-foreign-labour-crackdown
20130408,253724574,20130408,SAUDI ARABIA,SAU,YEMEN,YEM,193,소형무기·경무기를 이용한 전투,19,4,-10.0,2,1,2,1.6497461928934,"Arabian Peninsula, Saudi Arabia (general), Saudi Arabia",SA,http://www.thenational.ae/news/world/middle-east/deported-yemenis-thrown-into-trucks-like-sheep-in-saudi-foreign-labour-crackdown
20130408,253724601,20130408,SAUDI,SAU,ISRAEL,ISR,190,재래식 군사력 사용,19,4,-10.0,6,1,6,1.20192307692308,"Istanbul, Istanbul, Turkey",TU,http://www.saudigazette.com.sa/index.cfm?method=home.regcon&contentid=20130408160517
20130408,253725286,20130408,SYRIA,SYR,EGYPT,EGY,190,재래식 군사력 사용,19,4,-10.0,1,1,1,0.600600600600601,Syria,SY,http://www.bbc.co.uk/news/world-us-canada-22073042#sa-ns_mchannel=rss&ns_source=PublicRSS20-sa
20130408,253725287,20130408,SYRIA,SYR,EGYPT,EGY,190,재래식 군사력 사용,19,4,-10.0,1,1,1,0.600600600600601,Syria,SY,http://www.bbc.co.uk/news/world-us-canada-22073042#sa-ns_mchannel=rss&ns_source=PublicRSS20-sa
20130408,253725340,20130408,SYRIA,SYR,ISRAEL,ISR,154,군 병력 동원·증강,15,4,-7.2,8,1,8,0.0,"Golan Heights, Syria (general), Syria",SY,http://www.haaretz.com/news/diplomacy-defense/report-syria-redeploys-very-significant-number-of-golan-troops.premium-1.514263?localLinksEnabled=false
20130408,253725341,20130408,SYRIA,SYR,ISRAEL,ISR,154,군 병력 동원·증강,15,4,-7.2,8,1,8,3.85802469135802,"Jerusalem, Israel (general), Israel",IS,http://www.haaretz.com/news/diplomacy-defense/report-syria-redeploys-very-significant-number-of-golan-troops.premium-1.514263?block=true&%28AK_QUERY%29=
20130408,253725356,20130408,SYRIA,SYR,LEBANESE,LBN,190,재래식 군사력 사용,19,4,-10.0,2,1,2,0.0,Lebanon,LE,"http://www.ynetnews.com/articles/0,7340,L-4365618,00.html"
20130408,253725357,20130408,SYRIA,SYR,LEBANESE,LBN,190,재래식 군사력 사용,19,4,-10.0,3,1,3,0.0,Lebanon,LE,"http://www.ynetnews.com/articles/0,7340,L-4365618,00.html"
20130408,253725846,20130408,TURKISH,TUR,ISRAELI,ISR,190,재래식 군사력 사용,19,4,-10.0,40,4,40,3.39750704877479,"Gaza, Israel (general), Israel",IS,http://thestar.com.my/news/story.asp?file=/2013/4/8/worldupdates/turkish-ship-raid-victims-to-go-to-court-despite-israeli-apology&sec=Worldupdates
20130408,253725847,20130408,TURKEY,TUR,ISRAEL,ISR,190,재래식 군사력 사용,19,4,-10.0,2,1,2,0.0,"Gaza, Israel (general), Israel",IS,"http://www.ynetnews.com/articles/0,7340,L-4365528,00.html"
20130408,253725848,20130408,TURK,TUR,ISRAEL,ISR,190,재래식 군사력 사용,19,4,-10.0,8,1,8,0.0,Turkey,TU,"http://www.ynetnews.com/articles/0,7340,L-4365528,00.html"
20130408,253725908,20130408,ISTANBUL,TUR,SYRIA,SYR,190,재래식 군사력 사용,19,4,-10.0,10,1,10,0.0,"Norio, Georgia (general), Georgia",GG,BBC Monitoring
20130408,253725909,20130408,TURKEY,TUR,SYRIA,SYR,190,재래식 군사력 사용,19,4,-10.0,1,1,1,0.0,Russia,RS,BBC Monitoring
20130408,253731659,20130408,YEMEN,YEM,SAUDI,SAU,190,재래식 군사력 사용,19,4,-10.0,3,1,3,0.78125,Saudi Arabia,SA,http://english.farsnews.com/newstext.php?nn=9107158912
20130408,253731660,20130408,YEMEN,YEM,SAUDI,SAU,190,재래식 군사력 사용,19,4,-10.0,7,1,7,0.78125,Yemen,YM,http://english.farsnews.com/newstext.php?nn=9107158912
20130409,253746571,20130409,EGYPT,EGY,DAMASCUS,SYR,190,재래식 군사력 사용,19,4,-10.0,4,3,4,1.55552662548432,"Damascus, Dimashq, Syria",SY,http://thestar.com.my/news/story.asp?file=/2013/4/9/worldupdates/iraqi-al-qaeda-wing-merges-with-syrian-counterpart&sec=Worldupdates
20130409,253746572,20130409,EGYPT,EGY,DAMASCUS,SYR,190,재래식 군사력 사용,19,4,-10.0,4,3,4,1.55552662548432,"Nusra, Kafr ash Shaykh, Egypt",EG,http://thestar.com.my/news/story.asp?file=/2013/4/9/worldupdates/iraqi-al-qaeda-wing-merges-with-syrian-counterpart&sec=Worldupdates
20130409,253746573,20130409,EGYPT,EGY,SYRIA,SYR,190,재래식 군사력 사용,19,4,-10.0,1,1,1,0.619195046439629,Syria,SY,http://www.panarmenian.net/eng/news/153403/
20130409,253746574,20130409,EGYPT,EGY,SYRIA,SYR,190,재래식 군사력 사용,19,4,-10.0,1,1,1,0.619195046439629,"Virginia, United States",US,http://www.panarmenian.net/eng/news/153403/
20130409,253754629,20130409,BAGHDAD,IRQ,SYRIA,SYR,190,재래식 군사력 사용,19,4,-10.0,2,2,2,0.952419346710877,Syria,SY,http://www.thenews.com.pk/article-95960-Syria''s-Nusra-is-part-of-network:-Qaeda-in-Iraq--
20130409,253754630,20130409,BAGHDAD,IRQ,BASHAR AL ASSAD,SYR,190,재래식 군사력 사용,19,4,-10.0,2,1,2,1.35746606334842,"Baghdad, Baghdad, Iraq",IZ,http://www.google.com/hostednews/afp/article/ALeqM5iCdlZlFbLl5xqZk5x5YfHsybKQsw?docId=CNG.e1686bf590f01073b4ec9e47639896fe.01
20130409,253754631,20130409,BAGHDAD,IRQ,BASHAR AL ASSAD,SYR,190,재래식 군사력 사용,19,4,-10.0,3,1,3,1.35746606334842,Syria,SY,http://www.google.com/hostednews/afp/article/ALeqM5iCdlZlFbLl5xqZk5x5YfHsybKQsw?docId=CNG.e1686bf590f01073b4ec9e47639896fe.01
20130409,253754632,20130409,BAGHDAD,IRQ,BASHAR AL ASSAD,SYR,190,재래식 군사력 사용,19,4,-10.0,18,3,18,0.997424537448382,Syria,SY,http://www.thenews.com.pk/article-95960-Syria''s-Nusra-is-part-of-network:-Qaeda-in-Iraq--
20130409,253755060,20130409,ISRAELI,ISR,JORDAN,JOR,154,군 병력 동원·증강,15,4,-7.2,1,1,1,2.06896551724138,"Jerusalem, Israel (general), Israel",IS,http://www.upi.com/Top_News/Special/2013/04/09/Israel-worries-over-Syrias-Golan-pullback/UPI-74411365525743/
20130409,253755061,20130409,ISRAELI,ISR,JORDAN,JOR,154,군 병력 동원·증강,15,4,-7.2,1,1,1,2.06896551724138,Jordan,JO,http://www.upi.com/Top_News/Special/2013/04/09/Israel-worries-over-Syrias-Golan-pullback/UPI-74411365525743/
20130409,253755165,20130409,ISRAELI,ISR,PALESTINIAN,PSE,190,재래식 군사력 사용,19,4,-10.0,1,1,1,2.91970802919708,"Reuven, HaMerkaz, Israel",IS,http://www.philippinetimes.com/index.php/sid/213712445/scat/2411cd3571b4f088
20130409,253755166,20130409,ISRAELI,ISR,PALESTINIAN,PSE,190,재래식 군사력 사용,19,4,-10.0,1,1,1,2.91970802919708,"Jerusalem District, Yerushalayim, Israel",IS,http://www.philippinetimes.com/index.php/sid/213712445/scat/2411cd3571b4f088
20130409,253755167,20130409,ISRAEL,ISR,PALESTINIAN,PSE,190,재래식 군사력 사용,19,4,-10.0,12,1,12,1.89169191537574,"Jerusalem, Israel (general), Israel",IS,http://www.jpost.com/National-News/Terrorist-Teitel-sentenced-to-life-for-murders-309222
20130409,253755168,20130409,ISRAEL,ISR,GAZA,PSE,190,재래식 군사력 사용,19,4,-10.0,4,1,4,1.6,"Gaza, Israel (general), Israel",IS,http://www.thenews.com.pk/Todays-News-9-170463-Russian-inaction
20130409,253755169,20130409,ISRAEL,ISR,GAZA,PSE,190,재래식 군사력 사용,19,4,-10.0,2,1,2,1.6,Turkey,TU,http://www.thenews.com.pk/Todays-News-9-170463-Russian-inaction
20130409,253755170,20130409,ISRAEL,ISR,GAZA,PSE,190,재래식 군사력 사용,19,4,-10.0,4,1,4,0.0,"Ogarevo, Yaroslavskaya Oblast', Russia",RS,BBC Monitoring
20130409,253755171,20130409,ISRAELI,ISR,PALESTINIAN,PSE,190,재래식 군사력 사용,19,4,-10.0,2,1,2,1.14122914122914,"Florida, United States",US,http://www.theglobeandmail.com/news/world/israeli-settler-gets-life-for-palestinian-murders-in-1997/article10938784/?cmpid=rss1
20130409,253755172,20130409,ISRAELI,ISR,PALESTINIAN,PSE,190,재래식 군사력 사용,19,4,-10.0,4,2,4,1.24175551021188,West Bank,WE,http://www.dailystar.com.lb/News/Middle-East/2013/Apr-10/213179-israeli-settler-gets-life-for-1997-palestinian-murders.ashx
20130409,253755173,20130409,ISRAEL,ISR,GAZA,PSE,192,영토 점령,19,4,-9.5,2,1,2,1.49253731343284,Gaza Strip,GZ,"http://www.ynetnews.com/articles/0,7340,L-4365836,00.html"
20130409,253755174,20130409,ISRAEL,ISR,WEST BANK,PSE,192,영토 점령,19,4,-9.5,8,1,8,3.15052508751459,"Gaza, Israel (general), Israel",IS,http://www.washingtonpost.com/world/kerry-trying-to-build-support-for-new-israel-peace-talks/2013/04/08/a5bcb146-a05d-11e2-bd52-614156372695_story.html?wprss=rss_politics
20130409,253755175,20130409,ISRAEL,ISR,WEST BANK,PSE,192,영토 점령,19,4,-9.5,2,1,2,3.15052508751459,"Gaza, Israel (general), Israel",IS,http://www.washingtonpost.com/world/kerry-trying-to-build-support-for-new-israel-peace-talks/2013/04/08/a5bcb146-a05d-11e2-bd52-614156372695_story.html?wprss=rss_politics
20130409,253755176,20130409,ISRAELI,ISR,WEST BANK,PSE,192,영토 점령,19,4,-9.5,8,2,8,1.52016625615764,West Bank,WE,http://www.news24.com/Africa/News/Morocco-accuses-Israel-of-arrogance-20130409
20130409,253755177,20130409,ISRAELI,ISR,GAZA,PSE,193,소형무기·경무기를 이용한 전투,19,4,-10.0,8,1,8,0.0,"Khan Yunus, Gaza Strip (general), Gaza Strip",GZ,http://www.bna.bh/portal/en/news/555516
20130409,253755178,20130409,ISRAELI,ISR,GAZA,PSE,193,소형무기·경무기를 이용한 전투,19,4,-10.0,2,1,2,0.0,"Hebron, Israel (general), Israel",IS,http://www.bna.bh/portal/en/news/555516
20130409,253755179,20130409,ISRAEL,ISR,WEST BANK,PSE,193,소형무기·경무기를 이용한 전투,19,4,-10.0,9,4,9,1.30066926426394,"Jerusalem, Israel (general), Israel",IS,http://www.trust.org/alertnet/news/israeli-settler-jailed-for-life-for-killing-2-palestinians
20130409,253755180,20130409,ISRAEL,ISR,WEST BANK,PSE,193,소형무기·경무기를 이용한 전투,19,4,-10.0,9,3,9,0.118623962040332,"Jerusalem, Israel (general), Israel",IS,http://www.trust.org/alertnet/news/israeli-settler-jailed-for-life-for-killing-2-palestinians
20130409,253755181,20130409,ISRAELI,ISR,GAZA,PSE,193,소형무기·경무기를 이용한 전투,19,4,-10.0,2,1,2,0.4739336492891,"Gaza, Israel (general), Israel",IS,http://www.nzweek.com/world/israeli-military-says-no-exchange-of-fire-on-gaza-border-58831/
20130409,253755182,20130409,ISRAEL,ISR,GAZA,PSE,194,포병·전차를 이용한 전투,19,4,-10.0,2,1,2,1.49253731343284,"Kerem Shalom, HaDarom, Israel",IS,"http://www.ynetnews.com/articles/0,7340,L-4365836,00.html"
20130409,253755183,20130409,ISRAEL,ISR,GAZA,PSE,194,포병·전차를 이용한 전투,19,4,-10.0,8,1,8,2.0746887966805,"Sderot, HaDarom, Israel",IS,http://www.upi.com/Health_News/2013/04/09/Sustained-stress-ups-miscarriage-risk/UPI-95061365482687/
20130409,253755279,20130409,TEL AVIV,ISR,TURKEY,TUR,190,재래식 군사력 사용,19,4,-10.0,1,1,1,1.27298444130127,"Tehran, Tehran, Iran",IR,http://www.upi.com/Business_News/Security-Industry/2013/04/09/Israel-strikes-back-after-cyberattack/UPI-27681365533006/
20130409,253755280,20130409,TEL AVIV,ISR,TURKEY,TUR,190,재래식 군사력 사용,19,4,-10.0,1,1,1,1.27298444130127,United States,US,http://www.upi.com/Business_News/Security-Industry/2013/04/09/Israel-strikes-back-after-cyberattack/UPI-27681365533006/
20130409,253755282,20130409,ISRAEL,ISR,TURKEY,TUR,190,재래식 군사력 사용,19,4,-10.0,1,1,1,1.6,"Gaza, Israel (general), Israel",IS,http://www.thenews.com.pk/Todays-News-9-170463-Russian-inaction
20130409,253755283,20130409,ISRAEL,ISR,TURKISH,TUR,190,재래식 군사력 사용,19,4,-10.0,4,1,4,1.6,"Gaza, Israel (general), Israel",IS,http://www.thenews.com.pk/Todays-News-9-170463-Russian-inaction
20130409,253755498,20130409,ISRAELI,ISR,WEST BANK,PSE,192,영토 점령,19,4,-9.5,12,2,12,1.52016625615764,West Bank,WE,http://www.news24.com/Africa/News/Morocco-accuses-Israel-of-arrogance-20130409
20130409,253755517,20130409,MOSHE YAALON,ISR,GAZA,PSE,192,영토 점령,19,4,-9.5,6,1,6,0.34965034965035,"Gaza, Israel (general), Israel",IS,http://www.israelnationalnews.com/News/News.aspx/166913
20130409,253755547,20130409,ISRAELI,ISR,GAZA,PSE,193,소형무기·경무기를 이용한 전투,19,4,-10.0,2,1,2,0.4739336492891,"Gaza, Israel (general), Israel",IS,http://www.nzweek.com/world/israeli-military-says-no-exchange-of-fire-on-gaza-border-58831/
20130409,253755555,20130409,ISRAELI,ISR,PALESTINIAN,PSE,190,재래식 군사력 사용,19,4,-10.0,2,1,2,2.91970802919708,"Jerusalem District, Yerushalayim, Israel",IS,http://www.philippinetimes.com/index.php/sid/213712445/scat/2411cd3571b4f088
20130409,253755556,20130409,ISRAELI,ISR,PALESTINIAN,PSE,190,재래식 군사력 사용,19,4,-10.0,4,1,4,1.14122914122914,"Florida, United States",US,http://www.theglobeandmail.com/news/world/israeli-settler-gets-life-for-palestinian-murders-in-1997/article10938784/?cmpid=rss1
20130409,253755557,20130409,ISRAELI,ISR,PALESTINIAN,PSE,190,재래식 군사력 사용,19,4,-10.0,2,1,2,1.34228187919463,West Bank,WE,http://www.dailystar.com.lb/News/Middle-East/2013/Apr-10/213179-israeli-settler-gets-life-for-1997-palestinian-murders.ashx
20130409,253763800,20130409,PALESTINIAN,PSE,ISRAEL,ISR,190,재래식 군사력 사용,19,4,-10.0,6,1,6,1.89169191537574,"Jerusalem, Israel (general), Israel",IS,http://www.jpost.com/National-News/Terrorist-Teitel-sentenced-to-life-for-murders-309222
20130409,253763801,20130409,GAZA,PSE,ISRAEL,ISR,190,재래식 군사력 사용,19,4,-10.0,4,1,4,0.0,"Ogarevo, Yaroslavskaya Oblast', Russia",RS,BBC Monitoring
20130409,253763802,20130409,PALESTINIAN,PSE,ISRAEL,ISR,193,소형무기·경무기를 이용한 전투,19,4,-10.0,12,4,12,1.00515793870804,"Jerusalem, Israel (general), Israel",IS,http://www.jpost.com/National-News/Terrorist-Teitel-sentenced-to-life-for-murders-309222
20130409,253763803,20130409,GAZA,PSE,ISRAELI,ISR,193,소형무기·경무기를 이용한 전투,19,4,-10.0,2,1,2,0.4739336492891,"Gaza, Israel (general), Israel",IS,http://www.nzweek.com/world/israeli-military-says-no-exchange-of-fire-on-gaza-border-58831/
20130409,253763804,20130409,PALESTINIAN,PSE,ISRAEL,ISR,194,포병·전차를 이용한 전투,19,4,-10.0,10,2,10,0.948913966751609,"Gaza, Israel (general), Israel",IS,http://www.jpost.com/Defense/Article.aspx?ID=309289&R=R1
20130409,253763806,20130409,GAZA,PSE,ISRAEL,ISR,190,재래식 군사력 사용,19,4,-10.0,2,1,2,0.995024875621891,"Gaza, Israel (general), Israel",IS,http://www.bna.bh/portal/en/news/555543
20130409,253763820,20130409,GAZA,PSE,ISRAELI,ISR,193,소형무기·경무기를 이용한 전투,19,4,-10.0,2,1,2,0.4739336492891,"Gaza, Israel (general), Israel",IS,http://www.nzweek.com/world/israeli-military-says-no-exchange-of-fire-on-gaza-border-58831/
20130409,253763879,20130409,WEST BANK,PSE,ISRAEL,ISR,193,소형무기·경무기를 이용한 전투,19,4,-10.0,12,1,12,1.89169191537574,West Bank,WE,http://www.jpost.com/National-News/Terrorist-Teitel-sentenced-to-life-for-murders-309222
20130409,253763880,20130409,WEST BANK,PSE,ISRAEL,ISR,193,소형무기·경무기를 이용한 전투,19,4,-10.0,3,1,3,1.89169191537574,West Bank,WE,http://www.jpost.com/National-News/Terrorist-Teitel-sentenced-to-life-for-murders-309222
20130409,253765004,20130409,SAUDI,SAU,IRANIAN,IRN,190,재래식 군사력 사용,19,4,-10.0,10,1,10,0.0,"Ogarevo, Yaroslavskaya Oblast', Russia",RS,BBC Monitoring
20130409,253765008,20130409,SAUDI ARABIA,SAU,IRAN,IRN,190,재래식 군사력 사용,19,4,-10.0,4,1,4,0.0,"Ogarevo, Yaroslavskaya Oblast', Russia",RS,BBC Monitoring
20130409,253765042,20130409,SAUDI ARABIA,SAU,YEMEN,YEM,191,봉쇄·이동 제한,19,4,-9.5,2,1,2,0.746268656716418,Saudi Arabia,SA,http://www.bbc.co.uk/news/world-middle-east-22086231#sa-ns_mchannel=rss&ns_source=PublicRSS20-sa
20130409,253765043,20130409,SAUDI ARABIA,SAU,YEMEN,YEM,191,봉쇄·이동 제한,19,4,-9.5,12,1,12,0.966996005886062,Yemen,YM,http://www.bbc.co.uk/news/world-middle-east-22086231#sa-ns_mchannel=rss&ns_source=PublicRSS20-sa
20130409,253765044,20130409,SAUDI ARABIA,SAU,YEMEN,YEM,191,봉쇄·이동 제한,19,4,-9.5,1,1,1,1.40845070422535,Yemen,YM,http://www.bbc.co.uk/news/world-middle-east-22086938#sa-ns_mchannel=rss&ns_source=PublicRSS20-sa
20130409,253765985,20130409,SYRIA,SYR,EGYPT,EGY,190,재래식 군사력 사용,19,4,-10.0,1,1,1,0.619195046439629,Syria,SY,http://www.panarmenian.net/eng/news/153403/
20130409,253765986,20130409,SYRIA,SYR,EGYPT,EGY,190,재래식 군사력 사용,19,4,-10.0,1,1,1,0.619195046439629,"Virginia, United States",US,http://www.panarmenian.net/eng/news/153403/
20130409,253766087,20130409,SYRIAN,SYR,IRAQ,IRQ,192,영토 점령,19,4,-9.5,24,4,24,2.11628195758357,"Muhajir, Al Ladhiqiyah, Syria",SY,http://www.seattlepi.com/news/world/article/Syrian-militant-group-unites-with-al-Qaida-in-Iraq-4419766.php
20130409,253766088,20130409,SYRIAN,SYR,IRAQ,IRQ,192,영토 점령,19,4,-9.5,8,4,8,2.11628195758357,"Baghdad, Baghdad, Iraq",IZ,http://www.seattlepi.com/news/world/article/Syrian-militant-group-unites-with-al-Qaida-in-Iraq-4419766.php
20130409,253766089,20130409,SYRIAN,SYR,IRAQ,IRQ,192,영토 점령,19,4,-9.5,8,4,8,2.11628195758357,"Baghdad, Baghdad, Iraq",IZ,http://www.seattlepi.com/news/world/article/Syrian-militant-group-unites-with-al-Qaida-in-Iraq-4419766.php
20130409,253766136,20130409,SYRIA,SYR,LEBANON,LBN,190,재래식 군사력 사용,19,4,-10.0,18,2,18,1.76087786576357,"Qusayr, Tartus, Syria",SY,http://english.ahram.org.eg/NewsContent/2/8/68799/World/Region/Two-members-of-Lebanons-Hezbollah-killed-in-Syria.aspx
20130409,253766137,20130409,SYRIA,SYR,LEBANON,LBN,190,재래식 군사력 사용,19,4,-10.0,6,1,6,2.02898550724638,"Baalbek, Mohafazat Baalbek-Hermel, Lebanon",LE,http://www.dailystar.com.lb/News/Local-News/2013/Apr-09/213082-two-members-of-hezbollah-killed-in-syria.ashx
20130409,253766138,20130409,SYRIAN,SYR,LEBANESE,LBN,190,재래식 군사력 사용,19,4,-10.0,10,1,10,1.08303249097473,"Beirut, Beyrouth, Lebanon",LE,http://www.israelnationalnews.com/News/News.aspx/166953
20130409,253766139,20130409,SYRIAN,SYR,LEBANESE,LBN,190,재래식 군사력 사용,19,4,-10.0,10,1,10,1.54639175257732,Lebanon,LE,http://english.ahram.org.eg/NewsContent/2/8/68799/World/Region/Two-members-of-Lebanons-Hezbollah-killed-in-Syria.aspx
20130409,253766340,20130409,BASHAR AL ASSAD,SYR,IRAQ,IRQ,190,재래식 군사력 사용,19,4,-10.0,1,1,1,1.35746606334842,"Baghdad, Baghdad, Iraq",IZ,http://www.google.com/hostednews/afp/article/ALeqM5iCdlZlFbLl5xqZk5x5YfHsybKQsw?docId=CNG.e1686bf590f01073b4ec9e47639896fe.01
20130409,253766341,20130409,BASHAR AL ASSAD,SYR,IRAQ,IRQ,190,재래식 군사력 사용,19,4,-10.0,2,1,2,0.958466453674121,"Baghdad, Baghdad, Iraq",IZ,http://zeenews.india.com/news/world/al-qaeda-in-iraq-admits-role-in-syria-war_840837.html
20130409,253766342,20130409,BASHAR AL ASSAD,SYR,BAGHDAD,IRQ,190,재래식 군사력 사용,19,4,-10.0,12,3,12,1.01891928165659,"Baghdad, Baghdad, Iraq",IZ,http://www.thenews.com.pk/article-95960-Syria''s-Nusra-is-part-of-network:-Qaeda-in-Iraq--
20130409,253766343,20130409,SYRIA,SYR,BAGHDAD,IRQ,190,재래식 군사력 사용,19,4,-10.0,10,3,10,1.11443803336589,Syria,SY,http://www.google.com/hostednews/afp/article/ALeqM5iCdlZlFbLl5xqZk5x5YfHsybKQsw?docId=CNG.e1686bf590f01073b4ec9e47639896fe.01
20130409,253766385,20130409,SYRIA,SYR,LEBANON,LBN,190,재래식 군사력 사용,19,4,-10.0,1,1,1,2.02898550724638,"Qusayr, Tartus, Syria",SY,http://www.dailystar.com.lb/News/Local-News/2013/Apr-09/213082-two-members-of-hezbollah-killed-in-syria.ashx
20130409,253766386,20130409,SYRIA,SYR,LEBANON,LBN,190,재래식 군사력 사용,19,4,-10.0,1,1,1,2.02898550724638,"Baalbek, Mohafazat Baalbek-Hermel, Lebanon",LE,http://www.dailystar.com.lb/News/Local-News/2013/Apr-09/213082-two-members-of-hezbollah-killed-in-syria.ashx
20130409,253766768,20130409,TURKEY,TUR,TEL AVIV,ISR,190,재래식 군사력 사용,19,4,-10.0,2,1,2,1.27298444130127,"Jerusalem, Israel (general), Israel",IS,http://www.upi.com/Business_News/Security-Industry/2013/04/09/Israel-strikes-back-after-cyberattack/UPI-27681365533006/
20130409,253766816,20130409,TURKEY,TUR,SYRIAN,SYR,190,재래식 군사력 사용,19,4,-10.0,8,1,8,3.49378881987578,"Idlib, Idlib, Syria",SY,http://www.npr.org/2013/04/09/176615619/its-not-normal-syrian-war-transforms-lives?ft=1&f=2&utm_source=feedburner&utm_medium=feed&utm_campaign=Feed%3A+NprProgramsATC+%28NPR+Programs%3A+All+Things+Considered%29
20130409,253766817,20130409,TURKEY,TUR,SYRIA,SYR,190,재래식 군사력 사용,19,4,-10.0,4,1,4,3.49378881987578,"Idlib, Idlib, Syria",SY,http://www.npr.org/2013/04/09/176615619/its-not-normal-syrian-war-transforms-lives?ft=1&f=2&utm_source=feedburner&utm_medium=feed&utm_campaign=Feed%3A+NprProgramsATC+%28NPR+Programs%3A+All+Things+Considered%29
20130409,253766818,20130409,ANKARA,TUR,SYRIA,SYR,192,영토 점령,19,4,-9.5,2,1,2,3.80388841927303,"Ankara, Ankara, Turkey",TU,http://www.theatlantic.com/international/archive/2013/04/why-turkey-wont-go-into-syria/274806/
20130409,253766819,20130409,ANKARA,TUR,SYRIA,SYR,192,영토 점령,19,4,-9.5,8,1,8,3.80388841927303,"Ankara, Ankara, Turkey",TU,http://www.theatlantic.com/international/archive/2013/04/why-turkey-wont-go-into-syria/274806/
20130409,253766820,20130409,TURKEY,TUR,SYRIA,SYR,195,공중무기 사용,19,4,-10.0,4,1,4,3.49378881987578,"Idlib, Idlib, Syria",SY,http://www.npr.org/2013/04/09/176615619/its-not-normal-syrian-war-transforms-lives?ft=1&f=2&utm_source=feedburner&utm_medium=feed&utm_campaign=Feed%3A+NprProgramsATC+%28NPR+Programs%3A+All+Things+Considered%29
20130409,253766821,20130409,TURKEY,TUR,SYRIA,SYR,195,공중무기 사용,19,4,-10.0,4,1,4,3.49378881987578,"Idlib, Idlib, Syria",SY,http://www.npr.org/2013/04/09/176615619/its-not-normal-syrian-war-transforms-lives?ft=1&f=2&utm_source=feedburner&utm_medium=feed&utm_campaign=Feed%3A+NprProgramsATC+%28NPR+Programs%3A+All+Things+Considered%29
20130410,253788733,20130410,EGYPT,EGY,IRAQ,IRQ,190,재래식 군사력 사용,19,4,-10.0,6,1,6,2.01072386058981,"Baghdad, Baghdad, Iraq",IZ,http://www.upi.com/Top_News/Special/2013/04/10/Iraq-Syria-al-Qaida-union-spells-trouble/UPI-51271365612527/
20130410,253788734,20130410,EGYPT,EGY,IRAQI,IRQ,190,재래식 군사력 사용,19,4,-10.0,2,1,2,2.01072386058981,"Baghdad, Baghdad, Iraq",IZ,http://www.upi.com/Top_News/Special/2013/04/10/Iraq-Syria-al-Qaida-union-spells-trouble/UPI-51271365612527/
20130410,253796462,20130410,IRAQ,IRQ,EGYPT,EGY,190,재래식 군사력 사용,19,4,-10.0,6,1,6,2.01072386058981,"Baghdad, Baghdad, Iraq",IZ,http://www.upi.com/Top_News/Special/2013/04/10/Iraq-Syria-al-Qaida-union-spells-trouble/UPI-51271365612527/
20130410,253796463,20130410,IRAQI,IRQ,EGYPT,EGY,190,재래식 군사력 사용,19,4,-10.0,2,1,2,2.01072386058981,"Baghdad, Baghdad, Iraq",IZ,http://www.upi.com/Top_News/Special/2013/04/10/Iraq-Syria-al-Qaida-union-spells-trouble/UPI-51271365612527/
20130410,253796509,20130410,IRAQI,IRQ,ISRAELI,ISR,190,재래식 군사력 사용,19,4,-10.0,10,1,10,0.0,Libya,LY,BBC Monitoring
20130410,253796576,20130410,IRAQ,IRQ,SYRIA,SYR,190,재래식 군사력 사용,19,4,-10.0,2,1,2,2.1551724137931,Syria,SY,http://www.jpost.com/Syria-Crisis/Syrian-Rebel-group-pledges-loyalty-to-al-Qaida-309360
20130410,253796577,20130410,IRAQI,IRQ,SYRIA,SYR,190,재래식 군사력 사용,19,4,-10.0,5,1,5,2.1551724137931,Syria,SY,http://www.jpost.com/Syria-Crisis/Syrian-Rebel-group-pledges-loyalty-to-al-Qaida-309360
20130410,253796578,20130410,IRAQ,IRQ,SYRIAN,SYR,192,영토 점령,19,4,-9.5,8,1,8,1.91780821917808,Iraq,IZ,http://www.digitaljournal.com/article/347645
20130410,253796579,20130410,IRAQ,IRQ,SYRIA,SYR,192,영토 점령,19,4,-9.5,2,1,2,1.91780821917808,Syria,SY,http://www.digitaljournal.com/article/347645
20130410,253796580,20130410,IRAQ,IRQ,SYRIA,SYR,190,재래식 군사력 사용,19,4,-10.0,4,1,4,0.0,"Damascus, Dimashq, Syria",SY,http://news.yahoo.com/syrian-militants-merge-iraq-al-qaida-group-152200000.html
20130410,253796817,20130410,ISRAEL,ISR,IRAN,IRN,163,금수·보이콧·제재 부과,16,4,-8.0,5,1,5,0.0,Tunisia,TS,BBC Monitoring
20130410,253796934,20130410,ISRAEL,ISR,GAZA,PSE,190,재래식 군사력 사용,19,4,-10.0,4,1,4,1.36518771331058,Israel,IS,http://www.dw.de/a-search-for-identity-in-egypts-street-fights/a-16732082?maca=en-rss-en-all-1573-rdf
20130410,253796935,20130410,ISRAELI,ISR,PALESTINIAN,PSE,190,재래식 군사력 사용,19,4,-10.0,4,1,4,2.36406619385343,"Jerusalem, Israel (general), Israel",IS,http://www.google.com/hostednews/afp/article/ALeqM5hDeLpuSuQAq8O2nFh36iti7Pc-Dg?docId=CNG.3e6d3b8e64cace7090f35829ff678959.2b1
20130410,253796936,20130410,ISRAEL,ISR,GAZA,PSE,190,재래식 군사력 사용,19,4,-10.0,12,6,12,2.67454600534397,"Gaza, Israel (general), Israel",IS,http://news.yahoo.com/analysis-hamas-wants-bigger-regional-role-172841105.html
20130410,253796937,20130410,ISRAEL,ISR,PALESTINIAN,PSE,190,재래식 군사력 사용,19,4,-10.0,4,1,4,1.81818181818182,"Hawaii, United States",US,http://www.philippinetimes.com/index.php/sid/213717454/scat/2411cd3571b4f088
20130410,253796938,20130410,ISRAELI,ISR,GAZA,PSE,190,재래식 군사력 사용,19,4,-10.0,12,1,12,1.36518771331058,Israel,IS,http://www.dw.de/a-search-for-identity-in-egypts-street-fights/a-16732082?maca=en-rss-en-all-1573-rdf
20130410,253796939,20130410,ISRAELI,ISR,GAZA,PSE,190,재래식 군사력 사용,19,4,-10.0,4,1,4,1.36518771331058,Lebanon,LE,http://www.dw.de/a-search-for-identity-in-egypts-street-fights/a-16732082?maca=en-rss-en-all-1573-rdf
20130410,253796940,20130410,ISRAEL,ISR,GAZA,PSE,192,영토 점령,19,4,-9.5,10,2,10,1.65791402051784,"Kerem Shalom, HaDarom, Israel",IS,"http://www.ynetnews.com/articles/0,7340,L-4366674,00.html"
20130410,253796941,20130410,ISRAEL,ISR,GAZA,PSE,192,영토 점령,19,4,-9.5,7,1,7,2.85714285714286,"Unrwa, Gaza Strip (general), Gaza Strip",GZ,http://www.israelnationalnews.com/News/News.aspx/166995
20130410,253796942,20130410,ISRAEL,ISR,GAZA,PSE,194,포병·전차를 이용한 전투,19,4,-10.0,1,1,1,2.85714285714286,"Kerem Shalom, HaDarom, Israel",IS,http://www.israelnationalnews.com/News/News.aspx/166995
20130410,253796943,20130410,ISRAEL,ISR,GAZA,PSE,194,포병·전차를 이용한 전투,19,4,-10.0,2,1,2,2.85714285714286,"Kerem Shalom, HaDarom, Israel",IS,http://www.israelnationalnews.com/News/News.aspx/166995
20130410,253796944,20130410,ISRAEL,ISR,GAZA,PSE,194,포병·전차를 이용한 전투,19,4,-10.0,4,1,4,2.85714285714286,"Jerusalem, Israel (general), Israel",IS,http://www.israelnationalnews.com/News/News.aspx/166995
20130410,253796945,20130410,ISRAEL,ISR,GAZA,PSE,194,포병·전차를 이용한 전투,19,4,-10.0,10,2,10,1.65791402051784,"Gaza, Israel (general), Israel",IS,"http://www.ynetnews.com/articles/0,7340,L-4366674,00.html"
20130410,253796946,20130410,ISRAEL,ISR,GAZA,PSE,194,포병·전차를 이용한 전투,19,4,-10.0,4,1,4,0.537634408602151,"Gaza, Israel (general), Israel",IS,http://www.maannews.net/eng/ViewDetails.aspx?ID=584477
20130410,253796947,20130410,ISRAEL,ISR,GAZA,PSE,194,포병·전차를 이용한 전투,19,4,-10.0,2,1,2,2.85714285714286,"Unrwa, Gaza Strip (general), Gaza Strip",GZ,http://www.israelnationalnews.com/News/News.aspx/166995
20130410,253796955,20130410,ISRAEL,ISR,HAMAS,PSE,194,포병·전차를 이용한 전투,19,4,-10.0,2,1,2,5.70866141732284,"Gaza, Israel (general), Israel",IS,"http://www.ynetnews.com/articles/0,7340,L-4366663,00.html"
20130410,253796998,20130410,ISRAEL,ISR,DAMASCUS,SYR,190,재래식 군사력 사용,19,4,-10.0,10,1,10,0.0,Libya,LY,BBC Monitoring
20130410,253796999,20130410,ISRAEL,ISR,SYRIA,SYR,192,영토 점령,19,4,-9.5,2,1,2,0.510204081632653,"Dimona, HaDarom, Israel",IS,http://www.jpost.com/Defense/Shin-Bet-arrests-Israeli-Arab-who-joined-Syrian-rebels-309319
20130410,253797000,20130410,ISRAEL,ISR,SYRIA,SYR,192,영토 점령,19,4,-9.5,4,1,4,0.510204081632653,Syria,SY,http://www.jpost.com/Defense/Shin-Bet-arrests-Israeli-Arab-who-joined-Syrian-rebels-309319
20130410,253797001,20130410,ISRAEL,ISR,SYRIAN,SYR,190,재래식 군사력 사용,19,4,-10.0,2,1,2,0.3584229390681,Iran,IR,http://www.israelnationalnews.com/News/News.aspx/166962
20130410,253797010,20130410,ISRAEL,ISR,SYRIA,SYR,190,재래식 군사력 사용,19,4,-10.0,8,4,8,0.800503573336045,"Jerusalem, Israel (general), Israel",IS,http://news.yahoo.com/israel-charges-arab-fought-syrias-rebels-085052879.html
20130410,253797011,20130410,ISRAEL,ISR,SYRIA,SYR,190,재래식 군사력 사용,19,4,-10.0,32,4,32,0.800503573336045,Syria,SY,http://news.yahoo.com/israel-charges-arab-fought-syrias-rebels-085052879.html
20130410,253797034,20130410,ISRAEL,ISR,TURKEY,TUR,190,재래식 군사력 사용,19,4,-10.0,4,1,4,2.69230769230769,"Istanbul, Istanbul, Turkey",TU,"http://www.ynetnews.com/articles/0,7340,L-4366422,00.html"
20130410,253797035,20130410,ISRAEL,ISR,TURKEY,TUR,190,재래식 군사력 사용,19,4,-10.0,1,1,1,2.69230769230769,"Gaza, Israel (general), Israel",IS,"http://www.ynetnews.com/articles/0,7340,L-4366422,00.html"
20130410,253797086,20130410,ISRAELI,ISR,PALESTINIAN,PSE,190,재래식 군사력 사용,19,4,-10.0,6,1,6,2.36406619385343,"Jerusalem, Israel (general), Israel",IS,http://www.google.com/hostednews/afp/article/ALeqM5hDeLpuSuQAq8O2nFh36iti7Pc-Dg?docId=CNG.3e6d3b8e64cace7090f35829ff678959.2b1
20130410,253797163,20130410,ISRAEL,ISR,SYRIA,SYR,190,재래식 군사력 사용,19,4,-10.0,2,1,2,1.12749349522984,"Golan Heights, Syria (general), Syria",SY,http://www.salon.com/2013/04/10/israel_may_be_operating_in_syria_partner/
20130410,253797164,20130410,ISRAELI,ISR,SYRIA,SYR,190,재래식 군사력 사용,19,4,-10.0,8,1,8,1.12749349522984,Israel,IS,http://www.salon.com/2013/04/10/israel_may_be_operating_in_syria_partner/
20130410,253797166,20130410,ISRAEL,ISR,PALESTINIAN,PSE,1383,비정규 폭력 사용 위협,13,3,-7.0,2,1,2,2.33333333333333,"Gaza, Israel (general), Israel",IS,http://www.upi.com/Top_News/World-News/2013/04/10/Poll-Fatah-Hamas-should-reconcile/UPI-31341365602498/
20130410,253805353,20130410,GAZA,PSE,ISRAEL,ISR,138,군사력 사용 위협,13,3,-7.0,4,1,4,0.0,"Gaza, Israel (general), Israel",IS,"http://www.ynetnews.com/articles/0,7340,L-4366596,00.html"
20130410,253805362,20130410,PALESTINIAN,PSE,ISRAELI,ISR,190,재래식 군사력 사용,19,4,-10.0,4,1,4,2.36406619385343,"Jerusalem, Israel (general), Israel",IS,http://www.google.com/hostednews/afp/article/ALeqM5hDeLpuSuQAq8O2nFh36iti7Pc-Dg?docId=CNG.3e6d3b8e64cace7090f35829ff678959.2b1
20130410,253805363,20130410,GAZA,PSE,ISRAEL,ISR,190,재래식 군사력 사용,19,4,-10.0,12,6,12,2.67454600534397,"Gaza, Israel (general), Israel",IS,http://news.yahoo.com/analysis-hamas-wants-bigger-regional-role-172841105.html
20130410,253805364,20130410,PALESTINIAN,PSE,ISRAEL,ISR,192,영토 점령,19,4,-9.5,1,1,1,1.85284640171858,Israel,IS,http://www.state.gov/r/pa/prs/dpb/2013/04/207294.htm#DPRK
20130410,253805365,20130410,PALESTINIAN,PSE,ISRAEL,ISR,192,영토 점령,19,4,-9.5,1,1,1,1.85284640171858,"Ramallah, West Bank (general), West Bank",WE,http://www.state.gov/r/pa/prs/dpb/2013/04/207294.htm#DPRK
20130410,253805366,20130410,GAZA,PSE,ISRAEL,ISR,194,포병·전차를 이용한 전투,19,4,-10.0,4,3,4,1.76704331419888,"Gaza, Israel (general), Israel",IS,"http://www.ynetnews.com/articles/0,7340,L-4366674,00.html"
20130410,253805367,20130410,GAZA,PSE,ISRAEL,ISR,194,포병·전차를 이용한 전투,19,4,-10.0,1,1,1,2.85714285714286,"Unrwa, Gaza Strip (general), Gaza Strip",GZ,http://www.israelnationalnews.com/News/News.aspx/166995
20130410,253805368,20130410,PALESTINIAN,PSE,ISRAEL,ISR,194,포병·전차를 이용한 전투,19,4,-10.0,5,1,5,0.0,Libya,LY,BBC Monitoring
20130410,253805369,20130410,PALESTINIAN,PSE,ISRAELI,ISR,190,재래식 군사력 사용,19,4,-10.0,6,1,6,2.36406619385343,"Jerusalem, Israel (general), Israel",IS,http://www.google.com/hostednews/afp/article/ALeqM5hDeLpuSuQAq8O2nFh36iti7Pc-Dg?docId=CNG.3e6d3b8e64cace7090f35829ff678959.2b1
20130410,253805376,20130410,PALESTINIAN,PSE,ISRAEL,ISR,1383,비정규 폭력 사용 위협,13,3,-7.0,4,1,4,2.33333333333333,"Gaza, Israel (general), Israel",IS,http://www.upi.com/Top_News/World-News/2013/04/10/Poll-Fatah-Hamas-should-reconcile/UPI-31341365602498/
20130410,253805455,20130410,HAMAS,PSE,ISRAEL,ISR,194,포병·전차를 이용한 전투,19,4,-10.0,10,1,10,3.16649642492339,"Gaza, Israel (general), Israel",IS,http://www.vice.com/read/anonymous-is-doing-nothing-to-stop-israeli-aggression
20130410,253805473,20130410,GAZA,PSE,ISRAEL,ISR,194,포병·전차를 이용한 전투,19,4,-10.0,2,1,2,1.87617260787993,"Gaza, Israel (general), Israel",IS,http://www.israelnationalnews.com/News/News.aspx/166967
20130410,253806852,20130410,SAUDI ARABIA,SAU,YEMEN,YEM,191,봉쇄·이동 제한,19,4,-9.5,10,2,10,1.26875,Yemen,YM,http://www.google.com/hostednews/afp/article/ALeqM5j0hmA9IihWii4eJDVFPDBx5Kp0Ow?docId=CNG.c4eff9e2f2c1e3de9739407de5d03a48.761
20130410,253807731,20130410,SYRIA,SYR,IRAQ,IRQ,190,재래식 군사력 사용,19,4,-10.0,8,4,8,2.41876644985892,"Baghdad, Baghdad, Iraq",IZ,http://thestar.com.my/news/story.asp?file=/2013/4/10/worldupdates/iraqi-shiite-militants-start-to-acknowledge-role-in-syria&sec=Worldupdates
20130410,253807732,20130410,SYRIA,SYR,IRAQ,IRQ,190,재래식 군사력 사용,19,4,-10.0,2,1,2,2.44173140954495,"Kadhimiya, Baghdad, Iraq",IZ,http://www.dailystar.com.lb/News/Middle-East/2013/Apr-11/213306-iraqi-shiite-militants-start-to-acknowledge-role-in-syria.ashx
20130410,253807733,20130410,SYRIA,SYR,IRAQ,IRQ,190,재래식 군사력 사용,19,4,-10.0,2,1,2,2.1551724137931,Iraq,IZ,http://www.jpost.com/Syria-Crisis/Syrian-Rebel-group-pledges-loyalty-to-al-Qaida-309360
20130410,253807734,20130410,SYRIA,SYR,IRAQI,IRQ,190,재래식 군사력 사용,19,4,-10.0,5,1,5,2.1551724137931,Iraq,IZ,http://www.jpost.com/Syria-Crisis/Syrian-Rebel-group-pledges-loyalty-to-al-Qaida-309360
20130410,253807735,20130410,SYRIAN,SYR,IRAQ,IRQ,192,영토 점령,19,4,-9.5,4,1,4,1.92147034252297,"Baghdad, Baghdad, Iraq",IZ,http://reliefweb.int/report/iraq/remembering-iraqs-displaced-0
20130410,253807736,20130410,SYRIAN,SYR,IRAQ,IRQ,192,영토 점령,19,4,-9.5,12,2,12,2.90699479238165,"Aleppo, ?alab, Syria",SY,http://www.foxnews.com/world/2013/04/10/tensions-emerge-in-newly-announced-alliance-between-syrian-rebel-group-and-al/?utm_source=feedburner&utm_medium=feed&utm_campaign=Feed%3A+foxnews%2Fworld+%28Internal+-+World+Latest+-+Text%29
20130410,253807737,20130410,SYRIAN,SYR,IRAQ,IRQ,192,영토 점령,19,4,-9.5,8,2,8,2.90699479238165,"Baghdad, Baghdad, Iraq",IZ,http://www.foxnews.com/world/2013/04/10/tensions-emerge-in-newly-announced-alliance-between-syrian-rebel-group-and-al/?utm_source=feedburner&utm_medium=feed&utm_campaign=Feed%3A+foxnews%2Fworld+%28Internal+-+World+Latest+-+Text%29
20130410,253807738,20130410,SYRIAN,SYR,IRAQ,IRQ,192,영토 점령,19,4,-9.5,6,1,6,2.14655810510733,"Muhajir, Al Ladhiqiyah, Syria",SY,http://timesofindia.indiatimes.com/world/middle-east/Top-Syrian-rebel-group-unites-with-al-Qaida-in-Iraq/articleshow/19478215.cms
20130410,253807739,20130410,SYRIAN,SYR,IRAQ,IRQ,192,영토 점령,19,4,-9.5,2,1,2,2.14655810510733,"Baghdad, Baghdad, Iraq",IZ,http://timesofindia.indiatimes.com/world/middle-east/Top-Syrian-rebel-group-unites-with-al-Qaida-in-Iraq/articleshow/19478215.cms
20130410,253807740,20130410,SYRIAN,SYR,IRAQ,IRQ,192,영토 점령,19,4,-9.5,6,1,6,1.99203187250996,"Muhajir, Al Ladhiqiyah, Syria",SY,http://www.japantimes.co.jp/news/2013/04/10/world/al-qaida-syrian-rebel-groups-merger-underscores-militancy-fears/?utm_source=feedburner&utm_medium=feed&utm_campaign=Feed%3A+japantimes+%28The+Japan+Times%3A+All+Stories%29
20130410,253807741,20130410,SYRIAN,SYR,IRAQ,IRQ,192,영토 점령,19,4,-9.5,2,1,2,1.99203187250996,Iraq,IZ,http://www.japantimes.co.jp/news/2013/04/10/world/al-qaida-syrian-rebel-groups-merger-underscores-militancy-fears/?utm_source=feedburner&utm_medium=feed&utm_campaign=Feed%3A+japantimes+%28The+Japan+Times%3A+All+Stories%29
20130410,253807742,20130410,SYRIAN,SYR,IRAQ,IRQ,192,영토 점령,19,4,-9.5,4,2,4,2.11196100097774,"Baghdad, Baghdad, Iraq",IZ,http://timesofindia.indiatimes.com/world/middle-east/Top-Syrian-rebel-group-unites-with-al-Qaida-in-Iraq/articleshow/19478215.cms
20130410,253807743,20130410,SYRIAN,SYR,IRAQ,IRQ,192,영토 점령,19,4,-9.5,2,1,2,1.99203187250996,Iraq,IZ,http://www.japantimes.co.jp/news/2013/04/10/world/al-qaida-syrian-rebel-groups-merger-underscores-militancy-fears/?utm_source=feedburner&utm_medium=feed&utm_campaign=Feed%3A+japantimes+%28The+Japan+Times%3A+All+Stories%29
20130410,253807744,20130410,SYRIAN,SYR,IRAQ,IRQ,192,영토 점령,19,4,-9.5,2,1,2,2.07736389684814,"Baghdad, Baghdad, Iraq",IZ,http://hosted.ap.org/dynamic/stories/M/ML_SYRIA?SITE=AP&SECTION=HOME&TEMPLATE=DEFAULT&CTIME=2013-04-09-04-59-22
20130410,253807745,20130410,SYRIAN,SYR,IRAQ,IRQ,192,영토 점령,19,4,-9.5,6,1,6,2.07736389684814,Syria,SY,http://hosted.ap.org/dynamic/stories/M/ML_SYRIA?SITE=AP&SECTION=HOME&TEMPLATE=DEFAULT&CTIME=2013-04-09-04-59-22
20130410,253807772,20130410,SYRIA,SYR,ISRAEL,ISR,190,재래식 군사력 사용,19,4,-10.0,2,1,2,1.12749349522984,"Golan Heights, Syria (general), Syria",SY,http://www.salon.com/2013/04/10/israel_may_be_operating_in_syria_partner/
20130410,253807773,20130410,SYRIA,SYR,ISRAELI,ISR,190,재래식 군사력 사용,19,4,-10.0,8,1,8,0.0,"Golan Heights, Syria (general), Syria",SY,http://www.news24.com/World/News/Arab-Israeli-linked-to-Syria-rebels-20130410
20130410,253807774,20130410,SYRIA,SYR,ISRAELI,ISR,190,재래식 군사력 사용,19,4,-10.0,2,1,2,0.0,"Dimona, HaDarom, Israel",IS,http://www.news24.com/World/News/Arab-Israeli-linked-to-Syria-rebels-20130410
20130410,253807775,20130410,SYRIA,SYR,ISRAEL,ISR,190,재래식 군사력 사용,19,4,-10.0,4,1,4,1.12749349522984,Israel,IS,http://www.salon.com/2013/04/10/israel_may_be_operating_in_syria_partner/
20130410,253807776,20130410,DAMASCUS,SYR,ISRAEL,ISR,190,재래식 군사력 사용,19,4,-10.0,10,1,10,0.0,Libya,LY,BBC Monitoring
20130410,253807788,20130410,SYRIAN,SYR,JORDAN,JOR,192,영토 점령,19,4,-9.5,7,1,7,0.0,Libya,LY,BBC Monitoring
20130410,253807828,20130410,SYRIA,SYR,LEBANON,LBN,190,재래식 군사력 사용,19,4,-10.0,4,1,4,0.0,Libya,LY,BBC Monitoring
20130410,253807829,20130410,SYRIA,SYR,LEBANON,LBN,190,재래식 군사력 사용,19,4,-10.0,2,1,2,0.0,Morocco,MO,BBC Monitoring
20130410,253807830,20130410,SYRIA,SYR,LEBANON,LBN,193,소형무기·경무기를 이용한 전투,19,4,-10.0,10,1,10,0.0,Libya,LY,BBC Monitoring
20130410,253807831,20130410,SYRIA,SYR,LEBANON,LBN,193,소형무기·경무기를 이용한 전투,19,4,-10.0,2,1,1,2.23880597014925,"Baalbek, Mohafazat Baalbek-Hermel, Lebanon",LE,http://www.dailystar.com.lb/News/Local-News/2013/Apr-10/213269-bangladeshi-domestic-worker-commits-suicide.ashx
20130410,253807832,20130410,SYRIA,SYR,LEBANON,LBN,193,소형무기·경무기를 이용한 전투,19,4,-10.0,2,1,1,2.23880597014925,"Baalbek, Mohafazat Baalbek-Hermel, Lebanon",LE,http://www.dailystar.com.lb/News/Local-News/2013/Apr-10/213269-bangladeshi-domestic-worker-commits-suicide.ashx
20130410,253807833,20130410,SYRIA,SYR,LEBANON,LBN,193,소형무기·경무기를 이용한 전투,19,4,-10.0,4,1,2,2.23880597014925,Syria,SY,http://www.dailystar.com.lb/News/Local-News/2013/Apr-10/213269-bangladeshi-domestic-worker-commits-suicide.ashx
20130410,253807834,20130410,SYRIAN,SYR,LEBANON,LBN,194,포병·전차를 이용한 전투,19,4,-10.0,8,1,8,0.0,Libya,LY,BBC Monitoring
20130410,253807835,20130410,SYRIA,SYR,LEBANON,LBN,194,포병·전차를 이용한 전투,19,4,-10.0,2,1,2,0.0,Western Sahara,WI,BBC Monitoring
20130410,253807836,20130410,SYRIAN,SYR,LEBANON,LBN,194,포병·전차를 이용한 전투,19,4,-10.0,2,1,2,0.0,Tunisia,TS,BBC Monitoring
20130410,253807837,20130410,SYRIAN,SYR,LEBANON,LBN,194,포병·전차를 이용한 전투,19,4,-10.0,4,1,4,0.0,Western Sahara,WI,BBC Monitoring
20130410,253807838,20130410,SYRIAN,SYR,LEBANON,LBN,195,공중무기 사용,19,4,-10.0,3,1,2,2.98507462686567,"Damascus, Dimashq, Syria",SY,http://reliefweb.int/report/syrian-arab-republic/syria-warplane-wages-new-strike-lebanon-border-army
20130410,253807839,20130410,SYRIAN,SYR,LEBANON,LBN,195,공중무기 사용,19,4,-10.0,3,1,3,2.98507462686567,"Damascus, Dimashq, Syria",SY,http://reliefweb.int/report/syrian-arab-republic/syria-warplane-wages-new-strike-lebanon-border-army
20130410,253807840,20130410,SYRIA,SYR,LEBANON,LBN,195,공중무기 사용,19,4,-10.0,9,1,8,2.98507462686567,"Arsal, Mohafazat Baalbek-Hermel, Lebanon",LE,http://reliefweb.int/report/syrian-arab-republic/syria-warplane-wages-new-strike-lebanon-border-army
20130410,253808025,20130410,SYRIA,SYR,TURKEY,TUR,192,영토 점령,19,4,-9.5,6,1,6,0.510204081632653,Syria,SY,http://www.jpost.com/Defense/Shin-Bet-arrests-Israeli-Arab-who-joined-Syrian-rebels-309319
20130410,253808121,20130410,SYRIAN,SYR,IRAQI,IRQ,192,영토 점령,19,4,-9.5,6,1,6,1.92147034252297,"Baghdad, Baghdad, Iraq",IZ,http://reliefweb.int/report/iraq/remembering-iraqs-displaced-0
20130410,253808180,20130410,SYRIA,SYR,LEBANON,LBN,190,재래식 군사력 사용,19,4,-10.0,2,1,2,0.0,Algeria,AG,BBC Monitoring
20130410,253808244,20130410,SYRIA,SYR,ISRAEL,ISR,190,재래식 군사력 사용,19,4,-10.0,8,4,8,0.800503573336045,"Jerusalem, Israel (general), Israel",IS,http://news.yahoo.com/israel-charges-arab-fought-syrias-rebels-085052879.html
20130410,253808245,20130410,SYRIA,SYR,ISRAEL,ISR,190,재래식 군사력 사용,19,4,-10.0,32,4,32,0.800503573336045,Syria,SY,http://news.yahoo.com/israel-charges-arab-fought-syrias-rebels-085052879.html
20130410,253808724,20130410,TURK,TUR,BINYAMIN NETANYAHU,ISR,190,재래식 군사력 사용,19,4,-10.0,16,1,16,1.28824810704284,"Istanbul, Istanbul, Turkey",TU,http://www.jpost.com/MiddleEast/Article.aspx?ID=309334&R=R1
20130410,253808725,20130410,TURK,TUR,BINYAMIN NETANYAHU,ISR,190,재래식 군사력 사용,19,4,-10.0,4,1,4,1.28824810704283,"Gaza, Israel (general), Israel",IS,http://www.jpost.com/MiddleEast/Article.aspx?ID=309334&R=R1
20130411,253817666,20130404,ISRAEL,ISR,SYRIA,SYR,192,영토 점령,19,4,-9.5,4,3,4,2.09047931201406,"Golan Heights, Syria (general), Syria",SY,http://www.reuters.com/article/2013/04/11/us-israel-syria-idUSBRE93A0MJ20130411?feedType=RSS&feedName=worldNews
20130411,253817667,20130404,ISRAEL,ISR,SYRIA,SYR,192,영토 점령,19,4,-9.5,1,1,1,2.0817843866171,"Golan Heights, Syria (general), Syria",SY,http://www.voanews.com/content/isral-golan-conflict-syria/1639765.html
20130411,253817676,20130404,ISRAEL,ISR,SYRIA,SYR,192,영토 점령,19,4,-9.5,4,3,4,2.09047931201406,"Golan Heights, Syria (general), Syria",SY,http://www.reuters.com/article/2013/04/11/us-israel-syria-idUSBRE93A0MJ20130411?feedType=RSS&feedName=worldNews
20130411,253817677,20130404,ISRAEL,ISR,SYRIA,SYR,192,영토 점령,19,4,-9.5,1,1,1,2.0817843866171,"Golan Heights, Syria (general), Syria",SY,http://www.voanews.com/content/isral-golan-conflict-syria/1639765.html
20130411,253817808,20130404,SYRIAN,SYR,LEBANON,LBN,195,공중무기 사용,19,4,-10.0,4,1,4,1.38121546961326,"Damascus, Dimashq, Syria",SY,http://www.dailystar.com.lb/News/Politics/2013/Apr-11/213398-syrias-arsal-strike-unjustified-sleiman.ashx
20130411,253817809,20130404,SYRIAN,SYR,LEBANON,LBN,195,공중무기 사용,19,4,-10.0,8,1,8,0.0,"Moscow, Moskva, Russia",RS,BBC Monitoring
20130411,253817810,20130404,SYRIA,SYR,LEBANON,LBN,195,공중무기 사용,19,4,-10.0,4,1,4,1.38121546961326,"Bekaa, Béa, Lebanon",LE,http://www.dailystar.com.lb/News/Politics/2013/Apr-11/213398-syrias-arsal-strike-unjustified-sleiman.ashx
20130411,253817811,20130404,SYRIA,SYR,LEBANON,LBN,195,공중무기 사용,19,4,-10.0,6,1,6,2.18068535825545,Syria,SY,http://www.dailystar.com.lb/News/Politics/2013/Apr-11/213364-syrian-helicopter-targets-bekaa-border-area-1-wounded.ashx
20130411,253817812,20130404,SYRIA,SYR,LEBANON,LBN,195,공중무기 사용,19,4,-10.0,2,1,2,2.18068535825545,Syria,SY,http://www.dailystar.com.lb/News/Politics/2013/Apr-11/213364-syrian-helicopter-targets-bekaa-border-area-1-wounded.ashx
20130411,253830813,20130411,EGYPTIAN,EGY,ISRAEL,ISR,190,재래식 군사력 사용,19,4,-10.0,6,2,6,2.36456209806876,"Cairo, Al Qahirah, Egypt",EG,http://thestar.com.my/news/story.asp?file=/2013/4/12/worldupdates/peacekeeper-briefly-kidnapped-in-egypts-sinai&sec=Worldupdates
20130411,253830814,20130411,EGYPTIAN,EGY,ISRAEL,ISR,190,재래식 군사력 사용,19,4,-10.0,2,1,2,2.06611570247934,Israel,IS,http://www.trust.org/alertnet/news/peacekeeper-briefly-kidnapped-in-egypts-sinai
20130411,253830827,20130411,EGYPT,EGY,GAZA,PSE,190,재래식 군사력 사용,19,4,-10.0,1,1,1,2.84292821606254,"Gaza, Israel (general), Israel",IS,http://www.dailystar.com.lb/News/Middle-East/2013/Apr-11/213408-hamas-wants-bigger-regional-role.ashx
20130411,253830828,20130411,EGYPT,EGY,GAZA,PSE,190,재래식 군사력 사용,19,4,-10.0,1,1,1,2.84292821606254,"Gaza, Israel (general), Israel",IS,http://www.dailystar.com.lb/News/Middle-East/2013/Apr-11/213408-hamas-wants-bigger-regional-role.ashx
20130411,253830829,20130411,EGYPTIAN,EGY,HAMAS,PSE,190,재래식 군사력 사용,19,4,-10.0,2,1,2,0.0,"Moscow, Moskva, Russia",RS,BBC Monitoring
20130411,253830853,20130411,EGYPTIAN,EGY,HAMAS,PSE,190,재래식 군사력 사용,19,4,-10.0,6,1,6,0.0,"Moscow, Moskva, Russia",RS,BBC Monitoring
20130411,253838241,20130411,IRAN,IRN,ISRAEL,ISR,138,군사력 사용 위협,13,3,-7.0,5,1,5,0.0,"Moscow, Moskva, Russia",RS,BBC Monitoring
20130411,253838294,20130411,IRAN,IRN,SYRIA,SYR,193,소형무기·경무기를 이용한 전투,19,4,-10.0,10,1,10,0.0,"Moscow, Moskva, Russia",RS,BBC Monitoring
20130411,253838764,20130411,ISRAELI,ISR,IRANIAN,IRN,195,공중무기 사용,19,4,-10.0,10,1,10,3.08747855917667,"Fars, Khorasan-e Ra?avi, Iran",IR,http://www.wired.com/dangerroom/2013/04/iran-time-machine/?utm_source=feedburner&utm_medium=feed&utm_campaign=Feed%3A+wired%2Findex+%28Wired%3A+Top+Stories%29
20130411,253838888,20130411,ISRAEL,ISR,GAZA,PSE,138,군사력 사용 위협,13,3,-7.0,10,1,10,0.0,"Moscow, Moskva, Russia",RS,BBC Monitoring
20130411,253838891,20130411,ISRAEL,ISR,PALESTINIAN,PSE,190,재래식 군사력 사용,19,4,-10.0,5,1,5,0.0,"Hebron, Israel (general), Israel",IS,http://www.jpost.com/Headlines/Article.aspx?id=309437&R=R101
20130411,253838892,20130411,ISRAEL,ISR,WEST BANK,PSE,190,재래식 군사력 사용,19,4,-10.0,4,1,4,0.0,"Nablus, West Bank (general), West Bank",WE,http://www.google.com/hostednews/afp/article/ALeqM5hy5umEJq5xw3CwFEoSAmEB6ND1HQ?docId=CNG.8c9afe61a8c9c1fa9e2f28d7c000ca8e.71
20130411,253838893,20130411,ISRAEL,ISR,GAZA,PSE,191,봉쇄·이동 제한,19,4,-9.5,2,1,2,1.21457489878543,"Kerem Shalom, HaDarom, Israel",IS,http://en.trend.az/news/arisc/2137962.html
20130411,253838894,20130411,ISRAEL,ISR,GAZA,PSE,191,봉쇄·이동 제한,19,4,-9.5,2,1,2,1.21457489878543,"Kerem Shalom, HaDarom, Israel",IS,http://en.trend.az/news/arisc/2137962.html
20130411,253838895,20130411,ISRAEL,ISR,GAZA,PSE,191,봉쇄·이동 제한,19,4,-9.5,6,1,6,1.21457489878543,"Gaza, Israel (general), Israel",IS,http://en.trend.az/news/arisc/2137962.html
20130411,253838896,20130411,ISRAELI,ISR,PALESTINIAN,PSE,193,소형무기·경무기를 이용한 전투,19,4,-10.0,15,3,15,0.0,"Ofer, H_efa, Israel",IS,http://www.aljazeera.com/news/middleeast/2013/04/201341113571046605.html
20130411,253838897,20130411,ISRAELI,ISR,PALESTINIAN,PSE,193,소형무기·경무기를 이용한 전투,19,4,-10.0,22,4,20,0.293255131964809,"Hebron, Israel (general), Israel",IS,http://reliefweb.int/report/occupied-palestinian-territory/israeli-army-shoots-physically-disabled-palestinian
20130411,253838898,20130411,ISRAEL,ISR,WEST BANK,PSE,193,소형무기·경무기를 이용한 전투,19,4,-10.0,2,1,2,0.0,"Hebron, Israel (general), Israel",IS,http://www.google.com/hostednews/afp/article/ALeqM5hy5umEJq5xw3CwFEoSAmEB6ND1HQ?docId=CNG.8c9afe61a8c9c1fa9e2f28d7c000ca8e.71
20130411,253838899,20130411,ISRAELI,ISR,PALESTINIAN,PSE,193,소형무기·경무기를 이용한 전투,19,4,-10.0,1,1,1,0.0,"Ramallah, West Bank (general), West Bank",WE,http://www.aljazeera.com/news/middleeast/2013/04/201341113571046605.html
20130411,253838900,20130411,ISRAELI,ISR,PALESTINIAN,PSE,193,소형무기·경무기를 이용한 전투,19,4,-10.0,1,1,1,0.0,"Ramallah, West Bank (general), West Bank",WE,http://www.aljazeera.com/news/middleeast/2013/04/201341113571046605.html
20130411,253838901,20130411,ISRAEL,ISR,PALESTINIAN,PSE,193,소형무기·경무기를 이용한 전투,19,4,-10.0,4,2,4,1.28517531673916,Israel,IS,http://www.thenews.com.pk/Todays-News-1-170825-US-dismisses-speculation-over-Fayyads-resignation
20130411,253838902,20130411,ISRAEL,ISR,PALESTINIAN,PSE,194,포병·전차를 이용한 전투,19,4,-10.0,16,3,16,2.09047931201406,"Jerusalem, Israel (general), Israel",IS,http://www.reuters.com/article/2013/04/11/us-israel-syria-idUSBRE93A0MJ20130411?feedType=RSS&feedName=worldNews
20130411,253838903,20130411,ISRAEL,ISR,GAZA,PSE,194,포병·전차를 이용한 전투,19,4,-10.0,16,3,16,2.09047931201406,"Jerusalem, Israel (general), Israel",IS,http://www.reuters.com/article/2013/04/11/us-israel-syria-idUSBRE93A0MJ20130411?feedType=RSS&feedName=worldNews
20130411,253838904,20130411,ISRAELI,ISR,GAZA,PSE,194,포병·전차를 이용한 전투,19,4,-10.0,1,1,1,0.602409638554217,"Gaza, Israel (general), Israel",IS,http://www.bna.bh/portal/en/news/555923
20130411,253838905,20130411,ISRAELI,ISR,GAZA,PSE,194,포병·전차를 이용한 전투,19,4,-10.0,4,1,4,0.602409638554217,Gaza Strip,GZ,http://www.bna.bh/portal/en/news/555923
20130411,253838906,20130411,ISRAEL,ISR,GAZA,PSE,194,포병·전차를 이용한 전투,19,4,-10.0,4,1,4,2.0817843866171,Israel,IS,http://www.voanews.com/content/isral-golan-conflict-syria/1639765.html
20130411,253838907,20130411,ISRAEL,ISR,PALESTINIAN,PSE,194,포병·전차를 이용한 전투,19,4,-10.0,4,1,4,2.0817843866171,Israel,IS,http://www.voanews.com/content/isral-golan-conflict-syria/1639765.html
20130411,253838920,20130411,ISRAEL,ISR,WEST BANK,PSE,190,재래식 군사력 사용,19,4,-10.0,4,1,4,1.81818181818182,Israel,IS,http://www.haaretz.com/news/diplomacy-defense/palestinian-seriously-hurt-in-clashes-with-settlers-in-west-bank.premium-1.515012?localLinksEnabled=false
20130411,253838951,20130411,ISRAEL,ISR,SYRIAN,SYR,1384,재래식 군사 공격 위협,13,3,-7.0,4,2,4,2.81386599701091,Syria,SY,http://www.globalsecurity.org/military/library/news/2013/04/mil-130411-afps10.htm
20130411,253839161,20130411,ISRAELI,ISR,PALESTINIAN,PSE,193,소형무기·경무기를 이용한 전투,19,4,-10.0,7,2,7,0.0,"Ofer, H_efa, Israel",IS,http://reliefweb.int/report/occupied-palestinian-territory/israeli-army-shoots-physically-disabled-palestinian
20130411,253839162,20130411,ISRAELI,ISR,PALESTINIAN,PSE,193,소형무기·경무기를 이용한 전투,19,4,-10.0,3,1,2,1.29032258064516,"Hebron, Israel (general), Israel",IS,http://www.dailystar.com.lb/News/Middle-East/2013/Apr-11/213399-israeli-army-shoots-physically-disabled-palestinian.ashx
20130411,253841909,20130411,BEIRUT,LBN,SYRIAN,SYR,190,재래식 군사력 사용,19,4,-10.0,10,4,10,0.327027341490042,"Sanamein, Dara, Syria",SY,http://www.news24.com/World/News/Scores-dead-in-Syria-shelling-executions-20130411
20130411,253841910,20130411,BEIRUT,LBN,SYRIAN,SYR,190,재래식 군사력 사용,19,4,-10.0,1,1,1,0.769230769230769,"Deraa, Dara, Syria",SY,http://www.jpost.com/Headlines/Article.aspx?id=309481&R=R101
20130411,253841911,20130411,LEBANESE,LBN,SYRIAN,SYR,190,재래식 군사력 사용,19,4,-10.0,2,1,2,1.33333333333333,"Arsal, Mohafazat Baalbek-Hermel, Lebanon",LE,http://www.upi.com/Top_News/Special/2013/04/11/Lebanon-Syrian-strikes-were-non-military/UPI-89521365686818/
20130411,253841912,20130411,BEIRUT,LBN,SYRIA,SYR,195,공중무기 사용,19,4,-10.0,2,1,2,2.18068535825545,"Arsal, Mohafazat Baalbek-Hermel, Lebanon",LE,http://www.dailystar.com.lb/News/Politics/2013/Apr-11/213364-syrian-helicopter-targets-bekaa-border-area-1-wounded.ashx
20130411,253841913,20130411,BEIRUT,LBN,SYRIAN,SYR,195,공중무기 사용,19,4,-10.0,8,1,8,2.18068535825545,"Arsal, Mohafazat Baalbek-Hermel, Lebanon",LE,http://www.dailystar.com.lb/News/Politics/2013/Apr-11/213364-syrian-helicopter-targets-bekaa-border-area-1-wounded.ashx
20130411,253841916,20130411,LEBANESE,LBN,SYRIAN,SYR,190,재래식 군사력 사용,19,4,-10.0,6,1,6,1.33333333333333,"Arsal, Mohafazat Baalbek-Hermel, Lebanon",LE,http://www.upi.com/Top_News/Special/2013/04/11/Lebanon-Syrian-strikes-were-non-military/UPI-89521365686818/
20130411,253847780,20130411,GAZA,PSE,EGYPT,EGY,190,재래식 군사력 사용,19,4,-10.0,1,1,1,2.84292821606254,"Gaza, Israel (general), Israel",IS,http://www.dailystar.com.lb/News/Middle-East/2013/Apr-11/213408-hamas-wants-bigger-regional-role.ashx
20130411,253847781,20130411,GAZA,PSE,EGYPT,EGY,190,재래식 군사력 사용,19,4,-10.0,1,1,1,2.84292821606254,"Gaza, Israel (general), Israel",IS,http://www.dailystar.com.lb/News/Middle-East/2013/Apr-11/213408-hamas-wants-bigger-regional-role.ashx
20130411,253847838,20130411,PALESTINIAN,PSE,ISRAEL,ISR,138,군사력 사용 위협,13,3,-7.0,6,1,6,4.60992907801418,"Pennsylvania, United States",US,http://www.haaretz.com/news/diplomacy-defense/poll-palestinian-support-for-violence-against-israel-has-dropped-drastically.premium-1.514996?localLinksEnabled=false
20130411,253847841,20130411,PALESTINIAN,PSE,ISRAEL,ISR,190,재래식 군사력 사용,19,4,-10.0,5,1,5,0.0,"Hebron, Israel (general), Israel",IS,http://www.jpost.com/Headlines/Article.aspx?id=309437&R=R101
20130411,253847842,20130411,WEST BANK,PSE,ISRAEL,ISR,190,재래식 군사력 사용,19,4,-10.0,2,1,2,0.0,"Nablus, West Bank (general), West Bank",WE,http://www.aljazeera.com/news/middleeast/2013/04/201341113571046605.html
20130411,253847843,20130411,WEST BANK,PSE,ISRAEL,ISR,190,재래식 군사력 사용,19,4,-10.0,1,1,1,0.0,"Hebron, Israel (general), Israel",IS,http://www.aljazeera.com/news/middleeast/2013/04/201341113571046605.html
20130411,253847844,20130411,WEST BANK,PSE,ISRAEL,ISR,190,재래식 군사력 사용,19,4,-10.0,1,1,1,0.0,"Hebron, Israel (general), Israel",IS,http://www.aljazeera.com/news/middleeast/2013/04/201341113571046605.html
20130411,253847845,20130411,WEST BANK,PSE,ISRAEL,ISR,190,재래식 군사력 사용,19,4,-10.0,2,1,2,0.0,"Nablus, West Bank (general), West Bank",WE,http://www.aljazeera.com/news/middleeast/2013/04/201341113571046605.html
20130411,253847846,20130411,GAZA,PSE,ISRAEL,ISR,190,재래식 군사력 사용,19,4,-10.0,6,3,6,1.62408403964776,"Jerusalem, Israel (general), Israel",IS,http://cnsnews.com/news/article/rights-group-blasts-hamas-over-collaborator-deaths
20130411,253847847,20130411,GAZA,PSE,ISRAEL,ISR,190,재래식 군사력 사용,19,4,-10.0,1,1,1,1.45419292292778,"Gaza, Israel (general), Israel",IS,http://reliefweb.int/report/occupied-palestinian-territory/collaborator%E2%80%99-murders-go-unpunished
20130411,253847848,20130411,GAZA,PSE,ISRAEL,ISR,190,재래식 군사력 사용,19,4,-10.0,2,1,1,1.45419292292778,"Gaza, Israel (general), Israel",IS,http://reliefweb.int/report/occupied-palestinian-territory/collaborator%E2%80%99-murders-go-unpunished
20130411,253847849,20130411,GAZA,PSE,ISRAEL,ISR,190,재래식 군사력 사용,19,4,-10.0,1,1,1,1.45419292292778,"Khan Yunis, Gaza Strip (general), Gaza Strip",GZ,http://reliefweb.int/report/occupied-palestinian-territory/collaborator%E2%80%99-murders-go-unpunished
20130411,253847860,20130411,WEST BANK,PSE,ISRAEL,ISR,193,소형무기·경무기를 이용한 전투,19,4,-10.0,8,2,8,1.28517531673916,Israel,IS,http://www.thenews.com.pk/Todays-News-1-170825-US-dismisses-speculation-over-Fayyads-resignation
20130411,253847914,20130411,GAZA,PSE,QATAR,QAT,190,재래식 군사력 사용,19,4,-10.0,1,1,1,2.84292821606254,"Gaza, Israel (general), Israel",IS,http://www.dailystar.com.lb/News/Middle-East/2013/Apr-11/213408-hamas-wants-bigger-regional-role.ashx
20130411,253847915,20130411,GAZA,PSE,QATAR,QAT,190,재래식 군사력 사용,19,4,-10.0,1,1,1,2.84292821606254,"Gaza, Israel (general), Israel",IS,http://www.dailystar.com.lb/News/Middle-East/2013/Apr-11/213408-hamas-wants-bigger-regional-role.ashx
20130411,253847923,20130411,GAZA,PSE,TURKEY,TUR,190,재래식 군사력 사용,19,4,-10.0,1,1,1,2.84292821606254,"Gaza, Israel (general), Israel",IS,http://www.dailystar.com.lb/News/Middle-East/2013/Apr-11/213408-hamas-wants-bigger-regional-role.ashx
20130411,253847924,20130411,GAZA,PSE,TURKEY,TUR,190,재래식 군사력 사용,19,4,-10.0,1,1,1,2.84292821606254,"Gaza, Israel (general), Israel",IS,http://www.dailystar.com.lb/News/Middle-East/2013/Apr-11/213408-hamas-wants-bigger-regional-role.ashx
20130411,253848019,20130411,WEST BANK,PSE,ISRAEL,ISR,190,재래식 군사력 사용,19,4,-10.0,4,1,4,1.81818181818182,Israel,IS,http://www.haaretz.com/news/diplomacy-defense/palestinian-seriously-hurt-in-clashes-with-settlers-in-west-bank.premium-1.515012?localLinksEnabled=false
20130411,253848159,20130411,QATAR,QAT,GAZA,PSE,190,재래식 군사력 사용,19,4,-10.0,1,1,1,2.84292821606254,"Gaza, Israel (general), Israel",IS,http://www.dailystar.com.lb/News/Middle-East/2013/Apr-11/213408-hamas-wants-bigger-regional-role.ashx
20130411,253848160,20130411,QATAR,QAT,GAZA,PSE,190,재래식 군사력 사용,19,4,-10.0,1,1,1,2.84292821606254,"Gaza, Israel (general), Israel",IS,http://www.dailystar.com.lb/News/Middle-East/2013/Apr-11/213408-hamas-wants-bigger-regional-role.ashx
20130411,253848198,20130411,AL JAZEERA,QAT,SYRIAN,SYR,190,재래식 군사력 사용,19,4,-10.0,3,1,3,0.301204819277108,"Istanbul, Istanbul, Turkey",TU,http://www.aljazeera.com/news/middleeast/2013/04/2013411135719359514.html
20130411,253850076,20130411,SYRIA,SYR,IRAQ,IRQ,190,재래식 군사력 사용,19,4,-10.0,2,1,2,0.0,"Moscow, Moskva, Russia",RS,BBC Monitoring
20130411,253850131,20130411,DAMASCUS,SYR,BEIRUT,LBN,138,군사력 사용 위협,13,3,-7.0,6,1,6,1.12422687299105,"Damascus, Dimashq, Syria",SY,http://www.dailystar.com.lb/News/Politics/2013/Apr-12/213460-sleiman-says-syrian-airstrikes-unwarranted.ashx
20130411,253850132,20130411,DAMASCUS,SYR,BEIRUT,LBN,138,군사력 사용 위협,13,3,-7.0,10,1,10,1.33632138639198,"Damascus, Dimashq, Syria",SY,http://www.dailystar.com.lb/News/Politics/2013/Apr-12/213460-sleiman-says-syrian-airstrikes-unwarranted.ashx
20130411,253850133,20130411,DAMASCUS,SYR,BEIRUT,LBN,138,군사력 사용 위협,13,3,-7.0,9,1,9,1.59916114505043,"Beirut, Beyrouth, Lebanon",LE,http://www.dailystar.com.lb/News/Local-News/2013/Apr-11/213414-five-wounded-by-syrian-airstrike-on-lebanon-arsal-official.ashx
20130411,253850134,20130411,DAMASCUS,SYR,BEIRUT,LBN,138,군사력 사용 위협,13,3,-7.0,12,1,10,0.0,"Moscow, Moskva, Russia",RS,BBC Monitoring
20130411,253850135,20130411,DAMASCUS,SYR,BEIRUT,LBN,138,군사력 사용 위협,13,3,-7.0,1,1,1,1.92771084337349,"Arsal, Mohafazat Baalbek-Hermel, Lebanon",LE,http://www.dailystar.com.lb/News/Local-News/2013/Apr-11/213414-five-wounded-by-syrian-airstrike-on-lebanon-arsal-official.ashx
20130411,253850136,20130411,DAMASCUS,SYR,BEIRUT,LBN,138,군사력 사용 위협,13,3,-7.0,2,1,2,1.38121546961326,"Beirut, Beyrouth, Lebanon",LE,http://www.dailystar.com.lb/News/Politics/2013/Apr-11/213398-syrias-arsal-strike-unjustified-sleiman.ashx
20130411,253850137,20130411,SYRIA,SYR,LEBANON,LBN,1383,비정규 폭력 사용 위협,13,3,-7.0,2,1,2,0.0,"Moscow, Moskva, Russia",RS,BBC Monitoring
20130411,253850138,20130411,SYRIAN,SYR,LEBANON,LBN,190,재래식 군사력 사용,19,4,-10.0,3,1,3,0.498753117206983,"Damascus, Dimashq, Syria",SY,http://en.trend.az/regions/met/arabicr/2138229.html
20130411,253850139,20130411,SYRIAN,SYR,LEBANON,LBN,190,재래식 군사력 사용,19,4,-10.0,2,1,2,0.498753117206983,"Arsal, Mohafazat Baalbek-Hermel, Lebanon",LE,http://en.trend.az/regions/met/arabicr/2138229.html
20130411,253850140,20130411,SYRIA,SYR,BEIRUT,LBN,190,재래식 군사력 사용,19,4,-10.0,20,2,20,0.505050505050505,"Idlib, Idlib, Syria",SY,http://www.channelnewsasia.com/news/world/57-killed-in-army-assault-in-southern-sy/635554.html
20130411,253850141,20130411,SYRIA,SYR,BEIRUT,LBN,190,재래식 군사력 사용,19,4,-10.0,23,3,23,0.0,Syria,SY,http://timesofindia.indiatimes.com/world/middle-east/57-killed-in-army-assault-in-southern-Syria-Watchdog/articleshow/19491830.cms
20130411,253850142,20130411,SYRIA,SYR,LEBANON,LBN,190,재래식 군사력 사용,19,4,-10.0,2,1,2,0.0,Syria,SY,http://timesofindia.indiatimes.com/world/middle-east/57-killed-in-army-assault-in-southern-Syria-Watchdog/articleshow/19491830.cms
20130411,253850143,20130411,SYRIA,SYR,BEIRUT,LBN,190,재래식 군사력 사용,19,4,-10.0,15,2,15,0.0,Syria,SY,http://reliefweb.int/report/syrian-arab-republic/57-killed-army-assault-southern-syria-watchdog
20130411,253850144,20130411,SYRIAN,SYR,LEBANON,LBN,190,재래식 군사력 사용,19,4,-10.0,2,1,2,0.498753117206983,United Kingdom,UK,http://en.trend.az/regions/met/arabicr/2138229.html
20130411,253850145,20130411,SYRIA,SYR,LEBANON,LBN,192,영토 점령,19,4,-9.5,4,1,4,0.0,"Moscow, Moskva, Russia",RS,BBC Monitoring
20130411,253850146,20130411,SYRIAN,SYR,LEBANESE,LBN,194,포병·전차를 이용한 전투,19,4,-10.0,2,1,2,0.0,"Moscow, Moskva, Russia",RS,BBC Monitoring
20130411,253850147,20130411,SYRIAN,SYR,LEBANON,LBN,195,공중무기 사용,19,4,-10.0,1,1,1,1.92771084337349,"Damascus, Dimashq, Syria",SY,http://www.dailystar.com.lb/News/Local-News/2013/Apr-11/213414-five-wounded-by-syrian-airstrike-on-lebanon-arsal-official.ashx
20130411,253850148,20130411,SYRIAN,SYR,LEBANON,LBN,195,공중무기 사용,19,4,-10.0,15,3,15,1.39448793029587,"Damascus, Dimashq, Syria",SY,http://timesofindia.indiatimes.com/world/middle-east/Syria-air-force-pounds-Lebanon-town-Officials/articleshow/19503388.cms
20130411,253850149,20130411,SYRIAN,SYR,LEBANON,LBN,195,공중무기 사용,19,4,-10.0,1,1,1,1.64319248826291,"Arsal, Mohafazat Baalbek-Hermel, Lebanon",LE,http://timesofindia.indiatimes.com/world/middle-east/Syria-air-force-pounds-Lebanon-town-Officials/articleshow/19503388.cms
20130411,253850150,20130411,SYRIA,SYR,LEBANON,LBN,195,공중무기 사용,19,4,-10.0,12,1,8,0.0,"Moscow, Moskva, Russia",RS,BBC Monitoring
20130411,253850151,20130411,SYRIAN,SYR,LEBANON,LBN,195,공중무기 사용,19,4,-10.0,1,1,1,1.64319248826291,"Arsal, Mohafazat Baalbek-Hermel, Lebanon",LE,http://timesofindia.indiatimes.com/world/middle-east/Syria-air-force-pounds-Lebanon-town-Officials/articleshow/19503388.cms
20130411,253850152,20130411,SYRIA,SYR,LEBANON,LBN,195,공중무기 사용,19,4,-10.0,6,1,6,2.18068535825545,Syria,SY,http://www.dailystar.com.lb/News/Politics/2013/Apr-11/213364-syrian-helicopter-targets-bekaa-border-area-1-wounded.ashx
20130411,253850153,20130411,SYRIAN,SYR,LEBANON,LBN,195,공중무기 사용,19,4,-10.0,2,1,2,2.18068535825545,Syria,SY,http://www.dailystar.com.lb/News/Politics/2013/Apr-11/213364-syrian-helicopter-targets-bekaa-border-area-1-wounded.ashx
20130411,253850154,20130411,SYRIAN,SYR,LEBANON,LBN,195,공중무기 사용,19,4,-10.0,2,1,2,0.498753117206983,United Kingdom,UK,http://en.trend.az/regions/met/arabicr/2138229.html
20130411,253850305,20130411,SYRIA,SYR,TURKEY,TUR,163,금수·보이콧·제재 부과,16,4,-8.0,2,1,2,2.71739130434783,"Damascus, Dimashq, Syria",SY,http://www.hurriyetdailynews.com/syria-to-boycott-turkey-over-sabotage-ministry-official.aspx?pageID=238&nid=44737&NewsCatID=352
20130411,253850306,20130411,SYRIA,SYR,TURKEY,TUR,163,금수·보이콧·제재 부과,16,4,-8.0,6,1,6,2.71739130434783,"Damascus, Dimashq, Syria",SY,http://www.hurriyetdailynews.com/syria-to-boycott-turkey-over-sabotage-ministry-official.aspx?pageID=238&nid=44737&NewsCatID=352
20130411,253850307,20130411,SYRIA,SYR,TURKEY,TUR,163,금수·보이콧·제재 부과,16,4,-8.0,2,1,2,2.71739130434783,"Ankara, Ankara, Turkey",TU,http://www.hurriyetdailynews.com/syria-to-boycott-turkey-over-sabotage-ministry-official.aspx?pageID=238&nid=44737&NewsCatID=352
20130411,253850310,20130411,SYRIAN,SYR,TURKEY,TUR,190,재래식 군사력 사용,19,4,-10.0,2,1,2,0.301204819277108,"Istanbul, Istanbul, Turkey",TU,http://www.aljazeera.com/news/middleeast/2013/04/2013411135719359514.html
20130411,253850386,20130411,SYRIAN,SYR,LEBANESE,LBN,138,군사력 사용 위협,13,3,-7.0,6,1,6,0.0,"Moscow, Moskva, Russia",RS,BBC Monitoring
20130411,253850423,20130411,SYRIAN,SYR,LEBANESE,LBN,195,공중무기 사용,19,4,-10.0,6,1,6,0.0,"Moscow, Moskva, Russia",RS,BBC Monitoring
20130411,253850424,20130411,SYRIAN,SYR,LEBANESE,LBN,194,포병·전차를 이용한 전투,19,4,-10.0,6,1,6,0.0,"Moscow, Moskva, Russia",RS,BBC Monitoring
20130411,253850425,20130411,SYRIAN,SYR,AL JAZEERA,QAT,190,재래식 군사력 사용,19,4,-10.0,3,1,3,0.301204819277108,"Istanbul, Istanbul, Turkey",TU,http://www.aljazeera.com/news/middleeast/2013/04/2013411135719359514.html
20130411,253850909,20130411,TURKISH,TUR,ISRAELI,ISR,190,재래식 군사력 사용,19,4,-10.0,2,1,2,2.9673590504451,Turkey,TU,http://www.israelnationalnews.com/News/News.aspx/167010
20130411,253850943,20130411,TURKEY,TUR,GAZA,PSE,138,군사력 사용 위협,13,3,-7.0,10,1,10,0.0,"Moscow, Moskva, Russia",RS,BBC Monitoring
20130411,253850945,20130411,TURKEY,TUR,GAZA,PSE,190,재래식 군사력 사용,19,4,-10.0,1,1,1,2.84292821606254,"Gaza, Israel (general), Israel",IS,http://www.dailystar.com.lb/News/Middle-East/2013/Apr-11/213408-hamas-wants-bigger-regional-role.ashx
20130411,253850946,20130411,TURKEY,TUR,GAZA,PSE,190,재래식 군사력 사용,19,4,-10.0,1,1,1,2.84292821606254,"Gaza, Israel (general), Israel",IS,http://www.dailystar.com.lb/News/Middle-East/2013/Apr-11/213408-hamas-wants-bigger-regional-role.ashx
20130411,253850965,20130411,TURKEY,TUR,DAMASCUS,SYR,190,재래식 군사력 사용,19,4,-10.0,5,1,5,0.301204819277108,"Istanbul, Istanbul, Turkey",TU,http://www.aljazeera.com/news/middleeast/2013/04/2013411135719359514.html
20130411,253857756,20130411,SANAA,YEM,SAUDI ARABIA,SAU,192,영토 점령,19,4,-9.5,10,1,10,1.21689334287759,"Sanaa, Sana', Yemen",YM,http://www.IRINnews.org/Report/97826/Migrant-voices-Ethiopians-in-Yemen-describe-kidnapping-and-torture
20130412,253876965,20130412,IRAN,IRN,SYRIA,SYR,163,금수·보이콧·제재 부과,16,4,-8.0,1,1,1,2.72572402044293,"Tehran, Tehran, Iran",IR,http://www.azernews.az/region/52204.html
20130412,253876966,20130412,IRAN,IRN,SYRIA,SYR,163,금수·보이콧·제재 부과,16,4,-8.0,1,1,1,2.72572402044293,"Tehran, Tehran, Iran",IR,http://www.azernews.az/region/52204.html
20130412,253876967,20130412,IRAN,IRN,SYRIA,SYR,163,금수·보이콧·제재 부과,16,4,-8.0,3,1,3,2.72572402044293,"Tehran, Tehran, Iran",IR,http://www.azernews.az/region/52204.html
20130412,253876968,20130412,IRANIAN,IRN,SYRIA,SYR,193,소형무기·경무기를 이용한 전투,19,4,-10.0,2,1,2,0.689655172413793,"Damascus, Dimashq, Syria",SY,http://en.trend.az/regions/iran/2138344.html
20130412,253876970,20130412,IRANIAN,IRN,DAMASCUS,SYR,193,소형무기·경무기를 이용한 전투,19,4,-10.0,2,1,2,0.689655172413793,"Damascus, Dimashq, Syria",SY,http://en.trend.az/regions/iran/2138344.html
20130412,253876971,20130412,IRANIAN,IRN,DAMASCUS,SYR,193,소형무기·경무기를 이용한 전투,19,4,-10.0,3,1,3,0.689655172413793,Iran,IR,http://en.trend.az/regions/iran/2138344.html
20130412,253876978,20130412,IRANIAN,IRN,TURKEY,TUR,194,포병·전차를 이용한 전투,19,4,-10.0,8,1,8,4.6908315565032,"Tehran, Tehran, Iran",IR,http://www.irna.ir/en/News/80611785/Politic/IRI_Envoy_to_Turkey__Saboteurs_trying_to_disturb_bilateral_ties
20130412,253876979,20130412,IRANIAN,IRN,TURKEY,TUR,194,포병·전차를 이용한 전투,19,4,-10.0,2,1,2,4.6908315565032,United Kingdom,UK,http://www.irna.ir/en/News/80611785/Politic/IRI_Envoy_to_Turkey__Saboteurs_trying_to_disturb_bilateral_ties
20130412,253877348,20130412,ISRAELI,ISR,JORDAN,JOR,190,재래식 군사력 사용,19,4,-10.0,6,1,6,1.98198198198198,"Golan Heights, Syria (general), Syria",SY,http://www.dw.de/syria-calls-on-the-un-for-sanctions-against-al-qaeda/a-16739048?maca=en-rss-en-all-1573-rdf
20130412,253877349,20130412,ISRAELI,ISR,JORDAN,JOR,190,재래식 군사력 사용,19,4,-10.0,4,1,4,1.98198198198198,Jordan,JO,http://www.dw.de/syria-calls-on-the-un-for-sanctions-against-al-qaeda/a-16739048?maca=en-rss-en-all-1573-rdf
20130412,253877350,20130412,ISRAELI,ISR,JORDAN,JOR,190,재래식 군사력 사용,19,4,-10.0,6,1,6,1.98198198198198,"Sanamein, Dara, Syria",SY,http://www.dw.de/syria-calls-on-the-un-for-sanctions-against-al-qaeda/a-16739048?maca=en-rss-en-all-1573-rdf
20130412,253877416,20130412,ISRAELI,ISR,WEST BANK,PSE,190,재래식 군사력 사용,19,4,-10.0,8,1,8,0.977198697068404,"Gaza, Israel (general), Israel",IS,http://www.reuters.com/article/2013/04/12/us-israel-palestinians-clashes-idUSBRE93B0RP20130412?feedType=RSS&feedName=worldNews
20130412,253877417,20130412,ISRAELI,ISR,PALESTINIAN,PSE,190,재래식 군사력 사용,19,4,-10.0,40,3,40,0.726974411120201,"Gaza, Israel (general), Israel",IS,http://www.trust.org/alertnet/news/palestinians-clash-with-israeli-troops-after-alleged-beating
20130412,253877418,20130412,ISRAEL,ISR,WEST BANK,PSE,190,재래식 군사력 사용,19,4,-10.0,8,1,8,0.302114803625378,Israel,IS,http://www.jpost.com/DiplomacyAndPolitics/Article.aspx?id=309650&R=R9
20130412,253877419,20130412,ISRAELI,ISR,PALESTINE,PSE,190,재래식 군사력 사용,19,4,-10.0,12,1,8,1.04011887072808,Israel,IS,http://www.dailystar.com.lb/News/Middle-East/2013/Apr-13/213538-alleged-assault-prompts-palestine-clashes.ashx
20130412,253877420,20130412,ISRAELI,ISR,PALESTINIAN,PSE,190,재래식 군사력 사용,19,4,-10.0,34,2,26,0.432350815467031,Israel,IS,http://www.dailystar.com.lb/News/Middle-East/2013/Apr-13/213538-alleged-assault-prompts-palestine-clashes.ashx
20130412,253877421,20130412,ISRAELI,ISR,PALESTINIAN,PSE,193,소형무기·경무기를 이용한 전투,19,4,-10.0,2,1,2,0.0,"Dagestan, Dagestan, Russia",RS,BBC Monitoring
20130412,253877422,20130412,ISRAELI,ISR,PALESTINIAN,PSE,193,소형무기·경무기를 이용한 전투,19,4,-10.0,5,2,5,2.80065212112803,Israel,IS,http://cpj.org/2013/04/palestinian-photographer-shot-in-face-by-rubber-bu.php
20130412,253877443,20130412,ISRAEL,ISR,SYRIA,SYR,190,재래식 군사력 사용,19,4,-10.0,7,1,7,2.07612456747405,"Golan Heights, Syria (general), Syria",SY,http://www.miamiherald.com/2013/04/12/3340490/israeli-artillery-retaliates-for.html
20130412,253877444,20130412,ISRAEL,ISR,SYRIA,SYR,190,재래식 군사력 사용,19,4,-10.0,10,4,10,0.951464795761182,"Golan Heights, Syria (general), Syria",SY,http://www.startribune.com/world/202733541.html
20130412,253877445,20130412,ISRAEL,ISR,SYRIA,SYR,190,재래식 군사력 사용,19,4,-10.0,28,3,28,0.670299852832965,"Jerusalem, Israel (general), Israel",IS,http://www.startribune.com/world/202733541.html
20130412,253877446,20130412,ISRAEL,ISR,SYRIA,SYR,190,재래식 군사력 사용,19,4,-10.0,9,1,9,0.704225352112676,Israel,IS,http://abcnews.go.com/International/wireStory/israeli-artillery-retaliates-syrian-fire-18942028
20130412,253877447,20130412,ISRAEL,ISR,SYRIA,SYR,190,재래식 군사력 사용,19,4,-10.0,40,4,40,0.423285646248256,Syria,SY,http://www.news.com.au/breaking-news/world/israel-fires-at-syria-after-attack/story-e6frfkui-1226619592801?from=public_rss
20130412,253877448,20130412,JERUSALEM,ISR,SYRIAN,SYR,193,소형무기·경무기를 이용한 전투,19,4,-10.0,4,2,4,1.03806228373703,"Golan Heights, Syria (general), Syria",SY,http://www.miamiherald.com/2013/04/12/3340490/israeli-artillery-retaliates-for.html
20130412,253877449,20130412,JERUSALEM,ISR,SYRIAN,SYR,193,소형무기·경무기를 이용한 전투,19,4,-10.0,8,3,8,0.670299852832965,"Jerusalem, Israel (general), Israel",IS,http://www.startribune.com/world/202733541.html
20130412,253877450,20130412,ISRAEL,ISR,SYRIA,SYR,193,소형무기·경무기를 이용한 전투,19,4,-10.0,10,1,10,3.80078636959371,"Jerusalem, Israel (general), Israel",IS,http://www.haaretz.com/news/diplomacy-defense/israel-fires-missiles-into-syria-after-idf-patrol-comes-under-fire-in-golan.premium-1.515213?localLinksEnabled=false
20130412,253877451,20130412,ISRAEL,ISR,SYRIA,SYR,193,소형무기·경무기를 이용한 전투,19,4,-10.0,10,1,10,2.19178082191781,Israel,IS,http://www.iol.co.za/news/world/israel-fires-into-syria-afer-golan-shots-1.1499722
20130412,253877452,20130412,ISRAEL,ISR,SYRIA,SYR,193,소형무기·경무기를 이용한 전투,19,4,-10.0,20,2,20,0.420175485055523,Syria,SY,http://www.adelaidenow.com.au/news/world/israel-shells-syria-in-retaliation-for-earlier-attack/story-fnd11ay0-1226619598742?from=public_rss
20130412,253877453,20130412,ISRAEL,ISR,SYRIA,SYR,194,포병·전차를 이용한 전투,19,4,-10.0,5,1,5,0.0,Syria,SY,"http://www.ynetnews.com/articles/0,7340,L-4367365,00.html"
20130412,253877548,20130412,ISRAEL,ISR,IRAN,IRN,190,재래식 군사력 사용,19,4,-10.0,5,1,5,1.6304347826087,"Jerusalem, Israel (general), Israel",IS,http://www.upi.com/Business_News/Security-Industry/2013/04/12/Israel-boosts-air-force-pack-of-leopards/UPI-29721365790558/
20130412,253877554,20130412,ISRAELI,ISR,PALESTINIAN,PSE,193,소형무기·경무기를 이용한 전투,19,4,-10.0,1,1,1,0.0,"Dagestan, Dagestan, Russia",RS,BBC Monitoring
20130412,253877555,20130412,ISRAEL,ISR,SYRIA,SYR,193,소형무기·경무기를 이용한 전투,19,4,-10.0,10,3,10,2.77134879604613,"Golan Heights, Syria (general), Syria",SY,http://thestar.com.my/news/story.asp?file=/2013/4/13/worldupdates/israel-fires-into-syria-after-golan-troops-come-under-fire&sec=Worldupdates
20130412,253877556,20130412,ISRAEL,ISR,SYRIA,SYR,193,소형무기·경무기를 이용한 전투,19,4,-10.0,2,1,2,2.69461077844311,"Golan Heights, Syria (general), Syria",SY,http://uk.reuters.com/article/2013/04/12/uk-israel-syria-idUKBRE93B0Z520130412?feedType=RSS&feedName=worldNews&utm_source=feedburner&utm_medium=feed&utm_campaign=Feed%3A+Reuters%2FUKWorldNews+%28News+%2F+UK+%2F+World+News%29
20130412,253877776,20130412,JORDAN,JOR,ISRAELI,ISR,190,재래식 군사력 사용,19,4,-10.0,6,1,6,1.98198198198198,"Golan Heights, Syria (general), Syria",SY,http://www.dw.de/syria-calls-on-the-un-for-sanctions-against-al-qaeda/a-16739048?maca=en-rss-en-all-1573-rdf
20130412,253877777,20130412,JORDAN,JOR,ISRAELI,ISR,190,재래식 군사력 사용,19,4,-10.0,4,1,4,1.98198198198198,Jordan,JO,http://www.dw.de/syria-calls-on-the-un-for-sanctions-against-al-qaeda/a-16739048?maca=en-rss-en-all-1573-rdf
20130412,253877778,20130412,JORDAN,JOR,ISRAELI,ISR,190,재래식 군사력 사용,19,4,-10.0,6,1,6,1.98198198198198,"Sanamein, Dara, Syria",SY,http://www.dw.de/syria-calls-on-the-un-for-sanctions-against-al-qaeda/a-16739048?maca=en-rss-en-all-1573-rdf
20130412,253877779,20130412,JORDANIAN,JOR,ISRAELI,ISR,193,소형무기·경무기를 이용한 전투,19,4,-10.0,16,1,16,3.4965034965035,Israel,IS,http://www.upi.com/Top_News/World-News/2013/04/12/Jordanian-House-calls-for-pardon-of-schoolgirl-shooter/UPI-77251365772615
20130412,253877780,20130412,JORDANIAN,JOR,ISRAEL,ISR,193,소형무기·경무기를 이용한 전투,19,4,-10.0,2,1,2,1.97628458498024,"Jerusalem, Israel (general), Israel",IS,"http://www.ynetnews.com/articles/0,7340,L-4367293,00.html"
20130412,253877781,20130412,JORDANIAN,JOR,ISRAEL,ISR,193,소형무기·경무기를 이용한 전투,19,4,-10.0,2,1,2,1.97628458498024,"Naharayim, Jordan (general), Jordan",JO,"http://www.ynetnews.com/articles/0,7340,L-4367293,00.html"
20130412,253877835,20130412,JORDANIAN,JOR,ISRAEL,ISR,193,소형무기·경무기를 이용한 전투,19,4,-10.0,4,1,4,1.97628458498024,"Naharayim, Jordan (general), Jordan",JO,"http://www.ynetnews.com/articles/0,7340,L-4367293,00.html"
20130412,253877836,20130412,JORDAN,JOR,ISRAEL,ISR,193,소형무기·경무기를 이용한 전투,19,4,-10.0,2,1,2,1.97628458498024,"Naharayim, Jordan (general), Jordan",JO,"http://www.ynetnews.com/articles/0,7340,L-4367293,00.html"
20130412,253879920,20130412,LEBANON,LBN,ISRAEL,ISR,192,영토 점령,19,4,-9.5,8,1,8,4.68085106382979,"Ashdod, HaDarom, Israel",IS,http://www.energyandcapital.com/articles/israel-natural-gas-production-begins/3278
20130412,253879921,20130412,LEBANON,LBN,ISRAEL,ISR,192,영토 점령,19,4,-9.5,2,1,2,4.68085106382979,"Ashdod, HaDarom, Israel",IS,http://www.energyandcapital.com/articles/israel-natural-gas-production-begins/3278
20130412,253879958,20130412,BEIRUT,LBN,SYRIAN,SYR,190,재래식 군사력 사용,19,4,-10.0,8,1,8,0.880281690140845,"Aleppo, ?alab, Syria",SY,http://www.thenews.com.pk/Todays-News-1-171188-Fierce-battles-rage-in-Syria
20130412,253879959,20130412,BEIRUT,LBN,SYRIAN,SYR,190,재래식 군사력 사용,19,4,-10.0,2,1,2,0.880281690140845,"Aleppo, ?alab, Syria",SY,http://www.thenews.com.pk/Todays-News-1-171188-Fierce-battles-rage-in-Syria
20130412,253879960,20130412,LEBANON,LBN,SYRIA,SYR,190,재래식 군사력 사용,19,4,-10.0,10,1,10,3.38983050847458,Syria,SY,http://www.philippinetimes.com/index.php/sid/213793015/scat/2411cd3571b4f088
20130412,253879961,20130412,BEIRUT,LBN,SYRIAN,SYR,190,재래식 군사력 사용,19,4,-10.0,2,1,2,1.69491525423729,Syria,SY,http://www.jpost.com/Headlines/Article.aspx?id=309643&R=R101
20130412,253879962,20130412,BEIRUT,LBN,SYRIAN,SYR,190,재래식 군사력 사용,19,4,-10.0,2,2,2,1.40351069185143,Turkey,TU,http://in.reuters.com/article/2013/04/12/syria-crisis-qamishli-idINDEE93B0B120130412?feedType=RSS&feedName=worldNews
20130412,253879963,20130412,BEIRUT,LBN,SYRIAN,SYR,190,재래식 군사력 사용,19,4,-10.0,14,2,14,1.40351069185143,Turkey,TU,http://in.reuters.com/article/2013/04/12/syria-crisis-qamishli-idINDEE93B0B120130412?feedType=RSS&feedName=worldNews
20130412,253880006,20130412,BEIRUT,LBN,SYRIAN,SYR,190,재래식 군사력 사용,19,4,-10.0,6,1,6,1.69491525423729,Syria,SY,http://www.jpost.com/Headlines/Article.aspx?id=309643&R=R101
20130412,253885071,20130412,PALESTINIAN,PSE,ISRAELI,ISR,190,재래식 군사력 사용,19,4,-10.0,20,2,20,0.714513353304863,"Ofra, West Bank (general), West Bank",WE,http://thestar.com.my/news/story.asp?file=/2013/4/13/worldupdates/palestinians-clash-with-israeli-troops-after-alleged-beating&sec=Worldupdates
20130412,253885072,20130412,WEST BANK,PSE,ISRAEL,ISR,190,재래식 군사력 사용,19,4,-10.0,8,1,8,0.302114803625378,Israel,IS,http://www.jpost.com/DiplomacyAndPolitics/Article.aspx?id=309650&R=R9
20130412,253885073,20130412,PALESTINIAN,PSE,ISRAELI,ISR,190,재래식 군사력 사용,19,4,-10.0,10,1,10,0.501672240802676,"Silwad, West Bank (general), West Bank",WE,http://www.trust.org/alertnet/news/palestinians-clash-with-israeli-troops-after-alleged-beating
20130412,253885074,20130412,WEST BANK,PSE,ISRAELI,ISR,190,재래식 군사력 사용,19,4,-10.0,8,1,8,0.977198697068404,"Gaza, Israel (general), Israel",IS,http://www.reuters.com/article/2013/04/12/us-israel-palestinians-clashes-idUSBRE93B0RP20130412?feedType=RSS&feedName=worldNews
20130412,253885075,20130412,PALESTINIAN,PSE,ISRAEL,ISR,190,재래식 군사력 사용,19,4,-10.0,4,1,4,0.302114803625378,"Silwad, West Bank (general), West Bank",WE,http://www.jpost.com/DiplomacyAndPolitics/Article.aspx?id=309650&R=R9
20130412,253885076,20130412,PALESTINE,PSE,ISRAELI,ISR,190,재래식 군사력 사용,19,4,-10.0,8,1,6,1.04011887072808,Israel,IS,http://www.dailystar.com.lb/News/Middle-East/2013/Apr-13/213538-alleged-assault-prompts-palestine-clashes.ashx
20130412,253885077,20130412,PALESTINIAN,PSE,ISRAELI,ISR,190,재래식 군사력 사용,19,4,-10.0,20,2,20,1.72826877002181,"Jerusalem, Israel (general), Israel",IS,http://www.reuters.com/article/2013/04/12/us-israel-palestinians-clashes-idUSBRE93B0RP20130412?feedType=RSS&feedName=worldNews
20130412,253885078,20130412,PALESTINIAN,PSE,ISRAELI,ISR,190,재래식 군사력 사용,19,4,-10.0,34,2,25,0.519174823361467,Israel,IS,http://www.dailystar.com.lb/News/Middle-East/2013/Apr-13/213538-alleged-assault-prompts-palestine-clashes.ashx
20130412,253885079,20130412,WEST BANK,PSE,ISRAEL,ISR,193,소형무기·경무기를 이용한 전투,19,4,-10.0,2,1,2,0.0,Israel,IS,http://www.jpost.com/Headlines/Article.aspx?id=309648&R=R101
20130412,253885082,20130412,GAZA,PSE,ISRAEL,ISR,194,포병·전차를 이용한 전투,19,4,-10.0,3,2,2,2.11049169439911,"Gaza, Israel (general), Israel",IS,http://zeenews.india.com/news/world/israel-reopens-gaza-border-crossing_841563.html
20130412,253886336,20130412,SAUDI ARABIA,SAU,IRAQ,IRQ,152,군 경계태세 강화,15,4,-7.2,2,1,2,0.0,"Dagestan, Dagestan, Russia",RS,BBC Monitoring
20130412,253887050,20130412,DAMASCUS,SYR,IRANIAN,IRN,190,재래식 군사력 사용,19,4,-10.0,12,2,12,1.61197795665571,"Damascus, Dimashq, Syria",SY,http://www.thehindu.com/news/international/world/syrian-troops-battle-rebels-near-lebanon-border/article4610362.ece
20130412,253887056,20130412,SYRIA,SYR,IRAQ,IRQ,192,영토 점령,19,4,-9.5,10,1,10,0.902255639097744,"Dohuk, Dahuk, Iraq",IZ,http://reliefweb.int/report/iraq/refugee-population-iraq-swells-msf-scales-emergency-response
20130412,253887057,20130412,SYRIA,SYR,IRAQI,IRQ,152,군 경계태세 강화,15,4,-7.2,3,1,3,0.0,"Dagestan, Dagestan, Russia",RS,BBC Monitoring
20130412,253887060,20130412,SYRIA,SYR,ISRAEL,ISR,190,재래식 군사력 사용,19,4,-10.0,30,1,30,0.467296867351934,"Golan Heights, Syria (general), Syria",SY,http://www.jpost.com/Defense/Article.aspx?ID=309656&R=R1
20130412,253887061,20130412,SYRIA,SYR,ISRAEL,ISR,190,재래식 군사력 사용,19,4,-10.0,35,4,35,0.951464795761182,"Golan Heights, Syria (general), Syria",SY,http://www.startribune.com/world/202733541.html
20130412,253887062,20130412,SYRIA,SYR,ISRAEL,ISR,190,재래식 군사력 사용,19,4,-10.0,10,4,10,0.951464795761182,"Jerusalem, Israel (general), Israel",IS,http://www.startribune.com/world/202733541.html
20130412,253887063,20130412,SYRIAN,SYR,ISRAELI,ISR,190,재래식 군사력 사용,19,4,-10.0,27,2,27,0.508894450074571,"Golan Heights, Syria (general), Syria",SY,http://www.jpost.com/Defense/Article.aspx?ID=309656&R=R1
20130412,253887064,20130412,SYRIA,SYR,ISRAEL,ISR,190,재래식 군사력 사용,19,4,-10.0,2,1,2,0.704225352112676,Israel,IS,http://abcnews.go.com/International/wireStory/israeli-artillery-retaliates-syrian-fire-18942028
20130412,253887065,20130412,SYRIA,SYR,ISRAEL,ISR,192,영토 점령,19,4,-9.5,10,1,10,2.45901639344262,"Jerusalem, Israel (general), Israel",IS,http://www.jpost.com/Headlines/Article.aspx?id=309655&R=R101
20130412,253887066,20130412,SYRIAN,SYR,ISRAELI,ISR,193,소형무기·경무기를 이용한 전투,19,4,-10.0,15,4,15,0.951464795761182,"Golan Heights, Syria (general), Syria",SY,http://www.startribune.com/world/202733541.html
20130412,253887067,20130412,SYRIA,SYR,ISRAEL,ISR,193,소형무기·경무기를 이용한 전투,19,4,-10.0,23,2,23,0.47492385841577,"Golan Heights, Syria (general), Syria",SY,http://www.jpost.com/Defense/Article.aspx?ID=309656&R=R1
20130412,253887069,20130412,SYRIA,SYR,ISRAEL,ISR,190,재래식 군사력 사용,19,4,-10.0,1,1,1,3.80078636959371,"Golan Heights, Syria (general), Syria",SY,http://www.haaretz.com/news/diplomacy-defense/israel-fires-missiles-into-syria-after-idf-patrol-comes-under-fire-in-golan.premium-1.515213?localLinksEnabled=false
20130412,253887070,20130412,SYRIA,SYR,ISRAEL,ISR,190,재래식 군사력 사용,19,4,-10.0,7,1,7,3.80078636959371,"Golan Heights, Syria (general), Syria",SY,http://www.haaretz.com/news/diplomacy-defense/israel-fires-missiles-into-syria-after-idf-patrol-comes-under-fire-in-golan.premium-1.515213?localLinksEnabled=false
20130412,253887071,20130412,SYRIA,SYR,ISRAEL,ISR,194,포병·전차를 이용한 전투,19,4,-10.0,1,1,1,3.80078636959371,"Golan Heights, Syria (general), Syria",SY,http://www.haaretz.com/news/diplomacy-defense/israel-fires-missiles-into-syria-after-idf-patrol-comes-under-fire-in-golan.premium-1.515213?localLinksEnabled=false
20130412,253887072,20130412,SYRIA,SYR,ISRAEL,ISR,194,포병·전차를 이용한 전투,19,4,-10.0,1,1,1,3.80078636959371,"Golan Heights, Syria (general), Syria",SY,http://www.haaretz.com/news/diplomacy-defense/israel-fires-missiles-into-syria-after-idf-patrol-comes-under-fire-in-golan.premium-1.515213?localLinksEnabled=false
20130412,253887085,20130412,DAMASCUS,SYR,BEIRUT,LBN,138,군사력 사용 위협,13,3,-7.0,10,1,10,0.0,"Dagestan, Dagestan, Russia",RS,BBC Monitoring
20130412,253887086,20130412,SYRIAN,SYR,BEIRUT,LBN,190,재래식 군사력 사용,19,4,-10.0,10,1,10,0.880281690140845,"Beirut, Beyrouth, Lebanon",LE,http://www.thenews.com.pk/Todays-News-1-171188-Fierce-battles-rage-in-Syria
20130412,253887087,20130412,SYRIA,SYR,LEBANON,LBN,190,재래식 군사력 사용,19,4,-10.0,10,1,10,3.38983050847458,"Hawaii, United States",US,http://www.philippinetimes.com/index.php/sid/213793015/scat/2411cd3571b4f088
20130412,253887088,20130412,SYRIA,SYR,LEBANON,LBN,190,재래식 군사력 사용,19,4,-10.0,4,2,4,1.40351069185143,"Beirut, Beyrouth, Lebanon",LE,http://in.reuters.com/article/2013/04/12/syria-crisis-qamishli-idINDEE93B0B120130412?feedType=RSS&feedName=worldNews
20130412,253887089,20130412,SYRIAN,SYR,BEIRUT,LBN,190,재래식 군사력 사용,19,4,-10.0,14,3,14,1.44513991504941,Syria,SY,http://in.reuters.com/article/2013/04/12/syria-crisis-qamishli-idINDEE93B0B120130412?feedType=RSS&feedName=worldNews
20130412,253887090,20130412,SYRIA,SYR,LEBANON,LBN,192,영토 점령,19,4,-9.5,2,1,2,2.3972602739726,"Hasbaya, Mont-Liban, Lebanon",LE,http://www.dailystar.com.lb/News/Local-News/2013/Apr-13/213568-abu-faour-rejects-civil-strife-in-hasbaya.ashx
20130412,253887091,20130412,SYRIAN,SYR,LEBANON,LBN,192,영토 점령,19,4,-9.5,4,1,4,2.3972602739726,"Hasbaya, Mont-Liban, Lebanon",LE,http://www.dailystar.com.lb/News/Local-News/2013/Apr-13/213568-abu-faour-rejects-civil-strife-in-hasbaya.ashx
20130412,253887092,20130412,SYRIAN,SYR,LEBANON,LBN,192,영토 점령,19,4,-9.5,2,1,2,2.3972602739726,"Hasbaya, Mont-Liban, Lebanon",LE,http://www.dailystar.com.lb/News/Local-News/2013/Apr-13/213568-abu-faour-rejects-civil-strife-in-hasbaya.ashx
20130412,253887093,20130412,SYRIAN,SYR,LEBANON,LBN,192,영토 점령,19,4,-9.5,2,1,2,2.3972602739726,Syria,SY,http://www.dailystar.com.lb/News/Local-News/2013/Apr-13/213568-abu-faour-rejects-civil-strife-in-hasbaya.ashx
20130412,253887095,20130412,SYRIAN,SYR,BEIRUT,LBN,190,재래식 군사력 사용,19,4,-10.0,4,1,4,1.69491525423729,Syria,SY,http://www.jpost.com/Headlines/Article.aspx?id=309643&R=R101
20130412,253887096,20130412,SYRIA,SYR,LEBANON,LBN,190,재래식 군사력 사용,19,4,-10.0,2,1,2,1.69491525423729,"Beirut, Beyrouth, Lebanon",LE,http://www.jpost.com/Headlines/Article.aspx?id=309643&R=R101
20130412,253887647,20130412,TURKISH,TUR,ISRAEL,ISR,1383,비정규 폭력 사용 위협,13,3,-7.0,2,1,2,0.0,Israel,IS,http://www.jpost.com/MiddleEast/Article.aspx?ID=309619&R=R1
20130412,253887648,20130412,TURKEY,TUR,ISRAEL,ISR,190,재래식 군사력 사용,19,4,-10.0,2,1,2,0.313479623824451,"New York, United States",US,"http://www.ynetnews.com/articles/0,7340,L-4367217,00.html"
20130412,253887738,20130412,TURKEY,TUR,ISRAEL,ISR,1383,비정규 폭력 사용 위협,13,3,-7.0,2,1,2,0.0,"Istanbul, Istanbul, Turkey",TU,http://www.jpost.com/MiddleEast/Article.aspx?ID=309619&R=R1
20130412,253887739,20130412,TURKISH,TUR,ISRAEL,ISR,1383,비정규 폭력 사용 위협,13,3,-7.0,4,1,4,0.0,Israel,IS,http://www.jpost.com/MiddleEast/Article.aspx?ID=309619&R=R1
20130412,253887761,20130412,TURKEY,TUR,ISRAEL,ISR,138,군사력 사용 위협,13,3,-7.0,1,1,1,0.0,"Ankara, Ankara, Turkey",TU,"http://www.ynetnews.com/articles/0,7340,L-4367209,00.html"
20130412,253887762,20130412,TURKEY,TUR,ISRAEL,ISR,138,군사력 사용 위협,13,3,-7.0,4,1,4,0.0,"Ankara, Ankara, Turkey",TU,"http://www.ynetnews.com/articles/0,7340,L-4367209,00.html"
20130412,253887763,20130412,TURKEY,TUR,ISRAEL,ISR,190,재래식 군사력 사용,19,4,-10.0,2,1,2,0.0,"New York, United States",US,"http://www.ynetnews.com/articles/0,7340,L-4367209,00.html"
20130412,253887764,20130412,TURKEY,TUR,ISRAEL,ISR,190,재래식 군사력 사용,19,4,-10.0,4,1,4,0.0,"Istanbul, Istanbul, Turkey",TU,"http://www.ynetnews.com/articles/0,7340,L-4367209,00.html"
20130412,253887765,20130412,TURKEY,TUR,ISRAEL,ISR,190,재래식 군사력 사용,19,4,-10.0,4,1,4,0.0,"New York, United States",US,"http://www.ynetnews.com/articles/0,7340,L-4367209,00.html"
20130412,253894144,20130412,SANAA,YEM,SAUDI ARABIA,SAU,192,영토 점령,19,4,-9.5,10,1,10,0.0,"Dagestan, Dagestan, Russia",RS,BBC Monitoring
20130413,253902816,20130413,EGYPTIAN,EGY,ISRAEL,ISR,190,재래식 군사력 사용,19,4,-10.0,2,1,2,1.40056022408964,"Kerem Shalom, HaDarom, Israel",IS,http://www.haaretz.com/news/diplomacy-defense/gaza-farmers-burn-3-tons-of-herbs-as-export-blocked-by-border-crossing-closure-1.515248?localLinksEnabled=false
20130413,253902817,20130413,EGYPTIAN,EGY,ISRAEL,ISR,190,재래식 군사력 사용,19,4,-10.0,8,1,8,1.40056022408964,"Gaza, Israel (general), Israel",IS,http://www.haaretz.com/news/diplomacy-defense/gaza-farmers-burn-3-tons-of-herbs-as-export-blocked-by-border-crossing-closure-1.515248?localLinksEnabled=false
20130413,253902818,20130413,EGYPTIAN,EGY,ISRAEL,ISR,190,재래식 군사력 사용,19,4,-10.0,18,4,18,1.886124834207,"Gaza, Israel (general), Israel",IS,http://www.xe.com/news/2013/04/13/3304221.htm?utm_source=RSS&utm_medium=TL&utm_content=NOGEO&utm_campaign=News_RSS_Art20
20130413,253902866,20130413,EGYPTIAN,EGY,HAMAS,PSE,190,재래식 군사력 사용,19,4,-10.0,20,5,20,1.83756837319527,"Kerem Shalom, HaDarom, Israel",IS,http://www.xe.com/news/2013/04/13/3304221.htm?utm_source=RSS&utm_medium=TL&utm_content=NOGEO&utm_campaign=News_RSS_Art20
20130413,253902867,20130413,EGYPTIAN,EGY,HAMAS,PSE,190,재래식 군사력 사용,19,4,-10.0,62,5,62,1.82347133612735,"Gaza, Israel (general), Israel",IS,http://www.xe.com/news/2013/04/13/3304221.htm?utm_source=RSS&utm_medium=TL&utm_content=NOGEO&utm_campaign=News_RSS_Art20
20130413,253907052,20130413,ISRAEL,ISR,EGYPTIAN,EGY,190,재래식 군사력 사용,19,4,-10.0,2,1,2,1.40056022408964,"Kerem Shalom, HaDarom, Israel",IS,http://www.haaretz.com/news/diplomacy-defense/gaza-farmers-burn-3-tons-of-herbs-as-export-blocked-by-border-crossing-closure-1.515248?localLinksEnabled=false
20130413,253907053,20130413,ISRAEL,ISR,EGYPTIAN,EGY,190,재래식 군사력 사용,19,4,-10.0,8,1,8,1.40056022408964,"Gaza, Israel (general), Israel",IS,http://www.haaretz.com/news/diplomacy-defense/gaza-farmers-burn-3-tons-of-herbs-as-export-blocked-by-border-crossing-closure-1.515248?localLinksEnabled=false
20130413,253907054,20130413,ISRAEL,ISR,EGYPTIAN,EGY,190,재래식 군사력 사용,19,4,-10.0,18,4,18,1.886124834207,"Gaza, Israel (general), Israel",IS,http://www.xe.com/news/2013/04/13/3304221.htm?utm_source=RSS&utm_medium=TL&utm_content=NOGEO&utm_campaign=News_RSS_Art20
20130413,253907172,20130413,ISRAEL,ISR,PALESTINIAN,PSE,190,재래식 군사력 사용,19,4,-10.0,2,1,2,2.01005025125628,Israel,IS,http://www.guardian.co.uk/world/2013/apr/14/palestinian-pm-salam-ayyad-resigns
20130413,253907173,20130413,ISRAEL,ISR,GAZA,PSE,192,영토 점령,19,4,-9.5,8,4,8,3.14218849812265,"Gaza, Israel (general), Israel",IS,"http://www.chicagotribune.com/news/sns-rt-us-palestinians-fayyadbre93c0aj-20130413,0,2409934.story"
20130413,253907335,20130413,ISRAELI,ISR,PALESTINIAN,PSE,190,재래식 군사력 사용,19,4,-10.0,1,1,1,1.90217391304348,"Jerusalem, Israel (general), Israel",IS,http://reliefweb.int/report/occupied-palestinian-territory/tents-take-settlements
20130413,253908996,20130413,LEBANESE,LBN,SYRIA,SYR,190,재래식 군사력 사용,19,4,-10.0,10,1,10,0.0,"Rawalpindi, Punjab, Pakistan",PK,BBC Monitoring
20130413,253908997,20130413,LEBANON,LBN,SYRIA,SYR,190,재래식 군사력 사용,19,4,-10.0,2,1,2,0.0,"Tirah, Federally Administered Tribal Areas, Pakistan",PK,BBC Monitoring
20130413,253908998,20130413,LEBANON,LBN,SYRIA,SYR,190,재래식 군사력 사용,19,4,-10.0,2,1,2,0.0,"Kata Kanrai, Federally Administered Tribal Areas, Pakistan",PK,BBC Monitoring
20130413,253908999,20130413,LEBANON,LBN,SYRIAN,SYR,190,재래식 군사력 사용,19,4,-10.0,8,1,8,2.01005025125628,"Qasr, Idlib, Syria",SY,http://cnsnews.com/news/article/activists-say-syrian-airstrike-kills-12-civilians
20130413,253909007,20130413,LEBANESE,LBN,TURKISH,TUR,163,금수·보이콧·제재 부과,16,4,-8.0,8,1,8,0.0,"Rawalpindi, Punjab, Pakistan",PK,BBC Monitoring
20130413,253912408,20130413,PALESTINIAN,PSE,ISRAEL,ISR,193,소형무기·경무기를 이용한 전투,19,4,-10.0,6,1,6,2.47933884297521,"Jerusalem, Israel (general), Israel",IS,http://www.jpost.com/Headlines/Article.aspx?id=309719&R=R101
20130413,253912518,20130413,HAMAS,PSE,EGYPTIAN,EGY,190,재래식 군사력 사용,19,4,-10.0,24,3,24,1.82385397284473,"Kerem Shalom, HaDarom, Israel",IS,http://www.xe.com/news/2013/04/13/3304221.htm?utm_source=RSS&utm_medium=TL&utm_content=NOGEO&utm_campaign=News_RSS_Art20
20130413,253912519,20130413,HAMAS,PSE,EGYPTIAN,EGY,190,재래식 군사력 사용,19,4,-10.0,20,5,20,1.83756837319527,"Kerem Shalom, HaDarom, Israel",IS,http://www.xe.com/news/2013/04/13/3304221.htm?utm_source=RSS&utm_medium=TL&utm_content=NOGEO&utm_campaign=News_RSS_Art20
20130413,253912520,20130413,HAMAS,PSE,EGYPTIAN,EGY,190,재래식 군사력 사용,19,4,-10.0,35,5,35,1.77513863760875,"Gaza, Israel (general), Israel",IS,http://www.haaretz.com/news/diplomacy-defense/gaza-farmers-burn-3-tons-of-herbs-as-export-blocked-by-border-crossing-closure-1.515248?localLinksEnabled=false
20130413,253912521,20130413,HAMAS,PSE,EGYPTIAN,EGY,190,재래식 군사력 사용,19,4,-10.0,3,1,3,2.38429172510519,"Gaza, Israel (general), Israel",IS,http://www.dailystar.com.lb/News/Middle-East/2013/Apr-13/213609-gaza-farmers-burn-tonnes-of-basil-mint-after-israel-border-shut.ashx
20130413,253913792,20130413,SYRIAN,SYR,JORDAN,JOR,190,재래식 군사력 사용,19,4,-10.0,1,1,1,1.75438596491228,Jordan,JO,http://www.guardian.co.uk/world/2013/apr/14/giles-duley-syria-conflict-photographs
20130413,253913793,20130413,SYRIAN,SYR,JORDAN,JOR,190,재래식 군사력 사용,19,4,-10.0,4,1,4,1.75438596491228,Jordan,JO,http://www.guardian.co.uk/world/2013/apr/14/giles-duley-syria-conflict-photographs
20130413,253913807,20130413,SYRIAN,SYR,LEBANON,LBN,190,재래식 군사력 사용,19,4,-10.0,8,1,8,2.01005025125628,"Qasr, Idlib, Syria",SY,http://cnsnews.com/news/article/activists-say-syrian-airstrike-kills-12-civilians
20130413,253913808,20130413,SYRIA,SYR,LEBANON,LBN,193,소형무기·경무기를 이용한 전투,19,4,-10.0,8,1,8,1.93548387096774,Syria,SY,http://www.google.com/hostednews/afp/article/ALeqM5gOxPw-ACShxtNz8vtLNeFUI006kA?docId=CNG.1baa125a4bdc411c96aace7a1a263691.5d1
20130413,253913809,20130413,SYRIA,SYR,LEBANON,LBN,193,소형무기·경무기를 이용한 전투,19,4,-10.0,2,1,2,1.93548387096774,"Baalbek, Mohafazat Baalbek-Hermel, Lebanon",LE,http://www.google.com/hostednews/afp/article/ALeqM5gOxPw-ACShxtNz8vtLNeFUI006kA?docId=CNG.1baa125a4bdc411c96aace7a1a263691.5d1
20130413,253913877,20130413,SYRIA,SYR,LEBANON,LBN,195,공중무기 사용,19,4,-10.0,2,1,2,1.74102285092492,"Arsal, Mohafazat Baalbek-Hermel, Lebanon",LE,http://www.voanews.com/content/lebanon-syria-stealth-war/1640955.html
20130414,253930152,20130414,JERUSALEM,ISR,PALESTINE,PSE,138,군사력 사용 위협,13,3,-7.0,8,1,8,0.0,Algeria,AG,BBC Monitoring
20130414,253930157,20130414,ISRAEL,ISR,GAZA,PSE,190,재래식 군사력 사용,19,4,-10.0,13,4,13,1.13268755780112,"Jerusalem, Israel (general), Israel",IS,http://thestar.com.my/news/story.asp?file=/2013/4/15/worldupdates/israel-says-november-gaza-strike-that-killed-12-civilians-lawful&sec=Worldupdates
20130414,253930158,20130414,ISRAEL,ISR,GAZA,PSE,190,재래식 군사력 사용,19,4,-10.0,48,3,48,1.00400616722273,"Jerusalem, Israel (general), Israel",IS,http://thestar.com.my/news/story.asp?file=/2013/4/15/worldupdates/israel-says-november-gaza-strike-that-killed-12-civilians-lawful&sec=Worldupdates
20130414,253930159,20130414,ISRAEL,ISR,PALESTINIAN,PSE,190,재래식 군사력 사용,19,4,-10.0,1,1,1,2.67686424474187,"Jerusalem, Israel (general), Israel",IS,http://www.scotsman.com/news/ben-lynfield-resignation-of-prime-minister-a-major-setback-for-palestinians-1-2894954
20130414,253930160,20130414,ISRAEL,ISR,GAZA,PSE,190,재래식 군사력 사용,19,4,-10.0,30,5,30,0.353356890459364,"Gaza, Israel (general), Israel",IS,http://www.google.com/hostednews/ap/article/ALeqM5jEY3317-LkwaitmG8nKABtFgslUg?docId=c455eb78a3bf485ca359401973e4a3e1
20130414,253930161,20130414,ISRAEL,ISR,GAZA,PSE,192,영토 점령,19,4,-9.5,4,1,4,3.12838294304853,"Gaza, Israel (general), Israel",IS,http://in.reuters.com/article/2013/04/14/palestinians-fayyad-idINDEE93C05X20130414?feedType=RSS&feedName=worldNews
20130414,253930162,20130414,ISRAEL,ISR,GAZA,PSE,192,영토 점령,19,4,-9.5,16,7,16,4.15616463892735,"Jerusalem, Israel (general), Israel",IS,http://www.chron.com/news/world/article/Israel-at-65-Success-still-plagued-by-uncertainty-4433570.php
20130414,253930163,20130414,ISRAEL,ISR,GAZA,PSE,195,공중무기 사용,19,4,-10.0,6,1,6,3.2,"Hawaii, United States",US,http://www.philippinetimes.com/index.php/sid/213828079/scat/2411cd3571b4f088
20130414,253930164,20130414,ISRAEL,ISR,GAZA,PSE,195,공중무기 사용,19,4,-10.0,10,1,10,1.00574712643678,Israel,IS,http://www.bbc.co.uk/news/world-middle-east-22145144#sa-ns_mchannel=rss&ns_source=PublicRSS20-sa
20130414,253930171,20130414,ISRAEL,ISR,HAMAS,PSE,194,포병·전차를 이용한 전투,19,4,-10.0,4,1,4,2.13723284589426,"Gaza, Israel (general), Israel",IS,http://www.independent.co.uk/news/world/middle-east/palestinians-lash-out-at-west-as-prime-minister-salam-fayyad-quits-8572495.html
20130414,253930173,20130414,ISRAEL,ISR,PALESTINIAN,PSE,194,포병·전차를 이용한 전투,19,4,-10.0,2,1,2,1.00574712643678,Israel,IS,http://www.bbc.co.uk/news/world-middle-east-22145144#sa-ns_mchannel=rss&ns_source=PublicRSS20-sa
20130414,253930578,20130414,JORDANIAN,JOR,ISRAEL,ISR,190,재래식 군사력 사용,19,4,-10.0,2,1,2,2.5,Syria,SY,http://www.jpost.com/Headlines/Article.aspx?id=309774&R=R101
20130414,253930603,20130414,JORDANIAN,JOR,ISRAEL,ISR,190,재래식 군사력 사용,19,4,-10.0,5,1,5,2.5,Syria,SY,http://www.jpost.com/Headlines/Article.aspx?id=309774&R=R101
20130414,253931976,20130414,LEBANESE,LBN,SYRIAN,SYR,193,소형무기·경무기를 이용한 전투,19,4,-10.0,2,1,2,1.69811320754717,"Al-Qasr, ?amah, Syria",SY,http://www.dailystar.com.lb/News/Politics/2013/Apr-15/213737-rockets-from-syria-kill-two-men-in-northeast-lebanon-villages.ashx
20130414,253931977,20130414,LEBANESE,LBN,SYRIAN,SYR,193,소형무기·경무기를 이용한 전투,19,4,-10.0,2,1,2,1.69811320754717,"Bekaa Valley, Béa, Lebanon",LE,http://www.dailystar.com.lb/News/Politics/2013/Apr-15/213737-rockets-from-syria-kill-two-men-in-northeast-lebanon-villages.ashx
20130414,253931978,20130414,LEBANON,LBN,SYRIA,SYR,193,소형무기·경무기를 이용한 전투,19,4,-10.0,12,1,6,1.69811320754717,"Al-Qasr, ?amah, Syria",SY,http://www.dailystar.com.lb/News/Politics/2013/Apr-15/213737-rockets-from-syria-kill-two-men-in-northeast-lebanon-villages.ashx
20130414,253931979,20130414,LEBANESE,LBN,SYRIAN,SYR,193,소형무기·경무기를 이용한 전투,19,4,-10.0,2,1,2,1.92837465564738,"Bekaa Valley, Béa, Lebanon",LE,http://www.dailystar.com.lb/2013/Apr-14/213681-child-killed-in-syrian-shelling-of-al-qasr.ashx
20130414,253931980,20130414,LEBANESE,LBN,SYRIAN,SYR,193,소형무기·경무기를 이용한 전투,19,4,-10.0,14,1,8,1.92837465564738,"Qasr, Idlib, Syria",SY,http://www.dailystar.com.lb/2013/Apr-14/213681-child-killed-in-syrian-shelling-of-al-qasr.ashx
20130414,253931981,20130414,LEBANON,LBN,SYRIAN,SYR,194,포병·전차를 이용한 전투,19,4,-10.0,2,1,2,1.69811320754717,"Al-Qasr, ?amah, Syria",SY,http://www.dailystar.com.lb/News/Politics/2013/Apr-15/213737-rockets-from-syria-kill-two-men-in-northeast-lebanon-villages.ashx
20130414,253931982,20130414,LEBANON,LBN,SYRIAN,SYR,194,포병·전차를 이용한 전투,19,4,-10.0,4,1,4,1.69811320754717,"Al-Qasr, ?amah, Syria",SY,http://www.dailystar.com.lb/News/Politics/2013/Apr-15/213737-rockets-from-syria-kill-two-men-in-northeast-lebanon-villages.ashx
20130414,253931983,20130414,LEBANON,LBN,SYRIAN,SYR,194,포병·전차를 이용한 전투,19,4,-10.0,2,1,2,1.69811320754717,"Bekaa Valley, Béa, Lebanon",LE,http://www.dailystar.com.lb/News/Politics/2013/Apr-15/213737-rockets-from-syria-kill-two-men-in-northeast-lebanon-villages.ashx
20130414,253931985,20130414,LEBANON,LBN,SYRIA,SYR,190,재래식 군사력 사용,19,4,-10.0,2,1,2,1.92837465564738,"Bekaa Valley, Béa, Lebanon",LE,http://www.dailystar.com.lb/2013/Apr-14/213681-child-killed-in-syrian-shelling-of-al-qasr.ashx
20130414,253931986,20130414,LEBANON,LBN,SYRIA,SYR,190,재래식 군사력 사용,19,4,-10.0,1,1,1,1.92837465564738,"Qasr, Idlib, Syria",SY,http://www.dailystar.com.lb/2013/Apr-14/213681-child-killed-in-syrian-shelling-of-al-qasr.ashx
20130414,253931987,20130414,LEBANON,LBN,SYRIA,SYR,190,재래식 군사력 사용,19,4,-10.0,1,1,1,1.92837465564738,"Qasr, Idlib, Syria",SY,http://www.dailystar.com.lb/2013/Apr-14/213681-child-killed-in-syrian-shelling-of-al-qasr.ashx
20130414,253935070,20130414,GAZA,PSE,ISRAEL,ISR,190,재래식 군사력 사용,19,4,-10.0,4,1,4,2.13723284589426,"Gaza, Israel (general), Israel",IS,http://www.independent.co.uk/news/world/middle-east/palestinians-lash-out-at-west-as-prime-minister-salam-fayyad-quits-8572495.html
20130414,253935071,20130414,GAZA,PSE,ISRAEL,ISR,192,영토 점령,19,4,-9.5,1,1,1,3.86384544618215,"Jerusalem, Israel (general), Israel",IS,http://cnsnews.com/news/article/israel-65-success-still-plagued-uncertainty
20130414,253935072,20130414,GAZA,PSE,ISRAEL,ISR,192,영토 점령,19,4,-9.5,8,7,8,4.15616463892735,"Jerusalem, Israel (general), Israel",IS,http://www.chron.com/news/world/article/Israel-at-65-Success-still-plagued-by-uncertainty-4433570.php
20130414,253935073,20130414,GAZA,PSE,ISRAEL,ISR,192,영토 점령,19,4,-9.5,8,7,8,4.15616463892735,"Jerusalem, Israel (general), Israel",IS,http://www.chron.com/news/world/article/Israel-at-65-Success-still-plagued-by-uncertainty-4433570.php
20130414,253935074,20130414,GAZA,PSE,ISRAEL,ISR,192,영토 점령,19,4,-9.5,7,6,7,4.19792452360523,West Bank,WE,http://www.chron.com/news/world/article/Israel-at-65-Success-still-plagued-by-uncertainty-4433570.php
20130414,253935075,20130414,PALESTINIAN,PSE,ISRAEL,ISR,194,포병·전차를 이용한 전투,19,4,-10.0,2,1,2,1.00574712643678,Israel,IS,http://www.bbc.co.uk/news/world-middle-east-22145144#sa-ns_mchannel=rss&ns_source=PublicRSS20-sa
20130414,253935087,20130414,PALESTINIAN,PSE,ISRAEL,ISR,194,포병·전차를 이용한 전투,19,4,-10.0,2,1,2,1.00574712643678,Israel,IS,http://www.bbc.co.uk/news/world-middle-east-22145144#sa-ns_mchannel=rss&ns_source=PublicRSS20-sa
20130414,253935200,20130414,PALESTINIAN,PSE,ISRAEL,ISR,194,포병·전차를 이용한 전투,19,4,-10.0,2,1,2,1.00574712643678,Israel,IS,http://www.bbc.co.uk/news/world-middle-east-22145144#sa-ns_mchannel=rss&ns_source=PublicRSS20-sa
20130414,253936398,20130414,SYRIA,SYR,IRAN,IRN,192,영토 점령,19,4,-9.5,2,1,2,3.12221231043711,Syria,SY,http://www.dailystar.com.lb/News/Politics/2013/Apr-15/213732-liberal-international-lebanon-a-leading-regional-democracy.ashx
20130414,253936399,20130414,SYRIA,SYR,IRAN,IRN,192,영토 점령,19,4,-9.5,8,1,8,3.12221231043711,Syria,SY,http://www.dailystar.com.lb/News/Politics/2013/Apr-15/213732-liberal-international-lebanon-a-leading-regional-democracy.ashx
20130414,253936435,20130414,SYRIA,SYR,LEBANON,LBN,190,재래식 군사력 사용,19,4,-10.0,3,1,3,1.69811320754717,"Bekaa Valley, Béa, Lebanon",LE,http://www.dailystar.com.lb/News/Politics/2013/Apr-15/213737-rockets-from-syria-kill-two-men-in-northeast-lebanon-villages.ashx
20130414,253936436,20130414,SYRIAN,SYR,LEBANESE,LBN,194,포병·전차를 이용한 전투,19,4,-10.0,2,1,2,0.0,Libya,LY,BBC Monitoring
20130414,253936454,20130414,SYRIA,SYR,AL JAZEERA,QAT,190,재래식 군사력 사용,19,4,-10.0,10,1,10,2.1630615640599,"Aleppo, ?alab, Syria",SY,http://www.aljazeera.com/news/middleeast/2013/04/2013414152259238343.html
20130414,253936546,20130414,SYRIA,SYR,LEBANON,LBN,190,재래식 군사력 사용,19,4,-10.0,2,1,2,0.0,Algeria,AG,BBC Monitoring
20130414,253936547,20130414,SYRIAN,SYR,LEBANESE,LBN,194,포병·전차를 이용한 전투,19,4,-10.0,6,1,6,0.0,Libya,LY,BBC Monitoring
20130415,253941560,20130408,SYRIAN,SYR,LEBANON,LBN,190,재래식 군사력 사용,19,4,-10.0,4,1,2,2.1978021978022,"Al-Qasr, ?amah, Syria",SY,http://www.dailystar.com.lb/News/Local-News/2013/Apr-16/213881-hermel-residents-threaten-to-hit-back-at-syria-rebels.ashx
20130415,253941561,20130408,SYRIAN,SYR,LEBANON,LBN,190,재래식 군사력 사용,19,4,-10.0,4,1,2,2.1978021978022,"Al-Qasr, ?amah, Syria",SY,http://www.dailystar.com.lb/News/Local-News/2013/Apr-16/213881-hermel-residents-threaten-to-hit-back-at-syria-rebels.ashx
20130415,253941568,20130408,SYRIA,SYR,LEBANON,LBN,190,재래식 군사력 사용,19,4,-10.0,8,1,4,2.1978021978022,"Al-Qasr, ?amah, Syria",SY,http://www.dailystar.com.lb/News/Local-News/2013/Apr-16/213881-hermel-residents-threaten-to-hit-back-at-syria-rebels.ashx
20130415,253953197,20130415,EGYPT,EGY,ISRAEL,ISR,190,재래식 군사력 사용,19,4,-10.0,2,1,2,1.92837465564738,"Jerusalem, Israel (general), Israel",IS,http://www.eurasiareview.com/15042013-israel-is-the-miracle%E2%80%8F-oped/
20130415,253953198,20130415,EGYPT,EGY,ISRAEL,ISR,190,재래식 군사력 사용,19,4,-10.0,8,1,8,1.92837465564738,"Jerusalem, Israel (general), Israel",IS,http://www.eurasiareview.com/15042013-israel-is-the-miracle%E2%80%8F-oped/
20130415,253958841,20130415,IRAN,IRN,BAHRAIN,BHR,138,군사력 사용 위협,13,3,-7.0,6,1,6,0.0,"Damascus, Dimashq, Syria",SY,BBC Monitoring
20130415,253958842,20130415,IRAN,IRN,BAHRAIN,BHR,138,군사력 사용 위협,13,3,-7.0,4,1,4,0.0,"Moscow, Moskva, Russia",RS,BBC Monitoring
20130415,253958923,20130415,IRAN,IRN,ISRAEL,ISR,190,재래식 군사력 사용,19,4,-10.0,2,1,2,1.00755667506297,Benin,BN,http://www.israelnationalnews.com/News/News.aspx/167167
20130415,253959083,20130415,IRAN,IRN,YEMEN,YEM,190,재래식 군사력 사용,19,4,-10.0,10,1,10,1.93637621023513,Iran,IR,http://www.upi.com/Top_News/Special/2013/04/15/Yemen-Trapped-between-Iran-Saudi-Arabia/UPI-11751366051113/?spt=hs&or=tn
20130415,253959288,20130415,IRAQ,IRQ,ISRAEL,ISR,190,재래식 군사력 사용,19,4,-10.0,2,1,2,1.92837465564738,"Jerusalem, Israel (general), Israel",IS,http://www.eurasiareview.com/15042013-israel-is-the-miracle%E2%80%8F-oped/
20130415,253959289,20130415,IRAQ,IRQ,ISRAEL,ISR,190,재래식 군사력 사용,19,4,-10.0,8,1,8,1.92837465564738,"Jerusalem, Israel (general), Israel",IS,http://www.eurasiareview.com/15042013-israel-is-the-miracle%E2%80%8F-oped/
20130415,253959323,20130415,IRAQ,IRQ,SYRIA,SYR,190,재래식 군사력 사용,19,4,-10.0,4,1,4,0.0,"Damascus, Dimashq, Syria",SY,BBC Monitoring
20130415,253959324,20130415,IRAQ,IRQ,SYRIA,SYR,190,재래식 군사력 사용,19,4,-10.0,2,1,2,0.0,"Beirut, Beyrouth, Lebanon",LE,BBC Monitoring
20130415,253959325,20130415,IRAQ,IRQ,SYRIA,SYR,190,재래식 군사력 사용,19,4,-10.0,4,1,4,0.0,"Beirut, Beyrouth, Lebanon",LE,BBC Monitoring
20130415,253959577,20130415,ISRAEL,ISR,IRAN,IRN,194,포병·전차를 이용한 전투,19,4,-10.0,6,1,6,1.76074572760228,"Ashkelon, HaDarom, Israel",IS,http://reliefweb.int/report/occupied-palestinian-territory/whos-who-fighters-gaza
20130415,253959702,20130415,ISRAEL,ISR,PALESTINIAN,PSE,138,군사력 사용 위협,13,3,-7.0,4,1,4,1.31030375223347,"Hebron, Israel (general), Israel",IS,http://www.bbc.co.uk/news/world-middle-east-21973708#sa-ns_mchannel=rss&ns_source=PublicRSS20-sa
20130415,253959703,20130415,ISRAEL,ISR,WEST BANK,PSE,138,군사력 사용 위협,13,3,-7.0,4,1,4,1.31030375223347,"Hebron, Israel (general), Israel",IS,http://www.bbc.co.uk/news/world-middle-east-21973708#sa-ns_mchannel=rss&ns_source=PublicRSS20-sa
20130415,253959704,20130415,ISRAEL,ISR,GAZA,PSE,154,군 병력 동원·증강,15,4,-7.2,4,1,4,2.64900662251656,"Gaza, Israel (general), Israel",IS,http://www.news24.com/Africa/News/Senegal-ex-presidents-son-arrested-20130415
20130415,253959714,20130415,ISRAEL,ISR,HAMAS,PSE,194,포병·전차를 이용한 전투,19,4,-10.0,10,1,10,1.76074572760228,"Kerem Shalom, HaDarom, Israel",IS,http://reliefweb.int/report/occupied-palestinian-territory/whos-who-fighters-gaza
20130415,253959715,20130415,ISRAEL,ISR,HAMAS,PSE,190,재래식 군사력 사용,19,4,-10.0,4,1,4,1.37795275590551,"Gaza, Israel (general), Israel",IS,http://www.israelnationalnews.com/News/News.aspx/167162
20130415,253960140,20130415,JORDAN,JOR,ISRAEL,ISR,190,재래식 군사력 사용,19,4,-10.0,2,1,2,1.92837465564738,"Jerusalem, Israel (general), Israel",IS,http://www.eurasiareview.com/15042013-israel-is-the-miracle%E2%80%8F-oped/
20130415,253960141,20130415,JORDAN,JOR,ISRAEL,ISR,190,재래식 군사력 사용,19,4,-10.0,2,1,2,1.92837465564738,"Jerusalem, Israel (general), Israel",IS,http://www.eurasiareview.com/15042013-israel-is-the-miracle%E2%80%8F-oped/
20130415,253960142,20130415,JORDAN,JOR,ISRAEL,ISR,190,재래식 군사력 사용,19,4,-10.0,6,1,6,1.92837465564738,"Jerusalem, Israel (general), Israel",IS,http://www.eurasiareview.com/15042013-israel-is-the-miracle%E2%80%8F-oped/
20130415,253960189,20130415,JORDAN,JOR,SYRIA,SYR,192,영토 점령,19,4,-9.5,1,1,1,3.50678733031674,"Riyadh, Ar Riya?, Saudi Arabia",SA,http://www.guardian.co.uk/world/middle-east-live/2013/apr/15/syria-conflict-shelling-in-damascus-suburbs-live-updates
20130415,253960190,20130415,JORDAN,JOR,SYRIA,SYR,192,영토 점령,19,4,-9.5,1,1,1,3.50678733031674,"Amman, (JO11), Jordan",JO,http://www.guardian.co.uk/world/middle-east-live/2013/apr/15/syria-conflict-shelling-in-damascus-suburbs-live-updates
20130415,253962436,20130415,LEBANON,LBN,ISRAELI,ISR,138,군사력 사용 위협,13,3,-7.0,1,1,1,2.81962147547316,"Gaza, Israel (general), Israel",IS,http://www.globalresearch.ca/are-syria-and-pakistan-pieces-of-the-puzzle-for-assembling-a-mega-gas-pipeline-to-china/5331299
20130415,253962437,20130415,LEBANON,LBN,ISRAELI,ISR,138,군사력 사용 위협,13,3,-7.0,1,1,1,2.81962147547316,"Gaza, Israel (general), Israel",IS,http://www.globalresearch.ca/are-syria-and-pakistan-pieces-of-the-puzzle-for-assembling-a-mega-gas-pipeline-to-china/5331299
20130415,253962438,20130415,LEBANON,LBN,ISRAEL,ISR,190,재래식 군사력 사용,19,4,-10.0,2,1,2,1.92837465564738,"Jerusalem, Israel (general), Israel",IS,http://www.eurasiareview.com/15042013-israel-is-the-miracle%E2%80%8F-oped/
20130415,253962439,20130415,LEBANON,LBN,ISRAEL,ISR,190,재래식 군사력 사용,19,4,-10.0,2,1,2,1.92837465564738,"Jerusalem, Israel (general), Israel",IS,http://www.eurasiareview.com/15042013-israel-is-the-miracle%E2%80%8F-oped/
20130415,253962440,20130415,LEBANON,LBN,ISRAEL,ISR,190,재래식 군사력 사용,19,4,-10.0,6,1,6,1.92837465564738,"Jerusalem, Israel (general), Israel",IS,http://www.eurasiareview.com/15042013-israel-is-the-miracle%E2%80%8F-oped/
20130415,253962506,20130415,LEBANON,LBN,SYRIA,SYR,154,군 병력 동원·증강,15,4,-7.2,10,1,10,1.45454545454545,Lebanon,LE,http://edition.cnn.com/2013/04/14/world/meast/syria-civil-war/index.html?utm_source=feedburner&utm_medium=feed&utm_campaign=Feed%3A+rss%2Fedition_meast+%28RSS%3A+Middle+East%29
20130415,253962510,20130415,LEBANESE,LBN,SYRIA,SYR,190,재래식 군사력 사용,19,4,-10.0,1,1,1,1.0989010989011,"Beirut, Beyrouth, Lebanon",LE,http://reliefweb.int/report/lebanon/fire-syria-kills-two-lebanon
20130415,253962511,20130415,LEBANESE,LBN,SYRIA,SYR,190,재래식 군사력 사용,19,4,-10.0,2,1,2,1.0989010989011,"Beirut, Beyrouth, Lebanon",LE,http://reliefweb.int/report/lebanon/fire-syria-kills-two-lebanon
20130415,253962512,20130415,BEIRUT,LBN,SYRIAN,SYR,190,재래식 군사력 사용,19,4,-10.0,9,1,9,2.53164556962025,Syria,SY,http://www.dailystar.com.lb/News/Local-News/2013/Apr-15/213824-13-year-old-kills-syrian-in-chouf.ashx
20130415,253962513,20130415,LEBANESE,LBN,SYRIA,SYR,190,재래식 군사력 사용,19,4,-10.0,1,1,1,1.0989010989011,"Qasr, Idlib, Syria",SY,http://reliefweb.int/report/lebanon/fire-syria-kills-two-lebanon
20130415,253962514,20130415,LEBANESE,LBN,SYRIAN,SYR,193,소형무기·경무기를 이용한 전투,19,4,-10.0,8,1,8,0.0,"Moscow, Moskva, Russia",RS,BBC Monitoring
20130415,253962515,20130415,BEIRUT,LBN,SYRIAN,SYR,193,소형무기·경무기를 이용한 전투,19,4,-10.0,10,1,10,2.53164556962025,Syria,SY,http://www.dailystar.com.lb/News/Local-News/2013/Apr-15/213824-13-year-old-kills-syrian-in-chouf.ashx
20130415,253962516,20130415,LEBANON,LBN,SYRIAN,SYR,194,포병·전차를 이용한 전투,19,4,-10.0,2,1,2,0.0,"Damascus, Dimashq, Syria",SY,BBC Monitoring
20130415,253962517,20130415,LEBANON,LBN,SYRIAN,SYR,194,포병·전차를 이용한 전투,19,4,-10.0,1,1,1,1.52505446623094,"Baabda, Mont-Liban, Lebanon",LE,http://www.dailystar.com.lb/News/Politics/2013/Apr-16/213846-sleiman-chairs-security-meeting-on-border-attacks.ashx
20130415,253962518,20130415,LEBANON,LBN,SYRIAN,SYR,194,포병·전차를 이용한 전투,19,4,-10.0,2,1,2,0.0,"Damascus, Dimashq, Syria",SY,BBC Monitoring
20130415,253962519,20130415,LEBANESE,LBN,SYRIAN,SYR,194,포병·전차를 이용한 전투,19,4,-10.0,1,1,1,0.0,"Moscow, Moskva, Russia",RS,BBC Monitoring
20130415,253962520,20130415,LEBANON,LBN,SYRIAN,SYR,194,포병·전차를 이용한 전투,19,4,-10.0,1,1,1,1.52505446623094,"Tripoli, Tarabulus, Libya",LY,http://www.dailystar.com.lb/News/Politics/2013/Apr-16/213846-sleiman-chairs-security-meeting-on-border-attacks.ashx
20130415,253962521,20130415,LEBANON,LBN,SYRIA,SYR,194,포병·전차를 이용한 전투,19,4,-10.0,10,1,5,1.52505446623094,"Damascus, Dimashq, Syria",SY,http://www.dailystar.com.lb/News/Politics/2013/Apr-16/213846-sleiman-chairs-security-meeting-on-border-attacks.ashx
20130415,253962535,20130415,LEBANESE,LBN,SYRIAN,SYR,194,포병·전차를 이용한 전투,19,4,-10.0,4,1,4,0.0,"Moscow, Moskva, Russia",RS,BBC Monitoring
20130415,253962569,20130415,LEBANESE,LBN,SYRIA,SYR,190,재래식 군사력 사용,19,4,-10.0,3,1,3,1.0989010989011,"Beirut, Beyrouth, Lebanon",LE,http://reliefweb.int/report/lebanon/fire-syria-kills-two-lebanon
20130415,253962570,20130415,LEBANESE,LBN,SYRIA,SYR,190,재래식 군사력 사용,19,4,-10.0,3,1,3,1.0989010989011,"Qasr, Idlib, Syria",SY,http://reliefweb.int/report/lebanon/fire-syria-kills-two-lebanon
20130415,253967767,20130415,PALESTINE,PSE,ISRAEL,ISR,190,재래식 군사력 사용,19,4,-10.0,2,1,2,1.76074572760228,"Ashkelon, HaDarom, Israel",IS,http://reliefweb.int/report/occupied-palestinian-territory/whos-who-fighters-gaza
20130415,253967768,20130415,PALESTINIAN,PSE,ISRAELI,ISR,190,재래식 군사력 사용,19,4,-10.0,5,1,5,1.76074572760228,"Tel Aviv, Tel Aviv, Israel",IS,http://reliefweb.int/report/occupied-palestinian-territory/whos-who-fighters-gaza
20130415,253967769,20130415,GAZA,PSE,ISRAEL,ISR,190,재래식 군사력 사용,19,4,-10.0,2,1,2,1.37795275590551,"Gaza, Israel (general), Israel",IS,http://www.israelnationalnews.com/News/News.aspx/167162
20130415,253967770,20130415,PALESTINIAN,PSE,JERUSALEM,ISR,192,영토 점령,19,4,-9.5,6,1,6,0.0,"Damascus, Dimashq, Syria",SY,BBC Monitoring
20130415,253967771,20130415,PALESTINIAN,PSE,JERUSALEM,ISR,192,영토 점령,19,4,-9.5,4,1,4,0.0,"Damascus, Dimashq, Syria",SY,BBC Monitoring
20130415,253967772,20130415,GAZA,PSE,ISRAELI,ISR,194,포병·전차를 이용한 전투,19,4,-10.0,10,1,10,1.76074572760228,"Ashkelon, HaDarom, Israel",IS,http://reliefweb.int/report/occupied-palestinian-territory/whos-who-fighters-gaza
20130415,253967773,20130415,GAZA,PSE,ISRAEL,ISR,194,포병·전차를 이용한 전투,19,4,-10.0,4,1,4,0.784313725490196,"Gaza, Israel (general), Israel",IS,http://www.israelnationalnews.com/News/News.aspx/167143
20130415,253967788,20130415,GAZA,PSE,ISRAEL,ISR,190,재래식 군사력 사용,19,4,-10.0,2,1,2,1.37795275590551,"Gaza, Israel (general), Israel",IS,http://www.israelnationalnews.com/News/News.aspx/167162
20130415,253967879,20130415,HAMAS,PSE,ISRAEL,ISR,194,포병·전차를 이용한 전투,19,4,-10.0,10,1,10,1.76074572760228,"Kerem Shalom, HaDarom, Israel",IS,http://reliefweb.int/report/occupied-palestinian-territory/whos-who-fighters-gaza
20130415,253967885,20130415,GAZA,PSE,ISRAEL,ISR,194,포병·전차를 이용한 전투,19,4,-10.0,2,1,2,0.784313725490196,"Gaza, Israel (general), Israel",IS,http://www.israelnationalnews.com/News/News.aspx/167143
20130415,253969139,20130415,SAUDI ARABIA,SAU,SYRIAN,SYR,190,재래식 군사력 사용,19,4,-10.0,4,1,4,2.23463687150838,Syria,SY,http://www.dailystar.com.lb/Opinion/Commentary/2013/Apr-16/213871-jihadists-thrive-in-syrias-chaos.ashx
20130415,253969140,20130415,SAUDI,SAU,SYRIAN,SYR,190,재래식 군사력 사용,19,4,-10.0,6,1,6,2.23463687150838,Saudi Arabia,SA,http://www.dailystar.com.lb/Opinion/Commentary/2013/Apr-16/213871-jihadists-thrive-in-syrias-chaos.ashx
20130415,253969881,20130415,SYRIA,SYR,IRAQ,IRQ,190,재래식 군사력 사용,19,4,-10.0,8,1,8,0.0,"Damascus, Dimashq, Syria",SY,BBC Monitoring
20130415,253969883,20130415,SYRIA,SYR,ISRAEL,ISR,190,재래식 군사력 사용,19,4,-10.0,6,1,6,1.92837465564738,"Jerusalem, Israel (general), Israel",IS,http://www.eurasiareview.com/15042013-israel-is-the-miracle%E2%80%8F-oped/
20130415,253969884,20130415,SYRIA,SYR,ISRAEL,ISR,190,재래식 군사력 사용,19,4,-10.0,2,1,2,1.92837465564738,"Jerusalem, Israel (general), Israel",IS,http://www.eurasiareview.com/15042013-israel-is-the-miracle%E2%80%8F-oped/
20130415,253969885,20130415,SYRIA,SYR,ISRAEL,ISR,190,재래식 군사력 사용,19,4,-10.0,2,1,2,1.92837465564738,"Jerusalem, Israel (general), Israel",IS,http://www.eurasiareview.com/15042013-israel-is-the-miracle%E2%80%8F-oped/
20130415,253969942,20130415,SYRIA,SYR,LEBANON,LBN,190,재래식 군사력 사용,19,4,-10.0,8,1,8,0.0,"Damascus, Dimashq, Syria",SY,BBC Monitoring
20130415,253969943,20130415,SYRIA,SYR,LEBANON,LBN,190,재래식 군사력 사용,19,4,-10.0,3,1,3,0.0,"Moscow, Moskva, Russia",RS,BBC Monitoring
20130415,253969944,20130415,SYRIAN,SYR,LEBANON,LBN,193,소형무기·경무기를 이용한 전투,19,4,-10.0,2,1,2,0.0,"Damascus, Dimashq, Syria",SY,BBC Monitoring
20130415,253969945,20130415,SYRIAN,SYR,LEBANESE,LBN,193,소형무기·경무기를 이용한 전투,19,4,-10.0,2,1,2,1.12540192926045,"Idlib, Idlib, Syria",SY,http://www.thenews.com.pk/Todays-News-1-171694-Warplanes-pound-Damascus
20130415,253969946,20130415,SYRIAN,SYR,LEBANON,LBN,193,소형무기·경무기를 이용한 전투,19,4,-10.0,8,1,8,1.12540192926045,"Idlib, Idlib, Syria",SY,http://www.thenews.com.pk/Todays-News-1-171694-Warplanes-pound-Damascus
20130415,253969947,20130415,SYRIAN,SYR,LEBANON,LBN,193,소형무기·경무기를 이용한 전투,19,4,-10.0,2,1,2,1.0989010989011,"Qasr, Idlib, Syria",SY,http://reliefweb.int/report/lebanon/fire-syria-kills-two-lebanon
20130415,253969948,20130415,SYRIAN,SYR,LEBANESE,LBN,193,소형무기·경무기를 이용한 전투,19,4,-10.0,8,1,8,1.0989010989011,"Beirut, Beyrouth, Lebanon",LE,http://reliefweb.int/report/lebanon/fire-syria-kills-two-lebanon
20130415,253969949,20130415,SYRIA,SYR,LEBANESE,LBN,193,소형무기·경무기를 이용한 전투,19,4,-10.0,10,1,10,1.45454545454545,"Qasr, Idlib, Syria",SY,http://edition.cnn.com/2013/04/14/world/meast/syria-civil-war/index.html?utm_source=feedburner&utm_medium=feed&utm_campaign=Feed%3A+rss%2Fedition_meast+%28RSS%3A+Middle+East%29
20130415,253969950,20130415,SYRIA,SYR,LEBANESE,LBN,194,포병·전차를 이용한 전투,19,4,-10.0,4,1,4,0.619195046439629,"Qasr, Idlib, Syria",SY,http://www.thenational.ae/news/world/middle-east/lebanon-to-protest-to-arab-league-after-spillover-syrian-fire-kills-two
20130415,253969951,20130415,SYRIA,SYR,LEBANESE,LBN,194,포병·전차를 이용한 전투,19,4,-10.0,1,1,1,0.619195046439629,"Qasr, Idlib, Syria",SY,http://www.thenational.ae/news/world/middle-east/lebanon-to-protest-to-arab-league-after-spillover-syrian-fire-kills-two
20130415,253969952,20130415,SYRIA,SYR,LEBANESE,LBN,190,재래식 군사력 사용,19,4,-10.0,3,1,3,2.1978021978022,"Baabda, Mont-Liban, Lebanon",LE,http://www.dailystar.com.lb/News/Local-News/2013/Apr-16/213881-hermel-residents-threaten-to-hit-back-at-syria-rebels.ashx
20130415,253969953,20130415,SYRIA,SYR,LEBANON,LBN,190,재래식 군사력 사용,19,4,-10.0,3,1,2,0.0,"Damascus, Dimashq, Syria",SY,BBC Monitoring
20130415,253969954,20130415,SYRIA,SYR,LEBANESE,LBN,190,재래식 군사력 사용,19,4,-10.0,6,1,4,0.0,"Moscow, Moskva, Russia",RS,BBC Monitoring
20130415,253969955,20130415,SYRIAN,SYR,LEBANESE,LBN,190,재래식 군사력 사용,19,4,-10.0,4,1,4,0.0,"Moscow, Moskva, Russia",RS,BBC Monitoring
20130415,253969956,20130415,SYRIA,SYR,LEBANESE,LBN,190,재래식 군사력 사용,19,4,-10.0,6,1,6,1.0989010989011,"Beirut, Beyrouth, Lebanon",LE,http://reliefweb.int/report/lebanon/fire-syria-kills-two-lebanon
20130415,253969957,20130415,SYRIA,SYR,LEBANESE,LBN,190,재래식 군사력 사용,19,4,-10.0,3,1,3,3.7199124726477,"Baabda, Mont-Liban, Lebanon",LE,http://www.dailystar.com.lb/News/Politics/2013/Apr-15/213792-plumbly-calls-for-swift-formation-of-cabinet.ashx
20130415,253969958,20130415,SYRIA,SYR,LEBANON,LBN,194,포병·전차를 이용한 전투,19,4,-10.0,1,1,1,1.0989010989011,"Qasr, Idlib, Syria",SY,http://reliefweb.int/report/lebanon/fire-syria-kills-two-lebanon
20130415,253969960,20130415,SYRIA,SYR,LEBANON,LBN,190,재래식 군사력 사용,19,4,-10.0,10,1,10,1.45454545454545,"Qasr, Idlib, Syria",SY,http://edition.cnn.com/2013/04/14/world/meast/syria-civil-war/index.html?utm_source=feedburner&utm_medium=feed&utm_campaign=Feed%3A+rss%2Fedition_meast+%28RSS%3A+Middle+East%29
20130415,253970000,20130415,SYRIAN,SYR,AL JAZEERA,QAT,190,재래식 군사력 사용,19,4,-10.0,10,1,10,1.55038759689922,"Damascus, Dimashq, Syria",SY,http://www.aljazeera.com/news/middleeast/2013/04/201341519246898172.html
20130415,253970001,20130415,SYRIAN,SYR,AL JAZEERA,QAT,195,공중무기 사용,19,4,-10.0,10,1,10,1.55038759689922,"Damascus, Dimashq, Syria",SY,http://www.aljazeera.com/news/middleeast/2013/04/201341519246898172.html
20130415,253970084,20130415,SYRIA,SYR,TURKISH,TUR,190,재래식 군사력 사용,19,4,-10.0,10,1,10,1.55038759689922,"Latakia, Al Ladhiqiyah, Syria",SY,http://www.aljazeera.com/news/middleeast/2013/04/201341519246898172.html
20130415,253970085,20130415,SYRIA,SYR,TURKISH,TUR,190,재래식 군사력 사용,19,4,-10.0,40,4,40,0.970112554308088,"Latakia, Al Ladhiqiyah, Syria",SY,http://www.iol.co.za/news/world/syrian-warplanes-pound-damascus-1.1500697
20130415,253970162,20130415,SYRIA,SYR,JORDANIAN,JOR,193,소형무기·경무기를 이용한 전투,19,4,-10.0,1,1,1,0.0,"Moscow, Moskva, Russia",RS,BBC Monitoring
20130415,253970163,20130415,SYRIA,SYR,JORDANIAN,JOR,193,소형무기·경무기를 이용한 전투,19,4,-10.0,1,1,1,0.0,"Moscow, Moskva, Russia",RS,BBC Monitoring
20130415,253976529,20130415,YEMEN,YEM,IRAN,IRN,190,재래식 군사력 사용,19,4,-10.0,10,1,10,1.93637621023513,Israel,IS,http://www.upi.com/Top_News/Special/2013/04/15/Yemen-Trapped-between-Iran-Saudi-Arabia/UPI-11751366051113/?spt=hs&or=tn
20130416,253983363,20130416,BAHRAIN,BHR,DAMASCUS,SYR,193,소형무기·경무기를 이용한 전투,19,4,-10.0,5,1,5,1.76991150442478,"Damascus, Dimashq, Syria",SY,http://www.bna.bh/portal/en/news/556570
20130416,253988339,20130416,EGYPT,EGY,ISRAEL,ISR,190,재래식 군사력 사용,19,4,-10.0,3,1,3,1.53846153846154,"Suez Canal, As Suways, Egypt",EG,http://www.google.com/hostednews/afp/article/ALeqM5hEasfjpxroiZBJzpGu8S1afiNcMg?docId=CNG.a52daaf141c5a21babf1904f722bbea3.521
20130416,253988340,20130416,EGYPTIAN,EGY,ISRAEL,ISR,190,재래식 군사력 사용,19,4,-10.0,2,1,2,1.90641247833622,"Gaza, Israel (general), Israel",IS,http://www.reuters.com/article/2013/04/16/us-palestinians-israel-herbs-idUSBRE93C03Q20130416?feedType=RSS&feedName=worldNews
20130416,253988370,20130416,EGYPTIAN,EGY,HAMAS,PSE,190,재래식 군사력 사용,19,4,-10.0,2,1,2,1.90641247833622,"Kerem Shalom, HaDarom, Israel",IS,http://www.reuters.com/article/2013/04/16/us-palestinians-israel-herbs-idUSBRE93C03Q20130416?feedType=RSS&feedName=worldNews
20130416,253988371,20130416,EGYPTIAN,EGY,HAMAS,PSE,190,재래식 군사력 사용,19,4,-10.0,6,1,6,1.90641247833622,"Gaza, Israel (general), Israel",IS,http://www.reuters.com/article/2013/04/16/us-palestinians-israel-herbs-idUSBRE93C03Q20130416?feedType=RSS&feedName=worldNews
20130416,253988378,20130416,CAIRO,EGY,DAMASCUS,SYR,193,소형무기·경무기를 이용한 전투,19,4,-10.0,6,1,6,1.76991150442478,"Damascus, Dimashq, Syria",SY,http://www.bna.bh/portal/en/news/556570
20130416,253988379,20130416,CAIRO,EGY,DAMASCUS,SYR,193,소형무기·경무기를 이용한 전투,19,4,-10.0,4,1,4,1.76991150442478,"Damascus, Dimashq, Syria",SY,http://www.bna.bh/portal/en/news/556570
20130416,253993530,20130416,IRAN,IRN,ISRAEL,ISR,190,재래식 군사력 사용,19,4,-10.0,10,1,10,0.0,"Shiraz, Fars, Iran",IR,"http://www.ynetnews.com/articles/0,7340,L-4368433,00.html"
20130416,253993531,20130416,IRANIAN,IRN,ISRAELI,ISR,195,공중무기 사용,19,4,-10.0,3,1,3,2.14424951267056,"Tehran, Tehran, Iran",IR,http://www.upi.com/Top_News/Analysis/Outside-View/2013/04/16/Outside-View-Iran-plays-North-Korean-card-in-nuclear-poker-game/UPI-45251366085400/
20130416,253993532,20130416,IRANIAN,IRN,ISRAEL,ISR,195,공중무기 사용,19,4,-10.0,4,1,4,2.14424951267056,Syria,SY,http://www.upi.com/Top_News/Analysis/Outside-View/2013/04/16/Outside-View-Iran-plays-North-Korean-card-in-nuclear-poker-game/UPI-45251366085400/
20130416,253993864,20130416,IRAQ,IRQ,IRANIAN,IRN,194,포병·전차를 이용한 전투,19,4,-10.0,10,1,10,0.0,Russia,RS,BBC Monitoring
20130416,253994001,20130416,ISRAEL,ISR,EGYPTIAN,EGY,190,재래식 군사력 사용,19,4,-10.0,2,1,2,1.90641247833622,"Gaza, Israel (general), Israel",IS,http://www.reuters.com/article/2013/04/16/us-palestinians-israel-herbs-idUSBRE93C03Q20130416?feedType=RSS&feedName=worldNews
20130416,253994002,20130416,ISRAEL,ISR,EGYPT,EGY,190,재래식 군사력 사용,19,4,-10.0,3,1,3,1.53846153846154,"Cairo, Al Qahirah, Egypt",EG,http://www.google.com/hostednews/afp/article/ALeqM5hEasfjpxroiZBJzpGu8S1afiNcMg?docId=CNG.a52daaf141c5a21babf1904f722bbea3.521
20130416,253994056,20130416,ISRAEL,ISR,IRAN,IRN,154,군 병력 동원·증강,15,4,-7.2,16,1,16,1.25544371226141,"Herzliya, Tel Aviv, Israel",IS,http://www.jpost.com/Defense/Yaalon-Israel-may-have-to-defend-itself-from-Iran-alone-309988
20130416,253994057,20130416,ISRAELI,ISR,IRAN,IRN,163,금수·보이콧·제재 부과,16,4,-8.0,2,1,2,2.11640211640212,"Tehran, Tehran, Iran",IR,http://www.thenews.com.pk/Todays-News-1-171808-Sanctions-on-Iran-not--enough:-Netanyahu
20130416,253994058,20130416,JERUSALEM,ISR,IRAN,IRN,163,금수·보이콧·제재 부과,16,4,-8.0,6,1,6,1.89274447949527,"Tehran, Tehran, Iran",IR,http://timesofindia.indiatimes.com/world/middle-east/Sanctions-on-Iran-may-not-be-enough-Israeli-PM-Netanyahu/articleshow/19587321.cms
20130416,253994059,20130416,JERUSALEM,ISR,IRAN,IRN,163,금수·보이콧·제재 부과,16,4,-8.0,2,1,2,1.89274447949527,"Jerusalem, Israel (general), Israel",IS,http://timesofindia.indiatimes.com/world/middle-east/Sanctions-on-Iran-may-not-be-enough-Israeli-PM-Netanyahu/articleshow/19587321.cms
20130416,253994060,20130416,ISRAEL,ISR,IRAN,IRN,163,금수·보이콧·제재 부과,16,4,-8.0,2,1,2,1.89274447949527,"Tehran, Tehran, Iran",IR,http://timesofindia.indiatimes.com/world/middle-east/Sanctions-on-Iran-may-not-be-enough-Israeli-PM-Netanyahu/articleshow/19587321.cms
20130416,253994061,20130416,ISRAEL,ISR,IRAN,IRN,190,재래식 군사력 사용,19,4,-10.0,5,1,5,1.70212765957447,"Golan Heights, Syria (general), Syria",SY,http://www.google.com/hostednews/afp/article/ALeqM5hFNdzWsbuNG2KvmKo48o96_6JhpA?docId=CNG.220f926a78312bd65dbe55cf47d727e3.1f1
20130416,253994062,20130416,ISRAEL,ISR,IRAN,IRN,190,재래식 군사력 사용,19,4,-10.0,8,1,8,2.42165242165242,"Tel Aviv, Tel Aviv, Israel",IS,http://www.dailystar.com.lb/News/Middle-East/2013/Apr-16/213920-israel-capable-of-attacking-iran-on-own-army-chief.ashx
20130416,253994063,20130416,ISRAEL,ISR,IRAN,IRN,190,재래식 군사력 사용,19,4,-10.0,2,1,2,2.42165242165242,United States,US,http://www.dailystar.com.lb/News/Middle-East/2013/Apr-16/213920-israel-capable-of-attacking-iran-on-own-army-chief.ashx
20130416,253994067,20130416,ISRAEL,ISR,IRANIAN,IRN,138,군사력 사용 위협,13,3,-7.0,4,1,4,0.983606557377049,"Herzliya, Tel Aviv, Israel",IS,http://www.jpost.com/Defense/Article.aspx?ID=309988&R=R1
20130416,253994068,20130416,ISRAEL,ISR,IRAN,IRN,138,군사력 사용 위협,13,3,-7.0,2,1,2,0.983606557377049,"Tehran, Tehran, Iran",IR,http://www.jpost.com/Defense/Article.aspx?ID=309988&R=R1
20130416,253994173,20130416,ISRAEL,ISR,GAZA,PSE,190,재래식 군사력 사용,19,4,-10.0,24,1,24,0.0,"Gaza, Israel (general), Israel",IS,http://www.newsday.com/israel-ends-airstrike-case-palestinians-critical-1.5070594
20130416,253994174,20130416,ISRAEL,ISR,PALESTINIAN,PSE,190,재래식 군사력 사용,19,4,-10.0,4,1,4,1.15384615384615,Israel,IS,http://www.google.com/hostednews/afp/article/ALeqM5jamwmfEAdupp-Hs9MoNP9HYuTycQ?docId=CNG.c77762a22eb623db3fd3e431ba825491.401
20130416,253994175,20130416,ISRAEL,ISR,GAZA,PSE,192,영토 점령,19,4,-9.5,2,1,2,3.87205387205387,"Jerusalem, Israel (general), Israel",IS,http://www.newsday.com/israel-at-65-success-still-plagued-by-uncertainty-1.5070977
20130416,253994176,20130416,ISRAELI,ISR,PALESTINIAN,PSE,193,소형무기·경무기를 이용한 전투,19,4,-10.0,6,2,4,1.08119944142849,Israel,IS,http://www.google.com/hostednews/afp/article/ALeqM5hWqbTXwNw4k1uULm9A3HyiwFM8nw?docId=CNG.a84bb8684e861a462231f788c2129fc6.5c1
20130416,253994177,20130416,ISRAEL,ISR,GAZA,PSE,194,포병·전차를 이용한 전투,19,4,-10.0,10,1,10,1.15384615384615,Gaza Strip,GZ,http://www.google.com/hostednews/afp/article/ALeqM5jamwmfEAdupp-Hs9MoNP9HYuTycQ?docId=CNG.c77762a22eb623db3fd3e431ba825491.401
20130416,253994182,20130416,ISRAEL,ISR,PALESTINIAN,PSE,190,재래식 군사력 사용,19,4,-10.0,2,1,2,1.15384615384615,Israel,IS,http://www.google.com/hostednews/afp/article/ALeqM5jamwmfEAdupp-Hs9MoNP9HYuTycQ?docId=CNG.c77762a22eb623db3fd3e431ba825491.401
20130416,253994189,20130416,ISRAELI,ISR,SYRIA,SYR,138,군사력 사용 위협,13,3,-7.0,1,1,1,2.42165242165242,"Tel Aviv, Tel Aviv, Israel",IS,http://www.dailystar.com.lb/News/Middle-East/2013/Apr-16/213920-israel-capable-of-attacking-iran-on-own-army-chief.ashx
20130416,253994190,20130416,ISRAELI,ISR,SYRIA,SYR,138,군사력 사용 위협,13,3,-7.0,1,1,1,1.70212765957447,"Tehran, Tehran, Iran",IR,http://www.google.com/hostednews/afp/article/ALeqM5hFNdzWsbuNG2KvmKo48o96_6JhpA?docId=CNG.220f926a78312bd65dbe55cf47d727e3.1f1
20130416,253994191,20130416,ISRAELI,ISR,SYRIA,SYR,138,군사력 사용 위협,13,3,-7.0,1,1,1,2.42165242165242,"Tehran, Tehran, Iran",IR,http://www.dailystar.com.lb/News/Middle-East/2013/Apr-16/213920-israel-capable-of-attacking-iran-on-own-army-chief.ashx
20130416,253994192,20130416,ISRAEL,ISR,SYRIAN,SYR,138,군사력 사용 위협,13,3,-7.0,2,1,2,1.70454545454545,"Jerusalem, Israel (general), Israel",IS,"http://www.ynetnews.com/articles/0,7340,L-4368399,00.html"
20130416,253994193,20130416,ISRAELI,ISR,SYRIA,SYR,138,군사력 사용 위협,13,3,-7.0,1,1,1,1.70212765957447,"Tehran, Tehran, Iran",IR,http://www.google.com/hostednews/afp/article/ALeqM5hFNdzWsbuNG2KvmKo48o96_6JhpA?docId=CNG.220f926a78312bd65dbe55cf47d727e3.1f1
20130416,253994228,20130416,ISRAELI,ISR,PALESTINIAN,PSE,190,재래식 군사력 사용,19,4,-10.0,16,6,16,2.0098849723268,"Gaza, Israel (general), Israel",IS,http://www.reuters.com/article/2013/04/16/us-israel-palestinians-prison-idUSBRE93F0O920130416?feedType=RSS&feedName=worldNews
20130416,253994311,20130416,ISRAELI,ISR,SYRIA,SYR,138,군사력 사용 위협,13,3,-7.0,7,2,7,2.11328466647616,"Tel Aviv, Tel Aviv, Israel",IS,http://www.google.com/hostednews/afp/article/ALeqM5hFNdzWsbuNG2KvmKo48o96_6JhpA?docId=CNG.220f926a78312bd65dbe55cf47d727e3.1f1
20130416,253994312,20130416,ISRAEL,ISR,SYRIA,SYR,138,군사력 사용 위협,13,3,-7.0,1,1,1,1.70212765957447,"Tehran, Tehran, Iran",IR,http://www.google.com/hostednews/afp/article/ALeqM5hFNdzWsbuNG2KvmKo48o96_6JhpA?docId=CNG.220f926a78312bd65dbe55cf47d727e3.1f1
20130416,253994313,20130416,ISRAEL,ISR,SYRIA,SYR,138,군사력 사용 위협,13,3,-7.0,1,1,1,2.42165242165242,"Tehran, Tehran, Iran",IR,http://www.dailystar.com.lb/News/Middle-East/2013/Apr-16/213920-israel-capable-of-attacking-iran-on-own-army-chief.ashx
20130416,253994314,20130416,ISRAEL,ISR,SYRIA,SYR,138,군사력 사용 위협,13,3,-7.0,1,1,1,1.70212765957447,"Tehran, Tehran, Iran",IR,http://www.google.com/hostednews/afp/article/ALeqM5hFNdzWsbuNG2KvmKo48o96_6JhpA?docId=CNG.220f926a78312bd65dbe55cf47d727e3.1f1
20130416,253994319,20130416,ISRAEL,ISR,GAZA,PSE,194,포병·전차를 이용한 전투,19,4,-10.0,4,1,4,1.15384615384615,Gaza Strip,GZ,http://www.google.com/hostednews/afp/article/ALeqM5jamwmfEAdupp-Hs9MoNP9HYuTycQ?docId=CNG.c77762a22eb623db3fd3e431ba825491.401
20130416,253994594,20130416,HASSAN,JOR,IRAN,IRN,163,금수·보이콧·제재 부과,16,4,-8.0,7,1,7,0.0,Russia,RS,BBC Monitoring
20130416,253994595,20130416,HASSAN,JOR,IRAN,IRN,163,금수·보이콧·제재 부과,16,4,-8.0,8,1,8,0.0,Russia,RS,BBC Monitoring
20130416,253996370,20130416,BEIRUT,LBN,SYRIA,SYR,190,재래식 군사력 사용,19,4,-10.0,2,1,2,0.8,"Hamidiya, Tartus, Syria",SY,http://ca.reuters.com/article/topNews/idCABRE93F0IE20130416
20130416,253996371,20130416,BEIRUT,LBN,SYRIA,SYR,190,재래식 군사력 사용,19,4,-10.0,1,1,1,0.87463556851312,"Aleppo, ?alab, Syria",SY,http://news.yahoo.com/rebels-push-assads-army-away-vital-north-syria-121808652.html
20130416,253996372,20130416,BEIRUT,LBN,SYRIA,SYR,190,재래식 군사력 사용,19,4,-10.0,1,1,1,0.87463556851312,"Idlib, Idlib, Syria",SY,http://news.yahoo.com/rebels-push-assads-army-away-vital-north-syria-121808652.html
20130416,253996373,20130416,BEIRUT,LBN,SYRIA,SYR,190,재래식 군사력 사용,19,4,-10.0,4,1,4,1.21012101210121,"Hamidiya, Tartus, Syria",SY,http://www.dailystar.com.lb/News/Middle-East/2013/Apr-16/213935-rebels-push-assads-army-away-from-vital-north-syria-highway.ashx
20130416,253996374,20130416,BEIRUT,LBN,SYRIA,SYR,190,재래식 군사력 사용,19,4,-10.0,1,1,1,1.21012101210121,"Hamidiya, Tartus, Syria",SY,http://www.dailystar.com.lb/News/Middle-East/2013/Apr-16/213935-rebels-push-assads-army-away-from-vital-north-syria-highway.ashx
20130416,253996375,20130416,LEBANON,LBN,SYRIA,SYR,190,재래식 군사력 사용,19,4,-10.0,6,1,6,1.44927536231884,Syria,SY,http://www.dailystar.com.lb/News/Local-News/2013/Apr-17/214009-string-of-unrelated-attacks-on-syrians-leaves-one-dead.ashx
20130416,253996376,20130416,LEBANON,LBN,SYRIAN,SYR,190,재래식 군사력 사용,19,4,-10.0,1,1,1,3.61794500723589,Northern Mariana Islands,CQ,http://www.dailystar.com.lb/News/Local-News/2013/Apr-17/214007-french-ambassador-urges-lebanese-unity.ashx
20130416,253996377,20130416,LEBANON,LBN,SYRIAN,SYR,190,재래식 군사력 사용,19,4,-10.0,7,1,7,3.61794500723589,Syria,SY,http://www.dailystar.com.lb/News/Local-News/2013/Apr-17/214007-french-ambassador-urges-lebanese-unity.ashx
20130416,253996378,20130416,LEBANESE,LBN,SYRIA,SYR,190,재래식 군사력 사용,19,4,-10.0,2,1,2,0.0,Russia,RS,BBC Monitoring
20130416,253996379,20130416,LEBANON,LBN,SYRIA,SYR,190,재래식 군사력 사용,19,4,-10.0,10,1,8,1.44927536231884,Syria,SY,http://www.dailystar.com.lb/News/Local-News/2013/Apr-17/214009-string-of-unrelated-attacks-on-syrians-leaves-one-dead.ashx
20130416,253996380,20130416,LEBANESE,LBN,SYRIA,SYR,194,포병·전차를 이용한 전투,19,4,-10.0,8,1,8,1.80032733224223,"Darayya, Liban-Nord, Lebanon",LE,http://www.startribune.com/world/203189391.html
20130416,253996381,20130416,LEBANESE,LBN,SYRIA,SYR,194,포병·전차를 이용한 전투,19,4,-10.0,8,1,8,1.61054172767204,"Darayya, Liban-Nord, Lebanon",LE,http://www.google.com/hostednews/ap/article/ALeqM5io2zacv1lOFQBjQO91mUW9980JEQ?docId=2b8d0249e12c435988a0f0842a4d592d
20130416,253996382,20130416,LEBANESE,LBN,SYRIA,SYR,194,포병·전차를 이용한 전투,19,4,-10.0,4,2,4,1.70543452995713,"Darayya, Liban-Nord, Lebanon",LE,http://www.google.com/hostednews/ap/article/ALeqM5io2zacv1lOFQBjQO91mUW9980JEQ?docId=2b8d0249e12c435988a0f0842a4d592d
20130416,253996383,20130416,LEBANON,LBN,SYRIAN,SYR,194,포병·전차를 이용한 전투,19,4,-10.0,6,1,6,0.0,Russia,RS,BBC Monitoring
20130416,253996391,20130416,LEBANESE,LBN,TURKISH,TUR,190,재래식 군사력 사용,19,4,-10.0,4,1,4,0.0,Russia,RS,BBC Monitoring
20130416,253996392,20130416,LEBANESE,LBN,TURKISH,TUR,190,재래식 군사력 사용,19,4,-10.0,3,1,3,0.0,Russia,RS,BBC Monitoring
20130416,254001079,20130416,PALESTINIAN,PSE,ISRAEL,ISR,190,재래식 군사력 사용,19,4,-10.0,4,1,4,1.15384615384615,Israel,IS,http://www.google.com/hostednews/afp/article/ALeqM5jamwmfEAdupp-Hs9MoNP9HYuTycQ?docId=CNG.c77762a22eb623db3fd3e431ba825491.401
20130416,254001080,20130416,GAZA,PSE,ISRAEL,ISR,192,영토 점령,19,4,-9.5,1,1,1,3.87205387205387,"Jerusalem, Israel (general), Israel",IS,http://www.newsday.com/israel-at-65-success-still-plagued-by-uncertainty-1.5070977
20130416,254001081,20130416,GAZA,PSE,ISRAEL,ISR,192,영토 점령,19,4,-9.5,1,1,1,3.87205387205387,"Jerusalem, Israel (general), Israel",IS,http://www.newsday.com/israel-at-65-success-still-plagued-by-uncertainty-1.5070977
20130416,254001082,20130416,GAZA,PSE,ISRAEL,ISR,192,영토 점령,19,4,-9.5,1,1,1,3.87205387205387,"Jerusalem, Israel (general), Israel",IS,http://www.newsday.com/israel-at-65-success-still-plagued-by-uncertainty-1.5070977
20130416,254001083,20130416,WEST BANK,PSE,ISRAEL,ISR,192,영토 점령,19,4,-9.5,10,1,10,2.97709923664122,"Gaza, Israel (general), Israel",IS,http://www.bbc.co.uk/news/world-middle-east-22168697#sa-ns_mchannel=rss&ns_source=PublicRSS20-sa
20130416,254001122,20130416,HAMAS,PSE,EGYPTIAN,EGY,190,재래식 군사력 사용,19,4,-10.0,3,1,3,1.90641247833622,"Kerem Shalom, HaDarom, Israel",IS,http://www.reuters.com/article/2013/04/16/us-palestinians-israel-herbs-idUSBRE93C03Q20130416?feedType=RSS&feedName=worldNews
20130416,254001123,20130416,HAMAS,PSE,EGYPTIAN,EGY,190,재래식 군사력 사용,19,4,-10.0,2,1,2,1.90641247833622,"Kerem Shalom, HaDarom, Israel",IS,http://www.reuters.com/article/2013/04/16/us-palestinians-israel-herbs-idUSBRE93C03Q20130416?feedType=RSS&feedName=worldNews
20130416,254001124,20130416,HAMAS,PSE,EGYPTIAN,EGY,190,재래식 군사력 사용,19,4,-10.0,3,1,3,1.90641247833622,"Gaza, Israel (general), Israel",IS,http://www.reuters.com/article/2013/04/16/us-palestinians-israel-herbs-idUSBRE93C03Q20130416?feedType=RSS&feedName=worldNews
20130416,254001129,20130416,PALESTINIAN,PSE,ISRAELI,ISR,190,재래식 군사력 사용,19,4,-10.0,16,6,16,2.0098849723268,"Gaza, Israel (general), Israel",IS,http://www.reuters.com/article/2013/04/16/us-israel-palestinians-prison-idUSBRE93F0O920130416?feedType=RSS&feedName=worldNews
20130416,254001134,20130416,PALESTINIAN,PSE,ISRAEL,ISR,190,재래식 군사력 사용,19,4,-10.0,2,1,2,1.15384615384615,Israel,IS,http://www.google.com/hostednews/afp/article/ALeqM5jamwmfEAdupp-Hs9MoNP9HYuTycQ?docId=CNG.c77762a22eb623db3fd3e431ba825491.401
20130416,254002698,20130416,SYRIA,SYR,ISRAELI,ISR,193,소형무기·경무기를 이용한 전투,19,4,-10.0,6,2,6,2.06189004061345,"Golan Heights, Syria (general), Syria",SY,http://www.google.com/hostednews/afp/article/ALeqM5hFNdzWsbuNG2KvmKo48o96_6JhpA?docId=CNG.220f926a78312bd65dbe55cf47d727e3.1f1
20130416,254002724,20130416,SYRIA,SYR,BEIRUT,LBN,190,재래식 군사력 사용,19,4,-10.0,4,2,4,0.83731778425656,"Aleppo, ?alab, Syria",SY,http://news.yahoo.com/rebels-push-assads-army-away-vital-north-syria-121808652.html
20130416,254002725,20130416,SYRIA,SYR,BEIRUT,LBN,190,재래식 군사력 사용,19,4,-10.0,5,1,5,1.21012101210121,"Aleppo, ?alab, Syria",SY,http://www.dailystar.com.lb/News/Middle-East/2013/Apr-16/213935-rebels-push-assads-army-away-from-vital-north-syria-highway.ashx
20130416,254002726,20130416,SYRIAN,SYR,LEBANESE,LBN,190,재래식 군사력 사용,19,4,-10.0,2,1,2,0.0,Russia,RS,BBC Monitoring
20130416,254002727,20130416,SYRIAN,SYR,LEBANON,LBN,193,소형무기·경무기를 이용한 전투,19,4,-10.0,20,2,20,3.17999827174007,"Damascus, Dimashq, Syria",SY,http://www.google.com/hostednews/afp/article/ALeqM5gYonCoj61XcHciNA6W-ST_i5dIzA?docId=CNG.220f926a78312bd65dbe55cf47d727e3.101
20130416,254002728,20130416,SYRIAN,SYR,LEBANON,LBN,193,소형무기·경무기를 이용한 전투,19,4,-10.0,6,1,6,1.68711656441718,"Damascus, Dimashq, Syria",SY,http://www.google.com/hostednews/afp/article/ALeqM5iu7M3nCs4PGp9AuJLidQnOZxjghA?docId=CNG.220f926a78312bd65dbe55cf47d727e3.11
20130416,254002729,20130416,SYRIAN,SYR,LEBANESE,LBN,193,소형무기·경무기를 이용한 전투,19,4,-10.0,4,1,4,1.68711656441718,Lebanon,LE,http://www.google.com/hostednews/afp/article/ALeqM5iu7M3nCs4PGp9AuJLidQnOZxjghA?docId=CNG.220f926a78312bd65dbe55cf47d727e3.11
20130416,254002730,20130416,SYRIAN,SYR,LEBANON,LBN,193,소형무기·경무기를 이용한 전투,19,4,-10.0,4,1,4,0.0,Russia,RS,BBC Monitoring
20130416,254002758,20130416,SYRIAN,SYR,AL JAZEERA,QAT,190,재래식 군사력 사용,19,4,-10.0,20,1,20,1.01781170483461,Syria,SY,http://arstechnica.com/information-technology/2013/04/syrian-electronic-army-hacks-npr-publishing-system-edits-articles/
20130416,254003248,20130416,TURKEY,TUR,IRAQ,IRQ,194,포병·전차를 이용한 전투,19,4,-10.0,10,1,10,0.0,Russia,RS,BBC Monitoring
20130416,254003260,20130416,TURKISH,TUR,LEBANESE,LBN,190,재래식 군사력 사용,19,4,-10.0,4,1,4,0.0,Russia,RS,BBC Monitoring
20130416,254003310,20130416,TURKEY,TUR,SYRIA,SYR,192,영토 점령,19,4,-9.5,2,1,2,2.81481481481481,"Aleppo, ?alab, Syria",SY,http://lens.blogs.nytimes.com/2013/04/15/photographs-of-syria-sweep-pulitzer-prizes/?partner=rss&emc=rss
20130416,254003311,20130416,TURKEY,TUR,SYRIA,SYR,192,영토 점령,19,4,-9.5,6,1,6,2.81481481481481,Turkey,TU,http://lens.blogs.nytimes.com/2013/04/15/photographs-of-syria-sweep-pulitzer-prizes/?partner=rss&emc=rss
20130416,254003312,20130416,TURKEY,TUR,SYRIA,SYR,192,영토 점령,19,4,-9.5,2,1,2,2.81481481481481,Turkey,TU,http://lens.blogs.nytimes.com/2013/04/15/photographs-of-syria-sweep-pulitzer-prizes/?partner=rss&emc=rss
20130416,254003354,20130416,TURKISH,TUR,LEBANESE,LBN,190,재래식 군사력 사용,19,4,-10.0,3,1,3,0.0,Russia,RS,BBC Monitoring
20130417,254009883,20130410,LEBANON,LBN,SYRIA,SYR,190,재래식 군사력 사용,19,4,-10.0,2,1,2,0.0,"Hudur, Bakool, Somalia",SO,BBC Monitoring
20130417,254010256,20130416,EGYPT,EGY,ISRAEL,ISR,194,포병·전차를 이용한 전투,19,4,-10.0,3,1,3,1.56862745098039,"Eilat, HaDarom, Israel",IS,http://www.shanghaidaily.com/nsp/World/2013/04/18/Rockets%2Bfrom%2BEgypt%2Bstrike%2BIsraeli%2Bresort/
20130417,254021041,20130417,SINAI,EGY,ISRAEL,ISR,154,군 병력 동원·증강,15,4,-7.2,2,1,2,0.157728706624606,"Eilat, HaDarom, Israel",IS,http://www.channelnewsasia.com/news/world/jihadists-claim-sinai-roc/641440.html
20130417,254021044,20130417,SINAI,EGY,ISRAEL,ISR,194,포병·전차를 이용한 전투,19,4,-10.0,20,1,20,0.336322869955157,"Red Sea, Djibouti (general), Djibouti",DJ,http://www.jpost.com/NationalNews/Article.aspx?id=310043&R=R2
20130417,254021045,20130417,SINAI,EGY,ISRAEL,ISR,194,포병·전차를 이용한 전투,19,4,-10.0,46,3,44,0.87365455858512,"Eilat, HaDarom, Israel",IS,http://www.channelnewsasia.com/news/world/jihadists-claim-sinai-roc/641440.html
20130417,254021046,20130417,SINAI,EGY,ISRAEL,ISR,194,포병·전차를 이용한 전투,19,4,-10.0,2,1,2,0.157728706624606,"Gulf Of Aqaba, Jordan (general), Jordan",JO,http://www.channelnewsasia.com/news/world/jihadists-claim-sinai-roc/641440.html
20130417,254021047,20130417,SINAI,EGY,ISRAEL,ISR,194,포병·전차를 이용한 전투,19,4,-10.0,2,1,2,0.157728706624606,"Eilat, HaDarom, Israel",IS,http://www.channelnewsasia.com/news/world/jihadists-claim-sinai-roc/641440.html
20130417,254021048,20130417,EGYPT,EGY,ISRAELI,ISR,194,포병·전차를 이용한 전투,19,4,-10.0,68,4,68,1.87902338977682,"Gaza, Israel (general), Israel",IS,http://www.csmonitor.com/World/terrorism-security/2013/0417/Rockets-fired-from-Egypt-slam-into-Israeli-resort-town?utm_source=feedburner&utm_medium=feed&utm_campaign=Feed%3A+feeds%2Fworld+%28Christian+Science+Monitor+%7C+World%29
20130417,254021049,20130417,SINAI,EGY,ISRAEL,ISR,194,포병·전차를 이용한 전투,19,4,-10.0,20,2,20,0.77092511013216,"Aqaba, Al Aqabah, Jordan",JO,http://www.jpost.com/Headlines/Article.aspx?id=310060&R=R101
20130417,254021050,20130417,SINAI,EGY,ISRAEL,ISR,194,포병·전차를 이용한 전투,19,4,-10.0,1,1,1,0.157728706624606,Saudi Arabia,SA,http://www.channelnewsasia.com/news/world/jihadists-claim-sinai-roc/641440.html
20130417,254021051,20130417,EGYPT,EGY,ISRAELI,ISR,194,포병·전차를 이용한 전투,19,4,-10.0,10,1,10,0.0,"Eilat, HaDarom, Israel",IS,"http://www.ynetnews.com/articles/0,7340,L-4368963,00.html"
20130417,254021052,20130417,EGYPT,EGY,ISRAELI,ISR,194,포병·전차를 이용한 전투,19,4,-10.0,16,1,16,2.03761755485893,Jordan,JO,http://www.csmonitor.com/World/terrorism-security/2013/0417/Rockets-fired-from-Egypt-slam-into-Israeli-resort-town?utm_source=feedburner&utm_medium=feed&utm_campaign=Feed%3A+feeds%2Fworld+%28Christian+Science+Monitor+%7C+World%29
20130417,254021073,20130417,SINAI PENINSULA,EGY,JORDAN,JOR,194,포병·전차를 이용한 전투,19,4,-10.0,1,1,1,0.33003300330033,"Eilat, HaDarom, Israel",IS,http://www.haaretz.com/news/diplomacy-defense/eilat-airport-reopened-after-two-rockets-hit-city-no-casualties-reported-1.515896?localLinksEnabled=false
20130417,254021147,20130417,NASSER,EGY,ISRAELI,ISR,138,군사력 사용 위협,13,3,-7.0,2,1,2,1.417004048583,"Gaza, Israel (general), Israel",IS,http://www.amnestyusa.org/news/news-item/israel-s-military-investigations-into-gaza-conflict-violations-strengthen-impunity
20130417,254021148,20130417,NASSER,EGY,ISRAEL,ISR,190,재래식 군사력 사용,19,4,-10.0,2,1,2,1.417004048583,"Gaza, Israel (general), Israel",IS,http://www.amnestyusa.org/news/news-item/israel-s-military-investigations-into-gaza-conflict-violations-strengthen-impunity
20130417,254021175,20130417,SINAI,EGY,ISRAEL,ISR,194,포병·전차를 이용한 전투,19,4,-10.0,10,1,10,0.78125,"Eilat, HaDarom, Israel",IS,http://www.panarmenian.net/eng/news/154595/
20130417,254026935,20130417,IRAN,IRN,IRAQ,IRQ,190,재래식 군사력 사용,19,4,-10.0,2,1,2,1.14155251141552,"Tehran, Tehran, Iran",IR,http://www.google.com/hostednews/afp/article/ALeqM5izNis3ciqjZDisSCpsfrhENy9m_g?docId=CNG.01b5060384166241d30339769cd1be4a.1d1
20130417,254026936,20130417,IRAN,IRN,IRAQ,IRQ,190,재래식 군사력 사용,19,4,-10.0,1,1,1,1.14155251141552,"Tehran, Tehran, Iran",IR,http://www.google.com/hostednews/afp/article/ALeqM5izNis3ciqjZDisSCpsfrhENy9m_g?docId=CNG.01b5060384166241d30339769cd1be4a.1d1
20130417,254027038,20130417,IRAN,IRN,SYRIAN,SYR,195,공중무기 사용,19,4,-10.0,10,1,10,0.0,"Hiiraan, Hiiraan, Somalia",SO,BBC Monitoring
20130417,254027493,20130417,ISRAEL,ISR,EGYPT,EGY,194,포병·전차를 이용한 전투,19,4,-10.0,3,1,3,0.581395348837209,"Cairo, Al Qahirah, Egypt",EG,http://www.washingtonpost.com/world/middle_east/two-rockets-fired-across-egyptian-border-at-israeli-resort-city/2013/04/17/ae4f0566-a74c-11e2-b029-8fb7e977ef71_story.html
20130417,254027494,20130417,JERUSALEM,ISR,EGYPT,EGY,194,포병·전차를 이용한 전투,19,4,-10.0,3,3,3,2.08960287226749,"Gulf Of Aqaba, Israel (general), Israel",IS,http://www.reuters.com/article/2013/04/17/us-israel-explosions-idUSBRE93G07220130417?feedType=RSS&feedName=topNews
20130417,254027495,20130417,JERUSALEM,ISR,EGYPT,EGY,194,포병·전차를 이용한 전투,19,4,-10.0,4,1,4,0.0,"Eilat, HaDarom, Israel",IS,http://www.thefinancialexpress-bd.com/index.php?ref=MjBfMDRfMThfMTNfMV8xN18xNjY3NzQ%3D&utm_source=feedburner&utm_medium=feed&utm_campaign=Feed%3A+thefinancialexpress-bd%2FIouH+%28The+Financial+Express%29
20130417,254027496,20130417,JERUSALEM,ISR,EGYPT,EGY,194,포병·전차를 이용한 전투,19,4,-10.0,6,1,6,0.581395348837209,"Cairo, Al Qahirah, Egypt",EG,http://www.washingtonpost.com/world/middle_east/two-rockets-fired-across-egyptian-border-at-israeli-resort-city/2013/04/17/ae4f0566-a74c-11e2-b029-8fb7e977ef71_story.html
20130417,254027497,20130417,JERUSALEM,ISR,EGYPT,EGY,194,포병·전차를 이용한 전투,19,4,-10.0,40,8,40,1.01796242296902,"Eilat, HaDarom, Israel",IS,http://www.thefinancialexpress-bd.com/index.php?ref=MjBfMDRfMThfMTNfMV8xN18xNjY3NzQ%3D&utm_source=feedburner&utm_medium=feed&utm_campaign=Feed%3A+thefinancialexpress-bd%2FIouH+%28The+Financial+Express%29
20130417,254027498,20130417,ISRAEL,ISR,EGYPT,EGY,194,포병·전차를 이용한 전투,19,4,-10.0,2,1,2,0.829875518672199,"Eilat, HaDarom, Israel",IS,http://www.aljazeera.com/news/middleeast/2013/04/201341773725875254.html
20130417,254027499,20130417,ISRAEL,ISR,EGYPT,EGY,194,포병·전차를 이용한 전투,19,4,-10.0,2,1,2,0.829875518672199,Egypt,EG,http://www.aljazeera.com/news/middleeast/2013/04/201341773725875254.html
20130417,254027500,20130417,ISRAEL,ISR,SINAI,EGY,194,포병·전차를 이용한 전투,19,4,-10.0,30,1,30,0.581395348837209,Gaza Strip,GZ,http://www.washingtonpost.com/world/middle_east/two-rockets-fired-across-egyptian-border-at-israeli-resort-city/2013/04/17/ae4f0566-a74c-11e2-b029-8fb7e977ef71_story.html
20130417,254027501,20130417,JERUSALEM,ISR,EGYPT,EGY,194,포병·전차를 이용한 전투,19,4,-10.0,14,2,14,0.698743947955304,"Cairo, Al Qahirah, Egypt",EG,http://www.channelnewsasia.com/news/world/jihadists-claim-sinai-roc/641440.html
20130417,254027502,20130417,ISRAEL,ISR,EGYPT,EGY,194,포병·전차를 이용한 전투,19,4,-10.0,1,1,1,2.05128205128205,"Jerusalem, Israel (general), Israel",IS,http://in.reuters.com/article/2013/04/17/israel-explosions-idINDEE93G09M20130417?feedType=RSS&feedName=worldNews
20130417,254027503,20130417,JERUSALEM,ISR,EGYPT,EGY,194,포병·전차를 이용한 전투,19,4,-10.0,2,1,2,0.66006600660066,"Jerusalem, Israel (general), Israel",IS,http://www.philippinetimes.com/index.php/sid/213908379/scat/2411cd3571b4f088
20130417,254027504,20130417,ISRAEL,ISR,EGYPT,EGY,194,포병·전차를 이용한 전투,19,4,-10.0,2,1,2,0.66006600660066,"Jerusalem, Israel (general), Israel",IS,http://www.philippinetimes.com/index.php/sid/213908379/scat/2411cd3571b4f088
20130417,254027505,20130417,JERUSALEM,ISR,EGYPT,EGY,194,포병·전차를 이용한 전투,19,4,-10.0,6,1,6,0.66006600660066,Egypt,EG,http://www.philippinetimes.com/index.php/sid/213908379/scat/2411cd3571b4f088
20130417,254027506,20130417,ISRAEL,ISR,EGYPT,EGY,194,포병·전차를 이용한 전투,19,4,-10.0,10,2,10,2.01517226290038,"Eilat, HaDarom, Israel",IS,http://www.csmonitor.com/World/terrorism-security/2013/0417/Rockets-fired-from-Egypt-slam-into-Israeli-resort-town?utm_source=feedburner&utm_medium=feed&utm_campaign=Feed%3A+feeds%2Fworld+%28Christian+Science+Monitor+%7C+World%29
20130417,254027563,20130417,ISRAEL,ISR,IRAN,IRN,195,공중무기 사용,19,4,-10.0,4,1,4,1.76470588235294,"Jerusalem, Israel (general), Israel",IS,http://www.reuters.com/article/2013/04/17/us-israel-turkey-syria-idUSBRE93G0H320130417?feedType=RSS&feedName=worldNews
20130417,254027564,20130417,ISRAEL,ISR,IRAN,IRN,195,공중무기 사용,19,4,-10.0,2,1,2,2.03349282296651,"Jerusalem, Israel (general), Israel",IS,http://thestar.com.my/news/story.asp?file=/2013/4/17/worldupdates/israel-hopes-turk-deal-defuses-friendly-fire-risk-over-syria&sec=Worldupdates
20130417,254027565,20130417,JERUSALEM,ISR,IRAN,IRN,195,공중무기 사용,19,4,-10.0,12,2,12,1.85430152922413,"Hezbollah, Kerman, Iran",IR,http://www.reuters.com/article/2013/04/17/us-israel-turkey-syria-idUSBRE93G0H320130417?feedType=RSS&feedName=worldNews
20130417,254027620,20130417,ISRAELI,ISR,JORDAN,JOR,194,포병·전차를 이용한 전투,19,4,-10.0,2,1,2,0.862068965517241,"Eilat, HaDarom, Israel",IS,http://www.israelnationalnews.com/News/News.aspx/167221
20130417,254027625,20130417,ISRAEL,ISR,LEBANON,LBN,194,포병·전차를 이용한 전투,19,4,-10.0,6,1,6,1.85185185185185,"Gaza, Israel (general), Israel",IS,http://www.jpost.com/Opinion/Editorials/Article.aspx?id=310116&R=R6
20130417,254027626,20130417,ISRAEL,ISR,LEBANON,LBN,194,포병·전차를 이용한 전투,19,4,-10.0,24,1,24,1.85185185185185,"Gaza, Israel (general), Israel",IS,http://www.jpost.com/Opinion/Editorials/Article.aspx?id=310116&R=R6
20130417,254027695,20130417,ISRAEL,ISR,PALESTINIAN,PSE,190,재래식 군사력 사용,19,4,-10.0,10,1,10,1.65369649805447,"Gaza, Israel (general), Israel",IS,http://www.cnn.com/2013/04/17/world/meast/israel-gaza-strike-report/index.html?utm_source=feedburner&utm_medium=feed&utm_campaign=Feed%3A+rss%2Fcnn_latest+%28RSS%3A+Most+Recent%29
20130417,254027696,20130417,JERUSALEM,ISR,PALESTINIAN,PSE,195,공중무기 사용,19,4,-10.0,6,1,6,1.65369649805447,"Jerusalem, Israel (general), Israel",IS,http://www.cnn.com/2013/04/17/world/meast/israel-gaza-strike-report/index.html?utm_source=feedburner&utm_medium=feed&utm_campaign=Feed%3A+rss%2Fcnn_latest+%28RSS%3A+Most+Recent%29
20130417,254027704,20130417,ISRAELI,ISR,GAZA,PSE,194,포병·전차를 이용한 전투,19,4,-10.0,4,1,4,1.65369649805447,"Gaza, Israel (general), Israel",IS,http://www.cnn.com/2013/04/17/world/meast/israel-gaza-strike-report/index.html?utm_source=feedburner&utm_medium=feed&utm_campaign=Feed%3A+rss%2Fcnn_latest+%28RSS%3A+Most+Recent%29
20130417,254027729,20130417,JERUSALEM,ISR,DAMASCUS,SYR,195,공중무기 사용,19,4,-10.0,12,2,12,1.85430152922413,"Hezbollah, Kerman, Iran",IR,http://www.reuters.com/article/2013/04/17/us-israel-turkey-syria-idUSBRE93G0H320130417?feedType=RSS&feedName=worldNews
20130417,254027823,20130417,ISRAEL,ISR,NASSER,EGY,190,재래식 군사력 사용,19,4,-10.0,2,1,2,1.417004048583,"Gaza, Israel (general), Israel",IS,http://www.amnestyusa.org/news/news-item/israel-s-military-investigations-into-gaza-conflict-violations-strengthen-impunity
20130417,254027824,20130417,ISRAEL,ISR,NASSER,EGY,194,포병·전차를 이용한 전투,19,4,-10.0,2,1,2,1.417004048583,"Gaza, Israel (general), Israel",IS,http://www.amnestyusa.org/news/news-item/israel-s-military-investigations-into-gaza-conflict-violations-strengthen-impunity
20130417,254027841,20130417,ISRAEL,ISR,EGYPT,EGY,192,영토 점령,19,4,-9.5,2,1,2,0.0,"Eilat, HaDarom, Israel",IS,"http://www.ynetnews.com/articles/0,7340,L-4368834,00.html"
20130417,254027842,20130417,ISRAEL,ISR,EGYPT,EGY,192,영토 점령,19,4,-9.5,8,1,8,0.0,"Eilat, HaDarom, Israel",IS,"http://www.ynetnews.com/articles/0,7340,L-4368834,00.html"
20130417,254027843,20130417,ISRAEL,ISR,EGYPT,EGY,194,포병·전차를 이용한 전투,19,4,-10.0,3,1,3,0.862068965517241,Egypt,EG,http://english.ahram.org.eg/NewsContent/2/8/69442/World/Region/No-rockets-hit-Aqaba-Source-.aspx
20130417,254027926,20130417,ISRAELI,ISR,JORDANIAN,JOR,190,재래식 군사력 사용,19,4,-10.0,4,1,4,1.0752688172043,"Aqaba, Al Aqabah, Jordan",JO,http://www.israelnationalnews.com/News/News.aspx/167220
20130417,254027928,20130417,ISRAELI,ISR,SINAI,EGY,194,포병·전차를 이용한 전투,19,4,-10.0,18,3,18,0.704580881322685,"Eilat, HaDarom, Israel",IS,http://www.panarmenian.net/eng/news/154595/
20130417,254027929,20130417,ISRAEL,ISR,EGYPT,EGY,194,포병·전차를 이용한 전투,19,4,-10.0,6,1,6,0.574712643678161,"Eilat, HaDarom, Israel",IS,http://www.israelnationalnews.com/News/News.aspx/167221
20130417,254027930,20130417,ISRAEL,ISR,EGYPT,EGY,194,포병·전차를 이용한 전투,19,4,-10.0,14,1,14,0.369458128078818,Egypt,EG,http://www.israelnationalnews.com/News/News.aspx/167237
20130417,254027938,20130417,ISRAEL,ISR,JORDANIAN,JOR,194,포병·전차를 이용한 전투,19,4,-10.0,2,1,2,0.862068965517241,"Eilat, HaDarom, Israel",IS,http://english.ahram.org.eg/NewsContent/2/8/69442/World/Region/No-rockets-hit-Aqaba-Source-.aspx
20130417,254027939,20130417,ISRAEL,ISR,JORDANIAN,JOR,194,포병·전차를 이용한 전투,19,4,-10.0,98,5,98,1.05890944448748,"Aqaba, Al Aqabah, Jordan",JO,http://in.reuters.com/article/2013/04/17/israel-explosions-idINDEE93G04R20130417?feedType=RSS&feedName=worldNews
20130417,254027942,20130417,ISRAEL,ISR,PALESTINIAN,PSE,190,재래식 군사력 사용,19,4,-10.0,10,1,10,1.92539109506619,"Eilat, HaDarom, Israel",IS,http://news.yahoo.com/rockets-fired-egypt-slam-israeli-resort-town-193222174.html
20130417,254027953,20130417,ISRAEL,ISR,WEST BANK,PSE,1384,재래식 군사 공격 위협,13,3,-7.0,8,1,8,0.409836065573771,"Nablus, West Bank (general), West Bank",WE,http://www.haaretz.com/news/diplomacy-defense/palestinian-prisoner-released-in-shalit-deal-allegedly-plotted-terror-attack-in-west-bank.premium-1.516073?localLinksEnabled=false
20130417,254028258,20130417,JORDANIAN,JOR,SINAI,EGY,194,포병·전차를 이용한 전투,19,4,-10.0,10,1,10,0.286532951289398,"Eilat, HaDarom, Israel",IS,http://www.israelnationalnews.com/News/News.aspx/167215
20130417,254028349,20130417,JORDAN,JOR,SYRIA,SYR,154,군 병력 동원·증강,15,4,-7.2,2,1,2,1.70157068062827,United States,US,http://www.thenews.com.pk/article-97262-Syria''s-Assad-says-West-will-pay-for-''supporting''-Qaeda
20130417,254028350,20130417,AMMAN,JOR,SYRIA,SYR,154,군 병력 동원·증강,15,4,-7.2,2,1,2,1.87018701870187,"Washington, District of Columbia, United States",US,http://www.khaleejtimes.com/kt-article-display-1.asp?section=middleeast&xfile=data/middleeast/2013/April/middleeast_April229.xml
20130417,254028351,20130417,AMMAN,JOR,SYRIA,SYR,154,군 병력 동원·증강,15,4,-7.2,2,1,2,1.70157068062827,United States,US,http://www.thenews.com.pk/article-97262-Syria''s-Assad-says-West-will-pay-for-''supporting''-Qaeda
20130417,254028352,20130417,AMMAN,JOR,SYRIA,SYR,154,군 병력 동원·증강,15,4,-7.2,12,2,12,1.78587884966507,"Amman, (JO11), Jordan",JO,http://www.thenews.com.pk/article-97262-Syria''s-Assad-says-West-will-pay-for-''supporting''-Qaeda
20130417,254028353,20130417,JORDAN,JOR,SYRIA,SYR,154,군 병력 동원·증강,15,4,-7.2,2,1,2,1.87018701870187,"Washington, District of Columbia, United States",US,http://www.khaleejtimes.com/kt-article-display-1.asp?section=middleeast&xfile=data/middleeast/2013/April/middleeast_April229.xml
20130417,254028354,20130417,AMMAN,JOR,SYRIA,SYR,154,군 병력 동원·증강,15,4,-7.2,4,1,4,1.14942528735632,"Amman, (JO11), Jordan",JO,http://www.google.com/hostednews/afp/article/ALeqM5gDsDW2CbfeUxP9Krh30Ym6I34FJA?docId=CNG.55a4474a0e660aed75daa2de87d21389.491
20130417,254028355,20130417,JORDAN,JOR,SYRIA,SYR,154,군 병력 동원·증강,15,4,-7.2,1,1,1,1.14942528735632,United States,US,http://www.google.com/hostednews/afp/article/ALeqM5gDsDW2CbfeUxP9Krh30Ym6I34FJA?docId=CNG.55a4474a0e660aed75daa2de87d21389.491
20130417,254028356,20130417,JORDAN,JOR,SYRIA,SYR,154,군 병력 동원·증강,15,4,-7.2,4,1,4,1.18343195266272,Jordan,JO,http://www.skynews.com.au/world/article.aspx?id=864479
20130417,254028357,20130417,JORDAN,JOR,SYRIA,SYR,154,군 병력 동원·증강,15,4,-7.2,1,1,1,1.18343195266272,United States,US,http://www.skynews.com.au/world/article.aspx?id=864479
20130417,254028358,20130417,AMMAN,JOR,SYRIA,SYR,154,군 병력 동원·증강,15,4,-7.2,4,1,4,1.14942528735632,Syria,SY,http://www.google.com/hostednews/afp/article/ALeqM5gDsDW2CbfeUxP9Krh30Ym6I34FJA?docId=CNG.55a4474a0e660aed75daa2de87d21389.491
20130417,254028359,20130417,JORDAN,JOR,SYRIA,SYR,154,군 병력 동원·증강,15,4,-7.2,6,1,6,1.14942528735632,Syria,SY,http://www.google.com/hostednews/afp/article/ALeqM5gDsDW2CbfeUxP9Krh30Ym6I34FJA?docId=CNG.55a4474a0e660aed75daa2de87d21389.491
20130417,254028360,20130417,JORDAN,JOR,SYRIA,SYR,192,영토 점령,19,4,-9.5,8,1,8,2.69814502529511,Saudi Arabia,SA,http://www.telegraph.co.uk/news/worldnews/middleeast/syria/10001831/West-will-pay-for-supporting-al-Qaeda-in-Syria-Assad-warns.html
20130417,254028361,20130417,JORDAN,JOR,SYRIA,SYR,192,영토 점령,19,4,-9.5,2,1,2,2.69814502529511,Jordan,JO,http://www.telegraph.co.uk/news/worldnews/middleeast/syria/10001831/West-will-pay-for-supporting-al-Qaeda-in-Syria-Assad-warns.html
20130417,254030207,20130417,BEIRUT,LBN,SYRIA,SYR,194,포병·전차를 이용한 전투,19,4,-10.0,10,1,10,1.67832167832168,"Aleppo, ?alab, Syria",SY,http://www.miamiherald.com/2013/04/17/3348945/rocket-attack-kills-at-least-12.html
20130417,254035257,20130417,PALESTINIAN,PSE,ISRAEL,ISR,1384,재래식 군사 공격 위협,13,3,-7.0,4,1,4,0.0,"Hiiraan, Hiiraan, Somalia",SO,BBC Monitoring
20130417,254035258,20130417,PALESTINIAN,PSE,ISRAEL,ISR,1384,재래식 군사 공격 위협,13,3,-7.0,2,1,2,0.819672131147541,Israel,IS,http://www.haaretz.com/news/diplomacy-defense/palestinian-prisoner-released-in-shalit-deal-allegedly-plotted-terror-attack-in-west-bank.premium-1.516073?localLinksEnabled=false
20130417,254035259,20130417,PALESTINIAN,PSE,ISRAEL,ISR,1384,재래식 군사 공격 위협,13,3,-7.0,2,1,2,0.819672131147541,"Nablus, West Bank (general), West Bank",WE,http://www.haaretz.com/news/diplomacy-defense/palestinian-prisoner-released-in-shalit-deal-allegedly-plotted-terror-attack-in-west-bank.premium-1.516073?localLinksEnabled=false
20130417,254035264,20130417,GAZA,PSE,ISRAEL,ISR,194,포병·전차를 이용한 전투,19,4,-10.0,6,3,6,1.36373835022663,"Gaza, Israel (general), Israel",IS,http://www.chinapost.com.tw/international/middle-east/2013/04/18/376394/Militants-fire.htm
20130417,254035277,20130417,PALESTINIAN,PSE,ISRAEL,ISR,190,재래식 군사력 사용,19,4,-10.0,4,1,4,2.02898550724638,Israel,IS,http://www.jpost.com/MiddleEast/Article.aspx?id=310040&R=R3
20130417,254035279,20130417,PALESTINIAN,PSE,ISRAEL,ISR,1384,재래식 군사 공격 위협,13,3,-7.0,2,1,2,0.0,"Nablus, West Bank (general), West Bank",WE,http://www.haaretz.com/news/shalit-prisoner-swap/palestinian-prisoner-released-in-shalit-deal-allegedly-plotted-terror-attack-in-west-bank.premium-1.516073?localLinksEnabled=false
20130417,254035280,20130417,PALESTINIAN,PSE,ISRAEL,ISR,1384,재래식 군사 공격 위협,13,3,-7.0,2,1,2,0.0,Israel,IS,http://www.haaretz.com/news/shalit-prisoner-swap/palestinian-prisoner-released-in-shalit-deal-allegedly-plotted-terror-attack-in-west-bank.premium-1.516073?localLinksEnabled=false
20130417,254035312,20130417,GAZA,PSE,NASSER,EGY,190,재래식 군사력 사용,19,4,-10.0,1,1,1,1.417004048583,"Gaza, Israel (general), Israel",IS,http://www.amnestyusa.org/news/news-item/israel-s-military-investigations-into-gaza-conflict-violations-strengthen-impunity
20130417,254035313,20130417,GAZA,PSE,NASSER,EGY,194,포병·전차를 이용한 전투,19,4,-10.0,1,1,1,1.417004048583,"Gaza, Israel (general), Israel",IS,http://www.amnestyusa.org/news/news-item/israel-s-military-investigations-into-gaza-conflict-violations-strengthen-impunity
20130417,254035355,20130417,GAZA,PSE,ISRAELI,ISR,190,재래식 군사력 사용,19,4,-10.0,1,1,1,1.65369649805447,"Gaza, Israel (general), Israel",IS,http://www.cnn.com/2013/04/17/world/meast/israel-gaza-strike-report/index.html?utm_source=feedburner&utm_medium=feed&utm_campaign=Feed%3A+rss%2Fcnn_latest+%28RSS%3A+Most+Recent%29
20130417,254036289,20130417,RIYADH,SAU,JORDANIAN,JOR,190,재래식 군사력 사용,19,4,-10.0,10,1,10,0.0,"Hiiraan, Hiiraan, Somalia",SO,BBC Monitoring
20130417,254036976,20130417,SYRIA,SYR,JORDANIAN,JOR,138,군사력 사용 위협,13,3,-7.0,2,1,2,2.42550242550243,"Washington, District of Columbia, United States",US,http://cnsnews.com/news/article/assad-accuses-west-backing-al-qaida-syria
20130417,254036977,20130417,SYRIA,SYR,JORDANIAN,JOR,138,군사력 사용 위협,13,3,-7.0,8,1,8,2.42550242550243,Jordan,JO,http://cnsnews.com/news/article/assad-accuses-west-backing-al-qaida-syria
20130417,254036978,20130417,SYRIAN,SYR,JORDAN,JOR,138,군사력 사용 위협,13,3,-7.0,14,1,14,2.3770879826875,Syria,SY,http://www.voanews.com/content/assad-west-will-pay-heavy-price-for-supporting-alqaida-rebels/1643774.html
20130417,254036979,20130417,SYRIAN,SYR,JORDAN,JOR,138,군사력 사용 위협,13,3,-7.0,2,1,2,2.37708798268749,Syria,SY,http://www.voanews.com/content/assad-west-will-pay-heavy-price-for-supporting-alqaida-rebels/1643774.html
20130417,254036991,20130417,SYRIAN,SYR,LEBANESE,LBN,193,소형무기·경무기를 이용한 전투,19,4,-10.0,8,1,8,0.0,"Gedo, Oromiya, Ethiopia",ET,BBC Monitoring
20130417,254036992,20130417,SYRIAN,SYR,LEBANON,LBN,193,소형무기·경무기를 이용한 전투,19,4,-10.0,2,1,2,0.0,"Gedo, Oromiya, Ethiopia",ET,BBC Monitoring
20130417,254036993,20130417,SYRIAN,SYR,LEBANESE,LBN,193,소형무기·경무기를 이용한 전투,19,4,-10.0,1,1,1,1.69109357384442,"Beirut, Beyrouth, Lebanon",LE,http://www.dailystar.com.lb/News/Local-News/2013/Apr-18/214158-syria-envoy-denies-receiving-complaint.ashx
20130417,254036994,20130417,SYRIAN,SYR,LEBANESE,LBN,193,소형무기·경무기를 이용한 전투,19,4,-10.0,1,1,1,1.69109357384442,"Beirut, Beyrouth, Lebanon",LE,http://www.dailystar.com.lb/News/Local-News/2013/Apr-18/214158-syria-envoy-denies-receiving-complaint.ashx
20130417,254036996,20130417,SYRIA,SYR,LEBANESE,LBN,190,재래식 군사력 사용,19,4,-10.0,6,1,6,0.0,"Gedo, Oromiya, Ethiopia",ET,BBC Monitoring
20130417,254037061,20130417,SYRIA,SYR,ABDULLAH,SAU,190,재래식 군사력 사용,19,4,-10.0,3,1,3,0.0,"Jubba, Jubbada Dhexe, Somalia",SO,BBC Monitoring
20130417,254037186,20130417,SYRIA,SYR,SAUDI ARABIA,SAU,138,군사력 사용 위협,13,3,-7.0,2,1,2,0.0,"Gedo, Oromiya, Ethiopia",ET,BBC Monitoring
20130417,254037221,20130417,SYRIAN,SYR,LEBANESE,LBN,193,소형무기·경무기를 이용한 전투,19,4,-10.0,4,1,4,1.69109357384442,"Beirut, Beyrouth, Lebanon",LE,http://www.dailystar.com.lb/News/Local-News/2013/Apr-18/214158-syria-envoy-denies-receiving-complaint.ashx
20130417,254037222,20130417,SYRIA,SYR,LEBANON,LBN,193,소형무기·경무기를 이용한 전투,19,4,-10.0,2,1,2,1.69109357384442,Syria,SY,http://www.dailystar.com.lb/News/Local-News/2013/Apr-18/214158-syria-envoy-denies-receiving-complaint.ashx
20130417,254037234,20130417,SYRIAN,SYR,AL JAZEERA,QAT,138,군사력 사용 위협,13,3,-7.0,6,1,6,2.54041570438799,Syria,SY,http://www.aljazeera.com/news/middleeast/2013/04/2013417183228808285.html
20130417,254037595,20130417,TURKEY,TUR,IRAN,IRN,163,금수·보이콧·제재 부과,16,4,-8.0,1,1,1,4.12735849056604,"Anatolia, Turkey (general), Turkey",TU,http://www.usnews.com/opinion/blogs/world-report/2013/04/17/secular-turkey-remains-the-model-even-with-islamists-in-power?s_cid=rss:world-report:secular-turkey-remains-the-model-even-with-islamists-in-power
20130417,254037596,20130417,TURKEY,TUR,IRAN,IRN,163,금수·보이콧·제재 부과,16,4,-8.0,4,1,4,4.12735849056604,"Anatolia, Turkey (general), Turkey",TU,http://www.usnews.com/opinion/blogs/world-report/2013/04/17/secular-turkey-remains-the-model-even-with-islamists-in-power?s_cid=rss:world-report:secular-turkey-remains-the-model-even-with-islamists-in-power
20130417,254037673,20130417,TURKISH,TUR,SYRIAN,SYR,190,재래식 군사력 사용,19,4,-10.0,8,1,8,0.0,"Hiiraan, Hiiraan, Somalia",SO,BBC Monitoring
20130418,254045365,20130417,ISRAEL,ISR,SINAI,EGY,194,포병·전차를 이용한 전투,19,4,-10.0,2,1,2,0.0,"Jubba, Jubbada Dhexe, Somalia",SO,BBC Monitoring
20130418,254056473,20130418,NASSER,EGY,ISRAEL,ISR,138,군사력 사용 위협,13,3,-7.0,10,1,10,1.07719928186715,"Tel Aviv, Tel Aviv, Israel",IS,http://www.google.com/hostednews/ap/article/ALeqM5ikwywksFJIKCJBSoGiH1iZjjgIaw?docId=8ca054db0ac245da88528e11452567ec
20130418,254056476,20130418,EGYPT,EGY,ISRAEL,ISR,190,재래식 군사력 사용,19,4,-10.0,2,1,2,2.25140712945591,"Alexandria, Al Iskandariyah, Egypt",EG,http://www.jpost.com/JewishWorld/JewishNews/Article.aspx?id=310195&R=R5
20130418,254056477,20130418,EGYPT,EGY,ISRAEL,ISR,190,재래식 군사력 사용,19,4,-10.0,2,1,2,2.25140712945591,"Jerusalem, Israel (general), Israel",IS,http://www.jpost.com/JewishWorld/JewishNews/Article.aspx?id=310195&R=R5
20130418,254056478,20130418,SINAI,EGY,ISRAEL,ISR,194,포병·전차를 이용한 전투,19,4,-10.0,2,1,2,0.0,"Baydhabo, Bay, Somalia",SO,BBC Monitoring
20130418,254056479,20130418,SINAI,EGY,ISRAEL,ISR,194,포병·전차를 이용한 전투,19,4,-10.0,4,1,4,0.0,"Hiiraan, Hiiraan, Somalia",SO,BBC Monitoring
20130418,254056480,20130418,EGYPT,EGY,ISRAEL,ISR,194,포병·전차를 이용한 전투,19,4,-10.0,2,1,2,0.0,"Eilat, HaDarom, Israel",IS,http://www.jpost.com/Headlines/Article.aspx?id=310285&R=R101
20130418,254056481,20130418,EGYPT,EGY,ISRAEL,ISR,194,포병·전차를 이용한 전투,19,4,-10.0,2,1,2,0.0,"Eilat, HaDarom, Israel",IS,http://www.jpost.com/Headlines/Article.aspx?id=310285&R=R101
20130418,254056482,20130418,EGYPT,EGY,ISRAEL,ISR,194,포병·전차를 이용한 전투,19,4,-10.0,15,2,15,0.507246376811594,Egypt,EG,http://www.jpost.com/Headlines/Article.aspx?id=310285&R=R101
20130418,254056483,20130418,EGYPT,EGY,ISRAEL,ISR,194,포병·전차를 이용한 전투,19,4,-10.0,4,1,4,0.0,"Eilat, HaDarom, Israel",IS,http://www.jpost.com/Headlines/Article.aspx?id=310285&R=R101
20130418,254056484,20130418,EGYPT,EGY,ISRAEL,ISR,194,포병·전차를 이용한 전투,19,4,-10.0,60,6,60,0.563941968287582,Egypt,EG,http://www.gmanetwork.com/news/story/304583/news/world/rockets-strike-israel-from-gaza-reports
20130418,254056485,20130418,EGYPT,EGY,YITZHAK AHARONOVITCH,ISR,194,포병·전차를 이용한 전투,19,4,-10.0,3,1,3,0.0,"Eilat, HaDarom, Israel",IS,http://www.jpost.com/Headlines/Article.aspx?id=310285&R=R101
20130418,254062374,20130418,IRAN,IRN,IRAQ,IRQ,190,재래식 군사력 사용,19,4,-10.0,10,1,10,0.0,"Jubba, Jubbada Dhexe, Somalia",SO,BBC Monitoring
20130418,254062387,20130418,TEHRAN,IRN,ISRAEL,ISR,138,군사력 사용 위협,13,3,-7.0,44,3,44,1.08832021114234,"Tel Aviv, Tel Aviv, Israel",IS,http://www.usatoday.com/story/news/world/2013/04/18/irans-president-slams-foreign-presence-in-gulf/2092815/
20130418,254062388,20130418,TEHRAN,IRN,ISRAEL,ISR,138,군사력 사용 위협,13,3,-7.0,40,5,40,2.93845691542463,"Tehran, Tehran, Iran",IR,http://www.globalsecurity.org/wmd/library/news/iran/2013/iran-130418-voa01.htm
20130418,254062389,20130418,TEHRAN,IRN,ISRAEL,ISR,138,군사력 사용 위협,13,3,-7.0,10,1,10,1.50602409638554,Israel,IS,http://www.indianexpress.com/news/briefly-world-irans-president-slams-foreign-presence-in-gulf/1104570/
20130418,254062541,20130418,IRANIAN,IRN,ISRAEL,ISR,138,군사력 사용 위협,13,3,-7.0,6,1,6,1.12570356472795,"Tel Aviv, Tel Aviv, Israel",IS,http://www.aljazeera.com/news/asia/2013/04/2013418151225745977.html
20130418,254062689,20130418,IRAQ,IRQ,IRAN,IRN,190,재래식 군사력 사용,19,4,-10.0,5,1,5,1.05263157894737,"Fars, Khorasan-e Ra?avi, Iran",IR,http://www.arabnews.com/news/448393
20130418,254062690,20130418,IRAQ,IRQ,IRAN,IRN,190,재래식 군사력 사용,19,4,-10.0,10,1,10,0.0,"Jubba, Jubbada Dhexe, Somalia",SO,BBC Monitoring
20130418,254062896,20130418,ISRAELI,ISR,SINAI,EGY,195,공중무기 사용,19,4,-10.0,2,1,2,0.0,"Eilat, HaDarom, Israel",IS,http://www.israelnationalnews.com/News/News.aspx/167277
20130418,254062941,20130418,ISRAEL,ISR,IRAN,IRN,138,군사력 사용 위협,13,3,-7.0,12,4,12,1.09020505828837,"Tel Aviv, Tel Aviv, Israel",IS,http://www.aljazeera.com/news/asia/2013/04/2013418151225745977.html
20130418,254062942,20130418,TEL AVIV,ISR,IRAN,IRN,138,군사력 사용 위협,13,3,-7.0,36,4,36,1.09020505828837,"Tel Aviv, Tel Aviv, Israel",IS,http://www.aljazeera.com/news/asia/2013/04/2013418151225745977.html
20130418,254062943,20130418,TEL AVIV,ISR,IRAN,IRN,138,군사력 사용 위협,13,3,-7.0,12,4,12,1.09020505828837,"Tel Aviv, Tel Aviv, Israel",IS,http://www.aljazeera.com/news/asia/2013/04/2013418151225745977.html
20130418,254062944,20130418,ISRAEL,ISR,IRAN,IRN,190,재래식 군사력 사용,19,4,-10.0,20,1,10,0.0,"Jubba, Jubbada Dhexe, Somalia",SO,BBC Monitoring
20130418,254062987,20130418,ISRAEL,ISR,LEBANESE,LBN,154,군 병력 동원·증강,15,4,-7.2,6,1,6,0.0,"Jubba, Jubbada Dhexe, Somalia",SO,BBC Monitoring
20130418,254062988,20130418,ISRAEL,ISR,LEBANESE,LBN,154,군 병력 동원·증강,15,4,-7.2,4,1,4,0.0,"Jubba, Jubbada Dhexe, Somalia",SO,BBC Monitoring
20130418,254062989,20130418,ISRAEL,ISR,LEBANESE,LBN,190,재래식 군사력 사용,19,4,-10.0,2,1,2,1.60771704180064,Israel,IS,http://www.reuters.com/article/2013/04/18/lebanon-gas-idUSL5N0D549Z20130418?type=companyNews&feedType=RSS&feedName=companyNews
20130418,254062990,20130418,ISRAEL,ISR,LEBANESE,LBN,190,재래식 군사력 사용,19,4,-10.0,2,1,2,1.60771704180064,Israel,IS,http://www.reuters.com/article/2013/04/18/lebanon-gas-idUSL5N0D549Z20130418?type=companyNews&feedType=RSS&feedName=companyNews
20130418,254062991,20130418,ISRAEL,ISR,LEBANESE,LBN,190,재래식 군사력 사용,19,4,-10.0,12,1,12,1.60771704180064,Israel,IS,http://www.reuters.com/article/2013/04/18/lebanon-gas-idUSL5N0D549Z20130418?type=companyNews&feedType=RSS&feedName=companyNews
20130418,254063060,20130418,ISRAEL,ISR,PALESTINIAN,PSE,190,재래식 군사력 사용,19,4,-10.0,10,1,10,1.65369649805447,"Gaza, Israel (general), Israel",IS,http://www.cnn.com/2013/04/17/world/meast/israel-gaza-strike-report/index.html?utm_source=feedburner&utm_medium=feed&utm_campaign=Feed%3A+rss%2Fcnn_world+%28RSS%3A+World%29
20130418,254063061,20130418,ISRAEL,ISR,GAZA,PSE,193,소형무기·경무기를 이용한 전투,19,4,-10.0,2,1,2,2.20264317180617,"Ramallah, West Bank (general), West Bank",WE,"http://www.ynetnews.com/articles/0,7340,L-4369519,00.html"
20130418,254063062,20130418,ISRAEL,ISR,GAZA,PSE,193,소형무기·경무기를 이용한 전투,19,4,-10.0,6,1,6,2.20264317180617,Israel,IS,"http://www.ynetnews.com/articles/0,7340,L-4369519,00.html"
20130418,254063063,20130418,ISRAEL,ISR,GAZA,PSE,193,소형무기·경무기를 이용한 전투,19,4,-10.0,2,1,2,2.20264317180617,Israel,IS,"http://www.ynetnews.com/articles/0,7340,L-4369519,00.html"
20130418,254063064,20130418,ISRAEL,ISR,GAZA,PSE,194,포병·전차를 이용한 전투,19,4,-10.0,2,1,2,0.346020761245675,"Eilat, HaDarom, Israel",IS,http://www.trust.org/alertnet/news/rockets-strike-israel-from-gaza--reports
20130418,254063065,20130418,JERUSALEM,ISR,PALESTINIAN,PSE,195,공중무기 사용,19,4,-10.0,6,1,6,1.65369649805447,"Jerusalem, Israel (general), Israel",IS,http://www.cnn.com/2013/04/17/world/meast/israel-gaza-strike-report/index.html?utm_source=feedburner&utm_medium=feed&utm_campaign=Feed%3A+rss%2Fcnn_world+%28RSS%3A+World%29
20130418,254063070,20130418,ISRAELI,ISR,HAMAS,PSE,190,재래식 군사력 사용,19,4,-10.0,5,1,5,0.0,"Jubba, Jubbada Dhexe, Somalia",SO,BBC Monitoring
20130418,254063071,20130418,ISRAELI,ISR,GAZA,PSE,194,포병·전차를 이용한 전투,19,4,-10.0,4,1,4,1.65369649805447,"Gaza, Israel (general), Israel",IS,http://www.cnn.com/2013/04/17/world/meast/israel-gaza-strike-report/index.html?utm_source=feedburner&utm_medium=feed&utm_campaign=Feed%3A+rss%2Fcnn_world+%28RSS%3A+World%29
20130418,254063111,20130418,ISRAEL,ISR,SYRIAN,SYR,190,재래식 군사력 사용,19,4,-10.0,1,1,1,1.3550135501355,Iran,IR,http://www.upi.com/Top_News/World-News/2013/04/18/PM-Binyamin-Netanyahu-Israel-prepared-militarily-for-Iran-Syria/UPI-96761366321148/
20130418,254063112,20130418,ISRAEL,ISR,SYRIAN,SYR,190,재래식 군사력 사용,19,4,-10.0,1,1,1,1.3550135501355,Iran,IR,http://www.upi.com/Top_News/World-News/2013/04/18/PM-Binyamin-Netanyahu-Israel-prepared-militarily-for-Iran-Syria/UPI-96761366321148/
20130418,254063249,20130418,ISRAEL,ISR,EGYPT,EGY,194,포병·전차를 이용한 전투,19,4,-10.0,10,1,10,0.0,Egypt,EG,http://www.israelnationalnews.com/News/News.aspx/167279
20130418,254063587,20130418,JORDAN,JOR,SYRIA,SYR,154,군 병력 동원·증강,15,4,-7.2,2,1,2,1.93548387096774,United States,US,http://www.lebanonews.net/content/assad-says-west-pay-dearly-funding-qaida-warns-regime-defeat-would-spell-end-syria
20130418,254063588,20130418,AMMAN,JOR,SYRIA,SYR,154,군 병력 동원·증강,15,4,-7.2,14,2,14,1.87559155301091,"Amman, (JO11), Jordan",JO,http://www.scmp.com/news/world/article/1217453/syrias-assad-says-west-will-pay-supporting-al-qaeda
20130418,254063589,20130418,JORDAN,JOR,SYRIA,SYR,154,군 병력 동원·증강,15,4,-7.2,2,1,2,1.79573512906846,"Washington, District of Columbia, United States",US,http://www.scmp.com/news/world/article/1217453/syrias-assad-says-west-will-pay-supporting-al-qaeda
20130418,254063590,20130418,AMMAN,JOR,SYRIA,SYR,154,군 병력 동원·증강,15,4,-7.2,2,1,2,1.79573512906846,"Washington, District of Columbia, United States",US,http://www.scmp.com/news/world/article/1217453/syrias-assad-says-west-will-pay-supporting-al-qaeda
20130418,254063591,20130418,JORDAN,JOR,SYRIA,SYR,154,군 병력 동원·증강,15,4,-7.2,10,1,10,1.5015015015015,Syria,SY,http://zeenews.india.com/news/world/pentagon-deploys-troops-in-jordan-to-help-deal-with-syria_842962.html
20130418,254063592,20130418,JORDANIAN,JOR,SYRIAN,SYR,190,재래식 군사력 사용,19,4,-10.0,10,1,10,0.0,"Puntland, Somalia (general), Somalia",SO,BBC Monitoring
20130418,254063601,20130418,JORDAN,JOR,TURKEY,TUR,138,군사력 사용 위협,13,3,-7.0,6,1,6,0.0,"Jubba, Jubbada Dhexe, Somalia",SO,BBC Monitoring
20130418,254065402,20130418,LEBANESE,LBN,ISRAEL,ISR,190,재래식 군사력 사용,19,4,-10.0,2,1,2,1.60771704180064,Israel,IS,http://www.reuters.com/article/2013/04/18/lebanon-gas-idUSL5N0D549Z20130418?type=companyNews&feedType=RSS&feedName=companyNews
20130418,254065403,20130418,LEBANESE,LBN,ISRAEL,ISR,190,재래식 군사력 사용,19,4,-10.0,2,1,2,1.60771704180064,Israel,IS,http://www.reuters.com/article/2013/04/18/lebanon-gas-idUSL5N0D549Z20130418?type=companyNews&feedType=RSS&feedName=companyNews
20130418,254065497,20130418,LEBANESE,LBN,ISRAEL,ISR,190,재래식 군사력 사용,19,4,-10.0,12,1,12,1.60771704180064,Israel,IS,http://www.reuters.com/article/2013/04/18/lebanon-gas-idUSL5N0D549Z20130418?type=companyNews&feedType=RSS&feedName=companyNews
20130418,254070555,20130418,PALESTINIAN,PSE,ISRAELI,ISR,190,재래식 군사력 사용,19,4,-10.0,4,1,4,1.0,"Jerusalem, Israel (general), Israel",IS,http://www.upi.com/Top_News/US/2013/04/18/Tenn-woman-wants-textbooks-reviewed-for-anti-Semitic-bias/UPI-20781366314606/?spt=hs&or=tn
20130418,254070595,20130418,HAMAS,PSE,ISRAELI,ISR,190,재래식 군사력 사용,19,4,-10.0,5,1,5,0.0,"Jubba, Jubbada Dhexe, Somalia",SO,BBC Monitoring
20130418,254070596,20130418,PALESTINIAN,PSE,ISRAELI,ISR,190,재래식 군사력 사용,19,4,-10.0,4,1,4,1.0,"Jerusalem, Israel (general), Israel",IS,http://www.upi.com/Top_News/US/2013/04/18/Tenn-woman-wants-textbooks-reviewed-for-anti-Semitic-bias/UPI-20781366314606/?spt=hs&or=tn
20130418,254070603,20130418,HAMAS,PSE,ISRAEL,ISR,194,포병·전차를 이용한 전투,19,4,-10.0,10,1,10,2.20588235294118,"Gaza, Israel (general), Israel",IS,"http://english.ahram.org.eg/NewsContent/2/8/69556/World/Region/Haniyeh-to-meet-Qatari-emir-on-reconciliation,-Gaz.aspx"
20130418,254070605,20130418,GAZA,PSE,ISRAELI,ISR,190,재래식 군사력 사용,19,4,-10.0,1,1,1,1.65369649805447,"Gaza, Israel (general), Israel",IS,http://www.cnn.com/2013/04/17/world/meast/israel-gaza-strike-report/index.html?utm_source=feedburner&utm_medium=feed&utm_campaign=Feed%3A+rss%2Fcnn_world+%28RSS%3A+World%29
20130418,254072461,20130418,SYRIA,SYR,JORDANIAN,JOR,138,군사력 사용 위협,13,3,-7.0,6,1,6,2.11459754433834,Jordan,JO,http://www.dailymail.co.uk/news/article-2310944/Assad-warns-West-suffer-heart-Europe-U-S-alleged-backing-Islamists-Syria-civil-war.html?ITO=1490&ns_mchannel=rss&ns_campaign=1490
20130418,254072462,20130418,SYRIA,SYR,JORDAN,JOR,138,군사력 사용 위협,13,3,-7.0,4,1,4,0.0,"Jubba, Jubbada Dhexe, Somalia",SO,BBC Monitoring
20130418,254072463,20130418,SYRIAN,SYR,JORDANIAN,JOR,190,재래식 군사력 사용,19,4,-10.0,10,1,10,0.0,"Puntland, Somalia (general), Somalia",SO,BBC Monitoring
20130418,254072464,20130418,SYRIAN,SYR,JORDAN,JOR,192,영토 점령,19,4,-9.5,7,1,7,0.0,"Jubba, Jubbada Dhexe, Somalia",SO,BBC Monitoring
20130418,254072474,20130418,SYRIAN,SYR,LEBANON,LBN,194,포병·전차를 이용한 전투,19,4,-10.0,8,1,8,0.0,"Jubba, Jubbada Dhexe, Somalia",SO,BBC Monitoring
20130418,254072475,20130418,SYRIAN,SYR,LEBANESE,LBN,195,공중무기 사용,19,4,-10.0,8,1,8,0.0,"Jubba, Jubbada Dhexe, Somalia",SO,BBC Monitoring
20130418,254072567,20130418,SYRIA,SYR,TURKEY,TUR,138,군사력 사용 위협,13,3,-7.0,4,1,4,0.0,"Jubba, Jubbada Dhexe, Somalia",SO,BBC Monitoring
20130418,254072568,20130418,SYRIAN,SYR,TURKISH,TUR,190,재래식 군사력 사용,19,4,-10.0,8,4,8,2.40307259215643,"Afrin, ?alab, Syria",SY,http://thestar.com.my/news/story.asp?file=/2013/4/19/worldupdates/syrian-kurds-fear-increasing-attacks-from-assad-forces&sec=Worldupdates
20130418,254072569,20130418,SYRIAN,SYR,TURKISH,TUR,190,재래식 군사력 사용,19,4,-10.0,8,4,8,2.40307259215643,"Derik, Siirt, Turkey",TU,http://thestar.com.my/news/story.asp?file=/2013/4/19/worldupdates/syrian-kurds-fear-increasing-attacks-from-assad-forces&sec=Worldupdates
20130418,254072638,20130418,BASHAR AL ASSAD,SYR,TURKEY,TUR,190,재래식 군사력 사용,19,4,-10.0,1,1,1,1.7632241813602,"Damascus, Dimashq, Syria",SY,http://en.trend.az/capital/viewpoint/2140772.html
20130418,254073024,20130418,TURKISH,TUR,LEBANON,LBN,163,금수·보이콧·제재 부과,16,4,-8.0,1,1,1,1.93298969072165,"Beirut, Beyrouth, Lebanon",LE,http://www.dailystar.com.lb/News/Local-News/2013/Apr-18/214206-families-of-hostages-escalate-protests-against-turkey.ashx
20130418,254073025,20130418,TURKISH,TUR,LEBANON,LBN,163,금수·보이콧·제재 부과,16,4,-8.0,1,1,1,1.93298969072165,Turkey,TU,http://www.dailystar.com.lb/News/Local-News/2013/Apr-18/214206-families-of-hostages-escalate-protests-against-turkey.ashx
20130418,254073039,20130418,TURKISH,TUR,SYRIAN,SYR,190,재래식 군사력 사용,19,4,-10.0,8,4,8,2.40307259215643,"Afrin, ?alab, Syria",SY,http://thestar.com.my/news/story.asp?file=/2013/4/19/worldupdates/syrian-kurds-fear-increasing-attacks-from-assad-forces&sec=Worldupdates
20130418,254073040,20130418,TURKISH,TUR,SYRIAN,SYR,190,재래식 군사력 사용,19,4,-10.0,8,4,8,2.40307259215643,"Derik, Siirt, Turkey",TU,http://thestar.com.my/news/story.asp?file=/2013/4/19/worldupdates/syrian-kurds-fear-increasing-attacks-from-assad-forces&sec=Worldupdates
20130418,254073041,20130418,TURKEY,TUR,BASHAR AL ASSAD,SYR,190,재래식 군사력 사용,19,4,-10.0,1,1,1,1.7632241813602,"Damascus, Dimashq, Syria",SY,http://en.trend.az/capital/viewpoint/2140772.html
20130419,254090001,20130419,CAIRO,EGY,AL JAZEERA,QAT,190,재래식 군사력 사용,19,4,-10.0,8,1,8,3.34261838440111,"Alexandria, Al Iskandariyah, Egypt",EG,http://www.aljazeera.com/news/middleeast/2013/04/2013419152720311894.html
20130419,254095751,20130419,ISRAELI,ISR,EGYPT,EGY,194,포병·전차를 이용한 전투,19,4,-10.0,2,1,2,0.518134715025907,"Gaza, Israel (general), Israel",IS,http://www.globalsecurity.org/military/library/news/2013/04/mil-130419-presstv04.htm
20130419,254095786,20130419,ISRAEL,ISR,IRAN,IRN,190,재래식 군사력 사용,19,4,-10.0,10,1,10,0.0,"Kismaayo, Jubbada Hoose, Somalia",SO,BBC Monitoring
20130419,254095860,20130419,ISRAELI,ISR,PALESTINIAN,PSE,190,재래식 군사력 사용,19,4,-10.0,10,1,10,0.518134715025907,"Gaza, Israel (general), Israel",IS,http://www.globalsecurity.org/military/library/news/2013/04/mil-130419-presstv04.htm
20130419,254095861,20130419,ISRAELI,ISR,GAZA,PSE,192,영토 점령,19,4,-9.5,4,2,4,0.40994623655914,"Gaza, Israel (general), Israel",IS,http://www.google.com/hostednews/afp/article/ALeqM5ht-ApCTCTeCNFDEAO8HKfOTJhMmw?docId=CNG.5190ec36d5b5e6a54cf99045fdf0b725.571
20130419,254095862,20130419,ISRAELI,ISR,GAZA,PSE,192,영토 점령,19,4,-9.5,3,1,2,1.45631067961165,"Kerem Shalom, HaDarom, Israel",IS,http://www.dailystar.com.lb/News/Middle-East/2013/Apr-19/214319-gaza-rockets-hit-southern-israel-police.ashx
20130419,254095863,20130419,ISRAELI,ISR,GAZA,PSE,192,영토 점령,19,4,-9.5,4,2,4,0.40994623655914,"Gaza, Israel (general), Israel",IS,http://www.google.com/hostednews/afp/article/ALeqM5ht-ApCTCTeCNFDEAO8HKfOTJhMmw?docId=CNG.5190ec36d5b5e6a54cf99045fdf0b725.571
20130419,254095864,20130419,ISRAELI,ISR,GAZA,PSE,192,영토 점령,19,4,-9.5,1,1,1,1.45631067961165,"Kerem Shalom, HaDarom, Israel",IS,http://www.dailystar.com.lb/News/Middle-East/2013/Apr-19/214319-gaza-rockets-hit-southern-israel-police.ashx
20130419,254095865,20130419,ISRAELI,ISR,GAZA,PSE,192,영토 점령,19,4,-9.5,4,1,2,1.45631067961165,Gaza Strip,GZ,http://www.dailystar.com.lb/News/Middle-East/2013/Apr-19/214319-gaza-rockets-hit-southern-israel-police.ashx
20130419,254095866,20130419,ISRAEL,ISR,GAZA,PSE,194,포병·전차를 이용한 전투,19,4,-10.0,2,1,2,0.416666666666667,"Gaza, Israel (general), Israel",IS,http://www.news24.com/World/News/2-Gaza-rockets-hit-southern-Israel-20130419-2
20130419,254095867,20130419,JERUSALEM,ISR,GAZA,PSE,194,포병·전차를 이용한 전투,19,4,-10.0,1,1,1,0.416666666666667,"Jerusalem, Israel (general), Israel",IS,http://www.news24.com/World/News/2-Gaza-rockets-hit-southern-Israel-20130419-2
20130419,254095868,20130419,JERUSALEM,ISR,GAZA,PSE,194,포병·전차를 이용한 전투,19,4,-10.0,1,1,1,1.45631067961165,"Kerem Shalom, HaDarom, Israel",IS,http://www.dailystar.com.lb/News/Middle-East/2013/Apr-19/214319-gaza-rockets-hit-southern-israel-police.ashx
20130419,254095869,20130419,ISRAELI,ISR,GAZA,PSE,194,포병·전차를 이용한 전투,19,4,-10.0,2,1,2,1.45631067961165,Gaza Strip,GZ,http://www.dailystar.com.lb/News/Middle-East/2013/Apr-19/214319-gaza-rockets-hit-southern-israel-police.ashx
20130419,254095870,20130419,JERUSALEM,ISR,GAZA,PSE,194,포병·전차를 이용한 전투,19,4,-10.0,4,2,4,0.666497024741622,"Gaza, Israel (general), Israel",IS,http://www.google.com/hostednews/afp/article/ALeqM5ht-ApCTCTeCNFDEAO8HKfOTJhMmw?docId=CNG.5190ec36d5b5e6a54cf99045fdf0b725.571
20130419,254095871,20130419,ISRAELI,ISR,GAZA,PSE,194,포병·전차를 이용한 전투,19,4,-10.0,14,3,12,0.858388140724501,Gaza Strip,GZ,http://www.google.com/hostednews/afp/article/ALeqM5ht-ApCTCTeCNFDEAO8HKfOTJhMmw?docId=CNG.5190ec36d5b5e6a54cf99045fdf0b725.571
20130419,254095986,20130419,ISRAELI,ISR,EGYPT,EGY,194,포병·전차를 이용한 전투,19,4,-10.0,2,1,2,0.518134715025907,"Cairo, Al Qahirah, Egypt",EG,http://www.globalsecurity.org/military/library/news/2013/04/mil-130419-presstv04.htm
20130419,254095987,20130419,ISRAEL,ISR,EGYPT,EGY,194,포병·전차를 이용한 전투,19,4,-10.0,6,1,6,0.518134715025907,"Gaza, Israel (general), Israel",IS,http://www.globalsecurity.org/military/library/news/2013/04/mil-130419-presstv04.htm
20130419,254095990,20130419,ISRAEL,ISR,GAZA,PSE,192,영토 점령,19,4,-9.5,4,2,4,0.40994623655914,"Gaza, Israel (general), Israel",IS,http://www.google.com/hostednews/afp/article/ALeqM5ht-ApCTCTeCNFDEAO8HKfOTJhMmw?docId=CNG.5190ec36d5b5e6a54cf99045fdf0b725.571
20130419,254095991,20130419,ISRAELI,ISR,GAZA,PSE,192,영토 점령,19,4,-9.5,20,3,14,1.03776490239065,"Kerem Shalom, HaDarom, Israel",IS,http://www.google.com/hostednews/afp/article/ALeqM5ht-ApCTCTeCNFDEAO8HKfOTJhMmw?docId=CNG.5190ec36d5b5e6a54cf99045fdf0b725.571
20130419,254095992,20130419,ISRAELI,ISR,GAZA,PSE,194,포병·전차를 이용한 전투,19,4,-10.0,24,3,18,0.933128458085395,Gaza Strip,GZ,http://www.google.com/hostednews/afp/article/ALeqM5ht-ApCTCTeCNFDEAO8HKfOTJhMmw?docId=CNG.5190ec36d5b5e6a54cf99045fdf0b725.571
20130419,254096296,20130419,JORDAN,JOR,SYRIA,SYR,154,군 병력 동원·증강,15,4,-7.2,10,1,10,1.73010380622837,Iraq,IZ,http://rt.com/news/jordan-us-troops-syria-028/
20130419,254097580,20130419,LEBANESE,LBN,JORDAN,JOR,192,영토 점령,19,4,-9.5,2,1,2,0.0,"Kismaayo, Jubbada Hoose, Somalia",SO,BBC Monitoring
20130419,254097606,20130419,LEBANESE,LBN,SYRIAN,SYR,192,영토 점령,19,4,-9.5,2,1,2,0.0,"Kismaayo, Jubbada Hoose, Somalia",SO,BBC Monitoring
20130419,254101752,20130419,PALESTINIAN,PSE,JERUSALEM,ISR,193,소형무기·경무기를 이용한 전투,19,4,-10.0,4,1,4,1.43884892086331,"Jerusalem, Israel (general), Israel",IS,http://www.jpost.com/NationalNews/Article.aspx?id=310392&R=R2
20130419,254101753,20130419,PALESTINIAN,PSE,JERUSALEM,ISR,193,소형무기·경무기를 이용한 전투,19,4,-10.0,2,1,2,1.46341463414634,"Jerusalem, Israel (general), Israel",IS,http://www.iol.co.za/news/world/activists-seek-to-derail-jerusalem-film-1.1503549
20130419,254101754,20130419,GAZA,PSE,ISRAEL,ISR,194,포병·전차를 이용한 전투,19,4,-10.0,6,3,6,0.75873438424331,"Cairo, Al Qahirah, Egypt",EG,http://www.google.com/hostednews/afp/article/ALeqM5ht-ApCTCTeCNFDEAO8HKfOTJhMmw?docId=CNG.5190ec36d5b5e6a54cf99045fdf0b725.571
20130419,254101755,20130419,GAZA,PSE,ISRAEL,ISR,194,포병·전차를 이용한 전투,19,4,-10.0,2,1,2,0.416666666666667,"Gaza, Israel (general), Israel",IS,http://www.news24.com/World/News/2-Gaza-rockets-hit-southern-Israel-20130419-2
20130419,254101756,20130419,GAZA,PSE,ISRAEL,ISR,194,포병·전차를 이용한 전투,19,4,-10.0,2,1,2,1.45631067961165,Gaza Strip,GZ,http://www.dailystar.com.lb/News/Middle-East/2013/Apr-19/214319-gaza-rockets-hit-southern-israel-police.ashx
20130419,254101757,20130419,GAZA,PSE,ISRAEL,ISR,194,포병·전차를 이용한 전투,19,4,-10.0,2,1,2,1.45631067961165,"Gaza, Israel (general), Israel",IS,http://www.dailystar.com.lb/News/Middle-East/2013/Apr-19/214319-gaza-rockets-hit-southern-israel-police.ashx
20130419,254101758,20130419,GAZA,PSE,ISRAEL,ISR,194,포병·전차를 이용한 전투,19,4,-10.0,19,5,18,1.15953196271633,"Gaza, Israel (general), Israel",IS,http://www.globalsecurity.org/military/library/news/2013/04/mil-130419-presstv04.htm
20130419,254101759,20130419,GAZA,PSE,ISRAEL,ISR,194,포병·전차를 이용한 전투,19,4,-10.0,4,1,4,0.0,"Jubba, Jubbada Dhexe, Somalia",SO,BBC Monitoring
20130419,254101760,20130419,GAZA,PSE,ISRAEL,ISR,194,포병·전차를 이용한 전투,19,4,-10.0,38,3,30,0.905592551689276,"Kerem Shalom, HaDarom, Israel",IS,http://www.google.com/hostednews/afp/article/ALeqM5ht-ApCTCTeCNFDEAO8HKfOTJhMmw?docId=CNG.5190ec36d5b5e6a54cf99045fdf0b725.571
20130419,254101761,20130419,GAZA,PSE,ISRAEL,ISR,194,포병·전차를 이용한 전투,19,4,-10.0,4,1,4,1.45631067961165,Gaza Strip,GZ,http://www.dailystar.com.lb/News/Middle-East/2013/Apr-19/214319-gaza-rockets-hit-southern-israel-police.ashx
20130419,254101762,20130419,GAZA,PSE,ISRAEL,ISR,194,포병·전차를 이용한 전투,19,4,-10.0,1,1,1,1.45631067961165,Gaza Strip,GZ,http://www.dailystar.com.lb/News/Middle-East/2013/Apr-19/214319-gaza-rockets-hit-southern-israel-police.ashx
20130419,254101766,20130419,PALESTINIAN,PSE,ISRAEL,ISR,190,재래식 군사력 사용,19,4,-10.0,6,2,6,3.23904178451545,"Gaza, Israel (general), Israel",IS,http://news.yahoo.com/former-palestinian-prisoners-once-jailed-murder-now-dole-145552038.html
20130419,254101937,20130419,AL JAZEERA,QAT,CAIRO,EGY,190,재래식 군사력 사용,19,4,-10.0,8,1,8,3.34261838440111,"Cairo, Al Qahirah, Egypt",EG,http://www.aljazeera.com/news/middleeast/2013/04/2013419152720311894.html
20130419,254102853,20130419,SAUDI ARABIA,SAU,YEMEN,YEM,191,봉쇄·이동 제한,19,4,-9.5,10,1,10,1.81518151815182,Ethiopia,ET,http://www.voanews.com/content/yemen-horn-of-africa-19apr13/1644993.html
20130419,254103408,20130419,SYRIAN,SYR,JORDAN,JOR,192,영토 점령,19,4,-9.5,7,1,7,0.0,"Kismaayo, Jubbada Hoose, Somalia",SO,BBC Monitoring
20130419,254108399,20130419,SANA,YEM,SYRIA,SYR,193,소형무기·경무기를 이용한 전투,19,4,-10.0,4,1,4,0.338983050847458,"Aleppo, ?alab, Syria",SY,http://reliefweb.int/report/syrian-arab-republic/syria-civil-servant-gunned-down-capital-watchdog
20130420,254115250,20130420,CAIRO,EGY,SYRIA,SYR,190,재래식 군사력 사용,19,4,-10.0,6,1,6,0.0,"Tehran, Tehran, Iran",IR,BBC Monitoring
20130420,254118709,20130420,IRAN,IRN,TEL AVIV,ISR,138,군사력 사용 위협,13,3,-7.0,5,1,5,0.0,"Tehran, Tehran, Iran",IR,BBC Monitoring
20130420,254118777,20130420,IRAN,IRN,SAUDI ARABIA,SAU,190,재래식 군사력 사용,19,4,-10.0,18,3,18,1.71001103445155,Iraq,IZ,http://www.channelnewsasia.com/news/business/international/iran-sees-no-need-for-ope/645016.html
20130420,254118778,20130420,IRAN,IRN,SAUDI ARABIA,SAU,190,재래식 군사력 사용,19,4,-10.0,6,3,6,1.71001103445155,Saudi Arabia,SA,http://www.channelnewsasia.com/news/business/international/iran-sees-no-need-for-ope/645016.html
20130420,254118779,20130420,IRAN,IRN,SAUDI ARABIA,SAU,190,재래식 군사력 사용,19,4,-10.0,6,3,6,1.71001103445155,Saudi Arabia,SA,http://www.channelnewsasia.com/news/business/international/iran-sees-no-need-for-ope/645016.html
20130420,254118788,20130420,IRAN,IRN,SYRIA,SYR,190,재래식 군사력 사용,19,4,-10.0,4,3,4,3.16409433143402,"Istanbul, Istanbul, Turkey",TU,http://news.yahoo.com/syrian-opposition-rejects-extremism-nod-western-demands-003559751.html
20130420,254118789,20130420,IRAN,IRN,SYRIA,SYR,190,재래식 군사력 사용,19,4,-10.0,3,2,3,3.21860853684599,"Istanbul, Istanbul, Turkey",TU,http://www.trust.org/alertnet/news/syrian-opposition-rejects-extremism-in-nod-to-western-demands
20130420,254118790,20130420,IRAN,IRN,SYRIA,SYR,190,재래식 군사력 사용,19,4,-10.0,28,4,28,3.18745756232486,Lebanon,LE,http://www.trust.org/alertnet/news/syrian-opposition-rejects-extremism-in-nod-to-western-demands
20130420,254118791,20130420,IRAN,IRN,SYRIAN,SYR,192,영토 점령,19,4,-9.5,2,1,2,3.05084745762712,"Ankara, Ankara, Turkey",TU,http://www.dailystar.com.lb/News/Politics/2013/Apr-20/214461-no-word-from-turkey-on-hostages-mansour.ashx
20130420,254118792,20130420,IRAN,IRN,SYRIAN,SYR,192,영토 점령,19,4,-9.5,4,1,4,0.0,"Tehran, Tehran, Iran",IR,BBC Monitoring
20130420,254118793,20130420,IRAN,IRN,SYRIAN,SYR,192,영토 점령,19,4,-9.5,2,1,2,3.05084745762712,"Aleppo, ?alab, Syria",SY,http://www.dailystar.com.lb/News/Politics/2013/Apr-20/214461-no-word-from-turkey-on-hostages-mansour.ashx
20130420,254118796,20130420,IRAN,IRN,SYRIAN,SYR,192,영토 점령,19,4,-9.5,6,1,6,0.0,"Tehran, Tehran, Iran",IR,BBC Monitoring
20130420,254118797,20130420,IRAN,IRN,SYRIAN,SYR,192,영토 점령,19,4,-9.5,4,1,4,3.05084745762712,"Aleppo, ?alab, Syria",SY,http://www.dailystar.com.lb/News/Politics/2013/Apr-20/214461-no-word-from-turkey-on-hostages-mansour.ashx
20130420,254118798,20130420,IRAN,IRN,SYRIA,SYR,192,영토 점령,19,4,-9.5,2,1,2,3.05084745762712,"Ankara, Ankara, Turkey",TU,http://www.dailystar.com.lb/News/Politics/2013/Apr-20/214461-no-word-from-turkey-on-hostages-mansour.ashx
20130420,254118999,20130420,IRAQ,IRQ,SAUDI ARABIA,SAU,190,재래식 군사력 사용,19,4,-10.0,18,3,18,1.71001103445155,Iraq,IZ,http://www.channelnewsasia.com/news/business/international/iran-sees-no-need-for-ope/645016.html
20130420,254119000,20130420,IRAQ,IRQ,SAUDI ARABIA,SAU,190,재래식 군사력 사용,19,4,-10.0,6,3,6,1.71001103445155,Saudi Arabia,SA,http://www.channelnewsasia.com/news/business/international/iran-sees-no-need-for-ope/645016.html
20130420,254119001,20130420,IRAQ,IRQ,SAUDI ARABIA,SAU,190,재래식 군사력 사용,19,4,-10.0,6,3,6,1.71001103445155,Saudi Arabia,SA,http://www.channelnewsasia.com/news/business/international/iran-sees-no-need-for-ope/645016.html
20130420,254119163,20130420,ISRAELI,ISR,SYRIA,SYR,193,소형무기·경무기를 이용한 전투,19,4,-10.0,2,1,2,0.0,"Golan Heights, Syria (general), Syria",SY,http://www.jpost.com/Headlines/Article.aspx?id=310463&R=R101
20130420,254119164,20130420,ISRAELI,ISR,SYRIA,SYR,193,소형무기·경무기를 이용한 전투,19,4,-10.0,2,1,2,0.0,"Golan Heights, Syria (general), Syria",SY,http://www.jpost.com/Headlines/Article.aspx?id=310463&R=R101
20130420,254119185,20130420,ISRAEL,ISR,TURKISH,TUR,190,재래식 군사력 사용,19,4,-10.0,2,1,2,0.609756097560976,"Ankara, Ankara, Turkey",TU,http://www.upi.com/Top_News/World-News/2013/04/20/Turkey-says-no-talks-with-Israel-about-Syria/UPI-40981366476640/
20130420,254119186,20130420,ISRAEL,ISR,TURKISH,TUR,190,재래식 군사력 사용,19,4,-10.0,2,1,2,0.609756097560976,Israel,IS,http://www.upi.com/Top_News/World-News/2013/04/20/Turkey-says-no-talks-with-Israel-about-Syria/UPI-40981366476640/
20130420,254119205,20130420,ISRAELI,ISR,SYRIA,SYR,193,소형무기·경무기를 이용한 전투,19,4,-10.0,6,1,6,0.0,"Golan Heights, Syria (general), Syria",SY,http://www.jpost.com/Headlines/Article.aspx?id=310463&R=R101
20130420,254119244,20130420,ISRAEL,ISR,EGYPT,EGY,194,포병·전차를 이용한 전투,19,4,-10.0,10,1,10,0.442477876106195,"Eilat, HaDarom, Israel",IS,http://www.israelnationalnews.com/News/News.aspx/167310
20130420,254119460,20130420,JORDANIAN,JOR,ISRAELI,ISR,193,소형무기·경무기를 이용한 전투,19,4,-10.0,4,1,4,4.70588235294118,"Naharayim, Jordan (general), Jordan",JO,http://www.jpost.com/Opinion/Editorials/Article.aspx?id=310503&R=R6
20130420,254119484,20130420,JORDANIAN,JOR,SYRIAN,SYR,190,재래식 군사력 사용,19,4,-10.0,9,5,9,0.166458593424886,Syria,SY,http://www.news.com.au/breaking-news/world/jordan-rally-protests-syrian-camp-violence/story-e6frfkui-1226625185930?from=public_rss
20130420,254119485,20130420,JORDANIAN,JOR,SYRIAN,SYR,190,재래식 군사력 사용,19,4,-10.0,1,1,1,1.49812734082397,Syria,SY,http://en.trend.az/news/politics/2141662.html
20130420,254119492,20130420,JORDANIAN,JOR,SYRIAN,SYR,190,재래식 군사력 사용,19,4,-10.0,10,5,10,0.299625468164794,Syria,SY,http://en.trend.az/news/politics/2141662.html
20130420,254119493,20130420,JORDAN,JOR,SYRIA,SYR,190,재래식 군사력 사용,19,4,-10.0,5,5,5,0.299625468164794,Syria,SY,http://en.trend.az/news/politics/2141662.html
20130420,254119494,20130420,JORDAN,JOR,SYRIA,SYR,190,재래식 군사력 사용,19,4,-10.0,13,3,13,0.175824175824175,"Amman, (JO11), Jordan",JO,http://reliefweb.int/report/jordan/10-jordan-police-hurt-clash-syria-refugees
20130420,254119495,20130420,JORDAN,JOR,SYRIA,SYR,190,재래식 군사력 사용,19,4,-10.0,12,2,12,0.76190476190476,"Amman, (JO11), Jordan",JO,http://www.dailystar.com.lb/News/Middle-East/2013/Apr-20/214454-10-jordan-police-hurt-in-clash-with-syria-refugees.ashx
20130420,254120282,20130420,BEIRUT,LBN,SYRIAN,SYR,190,재래식 군사력 사용,19,4,-10.0,4,1,4,1.47368421052632,"Deir Ezzor, Dayr az Zawr, Syria",SY,http://www.dailystar.com.lb/News/Middle-East/2013/Apr-20/214476-dozens-killed-in-battle-near-damascus-activists.ashx
20130420,254120283,20130420,LEBANON,LBN,SYRIA,SYR,190,재래식 군사력 사용,19,4,-10.0,2,1,2,1.09689213893967,"Damascus, Dimashq, Syria",SY,"http://www.ynetnews.com/articles/0,7340,L-4370056,00.html"
20130420,254120284,20130420,LEBANON,LBN,SYRIA,SYR,190,재래식 군사력 사용,19,4,-10.0,6,3,6,1.40846291836391,"Aleppo, ?alab, Syria",SY,http://cnsnews.com/news/article/heavy-clashes-syria-near-lebanon-border
20130420,254120285,20130420,LEBANON,LBN,SYRIA,SYR,190,재래식 군사력 사용,19,4,-10.0,6,3,6,1.3311001143344,"Qadesh, ?ims, Syria",SY,http://news.yahoo.com/heavy-clashes-syria-near-lebanon-border-094028824.html
20130420,254120286,20130420,LEBANON,LBN,SYRIA,SYR,190,재래식 군사력 사용,19,4,-10.0,16,2,16,1.43701870187019,"Aleppo, ?alab, Syria",SY,http://cnsnews.com/news/article/heavy-clashes-syria-near-lebanon-border
20130420,254120287,20130420,LEBANESE,LBN,SYRIAN,SYR,190,재래식 군사력 사용,19,4,-10.0,9,1,9,1.82421227197347,"Beirut, Beyrouth, Lebanon",LE,http://www.washingtonpost.com/world/middle_east/syrian-state-media-activists-report-heavy-fighting-in-strategic-province-near-lebanese-border/2013/04/20/c0ebe71c-a99e-11e2-9e1c-bb0fb0c2edd9_story.html
20130420,254120288,20130420,LEBANON,LBN,SYRIA,SYR,190,재래식 군사력 사용,19,4,-10.0,16,2,16,1.51355838406198,"Qadesh, ?ims, Syria",SY,http://news.yahoo.com/heavy-clashes-syria-near-lebanon-border-094028824.html
20130420,254120289,20130420,BEIRUT,LBN,SYRIAN,SYR,190,재래식 군사력 사용,19,4,-10.0,10,2,10,1.02727391361086,"Qusayr, Tartus, Syria",SY,http://timesofindia.indiatimes.com/world/middle-east/Heavy-clashes-in-Syria-near-Lebanese-border/articleshow/19650952.cms
20130420,254120290,20130420,LEBANESE,LBN,SYRIA,SYR,190,재래식 군사력 사용,19,4,-10.0,8,1,8,1.09689213893967,"Damascus, Dimashq, Syria",SY,"http://www.ynetnews.com/articles/0,7340,L-4370056,00.html"
20130420,254120291,20130420,LEBANON,LBN,SYRIA,SYR,190,재래식 군사력 사용,19,4,-10.0,8,1,8,1.35135135135135,"Aleppo, ?alab, Syria",SY,http://www.philippinetimes.com/index.php/sid/213975701/scat/2411cd3571b4f088
20130420,254120292,20130420,LEBANON,LBN,SYRIA,SYR,190,재래식 군사력 사용,19,4,-10.0,8,1,8,0.966183574879227,"Qadesh, ?ims, Syria",SY,http://www.thehindu.com/news/international/world/heavy-clashes-in-syria-near-lebanon-border/article4636871.ece
20130420,254120300,20130420,BEIRUT,LBN,SYRIAN,SYR,190,재래식 군사력 사용,19,4,-10.0,6,1,6,1.47368421052632,"Deir Ezzor, Dayr az Zawr, Syria",SY,http://www.dailystar.com.lb/News/Middle-East/2013/Apr-20/214476-dozens-killed-in-battle-near-damascus-activists.ashx
20130420,254120301,20130420,BEIRUT,LBN,SYRIAN,SYR,190,재래식 군사력 사용,19,4,-10.0,18,2,18,1.02483796598373,"Qusayr, Tartus, Syria",SY,http://timesofindia.indiatimes.com/world/middle-east/Heavy-clashes-in-Syria-near-Lebanese-border/articleshow/19650952.cms
20130420,254123031,20130420,GAZA,PSE,ISRAEL,ISR,194,포병·전차를 이용한 전투,19,4,-10.0,1,1,1,0.709219858156028,"Eilat, HaDarom, Israel",IS,"http://www.ynetnews.com/articles/0,7340,L-4370079,00.html"
20130420,254123032,20130420,GAZA,PSE,ISRAEL,ISR,194,포병·전차를 이용한 전투,19,4,-10.0,4,1,4,0.0,"Tehran, Tehran, Iran",IR,BBC Monitoring
20130420,254123684,20130420,SAUDI ARABIA,SAU,IRAN,IRN,190,재래식 군사력 사용,19,4,-10.0,18,3,18,1.71001103445155,Iraq,IZ,http://www.channelnewsasia.com/news/business/international/iran-sees-no-need-for-ope/645016.html
20130420,254123685,20130420,SAUDI ARABIA,SAU,IRAN,IRN,190,재래식 군사력 사용,19,4,-10.0,6,3,6,1.71001103445155,Saudi Arabia,SA,http://www.channelnewsasia.com/news/business/international/iran-sees-no-need-for-ope/645016.html
20130420,254123686,20130420,SAUDI ARABIA,SAU,IRAN,IRN,190,재래식 군사력 사용,19,4,-10.0,6,3,6,1.71001103445155,Saudi Arabia,SA,http://www.channelnewsasia.com/news/business/international/iran-sees-no-need-for-ope/645016.html
20130420,254123687,20130420,SAUDI ARABIA,SAU,IRAQ,IRQ,190,재래식 군사력 사용,19,4,-10.0,18,3,18,1.71001103445155,Iraq,IZ,http://www.channelnewsasia.com/news/business/international/iran-sees-no-need-for-ope/645016.html
20130420,254123688,20130420,SAUDI ARABIA,SAU,IRAQ,IRQ,190,재래식 군사력 사용,19,4,-10.0,6,3,6,1.71001103445155,Saudi Arabia,SA,http://www.channelnewsasia.com/news/business/international/iran-sees-no-need-for-ope/645016.html
20130420,254123689,20130420,SAUDI ARABIA,SAU,IRAQ,IRQ,190,재래식 군사력 사용,19,4,-10.0,6,3,6,1.71001103445155,Saudi Arabia,SA,http://www.channelnewsasia.com/news/business/international/iran-sees-no-need-for-ope/645016.html
20130420,254124032,20130420,SYRIA,SYR,CAIRO,EGY,190,재래식 군사력 사용,19,4,-10.0,6,1,6,0.0,"Tehran, Tehran, Iran",IR,BBC Monitoring
20130420,254124057,20130420,SYRIA,SYR,IRAN,IRN,190,재래식 군사력 사용,19,4,-10.0,4,3,4,3.16409433143402,"Istanbul, Istanbul, Turkey",TU,http://news.yahoo.com/syrian-opposition-rejects-extremism-nod-western-demands-003559751.html
20130420,254124058,20130420,SYRIA,SYR,IRAN,IRN,190,재래식 군사력 사용,19,4,-10.0,3,2,3,3.21860853684599,"Istanbul, Istanbul, Turkey",TU,http://www.trust.org/alertnet/news/syrian-opposition-rejects-extremism-in-nod-to-western-demands
20130420,254124059,20130420,SYRIA,SYR,IRAN,IRN,190,재래식 군사력 사용,19,4,-10.0,28,4,28,3.18745756232486,Lebanon,LE,http://www.trust.org/alertnet/news/syrian-opposition-rejects-extremism-in-nod-to-western-demands
20130420,254124078,20130420,SYRIAN,SYR,JORDANIAN,JOR,190,재래식 군사력 사용,19,4,-10.0,8,4,8,0.0,"Mafraq, Jordan (general), Jordan",JO,http://www.news.com.au/breaking-news/world/jordan-rally-protests-syrian-camp-violence/story-e6frfkui-1226625185930?from=public_rss
20130420,254124079,20130420,SYRIAN,SYR,JORDANIAN,JOR,190,재래식 군사력 사용,19,4,-10.0,1,1,1,1.49812734082397,Syria,SY,http://en.trend.az/news/politics/2141662.html
20130420,254124080,20130420,SYRIAN,SYR,JORDANIAN,JOR,190,재래식 군사력 사용,19,4,-10.0,1,1,1,1.49812734082397,Syria,SY,http://en.trend.az/news/politics/2141662.html
20130420,254124082,20130420,SYRIAN,SYR,JORDANIAN,JOR,190,재래식 군사력 사용,19,4,-10.0,8,4,8,0.0,"Mafraq, Jordan (general), Jordan",JO,http://www.news.com.au/breaking-news/world/jordan-rally-protests-syrian-camp-violence/story-e6frfkui-1226625185930?from=public_rss
20130420,254124083,20130420,SYRIA,SYR,JORDAN,JOR,190,재래식 군사력 사용,19,4,-10.0,4,4,4,0.0,Syria,SY,http://www.news.com.au/breaking-news/world/jordan-rally-protests-syrian-camp-violence/story-e6frfkui-1226625185930?from=public_rss
20130420,254124084,20130420,SYRIAN,SYR,JORDANIAN,JOR,190,재래식 군사력 사용,19,4,-10.0,2,1,2,1.49812734082397,Syria,SY,http://en.trend.az/news/politics/2141662.html
20130420,254124085,20130420,SYRIA,SYR,JORDAN,JOR,190,재래식 군사력 사용,19,4,-10.0,1,1,1,1.49812734082397,Syria,SY,http://en.trend.az/news/politics/2141662.html
20130420,254124100,20130420,SYRIA,SYR,LEBANON,LBN,190,재래식 군사력 사용,19,4,-10.0,40,4,40,1.13991135976282,"Damascus, Dimashq, Syria",SY,http://cnsnews.com/news/article/heavy-clashes-syria-near-lebanon-border
20130420,254124101,20130420,SYRIAN,SYR,BEIRUT,LBN,190,재래식 군사력 사용,19,4,-10.0,14,3,14,1.15481971272956,"Damascus, Dimashq, Syria",SY,http://timesofindia.indiatimes.com/world/middle-east/Heavy-clashes-in-Syria-near-Lebanese-border/articleshow/19650952.cms
20130420,254124102,20130420,SYRIA,SYR,LEBANON,LBN,190,재래식 군사력 사용,19,4,-10.0,10,1,10,2.30769230769231,"Beirut, Beyrouth, Lebanon",LE,http://www.dailystar.com.lb/News/Middle-East/2013/Apr-20/214469-heavy-clashes-in-syria-near-lebanon-border.ashx
20130420,254124103,20130420,SYRIAN,SYR,LEBANESE,LBN,190,재래식 군사력 사용,19,4,-10.0,2,1,2,1.82421227197347,"Qadesh, ?ims, Syria",SY,http://www.washingtonpost.com/world/middle_east/syrian-state-media-activists-report-heavy-fighting-in-strategic-province-near-lebanese-border/2013/04/20/c0ebe71c-a99e-11e2-9e1c-bb0fb0c2edd9_story.html
20130420,254124104,20130420,SYRIAN,SYR,LEBANESE,LBN,190,재래식 군사력 사용,19,4,-10.0,3,1,3,1.82421227197347,"Qasr, Idlib, Syria",SY,http://www.washingtonpost.com/world/middle_east/syrian-state-media-activists-report-heavy-fighting-in-strategic-province-near-lebanese-border/2013/04/20/c0ebe71c-a99e-11e2-9e1c-bb0fb0c2edd9_story.html
20130420,254124105,20130420,SYRIAN,SYR,LEBANESE,LBN,190,재래식 군사력 사용,19,4,-10.0,4,1,4,1.82421227197347,"Qasr, Idlib, Syria",SY,http://www.washingtonpost.com/world/middle_east/syrian-state-media-activists-report-heavy-fighting-in-strategic-province-near-lebanese-border/2013/04/20/c0ebe71c-a99e-11e2-9e1c-bb0fb0c2edd9_story.html
20130420,254124106,20130420,SYRIA,SYR,LEBANON,LBN,190,재래식 군사력 사용,19,4,-10.0,10,1,10,1.35135135135135,Lebanon,LE,http://www.philippinetimes.com/index.php/sid/213975701/scat/2411cd3571b4f088
20130420,254124107,20130420,SYRIA,SYR,LEBANESE,LBN,190,재래식 군사력 사용,19,4,-10.0,10,1,10,1.09689213893967,Tunisia,TS,"http://www.ynetnews.com/articles/0,7340,L-4370056,00.html"
20130420,254124108,20130420,SYRIAN,SYR,LEBANON,LBN,193,소형무기·경무기를 이용한 전투,19,4,-10.0,2,1,2,1.03092783505155,"Beirut, Beyrouth, Lebanon",LE,http://timesofindia.indiatimes.com/world/middle-east/Heavy-clashes-in-Syria-near-Lebanese-border/articleshow/19650952.cms
20130420,254124109,20130420,SYRIAN,SYR,LEBANON,LBN,193,소형무기·경무기를 이용한 전투,19,4,-10.0,24,2,24,1.02483796598373,"Qusayr, Tartus, Syria",SY,http://timesofindia.indiatimes.com/world/middle-east/Heavy-clashes-in-Syria-near-Lebanese-border/articleshow/19650952.cms
20130420,254124110,20130420,SYRIAN,SYR,LEBANESE,LBN,193,소형무기·경무기를 이용한 전투,19,4,-10.0,2,1,2,1.03092783505155,"Beirut, Beyrouth, Lebanon",LE,http://timesofindia.indiatimes.com/world/middle-east/Heavy-clashes-in-Syria-near-Lebanese-border/articleshow/19650952.cms
20130420,254124111,20130420,SYRIAN,SYR,LEBANESE,LBN,193,소형무기·경무기를 이용한 전투,19,4,-10.0,2,1,2,1.0126582278481,"Beirut, Beyrouth, Lebanon",LE,http://www.google.com/hostednews/afp/article/ALeqM5iPoEBJExXEarUaZNx5UikyAF-3ug?docId=CNG.555e0ea5d7fec873989e8869b3fc4f0c.551
20130420,254124112,20130420,SYRIAN,SYR,LEBANESE,LBN,193,소형무기·경무기를 이용한 전투,19,4,-10.0,2,1,2,0.0,"Tehran, Tehran, Iran",IR,BBC Monitoring
20130420,254124222,20130420,SYRIA,SYR,TURKISH,TUR,190,재래식 군사력 사용,19,4,-10.0,8,1,8,0.0,"Tehran, Tehran, Iran",IR,BBC Monitoring
20130420,254124303,20130420,SYRIAN,SYR,LEBANESE,LBN,193,소형무기·경무기를 이용한 전투,19,4,-10.0,2,1,2,0.0,"Tehran, Tehran, Iran",IR,BBC Monitoring
20130420,254124333,20130420,SYRIAN,SYR,BEIRUT,LBN,190,재래식 군사력 사용,19,4,-10.0,20,3,20,1.15827386553295,"Damascus, Dimashq, Syria",SY,http://timesofindia.indiatimes.com/world/middle-east/Heavy-clashes-in-Syria-near-Lebanese-border/articleshow/19650952.cms
20130420,254124334,20130420,SYRIA,SYR,LEBANON,LBN,190,재래식 군사력 사용,19,4,-10.0,4,1,4,1.03092783505155,"Damascus, Dimashq, Syria",SY,http://timesofindia.indiatimes.com/world/middle-east/Heavy-clashes-in-Syria-near-Lebanese-border/articleshow/19650952.cms
20130420,254124346,20130420,SYRIA,SYR,JORDAN,JOR,190,재래식 군사력 사용,19,4,-10.0,2,1,2,1.14285714285714,"Mafraq, Jordan (general), Jordan",JO,http://www.dailystar.com.lb/News/Middle-East/2013/Apr-20/214454-10-jordan-police-hurt-in-clash-with-syria-refugees.ashx
20130420,254124347,20130420,SYRIA,SYR,JORDAN,JOR,190,재래식 군사력 사용,19,4,-10.0,8,1,8,1.14285714285714,Syria,SY,http://www.dailystar.com.lb/News/Middle-East/2013/Apr-20/214454-10-jordan-police-hurt-in-clash-with-syria-refugees.ashx
20130420,254124348,20130420,SYRIA,SYR,JORDAN,JOR,190,재래식 군사력 사용,19,4,-10.0,3,2,3,0.0,"Amman, (JO11), Jordan",JO,http://reliefweb.int/report/jordan/10-jordan-police-hurt-clash-syria-refugees
20130420,254124349,20130420,SYRIA,SYR,JORDAN,JOR,190,재래식 군사력 사용,19,4,-10.0,12,2,12,0.0,Syria,SY,http://reliefweb.int/report/jordan/10-jordan-police-hurt-clash-syria-refugees
20130420,254124543,20130420,TURKISH,TUR,ISRAEL,ISR,190,재래식 군사력 사용,19,4,-10.0,2,1,2,0.609756097560976,"Ankara, Ankara, Turkey",TU,http://www.upi.com/Top_News/World-News/2013/04/20/Turkey-says-no-talks-with-Israel-about-Syria/UPI-40981366476640/
20130420,254124544,20130420,TURKISH,TUR,ISRAEL,ISR,190,재래식 군사력 사용,19,4,-10.0,2,1,2,0.609756097560976,Israel,IS,http://www.upi.com/Top_News/World-News/2013/04/20/Turkey-says-no-talks-with-Israel-about-Syria/UPI-40981366476640/
20130420,254124606,20130420,TURKISH,TUR,SYRIA,SYR,190,재래식 군사력 사용,19,4,-10.0,8,1,8,0.0,"Tehran, Tehran, Iran",IR,BBC Monitoring
20130421,254127714,20130414,SINAI,EGY,ISRAEL,ISR,194,포병·전차를 이용한 전투,19,4,-10.0,24,3,24,0.236406619385343,"Eilat, HaDarom, Israel",IS,http://www.google.com/hostednews/afp/article/ALeqM5hrIGK1m3ktkIlo9OaBmQHIU5AIeQ?docId=CNG.4f8b4932c3f5b7d4bcc89ebb91551bee.551
20130421,254127772,20130414,ISRAELI,ISR,SINAI,EGY,194,포병·전차를 이용한 전투,19,4,-10.0,8,2,8,0.680272108843537,"Gaza, Israel (general), Israel",IS,http://www.foxnews.com/world/2013/04/21/israeli-premier-says-gaza-militants-were-behind-last-week-rocket-attack-from/?utm_source=feedburner&utm_medium=feed&utm_campaign=Feed%3A+foxnews%2Fworld+%28Internal+-+World+Latest+-+Text%29
20130421,254127777,20130414,ISRAEL,ISR,SINAI,EGY,194,포병·전차를 이용한 전투,19,4,-10.0,1,1,1,0.0,"Eilat, HaDarom, Israel",IS,"http://www.ynetnews.com/articles/0,7340,L-4370216,00.html"
20130421,254127778,20130414,ISRAELI,ISR,SINAI,EGY,194,포병·전차를 이용한 전투,19,4,-10.0,12,2,12,0.680272108843537,"Gaza, Israel (general), Israel",IS,http://www.foxnews.com/world/2013/04/21/israeli-premier-says-gaza-militants-were-behind-last-week-rocket-attack-from/?utm_source=feedburner&utm_medium=feed&utm_campaign=Feed%3A+foxnews%2Fworld+%28Internal+-+World+Latest+-+Text%29
20130421,254127780,20130414,ISRAEL,ISR,IRAN,IRN,190,재래식 군사력 사용,19,4,-10.0,2,1,2,1.92102454642476,"Tel Aviv, Tel Aviv, Israel",IS,http://www.dailystar.com.lb/News/Middle-East/2013/Apr-21/214509-hagel-israel-us-see-exactly-same-iran-threat.ashx
20130421,254127781,20130414,ISRAEL,ISR,IRAN,IRN,190,재래식 군사력 사용,19,4,-10.0,16,1,8,1.92102454642476,Iran,IR,http://www.dailystar.com.lb/News/Middle-East/2013/Apr-21/214509-hagel-israel-us-see-exactly-same-iran-threat.ashx
20130421,254127782,20130414,ISRAEL,ISR,IRAN,IRN,190,재래식 군사력 사용,19,4,-10.0,2,1,2,1.92102454642476,"Tel Aviv, Tel Aviv, Israel",IS,http://www.dailystar.com.lb/News/Middle-East/2013/Apr-21/214509-hagel-israel-us-see-exactly-same-iran-threat.ashx
20130421,254127783,20130414,ISRAEL,ISR,IRAN,IRN,190,재래식 군사력 사용,19,4,-10.0,16,2,16,1.65912896298184,Iran,IR,http://www.thenews.com.pk/article-97800-Pentagon-chief-says-US-Israel-arms-deal-a-''clear-signal''-to-Iran
20130421,254127784,20130414,ISRAEL,ISR,IRAN,IRN,190,재래식 군사력 사용,19,4,-10.0,4,2,4,1.65912896298184,Israel,IS,http://www.thenews.com.pk/article-97800-Pentagon-chief-says-US-Israel-arms-deal-a-''clear-signal''-to-Iran
20130421,254127848,20130414,PALESTINIAN,PSE,JERUSALEM,ISR,193,소형무기·경무기를 이용한 전투,19,4,-10.0,2,1,2,2.14765100671141,"Jerusalem, Israel (general), Israel",IS,http://www.dailystar.com.lb/Culture/Film/2013/Apr-22/214565-palestinian-activists-seek-to-derail-major-jerusalem-film.ashx
20130421,254138485,20130421,IRAN,IRN,GAZA,PSE,190,재래식 군사력 사용,19,4,-10.0,4,1,4,3.71621621621622,"Ankara, Ankara, Turkey",TU,http://www.jpost.com/Defense/Article.aspx?id=310538&R=R9
20130421,254138486,20130421,IRAN,IRN,GAZA,PSE,190,재래식 군사력 사용,19,4,-10.0,4,1,4,3.71621621621622,"Gaza, Israel (general), Israel",IS,http://www.jpost.com/Defense/Article.aspx?id=310538&R=R9
20130421,254138500,20130421,IRAN,IRN,SAUDI ARABIA,SAU,190,재래식 군사력 사용,19,4,-10.0,6,1,6,1.52671755725191,Iraq,IZ,http://www.timesofoman.com/News/Article-13741.aspx
20130421,254138501,20130421,IRAN,IRN,SAUDI ARABIA,SAU,190,재래식 군사력 사용,19,4,-10.0,2,1,2,1.52671755725191,Saudi Arabia,SA,http://www.timesofoman.com/News/Article-13741.aspx
20130421,254138502,20130421,IRAN,IRN,SAUDI ARABIA,SAU,190,재래식 군사력 사용,19,4,-10.0,2,1,2,1.52671755725191,Saudi Arabia,SA,http://www.timesofoman.com/News/Article-13741.aspx
20130421,254138539,20130421,IRAN,IRN,SYRIA,SYR,190,재래식 군사력 사용,19,4,-10.0,4,2,4,3.2019627786158,"Istanbul, Istanbul, Turkey",TU,http://www.jpost.com/MiddleEast/Article.aspx?ID=310531&R=R1
20130421,254138540,20130421,IRAN,IRN,SYRIA,SYR,190,재래식 군사력 사용,19,4,-10.0,2,1,2,3.3457249070632,"Istanbul, Istanbul, Turkey",TU,http://in.reuters.com/article/2013/04/21/syria-crisis-opposition-idINDEE93K01720130421
20130421,254138541,20130421,IRAN,IRN,SYRIA,SYR,190,재래식 군사력 사용,19,4,-10.0,24,3,24,3.24988348809827,Lebanon,LE,http://www.jpost.com/MiddleEast/Article.aspx?ID=310531&R=R1
20130421,254138556,20130421,IRAN,IRN,TURKEY,TUR,190,재래식 군사력 사용,19,4,-10.0,8,1,8,3.71621621621622,"Ankara, Ankara, Turkey",TU,http://www.jpost.com/Defense/Article.aspx?id=310538&R=R9
20130421,254138683,20130421,IRAQ,IRQ,SAUDI ARABIA,SAU,190,재래식 군사력 사용,19,4,-10.0,6,1,6,1.52671755725191,Iraq,IZ,http://www.timesofoman.com/News/Article-13741.aspx
20130421,254138684,20130421,IRAQ,IRQ,SAUDI ARABIA,SAU,190,재래식 군사력 사용,19,4,-10.0,2,1,2,1.52671755725191,Saudi Arabia,SA,http://www.timesofoman.com/News/Article-13741.aspx
20130421,254138685,20130421,IRAQ,IRQ,SAUDI ARABIA,SAU,190,재래식 군사력 사용,19,4,-10.0,2,1,2,1.52671755725191,Saudi Arabia,SA,http://www.timesofoman.com/News/Article-13741.aspx
20130421,254138856,20130421,ISRAEL,ISR,SINAI,EGY,194,포병·전차를 이용한 전투,19,4,-10.0,24,3,24,0.236406619385343,"Eilat, HaDarom, Israel",IS,http://www.google.com/hostednews/afp/article/ALeqM5hrIGK1m3ktkIlo9OaBmQHIU5AIeQ?docId=CNG.4f8b4932c3f5b7d4bcc89ebb91551bee.551
20130421,254138857,20130421,JERUSALEM,ISR,SINAI,EGY,194,포병·전차를 이용한 전투,19,4,-10.0,4,2,4,0.354609929078014,"Gaza, Israel (general), Israel",IS,http://www.maannews.net/eng/ViewDetails.aspx?ID=587956
20130421,254138858,20130421,JERUSALEM,ISR,SINAI,EGY,194,포병·전차를 이용한 전투,19,4,-10.0,2,1,2,0.0,"Gaza, Israel (general), Israel",IS,http://www.google.com/hostednews/afp/article/ALeqM5hrIGK1m3ktkIlo9OaBmQHIU5AIeQ?docId=CNG.4f8b4932c3f5b7d4bcc89ebb91551bee.551
20130421,254138859,20130421,ISRAEL,ISR,SINAI PENINSULA,EGY,195,공중무기 사용,19,4,-10.0,10,1,10,0.570342205323194,"Gaza, Israel (general), Israel",IS,http://www.israelnationalnews.com/News/News.aspx/167321
20130421,254138862,20130421,ISRAEL,ISR,EGYPT,EGY,194,포병·전차를 이용한 전투,19,4,-10.0,2,1,2,0.0,"Eilat, HaDarom, Israel",IS,http://www.jpost.com/Defense/Article.aspx?ID=310636&R=R1
20130421,254138943,20130421,ISRAEL,ISR,IRAN,IRN,138,군사력 사용 위협,13,3,-7.0,10,1,10,2.61780104712042,Iran,IR,"http://www.chicagotribune.com/news/la-fg-wn-hagel-vows-solidarity-with-israel-at-start-of-mideast-trip-20130421,0,3806068.story"
20130421,254139066,20130421,ISRAEL,ISR,GAZA,PSE,190,재래식 군사력 사용,19,4,-10.0,36,6,36,0.881897657690337,"Gaza, Israel (general), Israel",IS,http://www.nzherald.co.nz/world/news/article.cfm?c_id=2&objectid=10878981&ref=rss
20130421,254139067,20130421,ISRAEL,ISR,PALESTINIAN,PSE,194,포병·전차를 이용한 전투,19,4,-10.0,30,3,30,0.783251805264384,"Gaza, Israel (general), Israel",IS,http://www.timesofoman.com/News/Article-13707.aspx
20130421,254139171,20130421,ISRAEL,ISR,TURK,TUR,190,재래식 군사력 사용,19,4,-10.0,11,2,11,1.39475716687111,"Gaza, Israel (general), Israel",IS,http://www.euronews.com/2013/04/21/kerry-urges-better-relations-between-turkey-and-israel/
20130421,254139172,20130421,ISRAEL,ISR,TURK,TUR,190,재래식 군사력 사용,19,4,-10.0,9,2,9,1.18274196235216,"Gaza, Israel (general), Israel",IS,http://www.philippinetimes.com/index.php/sid/213992415/scat/2411cd3571b4f088
20130421,254139264,20130421,ISRAEL,ISR,SINAI,EGY,194,포병·전차를 이용한 전투,19,4,-10.0,1,1,1,0.0,"Eilat, HaDarom, Israel",IS,"http://www.ynetnews.com/articles/0,7340,L-4370216,00.html"
20130421,254139265,20130421,ISRAELI,ISR,SINAI,EGY,194,포병·전차를 이용한 전투,19,4,-10.0,2,1,2,0.709219858156028,"Gaza, Israel (general), Israel",IS,http://www.dailystar.com.lb/News/Middle-East/2013/Apr-21/214521-israel-to-exact-price-for-eilat-rocket-attack-netanyahu.ashx
20130421,254139684,20130421,AMMAN,JOR,DAMASCUS,SYR,190,재래식 군사력 사용,19,4,-10.0,27,3,27,0.741740957854239,"Damascus, Dimashq, Syria",SY,http://uk.reuters.com/article/2013/04/22/uk-syria-crisis-deaths-idUKBRE93K09F20130422?feedType=RSS&feedName=worldNews&utm_source=feedburner&utm_medium=feed&utm_campaign=Feed%3A+Reuters%2FUKWorldNews+%28News+%2F+UK+%2F+World+News%29
20130421,254139685,20130421,AMMAN,JOR,DAMASCUS,SYR,190,재래식 군사력 사용,19,4,-10.0,4,1,4,0.986547085201794,"Bekaa, Béa, Lebanon",LE,http://www.jpost.com/MiddleEast/Article.aspx?id=310623&R=R3
20130421,254139686,20130421,JORDAN,JOR,DAMASCUS,SYR,190,재래식 군사력 사용,19,4,-10.0,1,1,1,0.547445255474453,"Damascus, Dimashq, Syria",SY,http://news.yahoo.com/assads-forces-kill-85-damascus-suburb-activists-171512130.html
20130421,254139687,20130421,AMMAN,JOR,DAMASCUS,SYR,190,재래식 군사력 사용,19,4,-10.0,25,3,25,0.985875034527535,"Jdeidet Artouz, Rif Dimashq, Syria",SY,http://in.reuters.com/article/2013/04/21/syria-crisis-deaths-idINDEE93K08420130421?feedType=RSS&feedName=worldNews
20130421,254139688,20130421,AMMAN,JOR,DAMASCUS,SYR,190,재래식 군사력 사용,19,4,-10.0,2,1,2,0.68870523415978,Israel,IS,http://www.reuters.com/article/2013/04/21/us-syria-crisis-deaths-idUSBRE93K09D20130421?feedType=RSS&feedName=topNews
20130421,254139689,20130421,AMMAN,JOR,SYRIA,SYR,190,재래식 군사력 사용,19,4,-10.0,2,1,2,1.34228187919463,Syria,SY,http://www.jpost.com/Headlines/Article.aspx?id=310613&R=R101
20130421,254140582,20130421,LEBANESE,LBN,IRAN,IRN,190,재래식 군사력 사용,19,4,-10.0,2,2,2,1.22139966807765,"Damascus, Dimashq, Syria",SY,http://in.reuters.com/article/2013/04/22/syria-crisis-lebanon-idINDEE93L01120130422
20130421,254140583,20130421,LEBANESE,LBN,IRAN,IRN,190,재래식 군사력 사용,19,4,-10.0,2,1,2,0.986547085201794,"Damascus, Dimashq, Syria",SY,http://www.jpost.com/MiddleEast/Article.aspx?id=310623&R=R3
20130421,254140584,20130421,LEBANON,LBN,IRAN,IRN,190,재래식 군사력 사용,19,4,-10.0,6,1,6,0.986547085201794,"Bekaa Valley, Béa, Lebanon",LE,http://www.jpost.com/MiddleEast/Article.aspx?id=310623&R=R3
20130421,254140585,20130421,LEBANON,LBN,IRAN,IRN,190,재래식 군사력 사용,19,4,-10.0,4,2,4,1.22139966807765,"Damascus, Dimashq, Syria",SY,http://in.reuters.com/article/2013/04/22/syria-crisis-lebanon-idINDEE93L01120130422
20130421,254140586,20130421,LEBANESE,LBN,IRAN,IRN,190,재래식 군사력 사용,19,4,-10.0,6,3,6,1.12301689159635,"Beirut, Beyrouth, Lebanon",LE,http://www.trust.org/alertnet/news/syria-fighting-flares-both-sides-of-lebanese-border
20130421,254140587,20130421,LEBANON,LBN,IRAN,IRN,190,재래식 군사력 사용,19,4,-10.0,3,1,3,1.50115473441109,China,CH,http://www.reuters.com/article/2013/04/21/us-syria-crisis-lebanon-idUSBRE93K0DN20130421
20130421,254140588,20130421,LEBANESE,LBN,IRAN,IRN,190,재래식 군사력 사용,19,4,-10.0,1,1,1,1.50115473441109,China,CH,http://www.reuters.com/article/2013/04/21/us-syria-crisis-lebanon-idUSBRE93K0DN20130421
20130421,254140589,20130421,LEBANON,LBN,IRAN,IRN,190,재래식 군사력 사용,19,4,-10.0,2,1,2,0.933488914819136,United Kingdom,UK,http://www.forbesadvocate.com.au/story/1447868/syrian-fighting-spills-into-lebanon/?cs=12
20130421,254140590,20130421,LEBANESE,LBN,IRAN,IRN,190,재래식 군사력 사용,19,4,-10.0,2,1,2,0.933488914819136,United Kingdom,UK,http://www.forbesadvocate.com.au/story/1447868/syrian-fighting-spills-into-lebanon/?cs=12
20130421,254140591,20130421,LEBANON,LBN,IRAN,IRN,194,포병·전차를 이용한 전투,19,4,-10.0,2,1,2,0.986547085201794,"Orontes River, , Lebanon",LE,http://www.jpost.com/MiddleEast/Article.aspx?id=310623&R=R3
20130421,254140592,20130421,LEBANON,LBN,IRAN,IRN,194,포병·전차를 이용한 전투,19,4,-10.0,4,1,4,1.50115473441109,"Bekaa, Béa, Lebanon",LE,http://www.reuters.com/article/2013/04/21/us-syria-crisis-lebanon-idUSBRE93K0DN20130421
20130421,254140593,20130421,LEBANON,LBN,IRAN,IRN,194,포병·전차를 이용한 전투,19,4,-10.0,22,5,22,1.07816988766051,"Bekaa Valley, Béa, Lebanon",LE,http://www.forbesadvocate.com.au/story/1447868/syrian-fighting-spills-into-lebanon/?cs=12
20130421,254140638,20130421,LEBANESE,LBN,SYRIA,SYR,190,재래식 군사력 사용,19,4,-10.0,6,1,6,0.986547085201794,"Jdeidet Artouz, Rif Dimashq, Syria",SY,http://www.jpost.com/MiddleEast/Article.aspx?id=310623&R=R3
20130421,254140639,20130421,LEBANESE,LBN,SYRIA,SYR,190,재래식 군사력 사용,19,4,-10.0,12,1,6,3.62537764350453,"Damascus, Dimashq, Syria",SY,http://www.dailystar.com.lb/News/Politics/2013/Apr-22/214584-lebanese-figures-make-surprisevisit-to-assad.ashx
20130421,254140640,20130421,LEBANON,LBN,SYRIA,SYR,190,재래식 군사력 사용,19,4,-10.0,4,1,2,3.62537764350453,"Beirut, Beyrouth, Lebanon",LE,http://www.dailystar.com.lb/News/Politics/2013/Apr-22/214584-lebanese-figures-make-surprisevisit-to-assad.ashx
20130421,254140641,20130421,LEBANESE,LBN,SYRIA,SYR,190,재래식 군사력 사용,19,4,-10.0,2,1,2,3.62537764350453,"Beirut, Beyrouth, Lebanon",LE,http://www.dailystar.com.lb/News/Politics/2013/Apr-22/214584-lebanese-figures-make-surprisevisit-to-assad.ashx
20130421,254140642,20130421,LEBANESE,LBN,SYRIA,SYR,190,재래식 군사력 사용,19,4,-10.0,2,1,2,3.62537764350453,Northern Mariana Islands,CQ,http://www.dailystar.com.lb/News/Politics/2013/Apr-22/214584-lebanese-figures-make-surprisevisit-to-assad.ashx
20130421,254140643,20130421,LEBANON,LBN,SYRIA,SYR,194,포병·전차를 이용한 전투,19,4,-10.0,4,1,4,1.39372822299652,"Qasr, Idlib, Syria",SY,http://news.yahoo.com/syrian-rebels-intensify-rocket-attacks-lebanon-180236725.html
20130421,254143730,20130421,GAZA,PSE,ISRAEL,ISR,190,재래식 군사력 사용,19,4,-10.0,1,1,1,0.570342205323194,"Eilat, HaDarom, Israel",IS,http://www.israelnationalnews.com/News/News.aspx/167321
20130421,254143731,20130421,GAZA,PSE,ISRAEL,ISR,190,재래식 군사력 사용,19,4,-10.0,37,7,37,0.873477240058792,"Gaza, Israel (general), Israel",IS,http://www.nzherald.co.nz/world/news/article.cfm?c_id=2&objectid=10878981&ref=rss
20130421,254143732,20130421,PALESTINIAN,PSE,ISRAEL,ISR,194,포병·전차를 이용한 전투,19,4,-10.0,10,1,10,0.0,"Mogadishu, Banaadir, Somalia",SO,BBC Monitoring
20130421,254143733,20130421,GAZA,PSE,ISRAEL,ISR,194,포병·전차를 이용한 전투,19,4,-10.0,1,1,1,0.570342205323194,"Gaza, Israel (general), Israel",IS,http://www.israelnationalnews.com/News/News.aspx/167321
20130421,254143734,20130421,GAZA,PSE,ISRAEL,ISR,194,포병·전차를 이용한 전투,19,4,-10.0,37,11,31,0.577028103578935,"Gaza, Israel (general), Israel",IS,http://www.google.com/hostednews/afp/article/ALeqM5hrIGK1m3ktkIlo9OaBmQHIU5AIeQ?docId=CNG.4f8b4932c3f5b7d4bcc89ebb91551bee.551
20130421,254143826,20130421,HAMAS,PSE,ISRAELI,ISR,194,포병·전차를 이용한 전투,19,4,-10.0,10,1,10,2.64400377714825,"Gaza, Israel (general), Israel",IS,"http://www.ynetnews.com/articles/0,7340,L-4369754,00.html"
20130421,254143873,20130421,GAZA,PSE,ISRAEL,ISR,190,재래식 군사력 사용,19,4,-10.0,2,1,2,0.570342205323194,"Gaza, Israel (general), Israel",IS,http://www.israelnationalnews.com/News/News.aspx/167321
20130421,254143874,20130421,GAZA,PSE,ISRAEL,ISR,194,포병·전차를 이용한 전투,19,4,-10.0,2,1,2,0.570342205323194,"Gaza, Israel (general), Israel",IS,http://www.israelnationalnews.com/News/News.aspx/167321
20130421,254144521,20130421,SAUDI ARABIA,SAU,IRAN,IRN,138,군사력 사용 위협,13,3,-7.0,2,1,2,2.61780104712042,Iran,IR,"http://www.chicagotribune.com/news/la-fg-wn-hagel-vows-solidarity-with-israel-at-start-of-mideast-trip-20130421,0,3806068.story"
20130421,254144522,20130421,SAUDI ARABIA,SAU,IRAN,IRN,138,군사력 사용 위협,13,3,-7.0,8,1,8,2.61780104712042,Iran,IR,"http://www.chicagotribune.com/news/la-fg-wn-hagel-vows-solidarity-with-israel-at-start-of-mideast-trip-20130421,0,3806068.story"
20130421,254144570,20130421,SAUDI ARABIA,SAU,IRAN,IRN,190,재래식 군사력 사용,19,4,-10.0,6,1,6,1.52671755725191,Iraq,IZ,http://www.timesofoman.com/News/Article-13741.aspx
20130421,254144571,20130421,SAUDI ARABIA,SAU,IRAN,IRN,190,재래식 군사력 사용,19,4,-10.0,2,1,2,1.52671755725191,Saudi Arabia,SA,http://www.timesofoman.com/News/Article-13741.aspx
20130421,254144572,20130421,SAUDI ARABIA,SAU,IRAN,IRN,190,재래식 군사력 사용,19,4,-10.0,2,1,2,1.52671755725191,Saudi Arabia,SA,http://www.timesofoman.com/News/Article-13741.aspx
20130421,254144573,20130421,SAUDI ARABIA,SAU,IRAQ,IRQ,190,재래식 군사력 사용,19,4,-10.0,8,1,8,1.52671755725191,"Tehran, Tehran, Iran",IR,http://www.timesofoman.com/News/Article-13741.aspx
20130421,254144574,20130421,SAUDI ARABIA,SAU,IRAQ,IRQ,190,재래식 군사력 사용,19,4,-10.0,2,1,2,1.52671755725191,Saudi Arabia,SA,http://www.timesofoman.com/News/Article-13741.aspx
20130421,254144991,20130421,DAMASCUS,SYR,CAIRO,EGY,190,재래식 군사력 사용,19,4,-10.0,7,1,7,0.0,"Damascus, Dimashq, Syria",SY,http://www.laht.com/article.asp?ArticleId=755256&CategoryId=12395
20130421,254145054,20130421,SYRIA,SYR,IRAN,IRN,190,재래식 군사력 사용,19,4,-10.0,4,2,4,3.2019627786158,"Istanbul, Istanbul, Turkey",TU,http://www.jpost.com/MiddleEast/Article.aspx?ID=310531&R=R1
20130421,254145055,20130421,SYRIA,SYR,IRAN,IRN,190,재래식 군사력 사용,19,4,-10.0,2,1,2,3.3457249070632,"Istanbul, Istanbul, Turkey",TU,http://in.reuters.com/article/2013/04/21/syria-crisis-opposition-idINDEE93K01720130421
20130421,254145056,20130421,SYRIA,SYR,IRAN,IRN,190,재래식 군사력 사용,19,4,-10.0,24,3,24,3.24988348809827,Lebanon,LE,http://www.jpost.com/MiddleEast/Article.aspx?ID=310531&R=R1
20130421,254145057,20130421,SYRIA,SYR,IRAN,IRN,195,공중무기 사용,19,4,-10.0,2,1,2,0.933488914819136,"Damascus, Dimashq, Syria",SY,http://www.forbesadvocate.com.au/story/1447868/syrian-fighting-spills-into-lebanon/?cs=12
20130421,254145083,20130421,SYRIAN,SYR,JORDAN,JOR,190,재래식 군사력 사용,19,4,-10.0,1,1,1,0.0,"Mogadishu, Banaadir, Somalia",SO,BBC Monitoring
20130421,254145084,20130421,SYRIAN,SYR,JORDAN,JOR,190,재래식 군사력 사용,19,4,-10.0,1,1,1,0.0,"Ankara, Ankara, Turkey",TU,BBC Monitoring
20130421,254145105,20130421,SYRIAN,SYR,LEBANON,LBN,138,군사력 사용 위협,13,3,-7.0,2,1,2,2.0997375328084,"Beirut, Beyrouth, Lebanon",LE,http://www.csmonitor.com/World/Middle-East/2013/0421/Syrian-rebels-intensify-rocket-attacks-into-Lebanon
20130421,254145106,20130421,SYRIAN,SYR,LEBANON,LBN,138,군사력 사용 위협,13,3,-7.0,6,2,6,1.62906465960048,"Qusayr, Tartus, Syria",SY,http://news.yahoo.com/syrian-rebels-intensify-rocket-attacks-lebanon-180236725.html
20130421,254145108,20130421,SYRIA,SYR,LEBANESE,LBN,190,재래식 군사력 사용,19,4,-10.0,12,1,6,3.62537764350453,"Damascus, Dimashq, Syria",SY,http://www.dailystar.com.lb/News/Politics/2013/Apr-22/214584-lebanese-figures-make-surprisevisit-to-assad.ashx
20130421,254145109,20130421,SYRIA,SYR,LEBANON,LBN,190,재래식 군사력 사용,19,4,-10.0,4,1,2,3.62537764350453,"Beirut, Beyrouth, Lebanon",LE,http://www.dailystar.com.lb/News/Politics/2013/Apr-22/214584-lebanese-figures-make-surprisevisit-to-assad.ashx
20130421,254145110,20130421,SYRIAN,SYR,LEBANON,LBN,190,재래식 군사력 사용,19,4,-10.0,4,2,4,1.8919740295621,"Qusayr, Tartus, Syria",SY,http://www.abc.net.au/news/2013-04-22/syria/4642394
20130421,254145111,20130421,SYRIAN,SYR,LEBANON,LBN,190,재래식 군사력 사용,19,4,-10.0,2,1,2,1.39372822299652,"Qusayr, Tartus, Syria",SY,http://news.yahoo.com/syrian-rebels-intensify-rocket-attacks-lebanon-180236725.html
20130421,254145112,20130421,SYRIAN,SYR,LEBANON,LBN,190,재래식 군사력 사용,19,4,-10.0,4,2,4,1.74673287790246,"Bekaa Valley, Béa, Lebanon",LE,http://news.yahoo.com/syrian-rebels-intensify-rocket-attacks-lebanon-180236725.html
20130421,254145113,20130421,SYRIAN,SYR,LEBANON,LBN,190,재래식 군사력 사용,19,4,-10.0,8,1,8,1.68421052631579,Lebanon,LE,http://www.abc.net.au/news/2013-04-22/syria/4642394
20130421,254145114,20130421,SYRIA,SYR,LEBANESE,LBN,190,재래식 군사력 사용,19,4,-10.0,2,1,2,3.62537764350453,"Beirut, Beyrouth, Lebanon",LE,http://www.dailystar.com.lb/News/Politics/2013/Apr-22/214584-lebanese-figures-make-surprisevisit-to-assad.ashx
20130421,254145115,20130421,SYRIA,SYR,LEBANESE,LBN,190,재래식 군사력 사용,19,4,-10.0,2,1,2,3.62537764350453,Northern Mariana Islands,CQ,http://www.dailystar.com.lb/News/Politics/2013/Apr-22/214584-lebanese-figures-make-surprisevisit-to-assad.ashx
20130421,254145116,20130421,SYRIAN,SYR,LEBANESE,LBN,190,재래식 군사력 사용,19,4,-10.0,2,1,2,1.16279069767442,Syria,SY,"http://www.ynetnews.com/articles/0,7340,L-4370583,00.html"
20130421,254145117,20130421,SYRIAN,SYR,LEBANESE,LBN,192,영토 점령,19,4,-9.5,8,1,8,2.06896551724138,"Damascus, Dimashq, Syria",SY,http://zeenews.india.com/news/world/syrian-troops-recapture-5-strategic-towns-near-lebanese-borders_843649.html
20130421,254145118,20130421,SYRIA,SYR,LEBANON,LBN,193,소형무기·경무기를 이용한 전투,19,4,-10.0,6,1,6,2.37154150197628,"Golan Heights, Syria (general), Syria",SY,http://www.israelnationalnews.com/News/News.aspx/167320
20130421,254145119,20130421,SYRIA,SYR,LEBANON,LBN,193,소형무기·경무기를 이용한 전투,19,4,-10.0,2,1,2,2.37154150197628,Israel,IS,http://www.israelnationalnews.com/News/News.aspx/167320
20130421,254145120,20130421,SYRIA,SYR,LEBANON,LBN,193,소형무기·경무기를 이용한 전투,19,4,-10.0,2,1,2,2.37154150197628,Israel,IS,http://www.israelnationalnews.com/News/News.aspx/167320
20130421,254145121,20130421,SYRIAN,SYR,LEBANON,LBN,194,포병·전차를 이용한 전투,19,4,-10.0,2,1,2,2.0997375328084,"Qusayr, Tartus, Syria",SY,http://www.csmonitor.com/World/Middle-East/2013/0421/Syrian-rebels-intensify-rocket-attacks-into-Lebanon
20130421,254145122,20130421,SYRIAN,SYR,LEBANON,LBN,194,포병·전차를 이용한 전투,19,4,-10.0,2,1,2,1.39372822299652,"Bekaa, Béa, Lebanon",LE,http://news.yahoo.com/syrian-rebels-intensify-rocket-attacks-lebanon-180236725.html
20130421,254145123,20130421,SYRIAN,SYR,LEBANON,LBN,194,포병·전차를 이용한 전투,19,4,-10.0,2,1,2,2.0997375328084,"Beirut, Beyrouth, Lebanon",LE,http://www.csmonitor.com/World/Middle-East/2013/0421/Syrian-rebels-intensify-rocket-attacks-into-Lebanon
20130421,254145259,20130421,SYRIAN,SYR,TURKEY,TUR,190,재래식 군사력 사용,19,4,-10.0,17,1,17,2.73823424532062,Syria,SY,http://www.npr.org/2013/04/21/178229732/aid-to-syria-comes-with-fears-of-islamist-presence?ft=1&f=1009
20130421,254145334,20130421,SYRIAN,SYR,JORDAN,JOR,190,재래식 군사력 사용,19,4,-10.0,3,1,3,0.0,"Ankara, Ankara, Turkey",TU,BBC Monitoring
20130421,254145365,20130421,SYRIA,SYR,TURKEY,TUR,190,재래식 군사력 사용,19,4,-10.0,2,1,2,2.79329608938547,Syria,SY,http://www.npr.org/2013/04/21/178229732/aid-to-syria-comes-with-fears-of-islamist-presence?ft=1&f=1004
20130421,254145414,20130421,SYRIAN,SYR,LEBANON,LBN,138,군사력 사용 위협,13,3,-7.0,6,1,6,1.39372822299652,"Qusayr, Tartus, Syria",SY,http://news.yahoo.com/syrian-rebels-intensify-rocket-attacks-lebanon-180236725.html
20130421,254145415,20130421,SYRIAN,SYR,LEBANON,LBN,190,재래식 군사력 사용,19,4,-10.0,6,1,6,1.39372822299652,"Bekaa Valley, Béa, Lebanon",LE,http://news.yahoo.com/syrian-rebels-intensify-rocket-attacks-lebanon-180236725.html
20130421,254145416,20130421,SYRIAN,SYR,LEBANON,LBN,194,포병·전차를 이용한 전투,19,4,-10.0,6,1,6,1.39372822299652,"Bekaa, Béa, Lebanon",LE,http://news.yahoo.com/syrian-rebels-intensify-rocket-attacks-lebanon-180236725.html
20130421,254145417,20130421,SYRIAN,SYR,LEBANON,LBN,194,포병·전차를 이용한 전투,19,4,-10.0,12,1,12,2.0997375328084,"Qusayr, Tartus, Syria",SY,http://www.csmonitor.com/World/Middle-East/2013/0421/Syrian-rebels-intensify-rocket-attacks-into-Lebanon
20130421,254145773,20130421,TURKEY,TUR,GAZA,PSE,190,재래식 군사력 사용,19,4,-10.0,1,1,1,1.44092219020173,"Gaza, Israel (general), Israel",IS,http://www.channelnewsasia.com/news/world/hamas-denounces-kerry-s-call-on-erdogan-/646358.html
20130421,254145774,20130421,TURKEY,TUR,GAZA,PSE,190,재래식 군사력 사용,19,4,-10.0,10,1,10,1.0989010989011,"Ankara, Ankara, Turkey",TU,http://www.timesofoman.com/News/Article-13746.aspx
20130421,254145775,20130421,TURKEY,TUR,GAZA,PSE,190,재래식 군사력 사용,19,4,-10.0,1,1,1,1.44092219020173,"Gaza, Israel (general), Israel",IS,http://www.channelnewsasia.com/news/world/hamas-denounces-kerry-s-call-on-erdogan-/646358.html
20130422,254149982,20130415,LEBANESE,LBN,SYRIA,SYR,194,포병·전차를 이용한 전투,19,4,-10.0,2,1,2,1.75438596491228,"Beirut, Beyrouth, Lebanon",LE,http://www.upi.com/Top_News/Special/2013/04/22/Crisis-engulfs-Lebanese-Syrian-borders/UPI-92771366652843/
20130422,254149983,20130415,LEBANESE,LBN,SYRIA,SYR,194,포병·전차를 이용한 전투,19,4,-10.0,2,1,2,1.75438596491228,"Qasr, Idlib, Syria",SY,http://www.upi.com/Top_News/Special/2013/04/22/Crisis-engulfs-Lebanese-Syrian-borders/UPI-92771366652843/
20130422,254149986,20130415,LEBANON,LBN,SYRIA,SYR,194,포병·전차를 이용한 전투,19,4,-10.0,4,1,4,1.75438596491228,"Qasr, Idlib, Syria",SY,http://www.upi.com/Top_News/Special/2013/04/22/Crisis-engulfs-Lebanese-Syrian-borders/UPI-92771366652843/
20130422,254167788,20130422,IRAN,IRN,ISRAEL,ISR,138,군사력 사용 위협,13,3,-7.0,4,2,4,3.2621087487679,Iran,IR,http://www.globalsecurity.org/military/library/news/2013/04/mil-130422-afps03.htm
20130422,254167789,20130422,IRAN,IRN,ISRAELI,ISR,190,재래식 군사력 사용,19,4,-10.0,4,2,4,1.89577717879604,Iran,IR,http://www.airforcetimes.com/article/20130422/NEWS/304220008
20130422,254167791,20130422,IRAN,IRN,MOSHE YAALON,ISR,190,재래식 군사력 사용,19,4,-10.0,12,2,12,1.89577717879605,Iran,IR,http://www.airforcetimes.com/article/20130422/NEWS/304220008
20130422,254167792,20130422,IRAN,IRN,MOSHE YAALON,ISR,190,재래식 군사력 사용,19,4,-10.0,4,2,4,1.89577717879604,Israel,IS,http://www.airforcetimes.com/article/20130422/NEWS/304220008
20130422,254167799,20130422,IRAN,IRN,LEBANON,LBN,190,재래식 군사력 사용,19,4,-10.0,2,1,2,1.86915887850467,"Beirut, Beyrouth, Lebanon",LE,http://www.bloomberg.com/news/2013-04-22/lebanon-defense-a-duty-after-army-failure-hezbollah-says.html
20130422,254167800,20130422,IRAN,IRN,LEBANON,LBN,190,재래식 군사력 사용,19,4,-10.0,2,1,2,1.86915887850467,Syria,SY,http://www.bloomberg.com/news/2013-04-22/lebanon-defense-a-duty-after-army-failure-hezbollah-says.html
20130422,254167874,20130422,IRAN,IRN,SYRIAN,SYR,190,재래식 군사력 사용,19,4,-10.0,4,1,4,0.0,"London, London, City of, United Kingdom",UK,BBC Monitoring
20130422,254167877,20130422,IRAN,IRN,SYRIAN,SYR,190,재래식 군사력 사용,19,4,-10.0,6,1,6,0.0,"London, London, City of, United Kingdom",UK,BBC Monitoring
20130422,254167883,20130422,IRAN,IRN,TURKEY,TUR,190,재래식 군사력 사용,19,4,-10.0,4,1,4,2.56024096385542,"Mavi, Khuzestan, Iran",IR,http://www.jpost.com/Opinion/Editorials/Article.aspx?ID=310735&R=R1
20130422,254167884,20130422,IRAN,IRN,TURKEY,TUR,190,재래식 군사력 사용,19,4,-10.0,2,1,2,2.56024096385542,"Ankara, Ankara, Turkey",TU,http://www.jpost.com/Opinion/Editorials/Article.aspx?ID=310735&R=R1
20130422,254167885,20130422,IRAN,IRN,TURKEY,TUR,190,재래식 군사력 사용,19,4,-10.0,2,1,2,2.56024096385542,"Gaza, Israel (general), Israel",IS,http://www.jpost.com/Opinion/Editorials/Article.aspx?ID=310735&R=R1
20130422,254168371,20130422,ISRAEL,ISR,IRAN,IRN,190,재래식 군사력 사용,19,4,-10.0,20,1,20,2.50941028858218,Israel,IS,http://www.upi.com/Top_News/Special/2013/04/22/Israel-talks-Iran-war-as-US-sells-arms/UPI-34921366654559/
20130422,254168372,20130422,ISRAEL,ISR,IRAN,IRN,195,공중무기 사용,19,4,-10.0,2,1,2,3.68906455862978,"Jerusalem, Israel (general), Israel",IS,http://www.nypost.com/p/news/opinion/opedcolumnists/bam_mideast_strategy_at_last_TbCk9q28falf8dkDANvjZJ?utm_medium=rss&utm_content=Oped%20Columnists
20130422,254168373,20130422,ISRAEL,ISR,IRAN,IRN,195,공중무기 사용,19,4,-10.0,8,1,8,3.68906455862978,"Tehran, Tehran, Iran",IR,http://www.nypost.com/p/news/opinion/opedcolumnists/bam_mideast_strategy_at_last_TbCk9q28falf8dkDANvjZJ?utm_medium=rss&utm_content=Oped%20Columnists
20130422,254168545,20130422,ISRAEL,ISR,GAZA,PSE,190,재래식 군사력 사용,19,4,-10.0,2,1,2,0.0,"London, London, City of, United Kingdom",UK,BBC Monitoring
20130422,254168546,20130422,ISRAEL,ISR,GAZA,PSE,190,재래식 군사력 사용,19,4,-10.0,6,1,6,0.0,Turkey,TU,BBC Monitoring
20130422,254168547,20130422,ISRAEL,ISR,GAZA,PSE,190,재래식 군사력 사용,19,4,-10.0,2,1,2,0.0,"London, London, City of, United Kingdom",UK,BBC Monitoring
20130422,254168548,20130422,TEL AVIV,ISR,GAZA,PSE,190,재래식 군사력 사용,19,4,-10.0,2,1,2,2.07715133531157,"Ankara, Ankara, Turkey",TU,"http://www.ynetnews.com/articles/0,7340,L-4370748,00.html"
20130422,254168549,20130422,TEL AVIV,ISR,GAZA,PSE,190,재래식 군사력 사용,19,4,-10.0,4,1,4,2.07715133531157,"Gaza, Israel (general), Israel",IS,"http://www.ynetnews.com/articles/0,7340,L-4370748,00.html"
20130422,254168550,20130422,ISRAELI,ISR,GAZA,PSE,190,재래식 군사력 사용,19,4,-10.0,1,1,1,2.7027027027027,"Gaza, Israel (general), Israel",IS,http://www.israelnationalnews.com/News/News.aspx/167389
20130422,254168551,20130422,ISRAELI,ISR,GAZA,PSE,190,재래식 군사력 사용,19,4,-10.0,10,1,10,2.34375,"Ankara, Ankara, Turkey",TU,http://www.voanews.com/content/israel-turkey-discuss-flotilla-compensation/1646201.html
20130422,254168552,20130422,ISRAEL,ISR,WEST BANK,PSE,192,영토 점령,19,4,-9.5,5,1,5,1.79910044977511,Israel,IS,http://news.yahoo.com/trials-israeli-arab-prosecuting-palestinians-200658771.html
20130422,254168587,20130422,ISRAEL,ISR,SYRIA,SYR,138,군사력 사용 위협,13,3,-7.0,3,1,3,1.02564102564103,"Tel Aviv, Tel Aviv, Israel",IS,http://www.middle-east-online.com/english/?id=58283
20130422,254168588,20130422,ISRAEL,ISR,SYRIA,SYR,190,재래식 군사력 사용,19,4,-10.0,10,1,10,0.0,"Somaliland, Somalia (general), Somalia",SO,BBC Monitoring
20130422,254168665,20130422,ISRAELI,ISR,TURKEY,TUR,190,재래식 군사력 사용,19,4,-10.0,2,1,2,4.0,"Ankara, Ankara, Turkey",TU,http://www.panarmenian.net/eng/news/155250/
20130422,254168666,20130422,ISRAELI,ISR,TURKEY,TUR,190,재래식 군사력 사용,19,4,-10.0,2,1,2,4.0,"Gaza, Israel (general), Israel",IS,http://www.panarmenian.net/eng/news/155250/
20130422,254168667,20130422,ISRAEL,ISR,TURKEY,TUR,190,재래식 군사력 사용,19,4,-10.0,16,2,16,4.01100453959338,"Ankara, Ankara, Turkey",TU,http://thestar.com.my/news/story.asp?file=/2013/4/22/worldupdates/israel-and-turkey-discuss-compensation-for-ship-raid-victims&sec=Worldupdates
20130422,254168668,20130422,ISRAEL,ISR,TURKEY,TUR,190,재래식 군사력 사용,19,4,-10.0,1,1,1,2.7027027027027,"Gaza, Israel (general), Israel",IS,http://www.israelnationalnews.com/News/News.aspx/167389
20130422,254168669,20130422,ISRAEL,ISR,TURKEY,TUR,190,재래식 군사력 사용,19,4,-10.0,4,2,4,4.01100453959338,"Ankara, Ankara, Turkey",TU,http://thestar.com.my/news/story.asp?file=/2013/4/22/worldupdates/israel-and-turkey-discuss-compensation-for-ship-raid-victims&sec=Worldupdates
20130422,254168670,20130422,ISRAELI,ISR,TURKEY,TUR,190,재래식 군사력 사용,19,4,-10.0,7,2,7,3.81467181467181,"Gaza, Israel (general), Israel",IS,http://www.panarmenian.net/eng/news/155250/
20130422,254168671,20130422,ISRAEL,ISR,TURKISH,TUR,190,재래식 군사력 사용,19,4,-10.0,10,1,10,0.0,"London, London, City of, United Kingdom",UK,BBC Monitoring
20130422,254169238,20130422,JORDAN,JOR,ISRAEL,ISR,190,재래식 군사력 사용,19,4,-10.0,10,1,10,1.31578947368421,"Damascus, Dimashq, Syria",SY,"http://www.ynetnews.com/articles/0,7340,L-4370634,00.html"
20130422,254169239,20130422,JORDAN,JOR,ISRAEL,ISR,193,소형무기·경무기를 이용한 전투,19,4,-10.0,12,1,12,3.01369863013699,"Aqaba, Al Aqabah, Jordan",JO,http://www.jpost.com/Sci-Tech/Article.aspx?id=310751&R=R103
20130422,254169240,20130422,JORDAN,JOR,ISRAEL,ISR,193,소형무기·경무기를 이용한 전투,19,4,-10.0,4,1,4,3.01369863013699,"Aqaba, Al Aqabah, Jordan",JO,http://www.jpost.com/Sci-Tech/Article.aspx?id=310751&R=R103
20130422,254169241,20130422,JORDAN,JOR,ISRAEL,ISR,195,공중무기 사용,19,4,-10.0,2,1,2,1.31578947368421,"Damascus, Dimashq, Syria",SY,"http://www.ynetnews.com/articles/0,7340,L-4370634,00.html"
20130422,254169242,20130422,JORDAN,JOR,ISRAEL,ISR,195,공중무기 사용,19,4,-10.0,8,1,8,1.31578947368421,"Damascus, Dimashq, Syria",SY,"http://www.ynetnews.com/articles/0,7340,L-4370634,00.html"
20130422,254169278,20130422,AMMAN,JOR,DAMASCUS,SYR,190,재래식 군사력 사용,19,4,-10.0,14,2,14,0.551045921453632,"Damascus, Dimashq, Syria",SY,http://www.reuters.com/article/2013/04/22/us-syria-crisis-deaths-idUSBRE93K09D20130422?feedType=RSS&feedName=topNews
20130422,254169279,20130422,JORDAN,JOR,DAMASCUS,SYR,190,재래식 군사력 사용,19,4,-10.0,1,1,1,0.547445255474453,"Damascus, Dimashq, Syria",SY,http://news.yahoo.com/assads-forces-kill-85-damascus-suburb-activists-095508273.html
20130422,254169280,20130422,JORDAN,JOR,SYRIA,SYR,190,재래식 군사력 사용,19,4,-10.0,2,1,2,1.69491525423729,Syria,SY,http://reliefweb.int/report/syrian-arab-republic/syria-fighting-flares-both-sides-lebanese-border
20130422,254171056,20130422,LEBANON,LBN,SYRIA,SYR,138,군사력 사용 위협,13,3,-7.0,1,1,1,3.1,"Beirut, Beyrouth, Lebanon",LE,http://www.dailystar.com.lb/News/Politics/2013/Apr-23/214732-eu-mulls-best-means-to-help-lebanon-syria-opposition.ashx
20130422,254171059,20130422,BEIRUT,LBN,DAMASCUS,SYR,190,재래식 군사력 사용,19,4,-10.0,8,1,8,1.48247978436658,"Mleiha, Dimashq, Syria",SY,http://www.dailystar.com.lb/News/Middle-East/2013/Apr-22/214635-activists-fear-large-death-toll-near-damascus.ashx
20130422,254171060,20130422,BEIRUT,LBN,DAMASCUS,SYR,190,재래식 군사력 사용,19,4,-10.0,25,4,25,1.11284680890958,"Damascus, Dimashq, Syria",SY,http://www.dailystar.com.lb/News/Middle-East/2013/Apr-22/214654-up-to-500-killed-in-damascus-massacres-activists-say.ashx
20130422,254171061,20130422,BEIRUT,LBN,ALEPPO,SYR,190,재래식 군사력 사용,19,4,-10.0,2,1,2,1.38888888888889,"Damascus, Dimashq, Syria",SY,http://cnsnews.com/news/article/activists-fear-large-death-toll-near-damascus
20130422,254171062,20130422,LEBANESE,LBN,SYRIAN,SYR,190,재래식 군사력 사용,19,4,-10.0,1,1,1,2.49221183800623,"Beirut, Beyrouth, Lebanon",LE,http://www.google.com/hostednews/afp/article/ALeqM5jUXpQPkMV8vqh74vAYA3DRUWJ0xg?docId=CNG.4fbaa2abe8dff192ffbabe9b35522c0b.881
20130422,254171063,20130422,LEBANON,LBN,SYRIAN,SYR,190,재래식 군사력 사용,19,4,-10.0,4,1,4,2.3156089193825,"Al-Qasr, ?amah, Syria",SY,http://www.dailystar.com.lb/News/Politics/2013/Apr-23/214731-lebanese-salafists-call-for-jihad-in-syria.ashx
20130422,254171064,20130422,BEIRUT,LBN,DAMASCUS,SYR,190,재래식 군사력 사용,19,4,-10.0,5,2,5,0.218978102189782,"Damascus, Dimashq, Syria",SY,http://www.foxnews.com/world/2013/04/22/activists-fear-large-death-toll-after-six-days-clashes-in-syria/?utm_source=feedburner&utm_medium=feed&utm_campaign=Feed%3A+foxnews%2Fworld+%28Internal+-+World+Latest+-+Text%29
20130422,254171065,20130422,LEBANESE,LBN,SYRIAN,SYR,190,재래식 군사력 사용,19,4,-10.0,1,1,1,2.49221183800623,"Qusayr, Tartus, Syria",SY,http://www.google.com/hostednews/afp/article/ALeqM5jUXpQPkMV8vqh74vAYA3DRUWJ0xg?docId=CNG.4fbaa2abe8dff192ffbabe9b35522c0b.881
20130422,254171066,20130422,BEIRUT,LBN,SYRIA,SYR,190,재래식 군사력 사용,19,4,-10.0,7,1,6,2.49221183800623,"Qusayr, Tartus, Syria",SY,http://www.google.com/hostednews/afp/article/ALeqM5jUXpQPkMV8vqh74vAYA3DRUWJ0xg?docId=CNG.4fbaa2abe8dff192ffbabe9b35522c0b.881
20130422,254171067,20130422,LEBANON,LBN,SYRIA,SYR,190,재래식 군사력 사용,19,4,-10.0,3,1,3,2.49221183800623,"Beirut, Beyrouth, Lebanon",LE,http://www.google.com/hostednews/afp/article/ALeqM5jUXpQPkMV8vqh74vAYA3DRUWJ0xg?docId=CNG.4fbaa2abe8dff192ffbabe9b35522c0b.881
20130422,254171068,20130422,LEBANON,LBN,SYRIA,SYR,190,재래식 군사력 사용,19,4,-10.0,2,1,2,2.49221183800623,"Beirut, Beyrouth, Lebanon",LE,http://www.google.com/hostednews/afp/article/ALeqM5jUXpQPkMV8vqh74vAYA3DRUWJ0xg?docId=CNG.4fbaa2abe8dff192ffbabe9b35522c0b.881
20130422,254171069,20130422,LEBANON,LBN,HOMS,SYR,190,재래식 군사력 사용,19,4,-10.0,2,1,2,2.23880597014925,"Qusayr, Tartus, Syria",SY,http://www.israelnationalnews.com/News/News.aspx/167388
20130422,254171070,20130422,LEBANESE,LBN,SYRIA,SYR,190,재래식 군사력 사용,19,4,-10.0,3,1,3,1.69491525423729,Syria,SY,http://reliefweb.int/report/syrian-arab-republic/syria-fighting-flares-both-sides-lebanese-border
20130422,254171078,20130422,BEIRUT,LBN,BASHAR AL ASSAD,SYR,190,재래식 군사력 사용,19,4,-10.0,2,1,2,2.49221183800623,"Beirut, Beyrouth, Lebanon",LE,http://www.google.com/hostednews/afp/article/ALeqM5jUXpQPkMV8vqh74vAYA3DRUWJ0xg?docId=CNG.4fbaa2abe8dff192ffbabe9b35522c0b.881
20130422,254175873,20130422,PALESTINIAN,PSE,ISRAEL,ISR,190,재래식 군사력 사용,19,4,-10.0,12,2,12,1.68195123217612,Israel,IS,http://www.csmonitor.com/World/Middle-East/Olive-Press/2013/0422/The-trials-of-an-Israeli-Arab-prosecuting-Palestinians?utm_source=feedburner&utm_medium=feed&utm_campaign=Feed%3A+feeds%2Fworld+%28Christian+Science+Monitor+%7C+World%29
20130422,254175874,20130422,PALESTINIAN,PSE,ISRAELI,ISR,193,소형무기·경무기를 이용한 전투,19,4,-10.0,2,1,2,0.0,"Somaliland, Somalia (general), Somalia",SO,BBC Monitoring
20130422,254175883,20130422,PALESTINIAN,PSE,ISRAELI,ISR,193,소형무기·경무기를 이용한 전투,19,4,-10.0,2,1,2,0.0,"Somaliland, Somalia (general), Somalia",SO,BBC Monitoring
20130422,254177756,20130422,SYRIAN,SYR,IRAN,IRN,190,재래식 군사력 사용,19,4,-10.0,2,1,2,1.36986301369863,Qatar,QA,http://www.globalsecurity.org/wmd/library/news/syria/2013/syria-130422-presstv02.htm
20130422,254177757,20130422,SYRIAN,SYR,IRAN,IRN,190,재래식 군사력 사용,19,4,-10.0,4,1,4,0.0,"London, London, City of, United Kingdom",UK,BBC Monitoring
20130422,254177814,20130422,SYRIAN,SYR,LEBANON,LBN,190,재래식 군사력 사용,19,4,-10.0,4,1,4,2.3156089193825,"Al-Qasr, ?amah, Syria",SY,http://www.dailystar.com.lb/News/Politics/2013/Apr-23/214731-lebanese-salafists-call-for-jihad-in-syria.ashx
20130422,254177815,20130422,ALEPPO,SYR,BEIRUT,LBN,190,재래식 군사력 사용,19,4,-10.0,2,1,2,1.38888888888889,"Damascus, Dimashq, Syria",SY,http://cnsnews.com/news/article/activists-fear-large-death-toll-near-damascus
20130422,254177816,20130422,DAMASCUS,SYR,BEIRUT,LBN,190,재래식 군사력 사용,19,4,-10.0,41,6,41,1.05383464362269,"Damascus, Dimashq, Syria",SY,http://www.dailystar.com.lb/News/Middle-East/2013/Apr-22/214654-up-to-500-killed-in-damascus-massacres-activists-say.ashx
20130422,254177817,20130422,SYRIA,SYR,LEBANON,LBN,190,재래식 군사력 사용,19,4,-10.0,8,3,8,1.275655705142,"Beirut, Beyrouth, Lebanon",LE,http://www.google.com/hostednews/afp/article/ALeqM5i3esAB4vvXdiTXyXmSlizqS0zOiw?docId=CNG.4fbaa2abe8dff192ffbabe9b35522c0b.281
20130422,254177818,20130422,SYRIAN,SYR,LEBANESE,LBN,190,재래식 군사력 사용,19,4,-10.0,4,3,4,1.68318786600796,"Damascus, Dimashq, Syria",SY,http://www.globalsecurity.org/wmd/library/news/syria/2013/syria-130422-voa01.htm
20130422,254177819,20130422,SYRIA,SYR,LEBANON,LBN,190,재래식 군사력 사용,19,4,-10.0,4,1,4,1.0498687664042,Lebanon,LE,http://www.naharnet.com/stories/en/80385-hrw-slams-indiscriminate-syria-fire-on-lebanon
20130422,254177820,20130422,SYRIAN,SYR,LEBANESE,LBN,190,재래식 군사력 사용,19,4,-10.0,1,1,1,2.49221183800623,"Qusayr, Tartus, Syria",SY,http://www.google.com/hostednews/afp/article/ALeqM5jUXpQPkMV8vqh74vAYA3DRUWJ0xg?docId=CNG.4fbaa2abe8dff192ffbabe9b35522c0b.881
20130422,254177821,20130422,SYRIA,SYR,BEIRUT,LBN,190,재래식 군사력 사용,19,4,-10.0,8,1,8,2.49221183800623,"Qusayr, Tartus, Syria",SY,http://www.google.com/hostednews/afp/article/ALeqM5jUXpQPkMV8vqh74vAYA3DRUWJ0xg?docId=CNG.4fbaa2abe8dff192ffbabe9b35522c0b.881
20130422,254177822,20130422,SYRIA,SYR,LEBANON,LBN,190,재래식 군사력 사용,19,4,-10.0,5,1,5,0.0,"London, London, City of, United Kingdom",UK,BBC Monitoring
20130422,254177823,20130422,SYRIA,SYR,LEBANON,LBN,190,재래식 군사력 사용,19,4,-10.0,10,1,10,1.86915887850467,"Beirut, Beyrouth, Lebanon",LE,http://www.bloomberg.com/news/2013-04-22/lebanon-defense-a-duty-after-army-failure-hezbollah-says.html
20130422,254177824,20130422,SYRIA,SYR,LEBANON,LBN,190,재래식 군사력 사용,19,4,-10.0,2,1,2,2.49221183800623,"Beirut, Beyrouth, Lebanon",LE,http://www.google.com/hostednews/afp/article/ALeqM5jUXpQPkMV8vqh74vAYA3DRUWJ0xg?docId=CNG.4fbaa2abe8dff192ffbabe9b35522c0b.881
20130422,254177825,20130422,SYRIA,SYR,LEBANON,LBN,190,재래식 군사력 사용,19,4,-10.0,2,1,2,2.49221183800623,Northern Mariana Islands,CQ,http://www.google.com/hostednews/afp/article/ALeqM5jUXpQPkMV8vqh74vAYA3DRUWJ0xg?docId=CNG.4fbaa2abe8dff192ffbabe9b35522c0b.881
20130422,254177826,20130422,SYRIAN,SYR,LEBANESE,LBN,190,재래식 군사력 사용,19,4,-10.0,1,1,1,2.01834862385321,Lebanon,LE,http://www.trust.org/alertnet/news/interview-eu-aid-chief-warns-of-risks-of-spreading-syria-crisis
20130422,254177827,20130422,SYRIAN,SYR,LEBANESE,LBN,190,재래식 군사력 사용,19,4,-10.0,1,1,1,2.01834862385321,Lebanon,LE,http://www.trust.org/alertnet/news/interview-eu-aid-chief-warns-of-risks-of-spreading-syria-crisis
20130422,254177828,20130422,SYRIAN,SYR,LEBANESE,LBN,190,재래식 군사력 사용,19,4,-10.0,1,1,1,2.49221183800623,"Beirut, Beyrouth, Lebanon",LE,http://www.google.com/hostednews/afp/article/ALeqM5jUXpQPkMV8vqh74vAYA3DRUWJ0xg?docId=CNG.4fbaa2abe8dff192ffbabe9b35522c0b.881
20130422,254177829,20130422,SYRIAN,SYR,LEBANESE,LBN,190,재래식 군사력 사용,19,4,-10.0,1,1,1,2.00501253132832,"Damascus, Dimashq, Syria",SY,http://www.voanews.com/content/eu-eases-syria-oil-sanctions-to-assist-rebels/1646453.html
20130422,254177830,20130422,SYRIAN,SYR,LEBANESE,LBN,190,재래식 군사력 사용,19,4,-10.0,2,2,2,1.83893508314967,United Kingdom,UK,http://www.globalsecurity.org/wmd/library/news/syria/2013/syria-130422-voa01.htm
20130422,254177831,20130422,SYRIA,SYR,LEBANON,LBN,192,영토 점령,19,4,-9.5,4,1,4,2.53759398496241,"Beirut, Beyrouth, Lebanon",LE,http://www.dailystar.com.lb/News/Politics/2013/Apr-23/214722-damascus-visit-humiliating-future-mps.ashx
20130422,254177832,20130422,SYRIAN,SYR,LEBANESE,LBN,195,공중무기 사용,19,4,-10.0,5,3,5,2.265624545924,"Damascus, Dimashq, Syria",SY,http://www.jpost.com/MiddleEast/Article.aspx?id=310719&R=R3
20130422,254177833,20130422,SYRIA,SYR,LEBANON,LBN,195,공중무기 사용,19,4,-10.0,6,2,6,2.47880373439264,"Damascus, Dimashq, Syria",SY,http://www.jpost.com/MiddleEast/Article.aspx?id=310719&R=R3
20130422,254177834,20130422,SYRIAN,SYR,LEBANESE,LBN,195,공중무기 사용,19,4,-10.0,15,2,15,2.47880373439264,"Beirut, Beyrouth, Lebanon",LE,http://www.jpost.com/MiddleEast/Article.aspx?id=310719&R=R3
20130422,254177835,20130422,SYRIA,SYR,LEBANON,LBN,195,공중무기 사용,19,4,-10.0,4,2,4,1.94585576322103,"Damascus, Dimashq, Syria",SY,http://www.trust.org/alertnet/news/assad-urges-lebanon-to-help-fight-his-foes--lebanese-delegates
20130422,254177836,20130422,SYRIAN,SYR,LEBANESE,LBN,195,공중무기 사용,19,4,-10.0,10,2,10,1.94585576322104,Lebanon,LE,http://www.trust.org/alertnet/news/assad-urges-lebanon-to-help-fight-his-foes--lebanese-delegates
20130422,254177837,20130422,DAMASCUS,SYR,LEBANON,LBN,193,소형무기·경무기를 이용한 전투,19,4,-10.0,4,1,4,1.93236714975845,"Bekaa, Béa, Lebanon",LE,http://www.upi.com/Top_News/World-News/2013/04/22/HRW-calls-on-Syrian-fighters-to-end-arbitrary-cross-border-attacks/UPI-75591366661370/
20130422,254177838,20130422,DAMASCUS,SYR,LEBANON,LBN,193,소형무기·경무기를 이용한 전투,19,4,-10.0,6,1,6,1.93236714975845,"Qasr, Idlib, Syria",SY,http://www.upi.com/Top_News/World-News/2013/04/22/HRW-calls-on-Syrian-fighters-to-end-arbitrary-cross-border-attacks/UPI-75591366661370/
20130422,254178071,20130422,SYRIAN,SYR,BEIRUT,LBN,190,재래식 군사력 사용,19,4,-10.0,6,1,6,1.05390595131897,"Damascus, Dimashq, Syria",SY,http://www.washingtonpost.com/world/middle_east/syrian-rebels-accuse-government-of-massacre-in-damascus-suburb/2013/04/22/5f7350a0-ab3e-11e2-a198-99893f10d6dd_story.html?wprss=rss_world
20130422,254178072,20130422,SYRIA,SYR,LEBANON,LBN,190,재래식 군사력 사용,19,4,-10.0,3,1,3,1.05390595131897,"Damascus, Dimashq, Syria",SY,http://www.washingtonpost.com/world/middle_east/syrian-rebels-accuse-government-of-massacre-in-damascus-suburb/2013/04/22/5f7350a0-ab3e-11e2-a198-99893f10d6dd_story.html?wprss=rss_world
20130422,254178073,20130422,BASHAR AL ASSAD,SYR,BEIRUT,LBN,190,재래식 군사력 사용,19,4,-10.0,2,1,2,2.49221183800623,"Qusayr, Tartus, Syria",SY,http://www.google.com/hostednews/afp/article/ALeqM5jUXpQPkMV8vqh74vAYA3DRUWJ0xg?docId=CNG.4fbaa2abe8dff192ffbabe9b35522c0b.881
20130422,254178134,20130422,SYRIA,SYR,LEBANESE,LBN,190,재래식 군사력 사용,19,4,-10.0,1,1,1,2.00501253132832,"Damascus, Dimashq, Syria",SY,http://www.voanews.com/content/eu-eases-syria-oil-sanctions-to-assist-rebels/1646453.html
20130422,254178135,20130422,SYRIAN,SYR,LEBANESE,LBN,190,재래식 군사력 사용,19,4,-10.0,21,2,21,1.89429423254255,"Damascus, Dimashq, Syria",SY,http://www.globalsecurity.org/wmd/library/news/syria/2013/syria-130422-voa01.htm
20130422,254178136,20130422,SYRIA,SYR,LEBANESE,LBN,190,재래식 군사력 사용,19,4,-10.0,2,2,2,1.83893508314967,United Kingdom,UK,http://www.globalsecurity.org/wmd/library/news/syria/2013/syria-130422-voa01.htm
20130422,254178161,20130422,SYRIAN,SYR,IRAN,IRN,190,재래식 군사력 사용,19,4,-10.0,6,1,6,0.0,"London, London, City of, United Kingdom",UK,BBC Monitoring
20130422,254178783,20130422,TURKEY,TUR,GAZA,PSE,190,재래식 군사력 사용,19,4,-10.0,2,1,2,0.0,"London, London, City of, United Kingdom",UK,BBC Monitoring
20130422,254178784,20130422,TURKEY,TUR,GAZA,PSE,190,재래식 군사력 사용,19,4,-10.0,6,1,6,0.0,Turkey,TU,BBC Monitoring
20130422,254178785,20130422,TURKEY,TUR,GAZA,PSE,190,재래식 군사력 사용,19,4,-10.0,2,1,2,0.0,"London, London, City of, United Kingdom",UK,BBC Monitoring
20130422,254178786,20130422,TURKISH,TUR,GAZA,PSE,190,재래식 군사력 사용,19,4,-10.0,1,1,1,2.7027027027027,"Gaza, Israel (general), Israel",IS,http://www.israelnationalnews.com/News/News.aspx/167389
20130422,254178857,20130422,ISTANBUL,TUR,HOMS,SYR,190,재래식 군사력 사용,19,4,-10.0,10,1,10,0.308641975308642,"Istanbul, Istanbul, Turkey",TU,http://www.lefigaro.fr/flash-actu/2013/04/22/97001-20130422FILWWW00509-damas-500-morts-selon-l-opposition.php
20130422,254183743,20130422,SANA,YEM,SYRIA,SYR,194,포병·전차를 이용한 전투,19,4,-10.0,2,1,2,1.90380761523046,"Damascus, Dimashq, Syria",SY,http://www.dailystar.com.lb/News/Middle-East/2013/Apr-23/214684-car-bombs-on-the-rise-in-syria-report-shows.ashx
20130423,254185804,20130422,SYRIAN,SYR,LEBANESE,LBN,138,군사력 사용 위협,13,3,-7.0,1,1,1,1.70575692963753,"Damascus, Dimashq, Syria",SY,http://www.bloomberg.com/news/2013-04-23/lebanese-clerics-call-for-holy-war-in-syria-as-hezbollah-warned.html
20130423,254185805,20130422,SYRIAN,SYR,LEBANESE,LBN,138,군사력 사용 위협,13,3,-7.0,4,1,4,1.70575692963753,"Damascus, Dimashq, Syria",SY,http://www.bloomberg.com/news/2013-04-23/lebanese-clerics-call-for-holy-war-in-syria-as-hezbollah-warned.html
20130423,254205061,20130423,IRANIAN,IRN,ISRAELI,ISR,138,군사력 사용 위협,13,3,-7.0,2,1,2,0.0,"Tel Aviv, Tel Aviv, Israel",IS,http://en.trend.az/regions/iran/2142559.html
20130423,254205062,20130423,IRANIAN,IRN,ISRAELI,ISR,138,군사력 사용 위협,13,3,-7.0,2,1,2,1.41843971631206,Israel,IS,http://www.telegraph.co.uk/news/worldnews/middleeast/israel/10013029/Iranian-travelling-on-fake-Israeli-passport-arrested-in-Nepal.html
20130423,254205063,20130423,IRANIAN,IRN,ISRAEL,ISR,190,재래식 군사력 사용,19,4,-10.0,1,1,1,0.623052959501558,"Geneva, Genè, Switzerland",SZ,http://www.jpost.com/JewishWorld/JewishNews/Article.aspx?id=310867&R=R5
20130423,254205064,20130423,IRANIAN,IRN,ISRAEL,ISR,190,재래식 군사력 사용,19,4,-10.0,1,1,1,0.623052959501558,"Geneva, Genè, Switzerland",SZ,http://www.jpost.com/JewishWorld/JewishNews/Article.aspx?id=310867&R=R5
20130423,254205065,20130423,IRANIAN,IRN,ISRAELI,ISR,138,군사력 사용 위협,13,3,-7.0,6,1,6,0.0,"Tehran, Tehran, Iran",IR,http://en.trend.az/regions/iran/2142559.html
20130423,254205066,20130423,IRANIAN,IRN,ISRAELI,ISR,138,군사력 사용 위협,13,3,-7.0,6,1,6,1.41843971631206,Israel,IS,http://www.telegraph.co.uk/news/worldnews/middleeast/israel/10013029/Iranian-travelling-on-fake-Israeli-passport-arrested-in-Nepal.html
20130423,254205069,20130423,IRAN,IRN,JORDAN,JOR,154,군 병력 동원·증강,15,4,-7.2,6,1,6,0.0,France,FR,BBC Monitoring
20130423,254205070,20130423,IRAN,IRN,JORDAN,JOR,154,군 병력 동원·증강,15,4,-7.2,4,1,4,0.0,"Tripoli, Tarabulus, Libya",LY,BBC Monitoring
20130423,254205178,20130423,IRANIAN,IRN,SYRIA,SYR,138,군사력 사용 위협,13,3,-7.0,1,1,1,2.42718446601942,Iran,IR,"http://www.ynetnews.com/articles/0,7340,L-4371565,00.html"
20130423,254205179,20130423,IRANIAN,IRN,SYRIA,SYR,138,군사력 사용 위협,13,3,-7.0,7,1,7,2.42718446601942,Iran,IR,"http://www.ynetnews.com/articles/0,7340,L-4371565,00.html"
20130423,254205199,20130423,IRAN,IRN,TURKEY,TUR,190,재래식 군사력 사용,19,4,-10.0,4,1,4,0.0,France,FR,BBC Monitoring
20130423,254205576,20130423,IRAQ,IRQ,AL JAZEERA,QAT,190,재래식 군사력 사용,19,4,-10.0,10,1,10,0.561797752808989,"Baghdad, Baghdad, Iraq",IZ,http://www.aljazeera.com/news/middleeast/2013/04/201342384528294340.html
20130423,254206127,20130423,ISRAELI,ISR,LEBANON,LBN,138,군사력 사용 위협,13,3,-7.0,2,1,2,0.978473581213307,"Damascus, Dimashq, Syria",SY,http://www.guardian.co.uk/world/2013/apr/23/syrian-regime-chemical-weapons-israeli
20130423,254206128,20130423,ISRAELI,ISR,LEBANON,LBN,138,군사력 사용 위협,13,3,-7.0,2,1,2,0.978473581213307,"Tel Aviv, Tel Aviv, Israel",IS,http://www.guardian.co.uk/world/2013/apr/23/syrian-regime-chemical-weapons-israeli
20130423,254206129,20130423,ISRAELI,ISR,LEBANON,LBN,195,공중무기 사용,19,4,-10.0,2,1,2,0.978473581213307,"Damascus, Dimashq, Syria",SY,http://www.guardian.co.uk/world/2013/apr/23/syrian-regime-chemical-weapons-israeli
20130423,254206130,20130423,ISRAELI,ISR,LEBANON,LBN,195,공중무기 사용,19,4,-10.0,2,1,2,0.978473581213307,"Tel Aviv, Tel Aviv, Israel",IS,http://www.guardian.co.uk/world/2013/apr/23/syrian-regime-chemical-weapons-israeli
20130423,254206191,20130423,ISRAEL,ISR,PALESTINIAN,PSE,190,재래식 군사력 사용,19,4,-10.0,4,1,4,2.52454417952314,"Tel Aviv, Tel Aviv, Israel",IS,http://www.upi.com/Business_News/Security-Industry/2013/04/23/US-seeks-220-million-for-Israel-missile-defense/UPI-38281366739927/
20130423,254206192,20130423,ISRAELI,ISR,GAZA,PSE,190,재래식 군사력 사용,19,4,-10.0,8,1,8,0.0,France,FR,BBC Monitoring
20130423,254206198,20130423,ISRAEL,ISR,PALESTINIAN,PSE,190,재래식 군사력 사용,19,4,-10.0,2,1,2,2.52454417952314,"Tel Aviv, Tel Aviv, Israel",IS,http://www.upi.com/Business_News/Security-Industry/2013/04/23/US-seeks-220-million-for-Israel-missile-defense/UPI-38281366739927/
20130423,254206297,20130423,ISRAEL,ISR,SYRIA,SYR,190,재래식 군사력 사용,19,4,-10.0,1,1,1,1.96656833824975,"Tel Aviv, Tel Aviv, Israel",IS,http://www.contracostatimes.com/breaking-news/ci_23087333/syria-has-used-chemical-weapons-repeatedly-israeli-intelligence?source=rss
20130423,254206298,20130423,ISRAEL,ISR,SYRIA,SYR,190,재래식 군사력 사용,19,4,-10.0,2,2,2,1.8654997030856,"Golan Heights, Syria (general), Syria",SY,http://www.seattlepi.com/news/world/article/Israeli-official-Syria-s-Assad-used-chemical-arms-4455171.php
20130423,254206299,20130423,ISRAEL,ISR,SYRIA,SYR,190,재래식 군사력 사용,19,4,-10.0,1,1,1,1.65073848827107,"Tel Aviv, Tel Aviv, Israel",IS,http://www.salon.com/2013/04/23/israel_syrian_government_used_chemical_weapons_ap/
20130423,254206300,20130423,ISRAEL,ISR,SYRIA,SYR,190,재래식 군사력 사용,19,4,-10.0,3,3,3,1.72076647464412,"Golan Heights, Syria (general), Syria",SY,http://www.theglobeandmail.com/news/world/israeli-military-official-says-syria-has-used-chemical-weapons/article11498953/?cmpid=rss1
20130423,254206301,20130423,ISRAEL,ISR,SYRIA,SYR,190,재래식 군사력 사용,19,4,-10.0,1,1,1,1.86219739292365,"Damascus, Dimashq, Syria",SY,http://www.breakingnews.ie/world/syria-chemical-weapons-claim-could-pressure-west-to-intervene-592209.html
20130423,254206302,20130423,ISRAEL,ISR,SYRIA,SYR,190,재래식 군사력 사용,19,4,-10.0,3,2,3,1.91826522101751,"Damascus, Dimashq, Syria",SY,http://www.foxnews.com/world/2013/04/23/israeli-official-says-believes-syria-assad-has-used-chemical-weapons/
20130423,254206303,20130423,ISRAEL,ISR,SYRIA,SYR,190,재래식 군사력 사용,19,4,-10.0,1,1,1,2.02360876897133,"Tel Aviv, Tel Aviv, Israel",IS,http://cnsnews.com/news/article/israeli-official-assad-has-used-chemical-arms
20130423,254206304,20130423,ISRAEL,ISR,SYRIAN,SYR,190,재래식 군사력 사용,19,4,-10.0,49,7,49,1.78722937951777,"Golan Heights, Syria (general), Syria",SY,http://www.theglobeandmail.com/news/world/israeli-military-official-says-syria-has-used-chemical-weapons/article11498953/?cmpid=rss1
20130423,254206305,20130423,ISRAEL,ISR,SYRIAN,SYR,190,재래식 군사력 사용,19,4,-10.0,42,5,42,1.92896966561076,"Damascus, Dimashq, Syria",SY,http://www.dailystar.com.lb/News/Middle-East/2013/Apr-24/214834-kerry-urges-nato-to-plan-for-chemical-arms-threat.ashx
20130423,254206306,20130423,ISRAEL,ISR,SYRIA,SYR,190,재래식 군사력 사용,19,4,-10.0,1,1,1,1.68918918918919,"Damascus, Dimashq, Syria",SY,http://www.cbc.ca/news/world/story/2013/04/23/syria-chemical-weapons-israel-accuses.html?cmp=rss
20130423,254206307,20130423,ISRAEL,ISR,SYRIAN,SYR,190,재래식 군사력 사용,19,4,-10.0,7,1,7,1.68918918918919,"Aleppo, ?alab, Syria",SY,http://www.cbc.ca/news/world/story/2013/04/23/syria-chemical-weapons-israel-accuses.html?cmp=rss
20130423,254206308,20130423,ISRAEL,ISR,SYRIA,SYR,190,재래식 군사력 사용,19,4,-10.0,1,1,1,1.93321616871705,"Tel Aviv, Tel Aviv, Israel",IS,http://www.dailystar.com.lb/News/Middle-East/2013/Apr-24/214834-kerry-urges-nato-to-plan-for-chemical-arms-threat.ashx
20130423,254206309,20130423,ISRAELI,ISR,SYRIA,SYR,195,공중무기 사용,19,4,-10.0,1,1,1,2.39596469104666,"Aleppo, ?alab, Syria",SY,http://thestar.com.my/news/story.asp?file=/2013/4/24/worldupdates/israeli-spy-says-syria-used-chemical-arms-us-unconvinced&sec=Worldupdates
20130423,254206310,20130423,ISRAELI,ISR,SYRIA,SYR,195,공중무기 사용,19,4,-10.0,7,4,7,2.15276097255445,"Tel Aviv, Tel Aviv, Israel",IS,http://uk.reuters.com/article/2013/04/23/uk-syria-crisis-israel-idUKBRE93M12M20130423?feedType=RSS&feedName=worldNews&utm_source=feedburner&utm_medium=feed&utm_campaign=Feed%3A+Reuters%2FUKWorldNews+%28News+%2F+UK+%2F+World+News%29
20130423,254206311,20130423,ISRAELI,ISR,SYRIA,SYR,195,공중무기 사용,19,4,-10.0,2,2,2,2.07602942934458,"Tel Aviv, Tel Aviv, Israel",IS,http://www.trust.org/item/20130423172316-9aqu4/?source=hptop
20130423,254206312,20130423,ISRAELI,ISR,SYRIA,SYR,195,공중무기 사용,19,4,-10.0,3,2,3,1.95722297291567,"Jerusalem, Israel (general), Israel",IS,http://timesofindia.indiatimes.com/world/middle-east/Israel-says-Syria-used-chemical-arms-probably-nerve-gas/articleshow/19697886.cms
20130423,254206313,20130423,ISRAELI,ISR,SYRIA,SYR,195,공중무기 사용,19,4,-10.0,1,1,1,2.03193033381713,"Jerusalem, Israel (general), Israel",IS,http://timesofindia.indiatimes.com/world/middle-east/Israel-says-Syria-used-chemical-arms-probably-nerve-gas/articleshow/19697886.cms
20130423,254206314,20130423,ISRAELI,ISR,SYRIA,SYR,195,공중무기 사용,19,4,-10.0,2,1,2,1.91986929246493,Lebanon,LE,http://uk.reuters.com/article/2013/04/23/us-syria-israel-idUSBRE93M07H20130423
20130423,254207093,20130423,HASSAN,JOR,IRAN,IRN,193,소형무기·경무기를 이용한 전투,19,4,-10.0,6,1,6,2.22804718217562,"Allahu Akbar, Khorasan-e Ra?avi, Iran",IR,http://news.yahoo.com/muslim-world-hates-u-more-ever-070000727.html
20130423,254209266,20130423,LEBANESE,LBN,SYRIAN,SYR,152,군 경계태세 강화,15,4,-7.2,2,1,2,0.0,France,FR,BBC Monitoring
20130423,254209268,20130423,LEBANESE,LBN,SYRIA,SYR,190,재래식 군사력 사용,19,4,-10.0,18,2,18,2.34400825528544,"Damascus, Dimashq, Syria",SY,http://thestar.com.my/news/story.asp?file=/2013/4/23/worldupdates/anger-in-lebanese-streets-as-syria-border-fighting-rages&sec=Worldupdates
20130423,254209269,20130423,LEBANON,LBN,SYRIAN,SYR,190,재래식 군사력 사용,19,4,-10.0,4,1,4,0.0,France,FR,BBC Monitoring
20130423,254209270,20130423,LEBANON,LBN,SYRIA,SYR,194,포병·전차를 이용한 전투,19,4,-10.0,2,1,2,2.61780104712042,"Bekaa, Béa, Lebanon",LE,http://www.dailystar.com.lb/News/Politics/2013/Apr-23/214736-rockets-fired-from-syria-hit-lebanons-hermel.ashx
20130423,254209271,20130423,LEBANON,LBN,SYRIAN,SYR,194,포병·전차를 이용한 전투,19,4,-10.0,8,1,8,2.61780104712042,Syria,SY,http://www.dailystar.com.lb/News/Politics/2013/Apr-23/214736-rockets-fired-from-syria-hit-lebanons-hermel.ashx
20130423,254209273,20130423,LEBANESE,LBN,SYRIAN,SYR,1383,비정규 폭력 사용 위협,13,3,-7.0,3,1,3,1.24359912216533,"Beirut, Beyrouth, Lebanon",LE,http://hosted2.ap.org/APDEFAULT/cae69a7523db45408eeb2b3a98c0c9c5/Article_2013-04-23-Syria/id-c6d5ad6406754ae7a8d27664f08fcd87
20130423,254209306,20130423,LEBANESE,LBN,SYRIAN,SYR,190,재래식 군사력 사용,19,4,-10.0,3,1,3,2.07178993013732,Lebanon,LE,http://www.state.gov/r/pa/prs/dpb/2013/04/207905.htm#DEPARTMENT
20130423,254209312,20130423,LEBANON,LBN,SYRIA,SYR,190,재래식 군사력 사용,19,4,-10.0,2,1,2,1.71288743882545,"Beirut, Beyrouth, Lebanon",LE,http://news.yahoo.com/syrian-war-increasingly-drawing-lebanon-193607171.html
20130423,254209313,20130423,LEBANON,LBN,SYRIA,SYR,190,재래식 군사력 사용,19,4,-10.0,1,1,1,1.71288743882545,"Beirut, Beyrouth, Lebanon",LE,http://news.yahoo.com/syrian-war-increasingly-drawing-lebanon-193607171.html
20130423,254209314,20130423,LEBANON,LBN,SYRIA,SYR,190,재래식 군사력 사용,19,4,-10.0,2,1,2,1.78890876565295,Lebanon,LE,http://abcnews.go.com/International/wireStory/syrian-war-increasingly-drawing-lebanon-19024859
20130423,254209315,20130423,LEBANON,LBN,SYRIA,SYR,190,재래식 군사력 사용,19,4,-10.0,1,1,1,1.78890876565295,Lebanon,LE,http://abcnews.go.com/International/wireStory/syrian-war-increasingly-drawing-lebanon-19024859
20130423,254209328,20130423,LEBANON,LBN,SYRIA,SYR,190,재래식 군사력 사용,19,4,-10.0,2,1,2,0.0,France,FR,BBC Monitoring
20130423,254215095,20130423,PALESTINIAN,PSE,ISRAEL,ISR,190,재래식 군사력 사용,19,4,-10.0,4,1,4,2.52454417952314,"Tel Aviv, Tel Aviv, Israel",IS,http://www.upi.com/Business_News/Security-Industry/2013/04/23/US-seeks-220-million-for-Israel-missile-defense/UPI-38281366739927/
20130423,254215096,20130423,GAZA,PSE,ISRAEL,ISR,193,소형무기·경무기를 이용한 전투,19,4,-10.0,1,1,1,0.0,"Nouakchott, Trarza, Mauritania",MR,BBC Monitoring
20130423,254215203,20130423,PALESTINIAN,PSE,ISRAEL,ISR,190,재래식 군사력 사용,19,4,-10.0,2,1,2,2.52454417952314,"Tel Aviv, Tel Aviv, Israel",IS,http://www.upi.com/Business_News/Security-Industry/2013/04/23/US-seeks-220-million-for-Israel-missile-defense/UPI-38281366739927/
20130423,254215363,20130423,AL JAZEERA,QAT,IRAQ,IRQ,190,재래식 군사력 사용,19,4,-10.0,10,1,10,0.561797752808989,"Hawijah, DiyaláZ, Iraq",IZ,http://www.aljazeera.com/news/middleeast/2013/04/201342384528294340.html
20130423,254216494,20130423,SAUDI,SAU,TURKEY,TUR,190,재래식 군사력 사용,19,4,-10.0,2,1,2,0.0,"Nouakchott, Trarza, Mauritania",MR,BBC Monitoring
20130423,254216495,20130423,SAUDI ARABIA,SAU,TURKEY,TUR,190,재래식 군사력 사용,19,4,-10.0,2,1,2,0.0,Algeria,AG,BBC Monitoring
20130423,254217245,20130423,SYRIA,SYR,IRAN,IRN,138,군사력 사용 위협,13,3,-7.0,8,1,8,1.55688622754491,"Tel Aviv, Tel Aviv, Israel",IS,http://www.startribune.com/world/204331051.html
20130423,254217278,20130423,SYRIA,SYR,ISRAEL,ISR,190,재래식 군사력 사용,19,4,-10.0,1,1,1,1.96656833824975,"Tel Aviv, Tel Aviv, Israel",IS,http://www.contracostatimes.com/breaking-news/ci_23087333/syria-has-used-chemical-weapons-repeatedly-israeli-intelligence?source=rss
20130423,254217279,20130423,SYRIA,SYR,ISRAEL,ISR,190,재래식 군사력 사용,19,4,-10.0,2,2,2,1.8654997030856,"Golan Heights, Syria (general), Syria",SY,http://www.seattlepi.com/news/world/article/Israeli-official-Syria-s-Assad-used-chemical-arms-4455171.php
20130423,254217280,20130423,SYRIA,SYR,ISRAEL,ISR,190,재래식 군사력 사용,19,4,-10.0,3,3,3,1.72076647464412,"Golan Heights, Syria (general), Syria",SY,http://www.theglobeandmail.com/news/world/israeli-military-official-says-syria-has-used-chemical-weapons/article11498953/?cmpid=rss1
20130423,254217281,20130423,SYRIAN,SYR,ISRAEL,ISR,190,재래식 군사력 사용,19,4,-10.0,49,7,49,1.78722937951777,"Golan Heights, Syria (general), Syria",SY,http://www.theglobeandmail.com/news/world/israeli-military-official-says-syria-has-used-chemical-weapons/article11498953/?cmpid=rss1
20130423,254217282,20130423,SYRIA,SYR,ISRAEL,ISR,190,재래식 군사력 사용,19,4,-10.0,1,1,1,1.86219739292365,"Damascus, Dimashq, Syria",SY,http://www.breakingnews.ie/world/syria-chemical-weapons-claim-could-pressure-west-to-intervene-592209.html
20130423,254217283,20130423,SYRIAN,SYR,ISRAEL,ISR,190,재래식 군사력 사용,19,4,-10.0,42,5,42,1.92896966561076,"Damascus, Dimashq, Syria",SY,http://www.dailystar.com.lb/News/Middle-East/2013/Apr-24/214834-kerry-urges-nato-to-plan-for-chemical-arms-threat.ashx
20130423,254217284,20130423,SYRIA,SYR,ISRAEL,ISR,190,재래식 군사력 사용,19,4,-10.0,1,1,1,1.68918918918919,"Damascus, Dimashq, Syria",SY,http://www.cbc.ca/news/world/story/2013/04/23/syria-chemical-weapons-israel-accuses.html?cmp=rss
20130423,254217285,20130423,SYRIAN,SYR,ISRAEL,ISR,190,재래식 군사력 사용,19,4,-10.0,7,1,7,1.68918918918919,"Aleppo, ?alab, Syria",SY,http://www.cbc.ca/news/world/story/2013/04/23/syria-chemical-weapons-israel-accuses.html?cmp=rss
20130423,254217286,20130423,SYRIA,SYR,ISRAEL,ISR,190,재래식 군사력 사용,19,4,-10.0,1,1,1,1.65073848827107,"Tel Aviv, Tel Aviv, Israel",IS,http://www.salon.com/2013/04/23/israel_syrian_government_used_chemical_weapons_ap/
20130423,254217287,20130423,SYRIA,SYR,ISRAEL,ISR,190,재래식 군사력 사용,19,4,-10.0,3,2,3,1.91826522101751,"Damascus, Dimashq, Syria",SY,http://www.foxnews.com/world/2013/04/23/israeli-official-says-believes-syria-assad-has-used-chemical-weapons/
20130423,254217288,20130423,SYRIA,SYR,ISRAEL,ISR,190,재래식 군사력 사용,19,4,-10.0,1,1,1,2.02360876897133,"Tel Aviv, Tel Aviv, Israel",IS,http://cnsnews.com/news/article/israeli-official-assad-has-used-chemical-arms
20130423,254217289,20130423,SYRIA,SYR,ISRAEL,ISR,190,재래식 군사력 사용,19,4,-10.0,1,1,1,1.93321616871705,"Tel Aviv, Tel Aviv, Israel",IS,http://www.dailystar.com.lb/News/Middle-East/2013/Apr-24/214834-kerry-urges-nato-to-plan-for-chemical-arms-threat.ashx
20130423,254217290,20130423,SYRIA,SYR,ISRAEL,ISR,192,영토 점령,19,4,-9.5,2,1,2,1.65073848827107,"Golan Heights, Syria (general), Syria",SY,http://www.salon.com/2013/04/23/israel_syrian_government_used_chemical_weapons_ap/
20130423,254217291,20130423,SYRIA,SYR,ISRAEL,ISR,192,영토 점령,19,4,-9.5,106,11,106,1.83441102030128,"Golan Heights, Syria (general), Syria",SY,http://www.theglobeandmail.com/news/world/israeli-military-official-says-syria-has-used-chemical-weapons/article11498953/?cmpid=rss1
20130423,254217292,20130423,SYRIA,SYR,ISRAEL,ISR,192,영토 점령,19,4,-9.5,2,1,2,1.68918918918919,"Golan Heights, Syria (general), Syria",SY,http://www.cbc.ca/news/world/story/2013/04/23/syria-chemical-weapons-israel-accuses.html?cmp=rss
20130423,254217293,20130423,SYRIA,SYR,ISRAEL,ISR,192,영토 점령,19,4,-9.5,4,1,4,1.8348623853211,"Tel Aviv, Tel Aviv, Israel",IS,http://www.foxnews.com/world/2013/04/23/israeli-official-says-believes-syria-assad-has-used-chemical-weapons/
20130423,254217294,20130423,SYRIA,SYR,ISRAEL,ISR,192,영토 점령,19,4,-9.5,16,7,16,1.87106835371687,"Tel Aviv, Tel Aviv, Israel",IS,http://www.theglobeandmail.com/news/world/israeli-military-official-says-syria-has-used-chemical-weapons/article11498953/?cmpid=rss1
20130423,254217310,20130423,SYRIAN,SYR,JORDAN,JOR,192,영토 점령,19,4,-9.5,3,1,3,1.25628140703518,Syria,SY,http://www.guardian.co.uk/world/2013/apr/23/syria-refugees-jordan-tension-grows
20130423,254217345,20130423,SYRIA,SYR,LEBANESE,LBN,190,재래식 군사력 사용,19,4,-10.0,18,2,18,2.34400825528544,"Damascus, Dimashq, Syria",SY,http://thestar.com.my/news/story.asp?file=/2013/4/23/worldupdates/anger-in-lebanese-streets-as-syria-border-fighting-rages&sec=Worldupdates
20130423,254217346,20130423,SYRIAN,SYR,LEBANON,LBN,190,재래식 군사력 사용,19,4,-10.0,4,1,4,0.0,France,FR,BBC Monitoring
20130423,254217347,20130423,SYRIAN,SYR,LEBANESE,LBN,190,재래식 군사력 사용,19,4,-10.0,1,1,1,2.21774193548387,Lebanon,LE,http://www.trust.org/item/20130422170336-t5xcj/?source=hptop
20130423,254217348,20130423,SYRIAN,SYR,LEBANESE,LBN,190,재래식 군사력 사용,19,4,-10.0,1,1,1,2.21774193548387,Lebanon,LE,http://www.trust.org/item/20130422170336-t5xcj/?source=hptop
20130423,254217349,20130423,SYRIA,SYR,LEBANON,LBN,192,영토 점령,19,4,-9.5,2,1,2,2.61780104712042,"Bekaa, Béa, Lebanon",LE,http://www.dailystar.com.lb/News/Politics/2013/Apr-23/214736-rockets-fired-from-syria-hit-lebanons-hermel.ashx
20130423,254217350,20130423,SYRIA,SYR,LEBANON,LBN,192,영토 점령,19,4,-9.5,6,1,6,2.61780104712042,Syria,SY,http://www.dailystar.com.lb/News/Politics/2013/Apr-23/214736-rockets-fired-from-syria-hit-lebanons-hermel.ashx
20130423,254217351,20130423,SYRIA,SYR,LEBANON,LBN,192,영토 점령,19,4,-9.5,2,1,2,2.61780104712042,Syria,SY,http://www.dailystar.com.lb/News/Politics/2013/Apr-23/214736-rockets-fired-from-syria-hit-lebanons-hermel.ashx
20130423,254217352,20130423,SYRIAN,SYR,LEBANON,LBN,194,포병·전차를 이용한 전투,19,4,-10.0,20,3,20,1.8505739968291,"Damascus, Dimashq, Syria",SY,http://www.miamiherald.com/2013/04/23/3359741/2-syrian-rockets-hit-lebanon-as.html
20130423,254217353,20130423,SYRIA,SYR,LEBANON,LBN,194,포병·전차를 이용한 전투,19,4,-10.0,6,1,6,1.24359912216533,Turkey,TU,http://hosted2.ap.org/APDEFAULT/cae69a7523db45408eeb2b3a98c0c9c5/Article_2013-04-23-Syria/id-c6d5ad6406754ae7a8d27664f08fcd87
20130423,254217354,20130423,SYRIA,SYR,LEBANON,LBN,194,포병·전차를 이용한 전투,19,4,-10.0,6,1,6,0.993377483443709,"Damascus, Dimashq, Syria",SY,http://www.scotsman.com/news/international/syrian-archbishops-free-kidnappers-identity-unknown-1-2906374
20130423,254217355,20130423,SYRIA,SYR,LEBANON,LBN,194,포병·전차를 이용한 전투,19,4,-10.0,2,1,2,1.24359912216533,"Brussels, Bruxelles-Capitale, Belgium",BE,http://hosted2.ap.org/APDEFAULT/cae69a7523db45408eeb2b3a98c0c9c5/Article_2013-04-23-Syria/id-c6d5ad6406754ae7a8d27664f08fcd87
20130423,254217356,20130423,SYRIAN,SYR,LEBANON,LBN,194,포병·전차를 이용한 전투,19,4,-10.0,28,3,23,1.3925053796859,"Aleppo, ?alab, Syria",SY,http://cnsnews.com/news/article/2-syrian-rockets-hit-lebanon-tensions-rise
20130423,254217357,20130423,SYRIA,SYR,LEBANON,LBN,194,포병·전차를 이용한 전투,19,4,-10.0,14,2,14,1.30865476285035,"Aleppo, ?alab, Syria",SY,http://cnsnews.com/news/article/2-syrian-rockets-hit-lebanon-tensions-rise
20130423,254217358,20130423,SYRIA,SYR,LEBANON,LBN,194,포병·전차를 이용한 전투,19,4,-10.0,2,1,2,1.78382296060932,"Orontes River, , Lebanon",LE,http://news.yahoo.com/syrian-rockets-hit-lebanon-tensions-spike-121222459.html
20130423,254217359,20130423,SYRIA,SYR,LEBANON,LBN,194,포병·전차를 이용한 전투,19,4,-10.0,8,1,8,2.61780104712042,"Bekaa, Béa, Lebanon",LE,http://www.dailystar.com.lb/News/Politics/2013/Apr-23/214736-rockets-fired-from-syria-hit-lebanons-hermel.ashx
20130423,254217360,20130423,SYRIAN,SYR,LEBANON,LBN,194,포병·전차를 이용한 전투,19,4,-10.0,8,1,8,1.53846153846154,"Beirut, Beyrouth, Lebanon",LE,http://www.thehindu.com/news/international/world/syrian-rockets-hit-lebanon-as-tensions-rise/article4647520.ece
20130423,254217361,20130423,SYRIA,SYR,LEBANON,LBN,194,포병·전차를 이용한 전투,19,4,-10.0,2,1,2,1.24359912216533,Turkey,TU,http://hosted2.ap.org/APDEFAULT/cae69a7523db45408eeb2b3a98c0c9c5/Article_2013-04-23-Syria/id-c6d5ad6406754ae7a8d27664f08fcd87
20130423,254217362,20130423,SYRIA,SYR,LEBANESE,LBN,194,포병·전차를 이용한 전투,19,4,-10.0,10,1,10,2.89855072463768,Lebanon,LE,http://www.jpost.com/Headlines/Article.aspx?id=310792&R=R101
20130423,254217363,20130423,SYRIA,SYR,LEBANON,LBN,194,포병·전차를 이용한 전투,19,4,-10.0,6,1,6,2.61780104712042,Syria,SY,http://www.dailystar.com.lb/News/Politics/2013/Apr-23/214736-rockets-fired-from-syria-hit-lebanons-hermel.ashx
20130423,254217364,20130423,SYRIAN,SYR,LEBANON,LBN,194,포병·전차를 이용한 전투,19,4,-10.0,2,1,2,2.08333333333333,Syria,SY,"http://www.asianews.it/news-en/As-Syrian-rockets-land-in-Lebanon,-rebels-accuse-Hizbollah-of-waging-war-27736.html"
20130423,254217365,20130423,SYRIA,SYR,LEBANON,LBN,194,포병·전차를 이용한 전투,19,4,-10.0,1,1,1,2.89855072463768,Lebanon,LE,http://www.jpost.com/Headlines/Article.aspx?id=310792&R=R101
20130423,254217366,20130423,SYRIA,SYR,LEBANESE,LBN,194,포병·전차를 이용한 전투,19,4,-10.0,4,1,4,2.89855072463768,Syria,SY,http://www.jpost.com/Headlines/Article.aspx?id=310792&R=R101
20130423,254217367,20130423,SYRIA,SYR,LEBANON,LBN,194,포병·전차를 이용한 전투,19,4,-10.0,6,2,4,2.51933548860851,Syria,SY,http://www.miamiherald.com/2013/04/23/3359741/2-syrian-rockets-hit-lebanon-as.html
20130423,254217372,20130423,SYRIA,SYR,LEBANON,LBN,190,재래식 군사력 사용,19,4,-10.0,2,1,2,1.71288743882545,"Beirut, Beyrouth, Lebanon",LE,http://news.yahoo.com/syrian-war-increasingly-drawing-lebanon-193607171.html
20130423,254217373,20130423,SYRIA,SYR,LEBANON,LBN,190,재래식 군사력 사용,19,4,-10.0,2,1,2,1.78890876565295,Lebanon,LE,http://abcnews.go.com/International/wireStory/syrian-war-increasingly-drawing-lebanon-19024859
20130423,254217374,20130423,SYRIA,SYR,LEBANON,LBN,190,재래식 군사력 사용,19,4,-10.0,1,1,1,1.71288743882545,"Beirut, Beyrouth, Lebanon",LE,http://news.yahoo.com/syrian-war-increasingly-drawing-lebanon-193607171.html
20130423,254217375,20130423,SYRIA,SYR,LEBANON,LBN,190,재래식 군사력 사용,19,4,-10.0,1,1,1,1.78890876565295,Lebanon,LE,http://abcnews.go.com/International/wireStory/syrian-war-increasingly-drawing-lebanon-19024859
20130423,254217422,20130423,SYRIAN,SYR,AL JAZEERA,QAT,190,재래식 군사력 사용,19,4,-10.0,1,1,1,2.41423125794155,Syria,SY,http://www.usatoday.com/story/money/2013/04/23/ap-hacking-effect-on-newsrooms/2107543/?utm_source=feedburner&utm_medium=feed&utm_campaign=Feed%3A+usatoday-TechTopStories+%28Tech+-+Top+Stories%29
20130423,254217423,20130423,SYRIAN,SYR,AL JAZEERA,QAT,190,재래식 군사력 사용,19,4,-10.0,1,1,1,2.41423125794155,Syria,SY,http://www.usatoday.com/story/money/2013/04/23/ap-hacking-effect-on-newsrooms/2107543/?utm_source=feedburner&utm_medium=feed&utm_campaign=Feed%3A+usatoday-TechTopStories+%28Tech+-+Top+Stories%29
20130423,254217612,20130423,SYRIA,SYR,LEBANON,LBN,190,재래식 군사력 사용,19,4,-10.0,2,1,2,0.0,France,FR,BBC Monitoring
20130423,254217644,20130423,SYRIAN,SYR,LEBANON,LBN,194,포병·전차를 이용한 전투,19,4,-10.0,3,1,3,2.08333333333333,Syria,SY,"http://www.asianews.it/news-en/As-Syrian-rockets-land-in-Lebanon,-rebels-accuse-Hizbollah-of-waging-war-27736.html"
20130423,254217662,20130423,SYRIAN,SYR,LEBANESE,LBN,194,포병·전차를 이용한 전투,19,4,-10.0,2,1,2,0.0,Tunisia,TS,BBC Monitoring
20130423,254217687,20130423,SYRIAN,SYR,LEBANESE,LBN,194,포병·전차를 이용한 전투,19,4,-10.0,6,1,6,0.0,Tunisia,TS,BBC Monitoring
20130423,254218075,20130423,TURKEY,TUR,ISRAEL,ISR,193,소형무기·경무기를 이용한 전투,19,4,-10.0,1,1,1,0.0,"Nouakchott, Trarza, Mauritania",MR,BBC Monitoring
20130423,254218138,20130423,TURKEY,TUR,SYRIA,SYR,192,영토 점령,19,4,-9.5,10,1,10,1.61870503597122,"Istanbul, Istanbul, Turkey",TU,http://www.dw.de/nato-foreign-ministers-focus-on-world-hotspots/a-16764361?maca=en-rss-en-top-1022-rdf
20130424,254225168,20130417,SINAI,EGY,ISRAELI,ISR,194,포병·전차를 이용한 전투,19,4,-10.0,6,3,6,1.99890622260209,"Cairo, Al Qahirah, Egypt",EG,http://www.google.com/hostednews/afp/article/ALeqM5iCzdMdxo6CbXY8ZVq4VeZ0OPcEKA?docId=CNG.455553b8d04c25dfcad7803cb695a5ad.361
20130424,254231561,20130424,BAHRAIN,BHR,ISRAEL,ISR,190,재래식 군사력 사용,19,4,-10.0,4,1,4,0.0,"Hebron, Israel (general), Israel",IS,http://www.bna.bh/portal/en/news/557893
20130424,254231562,20130424,BAHRAIN,BHR,ISRAELI,ISR,190,재래식 군사력 사용,19,4,-10.0,6,1,6,0.0,"Hebron, Israel (general), Israel",IS,http://www.bna.bh/portal/en/news/557893
20130424,254237543,20130424,EGYPT,EGY,ISRAELI,ISR,194,포병·전차를 이용한 전투,19,4,-10.0,4,1,4,0.0,Iran,IR,BBC Monitoring
20130424,254237610,20130424,EGYPT,EGY,TURKEY,TUR,190,재래식 군사력 사용,19,4,-10.0,2,1,2,6.5359477124183,"Hurghada, Al Ba?r al A?mar, Egypt",EG,http://www.dailymail.co.uk/news/article-2314175/The-worlds-best-summer-job-Lucky-student-lands-position-travelling-globe-WATER-SLIDE-TESTER.html?ITO=1490&ns_mchannel=rss&ns_campaign=1490
20130424,254237611,20130424,EGYPT,EGY,TURKEY,TUR,190,재래식 군사력 사용,19,4,-10.0,2,1,2,6.5359477124183,Turkey,TU,http://www.dailymail.co.uk/news/article-2314175/The-worlds-best-summer-job-Lucky-student-lands-position-travelling-globe-WATER-SLIDE-TESTER.html?ITO=1490&ns_mchannel=rss&ns_campaign=1490
20130424,254243222,20130424,IRANIAN,IRN,IRAQ,IRQ,190,재래식 군사력 사용,19,4,-10.0,20,1,10,0.0,Iran,IR,BBC Monitoring
20130424,254243235,20130424,IRAN,IRN,ISRAEL,ISR,190,재래식 군사력 사용,19,4,-10.0,10,1,10,0.0,Iran,IR,BBC Monitoring
20130424,254243552,20130424,IRAQ,IRQ,IRANIAN,IRN,190,재래식 군사력 사용,19,4,-10.0,20,1,10,0.0,Iran,IR,BBC Monitoring
20130424,254243634,20130424,IRAQ,IRQ,SYRIA,SYR,190,재래식 군사력 사용,19,4,-10.0,2,1,2,0.62111801242236,"Hawija, DiyaláZ, Iraq",IZ,http://www.thenational.ae/news/world/middle-east/iraq-28-dead-in-clashes-bombing-as-tensions-rise
20130424,254243713,20130424,IRAQ,IRQ,LEBANON,LBN,190,재래식 군사력 사용,19,4,-10.0,1,1,1,1.5748031496063,"Baghdad, Baghdad, Iraq",IZ,http://gulfnews.com/news/region/iraq/fears-of-uprising-emerge-from-iraq-s-sunni-discontent-1.1174583
20130424,254243987,20130424,ISRAEL,ISR,IRAN,IRN,190,재래식 군사력 사용,19,4,-10.0,10,1,10,0.0,Iran,IR,BBC Monitoring
20130424,254243988,20130424,ISRAELI,ISR,IRANIAN,IRN,194,포병·전차를 이용한 전투,19,4,-10.0,8,1,8,3.86473429951691,"Tel Aviv, Tel Aviv, Israel",IS,http://www.usnews.com/opinion/blogs/world-report/2013/04/24/iran-syria-civil-war?s_cid=rss:world-report:iran-syria-civil-war
20130424,254243989,20130424,ISRAELI,ISR,IRANIAN,IRN,194,포병·전차를 이용한 전투,19,4,-10.0,2,1,2,3.86473429951691,"Tel Aviv, Tel Aviv, Israel",IS,http://www.usnews.com/opinion/blogs/world-report/2013/04/24/iran-syria-civil-war?s_cid=rss:world-report:iran-syria-civil-war
20130424,254243990,20130424,ISRAEL,ISR,IRANIAN,IRN,194,포병·전차를 이용한 전투,19,4,-10.0,8,1,8,2.05655526992288,Israel,IS,http://www.voanews.com/content/weapons-mideast-us-israel-iran/1648394.html
20130424,254243991,20130424,ISRAEL,ISR,IRANIAN,IRN,194,포병·전차를 이용한 전투,19,4,-10.0,2,1,2,2.05655526992288,Israel,IS,http://www.voanews.com/content/weapons-mideast-us-israel-iran/1648394.html
20130424,254244109,20130424,ISRAEL,ISR,WEST BANK,PSE,190,재래식 군사력 사용,19,4,-10.0,8,1,8,1.62907268170426,"Jerusalem, Israel (general), Israel",IS,http://www.miamiherald.com/2013/04/24/3362366/palestinian-christians-battle.html
20130424,254244110,20130424,ISRAEL,ISR,PALESTINIAN,PSE,190,재래식 군사력 사용,19,4,-10.0,1,1,1,1.62907268170426,"Jerusalem, Israel (general), Israel",IS,http://www.miamiherald.com/2013/04/24/3362366/palestinian-christians-battle.html
20130424,254244111,20130424,ISRAEL,ISR,PALESTINIAN,PSE,190,재래식 군사력 사용,19,4,-10.0,8,1,8,1.91431175934366,"Jerusalem, Israel (general), Israel",IS,http://news.yahoo.com/palestinian-christians-battle-israel-barrier-route-185408315.html
20130424,254244112,20130424,ISRAEL,ISR,PALESTINIAN,PSE,190,재래식 군사력 사용,19,4,-10.0,16,2,16,1.84335711858647,Israel,IS,http://www.philippinetimes.com/index.php/sid/214065753/scat/2411cd3571b4f088
20130424,254244117,20130424,JERUSALEM,ISR,HAMAS,PSE,138,군사력 사용 위협,13,3,-7.0,6,1,6,2.95210961877628,"Jerusalem, Israel (general), Israel",IS,http://www.jpost.com/DiplomacyAndPolitics/Article.aspx?id=310890&R=R9
20130424,254244167,20130424,ISRAEL,ISR,ALEPPO,SYR,190,재래식 군사력 사용,19,4,-10.0,4,1,4,1.2987012987013,"Aleppo, ?alab, Syria",SY,http://www.npr.org/blogs/thetwo-way/2013/04/24/178874921/hagel-claims-syria-used-chemical-weapons-are-suspicions?ft=1&f=1001
20130424,254244168,20130424,ISRAEL,ISR,ALEPPO,SYR,190,재래식 군사력 사용,19,4,-10.0,4,1,4,1.2987012987013,Israel,IS,http://www.npr.org/blogs/thetwo-way/2013/04/24/178874921/hagel-claims-syria-used-chemical-weapons-are-suspicions?ft=1&f=1001
20130424,254244169,20130424,ISRAELI,ISR,SYRIA,SYR,195,공중무기 사용,19,4,-10.0,1,1,1,2.1978021978022,"Aleppo, ?alab, Syria",SY,http://bdnews24.com/world/2013/04/24/israeli-spy-says-syria-used-chemical-arms-us-unconvinced
20130424,254244170,20130424,ISRAELI,ISR,SYRIA,SYR,195,공중무기 사용,19,4,-10.0,1,1,1,2.1978021978022,"Tel Aviv, Tel Aviv, Israel",IS,http://bdnews24.com/world/2013/04/24/israeli-spy-says-syria-used-chemical-arms-us-unconvinced
20130424,254244174,20130424,ISRAELI,ISR,BASHAR AL ASSAD,SYR,190,재래식 군사력 사용,19,4,-10.0,1,1,1,1.30718954248366,"Aleppo, ?alab, Syria",SY,http://www.xe.com/news/2013/04/24/3320849.htm?utm_source=RSS&utm_medium=TL&utm_content=NOGEO&utm_campaign=News_RSS_Art3
20130424,254244175,20130424,ISRAELI,ISR,BASHAR AL ASSAD,SYR,190,재래식 군사력 사용,19,4,-10.0,1,1,1,1.52091254752852,Israel,IS,http://www.trust.org/item/20130424150151-2j59b
20130424,254244176,20130424,ISRAELI,ISR,DAMASCUS,SYR,190,재래식 군사력 사용,19,4,-10.0,24,3,24,1.99890622260209,United States,US,http://www.google.com/hostednews/afp/article/ALeqM5iCzdMdxo6CbXY8ZVq4VeZ0OPcEKA?docId=CNG.455553b8d04c25dfcad7803cb695a5ad.361
20130424,254244177,20130424,ISRAELI,ISR,SYRIA,SYR,190,재래식 군사력 사용,19,4,-10.0,6,3,6,1.99890622260209,"Damascus, Dimashq, Syria",SY,http://www.google.com/hostednews/afp/article/ALeqM5iCzdMdxo6CbXY8ZVq4VeZ0OPcEKA?docId=CNG.455553b8d04c25dfcad7803cb695a5ad.361
20130424,254244178,20130424,ISRAELI,ISR,BASHAR AL ASSAD,SYR,190,재래식 군사력 사용,19,4,-10.0,10,5,10,1.41414953980484,"Washington, District of Columbia, United States",US,http://thestar.com.my/news/story.asp?file=/2013/4/24/worldupdates/syria-says-it-would-not-use-chemical-arms-even-against-israel&sec=Worldupdates
20130424,254244179,20130424,ISRAELI,ISR,BASHAR AL ASSAD,SYR,190,재래식 군사력 사용,19,4,-10.0,2,1,2,1.4760147601476,Israel,IS,"http://english.ahram.org.eg/NewsContent/2/8/70080/World/Region/Syria-says-it-would-not-use-chemical-arms,-even-ag.aspx"
20130424,254244421,20130424,ISRAELI,ISR,BASHAR AL ASSAD,SYR,190,재래식 군사력 사용,19,4,-10.0,6,2,6,1.41405104500609,Israel,IS,http://www.trust.org/item/20130424150151-2j59b
20130424,254244422,20130424,ISRAEL,ISR,BASHAR AL ASSAD,SYR,190,재래식 군사력 사용,19,4,-10.0,10,5,10,1.41414953980484,"Damascus, Dimashq, Syria",SY,http://thestar.com.my/news/story.asp?file=/2013/4/24/worldupdates/syria-says-it-would-not-use-chemical-arms-even-against-israel&sec=Worldupdates
20130424,254244423,20130424,ISRAELI,ISR,BASHAR AL ASSAD,SYR,190,재래식 군사력 사용,19,4,-10.0,20,5,20,1.41414953980484,"Damascus, Dimashq, Syria",SY,http://thestar.com.my/news/story.asp?file=/2013/4/24/worldupdates/syria-says-it-would-not-use-chemical-arms-even-against-israel&sec=Worldupdates
20130424,254244424,20130424,ISRAELI,ISR,BASHAR AL ASSAD,SYR,190,재래식 군사력 사용,19,4,-10.0,6,1,6,1.4760147601476,Israel,IS,"http://english.ahram.org.eg/NewsContent/2/8/70080/World/Region/Syria-says-it-would-not-use-chemical-arms,-even-ag.aspx"
20130424,254246644,20130424,LEBANON,LBN,ISRAEL,ISR,193,소형무기·경무기를 이용한 전투,19,4,-10.0,4,1,4,3.29501915708812,"Ansar, Nabatî, Lebanon",LE,http://www.jpost.com/Opinion/Op-EdContributors/Article.aspx?id=310960&R=R7
20130424,254246645,20130424,LEBANON,LBN,ISRAEL,ISR,193,소형무기·경무기를 이용한 전투,19,4,-10.0,4,1,4,3.29501915708812,Israel,IS,http://www.jpost.com/Opinion/Op-EdContributors/Article.aspx?id=310960&R=R7
20130424,254246703,20130424,BEIRUT,LBN,DAMASCUS,SYR,192,영토 점령,19,4,-9.5,8,3,8,2.61513090225873,"Damascus, Dimashq, Syria",SY,http://www.jpost.com/Headlines/Article.aspx?id=310929&R=R101
20130424,254246704,20130424,LEBANON,LBN,SYRIA,SYR,192,영토 점령,19,4,-9.5,1,1,1,2.8169014084507,"Damascus, Dimashq, Syria",SY,http://www.jpost.com/Headlines/Article.aspx?id=310929&R=R101
20130424,254246707,20130424,BEIRUT,LBN,SYRIAN,SYR,190,재래식 군사력 사용,19,4,-10.0,3,1,3,2.39520958083832,"Qalamoun, Rif Dimashq, Syria",SY,http://www.dailystar.com.lb/News/Local-News/2013/Apr-24/214926-hundreds-of-syrian-families-flee-fighting-in-al-qusair.ashx
20130424,254246744,20130424,LEBANON,LBN,SYRIA,SYR,190,재래식 군사력 사용,19,4,-10.0,4,1,4,1.80327868852459,Lebanon,LE,http://www.3news.co.nz/Syrian-war-increasingly-drawing-in-Lebanon/tabid/417/articleID/295482/Default.aspx?utm_source=feedburner&utm_medium=feed&utm_campaign=Feed%3A+co%2FMvia+%283News+-+International+News%29
20130424,254246745,20130424,LEBANON,LBN,SYRIA,SYR,190,재래식 군사력 사용,19,4,-10.0,2,1,2,1.80327868852459,Lebanon,LE,http://www.3news.co.nz/Syrian-war-increasingly-drawing-in-Lebanon/tabid/417/articleID/295482/Default.aspx?utm_source=feedburner&utm_medium=feed&utm_campaign=Feed%3A+co%2FMvia+%283News+-+International+News%29
20130424,254251163,20130424,WEST BANK,PSE,ISRAEL,ISR,190,재래식 군사력 사용,19,4,-10.0,6,1,6,0.0,"Hebron, Israel (general), Israel",IS,http://www.bna.bh/portal/en/news/557893
20130424,254251164,20130424,WEST BANK,PSE,ISRAEL,ISR,190,재래식 군사력 사용,19,4,-10.0,8,1,8,1.62907268170426,"Jerusalem, Israel (general), Israel",IS,http://www.miamiherald.com/2013/04/24/3362366/palestinian-christians-battle.html
20130424,254251165,20130424,PALESTINIAN,PSE,ISRAEL,ISR,190,재래식 군사력 사용,19,4,-10.0,4,1,4,1.0,Israel,IS,http://www.haaretz.com/news/diplomacy-defense/palestinian-convicted-of-murdering-asher-palmer-and-son-receives-98-year-prison-sentence.premium-1.517328?localLinksEnabled=false
20130424,254251166,20130424,GAZA,PSE,ISRAELI,ISR,194,포병·전차를 이용한 전투,19,4,-10.0,4,1,4,0.0,Iran,IR,BBC Monitoring
20130424,254251206,20130424,PALESTINIAN,PSE,ISRAEL,ISR,190,재래식 군사력 사용,19,4,-10.0,9,2,9,1.88261852849484,"Jerusalem, Israel (general), Israel",IS,http://www.miamiherald.com/2013/04/24/3362366/palestinian-christians-battle.html
20130424,254251207,20130424,PALESTINIAN,PSE,ISRAEL,ISR,190,재래식 군사력 사용,19,4,-10.0,16,2,16,1.84335711858647,United States,US,http://www.philippinetimes.com/index.php/sid/214065753/scat/2411cd3571b4f088
20130424,254252971,20130424,SYRIA,SYR,IRAQ,IRQ,190,재래식 군사력 사용,19,4,-10.0,3,3,3,0.764339286382919,France,FR,http://news.yahoo.com/dutch-court-compensation-gas-attack-survivors-115415325.html
20130424,254252972,20130424,SYRIA,SYR,IRAQ,IRQ,190,재래식 군사력 사용,19,4,-10.0,5,4,5,0.748458644293519,Syria,SY,http://hosted.ap.org/dynamic/stories/E/EU_NETHERLANDS_IRAQ_CHEMICAL_WEAPONS?SITE=TXHOU&SECTION=HOME&TEMPLATE=DEFAULT
20130424,254252997,20130424,SYRIA,SYR,ISRAEL,ISR,190,재래식 군사력 사용,19,4,-10.0,5,1,5,1.28205128205128,"Damascus, Dimashq, Syria",SY,"http://www.ynetnews.com/articles/0,7340,L-4371976,00.html"
20130424,254253031,20130424,SYRIA,SYR,LEBANON,LBN,190,재래식 군사력 사용,19,4,-10.0,4,1,4,1.80327868852459,Lebanon,LE,http://www.3news.co.nz/Syrian-war-increasingly-drawing-in-Lebanon/tabid/417/articleID/295482/Default.aspx?utm_source=feedburner&utm_medium=feed&utm_campaign=Feed%3A+co%2FMvia+%283News+-+International+News%29
20130424,254253032,20130424,SYRIA,SYR,LEBANON,LBN,190,재래식 군사력 사용,19,4,-10.0,2,1,2,1.80327868852459,Lebanon,LE,http://www.3news.co.nz/Syrian-war-increasingly-drawing-in-Lebanon/tabid/417/articleID/295482/Default.aspx?utm_source=feedburner&utm_medium=feed&utm_campaign=Feed%3A+co%2FMvia+%283News+-+International+News%29
20130424,254253199,20130424,DAMASCUS,SYR,SANA,YEM,190,재래식 군사력 사용,19,4,-10.0,36,3,36,1.26846940695802,"Damascus, Dimashq, Syria",SY,http://thestar.com.my/news/story.asp?file=/2013/4/25/worldupdates/ancient-aleppo-minaret-falls-amid-battles-in-syria&sec=Worldupdates
20130424,254253200,20130424,DAMASCUS,SYR,SANA,YEM,190,재래식 군사력 사용,19,4,-10.0,18,4,18,1.27900930899352,"Damascus, Dimashq, Syria",SY,http://news.yahoo.com/mortar-attack-hits-government-held-suburb-damascus-132539752.html
20130424,254253201,20130424,DAMASCUS,SYR,SANA,YEM,190,재래식 군사력 사용,19,4,-10.0,36,4,36,1.28954921102902,"Jaramana, Dimashq, Syria",SY,http://news.yahoo.com/mortar-attack-hits-government-held-suburb-damascus-132539752.html
20130424,254253203,20130424,SYRIAN,SYR,SANA,YEM,190,재래식 군사력 사용,19,4,-10.0,40,3,40,0.854132435334027,"Jaramana, Dimashq, Syria",SY,http://www.theglobeandmail.com/news/world/syrian-mosques-minaret-destroyed/article11540295/?cmpid=rss1
20130424,254253226,20130424,DAMASCUS,SYR,ISRAELI,ISR,190,재래식 군사력 사용,19,4,-10.0,24,3,24,1.99890622260209,United States,US,http://www.google.com/hostednews/afp/article/ALeqM5iCzdMdxo6CbXY8ZVq4VeZ0OPcEKA?docId=CNG.455553b8d04c25dfcad7803cb695a5ad.361
20130424,254253227,20130424,SYRIA,SYR,ISRAELI,ISR,190,재래식 군사력 사용,19,4,-10.0,6,3,6,1.99890622260209,"Damascus, Dimashq, Syria",SY,http://www.google.com/hostednews/afp/article/ALeqM5iCzdMdxo6CbXY8ZVq4VeZ0OPcEKA?docId=CNG.455553b8d04c25dfcad7803cb695a5ad.361
20130424,254253229,20130424,SYRIAN,SYR,BEIRUT,LBN,190,재래식 군사력 사용,19,4,-10.0,3,1,3,2.39520958083832,"Qalamoun, Rif Dimashq, Syria",SY,http://www.dailystar.com.lb/News/Local-News/2013/Apr-24/214926-hundreds-of-syrian-families-flee-fighting-in-al-qusair.ashx
20130424,254253699,20130424,TURKEY,TUR,EGYPT,EGY,190,재래식 군사력 사용,19,4,-10.0,2,1,2,6.5359477124183,"Hurghada, Al Ba?r al A?mar, Egypt",EG,http://www.dailymail.co.uk/news/article-2314175/The-worlds-best-summer-job-Lucky-student-lands-position-travelling-globe-WATER-SLIDE-TESTER.html?ITO=1490&ns_mchannel=rss&ns_campaign=1490
20130424,254253700,20130424,TURKEY,TUR,EGYPT,EGY,190,재래식 군사력 사용,19,4,-10.0,2,1,2,6.5359477124183,Turkey,TU,http://www.dailymail.co.uk/news/article-2314175/The-worlds-best-summer-job-Lucky-student-lands-position-travelling-globe-WATER-SLIDE-TESTER.html?ITO=1490&ns_mchannel=rss&ns_campaign=1490
20130425,254280892,20130425,IRAN,IRN,IRAQ,IRQ,190,재래식 군사력 사용,19,4,-10.0,1,1,1,0.890207715133531,"Halabja, As Sulaymaniyah, Iraq",IZ,http://www.payvand.com/news/13/apr/1177.html
20130425,254280893,20130425,IRAN,IRN,IRAQ,IRQ,190,재래식 군사력 사용,19,4,-10.0,1,1,1,0.890207715133531,"Halabja, As Sulaymaniyah, Iraq",IZ,http://www.payvand.com/news/13/apr/1177.html
20130425,254280912,20130425,IRANIAN,IRN,ISRAELI,ISR,190,재래식 군사력 사용,19,4,-10.0,2,1,2,0.263157894736842,Lebanon,LE,http://www.jpost.com/Defense/Article.aspx?ID=311157&R=R1
20130425,254280913,20130425,IRANIAN,IRN,ISRAELI,ISR,190,재래식 군사력 사용,19,4,-10.0,2,1,2,0.263157894736842,Lebanon,LE,http://www.jpost.com/Defense/Article.aspx?ID=311157&R=R1
20130425,254280914,20130425,IRANIAN,IRN,ISRAEL,ISR,194,포병·전차를 이용한 전투,19,4,-10.0,10,1,10,0.0,"Dagestan, Dagestan, Russia",RS,BBC Monitoring
20130425,254280915,20130425,IRANIAN,IRN,ISRAEL,ISR,194,포병·전차를 이용한 전투,19,4,-10.0,14,4,14,0.935755990326448,"Jerusalem, Israel (general), Israel",IS,http://timesofindia.indiatimes.com/world/middle-east/Israel-shoots-down-drone-from-Lebanon/articleshow/19728279.cms
20130425,254280916,20130425,IRANIAN,IRN,ISRAEL,ISR,194,포병·전차를 이용한 전투,19,4,-10.0,56,4,56,0.935755990326449,"Jerusalem, Israel (general), Israel",IS,http://timesofindia.indiatimes.com/world/middle-east/Israel-shoots-down-drone-from-Lebanon/articleshow/19728279.cms
20130425,254280917,20130425,IRAN,IRN,ISRAEL,ISR,190,재래식 군사력 사용,19,4,-10.0,2,1,2,0.263157894736842,Lebanon,LE,http://www.jpost.com/Defense/Article.aspx?ID=311157&R=R1
20130425,254280918,20130425,IRANIAN,IRN,ISRAELI,ISR,190,재래식 군사력 사용,19,4,-10.0,4,1,4,0.263157894736842,Lebanon,LE,http://www.jpost.com/Defense/Article.aspx?ID=311157&R=R1
20130425,254281225,20130425,IRAQ,IRQ,ISRAEL,ISR,190,재래식 군사력 사용,19,4,-10.0,10,1,10,0.0,Iraq,IZ,"http://www.ynetnews.com/articles/0,7340,L-4372555,00.html"
20130425,254281274,20130425,IRAQ,IRQ,SYRIA,SYR,138,군사력 사용 위협,13,3,-7.0,4,1,4,2.82485875706215,Syria,SY,http://www.dailystar.com.lb/Opinion/Commentary/2013/Apr-26/215088-containing-the-chemical-arms-risk-befuddles-the-us.ashx
20130425,254281275,20130425,IRAQ,IRQ,SYRIA,SYR,138,군사력 사용 위협,13,3,-7.0,6,1,6,2.82485875706215,Syria,SY,http://www.dailystar.com.lb/Opinion/Commentary/2013/Apr-26/215088-containing-the-chemical-arms-risk-befuddles-the-us.ashx
20130425,254281276,20130425,IRAQ,IRQ,SYRIA,SYR,192,영토 점령,19,4,-9.5,1,1,1,0.0,"Moscow, Moskva, Russia",RS,BBC Monitoring
20130425,254281277,20130425,IRAQ,IRQ,SYRIAN,SYR,192,영토 점령,19,4,-9.5,7,1,7,0.0,"Moscow, Moskva, Russia",RS,BBC Monitoring
20130425,254281278,20130425,IRAQ,IRQ,SYRIA,SYR,192,영토 점령,19,4,-9.5,2,1,2,0.0,"Moscow, Moskva, Russia",RS,BBC Monitoring
20130425,254281637,20130425,ISRAEL,ISR,IRANIAN,IRN,190,재래식 군사력 사용,19,4,-10.0,4,1,4,1.56657963446475,"Gaza, Israel (general), Israel",IS,http://www.jpost.com/MiddleEast/Article.aspx?ID=311165&R=R1
20130425,254281638,20130425,ISRAEL,ISR,IRANIAN,IRN,194,포병·전차를 이용한 전투,19,4,-10.0,8,1,8,1.99501246882793,Israel,IS,http://www.globalsecurity.org/military/library/news/2013/04/mil-130424-voa01.htm
20130425,254281639,20130425,ISRAEL,ISR,IRANIAN,IRN,194,포병·전차를 이용한 전투,19,4,-10.0,2,1,2,1.99501246882793,Israel,IS,http://www.globalsecurity.org/military/library/news/2013/04/mil-130424-voa01.htm
20130425,254281640,20130425,ISRAEL,ISR,IRAQ,IRQ,190,재래식 군사력 사용,19,4,-10.0,10,1,10,0.0,Iraq,IZ,"http://www.ynetnews.com/articles/0,7340,L-4372555,00.html"
20130425,254281734,20130425,ISRAELI,ISR,LEBANON,LBN,190,재래식 군사력 사용,19,4,-10.0,8,1,8,0.82815734989648,"Herzliya, Tel Aviv, Israel",IS,http://www.washingtonpost.com/world/middle_east/israel-downs-drone-flying-from-lebanon/2013/04/25/a9c74ede-adcf-11e2-b240-9ef3a72c67cc_story.html?wprss=rss_world
20130425,254281735,20130425,ISRAEL,ISR,LEBANESE,LBN,190,재래식 군사력 사용,19,4,-10.0,4,1,4,2.04081632653061,"Julis, HaDarom, Israel",IS,http://www.dw.de/israel-shoots-down-drone-hezbollah-denies-involvement/a-16773464?maca=en-rss-en-all-1573-rdf
20130425,254281736,20130425,ISRAEL,ISR,LEBANESE,LBN,190,재래식 군사력 사용,19,4,-10.0,4,1,4,2.04081632653061,"Julis, HaDarom, Israel",IS,http://www.dw.de/israel-shoots-down-drone-hezbollah-denies-involvement/a-16773464?maca=en-rss-en-all-1573-rdf
20130425,254281737,20130425,ISRAELI,ISR,LEBANON,LBN,190,재래식 군사력 사용,19,4,-10.0,4,1,4,0.847457627118644,"Jerusalem, Israel (general), Israel",IS,http://www.upi.com/Top_News/World-News/2013/04/25/Israeli-planes-shoot-down-drone-from-Lebanon/UPI-53881366905142/
20130425,254281738,20130425,ISRAEL,ISR,LEBANON,LBN,190,재래식 군사력 사용,19,4,-10.0,2,1,2,0.823045267489712,"Beirut, Beyrouth, Lebanon",LE,http://news.yahoo.com/israel-shoots-down-suspected-hezbollah-drone-175343231.html
20130425,254281739,20130425,ISRAEL,ISR,LEBANON,LBN,193,소형무기·경무기를 이용한 전투,19,4,-10.0,10,1,10,0.0,"Dagestan, Dagestan, Russia",RS,BBC Monitoring
20130425,254281740,20130425,ISRAEL,ISR,LEBANON,LBN,193,소형무기·경무기를 이용한 전투,19,4,-10.0,2,1,2,2.1353482260184,"Samir, Sistan va Baluchestan, Iran",IR,http://www.state.gov/r/pa/prs/dpb/2013/04/208007.htm#RUSSIA
20130425,254281741,20130425,ISRAEL,ISR,LEBANESE,LBN,193,소형무기·경무기를 이용한 전투,19,4,-10.0,2,1,2,1.66898470097357,"Kaesong, Ch'ungch'ong-bukto, South Korea",KS,http://rt.com/news/line/2013-04-25/#47399
20130425,254281742,20130425,ISRAEL,ISR,LEBANON,LBN,193,소형무기·경무기를 이용한 전투,19,4,-10.0,10,1,10,0.842696629213483,"Herzliya, Tel Aviv, Israel",IS,http://www.haaretz.com/news/diplomacy-defense/idf-shoots-down-drone-from-lebanon-opposite-haifa-coast-1.517611?localLinksEnabled=false
20130425,254281743,20130425,ISRAEL,ISR,LEBANON,LBN,193,소형무기·경무기를 이용한 전투,19,4,-10.0,2,1,2,0.753295668549906,Syria,SY,http://www.reuters.com/article/2013/04/25/us-israel-lebanon-drone-idUSBRE93O0NU20130425
20130425,254281744,20130425,ISRAEL,ISR,LEBANON,LBN,193,소형무기·경무기를 이용한 전투,19,4,-10.0,68,5,68,0.869805610671553,"Jerusalem, Israel (general), Israel",IS,http://timesofindia.indiatimes.com/world/middle-east/Israel-shoots-down-drone-from-Lebanon/articleshow/19728279.cms
20130425,254281745,20130425,ISRAEL,ISR,LEBANON,LBN,193,소형무기·경무기를 이용한 전투,19,4,-10.0,11,2,11,0.0,"Jerusalem, Israel (general), Israel",IS,http://www.philippinetimes.com/index.php/sid/214097588/scat/2411cd3571b4f088
20130425,254281746,20130425,JERUSALEM,ISR,LEBANON,LBN,193,소형무기·경무기를 이용한 전투,19,4,-10.0,4,1,4,0.0,Lebanon,LE,http://www.voanews.com/content/israel-shoots-down-drone-from-lebanon/1648624.html
20130425,254281747,20130425,ISRAEL,ISR,LEBANON,LBN,193,소형무기·경무기를 이용한 전투,19,4,-10.0,10,1,10,0.77720207253886,"Gaza, Israel (general), Israel",IS,http://news.sky.com/story/1082972/israeli-jets-shoot-down-hizbollah-drone
20130425,254281748,20130425,ISRAEL,ISR,LEBANON,LBN,193,소형무기·경무기를 이용한 전투,19,4,-10.0,2,1,2,1.74672489082969,Lebanon,LE,http://uk.reuters.com/article/2013/04/25/uk-israel-lebanon-drone-idUKBRE93O0NZ20130425?feedType=RSS&feedName=worldNews&utm_source=feedburner&utm_medium=feed&utm_campaign=Feed%3A+Reuters%2FUKWorldNews+%28News+%2F+UK+%2F+World+News%29
20130425,254281749,20130425,ISRAELI,ISR,LEBANON,LBN,193,소형무기·경무기를 이용한 전투,19,4,-10.0,20,2,20,0.0,Israel,IS,http://www.salon.com/2013/04/25/hezbollah_drones_not_ours_ap/
20130425,254281750,20130425,ISRAEL,ISR,LEBANESE,LBN,193,소형무기·경무기를 이용한 전투,19,4,-10.0,14,3,14,0.828745157990321,Israel,IS,http://www.panarmenian.net/eng/news/155877/
20130425,254281751,20130425,ISRAEL,ISR,LEBANESE,LBN,193,소형무기·경무기를 이용한 전투,19,4,-10.0,29,4,29,0.934368759103056,Israel,IS,http://rt.com/news/line/2013-04-25/#47399
20130425,254281752,20130425,ISRAELI,ISR,LEBANON,LBN,193,소형무기·경무기를 이용한 전투,19,4,-10.0,1,1,1,0.0,Lebanon,LE,http://en.trend.az/regions/met/israel/2143686.html
20130425,254281753,20130425,ISRAEL,ISR,LEBANON,LBN,193,소형무기·경무기를 이용한 전투,19,4,-10.0,8,1,8,0.0,Israel,IS,"http://www.latimes.com/news/nationworld/world/middleeast/la-fg-israel-hezbollah-drone-20130426,0,7201782.story"
20130425,254281754,20130425,ISRAEL,ISR,LEBANON,LBN,193,소형무기·경무기를 이용한 전투,19,4,-10.0,2,1,2,1.38888888888889,"Jerusalem, Israel (general), Israel",IS,http://zeenews.india.com/news/world/israel-shoots-down-drone-from-lebanon_844703.html
20130425,254281755,20130425,ISRAEL,ISR,LEBANON,LBN,193,소형무기·경무기를 이용한 전투,19,4,-10.0,8,1,8,1.74672489082969,Lebanon,LE,http://uk.reuters.com/article/2013/04/25/uk-israel-lebanon-drone-idUKBRE93O0NZ20130425?feedType=RSS&feedName=worldNews&utm_source=feedburner&utm_medium=feed&utm_campaign=Feed%3A+Reuters%2FUKWorldNews+%28News+%2F+UK+%2F+World+News%29
20130425,254281756,20130425,ISRAEL,ISR,LEBANESE,LBN,193,소형무기·경무기를 이용한 전투,19,4,-10.0,20,2,20,1.35530747932208,Lebanon,LE,http://www.thenews.com.pk/Todays-News-1-173639-Israel-shoots-down-Lebanese-drone
20130425,254281757,20130425,ISRAEL,ISR,LEBANON,LBN,193,소형무기·경무기를 이용한 전투,19,4,-10.0,12,2,12,0.695734565965391,Syria,SY,http://www.reuters.com/article/2013/04/25/us-israel-lebanon-drone-idUSBRE93O0NU20130425
20130425,254281758,20130425,ISRAELI,ISR,LEBANON,LBN,193,소형무기·경무기를 이용한 전투,19,4,-10.0,4,2,4,0.580612360796361,Syria,SY,http://thestar.com.my/news/story.asp?file=/2013/4/26/worldupdates/israeli-military-says-it-shoots-down-drone-from-lebanon&sec=Worldupdates
20130425,254281759,20130425,ISRAEL,ISR,LEBANON,LBN,195,공중무기 사용,19,4,-10.0,10,1,10,0.803212851405622,Israel,IS,http://www.bbc.co.uk/news/world-middle-east-22298359#sa-ns_mchannel=rss&ns_source=PublicRSS20-sa
20130425,254281760,20130425,ISRAEL,ISR,LEBANON,LBN,195,공중무기 사용,19,4,-10.0,2,1,2,0.826446280991736,Israel,IS,http://www.panarmenian.net/eng/news/155877/
20130425,254281761,20130425,ISRAEL,ISR,LEBANON,LBN,195,공중무기 사용,19,4,-10.0,8,1,8,0.826446280991736,Lebanon,LE,http://www.panarmenian.net/eng/news/155877/
20130425,254281762,20130425,ISRAEL,ISR,LEBANON,LBN,190,재래식 군사력 사용,19,4,-10.0,2,1,2,0.823045267489712,Israel,IS,http://news.yahoo.com/israel-shoots-down-suspected-hezbollah-drone-175343231.html
20130425,254281764,20130425,ISRAEL,ISR,LEBANESE,LBN,190,재래식 군사력 사용,19,4,-10.0,8,1,8,2.04081632653061,"Julis, HaDarom, Israel",IS,http://www.dw.de/israel-shoots-down-drone-hezbollah-denies-involvement/a-16773464?maca=en-rss-en-all-1573-rdf
20130425,254281765,20130425,ISRAEL,ISR,LEBANON,LBN,190,재래식 군사력 사용,19,4,-10.0,4,1,4,2.04081632653061,Lebanon,LE,http://www.dw.de/israel-shoots-down-drone-hezbollah-denies-involvement/a-16773464?maca=en-rss-en-all-1573-rdf
20130425,254281849,20130425,ISRAELI,ISR,GAZA,PSE,190,재래식 군사력 사용,19,4,-10.0,4,1,4,0.0,"Dagestan, Dagestan, Russia",RS,BBC Monitoring
20130425,254281850,20130425,ISRAELI,ISR,GAZA,PSE,190,재래식 군사력 사용,19,4,-10.0,2,1,2,0.0,"Dagestan, Dagestan, Russia",RS,BBC Monitoring
20130425,254281851,20130425,ISRAEL,ISR,PALESTINIAN,PSE,190,재래식 군사력 사용,19,4,-10.0,8,1,8,1.90909090909091,"Jerusalem, Israel (general), Israel",IS,http://news.yahoo.com/palestinian-christians-hope-pope-help-battle-against-israels-171301587.html
20130425,254281893,20130425,ISRAELI,ISR,SYRIA,SYR,190,재래식 군사력 사용,19,4,-10.0,2,1,2,2.38095238095238,"Eilat, HaDarom, Israel",IS,http://www.thenews.com.pk/Todays-News-1-173439-Pentagon-chief-seeks-to-bolster-Americas-alliances-in-ME
20130425,254281894,20130425,ISRAELI,ISR,DAMASCUS,SYR,190,재래식 군사력 사용,19,4,-10.0,8,1,8,2.38095238095238,"Washington, District of Columbia, United States",US,http://www.thenews.com.pk/Todays-News-1-173439-Pentagon-chief-seeks-to-bolster-Americas-alliances-in-ME
20130425,254282044,20130425,ISRAEL,ISR,GAZA,PSE,190,재래식 군사력 사용,19,4,-10.0,8,1,8,1.61892901618929,"New York, United States",US,http://www.jpost.com/International/Article.aspx?ID=311152&R=R1
20130425,254282120,20130425,ISRAELI,ISR,HASSAN,JOR,193,소형무기·경무기를 이용한 전투,19,4,-10.0,3,1,3,1.09649122807018,Israel,IS,http://www.guardian.co.uk/world/2013/apr/25/israeli-aeroplane-shoots-down-drone
20130425,254282124,20130425,ISRAELI,ISR,LEBANON,LBN,190,재래식 군사력 사용,19,4,-10.0,12,1,12,0.82815734989648,"Herzliya, Tel Aviv, Israel",IS,http://www.washingtonpost.com/world/middle_east/israel-downs-drone-flying-from-lebanon/2013/04/25/a9c74ede-adcf-11e2-b240-9ef3a72c67cc_story.html?wprss=rss_world
20130425,254282125,20130425,ISRAELI,ISR,LEBANON,LBN,190,재래식 군사력 사용,19,4,-10.0,6,1,6,0.847457627118644,"Jerusalem, Israel (general), Israel",IS,http://www.upi.com/Top_News/World-News/2013/04/25/Israeli-planes-shoot-down-drone-from-Lebanon/UPI-53881366905142/
20130425,254282126,20130425,ISRAEL,ISR,LEBANON,LBN,193,소형무기·경무기를 이용한 전투,19,4,-10.0,6,2,6,0.543202932178058,Syria,SY,http://thestar.com.my/news/story.asp?file=/2013/4/26/worldupdates/israeli-military-says-it-shoots-down-drone-from-lebanon&sec=Worldupdates
20130425,254282127,20130425,ISRAELI,ISR,LEBANON,LBN,193,소형무기·경무기를 이용한 전투,19,4,-10.0,12,2,12,0.543202932178058,Syria,SY,http://thestar.com.my/news/story.asp?file=/2013/4/26/worldupdates/israeli-military-says-it-shoots-down-drone-from-lebanon&sec=Worldupdates
20130425,254282130,20130425,ISRAELI,ISR,PALESTINIAN,PSE,190,재래식 군사력 사용,19,4,-10.0,2,1,2,0.0,"Dagestan, Dagestan, Russia",RS,BBC Monitoring
20130425,254282434,20130425,AMMAN,JOR,ISRAEL,ISR,193,소형무기·경무기를 이용한 전투,19,4,-10.0,16,2,16,0.0,Israel,IS,http://www.jpost.com/Headlines/Article.aspx?id=311129&R=R101
20130425,254282435,20130425,JORDAN,JOR,ISRAEL,ISR,193,소형무기·경무기를 이용한 전투,19,4,-10.0,4,2,4,0.0,Israel,IS,http://www.jpost.com/Headlines/Article.aspx?id=311129&R=R101
20130425,254282438,20130425,AMMAN,JOR,LEBANON,LBN,193,소형무기·경무기를 이용한 전투,19,4,-10.0,16,2,16,0.0,Israel,IS,http://www.jpost.com/Headlines/Article.aspx?id=311129&R=R101
20130425,254282439,20130425,JORDAN,JOR,LEBANON,LBN,193,소형무기·경무기를 이용한 전투,19,4,-10.0,4,2,4,0.0,Israel,IS,http://www.jpost.com/Headlines/Article.aspx?id=311129&R=R101
20130425,254282440,20130425,AMMAN,JOR,LEBANESE,LBN,193,소형무기·경무기를 이용한 전투,19,4,-10.0,16,2,16,0.0,Lebanon,LE,http://www.jpost.com/Headlines/Article.aspx?id=311129&R=R101
20130425,254282441,20130425,JORDAN,JOR,LEBANON,LBN,193,소형무기·경무기를 이용한 전투,19,4,-10.0,2,1,2,0.0,Lebanon,LE,http://www.jpost.com/Headlines/Article.aspx?id=311129&R=R101
20130425,254282442,20130425,JORDAN,JOR,LEBANON,LBN,193,소형무기·경무기를 이용한 전투,19,4,-10.0,2,1,2,0.0,Lebanon,LE,http://www.reuters.com/article/2013/04/25/israel-lebanon-drone-hezbollah-idUSL6N0DC4YP20130425
20130425,254282484,20130425,JORDAN,JOR,TURKEY,TUR,192,영토 점령,19,4,-9.5,8,4,8,1.8153433216376,Jordan,JO,http://hosted.ap.org/dynamic/stories/M/ML_SYRIA_FLEEING_ELITE?SITE=TXHOU&SECTION=HOME&TEMPLATE=DEFAULT
20130425,254282485,20130425,JORDAN,JOR,TURKEY,TUR,192,영토 점령,19,4,-9.5,12,4,12,1.8153433216376,Jordan,JO,http://hosted.ap.org/dynamic/stories/M/ML_SYRIA_FLEEING_ELITE?SITE=TXHOU&SECTION=HOME&TEMPLATE=DEFAULT
20130425,254284581,20130425,LEBANESE,LBN,ISRAEL,ISR,190,재래식 군사력 사용,19,4,-10.0,4,1,4,2.04081632653061,"Julis, HaDarom, Israel",IS,http://www.dw.de/israel-shoots-down-drone-hezbollah-denies-involvement/a-16773464?maca=en-rss-en-all-1573-rdf
20130425,254284582,20130425,LEBANON,LBN,ISRAEL,ISR,190,재래식 군사력 사용,19,4,-10.0,8,2,8,0.0,Israel,IS,http://www.salon.com/2013/04/25/hezbollah_drones_not_ours_ap/
20130425,254284583,20130425,LEBANESE,LBN,ISRAEL,ISR,190,재래식 군사력 사용,19,4,-10.0,4,1,4,2.04081632653061,"Julis, HaDarom, Israel",IS,http://www.dw.de/israel-shoots-down-drone-hezbollah-denies-involvement/a-16773464?maca=en-rss-en-all-1573-rdf
20130425,254284584,20130425,BEIRUT,LBN,ISRAEL,ISR,190,재래식 군사력 사용,19,4,-10.0,6,1,6,2.59067357512953,Syria,SY,http://www.dailystar.com.lb/News/Local-News/2013/Apr-26/215117-palestinian-survives-gunshot-to-head-in-bekaa-valley.ashx
20130425,254284585,20130425,LEBANESE,LBN,ISRAEL,ISR,193,소형무기·경무기를 이용한 전투,19,4,-10.0,6,2,6,1.20069318369368,"Jerusalem, Israel (general), Israel",IS,http://www.3news.co.nz/Israeli-military-shoots-down-drone/tabid/417/articleID/295608/Default.aspx?utm_source=feedburner&utm_medium=feed&utm_campaign=Feed%3A+co%2FHCaY+%283News-+Latest+News%29
20130425,254284586,20130425,LEBANON,LBN,ISRAEL,ISR,193,소형무기·경무기를 이용한 전투,19,4,-10.0,4,1,4,0.699300699300699,"Gaza, Israel (general), Israel",IS,http://www.telegraph.co.uk/news/worldnews/middleeast/israel/10019754/Israel-says-it-will-stop-using-white-phosphorous.html
20130425,254284587,20130425,LEBANON,LBN,ISRAEL,ISR,193,소형무기·경무기를 이용한 전투,19,4,-10.0,6,1,6,0.699300699300699,Lebanon,LE,http://www.telegraph.co.uk/news/worldnews/middleeast/israel/10019754/Israel-says-it-will-stop-using-white-phosphorous.html
20130425,254284588,20130425,LEBANESE,LBN,ISRAEL,ISR,193,소형무기·경무기를 이용한 전투,19,4,-10.0,40,4,40,1.10959412350526,"Jerusalem, Israel (general), Israel",IS,http://www.3news.co.nz/Israeli-military-shoots-down-drone/tabid/417/articleID/295608/Default.aspx?utm_source=feedburner&utm_medium=feed&utm_campaign=Feed%3A+co%2FHCaY+%283News-+Latest+News%29
20130425,254284589,20130425,LEBANESE,LBN,HAIFA,ISR,193,소형무기·경무기를 이용한 전투,19,4,-10.0,10,1,10,1.12517580872011,Israel,IS,"http://www.ynetnews.com/articles/0,7340,L-4372616,00.html"
20130425,254284590,20130425,LEBANESE,LBN,ISRAEL,ISR,193,소형무기·경무기를 이용한 전투,19,4,-10.0,44,3,24,1.36549956714905,"Jerusalem, Israel (general), Israel",IS,http://www.foxnews.com/world/2013/04/25/israel-shoots-down-drone-off-its-northern-coast-suspicion-falls-on-hezbollah/?utm_source=feedburner&utm_medium=feed&utm_campaign=Feed%3A+foxnews%2Fworld+%28Internal+-+World+Latest+-+Text%29
20130425,254284591,20130425,LEBANESE,LBN,ISRAEL,ISR,193,소형무기·경무기를 이용한 전투,19,4,-10.0,16,2,16,1.08996324919978,Israel,IS,http://www.cbc.ca/news/world/story/2013/04/25/israel-drone-hezbollah.html?cmp=rss
20130425,254284592,20130425,LEBANESE,LBN,ISRAEL,ISR,193,소형무기·경무기를 이용한 전투,19,4,-10.0,4,2,4,1.08996324919978,Israel,IS,http://www.cbc.ca/news/world/story/2013/04/25/israel-drone-hezbollah.html?cmp=rss
20130425,254284593,20130425,LEBANESE,LBN,ISRAEL,ISR,193,소형무기·경무기를 이용한 전투,19,4,-10.0,10,1,10,0.699300699300699,"Gaza, Israel (general), Israel",IS,http://www.telegraph.co.uk/news/worldnews/middleeast/israel/10019754/Israel-says-it-will-stop-using-white-phosphorous.html
20130425,254284594,20130425,LEBANESE,LBN,ISRAEL,ISR,195,공중무기 사용,19,4,-10.0,2,1,2,1.77304964539007,"Dimona, HaDarom, Israel",IS,http://www.telegraph.co.uk/news/worldnews/middleeast/israel/10018255/Israel-shoots-down-Lebanese-drone.html
20130425,254284595,20130425,LEBANESE,LBN,ISRAEL,ISR,195,공중무기 사용,19,4,-10.0,2,1,2,1.77304964539007,Iran,IR,http://www.telegraph.co.uk/news/worldnews/middleeast/israel/10018255/Israel-shoots-down-Lebanese-drone.html
20130425,254284635,20130425,BEIRUT,LBN,PALESTINIAN,PSE,190,재래식 군사력 사용,19,4,-10.0,2,1,2,2.59067357512953,Syria,SY,http://www.dailystar.com.lb/News/Local-News/2013/Apr-26/215117-palestinian-survives-gunshot-to-head-in-bekaa-valley.ashx
20130425,254284723,20130425,LEBANON,LBN,HOMS,SYR,190,재래식 군사력 사용,19,4,-10.0,1,1,1,0.884955752212389,"Damascus, Dimashq, Syria",SY,http://www.israelnationalnews.com/News/News.aspx/167470
20130425,254284724,20130425,LEBANON,LBN,HOMS,SYR,190,재래식 군사력 사용,19,4,-10.0,1,1,1,0.884955752212389,"Damascus, Dimashq, Syria",SY,http://www.israelnationalnews.com/News/News.aspx/167470
20130425,254284725,20130425,BEIRUT,LBN,SYRIAN,SYR,190,재래식 군사력 사용,19,4,-10.0,2,1,2,2.16216216216216,Jordan,JO,http://timesofindia.indiatimes.com/world/middle-east/Syrian-troops-capture-key-town-near-Damascus/articleshow/19733437.cms
20130425,254284726,20130425,BEIRUT,LBN,DAMASCUS,SYR,192,영토 점령,19,4,-9.5,2,1,2,2.56410256410256,"Damascus, Dimashq, Syria",SY,http://www.trust.org/item/20130424150945-jo6xk/
20130425,254284727,20130425,BEIRUT,LBN,DAMASCUS,SYR,192,영토 점령,19,4,-9.5,4,1,4,2.16216216216216,"Damascus, Dimashq, Syria",SY,http://timesofindia.indiatimes.com/world/middle-east/Syrian-troops-capture-key-town-near-Damascus/articleshow/19733437.cms
20130425,254284728,20130425,LEBANON,LBN,SYRIA,SYR,192,영토 점령,19,4,-9.5,1,1,1,2.16216216216216,"Damascus, Dimashq, Syria",SY,http://timesofindia.indiatimes.com/world/middle-east/Syrian-troops-capture-key-town-near-Damascus/articleshow/19733437.cms
20130425,254284732,20130425,LEBANON,LBN,SYRIA,SYR,190,재래식 군사력 사용,19,4,-10.0,1,1,1,0.0,"Makhachkala, Dagestan, Russia",RS,BBC Monitoring
20130425,254284733,20130425,BEIRUT,LBN,SYRIAN,SYR,190,재래식 군사력 사용,19,4,-10.0,2,1,2,0.0,"Novoye Delo, Kaluzhskaya Oblast', Russia",RS,BBC Monitoring
20130425,254284822,20130425,LEBANESE,LBN,ISRAEL,ISR,190,재래식 군사력 사용,19,4,-10.0,12,2,12,0.0,Israel,IS,http://www.salon.com/2013/04/25/hezbollah_drones_not_ours_ap/
20130425,254284823,20130425,LEBANESE,LBN,ISRAEL,ISR,190,재래식 군사력 사용,19,4,-10.0,8,1,8,2.04081632653061,"Julis, HaDarom, Israel",IS,http://www.dw.de/israel-shoots-down-drone-hezbollah-denies-involvement/a-16773464?maca=en-rss-en-all-1573-rdf
20130425,254284824,20130425,LEBANON,LBN,ISRAEL,ISR,190,재래식 군사력 사용,19,4,-10.0,4,1,4,2.04081632653061,Lebanon,LE,http://www.dw.de/israel-shoots-down-drone-hezbollah-denies-involvement/a-16773464?maca=en-rss-en-all-1573-rdf
20130425,254284825,20130425,LEBANON,LBN,ISRAEL,ISR,194,포병·전차를 이용한 전투,19,4,-10.0,20,1,20,0.574705530457742,Israel,IS,http://www.csmonitor.com/World/Middle-East/2013/0425/Israel-shoots-down-drone-Hezbollah-denies-it-s-theirs
20130425,254284826,20130425,LEBANON,LBN,ISRAEL,ISR,194,포병·전차를 이용한 전투,19,4,-10.0,10,1,10,0.817438692098093,Israel,IS,http://www.csmonitor.com/World/Middle-East/2013/0425/Israel-shoots-down-drone-Hezbollah-denies-it-s-theirs?utm_source=feedburner&utm_medium=feed&utm_campaign=Feed%3A+feeds%2Fworld+%28Christian+Science+Monitor+%7C+World%29
20130425,254290543,20130425,GAZA,PSE,ISRAEL,ISR,190,재래식 군사력 사용,19,4,-10.0,6,1,6,0.0,"Dagestan, Dagestan, Russia",RS,BBC Monitoring
20130425,254290544,20130425,GAZA,PSE,ISRAEL,ISR,194,포병·전차를 이용한 전투,19,4,-10.0,6,1,6,0.77720207253886,"Gaza, Israel (general), Israel",IS,http://news.sky.com/story/1082972/israeli-jets-shoot-down-hizbollah-drone
20130425,254290546,20130425,PALESTINIAN,PSE,ISRAEL,ISR,193,소형무기·경무기를 이용한 전투,19,4,-10.0,2,1,2,0.0,"Novoye Delo, Kaluzhskaya Oblast', Russia",RS,BBC Monitoring
20130425,254290547,20130425,GAZA,PSE,ISRAELI,ISR,193,소형무기·경무기를 이용한 전투,19,4,-10.0,6,1,6,0.77720207253886,"Gaza, Israel (general), Israel",IS,http://news.sky.com/story/1082972/israeli-jets-shoot-down-hizbollah-drone
20130425,254290569,20130425,PALESTINIAN,PSE,ISRAEL,ISR,190,재래식 군사력 사용,19,4,-10.0,8,1,8,1.90909090909091,"Jerusalem, Israel (general), Israel",IS,http://news.yahoo.com/palestinian-christians-hope-pope-help-battle-against-israels-171301587.html
20130425,254290577,20130425,HAMAS,PSE,ISRAEL,ISR,190,재래식 군사력 사용,19,4,-10.0,2,1,2,3.00751879699248,"Madrid, Madrid, Spain",SP,http://www.prnewswire.com/news-releases/spain-rescinds-decision-to-open-honorary-consulate-in-hamas-ruled-gaza-204688111.html
20130425,254290578,20130425,HAMAS,PSE,ISRAEL,ISR,190,재래식 군사력 사용,19,4,-10.0,7,1,7,3.00751879699248,"Madrid, Madrid, Spain",SP,http://www.prnewswire.com/news-releases/spain-rescinds-decision-to-open-honorary-consulate-in-hamas-ruled-gaza-204688111.html
20130425,254290579,20130425,HAMAS,PSE,ISRAEL,ISR,190,재래식 군사력 사용,19,4,-10.0,1,1,1,3.00751879699248,"Gaza, Israel (general), Israel",IS,http://www.prnewswire.com/news-releases/spain-rescinds-decision-to-open-honorary-consulate-in-hamas-ruled-gaza-204688111.html
20130425,254290580,20130425,HAMAS,PSE,ISRAEL,ISR,194,포병·전차를 이용한 전투,19,4,-10.0,2,1,2,3.00751879699248,"Madrid, Madrid, Spain",SP,http://www.prnewswire.com/news-releases/spain-rescinds-decision-to-open-honorary-consulate-in-hamas-ruled-gaza-204688111.html
20130425,254290581,20130425,HAMAS,PSE,ISRAEL,ISR,194,포병·전차를 이용한 전투,19,4,-10.0,8,1,8,3.00751879699248,"Gaza, Israel (general), Israel",IS,http://www.prnewswire.com/news-releases/spain-rescinds-decision-to-open-honorary-consulate-in-hamas-ruled-gaza-204688111.html
20130425,254291981,20130425,SAUDI ARABIA,SAU,ISRAEL,ISR,138,군사력 사용 위협,13,3,-7.0,4,2,4,2.15059880012438,"Damascus, Dimashq, Syria",SY,http://www.middle-east-online.com/english/?id=58356
20130425,254291982,20130425,SAUDI ARABIA,SAU,ISRAEL,ISR,138,군사력 사용 위협,13,3,-7.0,16,2,16,2.15059880012438,Israel,IS,http://www.middle-east-online.com/english/?id=58356
20130425,254292062,20130425,ABDULLAH,SAU,TURKISH,TUR,192,영토 점령,19,4,-9.5,1,1,1,2.84810126582278,"Ankara, Ankara, Turkey",TU,http://news.yahoo.com/timeline-kurdish-militant-group-pkks-three-decade-war-143142080.html
20130425,254292065,20130425,ABDULLAH,SAU,TURKISH,TUR,192,영토 점령,19,4,-9.5,6,1,6,2.84810126582278,"Ankara, Ankara, Turkey",TU,http://news.yahoo.com/timeline-kurdish-militant-group-pkks-three-decade-war-143142080.html
20130425,254292876,20130425,SYRIAN,SYR,ISRAEL,ISR,190,재래식 군사력 사용,19,4,-10.0,2,1,2,1.08932461873638,"Damascus, Dimashq, Syria",SY,http://www.jpost.com/International/Article.aspx?id=311089&R=R4
20130425,254292877,20130425,SYRIA,SYR,ISRAEL,ISR,190,재래식 군사력 사용,19,4,-10.0,9,1,9,1.28824476650564,Syria,SY,"http://www.ynetnews.com/articles/0,7340,L-4372554,00.html"
20130425,254292878,20130425,SYRIA,SYR,ISRAEL,ISR,192,영토 점령,19,4,-9.5,2,1,2,0.0,"Damascus, Dimashq, Syria",SY,"http://www.ynetnews.com/articles/0,7340,L-4372266,00.html"
20130425,254292879,20130425,SYRIAN,SYR,ISRAEL,ISR,192,영토 점령,19,4,-9.5,6,1,6,0.0,"Damascus, Dimashq, Syria",SY,"http://www.ynetnews.com/articles/0,7340,L-4372266,00.html"
20130425,254292893,20130425,SYRIAN,SYR,JORDAN,JOR,192,영토 점령,19,4,-9.5,4,1,4,0.0,"Dagestan, Dagestan, Russia",RS,BBC Monitoring
20130425,254292926,20130425,SYRIA,SYR,LEBANON,LBN,138,군사력 사용 위협,13,3,-7.0,5,1,5,4.67055879899917,"Damascus, Dimashq, Syria",SY,http://usun.state.gov/briefing/statements/207937.htm
20130425,254292927,20130425,SYRIA,SYR,LEBANESE,LBN,138,군사력 사용 위협,13,3,-7.0,9,1,9,2.9045643153527,Syria,SY,http://www.dailystar.com.lb/News/Politics/2013/Apr-25/215020-us-slams-hezbollah-involvement-in-syria.ashx
20130425,254292928,20130425,SYRIA,SYR,LEBANON,LBN,138,군사력 사용 위협,13,3,-7.0,1,1,1,2.9045643153527,Syria,SY,http://www.dailystar.com.lb/News/Politics/2013/Apr-25/215020-us-slams-hezbollah-involvement-in-syria.ashx
20130425,254292931,20130425,SYRIAN,SYR,BEIRUT,LBN,190,재래식 군사력 사용,19,4,-10.0,2,1,2,2.16216216216216,"Damascus, Dimashq, Syria",SY,http://timesofindia.indiatimes.com/world/middle-east/Syrian-troops-capture-key-town-near-Damascus/articleshow/19733437.cms
20130425,254292932,20130425,SYRIA,SYR,LEBANON,LBN,190,재래식 군사력 사용,19,4,-10.0,4,1,4,0.263157894736842,"Gaza, Israel (general), Israel",IS,http://www.jpost.com/Defense/Article.aspx?ID=311157&R=R1
20130425,254292933,20130425,SYRIA,SYR,LEBANON,LBN,190,재래식 군사력 사용,19,4,-10.0,12,1,12,0.263157894736842,Lebanon,LE,http://www.jpost.com/Defense/Article.aspx?ID=311157&R=R1
20130425,254292934,20130425,SYRIA,SYR,LEBANESE,LBN,190,재래식 군사력 사용,19,4,-10.0,10,1,10,2.9045643153527,"Beirut, Beyrouth, Lebanon",LE,http://www.dailystar.com.lb/News/Politics/2013/Apr-25/215020-us-slams-hezbollah-involvement-in-syria.ashx
20130425,254292935,20130425,SYRIA,SYR,LEBANON,LBN,192,영토 점령,19,4,-9.5,2,2,2,3.26970795953426,"Damascus, Dimashq, Syria",SY,http://www.globalsecurity.org/wmd/library/news/syria/2013/syria-130425-voa02.htm
20130425,254292936,20130425,SYRIA,SYR,LEBANON,LBN,192,영토 점령,19,4,-9.5,10,2,10,3.26970795953426,"Damascus, Dimashq, Syria",SY,http://www.globalsecurity.org/wmd/library/news/syria/2013/syria-130425-voa02.htm
20130425,254292937,20130425,SYRIA,SYR,LEBANON,LBN,195,공중무기 사용,19,4,-10.0,2,1,2,1.08991825613079,"Qusayr, Tartus, Syria",SY,http://www.google.com/hostednews/afp/article/ALeqM5grvvRwdi044-AnOPrIar9iV-doKA?docId=CNG.2d279f55917c708c022c578ddf2094b6.161
20130425,254293137,20130425,DAMASCUS,SYR,ISRAELI,ISR,190,재래식 군사력 사용,19,4,-10.0,8,1,8,2.38095238095238,"Washington, District of Columbia, United States",US,http://www.thenews.com.pk/Todays-News-1-173439-Pentagon-chief-seeks-to-bolster-Americas-alliances-in-ME
20130425,254293138,20130425,SYRIA,SYR,ISRAELI,ISR,190,재래식 군사력 사용,19,4,-10.0,2,1,2,2.38095238095238,"Eilat, HaDarom, Israel",IS,http://www.thenews.com.pk/Todays-News-1-173439-Pentagon-chief-seeks-to-bolster-Americas-alliances-in-ME
20130425,254293139,20130425,SYRIA,SYR,ISRAEL,ISR,190,재래식 군사력 사용,19,4,-10.0,1,1,1,2.89855072463768,Syria,SY,"http://www.ynetnews.com/articles/0,7340,L-4372556,00.html"
20130425,254293140,20130425,SYRIAN,SYR,ISRAEL,ISR,190,재래식 군사력 사용,19,4,-10.0,2,1,2,2.89855072463768,Syria,SY,"http://www.ynetnews.com/articles/0,7340,L-4372556,00.html"
20130425,254293145,20130425,SYRIA,SYR,LEBANON,LBN,190,재래식 군사력 사용,19,4,-10.0,1,1,1,0.0,"Makhachkala, Dagestan, Russia",RS,BBC Monitoring
20130425,254293146,20130425,SYRIAN,SYR,BEIRUT,LBN,190,재래식 군사력 사용,19,4,-10.0,2,1,2,0.0,"Novoye Delo, Kaluzhskaya Oblast', Russia",RS,BBC Monitoring
20130425,254293190,20130425,SYRIAN,SYR,ISRAEL,ISR,190,재래식 군사력 사용,19,4,-10.0,6,1,6,1.08932461873638,"Damascus, Dimashq, Syria",SY,http://www.jpost.com/International/Article.aspx?id=311089&R=R4
20130425,254293191,20130425,SYRIA,SYR,ISRAEL,ISR,190,재래식 군사력 사용,19,4,-10.0,10,1,10,1.875,Syria,SY,http://www.jpost.com/Headlines/Article.aspx?id=311081&R=R101
20130425,254293199,20130425,SYRIAN,SYR,JORDAN,JOR,192,영토 점령,19,4,-9.5,3,1,3,0.0,"Dagestan, Dagestan, Russia",RS,BBC Monitoring
20130425,254293632,20130425,TURKEY,TUR,IRAQ,IRQ,190,재래식 군사력 사용,19,4,-10.0,6,2,6,2.82137223974763,"Istanbul, Istanbul, Turkey",TU,http://www.usatoday.com/story/news/world/2013/04/25/turkey-kurds-iraq/2112589/?utm_source=feedburner&utm_medium=feed&utm_campaign=Feed%3A+UsatodaycomWorld-TopStories+%28News+-+World+-+Top+Stories%29
20130425,254293633,20130425,TURKEY,TUR,IRAQ,IRQ,190,재래식 군사력 사용,19,4,-10.0,24,2,24,2.82137223974763,"Istanbul, Istanbul, Turkey",TU,http://www.usatoday.com/story/news/world/2013/04/25/turkey-kurds-iraq/2112589/?utm_source=feedburner&utm_medium=feed&utm_campaign=Feed%3A+UsatodaycomWorld-TopStories+%28News+-+World+-+Top+Stories%29
20130426,254312609,20130426,NASSER,EGY,YEMEN,YEM,190,재래식 군사력 사용,19,4,-10.0,1,1,1,1.14754098360656,"Al-Bayda, Al Bay?a', Yemen",YM,http://cpj.org/2013/04/separate-attacks-injure-5-yemeni-journalists-relat.php
20130426,254318746,20130426,IRAN,IRN,ISRAEL,ISR,138,군사력 사용 위협,13,3,-7.0,4,1,4,0.0,"Kremlin, Moskva, Russia",RS,BBC Monitoring
20130426,254318747,20130426,IRAN,IRN,ISRAEL,ISR,138,군사력 사용 위협,13,3,-7.0,2,1,2,0.917431192660551,"Mashhad, (IR30), Iran",IR,http://www.globalsecurity.org/wmd/library/news/iran/2013/iran-130426-presstv02.htm
20130426,254318748,20130426,IRAN,IRN,ISRAEL,ISR,138,군사력 사용 위협,13,3,-7.0,2,1,2,0.917431192660551,"Tel Aviv, Tel Aviv, Israel",IS,http://www.globalsecurity.org/wmd/library/news/iran/2013/iran-130426-presstv02.htm
20130426,254318749,20130426,IRAN,IRN,ISRAEL,ISR,138,군사력 사용 위협,13,3,-7.0,2,1,2,1.03626943005181,"Mashhad, (IR30), Iran",IR,http://en.trend.az/regions/iran/2144089.html
20130426,254318750,20130426,IRAN,IRN,ISRAEL,ISR,138,군사력 사용 위협,13,3,-7.0,2,1,2,1.03626943005181,Israel,IS,http://en.trend.az/regions/iran/2144089.html
20130426,254319002,20130426,IRAN,IRN,ISRAELI,ISR,138,군사력 사용 위협,13,3,-7.0,7,1,7,0.0,"Moscow, Moskva, Russia",RS,BBC Monitoring
20130426,254319309,20130426,ISRAELI,ISR,LEBANON,LBN,154,군 병력 동원·증강,15,4,-7.2,5,1,5,1.97044334975369,"Jerusalem, Israel (general), Israel",IS,http://www.upi.com/Top_News/Special/2013/04/26/Hezbollah-denies-role-in-latest-drone-incident/UPI-32181366983362/
20130426,254319310,20130426,ISRAEL,ISR,LEBANESE,LBN,193,소형무기·경무기를 이용한 전투,19,4,-10.0,10,1,10,1.97044334975369,"Jerusalem, Israel (general), Israel",IS,http://www.upi.com/Top_News/Special/2013/04/26/Hezbollah-denies-role-in-latest-drone-incident/UPI-32181366983362/
20130426,254319311,20130426,ISRAELI,ISR,LEBANESE,LBN,193,소형무기·경무기를 이용한 전투,19,4,-10.0,2,1,2,1.97044334975369,"Beirut, Beyrouth, Lebanon",LE,http://www.upi.com/Top_News/Special/2013/04/26/Hezbollah-denies-role-in-latest-drone-incident/UPI-32181366983362/
20130426,254319312,20130426,ISRAELI,ISR,LEBANON,LBN,193,소형무기·경무기를 이용한 전투,19,4,-10.0,2,1,2,1.2396694214876,Israel,IS,http://www.bna.bh/portal/en/news/558193
20130426,254319356,20130426,ISRAELI,ISR,PALESTINIAN,PSE,138,군사력 사용 위협,13,3,-7.0,2,1,2,0.657894736842105,Israel,IS,http://www.presstv.ir/detail/2013/04/26/300404/israeli-forces-attack-west-bank-protest/
20130426,254319359,20130426,ISRAELI,ISR,PALESTINIAN,PSE,190,재래식 군사력 사용,19,4,-10.0,2,1,2,0.0,"Moscow, Moskva, Russia",RS,BBC Monitoring
20130426,254319360,20130426,ISRAEL,ISR,GAZA,PSE,190,재래식 군사력 사용,19,4,-10.0,10,1,10,0.485436893203883,"Gaza, Israel (general), Israel",IS,http://www.google.com/hostednews/afp/article/ALeqM5h94QU3d0XhEnP5hMcSl0j4lBYIKg?docId=CNG.6b0683343a4881a9d16230606427f06d.521
20130426,254319361,20130426,ISRAELI,ISR,PALESTINIAN,PSE,190,재래식 군사력 사용,19,4,-10.0,4,1,2,0.657894736842105,Israel,IS,http://www.presstv.ir/detail/2013/04/26/300404/israeli-forces-attack-west-bank-protest/
20130426,254319362,20130426,ISRAELI,ISR,PALESTINIAN,PSE,138,군사력 사용 위협,13,3,-7.0,2,1,2,0.657894736842105,Israel,IS,http://www.presstv.ir/detail/2013/04/26/300404/israeli-forces-attack-west-bank-protest/
20130426,254319363,20130426,ISRAELI,ISR,PALESTINIAN,PSE,190,재래식 군사력 사용,19,4,-10.0,4,1,2,0.657894736842105,Israel,IS,http://www.presstv.ir/detail/2013/04/26/300404/israeli-forces-attack-west-bank-protest/
20130426,254319364,20130426,ISRAEL,ISR,HAMAS,PSE,194,포병·전차를 이용한 전투,19,4,-10.0,10,1,10,0.485436893203883,"Unrwa, Gaza Strip (general), Gaza Strip",GZ,http://www.google.com/hostednews/afp/article/ALeqM5h94QU3d0XhEnP5hMcSl0j4lBYIKg?docId=CNG.6b0683343a4881a9d16230606427f06d.521
20130426,254319397,20130426,ISRAELI,ISR,SYRIA,SYR,192,영토 점령,19,4,-9.5,2,1,2,2.1301775147929,Israel,IS,http://www.bbc.co.uk/news/world-middle-east-22305444#sa-ns_mchannel=rss&ns_source=PublicRSS20-sa
20130426,254319398,20130426,ISRAELI,ISR,SYRIA,SYR,192,영토 점령,19,4,-9.5,2,1,2,2.1301775147929,Syria,SY,http://www.bbc.co.uk/news/world-middle-east-22305444#sa-ns_mchannel=rss&ns_source=PublicRSS20-sa
20130426,254319399,20130426,ISRAELI,ISR,SYRIAN,SYR,193,소형무기·경무기를 이용한 전투,19,4,-10.0,1,1,1,2.0746887966805,"Jerusalem, Israel (general), Israel",IS,http://www.upi.com/Business_News/Security-Industry/2013/04/26/Israel-builds-up-its-war-robot-industry/UPI-54601367005342/
20130426,254319400,20130426,ISRAELI,ISR,SYRIAN,SYR,193,소형무기·경무기를 이용한 전투,19,4,-10.0,6,1,6,2.0746887966805,"Jerusalem, Israel (general), Israel",IS,http://www.upi.com/Business_News/Security-Industry/2013/04/26/Israel-builds-up-its-war-robot-industry/UPI-54601367005342/
20130426,254319401,20130426,ISRAELI,ISR,SYRIAN,SYR,193,소형무기·경무기를 이용한 전투,19,4,-10.0,1,1,1,2.0746887966805,Syria,SY,http://www.upi.com/Business_News/Security-Industry/2013/04/26/Israel-builds-up-its-war-robot-industry/UPI-54601367005342/
20130426,254319491,20130426,ISRAELI,ISR,SYRIA,SYR,192,영토 점령,19,4,-9.5,6,1,6,2.1301775147929,Syria,SY,http://www.bbc.co.uk/news/world-middle-east-22305444#sa-ns_mchannel=rss&ns_source=PublicRSS20-sa
20130426,254319537,20130426,ISRAELI,ISR,LEBANESE,LBN,193,소형무기·경무기를 이용한 전투,19,4,-10.0,6,1,6,1.97044334975369,"Jerusalem, Israel (general), Israel",IS,http://www.upi.com/Top_News/Special/2013/04/26/Hezbollah-denies-role-in-latest-drone-incident/UPI-32181366983362/
20130426,254319538,20130426,ISRAELI,ISR,LEBANON,LBN,193,소형무기·경무기를 이용한 전투,19,4,-10.0,6,1,6,1.2396694214876,Israel,IS,http://www.bna.bh/portal/en/news/558193
20130426,254319884,20130426,JORDANIAN,JOR,SYRIA,SYR,192,영토 점령,19,4,-9.5,2,1,2,1.56576200417537,"Damascus, Dimashq, Syria",SY,http://www.bbc.co.uk/news/world-middle-east-22285555#sa-ns_mchannel=rss&ns_source=PublicRSS20-sa
20130426,254319885,20130426,JORDANIAN,JOR,SYRIA,SYR,192,영토 점령,19,4,-9.5,6,1,6,1.56576200417537,"Amman, (JO11), Jordan",JO,http://www.bbc.co.uk/news/world-middle-east-22285555#sa-ns_mchannel=rss&ns_source=PublicRSS20-sa
20130426,254319886,20130426,JORDANIAN,JOR,SYRIA,SYR,192,영토 점령,19,4,-9.5,2,1,2,1.56576200417537,"Amman, (JO11), Jordan",JO,http://www.bbc.co.uk/news/world-middle-east-22285555#sa-ns_mchannel=rss&ns_source=PublicRSS20-sa
20130426,254321651,20130426,LEBANON,LBN,IRAN,IRN,193,소형무기·경무기를 이용한 전투,19,4,-10.0,15,4,15,1.77149235421264,"Damascus, Dimashq, Syria",SY,http://www.theglobeandmail.com/news/world/lebanon-dragged-in-as-hezbollah-joins-syria-war/article11567574/?cmpid=rss1
20130426,254321652,20130426,LEBANON,LBN,IRAN,IRN,193,소형무기·경무기를 이용한 전투,19,4,-10.0,4,1,4,1.91666666666667,"Baalbek, Mohafazat Baalbek-Hermel, Lebanon",LE,http://www.iol.co.za/news/world/hezbollah-drags-lebanon-into-syria-war-1.1507109
20130426,254321653,20130426,LEBANON,LBN,IRAN,IRN,193,소형무기·경무기를 이용한 전투,19,4,-10.0,2,1,2,1.91540303272147,"Hezbollah, Kerman, Iran",IR,http://www.theglobeandmail.com/news/world/lebanon-dragged-in-as-hezbollah-joins-syria-war/article11567574/?cmpid=rss1
20130426,254321654,20130426,LEBANON,LBN,IRAN,IRN,193,소형무기·경무기를 이용한 전투,19,4,-10.0,3,3,3,1.67555190187342,"Hezbollah, Kerman, Iran",IR,http://in.reuters.com/article/2013/04/26/syria-crisis-hezbollah-idINDEE93P09Y20130426?feedType=RSS&feedName=worldNews
20130426,254321657,20130426,LEBANESE,LBN,ISRAEL,ISR,154,군 병력 동원·증강,15,4,-7.2,4,1,4,0.0,"Moscow, Moskva, Russia",RS,BBC Monitoring
20130426,254321658,20130426,BEIRUT,LBN,ISRAEL,ISR,190,재래식 군사력 사용,19,4,-10.0,8,1,8,0.0,"Moscow, Moskva, Russia",RS,BBC Monitoring
20130426,254321659,20130426,LEBANESE,LBN,ISRAEL,ISR,193,소형무기·경무기를 이용한 전투,19,4,-10.0,2,1,2,1.11464968152866,"Jerusalem, Israel (general), Israel",IS,http://bigstory.ap.org/article/israel-says-it-shoots-down-hezbollah-drone
20130426,254321660,20130426,LEBANESE,LBN,ISRAEL,ISR,193,소형무기·경무기를 이용한 전투,19,4,-10.0,8,1,8,1.11464968152866,"Jerusalem, Israel (general), Israel",IS,http://bigstory.ap.org/article/israel-says-it-shoots-down-hezbollah-drone
20130426,254321689,20130426,BEIRUT,LBN,PALESTINIAN,PSE,190,재래식 군사력 사용,19,4,-10.0,2,1,2,0.0,"Moscow, Moskva, Russia",RS,BBC Monitoring
20130426,254321717,20130426,BEIRUT,LBN,SYRIAN,SYR,190,재래식 군사력 사용,19,4,-10.0,5,1,5,1.53846153846154,"Daraya, Rif Dimashq, Syria",SY,http://www.google.com/hostednews/afp/article/ALeqM5i3EUu49z4rwYdxLdUBA8bi2_6hDA?docId=CNG.6b0683343a4881a9d16230606427f06d.401
20130426,254321718,20130426,BEIRUT,LBN,DAMASCUS,SYR,190,재래식 군사력 사용,19,4,-10.0,3,1,3,1.2,"Jobar, Dimashq, Syria",SY,http://www.news24.com/World/News/Syria-troops-militia-battle-rebels-20130426
20130426,254321719,20130426,BEIRUT,LBN,DAMASCUS,SYR,190,재래식 군사력 사용,19,4,-10.0,4,2,4,2.15056526207605,"Damascus, Dimashq, Syria",SY,http://www.foxnews.com/world/2013/04/26/syrian-activists-reporting-heavy-fighting-in-northern-damascus-neighborhoods/?utm_source=feedburner&utm_medium=feed&utm_campaign=Feed%3A+foxnews%2Fworld+%28Internal+-+World+Latest+-+Text%29
20130426,254321720,20130426,BEIRUT,LBN,DAMASCUS,SYR,190,재래식 군사력 사용,19,4,-10.0,5,1,5,1.95121951219512,"Beirut, Beyrouth, Lebanon",LE,http://www.dailystar.com.lb/News/Middle-East/2013/Apr-26/215132-troops-backed-by-militia-battle-rebels-around-damascus.ashx
20130426,254321723,20130426,BEIRUT,LBN,DAMASCUS,SYR,190,재래식 군사력 사용,19,4,-10.0,6,1,6,2.15827338129496,"Damascus, Dimashq, Syria",SY,http://news.yahoo.com/heavy-fighting-reported-north-syrian-capital-090505792.html
20130426,254321745,20130426,LEBANESE,LBN,ISRAEL,ISR,154,군 병력 동원·증강,15,4,-7.2,3,1,3,0.0,"Moscow, Moskva, Russia",RS,BBC Monitoring
20130426,254321749,20130426,BEIRUT,LBN,DAMASCUS,SYR,190,재래식 군사력 사용,19,4,-10.0,4,1,4,2.14285714285714,"Damascus, Dimashq, Syria",SY,http://www.foxnews.com/world/2013/04/26/syrian-activists-reporting-heavy-fighting-in-northern-damascus-neighborhoods/?utm_source=feedburner&utm_medium=feed&utm_campaign=Feed%3A+foxnews%2Fworld+%28Internal+-+World+Latest+-+Text%29
20130426,254321750,20130426,LEBANON,LBN,SYRIA,SYR,190,재래식 군사력 사용,19,4,-10.0,2,1,2,2.14285714285714,"Beirut, Beyrouth, Lebanon",LE,http://www.foxnews.com/world/2013/04/26/syrian-activists-reporting-heavy-fighting-in-northern-damascus-neighborhoods/?utm_source=feedburner&utm_medium=feed&utm_campaign=Feed%3A+foxnews%2Fworld+%28Internal+-+World+Latest+-+Text%29
20130426,254326762,20130426,PALESTINIAN,PSE,ISRAELI,ISR,191,봉쇄·이동 제한,19,4,-9.5,6,1,6,1.28205128205128,Egypt,EG,http://www.presstv.ir/detail/2013/04/27/300449/natural-gas-shortage-adds-to-gazans-woes/
20130426,254328035,20130426,ABDULLAH,SAU,JORDAN,JOR,192,영토 점령,19,4,-9.5,8,1,8,1.56599552572707,Syria,SY,http://www.bloomberg.com/news/2013-04-26/obama-says-u-s-seeks-confirmation-on-syria-chemical-weapons-use.html
20130426,254328036,20130426,ABDULLAH,SAU,JORDAN,JOR,192,영토 점령,19,4,-9.5,2,1,2,1.56599552572707,Syria,SY,http://www.bloomberg.com/news/2013-04-26/obama-says-u-s-seeks-confirmation-on-syria-chemical-weapons-use.html
20130426,254328848,20130426,SYRIA,SYR,ISRAEL,ISR,190,재래식 군사력 사용,19,4,-10.0,6,1,6,3.91633288829551,"Gaza, Israel (general), Israel",IS,http://www.jpost.com/Opinion/Columnists/Article.aspx?ID=311146&R=R1
20130426,254328849,20130426,SYRIA,SYR,ISRAEL,ISR,190,재래식 군사력 사용,19,4,-10.0,2,1,2,3.91633288829551,Syria,SY,http://www.jpost.com/Opinion/Columnists/Article.aspx?ID=311146&R=R1
20130426,254328850,20130426,SYRIA,SYR,ISRAEL,ISR,190,재래식 군사력 사용,19,4,-10.0,2,1,2,3.91633288829551,Syria,SY,http://www.jpost.com/Opinion/Columnists/Article.aspx?ID=311146&R=R1
20130426,254328868,20130426,SYRIAN,SYR,JORDAN,JOR,192,영토 점령,19,4,-9.5,14,1,7,0.0,"Moscow, Moskva, Russia",RS,BBC Monitoring
20130426,254328869,20130426,SYRIAN,SYR,JORDAN,JOR,192,영토 점령,19,4,-9.5,4,1,4,2.17391304347826,"Mafraq, Jordan (general), Jordan",JO,http://reliefweb.int/report/jordan/iom-supports-uae-red-crescent-new-syrian-refugee-camp-jordan
20130426,254328879,20130426,SYRIAN,SYR,BEIRUT,LBN,190,재래식 군사력 사용,19,4,-10.0,13,3,13,1.61910809640641,"Beirut, Beyrouth, Lebanon",LE,http://www.google.com/hostednews/afp/article/ALeqM5i3EUu49z4rwYdxLdUBA8bi2_6hDA?docId=CNG.6b0683343a4881a9d16230606427f06d.401
20130426,254328880,20130426,SYRIAN,SYR,LEBANON,LBN,190,재래식 군사력 사용,19,4,-10.0,2,1,2,0.0,"Moscow, Moskva, Russia",RS,BBC Monitoring
20130426,254328881,20130426,SYRIA,SYR,LEBANON,LBN,192,영토 점령,19,4,-9.5,6,5,6,1.79568807295498,"Baalbek, Mohafazat Baalbek-Hermel, Lebanon",LE,http://www.theglobeandmail.com/news/world/lebanon-dragged-in-as-hezbollah-joins-syria-war/article11567574/?cmpid=rss1
20130426,254328882,20130426,SYRIA,SYR,LEBANON,LBN,192,영토 점령,19,4,-9.5,2,2,2,1.65789585965359,"Damascus, Dimashq, Syria",SY,http://news.yahoo.com/lebanon-dragged-hezbollah-joins-syria-war-071508597.html
20130426,254328883,20130426,SYRIA,SYR,LEBANON,LBN,192,영토 점령,19,4,-9.5,4,3,4,1.86458417960568,"Damascus, Dimashq, Syria",SY,http://www.theglobeandmail.com/news/world/lebanon-dragged-in-as-hezbollah-joins-syria-war/article11567574/?cmpid=rss1
20130426,254329015,20130426,SYRIA,SYR,TURKEY,TUR,190,재래식 군사력 사용,19,4,-10.0,2,1,2,0.0,"Ingushetia, Chechnya and Ingushetiya, Russia",RS,BBC Monitoring
20130426,254329099,20130426,SYRIA,SYR,SANA,YEM,190,재래식 군사력 사용,19,4,-10.0,6,3,6,1.31008827546667,"Jobar, Dimashq, Syria",SY,http://www.seattlepi.com/news/world/article/Syrian-officials-deny-use-of-chemical-weapons-4465503.php
20130426,254329100,20130426,SYRIA,SYR,SANA,YEM,190,재래식 군사력 사용,19,4,-10.0,18,3,18,1.31008827546667,"Qaboun, Dimashq, Syria",SY,http://www.seattlepi.com/news/world/article/Syrian-officials-deny-use-of-chemical-weapons-4465503.php
20130426,254329101,20130426,SYRIA,SYR,SANA,YEM,190,재래식 군사력 사용,19,4,-10.0,14,7,14,1.42490355499934,"Qaboun, Dimashq, Syria",SY,http://www.foxnews.com/world/2013/04/26/syrian-officials-deny-use-chemical-weapons/
20130426,254329102,20130426,SYRIA,SYR,SANA,YEM,190,재래식 군사력 사용,19,4,-10.0,6,1,6,0.991325898389095,"Qaboun, Dimashq, Syria",SY,http://www.scotsman.com/news/international/syria-denies-use-of-chemical-weapons-against-rebels-1-2911972
20130426,254329103,20130426,SYRIA,SYR,SANA,YEM,190,재래식 군사력 사용,19,4,-10.0,44,8,44,1.40519547969888,"Jobar, Dimashq, Syria",SY,http://www.foxnews.com/world/2013/04/26/syrian-officials-deny-use-chemical-weapons/
20130426,254329104,20130426,SYRIA,SYR,SANA,YEM,190,재래식 군사력 사용,19,4,-10.0,8,1,8,1.13989637305699,"Jobar, Dimashq, Syria",SY,http://www.dailystar.com.lb/News/Middle-East/2013/Apr-27/215199-airstrikes-batter-rebels-in-damascus-suburbs.ashx
20130426,254329126,20130426,SYRIAN,SYR,JORDAN,JOR,190,재래식 군사력 사용,19,4,-10.0,2,1,2,0.0,"Ingushetia, Chechnya and Ingushetiya, Russia",RS,BBC Monitoring
20130426,254329173,20130426,SYRIAN,SYR,LEBANESE,LBN,190,재래식 군사력 사용,19,4,-10.0,16,5,16,1.78072370298417,"Baalbek, Mohafazat Baalbek-Hermel, Lebanon",LE,http://www.theglobeandmail.com/news/world/lebanon-dragged-in-as-hezbollah-joins-syria-war/article11567574/?cmpid=rss1
20130426,254329174,20130426,SYRIA,SYR,LEBANON,LBN,190,재래식 군사력 사용,19,4,-10.0,2,1,2,1.91540303272147,"Baalbek, Mohafazat Baalbek-Hermel, Lebanon",LE,http://www.theglobeandmail.com/news/world/lebanon-dragged-in-as-hezbollah-joins-syria-war/article11567574/?cmpid=rss1
20130426,254329214,20130426,SYRIAN,SYR,JORDAN,JOR,192,영토 점령,19,4,-9.5,6,1,6,2.17391304347826,Syria,SY,http://reliefweb.int/report/jordan/iom-supports-uae-red-crescent-new-syrian-refugee-camp-jordan
20130426,254335135,20130426,SANA,YEM,SYRIA,SYR,190,재래식 군사력 사용,19,4,-10.0,18,3,18,1.31008827546667,"Qaboun, Dimashq, Syria",SY,http://www.seattlepi.com/news/world/article/Syrian-officials-deny-use-of-chemical-weapons-4465503.php
20130426,254335136,20130426,SANA,YEM,SYRIA,SYR,190,재래식 군사력 사용,19,4,-10.0,6,3,6,1.31008827546667,"Jobar, Dimashq, Syria",SY,http://www.seattlepi.com/news/world/article/Syrian-officials-deny-use-of-chemical-weapons-4465503.php
20130426,254335175,20130426,SANA,YEM,SYRIA,SYR,190,재래식 군사력 사용,19,4,-10.0,14,7,14,1.42490355499934,"Qaboun, Dimashq, Syria",SY,http://www.foxnews.com/world/2013/04/26/syrian-officials-deny-use-chemical-weapons/
20130426,254335176,20130426,SANA,YEM,SYRIA,SYR,190,재래식 군사력 사용,19,4,-10.0,6,1,6,0.991325898389095,"Qaboun, Dimashq, Syria",SY,http://www.scotsman.com/news/international/syria-denies-use-of-chemical-weapons-against-rebels-1-2911972
20130426,254335177,20130426,SANA,YEM,SYRIA,SYR,190,재래식 군사력 사용,19,4,-10.0,44,8,44,1.40519547969888,"Jobar, Dimashq, Syria",SY,http://www.foxnews.com/world/2013/04/26/syrian-officials-deny-use-chemical-weapons/
20130426,254335178,20130426,SANA,YEM,SYRIA,SYR,190,재래식 군사력 사용,19,4,-10.0,8,1,8,1.13989637305699,"Jobar, Dimashq, Syria",SY,http://www.dailystar.com.lb/News/Middle-East/2013/Apr-27/215199-airstrikes-batter-rebels-in-damascus-suburbs.ashx
20130427,254336084,20130420,IRAQ,IRQ,SYRIAN,SYR,190,재래식 군사력 사용,19,4,-10.0,8,1,8,1.66666666666667,Iraq,IZ,http://www.telegraph.co.uk/news/worldnews/middleeast/syria/10022753/Syria-Al-Qaedas-battle-for-control-of-Assads-chemical-weapons-plant.html
20130427,254347137,20130427,IRAN,IRN,ISRAEL,ISR,138,군사력 사용 위협,13,3,-7.0,1,1,1,0.946372239747634,"Tel Aviv, Tel Aviv, Israel",IS,http://www.irna.ir/en/News/80631220/Politic/Deputy_DM__Iran_to_respond_to_enemies%CB%88_threats_in_battlefield
20130427,254347138,20130427,IRAN,IRN,ISRAEL,ISR,138,군사력 사용 위협,13,3,-7.0,1,1,1,0.946372239747634,"Tehran, Tehran, Iran",IR,http://www.irna.ir/en/News/80631220/Politic/Deputy_DM__Iran_to_respond_to_enemies%CB%88_threats_in_battlefield
20130427,254347139,20130427,IRAN,IRN,ISRAEL,ISR,190,재래식 군사력 사용,19,4,-10.0,5,1,5,0.0,"Mogadishu, Banaadir, Somalia",SO,BBC Monitoring
20130427,254347501,20130427,IRAQ,IRQ,SYRIAN,SYR,190,재래식 군사력 사용,19,4,-10.0,2,1,2,1.66666666666667,Iraq,IZ,http://www.telegraph.co.uk/news/worldnews/middleeast/syria/10022753/Syria-Al-Qaedas-battle-for-control-of-Assads-chemical-weapons-plant.html
20130427,254347637,20130427,ISRAELI,ISR,IRAN,IRN,190,재래식 군사력 사용,19,4,-10.0,6,1,6,1.19695321001088,"Burgas, Burgas, Bulgaria",BU,http://www.jpost.com/DiplomacyAndPolitics/Article.aspx?ID=311311&R=R1
20130427,254347661,20130427,ISRAELI,ISR,LEBANON,LBN,195,공중무기 사용,19,4,-10.0,10,1,10,0.0,"Mogadishu, Banaadir, Somalia",SO,BBC Monitoring
20130427,254347691,20130427,ISRAEL,ISR,PALESTINIAN,PSE,192,영토 점령,19,4,-9.5,40,1,40,1.22850122850123,"Jerusalem, Israel (general), Israel",IS,http://www.npr.org/blogs/thetwo-way/2013/04/27/177965920/at-israeli-checkpoint-tear-gas-and-ice-cream-a-way-of-life?ft=1&f=7
20130427,254347692,20130427,ISRAEL,ISR,GAZA,PSE,193,소형무기·경무기를 이용한 전투,19,4,-10.0,4,1,4,0.0,"Mogadishu, Banaadir, Somalia",SO,BBC Monitoring
20130427,254347700,20130427,ISRAEL,ISR,HAMAS,PSE,190,재래식 군사력 사용,19,4,-10.0,28,7,28,2.97659471847197,"Gaza, Israel (general), Israel",IS,http://www.thejakartapost.com/news/2013/04/27/prominent-muslim-cleric-visit-gaza.html
20130427,254347704,20130427,ISRAEL,ISR,SYRIAN,SYR,190,재래식 군사력 사용,19,4,-10.0,8,1,8,2.28640192539109,Israel,IS,http://www.google.com/hostednews/afp/article/ALeqM5jei_zbvIz9RqNg_G86lt6KhszT8w?docId=CNG.88992305e0e230630beea9b5885b236d.281
20130427,254347705,20130427,ISRAEL,ISR,SYRIAN,SYR,190,재래식 군사력 사용,19,4,-10.0,2,1,2,2.28640192539109,Russia,RS,http://www.google.com/hostednews/afp/article/ALeqM5jei_zbvIz9RqNg_G86lt6KhszT8w?docId=CNG.88992305e0e230630beea9b5885b236d.281
20130427,254347820,20130427,ISRAELI,ISR,GAZA,PSE,193,소형무기·경무기를 이용한 전투,19,4,-10.0,10,1,10,0.0,"Mogadishu, Banaadir, Somalia",SO,BBC Monitoring
20130427,254348070,20130427,JORDANIAN,JOR,SYRIA,SYR,192,영토 점령,19,4,-9.5,8,1,8,1.60213618157543,"Qusayr, Tartus, Syria",SY,http://www.google.com/hostednews/afp/article/ALeqM5jRIxVbGcw1sEi8n_XhPz6bhepbkw?docId=CNG.d6b4316c3f161db794a98cb209d0f209.1c1
20130427,254348071,20130427,JORDANIAN,JOR,SYRIA,SYR,192,영토 점령,19,4,-9.5,2,1,2,1.60213618157543,United Kingdom,UK,http://www.google.com/hostednews/afp/article/ALeqM5jRIxVbGcw1sEi8n_XhPz6bhepbkw?docId=CNG.d6b4316c3f161db794a98cb209d0f209.1c1
20130427,254349184,20130427,LEBANON,LBN,IRAN,IRN,193,소형무기·경무기를 이용한 전투,19,4,-10.0,3,1,3,1.67644593461861,"Damascus, Dimashq, Syria",SY,"http://www.ynetnews.com/articles/0,7340,L-4372762,00.html"
20130427,254349185,20130427,LEBANON,LBN,IRAN,IRN,193,소형무기·경무기를 이용한 전투,19,4,-10.0,3,1,3,1.58102766798419,"Baalbek, Mohafazat Baalbek-Hermel, Lebanon",LE,http://www.reuters.com/article/2013/04/26/us-syria-crisis-hezbollah-idUSBRE93P09720130426
20130427,254349186,20130427,LEBANON,LBN,IRAN,IRN,193,소형무기·경무기를 이용한 전투,19,4,-10.0,2,2,2,1.6287368013014,"Hezbollah, Kerman, Iran",IR,http://www.reuters.com/article/2013/04/26/us-syria-crisis-hezbollah-idUSBRE93P09720130426
20130427,254349196,20130427,LEBANON,LBN,ISRAEL,ISR,193,소형무기·경무기를 이용한 전투,19,4,-10.0,18,2,12,2.88999673580818,"Tel Aviv, Tel Aviv, Israel",IS,http://www.israelnationalnews.com/News/News.aspx/167519
20130427,254349197,20130427,BEIRUT,LBN,ISRAEL,ISR,193,소형무기·경무기를 이용한 전투,19,4,-10.0,5,2,5,2.98922816700792,"Beirut, Beyrouth, Lebanon",LE,http://www.google.com/hostednews/afp/article/ALeqM5glJQYlQ1YoRtt3vpWm41kvXHVkzg?docId=CNG.8ffefe0b1b4dc64c6f021b2f76a78351.3c1
20130427,254349237,20130427,BEIRUT,LBN,SYRIA,SYR,190,재래식 군사력 사용,19,4,-10.0,14,2,14,2.3802520321787,"Idlib, Idlib, Syria",SY,http://www.dailystar.com.lb/News/Middle-East/2013/Apr-27/215293-rebels-attack-sprawling-air-base-in-northern-syria.ashx
20130427,254349260,20130427,BEIRUT,LBN,SYRIA,SYR,190,재래식 군사력 사용,19,4,-10.0,4,1,4,1.41843971631206,"Idlib, Idlib, Syria",SY,http://www.foxnews.com/world/2013/04/27/syrian-rebels-and-troops-clash-around-sprawling-air-base-in-country-north/?utm_source=feedburner&utm_medium=feed&utm_campaign=Feed%3A+foxnews%2Fworld+%28Internal+-+World+Latest+-+Text%29
20130427,254349261,20130427,LEBANON,LBN,SYRIA,SYR,190,재래식 군사력 사용,19,4,-10.0,2,1,2,1.41843971631206,"Beirut, Beyrouth, Lebanon",LE,http://www.foxnews.com/world/2013/04/27/syrian-rebels-and-troops-clash-around-sprawling-air-base-in-country-north/?utm_source=feedburner&utm_medium=feed&utm_campaign=Feed%3A+foxnews%2Fworld+%28Internal+-+World+Latest+-+Text%29
20130427,254352871,20130427,WEST BANK,PSE,ISRAEL,ISR,193,소형무기·경무기를 이용한 전투,19,4,-10.0,24,1,24,1.22850122850123,"Jerusalem, Israel (general), Israel",IS,http://www.npr.org/blogs/thetwo-way/2013/04/27/177965920/at-israeli-checkpoint-tear-gas-and-ice-cream-a-way-of-life?ft=1&f=7
20130427,254352872,20130427,GAZA,PSE,ISRAEL,ISR,194,포병·전차를 이용한 전투,19,4,-10.0,1,1,1,1.9047619047619,"Gaza, Israel (general), Israel",IS,http://www.israelnationalnews.com/News/News.aspx/167520
20130427,254352874,20130427,PALESTINIAN,PSE,ISRAELI,ISR,193,소형무기·경무기를 이용한 전투,19,4,-10.0,6,1,6,0.0,"Mogadishu, Banaadir, Somalia",SO,BBC Monitoring
20130427,254352918,20130427,HAMAS,PSE,ISRAEL,ISR,190,재래식 군사력 사용,19,4,-10.0,28,7,28,2.97659471847197,"Gaza, Israel (general), Israel",IS,http://www.thejakartapost.com/news/2013/04/27/prominent-muslim-cleric-visit-gaza.html
20130427,254352919,20130427,HAMAS,PSE,ISRAEL,ISR,192,영토 점령,19,4,-9.5,1,1,1,5.68181818181818,"Ramallah, West Bank (general), West Bank",WE,http://www.upi.com/Top_News/World-News/2013/04/27/Abbas-Talks-to-begin-on-Palestinian-unity-government/UPI-48461367103984/
20130427,254352920,20130427,HAMAS,PSE,ISRAEL,ISR,192,영토 점령,19,4,-9.5,1,1,1,5.68181818181818,"Gaza, Israel (general), Israel",IS,http://www.upi.com/Top_News/World-News/2013/04/27/Abbas-Talks-to-begin-on-Palestinian-unity-government/UPI-48461367103984/
20130427,254354285,20130427,SYRIAN,SYR,JORDAN,JOR,195,공중무기 사용,19,4,-10.0,4,1,4,0.0,"Mogadishu, Banaadir, Somalia",SO,BBC Monitoring
20130427,254354309,20130427,SYRIAN,SYR,BEIRUT,LBN,190,재래식 군사력 사용,19,4,-10.0,20,2,20,0.0,"Latakia, Al Ladhiqiyah, Syria",SY,http://reliefweb.int/report/syrian-arab-republic/shelling-outside-damascus-kills-10-watchdog
20130427,254354310,20130427,SYRIA,SYR,BEIRUT,LBN,190,재래식 군사력 사용,19,4,-10.0,14,2,14,2.3802520321787,"Idlib, Idlib, Syria",SY,http://www.dailystar.com.lb/News/Middle-East/2013/Apr-27/215293-rebels-attack-sprawling-air-base-in-northern-syria.ashx
20130427,254354311,20130427,SYRIA,SYR,LEBANON,LBN,192,영토 점령,19,4,-9.5,2,2,2,1.6287368013014,"Baalbek, Mohafazat Baalbek-Hermel, Lebanon",LE,http://www.reuters.com/article/2013/04/26/us-syria-crisis-hezbollah-idUSBRE93P09720130426
20130427,254354312,20130427,SYRIA,SYR,LEBANON,LBN,192,영토 점령,19,4,-9.5,1,1,1,1.67644593461861,"Hezbollah, Kerman, Iran",IR,"http://www.ynetnews.com/articles/0,7340,L-4372762,00.html"
20130427,254354313,20130427,SYRIA,SYR,LEBANON,LBN,192,영토 점령,19,4,-9.5,1,1,1,1.58102766798419,"Damascus, Dimashq, Syria",SY,http://www.reuters.com/article/2013/04/26/us-syria-crisis-hezbollah-idUSBRE93P09720130426
20130427,254354314,20130427,SYRIA,SYR,BEIRUT,LBN,190,재래식 군사력 사용,19,4,-10.0,4,1,4,1.41843971631206,"Idlib, Idlib, Syria",SY,http://www.foxnews.com/world/2013/04/27/syrian-rebels-and-troops-clash-around-sprawling-air-base-in-country-north/?utm_source=feedburner&utm_medium=feed&utm_campaign=Feed%3A+foxnews%2Fworld+%28Internal+-+World+Latest+-+Text%29
20130427,254354315,20130427,SYRIA,SYR,LEBANON,LBN,190,재래식 군사력 사용,19,4,-10.0,2,1,2,1.41843971631206,"Beirut, Beyrouth, Lebanon",LE,http://www.foxnews.com/world/2013/04/27/syrian-rebels-and-troops-clash-around-sprawling-air-base-in-country-north/?utm_source=feedburner&utm_medium=feed&utm_campaign=Feed%3A+foxnews%2Fworld+%28Internal+-+World+Latest+-+Text%29
20130427,254354457,20130427,SYRIA,SYR,IRAQ,IRQ,154,군 병력 동원·증강,15,4,-7.2,2,1,2,0.613496932515337,"Hawijah, DiyaláZ, Iraq",IZ,http://www.sbs.com.au/news/article/1760544/Iraq-PM-blames-sectarianism-on-regional-strife
20130427,254354479,20130427,SYRIA,SYR,JORDAN,JOR,195,공중무기 사용,19,4,-10.0,4,1,4,0.0,"Mogadishu, Banaadir, Somalia",SO,BBC Monitoring
20130427,254354480,20130427,SYRIAN,SYR,LEBANESE,LBN,190,재래식 군사력 사용,19,4,-10.0,6,2,6,1.6287368013014,"Baalbek, Mohafazat Baalbek-Hermel, Lebanon",LE,http://www.reuters.com/article/2013/04/26/us-syria-crisis-hezbollah-idUSBRE93P09720130426
20130428,254369536,20130428,IRANIAN,IRN,GAZA,PSE,190,재래식 군사력 사용,19,4,-10.0,4,1,4,0.0,Germany,GM,BBC Monitoring
20130428,254369537,20130428,IRANIAN,IRN,GAZA,PSE,190,재래식 군사력 사용,19,4,-10.0,6,1,6,0.0,Germany,GM,BBC Monitoring
20130428,254369566,20130428,IRAN,IRN,SYRIAN,SYR,138,군사력 사용 위협,13,3,-7.0,4,1,4,0.0,France,FR,BBC Monitoring
20130428,254369570,20130428,IRAN,IRN,SYRIAN,SYR,138,군사력 사용 위협,13,3,-7.0,6,1,6,0.0,France,FR,BBC Monitoring
20130428,254369982,20130428,ISRAEL,ISR,HASSAN,JOR,190,재래식 군사력 사용,19,4,-10.0,1,1,1,0.579710144927536,"Umm Al-Fahm, H_efa, Israel",IS,"http://www.ynetnews.com/articles/0,7340,L-4373478,00.html"
20130428,254369989,20130428,ISRAEL,ISR,LEBANON,LBN,138,군사력 사용 위협,13,3,-7.0,5,1,5,0.0,Tunisia,TS,BBC Monitoring
20130428,254370032,20130428,TEL AVIV,ISR,GAZA,PSE,190,재래식 군사력 사용,19,4,-10.0,13,2,13,0.782893745681616,"Gaza, Israel (general), Israel",IS,http://www.upi.com/Top_News/World-News/2013/04/28/Army-targets-Gaza-sites-after-rocket-fired/UPI-39461367149226/
20130428,254370033,20130428,ISRAELI,ISR,GAZA,PSE,192,영토 점령,19,4,-9.5,10,1,10,0.904977375565611,"Kerem Shalom, HaDarom, Israel",IS,http://www.upi.com/Top_News/World-News/2013/04/28/Army-targets-Gaza-sites-after-rocket-fired/UPI-39461367149226/
20130428,254370034,20130428,ISRAEL,ISR,GAZA,PSE,193,소형무기·경무기를 이용한 전투,19,4,-10.0,4,1,4,0.0,France,FR,BBC Monitoring
20130428,254370035,20130428,ISRAEL,ISR,GAZA,PSE,194,포병·전차를 이용한 전투,19,4,-10.0,1,1,1,0.675675675675676,Gaza Strip,GZ,http://news.xinhuanet.com/english/world/2013-04/28/c_132347502.htm
20130428,254370036,20130428,ISRAEL,ISR,GAZA,PSE,194,포병·전차를 이용한 전투,19,4,-10.0,36,6,28,1.76453811993181,"Kerem Shalom, HaDarom, Israel",IS,http://www.jpost.com/Headlines/Article.aspx?id=311337&R=R101
20130428,254370037,20130428,ISRAEL,ISR,GAZA,PSE,194,포병·전차를 이용한 전투,19,4,-10.0,28,5,24,1.65465111103229,"Kerem Shalom, HaDarom, Israel",IS,http://www.dailystar.com.lb/News/Middle-East/2013/Apr-28/215324-israel-responds-to-gaza-rocket-fire-with-airstrike.ashx
20130428,254370038,20130428,ISRAEL,ISR,GAZA,PSE,194,포병·전차를 이용한 전투,19,4,-10.0,5,1,5,1.90839694656489,"Kerem Shalom, HaDarom, Israel",IS,http://www.dailystar.com.lb/News/Middle-East/2013/Apr-28/215324-israel-responds-to-gaza-rocket-fire-with-airstrike.ashx
20130428,254370039,20130428,ISRAEL,ISR,GAZA,PSE,194,포병·전차를 이용한 전투,19,4,-10.0,2,2,2,1.70213108421324,"Kerem Shalom, HaDarom, Israel",IS,http://cnsnews.com/news/article/israel-responds-gaza-rocket-fire-airstrike
20130428,254370040,20130428,TEL AVIV,ISR,GAZA,PSE,194,포병·전차를 이용한 전투,19,4,-10.0,56,8,56,0.953416116063189,"Gaza, Israel (general), Israel",IS,http://www.upi.com/Top_News/World-News/2013/04/28/Army-targets-Gaza-sites-after-rocket-fired/UPI-39461367149226/
20130428,254370041,20130428,ISRAEL,ISR,GAZA,PSE,194,포병·전차를 이용한 전투,19,4,-10.0,4,1,4,0.0,"Gaza, Israel (general), Israel",IS,http://www.bna.bh/portal/en/news/558387
20130428,254370042,20130428,ISRAEL,ISR,GAZA,PSE,194,포병·전차를 이용한 전투,19,4,-10.0,4,1,4,0.675675675675676,"Jerusalem, Israel (general), Israel",IS,http://news.xinhuanet.com/english/world/2013-04/28/c_132347502.htm
20130428,254370043,20130428,JERUSALEM,ISR,GAZA,PSE,195,공중무기 사용,19,4,-10.0,1,1,1,0.675675675675676,Gaza Strip,GZ,http://news.xinhuanet.com/english/world/2013-04/28/c_132347502.htm
20130428,254370044,20130428,JERUSALEM,ISR,GAZA,PSE,195,공중무기 사용,19,4,-10.0,1,1,1,0.675675675675676,"Jerusalem, Israel (general), Israel",IS,http://news.xinhuanet.com/english/world/2013-04/28/c_132347502.htm
20130428,254370045,20130428,JERUSALEM,ISR,GAZA,PSE,195,공중무기 사용,19,4,-10.0,8,1,8,0.675675675675676,"Jerusalem, Israel (general), Israel",IS,http://news.xinhuanet.com/english/world/2013-04/28/c_132347502.htm
20130428,254370046,20130428,ISRAELI,ISR,GAZA,PSE,195,공중무기 사용,19,4,-10.0,22,6,22,0.747080476659197,"Gaza, Israel (general), Israel",IS,http://www.google.com/hostednews/afp/article/ALeqM5hK3khoTtCHHlkltwgTzWAN0ZQ3_A?docId=CNG.dee249b2ecaee64df05f75980ec7a02b.891
20130428,254370047,20130428,ISRAELI,ISR,GAZA,PSE,195,공중무기 사용,19,4,-10.0,3,1,3,1.55038759689922,"Gaza, Israel (general), Israel",IS,http://www.dailystar.com.lb/News/Middle-East/2013/Apr-28/215333-israel-air-raids-target-gaza-militants-witnesses.ashx
20130428,254370048,20130428,ISRAELI,ISR,GAZA,PSE,195,공중무기 사용,19,4,-10.0,9,1,9,0.0,Tunisia,TS,BBC Monitoring
20130428,254370056,20130428,ISRAEL,ISR,HAMAS,PSE,190,재래식 군사력 사용,19,4,-10.0,10,1,10,1.6260162601626,"Khartoum, Al Khartum, Sudan",SU,http://www.dw.de/israel-attacks-hamas-base-in-gaza/a-16776959?maca=en-rss-en-top-1022-rdf
20130428,254370057,20130428,ISRAEL,ISR,HAMAS,PSE,190,재래식 군사력 사용,19,4,-10.0,4,1,4,2.27272727272727,"Gaza, Israel (general), Israel",IS,http://www.newsday.com/news/world/prominent-muslim-cleric-to-visit-gaza-1.5149927
20130428,254370058,20130428,ISRAEL,ISR,HAMAS,PSE,190,재래식 군사력 사용,19,4,-10.0,10,1,10,0.836820083682008,Mexico,MX,http://www.dw.de/israel-attacks-hamas-base-in-gaza/a-16776959?maca=en-rss-en-all-1573-rdf
20130428,254370061,20130428,ISRAELI,ISR,GAZA,PSE,194,포병·전차를 이용한 전투,19,4,-10.0,2,1,2,0.53475935828877,"Jerusalem, Israel (general), Israel",IS,http://www.reuters.com/article/2013/04/28/us-palestinians-israel-violence-idUSBRE93R01A20130428
20130428,254370062,20130428,ISRAELI,ISR,GAZA,PSE,194,포병·전차를 이용한 전투,19,4,-10.0,2,2,2,0.530507711358775,"Gaza, Israel (general), Israel",IS,http://ca.reuters.com/article/topNews/idCABRE93R01A20130428
20130428,254370063,20130428,ISRAELI,ISR,GAZA,PSE,195,공중무기 사용,19,4,-10.0,10,3,10,0.533058699516772,"Gaza, Israel (general), Israel",IS,http://www.reuters.com/article/2013/04/28/us-palestinians-israel-violence-idUSBRE93R01A20130428
20130428,254370088,20130428,ISRAELI,ISR,SYRIA,SYR,192,영토 점령,19,4,-9.5,8,1,8,0.0,France,FR,BBC Monitoring
20130428,254370089,20130428,ISRAELI,ISR,DAMASCUS,SYR,195,공중무기 사용,19,4,-10.0,8,1,8,2.46913580246914,"Jerusalem, Israel (general), Israel",IS,http://www.upi.com/Top_News/World-News/2013/04/28/FSA-says-Israeli-jets-hit-chemical-site/UPI-90151367153367/
20130428,254370214,20130428,BINYAMIN NETANYAHU,ISR,GAZA,PSE,138,군사력 사용 위협,13,3,-7.0,6,1,6,1.59515013734963,"Eilat, HaDarom, Israel",IS,http://www.jpost.com/Defense/Article.aspx?id=311325&R=R9
20130428,254370215,20130428,BINYAMIN NETANYAHU,ISR,GAZA,PSE,194,포병·전차를 이용한 전투,19,4,-10.0,6,1,6,1.59515013734963,"Eilat, HaDarom, Israel",IS,http://www.jpost.com/Defense/Article.aspx?id=311325&R=R9
20130428,254370216,20130428,ISRAEL,ISR,GAZA,PSE,194,포병·전차를 이용한 전투,19,4,-10.0,2,1,2,0.0,"Gaza, Israel (general), Israel",IS,"http://www.ynetnews.com/articles/0,7340,L-4373180,00.html"
20130428,254370248,20130428,ISRAELI,ISR,GAZA,PSE,190,재래식 군사력 사용,19,4,-10.0,2,1,2,0.904977375565611,"Gaza, Israel (general), Israel",IS,http://www.upi.com/Top_News/World-News/2013/04/28/Army-targets-Gaza-sites-after-rocket-fired/UPI-39461367149226/
20130428,254370256,20130428,ISRAEL,ISR,GAZA,PSE,195,공중무기 사용,19,4,-10.0,20,3,20,0.533058699516772,"Jerusalem, Israel (general), Israel",IS,http://www.reuters.com/article/2013/04/28/us-palestinians-israel-violence-idUSBRE93R01A20130428
20130428,254370257,20130428,ISRAEL,ISR,GAZA,PSE,195,공중무기 사용,19,4,-10.0,4,1,4,0.561797752808989,"Gaza, Israel (general), Israel",IS,http://www.irishtimes.com/news/world/middle-east/israeli-air-strike-hits-gaza-militant-base-after-rocket-fired-1.1375491
20130428,254370258,20130428,ISRAEL,ISR,GAZA,PSE,195,공중무기 사용,19,4,-10.0,4,1,4,1.30718954248366,"Gaza, Israel (general), Israel",IS,http://www.jpost.com/Defense/Article.aspx?id=311327&R=R9
20130428,254370628,20130428,AMMAN,JOR,DAMASCUS,SYR,190,재래식 군사력 사용,19,4,-10.0,5,1,5,1.4268727705113,"Qaboun, Dimashq, Syria",SY,http://www.dailystar.com.lb/News/Middle-East/2013/Apr-29/215392-fighting-reported-near-suspected-chemical-arms-site-in-syria.ashx
20130428,254370653,20130428,HASSAN,JOR,ISRAEL,ISR,190,재래식 군사력 사용,19,4,-10.0,1,1,1,0.579710144927536,"Umm Al-Fahm, H_efa, Israel",IS,"http://www.ynetnews.com/articles/0,7340,L-4373478,00.html"
20130428,254371709,20130428,LEBANON,LBN,SYRIA,SYR,190,재래식 군사력 사용,19,4,-10.0,4,1,4,0.0,Tunisia,TS,BBC Monitoring
20130428,254371722,20130428,LEBANON,LBN,SYRIA,SYR,190,재래식 군사력 사용,19,4,-10.0,8,1,8,0.0,Germany,GM,BBC Monitoring
20130428,254374739,20130428,GAZA,PSE,ISRAEL,ISR,190,재래식 군사력 사용,19,4,-10.0,8,1,8,1.73913043478261,"Eilat, HaDarom, Israel",IS,http://www.jpost.com/Defense/Article.aspx?id=311325&R=R9
20130428,254374740,20130428,GAZA,PSE,ISRAEL,ISR,190,재래식 군사력 사용,19,4,-10.0,18,6,16,1.57743742913259,"Gaza, Israel (general), Israel",IS,http://www.jpost.com/Defense/Article.aspx?id=311327&R=R9
20130428,254374741,20130428,GAZA,PSE,ISRAELI,ISR,193,소형무기·경무기를 이용한 전투,19,4,-10.0,2,1,2,0.0,France,FR,BBC Monitoring
20130428,254374742,20130428,GAZA,PSE,ISRAEL,ISR,193,소형무기·경무기를 이용한 전투,19,4,-10.0,2,1,2,0.0,Germany,GM,BBC Monitoring
20130428,254374743,20130428,PALESTINIAN,PSE,ISRAEL,ISR,193,소형무기·경무기를 이용한 전투,19,4,-10.0,2,1,2,0.0,"Tripoli, Tarabulus, Libya",LY,BBC Monitoring
20130428,254374744,20130428,GAZA,PSE,ISRAEL,ISR,194,포병·전차를 이용한 전투,19,4,-10.0,2,1,2,1.88679245283019,"Kerem Shalom, HaDarom, Israel",IS,http://www.jpost.com/Headlines/Article.aspx?id=311337&R=R101
20130428,254374745,20130428,GAZA,PSE,ISRAEL,ISR,194,포병·전차를 이용한 전투,19,4,-10.0,2,1,2,1.85758513931889,"Tel Aviv, Tel Aviv, Israel",IS,http://www.israelnationalnews.com/News/News.aspx/167553
20130428,254374746,20130428,GAZA,PSE,ISRAEL,ISR,194,포병·전차를 이용한 전투,19,4,-10.0,45,8,39,1.32650229149245,"Gaza, Israel (general), Israel",IS,http://www.israelnationalnews.com/News/News.aspx/167553
20130428,254374747,20130428,GAZA,PSE,ISRAEL,ISR,194,포병·전차를 이용한 전투,19,4,-10.0,10,1,10,0.574712643678161,"Khan Yunis, Gaza Strip (general), Gaza Strip",GZ,http://www.aljazeera.com/news/middleeast/2013/04/20134287510309748.html
20130428,254374766,20130428,HAMAS,PSE,EGYPTIAN,EGY,190,재래식 군사력 사용,19,4,-10.0,8,1,8,0.0,"Tripoli, Tarabulus, Libya",LY,BBC Monitoring
20130428,254374768,20130428,HAMAS,PSE,ISRAEL,ISR,190,재래식 군사력 사용,19,4,-10.0,4,1,4,2.27272727272727,"Gaza, Israel (general), Israel",IS,http://www.newsday.com/news/world/prominent-muslim-cleric-to-visit-gaza-1.5149927
20130428,254374769,20130428,HAMAS,PSE,ISRAEL,ISR,193,소형무기·경무기를 이용한 전투,19,4,-10.0,10,1,10,1.94931773879142,"Gaza, Israel (general), Israel",IS,http://news.nationalpost.com/2013/04/28/hamas-teaching-palestinian-schoolboys-how-to-fire-kalashnikov-rifles/
20130428,254374956,20130428,AL JAZEERA,QAT,ADEN,YEM,190,재래식 군사력 사용,19,4,-10.0,6,1,6,0.0,France,FR,BBC Monitoring
20130428,254374957,20130428,AL JAZEERA,QAT,ADEN,YEM,190,재래식 군사력 사용,19,4,-10.0,4,1,4,0.0,Germany,GM,BBC Monitoring
20130428,254376066,20130428,DAMASCUS,SYR,AMMAN,JOR,190,재래식 군사력 사용,19,4,-10.0,4,1,4,1.4268727705113,"Damascus, Dimashq, Syria",SY,http://www.dailystar.com.lb/News/Middle-East/2013/Apr-29/215392-fighting-reported-near-suspected-chemical-arms-site-in-syria.ashx
20130428,254376067,20130428,SYRIA,SYR,JORDAN,JOR,190,재래식 군사력 사용,19,4,-10.0,1,1,1,1.4268727705113,"Amman, (JO11), Jordan",JO,http://www.dailystar.com.lb/News/Middle-East/2013/Apr-29/215392-fighting-reported-near-suspected-chemical-arms-site-in-syria.ashx
20130428,254376079,20130428,SYRIA,SYR,LEBANON,LBN,193,소형무기·경무기를 이용한 전투,19,4,-10.0,4,1,4,0.0,"Tripoli, Tarabulus, Libya",LY,BBC Monitoring
20130428,254376080,20130428,SYRIA,SYR,LEBANON,LBN,193,소형무기·경무기를 이용한 전투,19,4,-10.0,4,1,4,0.0,Tunisia,TS,BBC Monitoring
20130428,254376081,20130428,SYRIA,SYR,LEBANON,LBN,193,소형무기·경무기를 이용한 전투,19,4,-10.0,2,1,2,0.0,"Tripoli, Tarabulus, Libya",LY,BBC Monitoring
20130428,254376082,20130428,SYRIAN,SYR,BEIRUT,LBN,194,포병·전차를 이용한 전투,19,4,-10.0,2,1,2,0.961538461538462,"Idlib, Idlib, Syria",SY,http://www.dailystar.com.lb/News/Middle-East/2013/Apr-28/215332-missile-fired-on-syria-town-kills-4-civilians-ngo.ashx
20130429,254380481,20130422,ISRAEL,ISR,SINAI,EGY,194,포병·전차를 이용한 전투,19,4,-10.0,4,2,4,0.417113118016225,"Gaza, Israel (general), Israel",IS,http://www.google.com/hostednews/afp/article/ALeqM5h7qk02d3fQ7azLb6dEbX9wlkCwKg?docId=CNG.6125c74ef610e7d9374670c9d9c8cabb.231
20130429,254380619,20130422,GAZA,PSE,ISRAEL,ISR,194,포병·전차를 이용한 전투,19,4,-10.0,8,2,8,0.417113118016225,"Gaza, Israel (general), Israel",IS,http://www.google.com/hostednews/afp/article/ALeqM5h7qk02d3fQ7azLb6dEbX9wlkCwKg?docId=CNG.6125c74ef610e7d9374670c9d9c8cabb.231
20130429,254399512,20130429,IRAN,IRN,ISRAEL,ISR,138,군사력 사용 위협,13,3,-7.0,6,3,6,1.78523588194271,"Jerusalem, Israel (general), Israel",IS,http://www.dailystar.com.lb/News/Middle-East/2013/Apr-29/215486-israel-iran-has-not-crossed-nuclear-red-line.ashx
20130429,254399513,20130429,IRAN,IRN,ISRAEL,ISR,138,군사력 사용 위협,13,3,-7.0,24,3,24,1.78523588194271,"Tehran, Tehran, Iran",IR,http://www.dailystar.com.lb/News/Middle-East/2013/Apr-29/215486-israel-iran-has-not-crossed-nuclear-red-line.ashx
20130429,254399514,20130429,IRAN,IRN,ISRAELI,ISR,138,군사력 사용 위협,13,3,-7.0,8,1,8,0.0,"Puntland, Somalia (general), Somalia",SO,BBC Monitoring
20130429,254399515,20130429,IRAN,IRN,ISRAEL,ISR,190,재래식 군사력 사용,19,4,-10.0,2,1,2,2.2212543554007,"Paris, RhôAlpes, France",FR,http://www.salon.com/2013/04/29/hezbollah_targets_israeli_tourists_partner/
20130429,254399516,20130429,IRAN,IRN,ISRAEL,ISR,190,재래식 군사력 사용,19,4,-10.0,3,1,2,2.2212543554007,Israel,IS,http://www.salon.com/2013/04/29/hezbollah_targets_israeli_tourists_partner/
20130429,254399517,20130429,IRANIAN,IRN,ISRAELI,ISR,190,재래식 군사력 사용,19,4,-10.0,1,1,1,2.2212543554007,Iran,IR,http://www.salon.com/2013/04/29/hezbollah_targets_israeli_tourists_partner/
20130429,254399518,20130429,IRAN,IRN,ISRAEL,ISR,194,포병·전차를 이용한 전투,19,4,-10.0,6,3,6,1.78523588194271,"Jerusalem, Israel (general), Israel",IS,http://www.dailystar.com.lb/News/Middle-East/2013/Apr-29/215486-israel-iran-has-not-crossed-nuclear-red-line.ashx
20130429,254399519,20130429,IRAN,IRN,ISRAEL,ISR,194,포병·전차를 이용한 전투,19,4,-10.0,18,3,18,1.78523588194271,"Jerusalem, Israel (general), Israel",IS,http://www.dailystar.com.lb/News/Middle-East/2013/Apr-29/215486-israel-iran-has-not-crossed-nuclear-red-line.ashx
20130429,254399520,20130429,IRAN,IRN,ISRAEL,ISR,194,포병·전차를 이용한 전투,19,4,-10.0,6,3,6,1.78523588194271,"Tehran, Tehran, Iran",IR,http://www.dailystar.com.lb/News/Middle-East/2013/Apr-29/215486-israel-iran-has-not-crossed-nuclear-red-line.ashx
20130429,254399682,20130429,IRAN,IRN,ISRAEL,ISR,190,재래식 군사력 사용,19,4,-10.0,2,1,2,2.2212543554007,"West Point, Balochistan, Pakistan",PK,http://www.salon.com/2013/04/29/hezbollah_targets_israeli_tourists_partner/
20130429,254399683,20130429,IRANIAN,IRN,ISRAELI,ISR,190,재래식 군사력 사용,19,4,-10.0,4,1,4,2.2212543554007,Israel,IS,http://www.salon.com/2013/04/29/hezbollah_targets_israeli_tourists_partner/
20130429,254400315,20130429,ISRAEL,ISR,LEBANON,LBN,138,군사력 사용 위협,13,3,-7.0,8,1,8,3.55555555555556,Israel,IS,http://www.dailystar.com.lb/News/Politics/2013/Apr-29/215454-russia-denies-urging-hezbollah-to-withdraw-from-syria.ashx
20130429,254400316,20130429,ISRAEL,ISR,LEBANON,LBN,138,군사력 사용 위협,13,3,-7.0,2,1,2,3.55555555555556,Israel,IS,http://www.dailystar.com.lb/News/Politics/2013/Apr-29/215454-russia-denies-urging-hezbollah-to-withdraw-from-syria.ashx
20130429,254400317,20130429,ISRAELI,ISR,LEBANON,LBN,190,재래식 군사력 사용,19,4,-10.0,2,1,2,2.2212543554007,Cyprus,CY,http://www.salon.com/2013/04/29/hezbollah_targets_israeli_tourists_partner/
20130429,254400318,20130429,ISRAELI,ISR,LEBANON,LBN,190,재래식 군사력 사용,19,4,-10.0,2,1,2,2.2212543554007,Israel,IS,http://www.salon.com/2013/04/29/hezbollah_targets_israeli_tourists_partner/
20130429,254400319,20130429,TEL AVIV,ISR,LEBANESE,LBN,193,소형무기·경무기를 이용한 전투,19,4,-10.0,20,1,10,1.61870503597122,"Tel Aviv, Tel Aviv, Israel",IS,http://www.france24.com/en/20130429-lebanon-israel-film-banned-the-attack?ns_campaign=editorial&ns_source=RSS_public&ns_mchannel=RSS&ns_fee=0&ns_linkname=20130429_lebanon_israel_film_banned_the_attack
20130429,254400392,20130429,ISRAEL,ISR,GAZA,PSE,194,포병·전차를 이용한 전투,19,4,-10.0,2,1,2,1.69491525423729,"Kerem Shalom, HaDarom, Israel",IS,http://news.yahoo.com/israel-launches-airstrikes-response-rocket-fire-gaza-154025055.html
20130429,254400393,20130429,ISRAEL,ISR,GAZA,PSE,194,포병·전차를 이용한 전투,19,4,-10.0,4,1,4,1.69491525423729,"Kerem Shalom, HaDarom, Israel",IS,http://news.yahoo.com/israel-launches-airstrikes-response-rocket-fire-gaza-154025055.html
20130429,254400394,20130429,ISRAEL,ISR,PALESTINIAN,PSE,195,공중무기 사용,19,4,-10.0,28,4,28,0.371315192743763,"Gaza, Israel (general), Israel",IS,http://thestar.com.my/news/story.asp?file=/2013/4/29/worldupdates/gaza-rocket-strikes-israel-causes-no-injuries-military&sec=Worldupdates
20130429,254400398,20130429,ISRAEL,ISR,HAMAS,PSE,138,군사력 사용 위협,13,3,-7.0,8,1,8,0.598802395209581,Israel,IS,http://www.jpost.com/NationalNews/Article.aspx?ID=311441&R=R1
20130429,254400402,20130429,ISRAEL,ISR,PALESTINIAN,PSE,194,포병·전차를 이용한 전투,19,4,-10.0,12,3,12,0.433201058201057,"Gaza, Israel (general), Israel",IS,http://thestar.com.my/news/story.asp?file=/2013/4/29/worldupdates/gaza-rocket-strikes-israel-causes-no-injuries-military&sec=Worldupdates
20130429,254400403,20130429,ISRAEL,ISR,PALESTINIAN,PSE,194,포병·전차를 이용한 전투,19,4,-10.0,2,1,2,0.0,"Gaza, Israel (general), Israel",IS,http://www.jpost.com/Headlines/Article.aspx?id=311421&R=R101
20130429,254400404,20130429,ISRAEL,ISR,PALESTINIAN,PSE,195,공중무기 사용,19,4,-10.0,14,4,14,0.371315192743763,"Gaza, Israel (general), Israel",IS,http://thestar.com.my/news/story.asp?file=/2013/4/29/worldupdates/gaza-rocket-strikes-israel-causes-no-injuries-military&sec=Worldupdates
20130429,254400466,20130429,ISRAELI,ISR,TURKISH,TUR,190,재래식 군사력 사용,19,4,-10.0,8,1,8,4.62962962962963,Turkey,TU,http://www.npr.org/2013/04/29/179878409/u-s-tries-to-restore-ties-between-turkey-and-israel?ft=1&f=1004
20130429,254400635,20130429,ISRAEL,ISR,GAZA,PSE,190,재래식 군사력 사용,19,4,-10.0,6,1,6,0.0,"Puntland, Somalia (general), Somalia",SO,BBC Monitoring
20130429,254400638,20130429,ISRAELI,ISR,TURKISH,TUR,190,재래식 군사력 사용,19,4,-10.0,12,1,12,4.62962962962963,Turkey,TU,http://www.npr.org/2013/04/29/179878409/u-s-tries-to-restore-ties-between-turkey-and-israel?ft=1&f=1004
20130429,254402794,20130429,LEBANESE,LBN,ISRAEL,ISR,193,소형무기·경무기를 이용한 전투,19,4,-10.0,20,1,20,0.666666666666667,"Tel Aviv, Tel Aviv, Israel",IS,http://www.jpost.com/MiddleEast/Article.aspx?ID=311506&R=R1
20130429,254402849,20130429,LEBANON,LBN,SYRIA,SYR,163,금수·보이콧·제재 부과,16,4,-8.0,2,1,2,1.26353790613718,"Zabadani, Rif Dimashq, Syria",SY,http://www.dailystar.com.lb/News/Local-News/2013/Apr-30/215532-syrian-refugees-setting-up-shop-in-lebanon-indefinitely.ashx
20130429,254402850,20130429,BEIRUT,LBN,DAMASCUS,SYR,195,공중무기 사용,19,4,-10.0,10,3,10,0.0,"Mezze, Rif Dimashq, Syria",SY,http://www.trust.org/item/20130429072452-t7lkp/?source=dpagehead
20130429,254402851,20130429,BEIRUT,LBN,DAMASCUS,SYR,195,공중무기 사용,19,4,-10.0,40,4,40,0.161290322580645,"Mezze, Rif Dimashq, Syria",SY,http://thestar.com.my/news/story.asp?file=/2013/4/29/worldupdates/syrian-prime-minister-survives-bomb-attack-tv&sec=Worldupdates
20130429,254402852,20130429,BEIRUT,LBN,DAMASCUS,SYR,195,공중무기 사용,19,4,-10.0,1,1,1,0.0,"Mezze, Rif Dimashq, Syria",SY,http://www.jpost.com/Headlines/Article.aspx?id=311429&R=R101
20130429,254402853,20130429,BEIRUT,LBN,DAMASCUS,SYR,195,공중무기 사용,19,4,-10.0,3,1,3,0.0,"Mezze, Rif Dimashq, Syria",SY,http://timesofindia.indiatimes.com/world/middle-east/Syrian-PM-Wael-al-Halki-survives-bomb-attack-TV-report/articleshow/19779469.cms
20130429,254408038,20130429,GAZA,PSE,ISRAELI,ISR,190,재래식 군사력 사용,19,4,-10.0,2,1,2,1.69491525423729,"Gaza, Israel (general), Israel",IS,http://news.yahoo.com/israel-launches-airstrikes-response-rocket-fire-gaza-154025055.html
20130429,254408039,20130429,GAZA,PSE,ISRAEL,ISR,192,영토 점령,19,4,-9.5,2,1,2,2.77777777777778,"Gaza, Israel (general), Israel",IS,http://www.csmonitor.com/World/Middle-East/Olive-Press/2013/0429/Israeli-first-responder-searches-for-the-good-among-Sderot-s-rocket-pocked-streets
20130429,254408040,20130429,GAZA,PSE,ISRAEL,ISR,193,소형무기·경무기를 이용한 전투,19,4,-10.0,4,1,4,0.479616306954436,"Gaza, Israel (general), Israel",IS,http://www.google.com/hostednews/afp/article/ALeqM5h7qk02d3fQ7azLb6dEbX9wlkCwKg?docId=CNG.6125c74ef610e7d9374670c9d9c8cabb.231
20130429,254408041,20130429,GAZA,PSE,ISRAEL,ISR,194,포병·전차를 이용한 전투,19,4,-10.0,1,1,1,0.0,"Puntland, Somalia (general), Somalia",SO,BBC Monitoring
20130429,254408042,20130429,GAZA,PSE,ISRAEL,ISR,194,포병·전차를 이용한 전투,19,4,-10.0,2,1,2,0.0,"Mogadishu, Banaadir, Somalia",SO,BBC Monitoring
20130429,254408043,20130429,GAZA,PSE,ISRAEL,ISR,194,포병·전차를 이용한 전투,19,4,-10.0,3,2,3,1.52210036556996,"Gaza, Israel (general), Israel",IS,http://www.israelnationalnews.com/News/News.aspx/167555
20130429,254408044,20130429,GAZA,PSE,ISRAEL,ISR,194,포병·전차를 이용한 전투,19,4,-10.0,8,1,8,0.354609929078014,"Khan Yunis, Gaza Strip (general), Gaza Strip",GZ,http://www.israelnationalnews.com/News/News.aspx/167562
20130429,254408045,20130429,GAZA,PSE,ISRAEL,ISR,194,포병·전차를 이용한 전투,19,4,-10.0,2,1,2,0.354609929078014,"Khan Yunis, Gaza Strip (general), Gaza Strip",GZ,http://www.israelnationalnews.com/News/News.aspx/167562
20130429,254408046,20130429,PALESTINIAN,PSE,NEGEV,ISR,194,포병·전차를 이용한 전투,19,4,-10.0,10,1,8,0.0,"Puntland, Somalia (general), Somalia",SO,BBC Monitoring
20130429,254408089,20130429,GAZA,PSE,ISRAEL,ISR,193,소형무기·경무기를 이용한 전투,19,4,-10.0,4,1,4,0.0,"Puntland, Somalia (general), Somalia",SO,BBC Monitoring
20130429,254408098,20130429,HAMAS,PSE,ISRAEL,ISR,194,포병·전차를 이용한 전투,19,4,-10.0,10,1,10,1.17647058823529,"Gaza, Israel (general), Israel",IS,http://www.israelnationalnews.com/News/News.aspx/167555
20130429,254408102,20130429,GAZA,PSE,ISRAEL,ISR,190,재래식 군사력 사용,19,4,-10.0,6,1,6,0.354609929078014,"Gaza, Israel (general), Israel",IS,http://www.israelnationalnews.com/News/News.aspx/167562
20130429,254408103,20130429,GAZA,PSE,ISRAEL,ISR,193,소형무기·경무기를 이용한 전투,19,4,-10.0,1,1,1,0.479616306954436,"Gaza, Israel (general), Israel",IS,http://www.google.com/hostednews/afp/article/ALeqM5h7qk02d3fQ7azLb6dEbX9wlkCwKg?docId=CNG.6125c74ef610e7d9374670c9d9c8cabb.231
20130429,254408286,20130429,AL JAZEERA,QAT,BEIRUT,LBN,190,재래식 군사력 사용,19,4,-10.0,4,1,4,0.4149377593361,"Beirut, Beyrouth, Lebanon",LE,http://www.aljazeera.com/news/middleeast/2013/04/201342974354277982.html
20130429,254410121,20130429,SYRIAN,SYR,ISRAEL,ISR,194,포병·전차를 이용한 전투,19,4,-10.0,6,2,6,0.0,"Mezze, Rif Dimashq, Syria",SY,http://www.jpost.com/Headlines/Article.aspx?id=311429&R=R101
20130429,254410122,20130429,SYRIAN,SYR,ISRAEL,ISR,194,포병·전차를 이용한 전투,19,4,-10.0,20,1,20,0.413223140495868,"Damascus, Dimashq, Syria",SY,http://www.jpost.com/MiddleEast/Article.aspx?id=311432&R=R3
20130429,254410178,20130429,SYRIAN,SYR,LEBANON,LBN,194,포병·전차를 이용한 전투,19,4,-10.0,2,1,2,2.89017341040462,Syria,SY,http://www.dailystar.com.lb/News/Local-News/2013/Apr-29/215467-syrian-refugee-wounded-in-rocket-attack-in-lebanon.ashx
20130429,254410227,20130429,SYRIA,SYR,AL JAZEERA,QAT,194,포병·전차를 이용한 전투,19,4,-10.0,10,1,10,0.4149377593361,"Damascus, Dimashq, Syria",SY,http://www.aljazeera.com/news/middleeast/2013/04/201342974354277982.html
20130429,254410387,20130429,SYRIAN,SYR,ISRAEL,ISR,194,포병·전차를 이용한 전투,19,4,-10.0,9,2,9,0.0,"Mezze, Rif Dimashq, Syria",SY,"http://www.ynetnews.com/articles/0,7340,L-4373622,00.html"
20130429,254410467,20130429,SYRIAN,SYR,LEBANON,LBN,194,포병·전차를 이용한 전투,19,4,-10.0,6,1,6,2.89017341040462,Syria,SY,http://www.dailystar.com.lb/News/Local-News/2013/Apr-29/215467-syrian-refugee-wounded-in-rocket-attack-in-lebanon.ashx
20130429,254416188,20130429,SANA,YEM,DAMASCUS,SYR,190,재래식 군사력 사용,19,4,-10.0,5,1,5,0.763358778625954,"Damascus, Dimashq, Syria",SY,http://www.upi.com/Top_News/World-News/2013/04/29/Bomb-explodes-near-Syrian-prime-ministers-convoy-bodyguard-killed/UPI-64891367229526/
20130430,254417575,20130423,ISRAEL,ISR,LEBANON,LBN,193,소형무기·경무기를 이용한 전투,19,4,-10.0,2,1,2,2.86415711947627,Turkey,TU,http://www.dailystar.com.lb/News/Politics/2013/May-01/215667-nasrallah-hints-assads-allies-could-intervene.ashx
20130430,254417576,20130423,ISRAEL,ISR,LEBANON,LBN,193,소형무기·경무기를 이용한 전투,19,4,-10.0,8,1,8,2.86415711947627,Israel,IS,http://www.dailystar.com.lb/News/Politics/2013/May-01/215667-nasrallah-hints-assads-allies-could-intervene.ashx
20130430,254417942,20130429,CAIRO,EGY,SYRIA,SYR,190,재래식 군사력 사용,19,4,-10.0,10,1,10,0.657894736842105,"Latakia, Al Ladhiqiyah, Syria",SY,http://www.bna.bh/portal/en/news/558743
20130430,254418122,20130429,SYRIA,SYR,EGYPT,EGY,190,재래식 군사력 사용,19,4,-10.0,2,1,2,0.657894736842105,"Damascus, Dimashq, Syria",SY,http://www.bna.bh/portal/en/news/558743
20130430,254418123,20130429,SYRIA,SYR,CAIRO,EGY,190,재래식 군사력 사용,19,4,-10.0,8,1,8,0.657894736842105,"Damascus, Dimashq, Syria",SY,http://www.bna.bh/portal/en/news/558743
20130430,254418124,20130429,SYRIAN,SYR,JORDANIAN,JOR,195,공중무기 사용,19,4,-10.0,2,1,2,0.0,Azerbaijan,AJ,BBC Monitoring
20130430,254424144,20130430,BAHRAIN,BHR,GAZA,PSE,190,재래식 군사력 사용,19,4,-10.0,8,1,8,0.934579439252336,"Gaza, Israel (general), Israel",IS,http://www.bna.bh/portal/en/news/558756
20130430,254429988,20130430,EGYPT,EGY,ISRAEL,ISR,194,포병·전차를 이용한 전투,19,4,-10.0,29,11,29,1.35146300379517,"Eilat, HaDarom, Israel",IS,http://www.salon.com/2013/04/30/palestinian_killed_in_israeli_airstrike_ap/
20130430,254429989,20130430,EGYPT,EGY,ISRAEL,ISR,194,포병·전차를 이용한 전투,19,4,-10.0,13,8,13,1.23078489155071,"Eilat, HaDarom, Israel",IS,http://www.foxnews.com/world/2013/04/30/israeli-airstrike-in-gaza-kills-suspected-palestinian-militant/
20130430,254429990,20130430,EGYPT,EGY,ISRAEL,ISR,194,포병·전차를 이용한 전투,19,4,-10.0,1,1,1,1.4,"Jerusalem, Israel (general), Israel",IS,http://www.salon.com/2013/04/30/palestinian_killed_in_israeli_airstrike_ap/
20130430,254429991,20130430,EGYPT,EGY,ISRAEL,ISR,194,포병·전차를 이용한 전투,19,4,-10.0,3,3,3,1.37338494469534,"Jerusalem, Israel (general), Israel",IS,http://www.calgaryherald.com/news/Israel+carries+first+deadly+airstrike+Gaza+since+November+truce/8314944/story.html
20130430,254429992,20130430,EGYPT,EGY,ISRAEL,ISR,194,포병·전차를 이용한 전투,19,4,-10.0,12,3,12,0.820581414635583,West Bank,WE,http://news.yahoo.com/palestinian-killed-gaza-israeli-airstrike-075754370.html
20130430,254429993,20130430,EGYPT,EGY,ISRAEL,ISR,194,포병·전차를 이용한 전투,19,4,-10.0,36,10,36,1.34135112958583,"Eilat, HaDarom, Israel",IS,http://www.foxnews.com/world/2013/04/30/israeli-airstrike-in-gaza-kills-suspected-palestinian-militant/
20130430,254429994,20130430,EGYPT,EGY,ISRAEL,ISR,194,포병·전차를 이용한 전투,19,4,-10.0,3,1,3,0.705882352941177,United States,US,http://www.rte.ie/news/2013/0430/388871-israel-palestine/
20130430,254436390,20130430,IRAN,IRN,IRAQ,IRQ,190,재래식 군사력 사용,19,4,-10.0,4,1,4,0.836120401337793,"Ramadi, Al Anbar, Iraq",IZ,"http://www.latimes.com/news/nationworld/world/la-fg-iraq-bombings-20130430,0,1709796.story?track=rss&utm_source=feedburner&utm_medium=feed&utm_campaign=Feed%3A+latimes%2Fnews%2Fnationworld%2Fworld+%28L.A.+Times+-+World+News%29"
20130430,254436391,20130430,IRAN,IRN,IRAQ,IRQ,190,재래식 군사력 사용,19,4,-10.0,2,1,2,0.836120401337793,"Anbar, Sistan va Baluchestan, Iran",IR,"http://www.latimes.com/news/nationworld/world/la-fg-iraq-bombings-20130430,0,1709796.story?track=rss&utm_source=feedburner&utm_medium=feed&utm_campaign=Feed%3A+latimes%2Fnews%2Fnationworld%2Fworld+%28L.A.+Times+-+World+News%29"
20130430,254436392,20130430,IRAN,IRN,IRAQ,IRQ,190,재래식 군사력 사용,19,4,-10.0,4,1,4,0.836120401337793,"Ramadi, Al Anbar, Iraq",IZ,"http://www.latimes.com/news/nationworld/world/la-fg-iraq-bombings-20130430,0,1709796.story?track=rss&utm_source=feedburner&utm_medium=feed&utm_campaign=Feed%3A+latimes%2Fnews%2Fnationworld%2Fworld+%28L.A.+Times+-+World+News%29"
20130430,254436748,20130430,BAGHDAD,IRQ,IRAN,IRN,194,포병·전차를 이용한 전투,19,4,-10.0,2,1,2,2.1505376344086,"Baghdad, Baghdad, Iraq",IZ,http://www.globalsecurity.org/wmd/library/news/iraq/2013/iraq-130430-presstv01.htm
20130430,254436785,20130430,IRAQ,IRQ,SYRIAN,SYR,190,재래식 군사력 사용,19,4,-10.0,7,1,7,1.75019888623707,"Aleppo, ?alab, Syria",SY,http://www.dailystar.com.lb/News/Middle-East/2013/May-01/215672-obama-balks-on-syria-chemical-arms-threat.ashx
20130430,254436786,20130430,IRAQ,IRQ,SYRIA,SYR,190,재래식 군사력 사용,19,4,-10.0,2,1,1,1.75019888623707,"New York, United States",US,http://www.dailystar.com.lb/News/Middle-East/2013/May-01/215672-obama-balks-on-syria-chemical-arms-threat.ashx
20130430,254436787,20130430,IRAQ,IRQ,SYRIAN,SYR,190,재래식 군사력 사용,19,4,-10.0,8,1,8,1.72642762284197,"White House, District of Columbia, United States",US,http://www.haaretz.com/news/diplomacy-defense/obama-u-s-unprepared-to-rush-into-syria-intervention-1.518419?localLinksEnabled=false
20130430,254436788,20130430,IRAQ,IRQ,SYRIA,SYR,190,재래식 군사력 사용,19,4,-10.0,10,1,10,0.0,Azerbaijan,AJ,BBC Monitoring
20130430,254436789,20130430,IRAQ,IRQ,SYRIAN,SYR,190,재래식 군사력 사용,19,4,-10.0,7,1,7,1.75019888623707,"Aleppo, ?alab, Syria",SY,http://www.dailystar.com.lb/News/Middle-East/2013/May-01/215672-obama-balks-on-syria-chemical-arms-threat.ashx
20130430,254436790,20130430,IRAQ,IRQ,SYRIAN,SYR,190,재래식 군사력 사용,19,4,-10.0,8,1,8,1.45985401459854,Syria,SY,http://www.theglobeandmail.com/news/world/obama-wants-more-certainty-on-syrian-chemical-weapons/article11644706/?cmpid=rss1
20130430,254437063,20130430,ISRAEL,ISR,EGYPT,EGY,194,포병·전차를 이용한 전투,19,4,-10.0,10,1,10,0.644798545315341,Egypt,EG,http://www.guardian.co.uk/world/2013/apr/30/israel-assassinates-palestinian-gaza-settler-killed
20130430,254437064,20130430,ISRAEL,ISR,EGYPTIAN,EGY,194,포병·전차를 이용한 전투,19,4,-10.0,1,1,1,0.51440329218107,"Gaza, Israel (general), Israel",IS,http://www.guardian.co.uk/world/2013/apr/30/israel-assassinates-palestinian-gaza-settler-killed
20130430,254437065,20130430,ISRAEL,ISR,EGYPTIAN,EGY,194,포병·전차를 이용한 전투,19,4,-10.0,1,1,1,0.775193798449612,Gaza Strip,GZ,http://www.guardian.co.uk/world/2013/apr/30/israeli-forces-west-bank-settler-stabbed
20130430,254437222,20130430,ISRAEL,ISR,HASSAN,JOR,190,재래식 군사력 사용,19,4,-10.0,6,1,6,3.57142857142857,Israel,IS,http://www.jpost.com/Headlines/Article.aspx?id=311618&R=R101
20130430,254437223,20130430,ISRAEL,ISR,HASSAN,JOR,193,소형무기·경무기를 이용한 전투,19,4,-10.0,6,1,6,3.57142857142857,Lebanon,LE,http://www.jpost.com/Headlines/Article.aspx?id=311618&R=R101
20130430,254437235,20130430,ISRAELI,ISR,LEBANON,LBN,190,재래식 군사력 사용,19,4,-10.0,4,1,4,0.78125,Lebanon,LE,http://www.haaretz.com/news/diplomacy-defense/idf-calls-up-thousands-of-reservists-for-battle-drill-on-lebanon-front.premium-1.518435?localLinksEnabled=false
20130430,254437340,20130430,ISRAELI,ISR,WEST BANK,PSE,154,군 병력 동원·증강,15,4,-7.2,2,1,2,0.775193798449612,"Nablus, West Bank (general), West Bank",WE,http://www.guardian.co.uk/world/2013/apr/30/israeli-forces-west-bank-settler-stabbed
20130430,254437341,20130430,ISRAELI,ISR,WEST BANK,PSE,154,군 병력 동원·증강,15,4,-7.2,4,1,4,0.775193798449612,"Gaza, Israel (general), Israel",IS,http://www.guardian.co.uk/world/2013/apr/30/israeli-forces-west-bank-settler-stabbed
20130430,254437362,20130430,ISRAEL,ISR,GAZA,PSE,190,재래식 군사력 사용,19,4,-10.0,36,6,36,1.09578055692932,"Eilat, HaDarom, Israel",IS,http://www.seattlepi.com/news/article/Israeli-airstrike-in-Gaza-kills-1-Palestinian-4474299.php
20130430,254437363,20130430,ISRAELI,ISR,PALESTINIAN,PSE,190,재래식 군사력 사용,19,4,-10.0,2,1,2,0.595238095238095,"Tel Aviv, Tel Aviv, Israel",IS,http://www.globalpost.com/dispatch/news/regions/middle-east/israel-and-palestine/130430/west-bank-israel-palestinians-stabbing-israeli-settler-palestinian
20130430,254437364,20130430,ISRAELI,ISR,WEST BANK,PSE,190,재래식 군사력 사용,19,4,-10.0,6,1,6,0.595238095238095,"Nablus, West Bank (general), West Bank",WE,http://www.globalpost.com/dispatch/news/regions/middle-east/israel-and-palestine/130430/west-bank-israel-palestinians-stabbing-israeli-settler-palestinian
20130430,254437365,20130430,ISRAEL,ISR,WEST BANK,PSE,190,재래식 군사력 사용,19,4,-10.0,2,1,2,0.595238095238095,"Jerusalem, Israel (general), Israel",IS,http://www.globalpost.com/dispatch/news/regions/middle-east/israel-and-palestine/130430/west-bank-israel-palestinians-stabbing-israeli-settler-palestinian
20130430,254437366,20130430,ISRAELI,ISR,WEST BANK,PSE,190,재래식 군사력 사용,19,4,-10.0,2,1,2,0.595238095238095,"Tel Aviv, Tel Aviv, Israel",IS,http://www.globalpost.com/dispatch/news/regions/middle-east/israel-and-palestine/130430/west-bank-israel-palestinians-stabbing-israeli-settler-palestinian
20130430,254437367,20130430,ISRAELI,ISR,PALESTINIAN,PSE,190,재래식 군사력 사용,19,4,-10.0,11,1,9,0.56181974786626,"Yesha, HaDarom, Israel",IS,http://www.guardian.co.uk/world/2013/apr/30/israel-assassinates-palestinian-gaza-settler-killed
20130430,254437368,20130430,ISRAELI,ISR,PALESTINIAN,PSE,190,재래식 군사력 사용,19,4,-10.0,9,1,9,0.630310183855978,"Yesha, HaDarom, Israel",IS,http://www.guardian.co.uk/world/2013/apr/30/israel-assassinates-palestinian-gaza-settler-killed
20130430,254437369,20130430,ISRAELI,ISR,PALESTINIAN,PSE,190,재래식 군사력 사용,19,4,-10.0,4,1,4,0.0,"Hebron, Israel (general), Israel",IS,http://www.bna.bh/portal/en/news/558742
20130430,254437370,20130430,ISRAELI,ISR,PALESTINIAN,PSE,190,재래식 군사력 사용,19,4,-10.0,1,1,1,0.0,"Hebron, Israel (general), Israel",IS,http://www.bna.bh/portal/en/news/558742
20130430,254437371,20130430,ISRAELI,ISR,PALESTINIAN,PSE,190,재래식 군사력 사용,19,4,-10.0,1,1,1,0.0,"Nablus, West Bank (general), West Bank",WE,http://www.bna.bh/portal/en/news/558742
20130430,254437372,20130430,ISRAEL,ISR,PALESTINIAN,PSE,190,재래식 군사력 사용,19,4,-10.0,6,2,6,0.0,"Nablus, West Bank (general), West Bank",WE,http://www.google.com/hostednews/afp/article/ALeqM5irvJsh35jP4nnorUe4CW13ors8Kw?docId=CNG.6c1cdea465165c3cf433a997ff0cb85d.01
20130430,254437373,20130430,ISRAELI,ISR,PALESTINIAN,PSE,190,재래식 군사력 사용,19,4,-10.0,4,2,4,0.272892436449196,"Gaza, Israel (general), Israel",IS,http://www.globalsecurity.org/military/library/news/2013/04/mil-130430-voa02.htm
20130430,254437374,20130430,ISRAELI,ISR,PALESTINIAN,PSE,190,재래식 군사력 사용,19,4,-10.0,1,1,1,0.595238095238095,"Shomron, West Bank (general), West Bank",WE,http://www.globalpost.com/dispatch/news/regions/middle-east/israel-and-palestine/130430/west-bank-israel-palestinians-stabbing-israeli-settler-palestinian
20130430,254437375,20130430,ISRAEL,ISR,PALESTINIAN,PSE,190,재래식 군사력 사용,19,4,-10.0,2,1,2,0.0,"Tulkarem, West Bank (general), West Bank",WE,http://www.channelnewsasia.com/news/world/israel-settler-dies-in-west-bank-stabbin/659156.html
20130430,254437376,20130430,ISRAELI,ISR,PALESTINIAN,PSE,190,재래식 군사력 사용,19,4,-10.0,2,1,2,1.11111111111111,Israel,IS,http://www.dailystar.com.lb/News/Middle-East/2013/Apr-30/215547-israel-settler-dies-in-west-bank-stabbing-attack-police.ashx
20130430,254437377,20130430,ISRAELI,ISR,PALESTINIAN,PSE,190,재래식 군사력 사용,19,4,-10.0,1,1,1,0.595238095238095,"Jerusalem, Israel (general), Israel",IS,http://www.globalpost.com/dispatch/news/regions/middle-east/israel-and-palestine/130430/west-bank-israel-palestinians-stabbing-israeli-settler-palestinian
20130430,254437378,20130430,ISRAELI,ISR,PALESTINIAN,PSE,190,재래식 군사력 사용,19,4,-10.0,44,11,44,0.831154186947705,"Jerusalem, Israel (general), Israel",IS,http://www.jmcc.org/news.aspx?id=3742
20130430,254437379,20130430,ISRAELI,ISR,WEST BANK,PSE,190,재래식 군사력 사용,19,4,-10.0,7,1,7,0.51440329218107,"Nablus, West Bank (general), West Bank",WE,http://www.guardian.co.uk/world/2013/apr/30/israel-assassinates-palestinian-gaza-settler-killed
20130430,254437380,20130430,ISRAELI,ISR,PALESTINIAN,PSE,190,재래식 군사력 사용,19,4,-10.0,21,6,21,0.724003141763508,"Gaza, Israel (general), Israel",IS,http://www.aljazeera.com/news/middleeast/2013/04/20134306282810206.html
20130430,254437381,20130430,ISRAELI,ISR,PALESTINIAN,PSE,190,재래식 군사력 사용,19,4,-10.0,2,1,2,0.0,Azerbaijan,AJ,BBC Monitoring
20130430,254437382,20130430,ISRAEL,ISR,GAZA,PSE,190,재래식 군사력 사용,19,4,-10.0,2,1,2,3.44036697247706,"Eilat, HaDarom, Israel",IS,http://www.telegraph.co.uk/news/worldnews/middleeast/israel/10027869/Israel-welcomes-Arab-Leagues-land-swap-position.html
20130430,254437383,20130430,ISRAELI,ISR,WEST BANK,PSE,190,재래식 군사력 사용,19,4,-10.0,10,1,10,0.892857142857143,Israel,IS,"http://www.ynetnews.com/articles/0,7340,L-4374044,00.html"
20130430,254437384,20130430,ISRAELI,ISR,PALESTINIAN,PSE,190,재래식 군사력 사용,19,4,-10.0,2,1,2,1.11111111111111,Israel,IS,http://www.dailystar.com.lb/News/Middle-East/2013/Apr-30/215547-israel-settler-dies-in-west-bank-stabbing-attack-police.ashx
20130430,254437385,20130430,ISRAELI,ISR,PALESTINIAN,PSE,190,재래식 군사력 사용,19,4,-10.0,4,1,4,1.05263157894737,Israel,IS,http://www.haaretz.com/news/diplomacy-defense/israeli-stabbed-and-killed-by-palestinian-in-west-bank-1.518326?localLinksEnabled=false
20130430,254437386,20130430,ISRAELI,ISR,PALESTINIAN,PSE,193,소형무기·경무기를 이용한 전투,19,4,-10.0,1,1,1,0.707547169811321,"Eilat, HaDarom, Israel",IS,http://www.guardian.co.uk/world/2013/apr/30/israeli-air-strike-kills-gaza-motorcyclist
20130430,254437387,20130430,ISRAEL,ISR,WEST BANK,PSE,193,소형무기·경무기를 이용한 전투,19,4,-10.0,1,1,1,0.0,"Tulkarm, West Bank (general), West Bank",WE,http://www.upi.com/Top_News/World-News/2013/04/30/Israeli-stabbed-to-death-in-West-Bank/UPI-11911367317999/
20130430,254437388,20130430,ISRAEL,ISR,WEST BANK,PSE,193,소형무기·경무기를 이용한 전투,19,4,-10.0,1,1,1,0.0,"Tulkarm, West Bank (general), West Bank",WE,http://www.upi.com/Top_News/World-News/2013/04/30/Israeli-stabbed-to-death-in-West-Bank/UPI-11911367317999/
20130430,254437389,20130430,ISRAELI,ISR,PALESTINIAN,PSE,193,소형무기·경무기를 이용한 전투,19,4,-10.0,8,4,8,0.619739504166271,"Jerusalem, Israel (general), Israel",IS,http://thestar.com.my/news/story.asp?file=/2013/4/30/worldupdates/palestinian-kills-israeli-settler-in-the-occupied-west-bank&sec=Worldupdates
20130430,254437390,20130430,ISRAELI,ISR,PALESTINIAN,PSE,193,소형무기·경무기를 이용한 전투,19,4,-10.0,2,1,2,1.17647058823529,"Gaza, Israel (general), Israel",IS,http://www.reuters.com/article/2013/04/30/us-palestinians-israel-idUSBRE93T06420130430?feedType=RSS&feedName=worldNews
20130430,254437391,20130430,ISRAELI,ISR,PALESTINIAN,PSE,193,소형무기·경무기를 이용한 전투,19,4,-10.0,1,1,1,0.707547169811321,Egypt,EG,http://www.guardian.co.uk/world/2013/apr/30/israeli-air-strike-kills-gaza-motorcyclist
20130430,254437392,20130430,ISRAELI,ISR,PALESTINIAN,PSE,193,소형무기·경무기를 이용한 전투,19,4,-10.0,6,4,6,0.907617630412852,United States,US,http://in.reuters.com/article/2013/04/30/palestinians-israel-kill-idINDEE93T04N20130430?feedType=RSS&feedName=worldNews
20130430,254437393,20130430,ISRAELI,ISR,PALESTINIAN,PSE,193,소형무기·경무기를 이용한 전투,19,4,-10.0,6,4,6,0.907617630412852,United States,US,http://in.reuters.com/article/2013/04/30/palestinians-israel-kill-idINDEE93T04N20130430?feedType=RSS&feedName=worldNews
20130430,254437394,20130430,ISRAELI,ISR,GAZA,PSE,194,포병·전차를 이용한 전투,19,4,-10.0,2,1,2,1.4,"Eilat, HaDarom, Israel",IS,http://www.salon.com/2013/04/30/palestinian_killed_in_israeli_airstrike_ap/
20130430,254437395,20130430,ISRAEL,ISR,GAZA,PSE,194,포병·전차를 이용한 전투,19,4,-10.0,2,1,2,0.0,"Eilat, HaDarom, Israel",IS,"http://www.ynetnews.com/articles/0,7340,L-4374112,00.html"
20130430,254437396,20130430,ISRAELI,ISR,GAZA,PSE,194,포병·전차를 이용한 전투,19,4,-10.0,2,1,2,1.4,Gaza Strip,GZ,http://www.salon.com/2013/04/30/palestinian_killed_in_israeli_airstrike_ap/
20130430,254437397,20130430,ISRAEL,ISR,GAZA,PSE,194,포병·전차를 이용한 전투,19,4,-10.0,3,2,3,3.28345711373234,"Jerusalem, Israel (general), Israel",IS,http://www.csmonitor.com/World/Middle-East/2013/0430/Kerry-makes-headway-with-Middle-East-peace-but-violence-flares?utm_source=feedburner&utm_medium=feed&utm_campaign=Feed%3A+feeds%2Fworld+%28Christian+Science+Monitor+%7C+World%29
20130430,254437398,20130430,ISRAEL,ISR,GAZA,PSE,194,포병·전차를 이용한 전투,19,4,-10.0,29,11,29,1.93451448142228,"Gaza, Israel (general), Israel",IS,"http://www.latimes.com/news/world/worldnow/la-fg-wn-israel-palestinians-killings-20130430,0,2508641.story"
20130430,254437399,20130430,ISRAELI,ISR,GAZA,PSE,194,포병·전차를 이용한 전투,19,4,-10.0,16,7,16,1.4202564303186,Gaza Strip,GZ,http://www.foxnews.com/world/2013/04/30/israeli-airstrike-in-gaza-kills-suspected-palestinian-militant/
20130430,254437400,20130430,ISRAELI,ISR,GAZA,PSE,195,공중무기 사용,19,4,-10.0,12,3,12,0.757936645317639,"Eilat, HaDarom, Israel",IS,http://www.guardian.co.uk/world/2013/apr/30/israeli-air-strike-kills-gaza-motorcyclist
20130430,254437401,20130430,ISRAELI,ISR,GAZA,PSE,195,공중무기 사용,19,4,-10.0,2,1,2,0.707547169811321,"Nablus, West Bank (general), West Bank",WE,http://www.guardian.co.uk/world/2013/apr/30/israeli-air-strike-kills-gaza-motorcyclist
20130430,254437402,20130430,ISRAELI,ISR,GAZA,PSE,195,공중무기 사용,19,4,-10.0,2,1,2,0.78740157480315,"Eilat, HaDarom, Israel",IS,http://news.sky.com/story/1084873/israel-airstrike-on-gaza-kills-motorcyclist
20130430,254437403,20130430,ISRAELI,ISR,GAZA,PSE,195,공중무기 사용,19,4,-10.0,2,1,2,0.78740157480315,"Tulkarem, West Bank (general), West Bank",WE,http://news.sky.com/story/1084873/israel-airstrike-on-gaza-kills-motorcyclist
20130430,254437404,20130430,ISRAELI,ISR,GAZA,PSE,195,공중무기 사용,19,4,-10.0,3,2,3,0.841791163937208,"Tulkarem, West Bank (general), West Bank",WE,http://news.sky.com/story/1084873/israel-airstrike-on-gaza-kills-motorcyclist
20130430,254437405,20130430,ISRAELI,ISR,PALESTINIAN,PSE,195,공중무기 사용,19,4,-10.0,13,5,13,1.04806343233071,"Gaza, Israel (general), Israel",IS,http://www.aljazeera.com/news/middleeast/2013/04/20134306282810206.html
20130430,254437406,20130430,ISRAELI,ISR,PALESTINIAN,PSE,195,공중무기 사용,19,4,-10.0,1,1,1,0.0,Azerbaijan,AJ,BBC Monitoring
20130430,254437407,20130430,ISRAELI,ISR,PALESTINIAN,PSE,195,공중무기 사용,19,4,-10.0,1,1,1,0.0,Israel,IS,http://www.cbsnews.com/video/watch/?id=50145881n
20130430,254437408,20130430,ISRAEL,ISR,GAZA,PSE,196,휴전 위반,19,4,-9.5,1,1,1,0.0,Israel,IS,http://www.cbsnews.com/video/watch/?id=50145881n
20130430,254437409,20130430,ISRAELI,ISR,PALESTINIAN,PSE,196,휴전 위반,19,4,-9.5,2,1,2,0.0,Israel,IS,http://www.cbsnews.com/video/watch/?id=50145881n
20130430,254437416,20130430,ISRAEL,ISR,HAMAS,PSE,190,재래식 군사력 사용,19,4,-10.0,8,4,8,1.18354052812029,"Eilat, HaDarom, Israel",IS,http://www.seattlepi.com/news/article/Israeli-airstrike-in-Gaza-kills-1-Palestinian-4474299.php
20130430,254437417,20130430,ISRAEL,ISR,HAMAS,PSE,190,재래식 군사력 사용,19,4,-10.0,2,1,2,1.6839378238342,"Gaza, Israel (general), Israel",IS,"http://www.latimes.com/news/world/worldnow/la-fg-wn-israel-palestinians-killings-20130430,0,2508641.story"
20130430,254437418,20130430,ISRAEL,ISR,HAMAS,PSE,194,포병·전차를 이용한 전투,19,4,-10.0,4,1,4,1.6839378238342,"Gaza, Israel (general), Israel",IS,"http://www.latimes.com/news/world/worldnow/la-fg-wn-israel-palestinians-killings-20130430,0,2508641.story"
20130430,254437419,20130430,ISRAEL,ISR,HAMAS,PSE,190,재래식 군사력 사용,19,4,-10.0,24,4,24,1.18354052812029,"Eilat, HaDarom, Israel",IS,http://www.seattlepi.com/news/article/Israeli-airstrike-in-Gaza-kills-1-Palestinian-4474299.php
20130430,254437426,20130430,ISRAEL,ISR,GAZA,PSE,190,재래식 군사력 사용,19,4,-10.0,2,1,2,0.0,"Eilat, HaDarom, Israel",IS,"http://www.ynetnews.com/articles/0,7340,L-4374112,00.html"
20130430,254437427,20130430,ISRAEL,ISR,GAZA,PSE,190,재래식 군사력 사용,19,4,-10.0,2,1,2,1.21359223300971,"Gaza, Israel (general), Israel",IS,"http://www.ynetnews.com/articles/0,7340,L-4374130,00.html"
20130430,254437428,20130430,ISRAEL,ISR,GAZA,PSE,194,포병·전차를 이용한 전투,19,4,-10.0,2,1,2,0.0,"Eilat, HaDarom, Israel",IS,"http://www.ynetnews.com/articles/0,7340,L-4374112,00.html"
20130430,254437429,20130430,ISRAELI,ISR,PALESTINIAN,PSE,195,공중무기 사용,19,4,-10.0,2,1,2,0.505050505050505,"Eilat, HaDarom, Israel",IS,http://www.yerkir.am/en/news/49591.htm
20130430,254437430,20130430,ISRAELI,ISR,PALESTINIAN,PSE,195,공중무기 사용,19,4,-10.0,1,1,1,0.0,"Gaza, Israel (general), Israel",IS,http://www.bbc.co.uk/news/world-middle-east-22349692#sa-ns_mchannel=rss&ns_source=PublicRSS20-sa
20130430,254437431,20130430,ISRAEL,ISR,GAZA,PSE,195,공중무기 사용,19,4,-10.0,5,3,5,0.795514412583729,"Gaza City, Israel (general), Israel",IS,"http://www.ynetnews.com/articles/0,7340,L-4374130,00.html"
20130430,254437475,20130430,ISRAELI,ISR,DAMASCUS,SYR,191,봉쇄·이동 제한,19,4,-9.5,6,1,6,1.91011235955056,"Damascus, Dimashq, Syria",SY,http://news.yahoo.com/war-not-ours-070000910.html
20130430,254437476,20130430,ISRAELI,ISR,DAMASCUS,SYR,191,봉쇄·이동 제한,19,4,-9.5,2,1,2,1.91011235955056,"Washington, District of Columbia, United States",US,http://news.yahoo.com/war-not-ours-070000910.html
20130430,254437477,20130430,ISRAELI,ISR,SYRIA,SYR,195,공중무기 사용,19,4,-10.0,1,1,1,1.91011235955056,"Damascus, Dimashq, Syria",SY,http://news.yahoo.com/war-not-ours-070000910.html
20130430,254437478,20130430,ISRAELI,ISR,SYRIA,SYR,195,공중무기 사용,19,4,-10.0,1,1,1,1.91011235955056,"Washington, District of Columbia, United States",US,http://news.yahoo.com/war-not-ours-070000910.html
20130430,254437479,20130430,ISRAELI,ISR,SYRIA,SYR,195,공중무기 사용,19,4,-10.0,6,1,6,1.91011235955056,"Damascus, Dimashq, Syria",SY,http://news.yahoo.com/war-not-ours-070000910.html
20130430,254437480,20130430,ISRAEL,ISR,SYRIA,SYR,195,공중무기 사용,19,4,-10.0,2,1,2,1.91011235955056,Israel,IS,http://news.yahoo.com/war-not-ours-070000910.html
20130430,254437489,20130430,ISRAELI,ISR,TURKISH,TUR,190,재래식 군사력 사용,19,4,-10.0,2,1,2,3.2258064516129,"Istanbul, Istanbul, Turkey",TU,http://www.npr.org/2013/04/29/179878409/u-s-tries-to-restore-ties-between-turkey-and-israel?ft=1&f=2&utm_source=feedburner&utm_medium=feed&utm_campaign=Feed%3A+NprProgramsATC+%28NPR+Programs%3A+All+Things+Considered%29
20130430,254437490,20130430,ISRAELI,ISR,TURKEY,TUR,190,재래식 군사력 사용,19,4,-10.0,2,1,2,3.2258064516129,"Gaza, Israel (general), Israel",IS,http://www.npr.org/2013/04/29/179878409/u-s-tries-to-restore-ties-between-turkey-and-israel?ft=1&f=2&utm_source=feedburner&utm_medium=feed&utm_campaign=Feed%3A+NprProgramsATC+%28NPR+Programs%3A+All+Things+Considered%29
20130430,254437628,20130430,ISRAELI,ISR,WEST BANK,PSE,154,군 병력 동원·증강,15,4,-7.2,6,1,6,0.775193798449612,"Gaza, Israel (general), Israel",IS,http://www.guardian.co.uk/world/2013/apr/30/israeli-forces-west-bank-settler-stabbed
20130430,254437629,20130430,ISRAEL,ISR,WEST BANK,PSE,190,재래식 군사력 사용,19,4,-10.0,2,1,2,0.0,"Jerusalem, Israel (general), Israel",IS,http://www.upi.com/Top_News/World-News/2013/04/30/Israeli-stabbed-to-death-in-West-Bank/UPI-11911367317999/
20130430,254437630,20130430,ISRAEL,ISR,PALESTINIAN,PSE,190,재래식 군사력 사용,19,4,-10.0,4,2,4,0.272892436449196,"Gaza, Israel (general), Israel",IS,http://www.globalsecurity.org/military/library/news/2013/04/mil-130430-voa02.htm
20130430,254437631,20130430,ISRAELI,ISR,PALESTINIAN,PSE,190,재래식 군사력 사용,19,4,-10.0,8,2,8,0.272892436449196,"Gaza, Israel (general), Israel",IS,http://www.globalsecurity.org/military/library/news/2013/04/mil-130430-voa02.htm
20130430,254437705,20130430,ISRAEL,ISR,GAZA,PSE,194,포병·전차를 이용한 전투,19,4,-10.0,2,1,2,1.4,"Eilat, HaDarom, Israel",IS,http://www.salon.com/2013/04/30/palestinian_killed_in_israeli_airstrike_ap/
20130430,254437706,20130430,ISRAELI,ISR,GAZA,PSE,194,포병·전차를 이용한 전투,19,4,-10.0,4,1,4,1.4,Gaza Strip,GZ,http://www.salon.com/2013/04/30/palestinian_killed_in_israeli_airstrike_ap/
20130430,254437707,20130430,ISRAEL,ISR,GAZA,PSE,194,포병·전차를 이용한 전투,19,4,-10.0,14,7,14,1.44568791681487,"Eilat, HaDarom, Israel",IS,http://www.foxnews.com/world/2013/04/30/israeli-airstrike-in-gaza-kills-suspected-palestinian-militant/
20130430,254437708,20130430,ISRAEL,ISR,GAZA,PSE,194,포병·전차를 이용한 전투,19,4,-10.0,2,1,2,1.24223602484472,"Gaza, Israel (general), Israel",IS,http://www.seattlepi.com/news/crime/article/Israeli-airstrike-in-Gaza-kills-1-Palestinian-4474299.php
20130430,254437709,20130430,ISRAELI,ISR,GAZA,PSE,194,포병·전차를 이용한 전투,19,4,-10.0,32,7,32,1.42025643031861,Gaza Strip,GZ,http://www.foxnews.com/world/2013/04/30/israeli-airstrike-in-gaza-kills-suspected-palestinian-militant/
20130430,254437738,20130430,MOSHE YAALON,ISR,GAZA,PSE,194,포병·전차를 이용한 전투,19,4,-10.0,6,1,6,1.8348623853211,"Eilat, HaDarom, Israel",IS,"http://www.ynetnews.com/articles/0,7340,L-4374403,00.html"
20130430,254437741,20130430,ISRAEL,ISR,PALESTINIAN,PSE,195,공중무기 사용,19,4,-10.0,4,1,4,0.952380952380952,"Eilat, HaDarom, Israel",IS,http://www.foxnews.com/us/2013/04/30/israeli-airstrike-in-gaza-kills-1-palestinian/
20130430,254437783,20130430,ISRAELI,ISR,LEBANON,LBN,190,재래식 군사력 사용,19,4,-10.0,6,1,6,0.78125,Lebanon,LE,http://www.haaretz.com/news/diplomacy-defense/idf-calls-up-thousands-of-reservists-for-battle-drill-on-lebanon-front.premium-1.518435?localLinksEnabled=false
20130430,254437788,20130430,ISRAELI,ISR,GAZA,PSE,194,포병·전차를 이용한 전투,19,4,-10.0,2,1,2,3.35570469798658,"Gaza, Israel (general), Israel",IS,http://www.usnews.com/news/articles/2013/04/30/secretary-kerry-to-sponsor-new-palestine-israel-peace-talks?s_cid=rss:secretary-kerry-to-sponsor-new-palestine-israel-peace-talks
20130430,254437789,20130430,ISRAELI,ISR,GAZA,PSE,195,공중무기 사용,19,4,-10.0,2,1,2,2.62257696693273,"Gaza, Israel (general), Israel",IS,http://www.proactiveinvestors.co.uk/columns/ransquawk/12831/energy-markets-report-including-shells-majnoon-oilfield-will-resume-operations-in-may-12831.html
20130430,254437790,20130430,ISRAELI,ISR,TURKISH,TUR,190,재래식 군사력 사용,19,4,-10.0,8,1,8,3.2258064516129,"Istanbul, Istanbul, Turkey",TU,http://www.npr.org/2013/04/29/179878409/u-s-tries-to-restore-ties-between-turkey-and-israel?ft=1&f=2&utm_source=feedburner&utm_medium=feed&utm_campaign=Feed%3A+NprProgramsATC+%28NPR+Programs%3A+All+Things+Considered%29
20130430,254437791,20130430,ISRAELI,ISR,TURKISH,TUR,190,재래식 군사력 사용,19,4,-10.0,6,1,6,3.2258064516129,"Gaza, Israel (general), Israel",IS,http://www.npr.org/2013/04/29/179878409/u-s-tries-to-restore-ties-between-turkey-and-israel?ft=1&f=2&utm_source=feedburner&utm_medium=feed&utm_campaign=Feed%3A+NprProgramsATC+%28NPR+Programs%3A+All+Things+Considered%29
20130430,254437798,20130430,ISRAEL,ISR,JORDAN,JOR,192,영토 점령,19,4,-9.5,4,1,4,0.0,Azerbaijan,AJ,BBC Monitoring
20130430,254437819,20130430,ISRAELI,ISR,PALESTINIAN,PSE,190,재래식 군사력 사용,19,4,-10.0,4,1,4,0.78740157480315,"Eilat, HaDarom, Israel",IS,http://news.sky.com/story/1084873/israel-airstrike-on-gaza-kills-motorcyclist
20130430,254437820,20130430,ISRAELI,ISR,PALESTINIAN,PSE,190,재래식 군사력 사용,19,4,-10.0,2,1,2,0.595238095238095,"Tel Aviv, Tel Aviv, Israel",IS,http://www.globalpost.com/dispatch/news/regions/middle-east/israel-and-palestine/130430/west-bank-israel-palestinians-stabbing-israeli-settler-palestinian
20130430,254437821,20130430,ISRAEL,ISR,PALESTINIAN,PSE,190,재래식 군사력 사용,19,4,-10.0,2,1,2,0.79628400796284,"Hebron, Israel (general), Israel",IS,http://thelede.blogs.nytimes.com/2013/04/30/critics-of-israels-west-bank-occupation-say-calm-before-new-violence-was-an-illusion/?partner=rss&emc=rss
20130430,254437822,20130430,ISRAELI,ISR,PALESTINIAN,PSE,190,재래식 군사력 사용,19,4,-10.0,2,1,2,0.0,"Nablus, West Bank (general), West Bank",WE,http://www.google.com/hostednews/afp/article/ALeqM5irvJsh35jP4nnorUe4CW13ors8Kw?docId=CNG.6c1cdea465165c3cf433a997ff0cb85d.01
20130430,254437823,20130430,ISRAEL,ISR,WEST BANK,PSE,190,재래식 군사력 사용,19,4,-10.0,4,1,4,0.0,Israel,IS,http://www.google.com/hostednews/afp/article/ALeqM5irvJsh35jP4nnorUe4CW13ors8Kw?docId=CNG.6c1cdea465165c3cf433a997ff0cb85d.01
20130430,254437824,20130430,ISRAELI,ISR,PALESTINIAN,PSE,190,재래식 군사력 사용,19,4,-10.0,2,1,2,1.11111111111111,Israel,IS,http://www.dailystar.com.lb/News/Middle-East/2013/Apr-30/215547-israel-settler-dies-in-west-bank-stabbing-attack-police.ashx
20130430,254437825,20130430,ISRAEL,ISR,PALESTINIAN,PSE,190,재래식 군사력 사용,19,4,-10.0,4,1,4,0.79628400796284,"New York, United States",US,http://thelede.blogs.nytimes.com/2013/04/30/critics-of-israels-west-bank-occupation-say-calm-before-new-violence-was-an-illusion/?partner=rss&emc=rss
20130430,254437838,20130430,ISRAEL,ISR,GAZA,PSE,190,재래식 군사력 사용,19,4,-10.0,2,1,2,0.0,"Eilat, HaDarom, Israel",IS,"http://www.ynetnews.com/articles/0,7340,L-4374112,00.html"
20130430,254437839,20130430,ISRAEL,ISR,GAZA,PSE,195,공중무기 사용,19,4,-10.0,2,1,2,1.21359223300971,"Gaza, Israel (general), Israel",IS,"http://www.ynetnews.com/articles/0,7340,L-4374130,00.html"
20130430,254438397,20130430,HASSAN,JOR,IRAN,IRN,190,재래식 군사력 사용,19,4,-10.0,1,1,1,3.04568527918782,"Damascus, Dimashq, Syria",SY,http://www.guardian.co.uk/world/2013/apr/30/hezbollah-syria-uprising-nasrallah
20130430,254438398,20130430,HASSAN,JOR,IRAN,IRN,190,재래식 군사력 사용,19,4,-10.0,2,1,2,3.04568527918782,"Damascus, Dimashq, Syria",SY,http://www.guardian.co.uk/world/2013/apr/30/hezbollah-syria-uprising-nasrallah
20130430,254438399,20130430,HASSAN,JOR,IRAN,IRN,190,재래식 군사력 사용,19,4,-10.0,1,1,1,3.04568527918782,"Damascus, Dimashq, Syria",SY,http://www.guardian.co.uk/world/2013/apr/30/hezbollah-syria-uprising-nasrallah
20130430,254438404,20130430,HASSAN,JOR,ISRAEL,ISR,190,재래식 군사력 사용,19,4,-10.0,2,1,2,3.57142857142857,Israel,IS,http://www.jpost.com/Headlines/Article.aspx?id=311618&R=R101
20130430,254440109,20130430,LEBANON,LBN,ISRAELI,ISR,190,재래식 군사력 사용,19,4,-10.0,4,1,4,0.78125,Lebanon,LE,http://www.haaretz.com/news/diplomacy-defense/idf-calls-up-thousands-of-reservists-for-battle-drill-on-lebanon-front.premium-1.518435?localLinksEnabled=false
20130430,254440110,20130430,LEBANON,LBN,ISRAELI,ISR,190,재래식 군사력 사용,19,4,-10.0,6,1,6,0.78125,Lebanon,LE,http://www.haaretz.com/news/diplomacy-defense/idf-calls-up-thousands-of-reservists-for-battle-drill-on-lebanon-front.premium-1.518435?localLinksEnabled=false
20130430,254440171,20130430,BEIRUT,LBN,SYRIAN,SYR,1384,재래식 군사 공격 위협,13,3,-7.0,2,1,2,2.86415711947627,"Qusair, Saudi Arabia (general), Saudi Arabia",SA,http://www.dailystar.com.lb/News/Politics/2013/May-01/215667-nasrallah-hints-assads-allies-could-intervene.ashx
20130430,254440172,20130430,BEIRUT,LBN,SYRIAN,SYR,1384,재래식 군사 공격 위협,13,3,-7.0,2,1,2,2.86415711947627,"Beirut, Beyrouth, Lebanon",LE,http://www.dailystar.com.lb/News/Politics/2013/May-01/215667-nasrallah-hints-assads-allies-could-intervene.ashx
20130430,254440173,20130430,LEBANON,LBN,SYRIA,SYR,163,금수·보이콧·제재 부과,16,4,-8.0,2,1,2,0.0,"Georgia, United States",US,BBC Monitoring
20130430,254440178,20130430,BEIRUT,LBN,DAMASCUS,SYR,190,재래식 군사력 사용,19,4,-10.0,2,1,2,2.81030444964871,"Damascus, Dimashq, Syria",SY,http://www.dailystar.com.lb/News/Politics/2013/Apr-30/215619-nasrallah-says-syrian-regime-cannot-be-toppled-militarily.ashx
20130430,254440179,20130430,LEBANON,LBN,DAMASCUS,SYR,190,재래식 군사력 사용,19,4,-10.0,2,1,2,2.81030444964871,"Moscow, Moskva, Russia",RS,http://www.dailystar.com.lb/News/Politics/2013/Apr-30/215619-nasrallah-says-syrian-regime-cannot-be-toppled-militarily.ashx
20130430,254440180,20130430,BEIRUT,LBN,DAMASCUS,SYR,190,재래식 군사력 사용,19,4,-10.0,2,1,2,2.81030444964871,"Beirut, Beyrouth, Lebanon",LE,http://www.dailystar.com.lb/News/Politics/2013/Apr-30/215619-nasrallah-says-syrian-regime-cannot-be-toppled-militarily.ashx
20130430,254440181,20130430,LEBANON,LBN,DAMASCUS,SYR,190,재래식 군사력 사용,19,4,-10.0,2,1,2,2.81030444964871,"Tehran, Tehran, Iran",IR,http://www.dailystar.com.lb/News/Politics/2013/Apr-30/215619-nasrallah-says-syrian-regime-cannot-be-toppled-militarily.ashx
20130430,254440184,20130430,BEIRUT,LBN,SYRIAN,SYR,1384,재래식 군사 공격 위협,13,3,-7.0,6,1,6,2.86415711947627,"Beirut, Beyrouth, Lebanon",LE,http://www.dailystar.com.lb/News/Politics/2013/May-01/215667-nasrallah-hints-assads-allies-could-intervene.ashx
20130430,254440185,20130430,BEIRUT,LBN,DAMASCUS,SYR,190,재래식 군사력 사용,19,4,-10.0,6,1,6,2.81030444964871,"Beirut, Beyrouth, Lebanon",LE,http://www.dailystar.com.lb/News/Politics/2013/Apr-30/215619-nasrallah-says-syrian-regime-cannot-be-toppled-militarily.ashx
20130430,254440191,20130430,BEIRUT,LBN,SYRIAN,SYR,190,재래식 군사력 사용,19,4,-10.0,10,1,10,1.75438596491228,Turkey,TU,http://www.miamiherald.com/2013/04/30/3372109/activists-15-syrian-rebels-die.html
20130430,254445309,20130430,GAZA,PSE,ISRAEL,ISR,190,재래식 군사력 사용,19,4,-10.0,4,2,4,1.18343195266272,"Red Sea, Djibouti (general), Djibouti",DJ,http://www.seattlepi.com/news/article/Israeli-airstrike-in-Gaza-kills-1-Palestinian-4474299.php
20130430,254445310,20130430,PALESTINIAN,PSE,ISRAELI,ISR,190,재래식 군사력 사용,19,4,-10.0,34,5,34,1.31629502484716,"Eilat, HaDarom, Israel",IS,http://www.telegraph.co.uk/news/worldnews/middleeast/israel/10027869/Israel-welcomes-Arab-Leagues-land-swap-position.html
20130430,254445311,20130430,WEST BANK,PSE,ISRAELI,ISR,190,재래식 군사력 사용,19,4,-10.0,16,1,16,0.0,"Jerusalem District, Yerushalayim, Israel",IS,http://www.jpost.com/NationalNews/Article.aspx?id=311576&R=R2
20130430,254445312,20130430,WEST BANK,PSE,ISRAEL,ISR,190,재래식 군사력 사용,19,4,-10.0,4,1,4,0.0,"Jerusalem, Israel (general), Israel",IS,http://www.jpost.com/NationalNews/Article.aspx?id=311576&R=R2
20130430,254445313,20130430,WEST BANK,PSE,ISRAEL,ISR,190,재래식 군사력 사용,19,4,-10.0,1,1,1,0.775193798449612,"Nablus, West Bank (general), West Bank",WE,http://www.guardian.co.uk/world/2013/apr/30/israeli-forces-west-bank-settler-stabbed
20130430,254445314,20130430,WEST BANK,PSE,ISRAELI,ISR,190,재래식 군사력 사용,19,4,-10.0,28,1,28,0.34552962092103,"Samaria, West Bank (general), West Bank",WE,http://www.jpost.com/Arts-and-Culture/Arts/West-Bank-Terrorist-kills-Israeli-at-Tapuah-junction-311545
20130430,254445315,20130430,WEST BANK,PSE,ISRAEL,ISR,190,재래식 군사력 사용,19,4,-10.0,2,1,2,0.377358490566038,"Samaria, West Bank (general), West Bank",WE,http://www.jpost.com/NationalNews/Article.aspx?id=311545&R=R2
20130430,254445316,20130430,WEST BANK,PSE,ISRAELI,ISR,190,재래식 군사력 사용,19,4,-10.0,22,1,14,0.367231122951717,"Jerusalem, Israel (general), Israel",IS,http://www.jpost.com/NationalNews/Article.aspx?id=311545&R=R2
20130430,254445317,20130430,PALESTINIAN,PSE,ISRAEL,ISR,190,재래식 군사력 사용,19,4,-10.0,2,1,2,3.44036697247706,"Eilat, HaDarom, Israel",IS,http://www.telegraph.co.uk/news/worldnews/middleeast/israel/10027869/Israel-welcomes-Arab-Leagues-land-swap-position.html
20130430,254445318,20130430,WEST BANK,PSE,ISRAELI,ISR,190,재래식 군사력 사용,19,4,-10.0,14,1,14,0.588914865400653,"Yesha, HaDarom, Israel",IS,http://www.guardian.co.uk/world/2013/apr/30/israel-assassinates-palestinian-gaza-settler-killed
20130430,254445319,20130430,WEST BANK,PSE,ISRAEL,ISR,190,재래식 군사력 사용,19,4,-10.0,1,1,1,0.51440329218107,"Nablus, West Bank (general), West Bank",WE,http://www.guardian.co.uk/world/2013/apr/30/israel-assassinates-palestinian-gaza-settler-killed
20130430,254445320,20130430,WEST BANK,PSE,ISRAEL,ISR,190,재래식 군사력 사용,19,4,-10.0,1,1,1,0.51440329218107,"Nablus, West Bank (general), West Bank",WE,http://www.guardian.co.uk/world/2013/apr/30/israel-assassinates-palestinian-gaza-settler-killed
20130430,254445321,20130430,WEST BANK,PSE,ISRAEL,ISR,190,재래식 군사력 사용,19,4,-10.0,22,8,22,0.90917176617182,"Nablus, West Bank (general), West Bank",WE,http://www.jmcc.org/news.aspx?id=3742
20130430,254445322,20130430,WEST BANK,PSE,ISRAELI,ISR,190,재래식 군사력 사용,19,4,-10.0,71,9,71,0.922622444211514,"Jerusalem, Israel (general), Israel",IS,http://www.jmcc.org/news.aspx?id=3742
20130430,254445323,20130430,WEST BANK,PSE,ISRAEL,ISR,190,재래식 군사력 사용,19,4,-10.0,4,2,4,0.675340449128259,"Nablus, West Bank (general), West Bank",WE,http://www.guardian.co.uk/world/2013/apr/30/israel-assassinates-palestinian-gaza-settler-killed
20130430,254445324,20130430,WEST BANK,PSE,ISRAELI,ISR,190,재래식 군사력 사용,19,4,-10.0,14,3,14,0.875309468286652,"Gaza, Israel (general), Israel",IS,http://www.guardian.co.uk/world/2013/apr/30/israeli-forces-west-bank-settler-stabbed
20130430,254445325,20130430,WEST BANK,PSE,ISRAELI,ISR,190,재래식 군사력 사용,19,4,-10.0,10,1,10,0.892857142857143,Israel,IS,"http://www.ynetnews.com/articles/0,7340,L-4374044,00.html"
20130430,254445326,20130430,WEST BANK,PSE,ISRAEL,ISR,190,재래식 군사력 사용,19,4,-10.0,2,1,2,0.950570342205323,"Tulkarem, West Bank (general), West Bank",WE,http://www.aljazeera.com/news/middleeast/2013/04/20134306282810206.html
20130430,254445327,20130430,WEST BANK,PSE,ISRAELI,ISR,190,재래식 군사력 사용,19,4,-10.0,6,1,6,0.950570342205323,"Gaza, Israel (general), Israel",IS,http://www.aljazeera.com/news/middleeast/2013/04/20134306282810206.html
20130430,254445328,20130430,PALESTINIAN,PSE,ISRAEL,ISR,190,재래식 군사력 사용,19,4,-10.0,1,1,1,0.0,"Nablus, West Bank (general), West Bank",WE,http://www.bbc.co.uk/news/world-middle-east-22349239#sa-ns_mchannel=rss&ns_source=PublicRSS20-sa
20130430,254445329,20130430,PALESTINIAN,PSE,ISRAELI,ISR,190,재래식 군사력 사용,19,4,-10.0,100,13,88,0.608427166984305,"Jerusalem, Israel (general), Israel",IS,http://www.jmcc.org/news.aspx?id=3742
20130430,254445330,20130430,PALESTINIAN,PSE,ISRAEL,ISR,190,재래식 군사력 사용,19,4,-10.0,2,2,2,1.32837009996984,"Gaza, Israel (general), Israel",IS,http://www.usatoday.com/story/news/world/2013/04/30/israeli-airstrike/2122911/?utm_source=feedburner&utm_medium=feed&utm_campaign=Feed%3A+usatoday-NewsTopStories+%28News+-+Top+Stories%29
20130430,254445331,20130430,PALESTINIAN,PSE,ISRAELI,ISR,190,재래식 군사력 사용,19,4,-10.0,4,2,4,0.272892436449196,"Gaza, Israel (general), Israel",IS,http://www.globalsecurity.org/military/library/news/2013/04/mil-130430-voa02.htm
20130430,254445332,20130430,PALESTINIAN,PSE,ISRAEL,ISR,190,재래식 군사력 사용,19,4,-10.0,2,2,2,1.32837009996984,"Nablus, West Bank (general), West Bank",WE,http://www.calgaryherald.com/news/Israel+carries+first+deadly+airstrike+Gaza+since+November+truce/8314944/story.html
20130430,254445333,20130430,PALESTINIAN,PSE,ISRAELI,ISR,190,재래식 군사력 사용,19,4,-10.0,48,18,45,1.00138857564603,"Gaza, Israel (general), Israel",IS,http://www.globalsecurity.org/military/library/news/2013/04/mil-130430-voa02.htm
20130430,254445334,20130430,PALESTINIAN,PSE,ISRAELI,ISR,190,재래식 군사력 사용,19,4,-10.0,1,1,1,0.302114803625378,"Gaza, Israel (general), Israel",IS,http://www.newsday.com/news/world/in-separate-attacks-an-airstrike-and-israeli-civilian-killed-1.5172587
20130430,254445335,20130430,GAZA,PSE,ISRAELI,ISR,190,재래식 군사력 사용,19,4,-10.0,16,2,16,1.18343195266272,Egypt,EG,http://www.seattlepi.com/news/article/Israeli-airstrike-in-Gaza-kills-1-Palestinian-4474299.php
20130430,254445336,20130430,PALESTINIAN,PSE,ISRAELI,ISR,190,재래식 군사력 사용,19,4,-10.0,14,5,10,0.42681395932714,Israel,IS,http://news.yahoo.com/palestinian-kills-israeli-west-bank-061506275.html
20130430,254445337,20130430,PALESTINIAN,PSE,ISRAELI,ISR,190,재래식 군사력 사용,19,4,-10.0,2,1,2,1.77304964539007,Jordan,JO,http://www.miamiherald.com/2013/04/30/3372070/palestinian-kills-israeli-in-west.html
20130430,254445338,20130430,PALESTINIAN,PSE,ISRAEL,ISR,190,재래식 군사력 사용,19,4,-10.0,2,2,2,0.762777242044359,United States,US,http://www.rte.ie/news/2013/0430/388871-israel-palestine/
20130430,254445339,20130430,PALESTINIAN,PSE,ISRAELI,ISR,190,재래식 군사력 사용,19,4,-10.0,5,3,5,0.938090646094503,United States,US,http://www.rte.ie/news/2013/0430/388871-israel-palestine/
20130430,254445340,20130430,GAZA,PSE,ISRAEL,ISR,190,재래식 군사력 사용,19,4,-10.0,4,3,4,0.820581414635583,"Gaza, Israel (general), Israel",IS,http://news.yahoo.com/palestinian-killed-gaza-israeli-airstrike-075754370.html
20130430,254445341,20130430,GAZA,PSE,ISRAEL,ISR,192,영토 점령,19,4,-9.5,4,1,4,0.0,"Georgia, United States",US,BBC Monitoring
20130430,254445342,20130430,PALESTINIAN,PSE,ISRAELI,ISR,193,소형무기·경무기를 이용한 전투,19,4,-10.0,1,1,1,0.707547169811321,"Eilat, HaDarom, Israel",IS,http://www.guardian.co.uk/world/2013/apr/30/israeli-air-strike-kills-gaza-motorcyclist
20130430,254445343,20130430,PALESTINIAN,PSE,ISRAELI,ISR,193,소형무기·경무기를 이용한 전투,19,4,-10.0,1,1,1,0.707547169811321,"Nablus, West Bank (general), West Bank",WE,http://www.guardian.co.uk/world/2013/apr/30/israeli-air-strike-kills-gaza-motorcyclist
20130430,254445344,20130430,WEST BANK,PSE,ISRAELI,ISR,193,소형무기·경무기를 이용한 전투,19,4,-10.0,10,1,10,0.0,"Jerusalem, Israel (general), Israel",IS,http://www.upi.com/Top_News/World-News/2013/04/30/Israeli-stabbed-to-death-in-West-Bank/UPI-11911367317999/
20130430,254445345,20130430,PALESTINIAN,PSE,ISRAELI,ISR,193,소형무기·경무기를 이용한 전투,19,4,-10.0,4,2,4,0.664766364654383,"Jerusalem, Israel (general), Israel",IS,http://beta.dawn.com/news/794874/palestinian-kills-israeli-settler-in-west-bank
20130430,254445346,20130430,PALESTINIAN,PSE,ISRAELI,ISR,193,소형무기·경무기를 이용한 전투,19,4,-10.0,8,6,8,0.871407533320729,"Jerusalem, Israel (general), Israel",IS,http://in.reuters.com/article/2013/04/30/palestinians-israel-kill-idINDEE93T04N20130430?feedType=RSS&feedName=worldNews
20130430,254445347,20130430,PALESTINIAN,PSE,ISRAELI,ISR,193,소형무기·경무기를 이용한 전투,19,4,-10.0,8,6,8,0.871407533320729,United States,US,http://in.reuters.com/article/2013/04/30/palestinians-israel-kill-idINDEE93T04N20130430?feedType=RSS&feedName=worldNews
20130430,254445348,20130430,PALESTINIAN,PSE,ISRAELI,ISR,193,소형무기·경무기를 이용한 전투,19,4,-10.0,2,1,2,1.17647058823529,"Gaza, Israel (general), Israel",IS,http://www.reuters.com/article/2013/04/30/us-palestinians-israel-idUSBRE93T06420130430?feedType=RSS&feedName=worldNews
20130430,254445349,20130430,PALESTINIAN,PSE,ISRAEL,ISR,193,소형무기·경무기를 이용한 전투,19,4,-10.0,2,1,2,1.68067226890756,"Damascus, Dimashq, Syria",SY,http://www.globalsecurity.org/wmd/library/news/syria/2013/syria-130430-unnews02.htm
20130430,254445350,20130430,PALESTINIAN,PSE,ISRAEL,ISR,193,소형무기·경무기를 이용한 전투,19,4,-10.0,2,1,2,1.68067226890756,Israel,IS,http://www.globalsecurity.org/wmd/library/news/syria/2013/syria-130430-unnews02.htm
20130430,254445351,20130430,PALESTINIAN,PSE,ISRAELI,ISR,193,소형무기·경무기를 이용한 전투,19,4,-10.0,2,1,2,1.22950819672131,United States,US,http://www.jmcc.org/news.aspx?id=3742
20130430,254445352,20130430,GAZA,PSE,ISRAEL,ISR,194,포병·전차를 이용한 전투,19,4,-10.0,8,8,8,1.2817896183209,"Eilat, HaDarom, Israel",IS,http://www.salon.com/2013/04/30/palestinian_killed_in_israeli_airstrike_ap/
20130430,254445353,20130430,GAZA,PSE,ISRAEL,ISR,194,포병·전차를 이용한 전투,19,4,-10.0,4,4,4,1.49991514590452,"Eilat, HaDarom, Israel",IS,http://www.foxnews.com/world/2013/04/30/israeli-airstrike-in-gaza-kills-suspected-palestinian-militant/
20130430,254445354,20130430,GAZA,PSE,ISRAEL,ISR,194,포병·전차를 이용한 전투,19,4,-10.0,3,1,3,0.505050505050505,Egypt,EG,http://www.yerkir.am/en/news/49591.htm
20130430,254445355,20130430,GAZA,PSE,ISRAEL,ISR,194,포병·전차를 이용한 전투,19,4,-10.0,14,10,14,1.45127993623624,"Gaza, Israel (general), Israel",IS,http://www.jpost.com/Defense/Article.aspx?ID=311550&R=R1
20130430,254445356,20130430,PALESTINIAN,PSE,ISRAEL,ISR,194,포병·전차를 이용한 전투,19,4,-10.0,4,1,4,0.0,Azerbaijan,AJ,BBC Monitoring
20130430,254445357,20130430,PALESTINIAN,PSE,ISRAEL,ISR,194,포병·전차를 이용한 전투,19,4,-10.0,2,1,2,0.0,"Georgia, United States",US,BBC Monitoring
20130430,254445358,20130430,GAZA,PSE,ISRAEL,ISR,194,포병·전차를 이용한 전투,19,4,-10.0,1,1,1,0.505050505050505,Egypt,EG,http://www.yerkir.am/en/news/49591.htm
20130430,254445359,20130430,PALESTINIAN,PSE,ISRAELI,ISR,194,포병·전차를 이용한 전투,19,4,-10.0,4,1,4,0.0,"Georgia, United States",US,BBC Monitoring
20130430,254445360,20130430,GAZA,PSE,ISRAEL,ISR,194,포병·전차를 이용한 전투,19,4,-10.0,8,1,8,0.843881856540084,Gaza Strip,GZ,http://en.trend.az/regions/met/israel/2145226.html
20130430,254445361,20130430,GAZA,PSE,ISRAELI,ISR,194,포병·전차를 이용한 전투,19,4,-10.0,4,2,4,2.14212441450857,Gaza Strip,GZ,http://www.telegraph.co.uk/news/worldnews/middleeast/israel/10027869/Israel-welcomes-Arab-Leagues-land-swap-position.html
20130430,254445362,20130430,GAZA,PSE,ISRAEL,ISR,195,공중무기 사용,19,4,-10.0,10,3,10,0.831550790317232,"Eilat, HaDarom, Israel",IS,http://www.buenosairesherald.com/article/130005/palestinian-killed-in-gaza-by-targeted-israeli-air-strike
20130430,254445363,20130430,GAZA,PSE,ISRAEL,ISR,195,공중무기 사용,19,4,-10.0,4,3,4,0.969772366442946,"Ramallah, West Bank (general), West Bank",WE,http://in.reuters.com/article/2013/04/30/palestinians-israel-gaza-blast-idINDEE93T08S20130430?feedType=RSS&feedName=worldNews
20130430,254445364,20130430,GAZA,PSE,ISRAEL,ISR,195,공중무기 사용,19,4,-10.0,4,3,4,0.969772366442946,"Jerusalem, Israel (general), Israel",IS,http://in.reuters.com/article/2013/04/30/palestinians-israel-gaza-blast-idINDEE93T08S20130430?feedType=RSS&feedName=worldNews
20130430,254445365,20130430,GAZA,PSE,ISRAELI,ISR,195,공중무기 사용,19,4,-10.0,2,1,2,0.460342031549462,"Eilat, HaDarom, Israel",IS,http://www.cnn.com/2013/04/30/world/meast/mideast-violence/index.html?utm_source=feedburner&utm_medium=feed&utm_campaign=Feed%3A+rss%2Fcnn_latest+%28RSS%3A+Most+Recent%29
20130430,254445366,20130430,GAZA,PSE,ISRAEL,ISR,195,공중무기 사용,19,4,-10.0,6,1,6,0.0,United States,US,http://www.philippinetimes.com/index.php/sid/214200953/scat/2411cd3571b4f088
20130430,254445370,20130430,PALESTINIAN,PSE,ISRAEL,ISR,190,재래식 군사력 사용,19,4,-10.0,4,2,4,0.272892436449196,"Gaza, Israel (general), Israel",IS,http://www.globalsecurity.org/military/library/news/2013/04/mil-130430-voa02.htm
20130430,254445371,20130430,PALESTINIAN,PSE,ISRAELI,ISR,190,재래식 군사력 사용,19,4,-10.0,8,2,8,0.272892436449196,"Gaza, Israel (general), Israel",IS,http://www.globalsecurity.org/military/library/news/2013/04/mil-130430-voa02.htm
20130430,254445372,20130430,WEST BANK,PSE,ISRAELI,ISR,190,재래식 군사력 사용,19,4,-10.0,6,1,6,0.302114803625378,"Gaza, Israel (general), Israel",IS,http://www.newsday.com/news/world/in-separate-attacks-an-airstrike-and-israeli-civilian-killed-1.5172587
20130430,254445373,20130430,WEST BANK,PSE,ISRAEL,ISR,190,재래식 군사력 사용,19,4,-10.0,2,1,2,0.302114803625378,West Bank,WE,http://www.newsday.com/news/world/in-separate-attacks-an-airstrike-and-israeli-civilian-killed-1.5172587
20130430,254445378,20130430,GAZA,PSE,ISRAEL,ISR,194,포병·전차를 이용한 전투,19,4,-10.0,2,1,2,1.21359223300971,"Gaza, Israel (general), Israel",IS,"http://www.ynetnews.com/articles/0,7340,L-4374130,00.html"
20130430,254445385,20130430,WEST BANK,PSE,ISRAEL,ISR,190,재래식 군사력 사용,19,4,-10.0,1,1,1,0.0,"Jerusalem, Israel (general), Israel",IS,http://www.bbc.co.uk/news/world-middle-east-22349239#sa-ns_mchannel=rss&ns_source=PublicRSS20-sa
20130430,254445386,20130430,PALESTINIAN,PSE,ISRAELI,ISR,190,재래식 군사력 사용,19,4,-10.0,29,6,26,0.510861926348673,"Jerusalem, Israel (general), Israel",IS,http://in.reuters.com/article/2013/04/30/palestinians-israel-kill-idINDEE93T04N20130430?feedType=RSS&feedName=worldNews
20130430,254445387,20130430,PALESTINIAN,PSE,ISRAELI,ISR,190,재래식 군사력 사용,19,4,-10.0,6,3,6,0.590901012973164,"Gaza, Israel (general), Israel",IS,http://www.newsday.com/news/world/in-separate-attacks-an-airstrike-and-israeli-civilian-killed-1.5172587
20130430,254445388,20130430,PALESTINIAN,PSE,ISRAELI,ISR,190,재래식 군사력 사용,19,4,-10.0,2,1,2,0.364963503649635,Israel,IS,http://www.philippinetimes.com/index.php/sid/214193157/scat/2411cd3571b4f088
20130430,254445389,20130430,WEST BANK,PSE,ISRAEL,ISR,190,재래식 군사력 사용,19,4,-10.0,2,1,2,0.79628400796284,"New York, United States",US,http://thelede.blogs.nytimes.com/2013/04/30/critics-of-israels-west-bank-occupation-say-calm-before-new-violence-was-an-illusion/?partner=rss&emc=rss
20130430,254445390,20130430,PALESTINIAN,PSE,ISRAELI,ISR,190,재래식 군사력 사용,19,4,-10.0,2,1,2,1.22950819672131,United States,US,http://www.jmcc.org/news.aspx?id=3742
20130430,254445391,20130430,WEST BANK,PSE,ISRAELI,ISR,193,소형무기·경무기를 이용한 전투,19,4,-10.0,6,1,6,0.707547169811321,"Eilat, HaDarom, Israel",IS,http://www.guardian.co.uk/world/2013/apr/30/israeli-air-strike-kills-gaza-motorcyclist
20130430,254445392,20130430,WEST BANK,PSE,ISRAELI,ISR,193,소형무기·경무기를 이용한 전투,19,4,-10.0,19,5,19,0.918614192308992,"Jerusalem, Israel (general), Israel",IS,http://in.reuters.com/article/2013/04/30/palestinians-israel-kill-idINDEE93T04N20130430?feedType=RSS&feedName=worldNews
20130430,254445393,20130430,WEST BANK,PSE,ISRAELI,ISR,193,소형무기·경무기를 이용한 전투,19,4,-10.0,2,1,2,0.478468899521531,"Jerusalem, Israel (general), Israel",IS,http://beta.dawn.com/news/794874/palestinian-kills-israeli-settler-in-west-bank
20130430,254445394,20130430,WEST BANK,PSE,ISRAELI,ISR,193,소형무기·경무기를 이용한 전투,19,4,-10.0,2,1,2,0.858369098712446,United States,US,http://www.iol.co.za/news/world/palestinian-attacks-israeli-settler-1.1508409
20130430,254445395,20130430,WEST BANK,PSE,ISRAELI,ISR,193,소형무기·경무기를 이용한 전투,19,4,-10.0,4,2,4,0.57471264367816,"Jerusalem, Israel (general), Israel",IS,http://thestar.com.my/news/story.asp?file=/2013/4/30/worldupdates/palestinian-kills-israeli-settler-in-the-occupied-west-bank&sec=Worldupdates
20130430,254445401,20130430,PALESTINIAN,PSE,JORDAN,JOR,192,영토 점령,19,4,-9.5,2,1,2,0.0,Azerbaijan,AJ,BBC Monitoring
20130430,254445462,20130430,GAZA,PSE,ISRAEL,ISR,194,포병·전차를 이용한 전투,19,4,-10.0,2,1,2,0.78740157480315,Gaza Strip,GZ,http://news.sky.com/story/1084873/israel-airstrike-on-gaza-kills-motorcyclist
20130430,254445485,20130430,HAMAS,PSE,ISRAEL,ISR,190,재래식 군사력 사용,19,4,-10.0,8,4,8,1.18354052812029,"Eilat, HaDarom, Israel",IS,http://www.seattlepi.com/news/article/Israeli-airstrike-in-Gaza-kills-1-Palestinian-4474299.php
20130430,254445486,20130430,HAMAS,PSE,ISRAEL,ISR,190,재래식 군사력 사용,19,4,-10.0,2,1,2,1.6839378238342,"Gaza, Israel (general), Israel",IS,"http://www.latimes.com/news/world/worldnow/la-fg-wn-israel-palestinians-killings-20130430,0,2508641.story"
20130430,254445487,20130430,HAMAS,PSE,ISRAEL,ISR,194,포병·전차를 이용한 전투,19,4,-10.0,1,1,1,1.6839378238342,"Gaza, Israel (general), Israel",IS,"http://www.latimes.com/news/world/worldnow/la-fg-wn-israel-palestinians-killings-20130430,0,2508641.story"
20130430,254445488,20130430,HAMAS,PSE,ISRAEL,ISR,194,포병·전차를 이용한 전투,19,4,-10.0,12,2,12,1.27053246610076,"Gaza, Israel (general), Israel",IS,"http://www.latimes.com/news/world/worldnow/la-fg-wn-israel-palestinians-killings-20130430,0,2508641.story"
20130430,254445497,20130430,HAMAS,PSE,ISRAEL,ISR,190,재래식 군사력 사용,19,4,-10.0,24,4,24,1.18354052812029,"Eilat, HaDarom, Israel",IS,http://www.seattlepi.com/news/article/Israeli-airstrike-in-Gaza-kills-1-Palestinian-4474299.php
20130430,254445503,20130430,PALESTINIAN,PSE,JORDAN,JOR,192,영토 점령,19,4,-9.5,2,1,2,0.0,Azerbaijan,AJ,BBC Monitoring
20130430,254445505,20130430,PALESTINIAN,PSE,ISRAELI,ISR,190,재래식 군사력 사용,19,4,-10.0,2,1,2,0.91324200913242,Israel,IS,http://www.jta.org/news/article/2013/04/30/3125446/palestinian-terrorist-kills-israeli-at-west-bank-bus-stop
20130430,254445506,20130430,GAZA,PSE,ISRAEL,ISR,194,포병·전차를 이용한 전투,19,4,-10.0,16,3,16,0.602851778810885,"Gaza, Israel (general), Israel",IS,http://www.globalsecurity.org/military/library/news/2013/04/mil-130430-voa02.htm
20130430,254445733,20130430,AL JAZEERA,QAT,ISRAEL,ISR,195,공중무기 사용,19,4,-10.0,4,1,4,0.950570342205323,"Gaza, Israel (general), Israel",IS,http://www.aljazeera.com/news/middleeast/2013/04/20134306282810206.html
20130430,254447405,20130430,SYRIA,SYR,IRAN,IRN,190,재래식 군사력 사용,19,4,-10.0,1,1,1,3.04568527918782,Russia,RS,http://www.guardian.co.uk/world/2013/apr/30/hezbollah-syria-uprising-nasrallah
20130430,254447413,20130430,SYRIA,SYR,IRAQ,IRQ,190,재래식 군사력 사용,19,4,-10.0,10,1,10,0.0,Azerbaijan,AJ,BBC Monitoring
20130430,254447430,20130430,SYRIA,SYR,ISRAELI,ISR,190,재래식 군사력 사용,19,4,-10.0,5,1,5,1.98019801980198,"Jerusalem, Israel (general), Israel",IS,http://www.dailystar.com.lb/News/Middle-East/2013/May-01/215674-israel-summons-reservists-to-rehearse-war-with-hezbollah.ashx
20130430,254447431,20130430,SYRIA,SYR,ISRAEL,ISR,190,재래식 군사력 사용,19,4,-10.0,2,1,2,1.42011834319527,"Damascus, Dimashq, Syria",SY,http://www.guardian.co.uk/world/2013/apr/30/syrian-refugees-relative-safety-gaza
20130430,254447432,20130430,SYRIA,SYR,ISRAEL,ISR,190,재래식 군사력 사용,19,4,-10.0,5,1,5,1.42011834319527,"Damascus, Dimashq, Syria",SY,http://www.guardian.co.uk/world/2013/apr/30/syrian-refugees-relative-safety-gaza
20130430,254447433,20130430,SYRIA,SYR,ISRAEL,ISR,190,재래식 군사력 사용,19,4,-10.0,1,1,1,1.42011834319527,"Gaza, Israel (general), Israel",IS,http://www.guardian.co.uk/world/2013/apr/30/syrian-refugees-relative-safety-gaza
20130430,254447434,20130430,SYRIAN,SYR,ISRAEL,ISR,195,공중무기 사용,19,4,-10.0,18,2,18,3.28077719382067,Turkey,TU,http://www.jpost.com/Headlines/Article.aspx?id=311604&R=R101
20130430,254447436,20130430,SYRIAN,SYR,ISRAEL,ISR,190,재래식 군사력 사용,19,4,-10.0,1,1,1,1.36986301369863,"Damascus, Dimashq, Syria",SY,http://www.digitaljournal.com/article/349175
20130430,254447437,20130430,SYRIAN,SYR,ISRAEL,ISR,190,재래식 군사력 사용,19,4,-10.0,1,1,1,1.36986301369863,"Damascus, Dimashq, Syria",SY,http://www.digitaljournal.com/article/349175
20130430,254447438,20130430,DAMASCUS,SYR,ISRAEL,ISR,190,재래식 군사력 사용,19,4,-10.0,14,2,14,1.54746830238945,Israel,IS,http://www.globalsecurity.org/wmd/library/news/syria/2013/syria-130430-unnews02.htm
20130430,254447454,20130430,SYRIAN,SYR,JORDAN,JOR,192,영토 점령,19,4,-9.5,8,1,8,0.0,"Georgia, United States",US,BBC Monitoring
20130430,254447476,20130430,SYRIA,SYR,LEBANESE,LBN,152,군 경계태세 강화,15,4,-7.2,16,1,8,2.86415711947627,"Beirut, Beyrouth, Lebanon",LE,http://www.dailystar.com.lb/News/Politics/2013/May-01/215667-nasrallah-hints-assads-allies-could-intervene.ashx
20130430,254447477,20130430,SYRIA,SYR,LEBANESE,LBN,152,군 경계태세 강화,15,4,-7.2,4,1,2,2.86415711947627,Syria,SY,http://www.dailystar.com.lb/News/Politics/2013/May-01/215667-nasrallah-hints-assads-allies-could-intervene.ashx
20130430,254447480,20130430,SYRIAN,SYR,BEIRUT,LBN,190,재래식 군사력 사용,19,4,-10.0,10,1,10,0.0,"Damascus, Dimashq, Syria",SY,http://en.rian.ru/world/20130430/180920300/Deadly-Blast-Hits-Damascus--Reports.html
20130430,254447527,20130430,SYRIA,SYR,GAZA,PSE,190,재래식 군사력 사용,19,4,-10.0,2,1,2,1.42011834319527,"Damascus, Dimashq, Syria",SY,http://www.guardian.co.uk/world/2013/apr/30/syrian-refugees-relative-safety-gaza
20130430,254447528,20130430,DAMASCUS,SYR,PALESTINIAN,PSE,190,재래식 군사력 사용,19,4,-10.0,4,2,4,1.5252676413031,Israel,IS,http://www.globalsecurity.org/wmd/library/news/syria/2013/syria-130430-unnews02.htm
20130430,254447623,20130430,SYRIA,SYR,TURKEY,TUR,190,재래식 군사력 사용,19,4,-10.0,10,1,10,0.710479573712256,"Aleppo, ?alab, Syria",SY,http://www.jpost.com/MiddleEast/Article.aspx?ID=311606&R=R1
20130430,254447808,20130430,SYRIAN,SYR,TURKEY,TUR,195,공중무기 사용,19,4,-10.0,2,1,2,0.955414012738854,"Bab Al Hawa, Al Qunaytirah, Syria",SY,http://www.globalsecurity.org/wmd/library/news/syria/2013/syria-130430-voa01.htm
20130430,254447861,20130430,SYRIAN,SYR,BEIRUT,LBN,190,재래식 군사력 사용,19,4,-10.0,10,1,10,1.75438596491228,"Aleppo, ?alab, Syria",SY,http://www.miamiherald.com/2013/04/30/3372109/activists-15-syrian-rebels-die.html
