DATE,GLOBALEVENTID,SQLDATE,Actor1Name,Actor1CountryCode,Actor2Name,Actor2CountryCode,EventCode,EventCode_KR,EventRootCode,QuadClass,GoldsteinScale,NumMentions,NumSources,NumArticles,AvgTone,ActionGeo_FullName,ActionGeo_CountryCode,SOURCEURL
20140501,295645377,20140501,CAIRO,EGY,GAZA,PSE,191,봉쇄·이동 제한,19,4,-9.5,2,1,2,2.27272727272727,"Gaza, Israel (general), Israel",IS,http://www.jns.org/latest-articles/2014/4/30/key-lawmakers-ready-to-defund-palestinian-authority-over-hamas-unity-and-terrorism
20140501,295645543,20140501,EGYPT,EGY,ISRAEL,ISR,191,봉쇄·이동 제한,19,4,-9.5,2,1,2,2.27272727272727,"Cairo, Al Qahirah, Egypt",EG,http://www.jns.org/latest-articles/2014/4/30/key-lawmakers-ready-to-defund-palestinian-authority-over-hamas-unity-and-terrorism
20140501,295645544,20140501,EGYPT,EGY,ISRAEL,ISR,191,봉쇄·이동 제한,19,4,-9.5,2,1,2,2.27272727272727,"Gaza, Israel (general), Israel",IS,http://www.jns.org/latest-articles/2014/4/30/key-lawmakers-ready-to-defund-palestinian-authority-over-hamas-unity-and-terrorism
20140501,295645546,20140501,CAIRO,EGY,GAZA,PSE,191,봉쇄·이동 제한,19,4,-9.5,2,1,2,2.27272727272727,"Gaza, Israel (general), Israel",IS,http://www.jns.org/latest-articles/2014/4/30/key-lawmakers-ready-to-defund-palestinian-authority-over-hamas-unity-and-terrorism
20140501,295666959,20140501,KURDISTAN,IRN,BAGHDAD,IRQ,190,재래식 군사력 사용,19,4,-10.0,8,1,8,2.52808988764045,"Baghdad, Baghdad, Iraq",IZ,http://www.majalla.com/eng/2014/05/article55249793
20140501,295666960,20140501,KURDISTAN,IRN,IRAQ,IRQ,190,재래식 군사력 사용,19,4,-10.0,2,1,2,2.52808988764045,"Baghdad, Baghdad, Iraq",IZ,http://www.majalla.com/eng/2014/05/article55249793
20140501,295666961,20140501,IRAN,IRN,BAGHDAD,IRQ,190,재래식 군사력 사용,19,4,-10.0,5,1,5,1.44167758846658,"Baghdad, Baghdad, Iraq",IZ,http://www.globalpost.com/dispatch/news/afp/140428/iraq-attacks-kill-57-security-forces-vote
20140501,295666997,20140501,IRANIAN,IRN,LEBANON,LBN,190,재래식 군사력 사용,19,4,-10.0,1,1,1,2.02312138728324,"Damascus, Dimashq, Syria",SY,http://gulfnews.com/opinions/columnists/elections-cannot-mask-al-assad-1.1327011
20140501,295666998,20140501,IRANIAN,IRN,LEBANON,LBN,190,재래식 군사력 사용,19,4,-10.0,1,1,1,2.02312138728324,"Damascus, Dimashq, Syria",SY,http://gulfnews.com/opinions/columnists/elections-cannot-mask-al-assad-1.1327011
20140501,295666999,20140501,IRAN,IRN,LEBANON,LBN,190,재래식 군사력 사용,19,4,-10.0,5,1,5,2.18408736349454,Lebanon,LE,http://www.thenews.com.pk/Todays-News-1-247636-Gulf-region-needs-to-act-on-missile-threat
20140501,295667000,20140501,IRAN,IRN,LEBANON,LBN,190,재래식 군사력 사용,19,4,-10.0,3,1,3,2.18408736349454,United States,US,http://www.thenews.com.pk/Todays-News-1-247636-Gulf-region-needs-to-act-on-missile-threat
20140501,295667523,20140501,IRAQI,IRQ,IRANIAN,IRN,190,재래식 군사력 사용,19,4,-10.0,2,2,2,1.51932594540574,"Baghdad, Baghdad, Iraq",IZ,http://www.star-telegram.com/2014/04/30/5778631/iraq-timeline-key-events-since.html
20140501,295667524,20140501,IRAQI,IRQ,IRANIAN,IRN,190,재래식 군사력 사용,19,4,-10.0,2,2,2,1.51932594540574,"Baghdad, Baghdad, Iraq",IZ,http://www.star-telegram.com/2014/04/30/5778631/iraq-timeline-key-events-since.html
20140501,295667525,20140501,BAGHDAD,IRQ,KURDISTAN,IRN,190,재래식 군사력 사용,19,4,-10.0,10,1,10,2.52808988764045,"Kirkuk, At Ta'mim, Iraq",IZ,http://www.majalla.com/eng/2014/05/article55249793
20140501,295667554,20140501,IRAQ,IRQ,HASSAN,JOR,139,최후통첩,13,3,-7.0,2,1,2,2.30664857530529,"Shaqlawa, Liwa' Irbil, Iraq",IZ,http://www.newyorker.com/online/blogs/newsdesk/2014/05/iraq-voters-displaced-from-anbar-to-kurdistan.html&c=vn0vcuCPpEfeMqWjmKS36UMK5u074OJ7R5nxWTcPjZw&mkt=en-us
20140501,295667800,20140501,IRAQ,IRQ,IRAN,IRN,190,재래식 군사력 사용,19,4,-10.0,2,2,2,1.51932594540574,"Baghdad, Baghdad, Iraq",IZ,http://www.star-telegram.com/2014/04/30/5778631/iraq-timeline-key-events-since.html
20140501,295667801,20140501,IRAQI,IRQ,IRANIAN,IRN,190,재래식 군사력 사용,19,4,-10.0,8,2,8,1.51932594540574,"Baghdad, Baghdad, Iraq",IZ,http://www.star-telegram.com/2014/04/30/5778631/iraq-timeline-key-events-since.html
20140501,295668441,20140501,ISRAEL,ISR,LEBANON,LBN,190,재래식 군사력 사용,19,4,-10.0,16,1,16,1.70807453416149,"Gaza, Israel (general), Israel",IS,http://www.aljazeera.com/programmes/peopleandpower/2014/04/201442911431250545.html
20140501,295668442,20140501,ISRAEL,ISR,LEBANON,LBN,190,재래식 군사력 사용,19,4,-10.0,4,1,4,1.70807453416149,"Gaza, Israel (general), Israel",IS,http://www.aljazeera.com/programmes/peopleandpower/2014/04/201442911431250545.html
20140501,295668590,20140501,ISRAELI,ISR,PALESTINIAN,PSE,139,최후통첩,13,3,-7.0,7,1,7,2.32804232804233,"Gaza, Israel (general), Israel",IS,http://gulfnews.com/news/region/palestinian-territories/another-palestine-peace-process-collapses-1.1326902
20140501,295668594,20140501,ISRAEL,ISR,PALESTINIAN,PSE,163,금수·보이콧·제재 부과,16,4,-8.0,4,1,4,2.36686390532544,"Jerusalem, Israel (general), Israel",IS,http://www.deseretnews.com/article/865602152/US-friendship-with-Israel-undermined-by-John-Kerrys-statements.html
20140501,295668595,20140501,ISRAEL,ISR,PALESTINIAN,PSE,163,금수·보이콧·제재 부과,16,4,-8.0,1,1,1,4.02476780185759,Israel,IS,http://www.dw.de/kerry-all-sides-must-pause-to-reassess-middle-east-peace-talks/a-17605938
20140501,295668596,20140501,ISRAEL,ISR,PALESTINIAN,PSE,163,금수·보이콧·제재 부과,16,4,-8.0,1,1,1,4.02476780185759,Russia,RS,http://www.dw.de/kerry-all-sides-must-pause-to-reassess-middle-east-peace-talks/a-17605938
20140501,295668597,20140501,ISRAEL,ISR,PALESTINIAN,PSE,163,금수·보이콧·제재 부과,16,4,-8.0,4,1,4,4.02476780185759,Israel,IS,http://www.dw.de/kerry-all-sides-must-pause-to-reassess-middle-east-peace-talks/a-17605938
20140501,295668598,20140501,ISRAEL,ISR,PALESTINIAN,PSE,163,금수·보이콧·제재 부과,16,4,-8.0,4,1,4,4.02476780185759,Ukraine,UP,http://www.dw.de/kerry-all-sides-must-pause-to-reassess-middle-east-peace-talks/a-17605938
20140501,295668618,20140501,ISRAEL,ISR,GAZA,PSE,190,재래식 군사력 사용,19,4,-10.0,2,1,2,0.34965034965035,"Rafah, Shamal Sina', Egypt",EG,http://www.worldbulletin.net/news/135194/israel-stages-limited-incursion-into-gaza-strip
20140501,295668619,20140501,ISRAEL,ISR,GAZA,PSE,190,재래식 군사력 사용,19,4,-10.0,6,1,6,0.34965034965035,"Gaza, Israel (general), Israel",IS,http://www.worldbulletin.net/news/135194/israel-stages-limited-incursion-into-gaza-strip
20140501,295668620,20140501,ISRAELI,ISR,PALESTINIAN,PSE,190,재래식 군사력 사용,19,4,-10.0,2,1,2,1.34003350083752,"Washington, District of Columbia, United States",US,http://www.dailystar.com.lb/News/International/2014/May-01/255063-israel-police-challenge-us-terror-findings.ashx
20140501,295668621,20140501,ISRAELI,ISR,PALESTINIAN,PSE,190,재래식 군사력 사용,19,4,-10.0,20,4,20,0.653731399119742,"Jerusalem, Israel (general), Israel",IS,"http://www.ynetnews.com/articles/0,7340,L-4515626,00.html"
20140501,295668622,20140501,JERUSALEM,ISR,PALESTINIAN,PSE,190,재래식 군사력 사용,19,4,-10.0,18,8,18,1.05576724084338,"Washington, District of Columbia, United States",US,http://news.kuwaittimes.net/israel-police-challenge-us-terror-report-us-keeps-cuba-iran-syria-sudan-terror-list/
20140501,295668623,20140501,ISRAELI,ISR,PALESTINIAN,PSE,190,재래식 군사력 사용,19,4,-10.0,6,1,6,1.14285714285714,"Gaza, Israel (general), Israel",IS,http://www.israelnationalnews.com/News/News.aspx/180131
20140501,295668624,20140501,ISRAEL,ISR,GAZA,PSE,190,재래식 군사력 사용,19,4,-10.0,2,1,2,0.34965034965035,Gaza Strip,GZ,http://www.worldbulletin.net/news/135194/israel-stages-limited-incursion-into-gaza-strip
20140501,295668625,20140501,ISRAELI,ISR,PALESTINIAN,PSE,190,재래식 군사력 사용,19,4,-10.0,8,1,8,1.94662956508343,Israel,IS,http://www.israelnationalnews.com/News/News.aspx/180163
20140501,295668626,20140501,ISRAELI,ISR,GAZA,PSE,192,영토 점령,19,4,-9.5,6,1,6,0.34965034965035,"Gaza, Israel (general), Israel",IS,http://www.worldbulletin.net/news/135194/israel-stages-limited-incursion-into-gaza-strip
20140501,295668627,20140501,ISRAEL,ISR,GAZA,PSE,193,소형무기·경무기를 이용한 전투,19,4,-10.0,2,1,2,0.0,Gaza Strip,GZ,"http://www.ynetnews.com/articles/0,7340,L-4515624,00.html"
20140501,295668628,20140501,JERUSALEM,ISR,GAZA,PSE,194,포병·전차를 이용한 전투,19,4,-10.0,10,1,10,1.63934426229508,"Jerusalem, Israel (general), Israel",IS,http://news.yahoo.com/rocket-fired-gaza-hits-israel-191945771.html
20140501,295668629,20140501,ISRAEL,ISR,GAZA,PSE,194,포병·전차를 이용한 전투,19,4,-10.0,2,1,2,3.17796610169492,"Gaza, Israel (general), Israel",IS,http://www.jewishpress.com/news/breaking-news/pa-unity-govt-to-leave-missiles-with-terrorists/2014/05/01/
20140501,295668630,20140501,ISRAEL,ISR,GAZA,PSE,194,포병·전차를 이용한 전투,19,4,-10.0,1,1,1,0.0,"Gaza, Israel (general), Israel",IS,"http://www.ynetnews.com/articles/0,7340,L-4515624,00.html"
20140501,295668631,20140501,ISRAEL,ISR,GAZA,PSE,194,포병·전차를 이용한 전투,19,4,-10.0,1,1,1,0.0,Gaza Strip,GZ,"http://www.ynetnews.com/articles/0,7340,L-4515624,00.html"
20140501,295668664,20140501,ISRAELI,ISR,HAMAS,PSE,138,군사력 사용 위협,13,3,-7.0,3,1,3,0.0,"Kafr Bara, HaMerkaz, Israel",IS,http://www.israelhayom.com/site/newsletter_article.php?id=17219
20140501,295668665,20140501,ISRAEL,ISR,HAMAS,PSE,138,군사력 사용 위협,13,3,-7.0,10,1,10,2.04778156996587,Israel,IS,http://www.thetower.org/0244-terror-arrests-put-focus-on-hamas-revival-in-west-bank/
20140501,295668669,20140501,ISRAELI,ISR,HAMAS,PSE,190,재래식 군사력 사용,19,4,-10.0,5,1,5,0.0,Israel,IS,http://www.jweekly.com/article/full/71527/hamas-members-arrested-for-planning-attacks-on-israel/
20140501,295668670,20140501,ISRAELI,ISR,HAMAS,PSE,192,영토 점령,19,4,-9.5,16,4,16,3.7556727027527,"Gaza, Israel (general), Israel",IS,http://www.tripolipost.com/articledetail.asp?c=5&i=10994
20140501,295668716,20140501,ISRAEL,ISR,SYRIA,SYR,195,공중무기 사용,19,4,-10.0,8,1,8,2.65486725663717,"Aleppo, ?alab, Syria",SY,http://www.jpost.com/Breaking-News/Airstrike-kills-33-in-Syrias-Aleppo-351075
20140501,295668892,20140501,ISRAEL,ISR,PALESTINIAN,PSE,190,재래식 군사력 사용,19,4,-10.0,2,1,2,1.34003350083752,"Washington, District of Columbia, United States",US,http://www.dailystar.com.lb/News/International/2014/May-01/255063-israel-police-challenge-us-terror-findings.ashx
20140501,295668893,20140501,ISRAEL,ISR,PALESTINIAN,PSE,190,재래식 군사력 사용,19,4,-10.0,8,4,8,0.92783455874569,"Washington, District of Columbia, United States",US,http://www.business-standard.com/article/pti-stories/israel-police-challenge-us-terror-findings-114050100984_1.html
20140501,295668992,20140501,ISRAEL,ISR,PALESTINIAN,PSE,190,재래식 군사력 사용,19,4,-10.0,2,1,2,1.99501246882793,Israel,IS,http://www.israelnationalnews.com/News/News.aspx/180135
20140501,295668995,20140501,ISRAELI,ISR,HAMAS,PSE,192,영토 점령,19,4,-9.5,24,4,24,3.7556727027527,"Gaza, Israel (general), Israel",IS,http://www.tripolipost.com/articledetail.asp?c=5&i=10994
20140501,295669082,20140501,ISRAELI,ISR,PALESTINIAN,PSE,190,재래식 군사력 사용,19,4,-10.0,2,1,2,1.8018018018018,"Fureidis, H_efa, Israel",IS,http://www.israelhayom.com/site/newsletter_article.php?id=17199
20140501,295669083,20140501,ISRAEL,ISR,WEST BANK,PSE,190,재래식 군사력 사용,19,4,-10.0,2,1,2,3.4965034965035,"Jerusalem, Israel (general), Israel",IS,http://paktribune.com/news/Israeli-settlers-storm-Al-Aqsa-Mosque-Pakistan-condemns-268652.html
20140501,295670010,20140501,JORDAN,JOR,SAUDI ARABIA,SAU,190,재래식 군사력 사용,19,4,-10.0,5,1,5,1.80722891566265,"Amman, (JO11), Jordan",JO,http://www.upi.com/Top_News/World-News/2014/05/01/Two-new-cases-of-MERS-virus-found-in-Jordan/6411398964762/
20140501,295670103,20140501,HASSAN,JOR,IRAN,IRN,163,금수·보이콧·제재 부과,16,4,-8.0,6,1,6,2.8322440087146,"Teheran, Iran (general), Iran",IR,http://www.omantribune.com/index.php?page=news&id=166698&heading=Middle%20East
20140501,295670104,20140501,HASSAN,JOR,IRAN,IRN,163,금수·보이콧·제재 부과,16,4,-8.0,2,1,2,2.8322440087146,"Dubai, Dubayy, United Arab Emirates",AE,http://www.omantribune.com/index.php?page=news&id=166698&heading=Middle%20East
20140501,295676271,20140501,LEBANON,LBN,IRANIAN,IRN,190,재래식 군사력 사용,19,4,-10.0,1,1,1,2.02312138728324,Iran,IR,http://gulfnews.com/opinions/columnists/elections-cannot-mask-al-assad-1.1327011
20140501,295676272,20140501,LEBANON,LBN,IRANIAN,IRN,190,재래식 군사력 사용,19,4,-10.0,1,1,1,2.02312138728324,"Qalamoun, Rif Dimashq, Syria",SY,http://gulfnews.com/opinions/columnists/elections-cannot-mask-al-assad-1.1327011
20140501,295676334,20140501,LEBANON,LBN,SYRIAN,SYR,163,금수·보이콧·제재 부과,16,4,-8.0,4,1,4,2.06611570247934,"Moscow, Moskva, Russia",RS,http://www.al-monitor.com/pulse/politics/2014/05/us-sanctions-russia-embolden-assad-syria.html
20140501,295676335,20140501,LEBANON,LBN,SYRIAN,SYR,163,금수·보이콧·제재 부과,16,4,-8.0,1,1,1,2.06611570247934,"Washington, District of Columbia, United States",US,http://www.al-monitor.com/pulse/politics/2014/05/us-sanctions-russia-embolden-assad-syria.html
20140501,295676337,20140501,LEBANON,LBN,SYRIA,SYR,195,공중무기 사용,19,4,-10.0,2,1,2,2.38907849829352,"Aleppo, ?alab, Syria",SY,http://www.voanews.com/content/monitoring-group-says-airstrike-kills-33-in-aleppo/1905493.html
20140501,295676338,20140501,BEIRUT,LBN,ALEPPO,SYR,195,공중무기 사용,19,4,-10.0,56,3,56,0.255972696245734,"Aleppo, ?alab, Syria",SY,http://in.reuters.com/article/2014/05/01/us-syria-crisis-strike-idINKBN0DH35H20140501?feedType=RSS&feedName=worldNews
20140501,295676339,20140501,BEIRUT,LBN,ALEPPO,SYR,195,공중무기 사용,19,4,-10.0,2,1,2,2.38907849829352,"Washington, District of Columbia, United States",US,http://www.voanews.com/content/monitoring-group-says-airstrike-kills-33-in-aleppo/1905493.html
20140501,295695066,20140501,GAZA,PSE,ISRAEL,ISR,154,군 병력 동원·증강,15,4,-7.2,2,1,2,3.1733746130031,"Gaza, Israel (general), Israel",IS,http://972mag.com/hamas-political-pragmatism-or-dogmatism/90187/
20140501,295695075,20140501,PALESTINIAN,PSE,ISRAELI,ISR,190,재래식 군사력 사용,19,4,-10.0,2,1,2,0.833333333333333,"Fureidis, H_efa, Israel",IS,http://www.business-standard.com/article/pti-stories/israel-police-challenge-us-terror-findings-114050100984_1.html
20140501,295695076,20140501,PALESTINIAN,PSE,ISRAELI,ISR,190,재래식 군사력 사용,19,4,-10.0,2,1,2,1.34003350083752,"Tabgha, Ha?afon, Israel",IS,http://www.dailystar.com.lb/News/International/2014/May-01/255063-israel-police-challenge-us-terror-findings.ashx
20140501,295695077,20140501,WEST BANK,PSE,ISRAEL,ISR,190,재래식 군사력 사용,19,4,-10.0,2,2,2,0.818417725730255,"Jordan Valley, Israel (general), Israel",IS,http://www.palestinechronicle.com/israel-returns-remains-of-hamas-fighters-killed-in-1998/
20140501,295695078,20140501,WEST BANK,PSE,ISRAEL,ISR,190,재래식 군사력 사용,19,4,-10.0,2,2,2,0.818417725730255,"Hebron, Israel (general), Israel",IS,http://www.palestinechronicle.com/israel-returns-remains-of-hamas-fighters-killed-in-1998/
20140501,295695079,20140501,PALESTINIAN,PSE,ISRAELI,ISR,190,재래식 군사력 사용,19,4,-10.0,26,5,26,1.00021778712129,"Jerusalem, Israel (general), Israel",IS,"http://www.ynetnews.com/articles/0,7340,L-4515626,00.html"
20140501,295695080,20140501,PALESTINIAN,PSE,ISRAELI,ISR,190,재래식 군사력 사용,19,4,-10.0,12,5,12,0.965748335702162,"Roman Catholic, West Bank (general), West Bank",WE,http://www.rappler.com/world/regions/middle-east/56964-israel-police-challenge-us-terror-findings
20140501,295695081,20140501,PALESTINIAN,PSE,ISRAELI,ISR,190,재래식 군사력 사용,19,4,-10.0,1,1,1,1.34003350083752,"Tabgha, Ha?afon, Israel",IS,http://www.dailystar.com.lb/News/International/2014/May-01/255063-israel-police-challenge-us-terror-findings.ashx
20140501,295695082,20140501,PALESTINIAN,PSE,ISRAELI,ISR,190,재래식 군사력 사용,19,4,-10.0,1,1,1,1.34003350083752,"Washington, District of Columbia, United States",US,http://www.dailystar.com.lb/News/International/2014/May-01/255063-israel-police-challenge-us-terror-findings.ashx
20140501,295695083,20140501,PALESTINIAN,PSE,ISRAELI,ISR,190,재래식 군사력 사용,19,4,-10.0,2,1,2,1.66666666666667,"Washington, District of Columbia, United States",US,http://news.kuwaittimes.net/israel-police-challenge-us-terror-report-us-keeps-cuba-iran-syria-sudan-terror-list/
20140501,295695084,20140501,PALESTINIAN,PSE,ISRAEL,ISR,190,재래식 군사력 사용,19,4,-10.0,7,2,7,1.95934648504597,Israel,IS,http://www.ijn.com/editorial/4648-abbas-and-kerry-partners-in-purblindness
20140501,295695085,20140501,PALESTINIAN,PSE,ISRAEL,ISR,190,재래식 군사력 사용,19,4,-10.0,1,1,1,2.1551724137931,"Jerusalem, Israel (general), Israel",IS,http://www.israelhayom.com/site/newsletter_article.php?id=17213
20140501,295695086,20140501,PALESTINIAN,PSE,ISRAEL,ISR,190,재래식 군사력 사용,19,4,-10.0,1,1,1,2.1551724137931,United States,US,http://www.israelhayom.com/site/newsletter_article.php?id=17213
20140501,295695087,20140501,PALESTINIAN,PSE,ISRAEL,ISR,192,영토 점령,19,4,-9.5,4,1,4,2.45398773006135,Israel,IS,http://www.haaretz.com/news/diplomacy-defense/1.588573
20140501,295695088,20140501,GAZA,PSE,ISRAEL,ISR,193,소형무기·경무기를 이용한 전투,19,4,-10.0,3,1,3,0.0,Gaza Strip,GZ,"http://www.ynetnews.com/articles/0,7340,L-4515624,00.html"
20140501,295695089,20140501,GAZA,PSE,ISRAEL,ISR,194,포병·전차를 이용한 전투,19,4,-10.0,4,1,4,1.63934426229508,"Gaza City, Israel (general), Israel",IS,http://news.yahoo.com/rocket-fired-gaza-hits-israel-191945771.html
20140501,295695090,20140501,GAZA,PSE,ISRAEL,ISR,194,포병·전차를 이용한 전투,19,4,-10.0,3,1,3,0.0,Gaza Strip,GZ,"http://www.ynetnews.com/articles/0,7340,L-4515624,00.html"
20140501,295695092,20140501,PALESTINIAN,PSE,ISRAELI,ISR,190,재래식 군사력 사용,19,4,-10.0,1,1,1,1.34003350083752,"Washington, District of Columbia, United States",US,http://www.dailystar.com.lb/News/International/2014/May-01/255063-israel-police-challenge-us-terror-findings.ashx
20140501,295695093,20140501,PALESTINIAN,PSE,ISRAELI,ISR,190,재래식 군사력 사용,19,4,-10.0,5,5,5,0.904869273012812,"Washington, District of Columbia, United States",US,http://www.saudigazette.com.sa/index.cfm?method=home.regcon&contentid=20140502203765
20140501,295695098,20140501,PALESTINIAN,PSE,ISRAEL,ISR,190,재래식 군사력 사용,19,4,-10.0,2,1,2,1.99501246882793,Israel,IS,http://www.israelnationalnews.com/News/News.aspx/180135
20140501,295695318,20140501,HAMAS,PSE,ISRAELI,ISR,138,군사력 사용 위협,13,3,-7.0,5,1,5,0.0,Israel,IS,http://www.jweekly.com/article/full/71527/hamas-members-arrested-for-planning-attacks-on-israel/
20140501,295695319,20140501,HAMAS,PSE,ISRAEL,ISR,138,군사력 사용 위협,13,3,-7.0,10,1,10,0.0,Israel,IS,http://www.jweekly.com/article/full/71527/hamas-members-arrested-for-planning-attacks-on-israel/
20140501,295695320,20140501,HAMAS,PSE,ISRAEL,ISR,154,군 병력 동원·증강,15,4,-7.2,6,1,6,3.1733746130031,"Gaza, Israel (general), Israel",IS,http://972mag.com/hamas-political-pragmatism-or-dogmatism/90187/
20140501,295695322,20140501,HAMAS,PSE,ISRAEL,ISR,192,영토 점령,19,4,-9.5,12,2,12,3.59478093261176,"Gaza, Israel (general), Israel",IS,http://www.azcentral.com/story/robertrobb/2014/05/01/israel/8582401/
20140501,295695356,20140501,HAMAS,PSE,ISRAEL,ISR,194,포병·전차를 이용한 전투,19,4,-10.0,20,3,20,2.11458424140575,Israel,IS,http://www.rappler.com/world/regions/us-canada/56963-us-warns-new-generation-global-terrorists
20140501,295695357,20140501,HAMAS,PSE,ISRAEL,ISR,194,포병·전차를 이용한 전투,19,4,-10.0,1,1,1,2.40963855421687,Israel,IS,http://aclj.org/israel/hamas-clings-to-jihad-as-americas-top-diplomat-labels-israel-an-apartheid-state
20140501,295695358,20140501,HAMAS,PSE,ISRAEL,ISR,194,포병·전차를 이용한 전투,19,4,-10.0,4,2,4,2.04082066320297,Mali,ML,http://www.rappler.com/world/regions/us-canada/56963-us-warns-new-generation-global-terrorists
20140501,295695365,20140501,GAZA,PSE,ISRAEL,ISR,194,포병·전차를 이용한 전투,19,4,-10.0,1,1,1,2.04918032786885,"Sderot, HaDarom, Israel",IS,http://www.israelnationalnews.com/News/News.aspx/180160
20140501,295695366,20140501,PALESTINIAN,PSE,ISRAEL,ISR,194,포병·전차를 이용한 전투,19,4,-10.0,2,1,2,1.63934426229508,"Jerusalem, Israel (general), Israel",IS,http://news.yahoo.com/rocket-fired-gaza-hits-israel-191945771.html
20140501,295695367,20140501,GAZA,PSE,ISRAEL,ISR,194,포병·전차를 이용한 전투,19,4,-10.0,3,1,3,2.04918032786885,"Gaza, Israel (general), Israel",IS,http://www.israelnationalnews.com/News/News.aspx/180160
20140501,295695790,20140501,QATAR,QAT,SAUDI ARABIA,SAU,190,재래식 군사력 사용,19,4,-10.0,6,1,6,4.15851272015656,"Riyadh, Ar Riya?, Saudi Arabia",SA,http://mondediplo.com/2014/05/06gulf
20140501,295695791,20140501,QATAR,QAT,SAUDI ARABIA,SAU,190,재래식 군사력 사용,19,4,-10.0,2,1,2,4.15851272015656,"Riyadh, Ar Riya?, Saudi Arabia",SA,http://mondediplo.com/2014/05/06gulf
20140501,295695792,20140501,QATAR,QAT,SAUDI ARABIA,SAU,190,재래식 군사력 사용,19,4,-10.0,2,1,2,4.15851272015656,"Riyadh, Ar Riya?, Saudi Arabia",SA,http://mondediplo.com/2014/05/06gulf
20140501,295695799,20140501,QATAR,QAT,ALEPPO,SYR,190,재래식 군사력 사용,19,4,-10.0,10,1,10,0.78740157480315,"Aleppo, ?alab, Syria",SY,http://thepeninsulaqatar.com/news/middle-east/282116/assad-forces-raid-aleppo-33-killed
20140501,295699463,20140501,SAUDI ARABIA,SAU,BAHRAINI,BHR,192,영토 점령,19,4,-9.5,2,1,2,3.08641975308642,United Arab Emirates,AE,http://www.albawaba.com/news/bahrain-protest-female-prisoners-572847
20140501,295699464,20140501,SAUDI ARABIA,SAU,BAHRAINI,BHR,192,영토 점령,19,4,-9.5,2,1,2,3.08641975308642,Saudi Arabia,SA,http://www.albawaba.com/news/bahrain-protest-female-prisoners-572847
20140501,295699467,20140501,SAUDI ARABIA,SAU,BAHRAINI,BHR,192,영토 점령,19,4,-9.5,6,1,6,3.08641975308642,United Arab Emirates,AE,http://www.albawaba.com/news/bahrain-protest-female-prisoners-572847
20140501,295699620,20140501,SAUDI ARABIA,SAU,QATAR,QAT,190,재래식 군사력 사용,19,4,-10.0,6,1,6,4.15851272015656,"Riyadh, Ar Riya?, Saudi Arabia",SA,http://mondediplo.com/2014/05/06gulf
20140501,295699621,20140501,SAUDI ARABIA,SAU,QATAR,QAT,190,재래식 군사력 사용,19,4,-10.0,2,1,2,4.15851272015656,"Riyadh, Ar Riya?, Saudi Arabia",SA,http://mondediplo.com/2014/05/06gulf
20140501,295699622,20140501,SAUDI ARABIA,SAU,QATAR,QAT,190,재래식 군사력 사용,19,4,-10.0,2,1,2,4.15851272015656,"Riyadh, Ar Riya?, Saudi Arabia",SA,http://mondediplo.com/2014/05/06gulf
20140501,295701765,20140501,SYRIA,SYR,IRAQ,IRQ,190,재래식 군사력 사용,19,4,-10.0,4,2,4,0.823247579909572,"Deir Ezzor, Dayr az Zawr, Syria",SY,http://www.dailystar.com.lb/News/Middle-East/2014/May-02/255084-syria-regime-raid-on-aleppo-kills-at-least-33-ngo.ashx
20140501,295701766,20140501,SYRIA,SYR,IRAQ,IRQ,190,재래식 군사력 사용,19,4,-10.0,16,2,16,0.823247579909572,"Deir Ezzor, Dayr az Zawr, Syria",SY,http://www.dailystar.com.lb/News/Middle-East/2014/May-02/255084-syria-regime-raid-on-aleppo-kills-at-least-33-ngo.ashx
20140501,295701767,20140501,SYRIA,SYR,IRAQ,IRQ,192,영토 점령,19,4,-9.5,8,1,8,2.44687701223439,"Ramadi, Dayr az Zawr, Syria",SY,http://www.policymic.com/articles/88727/what-every-american-needs-to-know-about-iraq-s-election
20140501,295701768,20140501,SYRIA,SYR,IRAQ,IRQ,192,영토 점령,19,4,-9.5,2,1,2,2.44687701223439,"Anbar, Kayseri, Turkey",TU,http://www.policymic.com/articles/88727/what-every-american-needs-to-know-about-iraq-s-election
20140501,295701812,20140501,SYRIAN,SYR,BEIRUT,LBN,190,재래식 군사력 사용,19,4,-10.0,2,1,2,1.21951219512195,"Aleppo, ?alab, Syria",SY,http://azstarnet.com/ap/international/government-airstrikes-kill-in-aleppo-syria/article_76c9fd51-e476-55a2-9dc2-22593177f0c4.html
20140501,295701813,20140501,SYRIA,SYR,LEBANON,LBN,190,재래식 군사력 사용,19,4,-10.0,1,1,1,1.21951219512195,"Beirut, Beyrouth, Lebanon",LE,http://azstarnet.com/ap/international/government-airstrikes-kill-in-aleppo-syria/article_76c9fd51-e476-55a2-9dc2-22593177f0c4.html
20140501,295701814,20140501,SYRIAN,SYR,LEBANON,LBN,195,공중무기 사용,19,4,-10.0,2,1,2,2.38907849829352,"Washington, District of Columbia, United States",US,http://www.voanews.com/content/monitoring-group-says-airstrike-kills-33-in-aleppo/1905493.html
20140501,295702032,20140501,SYRIAN,SYR,SANA,YEM,190,재래식 군사력 사용,19,4,-10.0,74,29,74,0.893454532349255,"Damascus, Dimashq, Syria",SY,http://www.heraldonline.com/2014/05/01/5919980/activists-14-rebels-die-in-clashes.html?sp=/100/104/422//
20140501,295702033,20140501,SYRIAN,SYR,SANA,YEM,190,재래식 군사력 사용,19,4,-10.0,58,27,58,0.913847020673321,"Damascus, Dimashq, Syria",SY,http://www.heraldonline.com/2014/05/01/5919980/activists-14-rebels-die-in-clashes.html?sp=/100/104/422//
20140501,295702034,20140501,SYRIAN,SYR,SANA,YEM,190,재래식 군사력 사용,19,4,-10.0,14,7,14,1.01442379976626,"Damascus, Dimashq, Syria",SY,http://www.sltrib.com/sltrib/world/57890339-68/government-killed-syrian-activists.html.csp
20140501,295702035,20140501,SYRIAN,SYR,SANA,YEM,190,재래식 군사력 사용,19,4,-10.0,14,7,14,1.01442379976626,"Qalamoun, Rif Dimashq, Syria",SY,http://www.sltrib.com/sltrib/world/57890339-68/government-killed-syrian-activists.html.csp
20140501,295702036,20140501,SYRIAN,SYR,SANA,YEM,193,소형무기·경무기를 이용한 전투,19,4,-10.0,74,29,74,0.893454532349255,"Damascus, Dimashq, Syria",SY,http://www.heraldonline.com/2014/05/01/5919980/activists-14-rebels-die-in-clashes.html?sp=/100/104/422//
20140501,295702037,20140501,SYRIAN,SYR,SANA,YEM,193,소형무기·경무기를 이용한 전투,19,4,-10.0,58,27,58,0.913847020673321,"Damascus, Dimashq, Syria",SY,http://www.heraldonline.com/2014/05/01/5919980/activists-14-rebels-die-in-clashes.html?sp=/100/104/422//
20140501,295702038,20140501,SYRIAN,SYR,SANA,YEM,193,소형무기·경무기를 이용한 전투,19,4,-10.0,14,7,14,1.01442379976626,"Damascus, Dimashq, Syria",SY,http://www.sltrib.com/sltrib/world/57890339-68/government-killed-syrian-activists.html.csp
20140501,295702039,20140501,SYRIAN,SYR,SANA,YEM,193,소형무기·경무기를 이용한 전투,19,4,-10.0,12,6,12,1.00084603123416,"Damascus, Dimashq, Syria",SY,http://www.sltrib.com/sltrib/world/57890339-68/government-killed-syrian-activists.html.csp
20140501,295702040,20140501,SYRIAN,SYR,SANA,YEM,193,소형무기·경무기를 이용한 전투,19,4,-10.0,2,1,2,1.0958904109589,"Qalamoun, Rif Dimashq, Syria",SY,http://lethbridgeherald.com/news/world-news/2014/05/01/activists-say-clashes-with-syrian-government-forces-near-capital-damascus-kill-14-rebels/
20140501,295702041,20140501,DAMASCUS,SYR,SANA,YEM,193,소형무기·경무기를 이용한 전투,19,4,-10.0,5,1,5,0.0,"Damascus, Dimashq, Syria",SY,http://www.nation.com.pk/international/01-May-2014/10-children-killed-as-air-raid-hits-syria-school
20140501,295702080,20140501,SYRIAN,SYR,BEIRUT,LBN,195,공중무기 사용,19,4,-10.0,3,1,3,0.952380952380952,"Aleppo, ?alab, Syria",SY,http://www.gmanetwork.com/news/story/359237/news/world/air-strike-kills-33-in-syria-s-aleppo-monitoring-group
20140501,295702081,20140501,SYRIAN,SYR,BEIRUT,LBN,195,공중무기 사용,19,4,-10.0,6,1,6,2.38907849829352,"Washington, District of Columbia, United States",US,http://www.voanews.com/content/monitoring-group-says-airstrike-kills-33-in-aleppo/1905493.html
20140501,295702118,20140501,SYRIAN,SYR,SANA,YEM,190,재래식 군사력 사용,19,4,-10.0,198,29,198,0.902414868128012,"Damascus, Dimashq, Syria",SY,http://www.heraldonline.com/2014/05/01/5919980/activists-14-rebels-die-in-clashes.html?sp=/100/104/422//
20140501,295702119,20140501,SYRIAN,SYR,SANA,YEM,190,재래식 군사력 사용,19,4,-10.0,42,7,42,1.01442379976626,"Damascus, Dimashq, Syria",SY,http://www.sltrib.com/sltrib/world/57890339-68/government-killed-syrian-activists.html.csp
20140501,295702120,20140501,SYRIA,SYR,SANA,YEM,190,재래식 군사력 사용,19,4,-10.0,2,1,2,1.32669983416252,Malaysia,MY,http://www.dw.de/bombs-dropped-on-aleppo-marketplace/a-17606217
20140501,295702121,20140501,SYRIA,SYR,SANA,YEM,190,재래식 군사력 사용,19,4,-10.0,8,1,8,1.32669983416252,Malaysia,MY,http://www.dw.de/bombs-dropped-on-aleppo-marketplace/a-17606217
20140501,295702122,20140501,SYRIAN,SYR,SANA,YEM,193,소형무기·경무기를 이용한 전투,19,4,-10.0,208,30,208,0.922813183802748,"Damascus, Dimashq, Syria",SY,http://www.heraldonline.com/2014/05/01/5919980/activists-14-rebels-die-in-clashes.html?sp=/100/104/422//
20140501,295702123,20140501,SYRIAN,SYR,SANA,YEM,193,소형무기·경무기를 이용한 전투,19,4,-10.0,42,7,42,1.01442379976626,"Damascus, Dimashq, Syria",SY,http://www.sltrib.com/sltrib/world/57890339-68/government-killed-syrian-activists.html.csp
20140501,295703275,20140501,TURKEY,TUR,IRAQ,IRQ,190,재래식 군사력 사용,19,4,-10.0,4,2,4,1.51932594540574,"Baghdad, Baghdad, Iraq",IZ,http://www.star-telegram.com/2014/04/30/5778631/iraq-timeline-key-events-since.html
20140501,295703276,20140501,TURKEY,TUR,IRAQ,IRQ,190,재래식 군사력 사용,19,4,-10.0,6,1,6,1.94850382741823,"Ramadi, Al Anbar, Iraq",IZ,http://www.todayszaman.com/news-346599-iraqis-vote-as-violence-grips-a-divided-country.html
20140501,295703277,20140501,TURKEY,TUR,IRAQ,IRQ,190,재래식 군사력 사용,19,4,-10.0,2,1,2,1.94850382741823,"Anbar, Kayseri, Turkey",TU,http://www.todayszaman.com/news-346599-iraqis-vote-as-violence-grips-a-divided-country.html
20140501,295703278,20140501,TURKEY,TUR,IRAQ,IRQ,190,재래식 군사력 사용,19,4,-10.0,16,2,16,1.51932594540574,"Bomb At, Siirt, Turkey",TU,http://www.star-telegram.com/2014/04/30/5778631/iraq-timeline-key-events-since.html
20140501,295703469,20140501,TURKEY,TUR,SYRIA,SYR,192,영토 점령,19,4,-9.5,1,1,1,2.44687701223439,"Anbar, Kayseri, Turkey",TU,http://www.policymic.com/articles/88727/what-every-american-needs-to-know-about-iraq-s-election
20140501,295703470,20140501,TURKEY,TUR,SYRIA,SYR,192,영토 점령,19,4,-9.5,5,1,5,2.44687701223439,"Anbar, Kayseri, Turkey",TU,http://www.policymic.com/articles/88727/what-every-american-needs-to-know-about-iraq-s-election
20140502,295780594,20140502,EGYPT,EGY,ISRAEL,ISR,194,포병·전차를 이용한 전투,19,4,-10.0,2,1,2,0.0,"Cairo, Al Qahirah, Egypt",EG,"http://www.ynetnews.com/articles/0,7340,L-4515693,00.html"
20140502,295780679,20140502,CAIRO,EGY,GAZA,PSE,191,봉쇄·이동 제한,19,4,-9.5,2,1,2,2.12014134275618,"Gaza, Israel (general), Israel",IS,http://www.algemeiner.com/2014/05/02/u-s-lawmakers-consider-defunding-palestinian-authority-due-to-hamas-unity-talks-terrorism/
20140502,295780711,20140502,EGYPT,EGY,SAUDI ARABIA,SAU,194,포병·전차를 이용한 전투,19,4,-10.0,20,1,20,0.847457627118644,"Cairo, Al Qahirah, Egypt",EG,http://www.arabnews.com/node/564891/RK=0
20140502,295780788,20140502,EGYPTIAN,EGY,AL JAZEERA,QAT,190,재래식 군사력 사용,19,4,-10.0,12,1,12,1.93798449612403,"Cairo, Al Qahirah, Egypt",EG,http://www.aljazeera.com/news/middleeast/2014/05/morsi-supporters-clash-with-egyptian-police-201452174820517495.html/RK=0
20140502,295780864,20140502,EGYPT,EGY,ISRAEL,ISR,191,봉쇄·이동 제한,19,4,-9.5,2,1,2,2.12014134275618,"Cairo, Al Qahirah, Egypt",EG,http://www.algemeiner.com/2014/05/02/u-s-lawmakers-consider-defunding-palestinian-authority-due-to-hamas-unity-talks-terrorism/
20140502,295780865,20140502,EGYPT,EGY,ISRAEL,ISR,191,봉쇄·이동 제한,19,4,-9.5,2,1,2,2.12014134275618,"Gaza, Israel (general), Israel",IS,http://www.algemeiner.com/2014/05/02/u-s-lawmakers-consider-defunding-palestinian-authority-due-to-hamas-unity-talks-terrorism/
20140502,295780867,20140502,CAIRO,EGY,GAZA,PSE,191,봉쇄·이동 제한,19,4,-9.5,2,1,2,2.12014134275618,"Gaza, Israel (general), Israel",IS,http://www.algemeiner.com/2014/05/02/u-s-lawmakers-consider-defunding-palestinian-authority-due-to-hamas-unity-talks-terrorism/
20140502,295802405,20140502,IRAN,IRN,LEBANON,LBN,190,재래식 군사력 사용,19,4,-10.0,5,1,5,2.18408736349454,Lebanon,LE,http://www.thenews.com.pk/Todays-News-1-247835-Gulf-region-needs-to-act-on-missile-threat
20140502,295802406,20140502,IRAN,IRN,LEBANON,LBN,190,재래식 군사력 사용,19,4,-10.0,3,1,3,2.18408736349454,United States,US,http://www.thenews.com.pk/Todays-News-1-247835-Gulf-region-needs-to-act-on-missile-threat
20140502,295802759,20140502,IRAQ,IRQ,HASSAN,JOR,139,최후통첩,13,3,-7.0,1,1,1,2.4322446143155,"Shaqlawa, Liwa' Irbil, Iraq",IZ,http://pulitzercenter.org/reporting/middle-east-iraq-anbar-kurdistan-elections-displaced-population
20140502,295803291,20140502,JERUSALEM,ISR,EGYPT,EGY,190,재래식 군사력 사용,19,4,-10.0,5,1,5,0.892857142857143,"Jerusalem, Israel (general), Israel",IS,http://www.longwarjournal.org/archives/2014/05/two_suicide_bombers.php
20140502,295803292,20140502,ISRAELI,ISR,EGYPT,EGY,190,재래식 군사력 사용,19,4,-10.0,16,1,16,4.59016393442623,Egypt,EG,http://weekly.ahram.org.eg/News/6057/44/Land-of-coral-and-turquoise.aspx
20140502,295803385,20140502,ISRAEL,ISR,IRAN,IRN,138,군사력 사용 위협,13,3,-7.0,10,1,10,1.14942528735632,United States,US,http://www.israelnationalnews.com/News/Flash.aspx/292295
20140502,295803699,20140502,ISRAELI,ISR,PALESTINIAN,PSE,190,재래식 군사력 사용,19,4,-10.0,4,1,4,2.5,"Beit Shean, Ha?afon, Israel",IS,http://www.timesofisrael.com/in-italy-al-aqsa-mosque-imam-urges-destruction-of-israel/
20140502,295803700,20140502,ISRAELI,ISR,PALESTINIAN,PSE,190,재래식 군사력 사용,19,4,-10.0,10,1,10,0.0,"Nablus, West Bank (general), West Bank",WE,http://www.timesofisrael.com/soldier-lightly-injured-in-overnight-nablus-clash/
20140502,295803701,20140502,JERUSALEM,ISR,PALESTINIAN,PSE,190,재래식 군사력 사용,19,4,-10.0,14,3,14,1.40184933831015,"Jerusalem, Israel (general), Israel",IS,http://www.timesofisrael.com/at-jerusalem-wedding-hezbollah-and-hamas-flags/
20140502,295803702,20140502,ISRAEL,ISR,PALESTINIAN,PSE,190,재래식 군사력 사용,19,4,-10.0,2,1,2,0.97323600973236,"Washington, District of Columbia, United States",US,http://www.maannews.net/eng/ViewDetails.aspx?ID=694409
20140502,295803703,20140502,ISRAEL,ISR,PALESTINIAN,PSE,190,재래식 군사력 사용,19,4,-10.0,8,2,8,2.39787939715764,"Gaza, Israel (general), Israel",IS,http://www.imemc.org/article/67696
20140502,295803704,20140502,ISRAEL,ISR,WEST BANK,PSE,190,재래식 군사력 사용,19,4,-10.0,1,1,1,0.0,"Jayyus, West Bank (general), West Bank",WE,"Ma'an News Agency website, Bethlehem/BBC Monitoring/(c) BBC"
20140502,295803705,20140502,ISRAELI,ISR,WEST BANK,PSE,190,재래식 군사력 사용,19,4,-10.0,2,1,2,0.0,Israel,IS,"Ma'an News Agency website, Bethlehem/BBC Monitoring/(c) BBC"
20140502,295803706,20140502,ISRAELI,ISR,PALESTINIAN,PSE,190,재래식 군사력 사용,19,4,-10.0,2,1,2,0.0,"Jayyus, West Bank (general), West Bank",WE,"Ma'an News Agency website, Bethlehem/BBC Monitoring/(c) BBC"
20140502,295803707,20140502,ISRAELI,ISR,PALESTINIAN,PSE,190,재래식 군사력 사용,19,4,-10.0,6,1,6,0.0,Israel,IS,"Ma'an News Agency website, Bethlehem/BBC Monitoring/(c) BBC"
20140502,295803708,20140502,ISRAELI,ISR,PALESTINIAN,PSE,190,재래식 군사력 사용,19,4,-10.0,4,1,4,1.01010101010101,West Bank,WE,http://www.albawaba.com/news/palestine-clashes-573170
20140502,295803709,20140502,ISRAEL,ISR,PALESTINE,PSE,192,영토 점령,19,4,-9.5,20,1,20,3.07692307692308,"Jerusalem, Israel (general), Israel",IS,http://www.globalpost.com/dispatch/news/regions/middle-east/israel-and-palestine/140430/believe-it-or-not-israel-has-excellent-bacon
20140502,295803710,20140502,JERUSALEM,ISR,GAZA,PSE,194,포병·전차를 이용한 전투,19,4,-10.0,10,1,10,1.65289256198347,"Jerusalem, Israel (general), Israel",IS,http://www.maannews.net/eng/ViewDetails.aspx?ID=694407
20140502,295803733,20140502,ISRAEL,ISR,HAMAS,PSE,190,재래식 군사력 사용,19,4,-10.0,4,1,4,2.86298568507157,"Gaza, Israel (general), Israel",IS,"http://weekly.ahram.org.eg/News/6087/19/Reconciliation,-belated-and-tenuous.aspx/RK=0"
20140502,295803734,20140502,ISRAELI,ISR,HAMAS,PSE,192,영토 점령,19,4,-9.5,20,4,20,3.793028438431,"Gaza, Israel (general), Israel",IS,http://www.foreignpolicyjournal.com/2014/05/02/palestinian-unity-hope-and-gloom-in-the-beach-refugee-camp/
20140502,295803918,20140502,ISRAELI,ISR,PALESTINIAN,PSE,190,재래식 군사력 사용,19,4,-10.0,6,1,6,2.5,"Beit Shean, Ha?afon, Israel",IS,http://www.timesofisrael.com/in-italy-al-aqsa-mosque-imam-urges-destruction-of-israel/
20140502,295804028,20140502,ISRAELI,ISR,HAMAS,PSE,192,영토 점령,19,4,-9.5,30,4,30,3.793028438431,"Gaza, Israel (general), Israel",IS,http://www.foreignpolicyjournal.com/2014/05/02/palestinian-unity-hope-and-gloom-in-the-beach-refugee-camp/
20140502,295804098,20140502,ISRAELI,ISR,GAZA,PSE,190,재래식 군사력 사용,19,4,-10.0,2,1,2,1.9327731092437,"Gaza, Israel (general), Israel",IS,http://www.imemc.org/article/67696
20140502,295804099,20140502,ISRAELI,ISR,PALESTINIAN,PSE,190,재래식 군사력 사용,19,4,-10.0,6,1,6,1.01010101010101,West Bank,WE,http://www.albawaba.com/news/palestine-clashes-573170
20140502,295804100,20140502,ISRAEL,ISR,HAMAS,PSE,190,재래식 군사력 사용,19,4,-10.0,10,1,10,0.537634408602151,"Kafr Bara, HaMerkaz, Israel",IS,http://www.cbn.com/cbnnews/insideisrael/2014/May/Israeli-Woman-Killed-in-Apparent-Terror-Attack/
20140502,295804113,20140502,ISRAELI,ISR,PALESTINIAN,PSE,190,재래식 군사력 사용,19,4,-10.0,2,1,2,0.728155339805825,"Nesher, H_efa, Israel",IS,http://www.digitaljournal.com/news/world/israeli-price-tag-attacks-included-in-state-dep-t-terror-report/article/382743
20140502,295804941,20140502,JORDANIAN,JOR,SYRIA,SYR,192,영토 점령,19,4,-9.5,4,1,4,1.33928571428571,Syria,SY,http://www.worldtribune.com/2014/05/02/jordan-hosting-prosecuting-islamist-fighters-trained-fight-syria/
20140502,295804948,20140502,AMMAN,JOR,SYRIAN,SYR,190,재래식 군사력 사용,19,4,-10.0,3,1,3,1.53846153846154,Syria,SY,http://twocircles.net/2014may02/jordan_opens_camp_130000_syrian_refugees.html
20140502,295810815,20140502,LEBANESE,LBN,ISRAELI,ISR,192,영토 점령,19,4,-9.5,1,1,1,1.54083204930663,"Mount Hermon, , Lebanon",LE,http://www.thestate.com/2014/04/23/3403597/ap-photos-syrians-on-treacherous.html
20140502,295810931,20140502,BEIRUT,LBN,SYRIAN,SYR,190,재래식 군사력 사용,19,4,-10.0,8,1,8,1.6602809706258,"Raqqa, Ar Raqqah, Syria",SY,http://www.miamiherald.com/2014/05/02/4094258/al-qaida-leader-calls-for-end.html
20140502,295810932,20140502,LEBANON,LBN,SYRIA,SYR,192,영토 점령,19,4,-9.5,2,1,2,1.54083204930663,"Mount Hermon, , Lebanon",LE,http://www.thestate.com/2014/04/23/3403597/ap-photos-syrians-on-treacherous.html
20140502,295828678,20140502,PALESTINIAN,PSE,ISRAELI,ISR,190,재래식 군사력 사용,19,4,-10.0,4,1,4,2.5,"Beit Shean, Ha?afon, Israel",IS,http://www.timesofisrael.com/in-italy-al-aqsa-mosque-imam-urges-destruction-of-israel/
20140502,295828679,20140502,PALESTINIAN,PSE,HAIFA,ISR,190,재래식 군사력 사용,19,4,-10.0,4,1,4,1.50214592274678,"Fureidis, H_efa, Israel",IS,http://www.imemc.org/article/67697
20140502,295828680,20140502,PALESTINIAN,PSE,ISRAELI,ISR,190,재래식 군사력 사용,19,4,-10.0,10,1,10,0.0,Israel,IS,http://www.timesofisrael.com/soldier-lightly-injured-in-overnight-nablus-clash/
20140502,295828681,20140502,PALESTINIAN,PSE,JERUSALEM,ISR,190,재래식 군사력 사용,19,4,-10.0,14,3,14,1.40184933831015,"Jerusalem, Israel (general), Israel",IS,http://www.timesofisrael.com/at-jerusalem-wedding-hezbollah-and-hamas-flags/
20140502,295828682,20140502,GAZA,PSE,ISRAEL,ISR,190,재래식 군사력 사용,19,4,-10.0,4,1,4,2.86298568507157,"Gaza, Israel (general), Israel",IS,"http://weekly.ahram.org.eg/News/6087/19/Reconciliation,-belated-and-tenuous.aspx/RK=0"
20140502,295828683,20140502,PALESTINIAN,PSE,ISRAELI,ISR,190,재래식 군사력 사용,19,4,-10.0,6,1,6,1.00167084377611,"Roman Catholic, West Bank (general), West Bank",WE,http://www.panarmenian.net/eng/news/178539/Israeli_police_challenges_US_inclusion_of_Jewish_extremist_attacks_in_terror_report
20140502,295828684,20140502,GAZA,PSE,ISRAEL,ISR,190,재래식 군사력 사용,19,4,-10.0,2,1,2,0.809061488673139,Gaza Strip,GZ,http://www.jpost.com/Defense/The-pain-never-leaves-bereaved-families-351123
20140502,295828685,20140502,PALESTINIAN,PSE,ISRAELI,ISR,190,재래식 군사력 사용,19,4,-10.0,2,1,2,1.01010101010101,Israel,IS,http://www.albawaba.com/news/palestine-clashes-573170
20140502,295828686,20140502,PALESTINIAN,PSE,ISRAELI,ISR,190,재래식 군사력 사용,19,4,-10.0,2,1,2,1.01010101010101,Israel,IS,http://www.albawaba.com/news/palestine-clashes-573170
20140502,295828687,20140502,PALESTINE,PSE,ISRAEL,ISR,192,영토 점령,19,4,-9.5,4,1,4,4.860088365243,Israel,IS,http://www.aljazeera.com/indepth/opinion/2014/05/palestine-can-be-won-street-fight-2014518217537733.html
20140502,295828688,20140502,PALESTINIAN,PSE,ISRAELI,ISR,193,소형무기·경무기를 이용한 전투,19,4,-10.0,5,1,5,1.19617224880383,"Gaza, Israel (general), Israel",IS,http://mondoweiss.net/2014/05/thousands-occupied-territories.html
20140502,295828689,20140502,GAZA,PSE,ISRAEL,ISR,194,포병·전차를 이용한 전투,19,4,-10.0,9,3,9,1.32834241092395,"Gaza City, Israel (general), Israel",IS,http://www.timesofisrael.com/gunmen-fire-at-idf-troops-on-gaza-border/
20140502,295828690,20140502,PALESTINIAN,PSE,ISRAELI,ISR,190,재래식 군사력 사용,19,4,-10.0,6,1,6,2.5,"Beit Shean, Ha?afon, Israel",IS,http://www.timesofisrael.com/in-italy-al-aqsa-mosque-imam-urges-destruction-of-israel/
20140502,295828691,20140502,PALESTINIAN,PSE,ISRAELI,ISR,190,재래식 군사력 사용,19,4,-10.0,3,1,3,0.970873786407767,"Jerusalem, Israel (general), Israel",IS,http://www.palestinechronicle.com/israel-police-challenge-us-terror-findings/
20140502,295828692,20140502,PALESTINIAN,PSE,ISRAELI,ISR,190,재래식 군사력 사용,19,4,-10.0,4,2,4,0.99456213526517,"Washington, District of Columbia, United States",US,http://www.panarmenian.net/eng/news/178539/Israeli_police_challenges_US_inclusion_of_Jewish_extremist_attacks_in_terror_report
20140502,295828703,20140502,PALESTINIAN,PSE,ISRAELI,ISR,190,재래식 군사력 사용,19,4,-10.0,6,1,6,1.01010101010101,Israel,IS,http://www.albawaba.com/news/palestine-clashes-573170
20140502,295828845,20140502,HAMAS,PSE,ISRAEL,ISR,190,재래식 군사력 사용,19,4,-10.0,4,1,4,2.86298568507157,"Gaza, Israel (general), Israel",IS,"http://weekly.ahram.org.eg/News/6087/19/Reconciliation,-belated-and-tenuous.aspx/RK=0"
20140502,295828846,20140502,HAMAS,PSE,ISRAEL,ISR,192,영토 점령,19,4,-9.5,4,1,4,1.78185745140389,Israel,IS,http://www.gatestoneinstitute.org/4296/france-anti-jihadist-plan
20140502,295828862,20140502,HAMAS,PSE,SYRIA,SYR,190,재래식 군사력 사용,19,4,-10.0,2,1,2,0.0,"Damascus, Dimashq, Syria",SY,http://www.plenglish.com/index.php?option=com_content&task=view&id=2642041&Itemid=1
20140502,295828869,20140502,GAZA,PSE,ISRAEL,ISR,138,군사력 사용 위협,13,3,-7.0,2,1,2,0.0,"Gaza, Israel (general), Israel",IS,http://www.timesofisrael.com/gunmen-fire-at-idf-troops-on-gaza-border/
20140502,295828870,20140502,GAZA,PSE,ISRAEL,ISR,194,포병·전차를 이용한 전투,19,4,-10.0,2,1,2,0.0,"Gaza, Israel (general), Israel",IS,http://www.timesofisrael.com/gunmen-fire-at-idf-troops-on-gaza-border/
20140502,295828873,20140502,PALESTINIAN,PSE,ISRAEL,ISR,194,포병·전차를 이용한 전투,19,4,-10.0,2,1,2,1.65289256198347,"Jerusalem, Israel (general), Israel",IS,http://www.maannews.net/eng/ViewDetails.aspx?ID=694407
20140502,295828874,20140502,GAZA,PSE,ISRAEL,ISR,194,포병·전차를 이용한 전투,19,4,-10.0,4,1,4,0.602409638554217,"Gaza, Israel (general), Israel",IS,http://www.israelnationalnews.com/News/News.aspx/180196
20140502,295829387,20140502,AL JAZEERA,QAT,EGYPTIAN,EGY,190,재래식 군사력 사용,19,4,-10.0,12,1,12,1.93798449612403,"Cairo, Al Qahirah, Egypt",EG,http://www.aljazeera.com/news/middleeast/2014/05/morsi-supporters-clash-with-egyptian-police-201452174820517495.html/RK=0
20140502,295834553,20140502,ABDULLAH,SAU,YEMEN,YEM,190,재래식 군사력 사용,19,4,-10.0,3,1,3,1.22326709620023,Yemen,YM,http://www.worldbulletin.net/todays-news/135276/10-killed-in-attack-in-yemens-al-bayda
20140502,295836936,20140502,SYRIA,SYR,IRAQ,IRQ,190,재래식 군사력 사용,19,4,-10.0,2,1,2,0.583657587548638,"Deir Ezzor, Dayr az Zawr, Syria",SY,http://www.hurriyetdailynews.com/syria-regime-raid-on-aleppo-kills-at-least-33-ngo.aspx?pageID=238&nID=65872&NewsCatID=352
20140502,295836937,20140502,SYRIA,SYR,IRAQ,IRQ,190,재래식 군사력 사용,19,4,-10.0,16,2,16,1.01796987261249,"Deir Ezzor, Dayr az Zawr, Syria",SY,http://www.spacewar.com/reports/Syria_regime_raid_on_Aleppo_kills_at_least_33_NGO_999.html/RK=0
20140502,295836938,20140502,SYRIA,SYR,IRAQ,IRQ,190,재래식 군사력 사용,19,4,-10.0,2,1,2,1.45228215767635,"Deir Ezzor, Dayr az Zawr, Syria",SY,http://www.spacewar.com/reports/Syria_regime_raid_on_Aleppo_kills_at_least_33_NGO_999.html/RK=0
20140502,295836939,20140502,SYRIA,SYR,IRAQI,IRQ,190,재래식 군사력 사용,19,4,-10.0,6,1,6,2.0671834625323,"Aleppo, ?alab, Syria",SY,http://www.theguardian.com/world/2014/may/02/syrian-rebels-homs-ceasefire-deal
20140502,295836940,20140502,SYRIA,SYR,IRAQI,IRQ,190,재래식 군사력 사용,19,4,-10.0,4,1,4,2.0671834625323,Iraq,IZ,http://www.theguardian.com/world/2014/may/02/syrian-rebels-homs-ceasefire-deal
20140502,295836958,20140502,SYRIA,SYR,JORDANIAN,JOR,192,영토 점령,19,4,-9.5,6,1,6,1.33928571428571,Syria,SY,http://www.worldtribune.com/2014/05/02/jordan-hosting-prosecuting-islamist-fighters-trained-fight-syria/
20140502,295837003,20140502,SYRIAN,SYR,BEIRUT,LBN,190,재래식 군사력 사용,19,4,-10.0,8,1,8,1.6602809706258,"Raqqa, Ar Raqqah, Syria",SY,http://www.miamiherald.com/2014/05/02/4094258/al-qaida-leader-calls-for-end.html
20140502,295837004,20140502,SYRIAN,SYR,BEIRUT,LBN,190,재래식 군사력 사용,19,4,-10.0,2,1,2,1.21212121212121,"Aleppo, ?alab, Syria",SY,http://www.stripes.com/news/middle-east/government-airstrikes-kill-40-in-aleppo-syria-1.281120
20140502,295837005,20140502,SYRIA,SYR,LEBANON,LBN,190,재래식 군사력 사용,19,4,-10.0,1,1,1,1.21212121212121,"Beirut, Beyrouth, Lebanon",LE,http://www.stripes.com/news/middle-east/government-airstrikes-kill-40-in-aleppo-syria-1.281120
20140502,295837193,20140502,SYRIA,SYR,TURKEY,TUR,190,재래식 군사력 사용,19,4,-10.0,2,1,2,3.39110776186888,"Berlin, Berlin, Germany",GM,http://www.wsws.org/en/articles/2014/05/02/gauc-m02.html
20140502,295837194,20140502,SYRIA,SYR,TURKEY,TUR,190,재래식 군사력 사용,19,4,-10.0,2,1,2,3.39110776186888,"Ghouta, Dimashq, Syria",SY,http://www.wsws.org/en/articles/2014/05/02/gauc-m02.html
20140502,295837195,20140502,SYRIAN,SYR,TURKISH,TUR,190,재래식 군사력 사용,19,4,-10.0,8,1,8,2.44755244755245,"Ankara, Ankara, Turkey",TU,http://www.eurasianet.org/taxonomy/term/3687&c=tWhuwnEKAdBF6ieA0Q01OCzCo6vERgcnKO3iK9G5ubo&mkt=en-us
20140502,295837196,20140502,SYRIAN,SYR,TURKEY,TUR,190,재래식 군사력 사용,19,4,-10.0,2,1,2,2.44755244755245,"Ankara, Ankara, Turkey",TU,http://www.eurasianet.org/taxonomy/term/3687&c=tWhuwnEKAdBF6ieA0Q01OCzCo6vERgcnKO3iK9G5ubo&mkt=en-us
20140502,295837298,20140502,SYRIAN,SYR,SANA,YEM,190,재래식 군사력 사용,19,4,-10.0,18,8,18,0.997546137877515,"Damascus, Dimashq, Syria",SY,http://www.enquirerherald.com/2014/05/01/3014682/activists-14-rebels-die-in-clashes.html
20140502,295837299,20140502,SYRIAN,SYR,SANA,YEM,190,재래식 군사력 사용,19,4,-10.0,18,8,18,0.997546137877515,"Damascus, Dimashq, Syria",SY,http://www.enquirerherald.com/2014/05/01/3014682/activists-14-rebels-die-in-clashes.html
20140502,295837300,20140502,SYRIAN,SYR,SANA,YEM,193,소형무기·경무기를 이용한 전투,19,4,-10.0,18,8,18,0.997546137877515,"Damascus, Dimashq, Syria",SY,http://www.enquirerherald.com/2014/05/01/3014682/activists-14-rebels-die-in-clashes.html
20140502,295837301,20140502,SYRIAN,SYR,SANA,YEM,193,소형무기·경무기를 이용한 전투,19,4,-10.0,18,8,18,0.997546137877515,"Damascus, Dimashq, Syria",SY,http://www.enquirerherald.com/2014/05/01/3014682/activists-14-rebels-die-in-clashes.html
20140502,295837336,20140502,SYRIAN,SYR,BEIRUT,LBN,195,공중무기 사용,19,4,-10.0,3,1,3,1.06382978723404,"Aleppo, ?alab, Syria",SY,http://www.tempo.com.ph/2014/05/air-strike-kills-33-in-aleppo/
20140502,295837386,20140502,SYRIAN,SYR,SANA,YEM,190,재래식 군사력 사용,19,4,-10.0,54,8,54,0.997546137877514,"Damascus, Dimashq, Syria",SY,http://www.enquirerherald.com/2014/05/01/3014682/activists-14-rebels-die-in-clashes.html
20140502,295837387,20140502,SYRIAN,SYR,SANA,YEM,193,소형무기·경무기를 이용한 전투,19,4,-10.0,54,8,54,0.997546137877514,"Damascus, Dimashq, Syria",SY,http://www.enquirerherald.com/2014/05/01/3014682/activists-14-rebels-die-in-clashes.html
20140502,295838485,20140502,TURKISH,TUR,IRAQI,IRQ,193,소형무기·경무기를 이용한 전투,19,4,-10.0,1,1,1,2.91750503018109,"Hakkari, Hakkâ, Turkey",TU,http://www.todayszaman.com/news-346659-erdogan-silent-about-pkk-attacks-for-sake-of-presidential-elections.html
20140502,295838486,20140502,TURKISH,TUR,IRAQI,IRQ,193,소형무기·경무기를 이용한 전투,19,4,-10.0,1,1,1,2.91750503018109,Iraq,IZ,http://www.todayszaman.com/news-346659-erdogan-silent-about-pkk-attacks-for-sake-of-presidential-elections.html
20140502,295838487,20140502,TURKISH,TUR,IRAQI,IRQ,193,소형무기·경무기를 이용한 전투,19,4,-10.0,1,1,1,2.40174672489083,"Semdinli, Hakkâ, Turkey",TU,"Zaman website, Istanbul/BBC Monitoring/(c) BBC"
20140502,295838488,20140502,TURKISH,TUR,IRAQI,IRQ,193,소형무기·경무기를 이용한 전투,19,4,-10.0,1,1,1,2.40174672489083,Iraq,IZ,"Zaman website, Istanbul/BBC Monitoring/(c) BBC"
20140502,295838500,20140502,TURKEY,TUR,ISRAELI,ISR,190,재래식 군사력 사용,19,4,-10.0,4,1,4,1.73010380622837,"Gaza, Israel (general), Israel",IS,http://www.worldbulletin.net/haberler/135308/israel-to-compensate-mavi-marmara-families-within-days
20140502,295838502,20140502,TURKEY,TUR,ISRAELI,ISR,190,재래식 군사력 사용,19,4,-10.0,16,1,16,1.73010380622837,"Gaza, Israel (general), Israel",IS,http://www.worldbulletin.net/haberler/135308/israel-to-compensate-mavi-marmara-families-within-days
20140502,295838631,20140502,TURKISH,TUR,SYRIA,SYR,190,재래식 군사력 사용,19,4,-10.0,1,1,1,2.40641711229947,"Latakia, Al Ladhiqiyah, Syria",SY,"Anadolu (also known as Anatolia) news agency website, Ankara/BBC Monitoring/(c) BBC"
20140502,295838632,20140502,TURKISH,TUR,SYRIA,SYR,190,재래식 군사력 사용,19,4,-10.0,1,1,1,2.40641711229947,"Ankara, Ankara, Turkey",TU,"Anadolu (also known as Anatolia) news agency website, Ankara/BBC Monitoring/(c) BBC"
20140502,295838633,20140502,TURKISH,TUR,SYRIA,SYR,192,영토 점령,19,4,-9.5,30,2,30,1.359027760783,Syria,SY,http://www.turkishweekly.net/news/166369/-i-m-not-an-agent-says-us-journalist-after-hours-long-detention-in-turkey.html
20140502,295838634,20140502,TURKEY,TUR,SYRIA,SYR,193,소형무기·경무기를 이용한 전투,19,4,-10.0,1,1,1,2.44755244755245,"Moscow, Moskva, Russia",RS,http://www.eurasianet.org/taxonomy/term/3687&c=tWhuwnEKAdBF6ieA0Q01OCzCo6vERgcnKO3iK9G5ubo&mkt=en-us
20140502,295838635,20140502,TURKEY,TUR,SYRIA,SYR,193,소형무기·경무기를 이용한 전투,19,4,-10.0,4,1,4,2.44755244755245,"Akcakale, Tokat, Turkey",TU,http://www.eurasianet.org/taxonomy/term/3687&c=tWhuwnEKAdBF6ieA0Q01OCzCo6vERgcnKO3iK9G5ubo&mkt=en-us
20140502,295838884,20140502,TURKISH,TUR,IRAQI,IRQ,193,소형무기·경무기를 이용한 전투,19,4,-10.0,3,1,3,2.91750503018109,"Hakkari, Hakkâ, Turkey",TU,http://www.todayszaman.com/news-346659-erdogan-silent-about-pkk-attacks-for-sake-of-presidential-elections.html
20140502,295838885,20140502,TURKISH,TUR,IRAQI,IRQ,193,소형무기·경무기를 이용한 전투,19,4,-10.0,3,1,3,2.40174672489083,"Semdinli, Hakkâ, Turkey",TU,"Zaman website, Istanbul/BBC Monitoring/(c) BBC"
20140502,295868293,20140502,SANA,YEM,DAMASCUS,SYR,190,재래식 군사력 사용,19,4,-10.0,8,1,8,0.518134715025907,"Aleppo, ?alab, Syria",SY,http://news.xinhuanet.com/english/world/2014-05/02/c_133305373.htm
20140503,295884754,20140503,BAHRAIN,BHR,SAUDI ARABIA,SAU,191,봉쇄·이동 제한,19,4,-9.5,1,1,1,5.91497227356747,Kuwait,KU,http://www.gulf-daily-news.com/NewsDetails.aspx?storyid=376169
20140503,295884755,20140503,BAHRAIN,BHR,SAUDI ARABIA,SAU,191,봉쇄·이동 제한,19,4,-9.5,4,1,4,5.91497227356747,"Muharraq, Al Mu?arraq, Bahrain",BA,http://www.gulf-daily-news.com/NewsDetails.aspx?storyid=376169
20140503,295899481,20140503,CAIRO,EGY,GAZA,PSE,191,봉쇄·이동 제한,19,4,-9.5,2,1,2,2.34113712374582,"Gaza, Israel (general), Israel",IS,http://www.sdjewishworld.com/2014/05/03/movement-defund-palestinian-authority-grows/
20140503,295899670,20140503,EGYPT,EGY,ISRAEL,ISR,191,봉쇄·이동 제한,19,4,-9.5,2,1,2,2.34113712374582,"Cairo, Al Qahirah, Egypt",EG,http://www.sdjewishworld.com/2014/05/03/movement-defund-palestinian-authority-grows/
20140503,295899671,20140503,EGYPT,EGY,ISRAEL,ISR,191,봉쇄·이동 제한,19,4,-9.5,2,1,2,2.34113712374582,"Gaza, Israel (general), Israel",IS,http://www.sdjewishworld.com/2014/05/03/movement-defund-palestinian-authority-grows/
20140503,295899672,20140503,CAIRO,EGY,GAZA,PSE,191,봉쇄·이동 제한,19,4,-9.5,2,1,2,2.34113712374582,"Gaza, Israel (general), Israel",IS,http://www.sdjewishworld.com/2014/05/03/movement-defund-palestinian-authority-grows/
20140503,295914281,20140503,IRAQI,IRQ,IRANIAN,IRN,190,재래식 군사력 사용,19,4,-10.0,1,1,1,1.58281514980215,"Baghdad, Baghdad, Iraq",IZ,http://www.mercurynews.com/breaking-news/ci_25665299/iraq-timeline-key-events-since-2003-invasion
20140503,295914282,20140503,IRAQI,IRQ,IRANIAN,IRN,190,재래식 군사력 사용,19,4,-10.0,1,1,1,1.58281514980215,"Baghdad, Baghdad, Iraq",IZ,http://www.mercurynews.com/breaking-news/ci_25665299/iraq-timeline-key-events-since-2003-invasion
20140503,295914479,20140503,IRAQ,IRQ,IRAN,IRN,190,재래식 군사력 사용,19,4,-10.0,1,1,1,1.58281514980215,"Baghdad, Baghdad, Iraq",IZ,http://www.mercurynews.com/breaking-news/ci_25665299/iraq-timeline-key-events-since-2003-invasion
20140503,295914480,20140503,IRAQI,IRQ,IRANIAN,IRN,190,재래식 군사력 사용,19,4,-10.0,4,1,4,1.58281514980215,"Baghdad, Baghdad, Iraq",IZ,http://www.mercurynews.com/breaking-news/ci_25665299/iraq-timeline-key-events-since-2003-invasion
20140503,295914912,20140503,ISRAELI,ISR,PALESTINIAN,PSE,190,재래식 군사력 사용,19,4,-10.0,2,1,2,1.17647058823529,"Fureidis, H_efa, Israel",IS,http://www.albawaba.com/conflict-israel/israel-price-tag-573237
20140503,295914913,20140503,ISRAELI,ISR,PALESTINIAN,PSE,190,재래식 군사력 사용,19,4,-10.0,5,1,5,0.831600831600832,"Jerusalem, Israel (general), Israel",IS,http://english.farsnews.com/newstext.aspx?nn=13930213000538
20140503,295914914,20140503,ISRAEL,ISR,PALESTINIAN,PSE,190,재래식 군사력 사용,19,4,-10.0,18,2,18,2.11268445016568,"Gaza, Israel (general), Israel",IS,http://www.turkishpress.com/news/403943/
20140503,295914915,20140503,ISRAELI,ISR,PALESTINIAN,PSE,190,재래식 군사력 사용,19,4,-10.0,2,1,2,0.574712643678161,"Washington, District of Columbia, United States",US,http://abna.ir/english/service/middle-east-west-asia/archive/2014/05/03/606228/story.html
20140503,295914916,20140503,ISRAEL,ISR,PALESTINE,PSE,192,영토 점령,19,4,-9.5,4,1,4,2.93560606060606,"Jerusalem, Israel (general), Israel",IS,http://www.salon.com/2014/05/03/traif_treasure_believe_it_or_not_israel_has_excellent_bacon_partner/
20140503,295914917,20140503,ISRAEL,ISR,WEST BANK,PSE,192,영토 점령,19,4,-9.5,2,1,2,3.84615384615385,"Gaza, Israel (general), Israel",IS,http://www.internationalpeaceandconflict.org/forum/topics/fatah-hamas-accord-can-be-more-an-opportunity-than-an-obstacle?xg_source=activity
20140503,295914918,20140503,ISRAEL,ISR,PALESTINE,PSE,192,영토 점령,19,4,-9.5,1,1,1,2.93560606060606,"Greek Orthodox, West Bank (general), West Bank",WE,http://www.salon.com/2014/05/03/traif_treasure_believe_it_or_not_israel_has_excellent_bacon_partner/
20140503,295914919,20140503,ISRAELI,ISR,GAZA,PSE,194,포병·전차를 이용한 전투,19,4,-10.0,4,1,4,1.11982082866741,"Gaza, Israel (general), Israel",IS,http://www.theguardian.com/world/2012/aug/19/jewish-settler-attack-terrorist-us-palestinian
20140503,295914920,20140503,ISRAELI,ISR,GAZA,PSE,194,포병·전차를 이용한 전투,19,4,-10.0,2,1,2,1.11982082866741,"Ashkelon, HaDarom, Israel",IS,http://www.theguardian.com/world/2012/aug/19/jewish-settler-attack-terrorist-us-palestinian
20140503,295914921,20140503,ISRAEL,ISR,GAZA,PSE,194,포병·전차를 이용한 전투,19,4,-10.0,3,1,3,4.15561450044209,"Gaza, Israel (general), Israel",IS,http://972mag.com/the-downfall-of-avigdor-liberman/90414/
20140503,295914926,20140503,ISRAELI,ISR,PALESTINE,PSE,190,재래식 군사력 사용,19,4,-10.0,2,1,2,0.432900432900433,Israel,IS,"Voice of the Islamic Republic of Iran External Service, Mashhad/BBC Monitoring/(c) BBC"
20140503,295914961,20140503,ISRAEL,ISR,SAUDI ARABIA,SAU,194,포병·전차를 이용한 전투,19,4,-10.0,6,1,6,4.33526011560694,"Tel Aviv, Tel Aviv, Israel",IS,"http://www.ynetnews.com/articles/0,7340,L-4515981,00.html"
20140503,295914962,20140503,ISRAEL,ISR,SAUDI ARABIA,SAU,194,포병·전차를 이용한 전투,19,4,-10.0,4,1,4,4.33526011560694,"Tel Aviv, Tel Aviv, Israel",IS,"http://www.ynetnews.com/articles/0,7340,L-4515981,00.html"
20140503,295915052,20140503,ISRAEL,ISR,PALESTINIAN,PSE,190,재래식 군사력 사용,19,4,-10.0,2,1,2,0.574712643678161,"Washington, District of Columbia, United States",US,http://abna.ir/english/service/middle-east-west-asia/archive/2014/05/03/606228/story.html
20140503,295915053,20140503,ISRAELI,ISR,PALESTINE,PSE,190,재래식 군사력 사용,19,4,-10.0,6,1,6,0.432900432900433,Israel,IS,"Voice of the Islamic Republic of Iran External Service, Mashhad/BBC Monitoring/(c) BBC"
20140503,295915157,20140503,ISRAELI,ISR,GAZA,PSE,190,재래식 군사력 사용,19,4,-10.0,6,1,6,4.59770114942529,Israel,IS,http://greens.org.au/node/4619
20140503,295915178,20140503,ISRAELI,ISR,PALESTINIAN,PSE,190,재래식 군사력 사용,19,4,-10.0,6,1,6,1.17647058823529,"Fureidis, H_efa, Israel",IS,http://www.albawaba.com/conflict-israel/israel-price-tag-573237
20140503,295915627,20140503,JORDANIAN,JOR,SYRIA,SYR,192,영토 점령,19,4,-9.5,4,1,4,0.952380952380952,Syria,SY,http://en.ammonnews.net/article.aspx?articleno=25148
20140503,295915630,20140503,AMMAN,JOR,SYRIA,SYR,190,재래식 군사력 사용,19,4,-10.0,2,1,2,0.645161290322581,"Washington, District of Columbia, United States",US,http://nvonews.com/three-syrian-soldiers-killed-in-car-explosion/
20140503,295915631,20140503,AMMAN,JOR,SYRIAN,SYR,190,재래식 군사력 사용,19,4,-10.0,8,1,8,0.645161290322581,"Washington, District of Columbia, United States",US,http://nvonews.com/three-syrian-soldiers-killed-in-car-explosion/
20140503,295915695,20140503,HASSAN,JOR,TURKEY,TUR,193,소형무기·경무기를 이용한 전투,19,4,-10.0,8,1,8,4.44444444444444,"Tirupati, Andhra Pradesh, India",IN,http://www.indiaglitz.com/its-turkey-for-kamal-and-team-tamil-news-106974
20140503,295919100,20140503,LEBANON,LBN,SYRIA,SYR,138,군사력 사용 위협,13,3,-7.0,1,1,1,3.22033898305085,"Beirut, Beyrouth, Lebanon",LE,http://www.khaleejtimes.com/kt-article-display-1.asp?xfile=data/middleeast/2014/May/middleeast_May20.xml&section=middleeast
20140503,295919101,20140503,LEBANON,LBN,SYRIA,SYR,138,군사력 사용 위협,13,3,-7.0,1,1,1,3.22033898305085,"Beirut, Beyrouth, Lebanon",LE,http://www.khaleejtimes.com/kt-article-display-1.asp?xfile=data/middleeast/2014/May/middleeast_May20.xml&section=middleeast
20140503,295919104,20140503,LEBANESE,LBN,SYRIAN,SYR,190,재래식 군사력 사용,19,4,-10.0,1,1,1,1.26582278481013,"Qalamoun, Rif Dimashq, Syria",SY,http://www.globalsecurity.org/wmd/library/news/syria/2014/syria-140503-presstv01.htm
20140503,295919105,20140503,LEBANON,LBN,SYRIAN,SYR,190,재래식 군사력 사용,19,4,-10.0,6,1,6,2.52639006116889,"Aleppo, ?alab, Syria",SY,http://www.naharnet.com/stories/en/129080-syrian-gunmen-hizbullah-fighters-clash-in-brital-plains-isf-denies-corporal-arrested
20140503,295919106,20140503,BEIRUT,LBN,SYRIAN,SYR,190,재래식 군사력 사용,19,4,-10.0,2,1,2,2.53164556962025,"Aleppo, ?alab, Syria",SY,http://www.gulf-daily-news.com/NewsDetails.aspx?storyid=376215
20140503,295919107,20140503,LEBANON,LBN,SYRIA,SYR,190,재래식 군사력 사용,19,4,-10.0,2,1,2,3.5405192761605,Syria,SY,http://www.arabnews.com/news/565091
20140503,295919108,20140503,LEBANESE,LBN,SYRIAN,SYR,190,재래식 군사력 사용,19,4,-10.0,1,1,1,1.26582278481013,"Qalamoun, Rif Dimashq, Syria",SY,http://www.globalsecurity.org/wmd/library/news/syria/2014/syria-140503-presstv01.htm
20140503,295919109,20140503,LEBANON,LBN,SYRIA,SYR,190,재래식 군사력 사용,19,4,-10.0,2,1,2,3.5405192761605,Lebanon,LE,http://www.arabnews.com/news/565091
20140503,295919110,20140503,LEBANON,LBN,SYRIA,SYR,190,재래식 군사력 사용,19,4,-10.0,6,1,6,3.5405192761605,Syria,SY,http://www.arabnews.com/news/565091
20140503,295919111,20140503,LEBANON,LBN,SYRIA,SYR,192,영토 점령,19,4,-9.5,2,1,2,2.01126307320998,"Aleppo, ?alab, Syria",SY,http://www.unhcr.org/5365368c9.html
20140503,295919112,20140503,LEBANON,LBN,SYRIA,SYR,192,영토 점령,19,4,-9.5,6,1,6,2.01126307320998,"Bekaa Valley, Béa, Lebanon",LE,http://www.unhcr.org/5365368c9.html
20140503,295919113,20140503,LEBANON,LBN,SYRIA,SYR,192,영토 점령,19,4,-9.5,2,1,2,2.01126307320998,"Azraq, Jordan (general), Jordan",JO,http://www.unhcr.org/5365368c9.html
20140503,295919114,20140503,LEBANON,LBN,SYRIA,SYR,193,소형무기·경무기를 이용한 전투,19,4,-10.0,4,1,4,1.18343195266272,"Damascus, Dimashq, Syria",SY,http://www.trust.org/item/20140503125829-yqrho
20140503,295919115,20140503,LEBANON,LBN,SYRIA,SYR,193,소형무기·경무기를 이용한 전투,19,4,-10.0,14,2,14,1.09342406071756,"Beirut, Beyrouth, Lebanon",LE,http://www.voanews.com/content/mortar-fire-kills-three-in-central-damascus/1906918.html/RK=0
20140503,295919116,20140503,BEIRUT,LBN,SYRIAN,SYR,193,소형무기·경무기를 이용한 전투,19,4,-10.0,76,4,76,1.13232190521195,"Damascus, Dimashq, Syria",SY,http://www.trust.org/item/20140503125829-yqrho
20140503,295919117,20140503,BEIRUT,LBN,SYRIAN,SYR,193,소형무기·경무기를 이용한 전투,19,4,-10.0,36,5,36,1.17127408209029,"Beirut, Beyrouth, Lebanon",LE,http://pakistan.onepakistan.com.pk/news/world/middle-east/301353-mortar-fire-kills-three-in-central-damascus.html
20140503,295919118,20140503,LEBANESE,LBN,SYRIAN,SYR,190,재래식 군사력 사용,19,4,-10.0,2,1,2,1.26582278481013,"Qalamoun, Rif Dimashq, Syria",SY,http://www.globalsecurity.org/wmd/library/news/syria/2014/syria-140503-presstv01.htm
20140503,295919120,20140503,LEBANON,LBN,SYRIA,SYR,190,재래식 군사력 사용,19,4,-10.0,12,1,12,2.52639006116889,"Aleppo, ?alab, Syria",SY,http://www.naharnet.com/stories/en/129080-syrian-gunmen-hizbullah-fighters-clash-in-brital-plains-isf-denies-corporal-arrested
20140503,295931297,20140503,PALESTINIAN,PSE,ISRAELI,ISR,190,재래식 군사력 사용,19,4,-10.0,5,1,5,0.831600831600832,"Jerusalem, Israel (general), Israel",IS,http://english.farsnews.com/newstext.aspx?nn=13930213000538
20140503,295931298,20140503,PALESTINIAN,PSE,ISRAELI,ISR,190,재래식 군사력 사용,19,4,-10.0,2,1,2,0.574712643678161,Israel,IS,http://abna.ir/english/service/middle-east-west-asia/archive/2014/05/03/606228/story.html
20140503,295931299,20140503,WEST BANK,PSE,ISRAELI,ISR,190,재래식 군사력 사용,19,4,-10.0,5,1,5,1.11982082866741,"Jerusalem, Israel (general), Israel",IS,http://www.theguardian.com/world/2012/aug/19/jewish-settler-attack-terrorist-us-palestinian
20140503,295931300,20140503,PALESTINIAN,PSE,ISRAELI,ISR,192,영토 점령,19,4,-9.5,4,1,4,1.50214592274678,"Jerusalem, Israel (general), Israel",IS,http://gulfnews.com/opinions/columnists/an-apartheid-state-on-steroids-1.1327665
20140503,295931301,20140503,PALESTINIAN,PSE,ISRAEL,ISR,192,영토 점령,19,4,-9.5,4,1,4,3.84615384615385,"Gaza, Israel (general), Israel",IS,http://www.internationalpeaceandconflict.org/forum/topics/fatah-hamas-accord-can-be-more-an-opportunity-than-an-obstacle?xg_source=activity
20140503,295931302,20140503,GAZA,PSE,ISRAEL,ISR,194,포병·전차를 이용한 전투,19,4,-10.0,16,1,16,1.32547864506627,"Gaza, Israel (general), Israel",IS,http://www.imemc.org/article/67705
20140503,295931303,20140503,GAZA,PSE,ISRAEL,ISR,194,포병·전차를 이용한 전투,19,4,-10.0,4,1,4,1.32547864506627,"Gaza, Israel (general), Israel",IS,http://www.imemc.org/article/67705
20140503,295931306,20140503,PALESTINIAN,PSE,ISRAELI,ISR,190,재래식 군사력 사용,19,4,-10.0,1,1,1,0.574712643678161,"Washington, District of Columbia, United States",US,http://abna.ir/english/service/middle-east-west-asia/archive/2014/05/03/606228/story.html
20140503,295931312,20140503,PALESTINIAN,PSE,ISRAELI,ISR,192,영토 점령,19,4,-9.5,6,1,6,1.50214592274678,"Jerusalem, Israel (general), Israel",IS,http://gulfnews.com/opinions/columnists/an-apartheid-state-on-steroids-1.1327665
20140503,295931313,20140503,WEST BANK,PSE,ISRAELI,ISR,154,군 병력 동원·증강,15,4,-7.2,8,1,8,1.84831102613129,"Sheikh Jarrah, Yerushalayim, Israel",IS,http://972mag.com/the-occupation-doesnt-have-an-image-problem/90386/
20140503,295931314,20140503,WEST BANK,PSE,ISRAEL,ISR,154,군 병력 동원·증강,15,4,-7.2,2,1,2,1.84831102613129,West Bank,WE,http://972mag.com/the-occupation-doesnt-have-an-image-problem/90386/
20140503,295935449,20140503,MAKKAH,SAU,SYRIAN,SYR,190,재래식 군사력 사용,19,4,-10.0,6,1,6,0.785327327208144,Syria,SY,http://nvonews.com/eu-offers-help-to-victims-of-landslide-in-afghanistan/
20140503,295937301,20140503,SYRIA,SYR,IRANIAN,IRN,138,군사력 사용 위협,13,3,-7.0,1,1,1,3.61794500723589,"White House, District of Columbia, United States",US,http://blog.oup.com/2014/05/ukraine-un-system-international-law-failure-pil/
20140503,295937302,20140503,SYRIA,SYR,IRANIAN,IRN,138,군사력 사용 위협,13,3,-7.0,1,1,1,3.61794500723589,"White House, District of Columbia, United States",US,http://blog.oup.com/2014/05/ukraine-un-system-international-law-failure-pil/
20140503,295937311,20140503,DAMASCUS,SYR,ISRAEL,ISR,193,소형무기·경무기를 이용한 전투,19,4,-10.0,8,1,8,1.43884892086331,"Damascus, Dimashq, Syria",SY,http://www.jpost.com/Breaking-News/Mortar-fire-kills-three-in-central-Damascus-351217
20140503,295937323,20140503,SYRIAN,SYR,JORDAN,JOR,192,영토 점령,19,4,-9.5,3,1,3,2.01126307320998,"Aleppo, ?alab, Syria",SY,http://www.unhcr.org/5365368c9.html
20140503,295937324,20140503,SYRIAN,SYR,JORDAN,JOR,192,영토 점령,19,4,-9.5,3,1,3,2.20264317180617,Syria,SY,http://reliefweb.int/report/jordan/unhcr-chief-guterres-meets-refugees-jordans-azraq-camp
20140503,295937328,20140503,SYRIA,SYR,JORDANIAN,JOR,192,영토 점령,19,4,-9.5,6,1,6,0.952380952380952,Syria,SY,http://en.ammonnews.net/article.aspx?articleno=25148
20140503,295937347,20140503,SYRIAN,SYR,LEBANON,LBN,190,재래식 군사력 사용,19,4,-10.0,30,2,30,1.11663902708679,"Damascus, Dimashq, Syria",SY,http://pakistan.onepakistan.com.pk/news/world/middle-east/301353-mortar-fire-kills-three-in-central-damascus.html
20140503,295937348,20140503,SYRIAN,SYR,BEIRUT,LBN,190,재래식 군사력 사용,19,4,-10.0,10,1,10,1.43884892086331,"Beirut, Beyrouth, Lebanon",LE,http://www.jpost.com/Breaking-News/Mortar-fire-kills-three-in-central-Damascus-351217
20140503,295937349,20140503,SYRIAN,SYR,LEBANON,LBN,190,재래식 군사력 사용,19,4,-10.0,2,1,2,2.65151515151515,"Aleppo, ?alab, Syria",SY,http://www.naharnet.com/stories/en/129080-syrian-gunmen-hizbullah-fighters-clash-in-brital-plains
20140503,295937350,20140503,SYRIAN,SYR,LEBANESE,LBN,190,재래식 군사력 사용,19,4,-10.0,1,1,1,1.26582278481013,"Qalamoun, Rif Dimashq, Syria",SY,http://www.globalsecurity.org/wmd/library/news/syria/2014/syria-140503-presstv01.htm
20140503,295937351,20140503,SYRIAN,SYR,LEBANESE,LBN,190,재래식 군사력 사용,19,4,-10.0,1,1,1,1.26582278481013,"Qalamoun, Rif Dimashq, Syria",SY,http://www.globalsecurity.org/wmd/library/news/syria/2014/syria-140503-presstv01.htm
20140503,295937352,20140503,SYRIA,SYR,LEBANON,LBN,190,재래식 군사력 사용,19,4,-10.0,2,1,2,5.40958268933539,"Jerusalem, Israel (general), Israel",IS,http://www.wnd.com/2014/05/against-all-odds-israel-celebrates-66-years-of-statehood/?cat_orig=world
20140503,295937353,20140503,SYRIAN,SYR,LEBANON,LBN,190,재래식 군사력 사용,19,4,-10.0,4,1,4,2.46382751599575,"Brital, Mohafazat Baalbek-Hermel, Lebanon",LE,http://www.naharnet.com/stories/en/129080-syrian-gunmen-hizbullah-fighters-clash-in-brital-plains-isf-denies-corporal-arrested
20140503,295937354,20140503,SYRIA,SYR,LEBANON,LBN,190,재래식 군사력 사용,19,4,-10.0,2,1,2,3.5405192761605,Syria,SY,http://www.arabnews.com/news/565091
20140503,295937355,20140503,SYRIA,SYR,LEBANON,LBN,190,재래식 군사력 사용,19,4,-10.0,2,1,2,3.5405192761605,Lebanon,LE,http://www.arabnews.com/news/565091
20140503,295937356,20140503,SYRIA,SYR,LEBANON,LBN,190,재래식 군사력 사용,19,4,-10.0,14,2,14,4.60855551226044,Syria,SY,http://www.arabnews.com/news/565091
20140503,295937462,20140503,SYRIAN,SYR,TURKEY,TUR,192,영토 점령,19,4,-9.5,2,1,2,2.82375851996105,"Deraa, Dara, Syria",SY,http://www.aawsat.net/2014/05/article55331845
20140503,295937463,20140503,SYRIAN,SYR,TURKEY,TUR,192,영토 점령,19,4,-9.5,2,1,2,2.82375851996105,"Damascus, Dimashq, Syria",SY,http://www.aawsat.net/2014/05/article55331845
20140503,295937532,20140503,SYRIAN,SYR,SANA,YEM,190,재래식 군사력 사용,19,4,-10.0,12,5,12,0.95266264611468,"Damascus, Dimashq, Syria",SY,http://www.kwwl.com/story/25398680/activists-clashes-near-damascus-kill-14-rebels
20140503,295937533,20140503,SYRIAN,SYR,SANA,YEM,190,재래식 군사력 사용,19,4,-10.0,12,5,12,0.95266264611468,"Damascus, Dimashq, Syria",SY,http://www.kwwl.com/story/25398680/activists-clashes-near-damascus-kill-14-rebels
20140503,295937534,20140503,SYRIAN,SYR,SANA,YEM,190,재래식 군사력 사용,19,4,-10.0,2,1,2,1.05105105105105,"Damascus, Dimashq, Syria",SY,http://www.thealpenanews.com/page/content.detail/id/497557/Activists-say-clashes-near-Syrian-capital-kill-14.html?isap=1&nav=5014
20140503,295937535,20140503,SYRIAN,SYR,SANA,YEM,190,재래식 군사력 사용,19,4,-10.0,2,1,2,1.05105105105105,"Qalamoun, Rif Dimashq, Syria",SY,http://www.thealpenanews.com/page/content.detail/id/497557/Activists-say-clashes-near-Syrian-capital-kill-14.html?isap=1&nav=5014
20140503,295937536,20140503,SYRIAN,SYR,SANA,YEM,193,소형무기·경무기를 이용한 전투,19,4,-10.0,12,5,12,0.95266264611468,"Damascus, Dimashq, Syria",SY,http://www.kwwl.com/story/25398680/activists-clashes-near-damascus-kill-14-rebels
20140503,295937537,20140503,SYRIAN,SYR,SANA,YEM,193,소형무기·경무기를 이용한 전투,19,4,-10.0,12,5,12,0.95266264611468,"Damascus, Dimashq, Syria",SY,http://www.kwwl.com/story/25398680/activists-clashes-near-damascus-kill-14-rebels
20140503,295937538,20140503,SYRIAN,SYR,SANA,YEM,193,소형무기·경무기를 이용한 전투,19,4,-10.0,2,1,2,1.05105105105105,"Damascus, Dimashq, Syria",SY,http://www.thealpenanews.com/page/content.detail/id/497557/Activists-say-clashes-near-Syrian-capital-kill-14.html?isap=1&nav=5014
20140503,295937539,20140503,SYRIAN,SYR,SANA,YEM,193,소형무기·경무기를 이용한 전투,19,4,-10.0,2,1,2,1.05105105105105,"Damascus, Dimashq, Syria",SY,http://www.thealpenanews.com/page/content.detail/id/497557/Activists-say-clashes-near-Syrian-capital-kill-14.html?isap=1&nav=5014
20140503,295937589,20140503,SYRIAN,SYR,TURKISH,TUR,192,영토 점령,19,4,-9.5,2,1,2,4.09090909090909,Syria,SY,http://www.albawaba.com/conflict-syria/england-to-resume-aid-to-syrian-rebels-573273
20140503,295937595,20140503,SYRIAN,SYR,SANA,YEM,190,재래식 군사력 사용,19,4,-10.0,36,5,36,0.95266264611468,"Damascus, Dimashq, Syria",SY,http://www.kwwl.com/story/25398680/activists-clashes-near-damascus-kill-14-rebels
20140503,295937596,20140503,SYRIAN,SYR,SANA,YEM,190,재래식 군사력 사용,19,4,-10.0,6,1,6,1.05105105105105,"Damascus, Dimashq, Syria",SY,http://www.thealpenanews.com/page/content.detail/id/497557/Activists-say-clashes-near-Syrian-capital-kill-14.html?isap=1&nav=5014
20140503,295937597,20140503,SYRIAN,SYR,SANA,YEM,193,소형무기·경무기를 이용한 전투,19,4,-10.0,36,5,36,0.95266264611468,"Damascus, Dimashq, Syria",SY,http://www.kwwl.com/story/25398680/activists-clashes-near-damascus-kill-14-rebels
20140503,295937598,20140503,SYRIAN,SYR,SANA,YEM,193,소형무기·경무기를 이용한 전투,19,4,-10.0,6,1,6,1.05105105105105,"Damascus, Dimashq, Syria",SY,http://www.thealpenanews.com/page/content.detail/id/497557/Activists-say-clashes-near-Syrian-capital-kill-14.html?isap=1&nav=5014
20140503,295937611,20140503,SYRIAN,SYR,LEBANESE,LBN,190,재래식 군사력 사용,19,4,-10.0,2,1,2,1.26582278481013,"Qalamoun, Rif Dimashq, Syria",SY,http://www.globalsecurity.org/wmd/library/news/syria/2014/syria-140503-presstv01.htm
20140503,295937640,20140503,SYRIAN,SYR,TURKEY,TUR,192,영토 점령,19,4,-9.5,6,1,6,2.82375851996105,"Deraa, Dara, Syria",SY,http://www.aawsat.net/2014/05/article55331845
20140503,295937650,20140503,SYRIA,SYR,LEBANON,LBN,190,재래식 군사력 사용,19,4,-10.0,4,1,4,2.65151515151515,"Aleppo, ?alab, Syria",SY,http://www.naharnet.com/stories/en/129080-syrian-gunmen-hizbullah-fighters-clash-in-brital-plains
20140503,295937651,20140503,SYRIA,SYR,LEBANON,LBN,190,재래식 군사력 사용,19,4,-10.0,8,1,8,2.46382751599575,"Brital, Mohafazat Baalbek-Hermel, Lebanon",LE,http://www.naharnet.com/stories/en/129080-syrian-gunmen-hizbullah-fighters-clash-in-brital-plains-isf-denies-corporal-arrested
20140503,295938352,20140503,TURKEY,TUR,IRAQ,IRQ,190,재래식 군사력 사용,19,4,-10.0,2,1,2,1.58281514980215,"Baghdad, Baghdad, Iraq",IZ,http://www.mercurynews.com/breaking-news/ci_25665299/iraq-timeline-key-events-since-2003-invasion
20140503,295938353,20140503,TURKEY,TUR,IRAQ,IRQ,190,재래식 군사력 사용,19,4,-10.0,8,1,8,1.58281514980215,"Bomb At, Siirt, Turkey",TU,http://www.mercurynews.com/breaking-news/ci_25665299/iraq-timeline-key-events-since-2003-invasion
20140503,295938410,20140503,TURKISH,TUR,SYRIA,SYR,192,영토 점령,19,4,-9.5,2,1,2,2.01126307320998,"Bekaa Valley, Béa, Lebanon",LE,http://www.unhcr.org/5365368c9.html
20140503,295938411,20140503,TURKISH,TUR,SYRIAN,SYR,192,영토 점령,19,4,-9.5,3,1,3,2.01126307320998,"Aleppo, ?alab, Syria",SY,http://www.unhcr.org/5365368c9.html
20140503,295938412,20140503,TURKISH,TUR,SYRIA,SYR,192,영토 점령,19,4,-9.5,2,1,2,2.01126307320998,Turkey,TU,http://www.unhcr.org/5365368c9.html
20140503,295957236,20140503,YEMENI,YEM,SAUDI ARABIA,SAU,194,포병·전차를 이용한 전투,19,4,-10.0,4,1,4,1.59362549800797,"Mukalla, ?a?ramawt, Yemen",YM,http://www.arabnews.com/news/565301
20140503,295957308,20140503,SANA,YEM,SYRIA,SYR,190,재래식 군사력 사용,19,4,-10.0,2,1,2,1.10132158590308,"Damascus, Dimashq, Syria",SY,http://news.xinhuanet.com/english/world/2014-05/03/c_133305691.htm
20140503,295957326,20140503,YEMENI,YEM,SAUDI ARABIA,SAU,194,포병·전차를 이용한 전투,19,4,-10.0,10,1,10,1.59362549800797,Saudi Arabia,SA,http://www.arabnews.com/news/565301
20140504,296001123,20140504,IRAN,IRN,IRAQ,IRQ,190,재래식 군사력 사용,19,4,-10.0,2,1,2,3.71428571428571,"Ramadi, Al Anbar, Iraq",IZ,http://tribune.com.pk/story/704146/will-peace-follow-iraqs-elections/&c=cspcLoDFS-Bzv3Wc1RQ2tEJ8-RzP6lc6-93QxbAbcs4&mkt=en-us/
20140504,296001124,20140504,IRAN,IRN,IRAQ,IRQ,190,재래식 군사력 사용,19,4,-10.0,10,1,10,3.71428571428571,"Anbar, Sistan va Baluchestan, Iran",IR,http://tribune.com.pk/story/704146/will-peace-follow-iraqs-elections/&c=cspcLoDFS-Bzv3Wc1RQ2tEJ8-RzP6lc6-93QxbAbcs4&mkt=en-us/
20140504,296001667,20140504,IRAQ,IRQ,IRAN,IRN,192,영토 점령,19,4,-9.5,1,1,1,2.0297699594046,"Anbar, Sistan va Baluchestan, Iran",IR,http://rudaw.net/english/opinion/05052014
20140504,296001668,20140504,IRAQ,IRQ,IRAN,IRN,192,영토 점령,19,4,-9.5,1,1,1,2.0297699594046,"Baghdad, Baghdad, Iraq",IZ,http://rudaw.net/english/opinion/05052014
20140504,296001691,20140504,IRAQI,IRQ,LEBANESE,LBN,190,재래식 군사력 사용,19,4,-10.0,8,1,8,2.10084033613445,"Darayya, Rif Dimashq, Syria",SY,http://www.kuna.net.kw/ArticleDetails.aspx?id=2375560&language=en
20140504,296001692,20140504,IRAQ,IRQ,LEBANON,LBN,190,재래식 군사력 사용,19,4,-10.0,2,1,2,2.10084033613445,"Darayya, Rif Dimashq, Syria",SY,http://www.kuna.net.kw/ArticleDetails.aspx?id=2375560&language=en
20140504,296001721,20140504,IRAQ,IRQ,QATAR,QAT,190,재래식 군사력 사용,19,4,-10.0,4,1,4,0.993377483443709,"Cairo, Al Qahirah, Egypt",EG,http://thepeninsulaqatar.com/news/middle-east/282482/shelling-kills-11-in-fallujah-says-doctor
20140504,296001736,20140504,IRAQ,IRQ,SYRIA,SYR,190,재래식 군사력 사용,19,4,-10.0,4,1,4,0.819672131147541,"Beirut, Beyrouth, Lebanon",LE,http://news.yahoo.com/syrias-nusra-sets-conditions-stop-fighting-isil-112822180.html
20140504,296001737,20140504,IRAQ,IRQ,SYRIA,SYR,190,재래식 군사력 사용,19,4,-10.0,27,4,27,1.098730323945,Syria,SY,http://www.lebanonews.net/content/al-nusra-front-sets-conditions-stop-fighting-isil
20140504,296001738,20140504,IRAQ,IRQ,SYRIA,SYR,190,재래식 군사력 사용,19,4,-10.0,4,1,4,0.819672131147541,"Beirut, Beyrouth, Lebanon",LE,http://news.yahoo.com/syrias-nusra-sets-conditions-stop-fighting-isil-112822180.html
20140504,296002117,20140504,JERUSALEM,ISR,EGYPT,EGY,190,재래식 군사력 사용,19,4,-10.0,16,2,16,2.46561811412507,"Cairo, Al Qahirah, Egypt",EG,http://www.middle-east-online.com/english/?id=65739
20140504,296002118,20140504,JERUSALEM,ISR,EGYPT,EGY,190,재래식 군사력 사용,19,4,-10.0,16,2,16,2.73207899238065,Egypt,EG,http://www.globalpost.com/dispatch/news/afp/140504/qaeda-inspired-jihadists-vow-more-egypt-attacks&c=KfeFmH4dh00x-A8nOxCJEpkG5HvEtv0brBz05xqw6w4&mkt=en-us
20140504,296002459,20140504,ISRAEL,ISR,PALESTINIAN,PSE,163,금수·보이콧·제재 부과,16,4,-8.0,2,1,2,3.65002683843264,"Jerusalem, Israel (general), Israel",IS,http://jpupdates.com/2014/05/04/us-officials-unload-israel-jewish-people-supposed-smart/
20140504,296002460,20140504,ISRAEL,ISR,PALESTINIAN,PSE,163,금수·보이콧·제재 부과,16,4,-8.0,2,1,2,3.65002683843264,"Jerusalem, Israel (general), Israel",IS,http://jpupdates.com/2014/05/04/us-officials-unload-israel-jewish-people-supposed-smart/
20140504,296002461,20140504,ISRAEL,ISR,PALESTINIAN,PSE,163,금수·보이콧·제재 부과,16,4,-8.0,6,1,6,3.65002683843264,"Jerusalem, Israel (general), Israel",IS,http://jpupdates.com/2014/05/04/us-officials-unload-israel-jewish-people-supposed-smart/
20140504,296002484,20140504,ISRAELI,ISR,PALESTINIAN,PSE,190,재래식 군사력 사용,19,4,-10.0,18,1,9,2.84922833399288,"Tantura, H_efa, Israel",IS,http://velveteenrabbi.blogs.com/blog/2014/05/the-inner-lives-of-arab-and-jewish-peacemakers.html
20140504,296002485,20140504,ISRAELI,ISR,PALESTINIAN,PSE,190,재래식 군사력 사용,19,4,-10.0,10,2,10,0.78006553528635,"Jerusalem, Israel (general), Israel",IS,http://www.imemc.org/article/67711
20140504,296002486,20140504,ISRAEL,ISR,GAZA,PSE,190,재래식 군사력 사용,19,4,-10.0,14,2,14,2.15927096664607,"Gaza, Israel (general), Israel",IS,http://www.dailysabah.com/politics/2014/05/05/deputy-bozkir-cyprus-used-as-excuse-to-block-turkeys-eu-accession
20140504,296002487,20140504,ISRAEL,ISR,GAZA,PSE,190,재래식 군사력 사용,19,4,-10.0,2,1,2,2.34131113423517,"Alaska, United States",US,http://www.dailysabah.com/politics/2014/05/05/deputy-bozkir-cyprus-used-as-excuse-to-block-turkeys-eu-accession
20140504,296002488,20140504,ISRAEL,ISR,PALESTINE,PSE,190,재래식 군사력 사용,19,4,-10.0,10,1,10,0.0,Israel,IS,http://www.worldbulletin.net/world/135401/israel-detains-6-palestinians-in-w-bank-raids
20140504,296002489,20140504,ISRAEL,ISR,GAZA,PSE,192,영토 점령,19,4,-9.5,4,1,4,2.49520153550864,"Gaza, Israel (general), Israel",IS,"http://www.ynetnews.com/articles/0,7340,L-4516455,00.html"
20140504,296002490,20140504,ISRAEL,ISR,PALESTINIAN,PSE,192,영토 점령,19,4,-9.5,10,1,10,0.0,Israel,IS,http://www.maannews.net/eng/ViewDetails.aspx?ID=694828
20140504,296002492,20140504,ISRAEL,ISR,WEST BANK,PSE,190,재래식 군사력 사용,19,4,-10.0,4,1,4,0.0,"Hebron, Israel (general), Israel",IS,"Ma'an News Agency website, Bethlehem/BBC Monitoring/(c) BBC"
20140504,296002493,20140504,ISRAELI,ISR,WEST BANK,PSE,190,재래식 군사력 사용,19,4,-10.0,2,1,2,0.689655172413793,"Ramallah, West Bank (general), West Bank",WE,http://www.imemc.org/article/67710&c=twqfo0ZOEP2dZ_U0FGirnbO8nz6Pte8Kzx_w6n7Coa0&mkt=en-us
20140504,296002494,20140504,ISRAELI,ISR,PALESTINIAN,PSE,190,재래식 군사력 사용,19,4,-10.0,1,1,1,5.0,Israel,IS,http://performing.artshub.com.au/news-article/reviews/performing-arts/wael-zuaiter-unknown-243433
20140504,296002495,20140504,ISRAELI,ISR,PALESTINIAN,PSE,193,소형무기·경무기를 이용한 전투,19,4,-10.0,1,1,1,5.0,Israel,IS,http://performing.artshub.com.au/news-article/reviews/performing-arts/wael-zuaiter-unknown-243433
20140504,296002548,20140504,ISRAEL,ISR,SYRIA,SYR,190,재래식 군사력 사용,19,4,-10.0,8,1,8,3.73692077727952,"Golan Heights, Syria (general), Syria",SY,http://www.haaretz.com/news/national/.premium-1.588980
20140504,296002843,20140504,ISRAELI,ISR,GAZA,PSE,190,재래식 군사력 사용,19,4,-10.0,2,1,2,2.02464788732394,"Gaza, Israel (general), Israel",IS,http://www.indybay.org/newsitems/2014/05/03/18755257.php
20140504,296003540,20140504,JORDAN,JOR,SYRIAN,SYR,192,영토 점령,19,4,-9.5,6,1,6,2.98507462686567,"Damascus, Dimashq, Syria",SY,http://www.trust.org/item/20140504182430-lr7z0/
20140504,296003541,20140504,JORDAN,JOR,SYRIAN,SYR,192,영토 점령,19,4,-9.5,3,1,3,2.92307692307692,Lebanon,LE,http://www.dailystar.com.lb/News/Middle-East/2014/May-04/255350-syria-neighbours-alarmed-by-refugee-flow-want-more-aid-access.ashx
20140504,296003542,20140504,JORDAN,JOR,SYRIAN,SYR,192,영토 점령,19,4,-9.5,40,3,40,2.79271357513074,"Damascus, Dimashq, Syria",SY,http://malaysiandigest.com/world/499589-syria-neighbours-alarmed-by-refugee-flow-want-more-aid-access.html
20140504,296003543,20140504,JORDAN,JOR,SYRIA,SYR,192,영토 점령,19,4,-9.5,10,3,10,2.79271357513074,"Damascus, Dimashq, Syria",SY,http://malaysiandigest.com/world/499589-syria-neighbours-alarmed-by-refugee-flow-want-more-aid-access.html
20140504,296003544,20140504,JORDAN,JOR,SYRIAN,SYR,192,영토 점령,19,4,-9.5,63,8,63,2.99105341842757,"Damascus, Dimashq, Syria",SY,http://zeenews.india.com/news/world/syria-neighbours-alarmed-by-refugee-flow-want-more-aid-access_929732.html
20140504,296003545,20140504,JORDAN,JOR,SYRIA,SYR,192,영토 점령,19,4,-9.5,18,8,18,2.98772283182447,"Damascus, Dimashq, Syria",SY,http://zeenews.india.com/news/world/syria-neighbours-alarmed-by-refugee-flow-want-more-aid-access_929732.html
20140504,296003613,20140504,HASSAN,JOR,TURKEY,TUR,193,소형무기·경무기를 이용한 전투,19,4,-10.0,2,1,2,4.44444444444444,"Tirupati, Andhra Pradesh, India",IN,http://www.indiaglitz.com/-nbsp-nbsp-read-full-story-raquo--telugu-news-106974
20140504,296006698,20140504,LEBANESE,LBN,IRAQI,IRQ,190,재래식 군사력 사용,19,4,-10.0,8,1,8,2.10084033613445,"Darayya, Rif Dimashq, Syria",SY,http://www.kuna.net.kw/ArticleDetails.aspx?id=2375560&language=en
20140504,296006699,20140504,LEBANON,LBN,IRAQ,IRQ,190,재래식 군사력 사용,19,4,-10.0,2,1,2,2.10084033613445,"Darayya, Rif Dimashq, Syria",SY,http://www.kuna.net.kw/ArticleDetails.aspx?id=2375560&language=en
20140504,296006783,20140504,LEBANON,LBN,SYRIAN,SYR,190,재래식 군사력 사용,19,4,-10.0,2,1,2,2.48101265822785,"Aleppo, ?alab, Syria",SY,http://www.naharnet.com/stories/en/129080
20140504,296006784,20140504,LEBANON,LBN,SYRIA,SYR,190,재래식 군사력 사용,19,4,-10.0,1,1,1,2.41457858769932,"Baalbeck, Mohafazat Baalbek-Hermel, Lebanon",LE,http://www.albawaba.com/behind-news/syria-palestinians-573459
20140504,296006785,20140504,LEBANON,LBN,SYRIAN,SYR,190,재래식 군사력 사용,19,4,-10.0,2,1,2,2.14592274678112,"Arsal, Mohafazat Baalbek-Hermel, Lebanon",LE,http://www.dailystar.com.lb/News/Lebanon-News/2014/May-05/255364-arsal-residents-hezbollah-clash-with-syrian-gunmen.ashx
20140504,296006786,20140504,LEBANON,LBN,SYRIAN,SYR,190,재래식 군사력 사용,19,4,-10.0,8,1,8,2.14592274678112,"Arsal, Mohafazat Baalbek-Hermel, Lebanon",LE,http://www.dailystar.com.lb/News/Lebanon-News/2014/May-05/255364-arsal-residents-hezbollah-clash-with-syrian-gunmen.ashx
20140504,296006787,20140504,LEBANON,LBN,SYRIAN,SYR,190,재래식 군사력 사용,19,4,-10.0,2,1,2,2.14592274678112,Syria,SY,http://www.dailystar.com.lb/News/Lebanon-News/2014/May-05/255364-arsal-residents-hezbollah-clash-with-syrian-gunmen.ashx
20140504,296006788,20140504,BEIRUT,LBN,SYRIAN,SYR,193,소형무기·경무기를 이용한 전투,19,4,-10.0,8,1,8,1.03448275862069,"Damascus, Dimashq, Syria",SY,http://money.msn.com/business-news/article.aspx?feed=OBR&date=20140503&id=17584127
20140504,296006789,20140504,LEBANON,LBN,SYRIA,SYR,193,소형무기·경무기를 이용한 전투,19,4,-10.0,2,1,2,1.03448275862069,"Beirut, Beyrouth, Lebanon",LE,http://money.msn.com/business-news/article.aspx?feed=OBR&date=20140503&id=17584127
20140504,296006790,20140504,LEBANON,LBN,SYRIA,SYR,193,소형무기·경무기를 이용한 전투,19,4,-10.0,8,1,8,0.896860986547085,Syria,SY,http://www.naharnet.com/stories/en/129196-gunmen-shoot-and-wound-3-arsal-men-in-town-outskirts
20140504,296006794,20140504,LEBANON,LBN,SYRIA,SYR,190,재래식 군사력 사용,19,4,-10.0,4,1,4,2.48101265822785,"Aleppo, ?alab, Syria",SY,http://www.naharnet.com/stories/en/129080
20140504,296006821,20140504,LEBANON,LBN,SYRIAN,SYR,190,재래식 군사력 사용,19,4,-10.0,1,1,1,2.14592274678112,"Bekaa Valley, Béa, Lebanon",LE,http://www.dailystar.com.lb/News/Lebanon-News/2014/May-05/255364-arsal-residents-hezbollah-clash-with-syrian-gunmen.ashx
20140504,296006822,20140504,LEBANON,LBN,SYRIAN,SYR,190,재래식 군사력 사용,19,4,-10.0,1,1,1,2.14592274678112,"Arsal, Mohafazat Baalbek-Hermel, Lebanon",LE,http://www.dailystar.com.lb/News/Lebanon-News/2014/May-05/255364-arsal-residents-hezbollah-clash-with-syrian-gunmen.ashx
20140504,296006823,20140504,LEBANON,LBN,SYRIAN,SYR,190,재래식 군사력 사용,19,4,-10.0,2,1,2,3.09278350515464,"Arsal, Mohafazat Baalbek-Hermel, Lebanon",LE,http://www.dailystar.com.lb/News/Lebanon-News/2014/May-04/255317-syrian-gunmen-clash-with-arsal-residents.ashx
20140504,296006824,20140504,LEBANON,LBN,SYRIA,SYR,190,재래식 군사력 사용,19,4,-10.0,1,1,1,2.14592274678112,"Arsal, Mohafazat Baalbek-Hermel, Lebanon",LE,http://www.dailystar.com.lb/News/Lebanon-News/2014/May-05/255364-arsal-residents-hezbollah-clash-with-syrian-gunmen.ashx
20140504,296006825,20140504,LEBANON,LBN,SYRIA,SYR,190,재래식 군사력 사용,19,4,-10.0,1,1,1,2.14592274678112,"Arsal, Mohafazat Baalbek-Hermel, Lebanon",LE,http://www.dailystar.com.lb/News/Lebanon-News/2014/May-05/255364-arsal-residents-hezbollah-clash-with-syrian-gunmen.ashx
20140504,296006826,20140504,LEBANON,LBN,SYRIA,SYR,190,재래식 군사력 사용,19,4,-10.0,4,1,4,3.09278350515464,Syria,SY,http://www.dailystar.com.lb/News/Lebanon-News/2014/May-04/255317-syrian-gunmen-clash-with-arsal-residents.ashx
20140504,296018249,20140504,PALESTINIAN,PSE,ISRAELI,ISR,190,재래식 군사력 사용,19,4,-10.0,18,1,9,2.84922833399288,"Tantura, H_efa, Israel",IS,http://velveteenrabbi.blogs.com/blog/2014/05/the-inner-lives-of-arab-and-jewish-peacemakers.html
20140504,296018250,20140504,PALESTINIAN,PSE,ISRAELI,ISR,190,재래식 군사력 사용,19,4,-10.0,10,2,10,0.78006553528635,"Jerusalem, Israel (general), Israel",IS,http://www.imemc.org/article/67711
20140504,296018251,20140504,PALESTINIAN,PSE,ISRAELI,ISR,190,재래식 군사력 사용,19,4,-10.0,2,1,2,2.49520153550864,"Gaza, Israel (general), Israel",IS,"http://www.ynetnews.com/articles/0,7340,L-4516455,00.html"
20140504,296018252,20140504,PALESTINIAN,PSE,ISRAEL,ISR,190,재래식 군사력 사용,19,4,-10.0,2,1,2,0.0,"Salfit, West Bank (general), West Bank",WE,http://www.maannews.net/eng/ViewDetails.aspx?ID=694789
20140504,296018253,20140504,PALESTINIAN,PSE,ISRAELI,ISR,190,재래식 군사력 사용,19,4,-10.0,4,1,2,2.50871080139373,Israel,IS,http://www.americanthinker.com/blog/2014/05/wapo_weeps_for_palestinian_terrorist_but_not_for_his_victims.html
20140504,296018289,20140504,GAZA,PSE,LEBANON,LBN,190,재래식 군사력 사용,19,4,-10.0,4,1,4,3.10077519379845,Lebanon,LE,http://www.haaretz.com/news/diplomacy-defense/.premium-1.588972
20140504,296018339,20140504,PALESTINIAN,PSE,SYRIA,SYR,190,재래식 군사력 사용,19,4,-10.0,3,1,3,2.41457858769932,Germany,GM,http://www.albawaba.com/behind-news/syria-palestinians-573459
20140504,296018340,20140504,PALESTINIAN,PSE,SYRIA,SYR,190,재래식 군사력 사용,19,4,-10.0,1,1,1,2.41457858769932,Germany,GM,http://www.albawaba.com/behind-news/syria-palestinians-573459
20140504,296018420,20140504,HAMAS,PSE,JERUSALEM,ISR,190,재래식 군사력 사용,19,4,-10.0,2,1,2,2.5693730729702,"Jerusalem, Israel (general), Israel",IS,http://www.terrorism-info.org.il/en/article/20643
20140504,296018421,20140504,HAMAS,PSE,JERUSALEM,ISR,190,재래식 군사력 사용,19,4,-10.0,6,1,6,2.5693730729702,"Jerusalem, Israel (general), Israel",IS,http://www.terrorism-info.org.il/en/article/20643
20140504,296018422,20140504,HAMAS,PSE,ISRAEL,ISR,192,영토 점령,19,4,-9.5,4,1,4,2.49520153550864,"Gaza, Israel (general), Israel",IS,"http://www.ynetnews.com/articles/0,7340,L-4516455,00.html"
20140504,296018423,20140504,HAMAS,PSE,JERUSALEM,ISR,194,포병·전차를 이용한 전투,19,4,-10.0,2,1,2,2.5693730729702,"Jerusalem, Israel (general), Israel",IS,http://www.terrorism-info.org.il/en/article/20643
20140504,296018424,20140504,HAMAS,PSE,JERUSALEM,ISR,194,포병·전차를 이용한 전투,19,4,-10.0,6,1,6,2.5693730729702,"Jerusalem, Israel (general), Israel",IS,http://www.terrorism-info.org.il/en/article/20643
20140504,296018427,20140504,HAMAS,PSE,ISRAELI,ISR,194,포병·전차를 이용한 전투,19,4,-10.0,4,1,4,4.85651214128035,Israel,IS,http://www.thetower.org/0249-graphic-timeline-of-collapsed-peace-talks/
20140504,296018428,20140504,HAMAS,PSE,ISRAEL,ISR,194,포병·전차를 이용한 전투,19,4,-10.0,2,1,2,4.85651214128035,Israel,IS,http://www.thetower.org/0249-graphic-timeline-of-collapsed-peace-talks/
20140504,296018472,20140504,PALESTINIAN,PSE,ISRAELI,ISR,190,재래식 군사력 사용,19,4,-10.0,4,1,2,2.50871080139373,Israel,IS,http://www.americanthinker.com/blog/2014/05/wapo_weeps_for_palestinian_terrorist_but_not_for_his_victims.html
20140504,296018871,20140504,QATARI,QAT,SAUDI,SAU,190,재래식 군사력 사용,19,4,-10.0,4,1,4,3.07692307692308,"Riyadh, Ar Riya?, Saudi Arabia",SA,http://www.middle-east-online.com/english/?id=65735
20140504,296018872,20140504,QATARI,QAT,SAUDI,SAU,190,재래식 군사력 사용,19,4,-10.0,16,1,16,3.07692307692308,"Doha, Ad Daw?ah, Qatar",QA,http://www.middle-east-online.com/english/?id=65735
20140504,296022030,20140504,SAUDI ARABIA,SAU,IRAN,IRN,163,금수·보이콧·제재 부과,16,4,-8.0,20,1,20,3.21285140562249,Iran,IR,http://www.arabnews.com/news/565611
20140504,296022075,20140504,SAUDI,SAU,QATARI,QAT,190,재래식 군사력 사용,19,4,-10.0,16,1,16,3.07692307692308,"Doha, Ad Daw?ah, Qatar",QA,http://www.middle-east-online.com/english/?id=65735
20140504,296022076,20140504,SAUDI,SAU,QATARI,QAT,190,재래식 군사력 사용,19,4,-10.0,4,1,4,3.07692307692308,"Riyadh, Ar Riya?, Saudi Arabia",SA,http://www.middle-east-online.com/english/?id=65735
20140504,296022112,20140504,MAKKAH,SAU,SYRIAN,SYR,190,재래식 군사력 사용,19,4,-10.0,3,1,3,2.18978102189781,Syria,SY,http://nvonews.com/dialogue-of-civilizations-to-kick-off-in-bahrain-monday/
20140504,296022136,20140504,SAUDI ARABIA,SAU,YEMEN,YEM,190,재래식 군사력 사용,19,4,-10.0,2,1,2,0.652741514360313,"Abyan, Abyan, Yemen",YM,http://www.nation.com.pk/international/04-May-2014/chechen-chief-among-five-qaeda-men-killed-in-yemen
20140504,296023399,20140504,SYRIAN,SYR,KURDISTAN,IRN,190,재래식 군사력 사용,19,4,-10.0,4,1,4,2.08333333333333,"Afrin, ?alab, Syria",SY,http://www.ekurd.net/mismas/articles/misc2014/5/syriakurd1166.htm
20140504,296023400,20140504,SYRIA,SYR,KURDISTAN,IRN,190,재래식 군사력 사용,19,4,-10.0,2,1,2,2.08333333333333,Turkey,TU,http://www.ekurd.net/mismas/articles/misc2014/5/syriakurd1166.htm
20140504,296023401,20140504,SYRIAN,SYR,KURDISTAN,IRN,190,재래식 군사력 사용,19,4,-10.0,1,1,1,2.08333333333333,Turkey,TU,http://www.ekurd.net/mismas/articles/misc2014/5/syriakurd1166.htm
20140504,296023407,20140504,SYRIA,SYR,IRAQ,IRQ,190,재래식 군사력 사용,19,4,-10.0,5,1,5,1.36054421768707,Iraq,IZ,http://www.naharnet.com/stories/en/129181-al-nusra-front-sets-conditions-to-stop-fighting-isil
20140504,296023408,20140504,SYRIA,SYR,IRAQ,IRQ,190,재래식 군사력 사용,19,4,-10.0,4,1,4,0.819672131147541,"Beirut, Beyrouth, Lebanon",LE,http://news.yahoo.com/syrias-nusra-sets-conditions-stop-fighting-isil-112822180.html
20140504,296023409,20140504,SYRIA,SYR,IRAQ,IRQ,190,재래식 군사력 사용,19,4,-10.0,19,3,19,1.07389375077037,Syria,SY,http://news.yahoo.com/syrias-nusra-sets-conditions-stop-fighting-isil-112822180.html
20140504,296023410,20140504,SYRIA,SYR,IRAQ,IRQ,190,재래식 군사력 사용,19,4,-10.0,4,1,4,0.819672131147541,"Beirut, Beyrouth, Lebanon",LE,http://news.yahoo.com/syrias-nusra-sets-conditions-stop-fighting-isil-112822180.html
20140504,296023411,20140504,SYRIA,SYR,IRAQ,IRQ,190,재래식 군사력 사용,19,4,-10.0,3,1,3,0.819672131147541,Syria,SY,http://www.lebanonews.net/content/al-nusra-front-sets-conditions-stop-fighting-isil
20140504,296023430,20140504,SYRIAN,SYR,ISRAEL,ISR,190,재래식 군사력 사용,19,4,-10.0,2,1,2,1.28913443830571,Israel,IS,http://www.israelhayom.com/site/newsletter_article.php?id=17269
20140504,296023431,20140504,SYRIAN,SYR,ISRAEL,ISR,190,재래식 군사력 사용,19,4,-10.0,2,1,2,1.28913443830571,Israel,IS,http://www.israelhayom.com/site/newsletter_article.php?id=17269
20140504,296023447,20140504,SYRIAN,SYR,JORDAN,JOR,192,영토 점령,19,4,-9.5,3,1,3,2.22882615156018,"Azraq, ?alab, Syria",SY,http://en.ammonnews.net/article.aspx?articleno=25158
20140504,296023476,20140504,SYRIAN,SYR,LEBANON,LBN,190,재래식 군사력 사용,19,4,-10.0,1,1,1,2.14592274678112,"Bekaa Valley, Béa, Lebanon",LE,http://www.dailystar.com.lb/News/Lebanon-News/2014/May-05/255364-arsal-residents-hezbollah-clash-with-syrian-gunmen.ashx
20140504,296023477,20140504,SYRIAN,SYR,LEBANON,LBN,190,재래식 군사력 사용,19,4,-10.0,2,1,2,2.48101265822785,"Brital, Mohafazat Baalbek-Hermel, Lebanon",LE,http://www.naharnet.com/stories/en/129080
20140504,296023478,20140504,SYRIAN,SYR,LEBANON,LBN,190,재래식 군사력 사용,19,4,-10.0,1,1,1,2.14592274678112,"Arsal, Mohafazat Baalbek-Hermel, Lebanon",LE,http://www.dailystar.com.lb/News/Lebanon-News/2014/May-05/255364-arsal-residents-hezbollah-clash-with-syrian-gunmen.ashx
20140504,296023479,20140504,SYRIAN,SYR,LEBANON,LBN,190,재래식 군사력 사용,19,4,-10.0,2,1,2,2.14592274678112,"Arsal, Mohafazat Baalbek-Hermel, Lebanon",LE,http://www.dailystar.com.lb/News/Lebanon-News/2014/May-05/255364-arsal-residents-hezbollah-clash-with-syrian-gunmen.ashx
20140504,296023480,20140504,SYRIAN,SYR,LEBANON,LBN,190,재래식 군사력 사용,19,4,-10.0,8,1,8,2.14592274678112,"Arsal, Mohafazat Baalbek-Hermel, Lebanon",LE,http://www.dailystar.com.lb/News/Lebanon-News/2014/May-05/255364-arsal-residents-hezbollah-clash-with-syrian-gunmen.ashx
20140504,296023481,20140504,SYRIAN,SYR,LEBANON,LBN,193,소형무기·경무기를 이용한 전투,19,4,-10.0,2,1,2,0.896860986547085,Syria,SY,http://www.naharnet.com/stories/en/129196-gunmen-shoot-and-wound-3-arsal-men-in-town-outskirts
20140504,296023482,20140504,SYRIAN,SYR,LEBANON,LBN,190,재래식 군사력 사용,19,4,-10.0,2,1,2,2.14592274678112,Syria,SY,http://www.dailystar.com.lb/News/Lebanon-News/2014/May-05/255364-arsal-residents-hezbollah-clash-with-syrian-gunmen.ashx
20140504,296023483,20140504,SYRIAN,SYR,LEBANON,LBN,190,재래식 군사력 사용,19,4,-10.0,2,1,2,3.09278350515464,Syria,SY,http://www.dailystar.com.lb/News/Lebanon-News/2014/May-04/255317-syrian-gunmen-clash-with-arsal-residents.ashx
20140504,296023706,20140504,SYRIAN,SYR,TURKISH,TUR,190,재래식 군사력 사용,19,4,-10.0,2,1,2,2.43111831442464,"Damascus, Dimashq, Syria",SY,http://english.farsnews.com/newstext.aspx?nn=13930214000316
20140504,296023709,20140504,SYRIAN,SYR,TURKEY,TUR,190,재래식 군사력 사용,19,4,-10.0,2,1,2,2.08333333333333,Turkey,TU,http://www.ekurd.net/mismas/articles/misc2014/5/syriakurd1166.htm
20140504,296023780,20140504,SYRIAN,SYR,SANA,YEM,190,재래식 군사력 사용,19,4,-10.0,6,3,6,0.987925276457413,"Damascus, Dimashq, Syria",SY,http://www.statejournal.com/story/25398680/activists-at-least-33-killed-in-syrian-airstrike
20140504,296023781,20140504,SYRIAN,SYR,SANA,YEM,190,재래식 군사력 사용,19,4,-10.0,6,3,6,0.987925276457413,"Damascus, Dimashq, Syria",SY,http://www.statejournal.com/story/25398680/activists-at-least-33-killed-in-syrian-airstrike
20140504,296023782,20140504,SYRIAN,SYR,SANA,YEM,190,재래식 군사력 사용,19,4,-10.0,2,1,2,1.04947526236882,"Damascus, Dimashq, Syria",SY,http://www.hsconnect.com/page/content.detail/id/497557/Activists-say-clashes-near-Syrian-capital-kill-14.html?isap=1&nav=5030
20140504,296023783,20140504,SYRIAN,SYR,SANA,YEM,190,재래식 군사력 사용,19,4,-10.0,2,1,2,1.04947526236882,"Qalamoun, Rif Dimashq, Syria",SY,http://www.hsconnect.com/page/content.detail/id/497557/Activists-say-clashes-near-Syrian-capital-kill-14.html?isap=1&nav=5030
20140504,296023784,20140504,SYRIAN,SYR,SANA,YEM,193,소형무기·경무기를 이용한 전투,19,4,-10.0,6,3,6,0.987925276457413,"Damascus, Dimashq, Syria",SY,http://www.statejournal.com/story/25398680/activists-at-least-33-killed-in-syrian-airstrike
20140504,296023785,20140504,SYRIAN,SYR,SANA,YEM,193,소형무기·경무기를 이용한 전투,19,4,-10.0,6,3,6,0.987925276457413,"Damascus, Dimashq, Syria",SY,http://www.statejournal.com/story/25398680/activists-at-least-33-killed-in-syrian-airstrike
20140504,296023786,20140504,SYRIAN,SYR,SANA,YEM,193,소형무기·경무기를 이용한 전투,19,4,-10.0,2,1,2,1.04947526236882,"Damascus, Dimashq, Syria",SY,http://www.hsconnect.com/page/content.detail/id/497557/Activists-say-clashes-near-Syrian-capital-kill-14.html?isap=1&nav=5030
20140504,296023787,20140504,SYRIAN,SYR,SANA,YEM,193,소형무기·경무기를 이용한 전투,19,4,-10.0,2,1,2,1.04947526236882,"Damascus, Dimashq, Syria",SY,http://www.hsconnect.com/page/content.detail/id/497557/Activists-say-clashes-near-Syrian-capital-kill-14.html?isap=1&nav=5030
20140504,296023863,20140504,SYRIAN,SYR,SANA,YEM,190,재래식 군사력 사용,19,4,-10.0,18,3,18,0.987925276457413,"Damascus, Dimashq, Syria",SY,http://www.statejournal.com/story/25398680/activists-at-least-33-killed-in-syrian-airstrike
20140504,296023864,20140504,SYRIAN,SYR,SANA,YEM,190,재래식 군사력 사용,19,4,-10.0,6,1,6,1.04947526236882,"Damascus, Dimashq, Syria",SY,http://www.hsconnect.com/page/content.detail/id/497557/Activists-say-clashes-near-Syrian-capital-kill-14.html?isap=1&nav=5030
20140504,296023865,20140504,SYRIAN,SYR,SANA,YEM,193,소형무기·경무기를 이용한 전투,19,4,-10.0,18,3,18,0.987925276457413,"Damascus, Dimashq, Syria",SY,http://www.statejournal.com/story/25398680/activists-at-least-33-killed-in-syrian-airstrike
20140504,296023866,20140504,SYRIAN,SYR,SANA,YEM,193,소형무기·경무기를 이용한 전투,19,4,-10.0,6,1,6,1.04947526236882,"Damascus, Dimashq, Syria",SY,http://www.hsconnect.com/page/content.detail/id/497557/Activists-say-clashes-near-Syrian-capital-kill-14.html?isap=1&nav=5030
20140504,296023878,20140504,SYRIAN,SYR,TURKISH,TUR,190,재래식 군사력 사용,19,4,-10.0,8,1,8,2.43111831442464,"Damascus, Dimashq, Syria",SY,http://english.farsnews.com/newstext.aspx?nn=13930214000316
20140504,296023948,20140504,SYRIA,SYR,LEBANON,LBN,190,재래식 군사력 사용,19,4,-10.0,4,1,4,2.48101265822785,"Brital, Mohafazat Baalbek-Hermel, Lebanon",LE,http://www.naharnet.com/stories/en/129080
20140504,296023949,20140504,SYRIAN,SYR,LEBANON,LBN,193,소형무기·경무기를 이용한 전투,19,4,-10.0,6,1,6,0.896860986547085,Syria,SY,http://www.naharnet.com/stories/en/129196-gunmen-shoot-and-wound-3-arsal-men-in-town-outskirts
20140504,296023950,20140504,SYRIA,SYR,LEBANON,LBN,190,재래식 군사력 사용,19,4,-10.0,1,1,1,2.14592274678112,"Arsal, Mohafazat Baalbek-Hermel, Lebanon",LE,http://www.dailystar.com.lb/News/Lebanon-News/2014/May-05/255364-arsal-residents-hezbollah-clash-with-syrian-gunmen.ashx
20140504,296023951,20140504,SYRIA,SYR,LEBANON,LBN,190,재래식 군사력 사용,19,4,-10.0,1,1,1,2.14592274678112,Syria,SY,http://www.dailystar.com.lb/News/Lebanon-News/2014/May-05/255364-arsal-residents-hezbollah-clash-with-syrian-gunmen.ashx
20140504,296023952,20140504,SYRIA,SYR,LEBANON,LBN,190,재래식 군사력 사용,19,4,-10.0,4,1,4,3.09278350515464,Syria,SY,http://www.dailystar.com.lb/News/Lebanon-News/2014/May-04/255317-syrian-gunmen-clash-with-arsal-residents.ashx
20140505,296110075,20140505,IRANIAN,IRN,IRAQ,IRQ,190,재래식 군사력 사용,19,4,-10.0,1,1,1,1.21212121212121,"Damascus, Dimashq, Syria",SY,http://irannewsupdate.com/news/terrorism/1093-iran-4-irgc-members-killed-in-syria.html
20140505,296110076,20140505,IRANIAN,IRN,IRAQ,IRQ,190,재래식 군사력 사용,19,4,-10.0,1,1,1,1.21212121212121,"Zaynab, Al Basrah, Iraq",IZ,http://irannewsupdate.com/news/terrorism/1093-iran-4-irgc-members-killed-in-syria.html
20140505,296110077,20140505,IRANIAN,IRN,IRAQ,IRQ,190,재래식 군사력 사용,19,4,-10.0,1,1,1,2.54901960784314,"Khanaqin, DiyaláZ, Iraq",IZ,http://www.mercurynews.com/breaking-news/ci_25651829/iraq-attacks-kill-at-least-21-police-army
20140505,296110078,20140505,IRANIAN,IRN,BAGHDAD,IRQ,190,재래식 군사력 사용,19,4,-10.0,1,1,1,2.54901960784314,"Khanaqin, DiyaláZ, Iraq",IZ,http://www.mercurynews.com/breaking-news/ci_25651829/iraq-attacks-kill-at-least-21-police-army
20140505,296110079,20140505,IRAN,IRN,IRAQ,IRQ,190,재래식 군사력 사용,19,4,-10.0,5,1,5,2.54901960784314,"Khanaqin, DiyaláZ, Iraq",IZ,http://www.mercurynews.com/breaking-news/ci_25651829/iraq-attacks-kill-at-least-21-police-army
20140505,296110107,20140505,IRANIAN,IRN,HASSAN,JOR,190,재래식 군사력 사용,19,4,-10.0,16,2,16,3.06705236611779,"Tehran, Tehran, Iran",IR,"http://www.latimes.com/world/middleeast/la-fg-iran-rouhani-conservatives-nuclear-talks-20140505,0,6920112.story"
20140505,296110128,20140505,IRAN,IRN,LEBANON,LBN,190,재래식 군사력 사용,19,4,-10.0,5,1,5,2.18408736349454,Lebanon,LE,http://www.thenews.com.pk/Todays-News-1-248249-Gulf-region-needs-to-act-on-missile-threat
20140505,296110129,20140505,IRAN,IRN,LEBANON,LBN,190,재래식 군사력 사용,19,4,-10.0,3,1,3,2.18408736349454,United States,US,http://www.thenews.com.pk/Todays-News-1-248249-Gulf-region-needs-to-act-on-missile-threat
20140505,296110506,20140505,IRAN,IRN,IRAQ,IRQ,190,재래식 군사력 사용,19,4,-10.0,4,1,4,1.21212121212121,"Zaynab, Al Basrah, Iraq",IZ,http://irannewsupdate.com/news/terrorism/1093-iran-4-irgc-members-killed-in-syria.html
20140505,296110524,20140505,IRAN,IRN,SYRIA,SYR,190,재래식 군사력 사용,19,4,-10.0,1,1,1,1.21212121212121,"Damascus, Dimashq, Syria",SY,http://irannewsupdate.com/news/terrorism/1093-iran-4-irgc-members-killed-in-syria.html
20140505,296110525,20140505,IRAN,IRN,SYRIA,SYR,190,재래식 군사력 사용,19,4,-10.0,1,1,1,1.21212121212121,"Zaynab, Al Basrah, Iraq",IZ,http://irannewsupdate.com/news/terrorism/1093-iran-4-irgc-members-killed-in-syria.html
20140505,296110726,20140505,IRAQ,IRQ,EGYPTIAN,EGY,190,재래식 군사력 사용,19,4,-10.0,2,2,2,1.8369259606373,"Fallujah, Al Anbar, Iraq",IZ,http://www.algemeiner.com/2014/05/05/the-holocaust-survivors-who-fell-in-israel%E2%80%99s-1948-war-of-independence/
20140505,296110727,20140505,IRAQ,IRQ,EGYPTIAN,EGY,190,재래식 군사력 사용,19,4,-10.0,2,2,2,1.8369259606373,Gaza Strip,GZ,http://www.algemeiner.com/2014/05/05/the-holocaust-survivors-who-fell-in-israel%E2%80%99s-1948-war-of-independence/
20140505,296110780,20140505,IRAQ,IRQ,IRAN,IRN,190,재래식 군사력 사용,19,4,-10.0,2,1,2,1.77717019822283,"Baghdad, Baghdad, Iraq",IZ,http://www.wsws.org/en/articles/2014/05/05/iraq-m05.html
20140505,296110781,20140505,IRAQ,IRQ,IRAN,IRN,190,재래식 군사력 사용,19,4,-10.0,2,1,2,1.89834660134721,Lebanon,LE,http://www.globalresearch.ca/iraq-election-sets-stage-for-protracted-civil-strife/5380514
20140505,296110782,20140505,IRAQ,IRQ,IRAN,IRN,192,영토 점령,19,4,-9.5,2,1,2,2.06611570247934,"Anbar, Sistan va Baluchestan, Iran",IR,http://www.aina.org/news/20140504225206.htm&c=l2NXeoi6eIyVix2Zam-TeJ0GPalChXJY5QpmJKeXDtE&mkt=en-us
20140505,296110783,20140505,IRAQ,IRQ,IRAN,IRN,192,영토 점령,19,4,-9.5,2,1,2,2.06611570247934,"Baghdad, Baghdad, Iraq",IZ,http://www.aina.org/news/20140504225206.htm&c=l2NXeoi6eIyVix2Zam-TeJ0GPalChXJY5QpmJKeXDtE&mkt=en-us
20140505,296110808,20140505,IRAQ,IRQ,LEBANON,LBN,190,재래식 군사력 사용,19,4,-10.0,2,1,2,3.39176829268293,"Jabra, Al Ladhiqiyah, Syria",SY,http://www.naharnet.com/stories/ar/129325-%D9%88%D8%A7%D8%B4%D9%86%D8%B7%D9%86-%D8%B3%D8%AA%D8%B9%D8%AA%D8%B1%D9%81-%D8%A8%D9%85%D9%83%D8%A7%D8%AA%D8%A8-%D8%A7%D9%84%D9%85%D8%B9%D8%A7%D8%B1%D8%B6%D8%A9-%D8%A7%D9%84%D8%B3%D9%88%D8%B1%D9%8A%D8%A9-%D9%83%D8%
20140505,296110809,20140505,IRAQ,IRQ,LEBANON,LBN,190,재래식 군사력 사용,19,4,-10.0,4,1,4,3.36555923659418,Lebanon,LE,http://www.naharnet.com/stories/en/129325-washington-recognizes-syrian-opposition-offices-as-foreign-mission
20140505,296110810,20140505,IRAQI,IRQ,LEBANESE,LBN,190,재래식 군사력 사용,19,4,-10.0,24,2,24,2.0212238592608,"Darayya, Rif Dimashq, Syria",SY,http://www.menafn.com/1093825488/Fighting-rages-on-outskirts-of-Damascus&src=RSS
20140505,296110811,20140505,IRAQ,IRQ,LEBANON,LBN,190,재래식 군사력 사용,19,4,-10.0,12,1,12,3.36555923659418,Lebanon,LE,http://www.naharnet.com/stories/en/129325-washington-recognizes-syrian-opposition-offices-as-foreign-mission
20140505,296110812,20140505,IRAQ,IRQ,LEBANON,LBN,190,재래식 군사력 사용,19,4,-10.0,6,2,6,2.0212238592608,"Darayya, Rif Dimashq, Syria",SY,http://www.menafn.com/1093825488/Fighting-rages-on-outskirts-of-Damascus&src=RSS
20140505,296110813,20140505,IRAQ,IRQ,LEBANON,LBN,190,재래식 군사력 사용,19,4,-10.0,2,1,2,3.33935018050542,"Jabra, Al Ladhiqiyah, Syria",SY,http://www.naharnet.com/stories/en/129325-washington-recognizes-syrian-opposition-offices-as-foreign-mission
20140505,296110849,20140505,IRAQ,IRQ,GAZA,PSE,190,재래식 군사력 사용,19,4,-10.0,2,2,2,1.8369259606373,"Fallujah, Al Anbar, Iraq",IZ,http://www.algemeiner.com/2014/05/05/the-holocaust-survivors-who-fell-in-israel%E2%80%99s-1948-war-of-independence/
20140505,296110850,20140505,IRAQ,IRQ,GAZA,PSE,190,재래식 군사력 사용,19,4,-10.0,2,2,2,1.8369259606373,Gaza Strip,GZ,http://www.algemeiner.com/2014/05/05/the-holocaust-survivors-who-fell-in-israel%E2%80%99s-1948-war-of-independence/
20140505,296110863,20140505,IRAQ,IRQ,SYRIA,SYR,193,소형무기·경무기를 이용한 전투,19,4,-10.0,4,1,4,2.07058823529412,"Qalamoun, Rif Dimashq, Syria",SY,http://english.al-akhbar.com/node/19649/&c=e0YIojifUSFV8EpJ32zRolKQ2yp5CMg0dLgm4JkxMHo&mkt=en-us
20140505,296110864,20140505,IRAQ,IRQ,SYRIA,SYR,193,소형무기·경무기를 이용한 전투,19,4,-10.0,8,1,8,2.07058823529412,"Damascus, Dimashq, Syria",SY,http://english.al-akhbar.com/node/19649/&c=e0YIojifUSFV8EpJ32zRolKQ2yp5CMg0dLgm4JkxMHo&mkt=en-us
20140505,296110865,20140505,IRAQ,IRQ,SYRIA,SYR,193,소형무기·경무기를 이용한 전투,19,4,-10.0,4,1,4,2.07058823529412,"Tel Al-Ahmar, An Najaf, Iraq",IZ,http://english.al-akhbar.com/node/19649/&c=e0YIojifUSFV8EpJ32zRolKQ2yp5CMg0dLgm4JkxMHo&mkt=en-us
20140505,296111508,20140505,ISRAEL,ISR,LEBANON,LBN,163,금수·보이콧·제재 부과,16,4,-8.0,2,1,2,2.27606461086637,"Jerusalem, Israel (general), Israel",IS,http://english.al-akhbar.com/node/19656&c=XqP0wcnKnvrcQXkzHnJGWE-i55cnLqiRbpveeJPayeE&mkt=en-us
20140505,296111509,20140505,ISRAEL,ISR,LEBANON,LBN,163,금수·보이콧·제재 부과,16,4,-8.0,2,1,2,2.27606461086637,Lebanon,LE,http://english.al-akhbar.com/node/19656&c=XqP0wcnKnvrcQXkzHnJGWE-i55cnLqiRbpveeJPayeE&mkt=en-us
20140505,296111510,20140505,ISRAEL,ISR,LEBANON,LBN,163,금수·보이콧·제재 부과,16,4,-8.0,6,1,6,2.27606461086637,Lebanon,LE,http://english.al-akhbar.com/node/19656&c=XqP0wcnKnvrcQXkzHnJGWE-i55cnLqiRbpveeJPayeE&mkt=en-us
20140505,296111718,20140505,ISRAEL,ISR,GAZA,PSE,154,군 병력 동원·증강,15,4,-7.2,28,3,28,4.49115734006372,"Gaza, Israel (general), Israel",IS,http://news.gnom.es/news/us-aid-indirectly-helps-hamas-under-deal-with-palestinian-authority
20140505,296111736,20140505,ISRAEL,ISR,PALESTINIAN,PSE,190,재래식 군사력 사용,19,4,-10.0,40,3,30,1.45984422347406,"Tel Aviv, Tel Aviv, Israel",IS,http://www.bangkokpost.com/tech/computer/408283/inakba-app-finds-former-palestinian-towns-in-israel
20140505,296111737,20140505,ISRAEL,ISR,PALESTINIAN,PSE,190,재래식 군사력 사용,19,4,-10.0,30,3,30,1.27261329624234,"Tel Aviv, Tel Aviv, Israel",IS,https://au.news.yahoo.com/thewest/business/technology/a/23249749/inakba-app-finds-former-palestinian-towns-in-israel/
20140505,296111738,20140505,ISRAELI,ISR,PALESTINIAN,PSE,190,재래식 군사력 사용,19,4,-10.0,1,1,1,1.71545968156138,"Bethlehem, West Bank (general), West Bank",WE,http://mondoweiss.net/2014/05/refugees-maintain-connection.html
20140505,296111739,20140505,ISRAELI,ISR,PALESTINIAN,PSE,190,재래식 군사력 사용,19,4,-10.0,9,2,9,0.302755071147442,"Jerusalem, Israel (general), Israel",IS,"Ma'an News Agency website, Bethlehem/BBC Monitoring/(c) BBC"
20140505,296111740,20140505,ISRAEL,ISR,GAZA,PSE,190,재래식 군사력 사용,19,4,-10.0,19,3,19,1.36869482121334,"Gaza, Israel (general), Israel",IS,http://www.alternativenews.org/english/index.php/politics/israeli-sosaciety/8018-israeli-pr-attempts-aside-drones-deadly-weapon
20140505,296111741,20140505,ISRAEL,ISR,WEST BANK,PSE,192,영토 점령,19,4,-9.5,2,1,2,2.29276895943563,"Gaza, Israel (general), Israel",IS,http://www.morningstaronline.co.uk/a-66cb-World-in-Brief-050514/RK=0
20140505,296111742,20140505,ISRAEL,ISR,PALESTINIAN,PSE,192,영토 점령,19,4,-9.5,10,1,10,3.58239508700102,Israel,IS,http://observer.com/2014/05/kerry-carter-and-the-muddled-morality-of-equating-israel-and-apartheid/
20140505,296111743,20140505,ISRAELI,ISR,PALESTINIAN,PSE,193,소형무기·경무기를 이용한 전투,19,4,-10.0,2,1,2,1.96779964221825,"Hebron, Israel (general), Israel",IS,http://www.jpost.com/National-News/3000-attend-Israeli-Palestinian-alternative-Remembrance-Day-ceremony-351371
20140505,296111744,20140505,ISRAEL,ISR,PALESTINIAN,PSE,193,소형무기·경무기를 이용한 전투,19,4,-10.0,1,1,1,1.96779964221825,"Gaza, Israel (general), Israel",IS,http://www.jpost.com/National-News/3000-attend-Israeli-Palestinian-alternative-Remembrance-Day-ceremony-351371
20140505,296111745,20140505,ISRAEL,ISR,PALESTINIAN,PSE,193,소형무기·경무기를 이용한 전투,19,4,-10.0,1,1,1,1.96779964221825,"Gaza, Israel (general), Israel",IS,http://www.jpost.com/National-News/3000-attend-Israeli-Palestinian-alternative-Remembrance-Day-ceremony-351371
20140505,296111774,20140505,ISRAEL,ISR,HAMAS,PSE,192,영토 점령,19,4,-9.5,2,1,2,2.29276895943563,"Gaza, Israel (general), Israel",IS,http://www.morningstaronline.co.uk/a-66cb-World-in-Brief-050514/RK=0
20140505,296111845,20140505,ISRAEL,ISR,SYRIA,SYR,190,재래식 군사력 사용,19,4,-10.0,4,1,4,1.71545968156138,"Jerusalem, Israel (general), Israel",IS,http://mondoweiss.net/2014/05/refugees-maintain-connection.html
20140505,296112141,20140505,ISRAEL,ISR,WEST BANK,PSE,190,재래식 군사력 사용,19,4,-10.0,4,1,4,3.41113105924596,Israel,IS,http://www.gatestoneinstitute.org/4298/hamas-abbas-jihad
20140505,296113040,20140505,JORDAN,JOR,SYRIAN,SYR,192,영토 점령,19,4,-9.5,48,6,48,2.89156792939288,"Damascus, Dimashq, Syria",SY,http://www.euronews.com/newswires/2482728-syria-neighbours-alarmed-by-refugee-flow-want-more-aid-access/
20140505,296113041,20140505,JORDAN,JOR,SYRIA,SYR,192,영토 점령,19,4,-9.5,12,6,12,2.89156792939288,"Damascus, Dimashq, Syria",SY,http://www.euronews.com/newswires/2482728-syria-neighbours-alarmed-by-refugee-flow-want-more-aid-access/
20140505,296113113,20140505,HASSAN,JOR,IRANIAN,IRN,190,재래식 군사력 사용,19,4,-10.0,8,1,8,2.9595015576324,"Tehran, Tehran, Iran",IR,http://news.gnom.es/news/hassan-rouhani-clashes-with-iranian-conservatives-over-nuclear-talks
20140505,296113114,20140505,HASSAN,JOR,IRANIAN,IRN,190,재래식 군사력 사용,19,4,-10.0,8,1,8,3.17460317460317,"Los Angeles, California, United States",US,"http://www.latimes.com/world/middleeast/la-fg-iran-rouhani-conservatives-nuclear-talks-20140505,0,6920112.story"
20140505,296118416,20140505,LEBANON,LBN,IRAQ,IRQ,190,재래식 군사력 사용,19,4,-10.0,2,1,2,3.39176829268293,"Jabra, Al Ladhiqiyah, Syria",SY,http://www.naharnet.com/stories/ar/129325-%D9%88%D8%A7%D8%B4%D9%86%D8%B7%D9%86-%D8%B3%D8%AA%D8%B9%D8%AA%D8%B1%D9%81-%D8%A8%D9%85%D9%83%D8%A7%D8%AA%D8%A8-%D8%A7%D9%84%D9%85%D8%B9%D8%A7%D8%B1%D8%B6%D8%A9-%D8%A7%D9%84%D8%B3%D9%88%D8%B1%D9%8A%D8%A9-%D9%83%D8%
20140505,296118417,20140505,LEBANON,LBN,IRAQ,IRQ,190,재래식 군사력 사용,19,4,-10.0,4,1,4,3.36555923659418,Lebanon,LE,http://www.naharnet.com/stories/en/129325-washington-recognizes-syrian-opposition-offices-as-foreign-mission
20140505,296118418,20140505,LEBANESE,LBN,IRAQI,IRQ,190,재래식 군사력 사용,19,4,-10.0,24,2,24,2.0212238592608,"Darayya, Rif Dimashq, Syria",SY,http://www.menafn.com/1093825488/Fighting-rages-on-outskirts-of-Damascus&src=RSS
20140505,296118419,20140505,LEBANON,LBN,IRAQ,IRQ,190,재래식 군사력 사용,19,4,-10.0,12,1,12,3.36555923659418,Lebanon,LE,http://www.naharnet.com/stories/en/129325-washington-recognizes-syrian-opposition-offices-as-foreign-mission
20140505,296118420,20140505,LEBANON,LBN,IRAQ,IRQ,190,재래식 군사력 사용,19,4,-10.0,6,2,6,2.0212238592608,"Darayya, Rif Dimashq, Syria",SY,http://www.menafn.com/1093825488/Fighting-rages-on-outskirts-of-Damascus&src=RSS
20140505,296118421,20140505,LEBANON,LBN,IRAQ,IRQ,190,재래식 군사력 사용,19,4,-10.0,2,1,2,3.33935018050542,"Jabra, Al Ladhiqiyah, Syria",SY,http://www.naharnet.com/stories/en/129325-washington-recognizes-syrian-opposition-offices-as-foreign-mission
20140505,296118436,20140505,LEBANON,LBN,ISRAEL,ISR,190,재래식 군사력 사용,19,4,-10.0,4,1,4,1.95227765726681,Israel,IS,http://88z.org/2014/04/11/geagea-says-he-will-replace-hezbollah-with-lebanese-army-to-defend-lebanon-from-israel/
20140505,296118567,20140505,LEBANON,LBN,SYRIA,SYR,138,군사력 사용 위협,13,3,-7.0,1,1,1,3.82595648912228,"Baabda, Mont-Liban, Lebanon",LE,http://www.dailystar.com.lb/News/Lebanon-News/2014/May-06/255491-leaders-praise-sleiman-at-final-dialogue-session.ashx
20140505,296118568,20140505,LEBANON,LBN,SYRIA,SYR,138,군사력 사용 위협,13,3,-7.0,1,1,1,3.82595648912228,"Baabda, Mont-Liban, Lebanon",LE,http://www.dailystar.com.lb/News/Lebanon-News/2014/May-06/255491-leaders-praise-sleiman-at-final-dialogue-session.ashx
20140505,296118569,20140505,LEBANON,LBN,SYRIA,SYR,138,군사력 사용 위협,13,3,-7.0,3,1,3,3.82595648912228,"Baabda, Mont-Liban, Lebanon",LE,http://www.dailystar.com.lb/News/Lebanon-News/2014/May-06/255491-leaders-praise-sleiman-at-final-dialogue-session.ashx
20140505,296118570,20140505,LEBANON,LBN,SYRIAN,SYR,138,군사력 사용 위협,13,3,-7.0,2,1,2,2.6685393258427,"Beirut, Beyrouth, Lebanon",LE,http://www.dailystar.com.lb/News/Lebanon-News/2014/May-06/255493-death-penalty-sought-for-10-over-tripoli-attacks.ashx
20140505,296118571,20140505,LEBANON,LBN,SYRIAN,SYR,138,군사력 사용 위협,13,3,-7.0,2,1,2,2.6685393258427,"Beirut, Beyrouth, Lebanon",LE,http://www.dailystar.com.lb/News/Lebanon-News/2014/May-06/255493-death-penalty-sought-for-10-over-tripoli-attacks.ashx
20140505,296118577,20140505,LEBANON,LBN,SYRIA,SYR,190,재래식 군사력 사용,19,4,-10.0,1,1,1,1.51642796967144,"Deir Ezzor, Dayr az Zawr, Syria",SY,http://english.farsnews.com/newstext.aspx?nn=13930215000403
20140505,296118578,20140505,LEBANON,LBN,SYRIAN,SYR,190,재래식 군사력 사용,19,4,-10.0,2,1,2,1.51642796967144,"Idlib, Idlib, Syria",SY,http://english.farsnews.com/newstext.aspx?nn=13930215000403
20140505,296118579,20140505,LEBANON,LBN,SYRIA,SYR,190,재래식 군사력 사용,19,4,-10.0,1,1,1,1.51642796967144,"Deir Ezzor, Dayr az Zawr, Syria",SY,http://english.farsnews.com/newstext.aspx?nn=13930215000403
20140505,296118580,20140505,LEBANESE,LBN,SYRIAN,SYR,190,재래식 군사력 사용,19,4,-10.0,1,1,1,1.50375939849624,"Qalamoun, Rif Dimashq, Syria",SY,http://www.globalsecurity.org/wmd/library/news/syria/2014/syria-140504-presstv02.htm
20140505,296118581,20140505,BEIRUT,LBN,SYRIA,SYR,190,재래식 군사력 사용,19,4,-10.0,4,2,4,0.888888888888889,"Aleppo, ?alab, Syria",SY,http://www.azfamily.com/news/world/257978401.html
20140505,296118582,20140505,BEIRUT,LBN,SYRIA,SYR,190,재래식 군사력 사용,19,4,-10.0,2,1,2,2.1505376344086,"Washington, District of Columbia, United States",US,http://www.dailystar.com.lb/News/Middle-East/2014/May-06/255481-moscow-to-deliver-36-jets-to-regime-report.ashx
20140505,296118583,20140505,LEBANESE,LBN,SYRIAN,SYR,190,재래식 군사력 사용,19,4,-10.0,1,1,1,1.50375939849624,"Qalamoun, Rif Dimashq, Syria",SY,http://www.globalsecurity.org/wmd/library/news/syria/2014/syria-140504-presstv02.htm
20140505,296118584,20140505,BEIRUT,LBN,SYRIAN,SYR,193,소형무기·경무기를 이용한 전투,19,4,-10.0,8,1,8,1.0752688172043,"Damascus, Dimashq, Syria",SY,http://www.euronews.com/newswires/2482612-mortar-fire-kills-three-in-central-damascus/
20140505,296118585,20140505,LEBANON,LBN,SYRIA,SYR,193,소형무기·경무기를 이용한 전투,19,4,-10.0,2,1,2,1.0752688172043,"Beirut, Beyrouth, Lebanon",LE,http://www.euronews.com/newswires/2482612-mortar-fire-kills-three-in-central-damascus/
20140505,296118588,20140505,LEBANESE,LBN,SYRIAN,SYR,190,재래식 군사력 사용,19,4,-10.0,2,1,2,1.50375939849624,"Qalamoun, Rif Dimashq, Syria",SY,http://www.globalsecurity.org/wmd/library/news/syria/2014/syria-140504-presstv02.htm
20140505,296118590,20140505,BEIRUT,LBN,ALEPPO,SYR,190,재래식 군사력 사용,19,4,-10.0,9,1,9,1.30624092888244,"Damascus, Dimashq, Syria",SY,http://www.kentucky.com/2014/05/05/3227657/syria-rockets-slam-into-aleppo.html
20140505,296118591,20140505,BEIRUT,LBN,ALEPPO,SYR,190,재래식 군사력 사용,19,4,-10.0,27,3,27,1.47592630170148,"Athens, AttikíR, Greece",GR,http://www.thenewstribune.com/2014/05/05/3180131/syria-rockets-slam-into-aleppo.html?sp=/99/296/358/
20140505,296118600,20140505,LEBANON,LBN,SYRIA,SYR,193,소형무기·경무기를 이용한 전투,19,4,-10.0,1,1,1,1.85185185185185,Syria,SY,http://www.voltairenet.org/article183636.html
20140505,296118601,20140505,LEBANON,LBN,SYRIA,SYR,193,소형무기·경무기를 이용한 전투,19,4,-10.0,1,1,1,1.85185185185185,Syria,SY,http://www.voltairenet.org/article183636.html
20140505,296118626,20140505,LEBANON,LBN,SYRIAN,SYR,190,재래식 군사력 사용,19,4,-10.0,2,1,2,1.6260162601626,"Baalbek, Mohafazat Baalbek-Hermel, Lebanon",LE,http://www.zawya.com/story/Arsal_residents_Hezbollah_clash_with_Syrian_gunmen-DS05052014_dsart*255364/
20140505,296118627,20140505,LEBANON,LBN,SYRIA,SYR,190,재래식 군사력 사용,19,4,-10.0,2,1,2,1.6260162601626,"Baalbek, Mohafazat Baalbek-Hermel, Lebanon",LE,http://www.zawya.com/story/Arsal_residents_Hezbollah_clash_with_Syrian_gunmen-DS05052014_dsart*255364/
20140505,296118677,20140505,SIDON,LBN,SYRIAN,SYR,139,최후통첩,13,3,-7.0,3,1,3,2.26537216828479,Syria,SY,http://www.dailystar.com.lb/News/Lebanon-News/2014/May-05/255405-hospital-refuses-to-hand-over-body-of-syrian-infant.ashx
20140505,296118697,20140505,LEBANON,LBN,SYRIA,SYR,190,재래식 군사력 사용,19,4,-10.0,2,1,2,2.07058823529412,"Tel Al-Ahmar, An Najaf, Iraq",IZ,http://english.al-akhbar.com/node/19649/&c=e0YIojifUSFV8EpJ32zRolKQ2yp5CMg0dLgm4JkxMHo&mkt=en-us
20140505,296118698,20140505,LEBANON,LBN,SYRIA,SYR,190,재래식 군사력 사용,19,4,-10.0,2,1,2,2.07058823529412,Lebanon,LE,http://english.al-akhbar.com/node/19649/&c=e0YIojifUSFV8EpJ32zRolKQ2yp5CMg0dLgm4JkxMHo&mkt=en-us
20140505,296137145,20140505,PALESTINIAN,PSE,ISRAEL,ISR,190,재래식 군사력 사용,19,4,-10.0,70,6,60,1.37960239751761,"Tel Aviv, Tel Aviv, Israel",IS,http://www.bangkokpost.com/tech/computer/408283/inakba-app-finds-former-palestinian-towns-in-israel
20140505,296137146,20140505,PALESTINIAN,PSE,ISRAELI,ISR,190,재래식 군사력 사용,19,4,-10.0,1,1,1,1.71545968156138,"Bethlehem, West Bank (general), West Bank",WE,http://mondoweiss.net/2014/05/refugees-maintain-connection.html
20140505,296137147,20140505,PALESTINIAN,PSE,ISRAELI,ISR,190,재래식 군사력 사용,19,4,-10.0,9,2,9,0.302755071147442,"Jerusalem, Israel (general), Israel",IS,"Ma'an News Agency website, Bethlehem/BBC Monitoring/(c) BBC"
20140505,296137148,20140505,GAZA,PSE,ISRAEL,ISR,190,재래식 군사력 사용,19,4,-10.0,6,3,6,1.45020480834326,"Gaza City, Israel (general), Israel",IS,http://mondoweiss.net/2014/05/refugees-maintain-connection.html
20140505,296137149,20140505,WEST BANK,PSE,ISRAEL,ISR,190,재래식 군사력 사용,19,4,-10.0,2,1,2,2.65392781316348,"Hebrew University, Yerushalayim, Israel",IS,http://thearabdailynews.com/2014/05/05/community-organizing-rallies-support-rasmea-odeh/
20140505,296137150,20140505,WEST BANK,PSE,ISRAEL,ISR,190,재래식 군사력 사용,19,4,-10.0,8,1,8,2.65392781316348,"Hebrew University, Yerushalayim, Israel",IS,http://thearabdailynews.com/2014/05/05/community-organizing-rallies-support-rasmea-odeh/
20140505,296137151,20140505,PALESTINIAN,PSE,ISRAEL,ISR,192,영토 점령,19,4,-9.5,2,1,2,2.29276895943563,"Gaza, Israel (general), Israel",IS,http://www.morningstaronline.co.uk/a-66cb-World-in-Brief-050514/RK=0
20140505,296137152,20140505,PALESTINIAN,PSE,ISRAELI,ISR,192,영토 점령,19,4,-9.5,4,1,4,1.55642023346304,"Jerusalem, Israel (general), Israel",IS,http://www.mareeg.com/an-apartheid-state-on-steroids/
20140505,296137153,20140505,PALESTINIAN,PSE,ISRAEL,ISR,192,영토 점령,19,4,-9.5,2,1,2,2.29276895943563,"Gaza, Israel (general), Israel",IS,http://www.morningstaronline.co.uk/a-66cb-World-in-Brief-050514/RK=0
20140505,296137154,20140505,GAZA,PSE,ISRAEL,ISR,193,소형무기·경무기를 이용한 전투,19,4,-10.0,2,1,2,1.71545968156138,"Gaza, Israel (general), Israel",IS,http://mondoweiss.net/2014/05/refugees-maintain-connection.html
20140505,296137155,20140505,GAZA,PSE,ISRAEL,ISR,194,포병·전차를 이용한 전투,19,4,-10.0,8,1,8,4.06320541760722,"Gaza, Israel (general), Israel",IS,http://www.huffingtonpost.com/abraham-h-foxman/as-israel-turns-66-a-shif_b_5269355.html?utm_hp_ref=politics&ir=Politics
20140505,296137167,20140505,PALESTINIAN,PSE,ISRAELI,ISR,192,영토 점령,19,4,-9.5,6,1,6,1.55642023346304,"Jerusalem, Israel (general), Israel",IS,http://www.mareeg.com/an-apartheid-state-on-steroids/
20140505,296137469,20140505,HAMAS,PSE,ISRAEL,ISR,192,영토 점령,19,4,-9.5,4,1,4,1.82926829268293,"Gaza, Israel (general), Israel",IS,http://www.israelnationalnews.com/News/News.aspx/180307
20140505,296137470,20140505,HAMAS,PSE,ISRAEL,ISR,192,영토 점령,19,4,-9.5,4,1,4,3.41113105924596,Israel,IS,http://www.gatestoneinstitute.org/4298/hamas-abbas-jihad
20140505,296137471,20140505,HAMAS,PSE,ISRAEL,ISR,194,포병·전차를 이용한 전투,19,4,-10.0,2,1,2,3.82513661202186,"Gaza, Israel (general), Israel",IS,http://www.honestreporting.ca/the-hamas-fatah-pact-when-unity-divides/13923
20140505,296137557,20140505,HAMAS,PSE,ISRAEL,ISR,154,군 병력 동원·증강,15,4,-7.2,14,3,14,4.49115734006372,"Gaza, Israel (general), Israel",IS,http://news.gnom.es/news/us-aid-indirectly-helps-hamas-under-deal-with-palestinian-authority
20140505,296138220,20140505,QATAR,QAT,SAUDI ARABIA,SAU,190,재래식 군사력 사용,19,4,-10.0,6,1,6,4.10233789148655,"Riyadh, Ar Riya?, Saudi Arabia",SA,http://www.counterpunch.org/2014/05/05/saudi-insecurities/
20140505,296138221,20140505,QATAR,QAT,SAUDI ARABIA,SAU,190,재래식 군사력 사용,19,4,-10.0,2,1,2,4.10233789148655,"Riyadh, Ar Riya?, Saudi Arabia",SA,http://www.counterpunch.org/2014/05/05/saudi-insecurities/
20140505,296138222,20140505,QATAR,QAT,SAUDI ARABIA,SAU,190,재래식 군사력 사용,19,4,-10.0,2,1,2,4.10233789148655,"Riyadh, Ar Riya?, Saudi Arabia",SA,http://www.counterpunch.org/2014/05/05/saudi-insecurities/
20140505,296143129,20140505,SAUDI ARABIA,SAU,QATAR,QAT,190,재래식 군사력 사용,19,4,-10.0,6,1,6,4.10233789148655,"Riyadh, Ar Riya?, Saudi Arabia",SA,http://www.counterpunch.org/2014/05/05/saudi-insecurities/
20140505,296143130,20140505,SAUDI ARABIA,SAU,QATAR,QAT,190,재래식 군사력 사용,19,4,-10.0,2,1,2,4.10233789148655,"Riyadh, Ar Riya?, Saudi Arabia",SA,http://www.counterpunch.org/2014/05/05/saudi-insecurities/
20140505,296143131,20140505,SAUDI ARABIA,SAU,QATAR,QAT,190,재래식 군사력 사용,19,4,-10.0,2,1,2,4.10233789148655,"Riyadh, Ar Riya?, Saudi Arabia",SA,http://www.counterpunch.org/2014/05/05/saudi-insecurities/
20140505,296143216,20140505,MAKKAH,SAU,SYRIAN,SYR,190,재래식 군사력 사용,19,4,-10.0,3,1,3,1.84426229508197,"Damascus, Dimashq, Syria",SY,http://nvonews.com/fighting-rages-on-outskirts-of-damascus/
20140505,296143217,20140505,MAKKAH,SAU,SYRIAN,SYR,190,재래식 군사력 사용,19,4,-10.0,3,1,3,2.55536626916525,Syria,SY,http://nvonews.com/audience-members-thought-accident-part-of-circus-11-hospitalized-1-serious/
20140505,296143284,20140505,SAUDI,SAU,YEMEN,YEM,190,재래식 군사력 사용,19,4,-10.0,20,1,20,0.890207715133531,Mali,ML,http://www.longwarjournal.org/archives/2014/05/saudis_chechens_afgh.php
20140505,296143455,20140505,SAUDI,SAU,ALEPPO,SYR,190,재래식 군사력 사용,19,4,-10.0,8,1,8,0.0,"Aleppo, ?alab, Syria",SY,http://www.saudigazette.com.sa/index.cfm?method=home.regcon&contentid=20140506204171
20140505,296145517,20140505,SYRIAN,SYR,SINAI PENINSULA,EGY,192,영토 점령,19,4,-9.5,1,1,1,3.8560411311054,"Golan Heights, Syria (general), Syria",SY,http://www.azernews.az/analysis/66728.html
20140505,296145518,20140505,SYRIAN,SYR,SINAI PENINSULA,EGY,192,영토 점령,19,4,-9.5,1,1,1,3.8560411311054,"Golan Heights, Syria (general), Syria",SY,http://www.azernews.az/analysis/66728.html
20140505,296145519,20140505,SYRIAN,SYR,SINAI PENINSULA,EGY,192,영토 점령,19,4,-9.5,1,1,1,3.79436964504284,"Jerusalem, Israel (general), Israel",IS,http://en.trend.az/regions/met/arabicr/2270623.html
20140505,296145520,20140505,SYRIAN,SYR,SINAI PENINSULA,EGY,192,영토 점령,19,4,-9.5,1,1,1,3.79436964504284,"Jerusalem, Israel (general), Israel",IS,http://en.trend.az/regions/met/arabicr/2270623.html
20140505,296145587,20140505,SYRIA,SYR,IRANIAN,IRN,190,재래식 군사력 사용,19,4,-10.0,9,1,9,1.21212121212121,"Damascus, Dimashq, Syria",SY,http://irannewsupdate.com/news/terrorism/1093-iran-4-irgc-members-killed-in-syria.html
20140505,296145588,20140505,SYRIA,SYR,IRAN,IRN,190,재래식 군사력 사용,19,4,-10.0,1,1,1,1.21212121212121,"Damascus, Dimashq, Syria",SY,http://irannewsupdate.com/news/terrorism/1093-iran-4-irgc-members-killed-in-syria.html
20140505,296145589,20140505,SYRIA,SYR,IRAN,IRN,190,재래식 군사력 사용,19,4,-10.0,1,1,1,1.21212121212121,"Damascus, Dimashq, Syria",SY,http://irannewsupdate.com/news/terrorism/1093-iran-4-irgc-members-killed-in-syria.html
20140505,296145590,20140505,SYRIA,SYR,IRANIAN,IRN,190,재래식 군사력 사용,19,4,-10.0,3,1,3,1.21212121212121,"Mashhad, (IR30), Iran",IR,http://irannewsupdate.com/news/terrorism/1093-iran-4-irgc-members-killed-in-syria.html
20140505,296145591,20140505,SYRIA,SYR,IRAN,IRN,190,재래식 군사력 사용,19,4,-10.0,2,1,2,1.21212121212121,"Damascus, Dimashq, Syria",SY,http://irannewsupdate.com/news/terrorism/1093-iran-4-irgc-members-killed-in-syria.html
20140505,296145592,20140505,SYRIA,SYR,IRANIAN,IRN,190,재래식 군사력 사용,19,4,-10.0,6,1,6,1.21212121212121,"Tehran, Tehran, Iran",IR,http://irannewsupdate.com/news/terrorism/1093-iran-4-irgc-members-killed-in-syria.html
20140505,296145593,20140505,SYRIA,SYR,IRAN,IRN,190,재래식 군사력 사용,19,4,-10.0,1,1,1,1.21212121212121,"Mashhad, (IR30), Iran",IR,http://irannewsupdate.com/news/terrorism/1093-iran-4-irgc-members-killed-in-syria.html
20140505,296145594,20140505,SYRIA,SYR,IRAN,IRN,190,재래식 군사력 사용,19,4,-10.0,2,1,2,1.21212121212121,"Zaynab, Al Basrah, Iraq",IZ,http://irannewsupdate.com/news/terrorism/1093-iran-4-irgc-members-killed-in-syria.html
20140505,296145603,20140505,SYRIA,SYR,IRAQ,IRQ,190,재래식 군사력 사용,19,4,-10.0,3,1,3,1.31332082551595,"Sulaymaniyah, As Sulaymaniyah, Iraq",IZ,"NRT TV, Sulaymaniyah/BBC Monitoring/(c) BBC"
20140505,296145604,20140505,SYRIA,SYR,IRAQ,IRQ,190,재래식 군사력 사용,19,4,-10.0,3,1,3,1.31332082551595,Syria,SY,"NRT TV, Sulaymaniyah/BBC Monitoring/(c) BBC"
20140505,296145611,20140505,SYRIAN,SYR,ISRAEL,ISR,192,영토 점령,19,4,-9.5,4,2,4,3.82520538807412,"Golan Heights, Syria (general), Syria",SY,http://www.azernews.az/analysis/66728.html
20140505,296145612,20140505,SYRIAN,SYR,ISRAEL,ISR,192,영토 점령,19,4,-9.5,8,2,8,3.8174964523163,"Golan Heights, Syria (general), Syria",SY,http://en.trend.az/regions/met/arabicr/2270623.html
20140505,296145613,20140505,SYRIAN,SYR,ISRAEL,ISR,192,영토 점령,19,4,-9.5,1,1,1,3.79436964504284,"Golan Heights, Syria (general), Syria",SY,http://en.trend.az/regions/met/arabicr/2270623.html
20140505,296145614,20140505,SYRIAN,SYR,ISRAEL,ISR,192,영토 점령,19,4,-9.5,3,1,3,3.8560411311054,Lebanon,LE,http://www.azernews.az/analysis/66728.html
20140505,296145615,20140505,SYRIA,SYR,ISRAEL,ISR,190,재래식 군사력 사용,19,4,-10.0,4,1,4,2.74725274725275,Israel,IS,http://humanitariannews.org/20140506/syrian-arab-republic-gunfire-forces-un-agency-suspend-food-delivery-besieged-palestinian-re
20140505,296145667,20140505,SYRIA,SYR,LEBANESE,LBN,190,재래식 군사력 사용,19,4,-10.0,2,1,2,3.18318318318318,"Ghouta, Dimashq, Syria",SY,http://www.naharnet.com/stories/en/129168
20140505,296145668,20140505,SYRIA,SYR,LEBANESE,LBN,190,재래식 군사력 사용,19,4,-10.0,2,1,2,3.18318318318318,Lebanon,LE,http://www.naharnet.com/stories/en/129168
20140505,296145669,20140505,SYRIA,SYR,LEBANON,LBN,190,재래식 군사력 사용,19,4,-10.0,1,1,1,1.51642796967144,"Deir Ezzor, Dayr az Zawr, Syria",SY,http://english.farsnews.com/newstext.aspx?nn=13930215000403
20140505,296145670,20140505,SYRIAN,SYR,LEBANON,LBN,190,재래식 군사력 사용,19,4,-10.0,2,1,2,1.51642796967144,"Idlib, Idlib, Syria",SY,http://english.farsnews.com/newstext.aspx?nn=13930215000403
20140505,296145671,20140505,SYRIA,SYR,LEBANON,LBN,190,재래식 군사력 사용,19,4,-10.0,1,1,1,1.51642796967144,"Deir Ezzor, Dayr az Zawr, Syria",SY,http://english.farsnews.com/newstext.aspx?nn=13930215000403
20140505,296145672,20140505,SYRIAN,SYR,LEBANESE,LBN,190,재래식 군사력 사용,19,4,-10.0,1,1,1,1.50375939849624,"Qalamoun, Rif Dimashq, Syria",SY,http://www.globalsecurity.org/wmd/library/news/syria/2014/syria-140504-presstv02.htm
20140505,296145673,20140505,SYRIAN,SYR,LEBANESE,LBN,190,재래식 군사력 사용,19,4,-10.0,1,1,1,1.50375939849624,"Qalamoun, Rif Dimashq, Syria",SY,http://www.globalsecurity.org/wmd/library/news/syria/2014/syria-140504-presstv02.htm
20140505,296145674,20140505,SYRIAN,SYR,LEBANON,LBN,190,재래식 군사력 사용,19,4,-10.0,2,1,2,1.6260162601626,Syria,SY,http://www.zawya.com/story/Arsal_residents_Hezbollah_clash_with_Syrian_gunmen-DS05052014_dsart*255364/
20140505,296145681,20140505,SYRIA,SYR,LEBANON,LBN,190,재래식 군사력 사용,19,4,-10.0,2,1,2,2.07058823529412,Lebanon,LE,http://english.al-akhbar.com/node/19649/&c=e0YIojifUSFV8EpJ32zRolKQ2yp5CMg0dLgm4JkxMHo&mkt=en-us
20140505,296145682,20140505,SYRIA,SYR,LEBANON,LBN,190,재래식 군사력 사용,19,4,-10.0,2,1,2,2.07058823529412,"Tel Al-Ahmar, An Najaf, Iraq",IZ,http://english.al-akhbar.com/node/19649/&c=e0YIojifUSFV8EpJ32zRolKQ2yp5CMg0dLgm4JkxMHo&mkt=en-us
20140505,296145732,20140505,SYRIAN,SYR,PALESTINIAN,PSE,190,재래식 군사력 사용,19,4,-10.0,4,1,4,2.74725274725275,Israel,IS,http://humanitariannews.org/20140506/syrian-arab-republic-gunfire-forces-un-agency-suspend-food-delivery-besieged-palestinian-re
20140505,296145733,20140505,SYRIAN,SYR,GAZA,PSE,192,영토 점령,19,4,-9.5,3,2,3,3.83548396908455,"Golan Heights, Syria (general), Syria",SY,http://www.azernews.az/analysis/66728.html
20140505,296145734,20140505,SYRIAN,SYR,GAZA,PSE,192,영토 점령,19,4,-9.5,1,1,1,3.79436964504284,"Golan Heights, Syria (general), Syria",SY,http://en.trend.az/regions/met/arabicr/2270623.html
20140505,296145735,20140505,SYRIAN,SYR,PALESTINIAN,PSE,190,재래식 군사력 사용,19,4,-10.0,2,1,2,2.74725274725275,Israel,IS,http://humanitariannews.org/20140506/syrian-arab-republic-gunfire-forces-un-agency-suspend-food-delivery-besieged-palestinian-re
20140505,296145871,20140505,SYRIA,SYR,TURKISH,TUR,190,재래식 군사력 사용,19,4,-10.0,8,1,8,2.68292682926829,"Afrin, ?alab, Syria",SY,"Zaman website, Istanbul/BBC Monitoring/(c) BBC"
20140505,296145961,20140505,SYRIA,SYR,SANA,YEM,190,재래식 군사력 사용,19,4,-10.0,1,1,1,0.0,"Aleppo, ?alab, Syria",SY,http://www.khaleejtimes.com/kt-article-display-1.asp?xfile=data/middleeast/2014/May/middleeast_May42.xml&section=middleeast
20140505,296145962,20140505,ALEPPO,SYR,SANA,YEM,190,재래식 군사력 사용,19,4,-10.0,9,1,9,0.0,"Aleppo, ?alab, Syria",SY,http://www.khaleejtimes.com/kt-article-display-1.asp?xfile=data/middleeast/2014/May/middleeast_May42.xml&section=middleeast
20140505,296145963,20140505,ALEPPO,SYR,SANA,YEM,194,포병·전차를 이용한 전투,19,4,-10.0,2,1,2,0.0,"Aleppo, ?alab, Syria",SY,http://www.khaleejtimes.com/kt-article-display-1.asp?xfile=data/middleeast/2014/May/middleeast_May42.xml&section=middleeast
20140505,296146030,20140505,SYRIA,SYR,TURKISH,TUR,193,소형무기·경무기를 이용한 전투,19,4,-10.0,8,1,8,2.875,Syria,SY,"Star website, Istanbul/BBC Monitoring/(c) BBC"
20140505,296146031,20140505,SYRIA,SYR,TURKISH,TUR,193,소형무기·경무기를 이용한 전투,19,4,-10.0,2,1,2,2.875,Turkey,TU,"Star website, Istanbul/BBC Monitoring/(c) BBC"
20140505,296146055,20140505,SYRIAN,SYR,LEBANESE,LBN,190,재래식 군사력 사용,19,4,-10.0,2,1,2,1.50375939849624,"Qalamoun, Rif Dimashq, Syria",SY,http://www.globalsecurity.org/wmd/library/news/syria/2014/syria-140504-presstv02.htm
20140505,296146095,20140505,ALEPPO,SYR,BEIRUT,LBN,190,재래식 군사력 사용,19,4,-10.0,36,4,36,1.43350495849672,"Aleppo, ?alab, Syria",SY,http://www.thenewstribune.com/2014/05/05/3180131/syria-rockets-slam-into-aleppo.html?sp=/99/296/358/
20140505,296146102,20140505,ALEPPO,SYR,SAUDI,SAU,190,재래식 군사력 사용,19,4,-10.0,7,1,7,0.0,"Damascus, Dimashq, Syria",SY,http://www.saudigazette.com.sa/index.cfm?method=home.regcon&contentid=20140506204171
20140505,296146103,20140505,ALEPPO,SYR,SAUDI ARABIA,SAU,190,재래식 군사력 사용,19,4,-10.0,1,1,1,0.0,"Damascus, Dimashq, Syria",SY,http://www.saudigazette.com.sa/index.cfm?method=home.regcon&contentid=20140506204171
20140505,296146162,20140505,SYRIA,SYR,LEBANON,LBN,190,재래식 군사력 사용,19,4,-10.0,1,1,1,1.85185185185185,Syria,SY,http://www.voltairenet.org/article183636.html
20140505,296146163,20140505,SYRIA,SYR,LEBANON,LBN,190,재래식 군사력 사용,19,4,-10.0,2,1,2,1.85185185185185,"Arsal, Mohafazat Baalbek-Hermel, Lebanon",LE,http://www.voltairenet.org/article183636.html
20140505,296146164,20140505,SYRIA,SYR,LEBANON,LBN,190,재래식 군사력 사용,19,4,-10.0,3,1,3,1.85185185185185,Syria,SY,http://www.voltairenet.org/article183636.html
20140505,296146165,20140505,SYRIA,SYR,LEBANON,LBN,193,소형무기·경무기를 이용한 전투,19,4,-10.0,1,1,1,1.85185185185185,Syria,SY,http://www.voltairenet.org/article183636.html
20140505,296146166,20140505,SYRIA,SYR,LEBANON,LBN,193,소형무기·경무기를 이용한 전투,19,4,-10.0,1,1,1,1.85185185185185,Syria,SY,http://www.voltairenet.org/article183636.html
20140505,296146167,20140505,SYRIA,SYR,LEBANON,LBN,190,재래식 군사력 사용,19,4,-10.0,1,1,1,1.6260162601626,"Arsal, Mohafazat Baalbek-Hermel, Lebanon",LE,http://www.zawya.com/story/Arsal_residents_Hezbollah_clash_with_Syrian_gunmen-DS05052014_dsart*255364/
20140505,296146168,20140505,SYRIA,SYR,LEBANON,LBN,190,재래식 군사력 사용,19,4,-10.0,1,1,1,1.6260162601626,Syria,SY,http://www.zawya.com/story/Arsal_residents_Hezbollah_clash_with_Syrian_gunmen-DS05052014_dsart*255364/
20140505,296147317,20140505,TURKISH,TUR,SYRIA,SYR,190,재래식 군사력 사용,19,4,-10.0,1,1,1,2.68292682926829,"Diyarbakir, Diyarbakir, Turkey",TU,"Zaman website, Istanbul/BBC Monitoring/(c) BBC"
20140505,296147318,20140505,TURKISH,TUR,SYRIA,SYR,190,재래식 군사력 사용,19,4,-10.0,1,1,1,2.68292682926829,"Diyarbakir, Diyarbakir, Turkey",TU,"Zaman website, Istanbul/BBC Monitoring/(c) BBC"
20140505,296147319,20140505,TURKISH,TUR,SYRIA,SYR,190,재래식 군사력 사용,19,4,-10.0,6,1,6,2.68292682926829,"Diyarbakir, Diyarbakir, Turkey",TU,"Zaman website, Istanbul/BBC Monitoring/(c) BBC"
20140505,296147320,20140505,TURKISH,TUR,SYRIAN,SYR,193,소형무기·경무기를 이용한 전투,19,4,-10.0,2,1,2,2.875,Syria,SY,"Star website, Istanbul/BBC Monitoring/(c) BBC"
20140505,296147321,20140505,TURKISH,TUR,SYRIAN,SYR,193,소형무기·경무기를 이용한 전투,19,4,-10.0,6,1,6,2.875,Turkey,TU,"Star website, Istanbul/BBC Monitoring/(c) BBC"
20140505,296174964,20140505,YEMENITE,YEM,ISRAEL,ISR,193,소형무기·경무기를 이용한 전투,19,4,-10.0,2,1,2,2.65486725663717,France,FR,http://www.jpost.com/Breaking-News/Yemenite-government-says-gunmen-kill-foreigner-in-Sanaa-351380
20140505,296174997,20140505,YEMENI,YEM,AL JAZEERA,QAT,193,소형무기·경무기를 이용한 전투,19,4,-10.0,10,1,10,0.0,"Shabwa, La?ij, Yemen",YM,http://www.aljazeera.com/news/middleeast/2014/05/yemeni-officer-killed-drive-shooting-20145592333629234.html
20140506,296180868,20140429,JORDAN,JOR,SYRIAN,SYR,190,재래식 군사력 사용,19,4,-10.0,2,1,2,0.863930885529158,"Deraa, Dara, Syria",SY,http://abna.ir/english/service/middle-east-west-asia/archive/2014/05/06/606792/story.html
20140506,296180869,20140429,JORDAN,JOR,SYRIAN,SYR,190,재래식 군사력 사용,19,4,-10.0,3,1,3,0.863930885529158,"Deraa, Dara, Syria",SY,http://abna.ir/english/service/middle-east-west-asia/archive/2014/05/06/606792/story.html
20140506,296181425,20140429,SYRIAN,SYR,JORDAN,JOR,190,재래식 군사력 사용,19,4,-10.0,2,1,2,0.863930885529158,"Deraa, Dara, Syria",SY,http://abna.ir/english/service/middle-east-west-asia/archive/2014/05/06/606792/story.html
20140506,296181436,20140429,SYRIAN,SYR,JORDAN,JOR,190,재래식 군사력 사용,19,4,-10.0,3,1,3,0.863930885529158,"Deraa, Dara, Syria",SY,http://abna.ir/english/service/middle-east-west-asia/archive/2014/05/06/606792/story.html
20140506,296229658,20140506,EGYPT,EGY,ISRAEL,ISR,190,재래식 군사력 사용,19,4,-10.0,2,1,2,0.0,"Rafah, Shamal Sina', Egypt",EG,http://www.maannews.net/eng/ViewDetails.aspx?ID=695292
20140506,296229659,20140506,EGYPT,EGY,ISRAEL,ISR,193,소형무기·경무기를 이용한 전투,19,4,-10.0,2,1,2,0.843881856540084,"Rafah, Shamal Sina', Egypt",EG,http://en.apa.az/xeber_egypt_forces_detain_3_palestinian_fisher_210877.html
20140506,296229660,20140506,EGYPT,EGY,ISRAEL,ISR,193,소형무기·경무기를 이용한 전투,19,4,-10.0,2,1,2,0.843881856540084,"Gaza, Israel (general), Israel",IS,http://en.apa.az/xeber_egypt_forces_detain_3_palestinian_fisher_210877.html
20140506,296229661,20140506,EGYPT,EGY,TEL AVIV,ISR,195,공중무기 사용,19,4,-10.0,8,1,8,1.82440136830103,"Tel Aviv, Tel Aviv, Israel",IS,http://life.time.com/history/israel-is-born-photos-from-1948/
20140506,296229662,20140506,EGYPT,EGY,TEL AVIV,ISR,195,공중무기 사용,19,4,-10.0,1,1,1,1.82440136830103,Syria,SY,http://life.time.com/history/israel-is-born-photos-from-1948/
20140506,296229663,20140506,EGYPT,EGY,TEL AVIV,ISR,195,공중무기 사용,19,4,-10.0,1,1,1,1.82440136830103,"Jerusalem, Israel (general), Israel",IS,http://life.time.com/history/israel-is-born-photos-from-1948/
20140506,296229760,20140506,EGYPTIAN,EGY,GAZA,PSE,190,재래식 군사력 사용,19,4,-10.0,1,1,1,0.0,"Rafah, Shamal Sina', Egypt",EG,http://www.maannews.net/eng/ViewDetails.aspx?ID=695292
20140506,296229761,20140506,EGYPTIAN,EGY,GAZA,PSE,190,재래식 군사력 사용,19,4,-10.0,1,1,1,0.0,"Rafah, Shamal Sina', Egypt",EG,http://www.maannews.net/eng/ViewDetails.aspx?ID=695292
20140506,296229762,20140506,EGYPTIAN,EGY,GAZA,PSE,190,재래식 군사력 사용,19,4,-10.0,1,1,1,0.0,"Gaza, Israel (general), Israel",IS,http://www.maannews.net/eng/ViewDetails.aspx?ID=695292
20140506,296229763,20140506,EGYPTIAN,EGY,GAZA,PSE,190,재래식 군사력 사용,19,4,-10.0,2,1,2,0.0,"Gaza, Israel (general), Israel",IS,http://www.maannews.net/eng/ViewDetails.aspx?ID=695292
20140506,296229764,20140506,EGYPTIAN,EGY,GAZA,PSE,193,소형무기·경무기를 이용한 전투,19,4,-10.0,1,1,1,0.843881856540084,"Rafah, Shamal Sina', Egypt",EG,http://en.apa.az/xeber_egypt_forces_detain_3_palestinian_fisher_210877.html
20140506,296229765,20140506,EGYPTIAN,EGY,GAZA,PSE,193,소형무기·경무기를 이용한 전투,19,4,-10.0,3,1,3,0.843881856540084,"Gaza, Israel (general), Israel",IS,http://en.apa.az/xeber_egypt_forces_detain_3_palestinian_fisher_210877.html
20140506,296229884,20140506,EGYPT,EGY,YEMEN,YEM,190,재래식 군사력 사용,19,4,-10.0,2,1,2,6.41025641025641,"Cairo, Al Qahirah, Egypt",EG,"MENA news agency, Cairo/BBC Monitoring/(c) BBC"
20140506,296229885,20140506,EGYPT,EGY,YEMEN,YEM,190,재래식 군사력 사용,19,4,-10.0,2,1,2,6.41025641025641,"Al-Qaidah, ?ajjah, Yemen",YM,"MENA news agency, Cairo/BBC Monitoring/(c) BBC"
20140506,296252964,20140506,IRANIAN,IRN,HASSAN,JOR,190,재래식 군사력 사용,19,4,-10.0,8,1,8,3.51123595505618,"Tehran, Tehran, Iran",IR,http://www.latimes.com/world/middleeast/la-fg-iran-rouhani-conservatives-nuclear-talks-20140505-story.html
20140506,296253286,20140506,TEHRAN,IRN,SYRIA,SYR,190,재래식 군사력 사용,19,4,-10.0,2,1,2,2.28571428571429,"Tehran, Tehran, Iran",IR,http://www.rferl.org/content/iran-commander-fighting-syria/25375263.html
20140506,296253302,20140506,IRANIAN,IRN,TURKISH,TUR,190,재래식 군사력 사용,19,4,-10.0,2,1,2,1.98300283286119,"Tehran, Tehran, Iran",IR,http://en.cihan.com.tr/news/Iran-to-seize-assets-of-controversial-billionaire-Zanjani_2964-CHMTQyMjk2NC8z
20140506,296253303,20140506,IRANIAN,IRN,TURKISH,TUR,190,재래식 군사력 사용,19,4,-10.0,2,1,2,1.98300283286119,"Cihan, Bursa, Turkey",TU,http://en.cihan.com.tr/news/Iran-to-seize-assets-of-controversial-billionaire-Zanjani_2964-CHMTQyMjk2NC8z
20140506,296253304,20140506,IRANIAN,IRN,TURKISH,TUR,190,재래식 군사력 사용,19,4,-10.0,2,1,2,1.69491525423729,Turkey,TU,http://www.todayszaman.com/news-347066-iran-to-seize-assets-of-controversial-billionaire-zanjani.html
20140506,296253305,20140506,IRANIAN,IRN,TURKISH,TUR,190,재래식 군사력 사용,19,4,-10.0,2,1,2,1.69491525423729,"Tehran, Tehran, Iran",IR,http://www.todayszaman.com/news-347066-iran-to-seize-assets-of-controversial-billionaire-zanjani.html
20140506,296253832,20140506,IRAQI,IRQ,IRAN,IRN,190,재래식 군사력 사용,19,4,-10.0,3,1,3,0.0,"Baghdad, Baghdad, Iraq",IZ,http://twocircles.net/2014may06/iraqi_forces_launch_offensive_reclaim_fallujah.html
20140506,296254450,20140506,ISRAEL,ISR,IRAN,IRN,190,재래식 군사력 사용,19,4,-10.0,2,1,2,2.11640211640212,"Jerusalem, Israel (general), Israel",IS,http://www.israelnationalnews.com/Articles/Article.aspx/14957
20140506,296254451,20140506,ISRAEL,ISR,IRAN,IRN,190,재래식 군사력 사용,19,4,-10.0,8,1,8,2.11640211640212,Iran,IR,http://www.israelnationalnews.com/Articles/Article.aspx/14957
20140506,296254588,20140506,ISRAEL,ISR,LEBANON,LBN,163,금수·보이콧·제재 부과,16,4,-8.0,2,1,2,2.42622950819672,"Jerusalem, Israel (general), Israel",IS,http://english.al-akhbar.com/node/19656/
20140506,296254589,20140506,ISRAEL,ISR,LEBANON,LBN,163,금수·보이콧·제재 부과,16,4,-8.0,2,1,2,2.42622950819672,Lebanon,LE,http://english.al-akhbar.com/node/19656/
20140506,296254590,20140506,ISRAEL,ISR,LEBANON,LBN,163,금수·보이콧·제재 부과,16,4,-8.0,6,1,6,2.42622950819672,Lebanon,LE,http://english.al-akhbar.com/node/19656/
20140506,296254591,20140506,ISRAEL,ISR,LEBANON,LBN,190,재래식 군사력 사용,19,4,-10.0,4,2,4,3.41222530094452,"Beirut, Beyrouth, Lebanon",LE,http://www.rightsidenews.com/2014050634231/world/terrorism/the-muslim-brotherhood-and-terrorist-organizations.html
20140506,296254592,20140506,ISRAEL,ISR,LEBANON,LBN,190,재래식 군사력 사용,19,4,-10.0,4,2,4,3.41222530094452,"Gaza, Israel (general), Israel",IS,http://www.rightsidenews.com/2014050634231/world/terrorism/the-muslim-brotherhood-and-terrorist-organizations.html
20140506,296254786,20140506,ISRAEL,ISR,PALESTINIAN,PSE,190,재래식 군사력 사용,19,4,-10.0,8,1,8,1.21065375302663,"Tel Aviv, Tel Aviv, Israel",IS,http://www.iol.co.za/scitech/technology/software/app-reconciles-israel-s-past-present-1.1684074
20140506,296254787,20140506,ISRAEL,ISR,PALESTINIAN,PSE,190,재래식 군사력 사용,19,4,-10.0,2,1,2,1.21065375302663,"Jerusalem, Israel (general), Israel",IS,http://www.iol.co.za/scitech/technology/software/app-reconciles-israel-s-past-present-1.1684074
20140506,296254788,20140506,ISRAELI,ISR,WEST BANK,PSE,190,재래식 군사력 사용,19,4,-10.0,5,1,5,1.18243243243243,"Hebron, Israel (general), Israel",IS,http://www.imemc.org/article/67731
20140506,296254789,20140506,JERUSALEM,ISR,PALESTINIAN,PSE,190,재래식 군사력 사용,19,4,-10.0,10,1,10,1.18243243243243,"Jerusalem, Israel (general), Israel",IS,http://www.imemc.org/article/67731
20140506,296254790,20140506,ISRAELI,ISR,PALESTINIAN,PSE,190,재래식 군사력 사용,19,4,-10.0,4,2,4,4.3984962406015,Israel,IS,http://en.ammonnews.net/article.aspx?articleno=25181
20140506,296254791,20140506,ISRAEL,ISR,PALESTINE,PSE,191,봉쇄·이동 제한,19,4,-9.5,20,1,20,1.42857142857143,"Jerusalem, Israel (general), Israel",IS,http://www.worldbulletin.net/haberler/135560/israel-restricts-entry-to-aqsa-mosque-compound
20140506,296254813,20140506,ISRAEL,ISR,HAMAS,PSE,194,포병·전차를 이용한 전투,19,4,-10.0,5,1,5,4.18353576248313,"Tel Aviv, Tel Aviv, Israel",IS,http://www.usnews.com/opinion/articles/2014/05/06/a-giant-leap-backward-for-israel-palestine-and-middle-east-peace
20140506,296254852,20140506,ISRAELI,ISR,SYRIAN,SYR,190,재래식 군사력 사용,19,4,-10.0,1,1,1,4.19091967403958,"Damascus, Dimashq, Syria",SY,http://nationalinterest.org/feature/why-israel-worries-10384
20140506,296254853,20140506,ISRAELI,ISR,SYRIAN,SYR,190,재래식 군사력 사용,19,4,-10.0,1,1,1,4.19091967403958,"Jerusalem, Israel (general), Israel",IS,http://nationalinterest.org/feature/why-israel-worries-10384
20140506,296254854,20140506,ISRAEL,ISR,SYRIA,SYR,190,재래식 군사력 사용,19,4,-10.0,1,1,1,2.02312138728324,"Qalamoun, Rif Dimashq, Syria",SY,http://www.journeyman.tv/?lid=67162&tmpl=transcript
20140506,296254855,20140506,ISRAEL,ISR,SYRIA,SYR,190,재래식 군사력 사용,19,4,-10.0,1,1,1,2.02312138728324,Israel,IS,http://www.journeyman.tv/?lid=67162&tmpl=transcript
20140506,296254856,20140506,ISRAEL,ISR,SYRIA,SYR,190,재래식 군사력 사용,19,4,-10.0,2,1,2,4.19091967403958,"Jerusalem, Israel (general), Israel",IS,http://nationalinterest.org/feature/why-israel-worries-10384
20140506,296254857,20140506,ISRAELI,ISR,SYRIA,SYR,190,재래식 군사력 사용,19,4,-10.0,1,1,1,4.19091967403958,"Damascus, Dimashq, Syria",SY,http://nationalinterest.org/feature/why-israel-worries-10384
20140506,296254858,20140506,ISRAELI,ISR,SYRIAN,SYR,190,재래식 군사력 사용,19,4,-10.0,5,1,5,4.19091967403958,"Jerusalem, Israel (general), Israel",IS,http://nationalinterest.org/feature/why-israel-worries-10384
20140506,296254865,20140506,ISRAELI,ISR,TURKEY,TUR,190,재래식 군사력 사용,19,4,-10.0,1,1,1,2.9520295202952,"Rio De Janeiro, Estado do Rio, Brazil",BR,http://en.cihan.com.tr/news/Latuff-Not-corruption-alone-but-how-one-deals-with-it-matters_2981-CHMTQyMjk4MS80
20140506,296254866,20140506,ISRAELI,ISR,TURKEY,TUR,190,재래식 군사력 사용,19,4,-10.0,1,1,1,2.9520295202952,"Cihan, Bursa, Turkey",TU,http://en.cihan.com.tr/news/Latuff-Not-corruption-alone-but-how-one-deals-with-it-matters_2981-CHMTQyMjk4MS80
20140506,296255173,20140506,ISRAEL,ISR,SYRIA,SYR,138,군사력 사용 위협,13,3,-7.0,1,1,1,2.28571428571429,"Tehran, Tehran, Iran",IR,http://www.rferl.org/content/iran-commander-fighting-syria/25375263.html
20140506,296255174,20140506,ISRAEL,ISR,SYRIA,SYR,138,군사력 사용 위협,13,3,-7.0,4,1,4,2.28571428571429,"Damascus, Dimashq, Syria",SY,http://www.rferl.org/content/iran-commander-fighting-syria/25375263.html
20140506,296256502,20140506,HASSAN,JOR,IRANIAN,IRN,190,재래식 군사력 사용,19,4,-10.0,8,1,8,3.51123595505618,Panama,PM,http://www.latimes.com/world/middleeast/la-fg-iran-rouhani-conservatives-nuclear-talks-20140505-story.html
20140506,296262820,20140506,LEBANON,LBN,ISRAEL,ISR,190,재래식 군사력 사용,19,4,-10.0,4,2,4,3.41222530094452,"Beirut, Beyrouth, Lebanon",LE,http://www.rightsidenews.com/2014050634231/world/terrorism/the-muslim-brotherhood-and-terrorist-organizations.html
20140506,296262821,20140506,LEBANON,LBN,ISRAEL,ISR,190,재래식 군사력 사용,19,4,-10.0,4,2,4,3.41222530094452,"Gaza, Israel (general), Israel",IS,http://www.rightsidenews.com/2014050634231/world/terrorism/the-muslim-brotherhood-and-terrorist-organizations.html
20140506,296262893,20140506,LEBANON,LBN,PALESTINE,PSE,190,재래식 군사력 사용,19,4,-10.0,4,2,4,3.41222530094452,"Gaza, Israel (general), Israel",IS,http://www.rightsidenews.com/2014050634231/world/terrorism/the-muslim-brotherhood-and-terrorist-organizations.html
20140506,296262894,20140506,LEBANON,LBN,PALESTINE,PSE,190,재래식 군사력 사용,19,4,-10.0,4,2,4,3.41222530094452,"Beirut, Beyrouth, Lebanon",LE,http://www.rightsidenews.com/2014050634231/world/terrorism/the-muslim-brotherhood-and-terrorist-organizations.html
20140506,296262925,20140506,LEBANESE,LBN,SAUDI ARABIA,SAU,163,금수·보이콧·제재 부과,16,4,-8.0,3,1,3,3.27868852459016,"Riyadh, Ar Riya?, Saudi Arabia",SA,http://www.naharnet.com/stories/en/129388-saudi-ambassador-holds-talks-with-officials-on-presidential-elections
20140506,296262955,20140506,BEIRUT,LBN,SYRIA,SYR,190,재래식 군사력 사용,19,4,-10.0,2,1,2,1.65118679050568,"Baba Amro, ?ims, Syria",SY,http://www.bradenton.com/2014/05/06/5139483/syrian-activists-bomb-kills-local.html
20140506,296262956,20140506,LEBANON,LBN,SYRIA,SYR,190,재래식 군사력 사용,19,4,-10.0,3,1,3,2.77227722772277,"Beirut, Beyrouth, Lebanon",LE,http://blogs.blouinnews.com/blouinbeatpolitics/2014/05/06/all-eyes-on-lebanons-troubled-presidential-election/
20140506,296262957,20140506,LEBANESE,LBN,SYRIAN,SYR,190,재래식 군사력 사용,19,4,-10.0,1,1,1,4.74683544303798,"Qalamoun, Rif Dimashq, Syria",SY,http://www.globalsecurity.org/wmd/library/news/syria/2014/syria-140505-presstv01.htm
20140506,296262958,20140506,BEIRUT,LBN,SYRIA,SYR,190,재래식 군사력 사용,19,4,-10.0,18,2,18,1.65118679050568,Israel,IS,http://www.bradenton.com/2014/05/06/5139483/syrian-activists-bomb-kills-local.html
20140506,296262959,20140506,LEBANESE,LBN,SYRIAN,SYR,190,재래식 군사력 사용,19,4,-10.0,1,1,1,4.74683544303798,"Qalamoun, Rif Dimashq, Syria",SY,http://www.globalsecurity.org/wmd/library/news/syria/2014/syria-140505-presstv01.htm
20140506,296262965,20140506,LEBANESE,LBN,SYRIAN,SYR,190,재래식 군사력 사용,19,4,-10.0,2,1,2,4.74683544303798,"Qalamoun, Rif Dimashq, Syria",SY,http://www.globalsecurity.org/wmd/library/news/syria/2014/syria-140505-presstv01.htm
20140506,296262969,20140506,BEIRUT,LBN,ALEPPO,SYR,190,재래식 군사력 사용,19,4,-10.0,27,3,27,1.55685653159544,"Athens, AttikíR, Greece",GR,http://www.ledger-enquirer.com/2014/05/05/3088479/syria-rockets-slam-into-aleppo.html
20140506,296283413,20140506,GAZA,PSE,ISRAEL,ISR,163,금수·보이콧·제재 부과,16,4,-8.0,4,1,4,3.45821325648415,"Jerusalem, Israel (general), Israel",IS,http://www.imemc.org/article/67723
20140506,296283425,20140506,PALESTINIAN,PSE,ISRAEL,ISR,190,재래식 군사력 사용,19,4,-10.0,10,1,10,1.21065375302663,"Tel Aviv, Tel Aviv, Israel",IS,http://www.iol.co.za/scitech/technology/software/app-reconciles-israel-s-past-present-1.1684074
20140506,296283426,20140506,PALESTINIAN,PSE,JERUSALEM,ISR,190,재래식 군사력 사용,19,4,-10.0,10,1,10,1.18243243243243,"Jerusalem, Israel (general), Israel",IS,http://www.imemc.org/article/67731
20140506,296283427,20140506,PALESTINIAN,PSE,ISRAEL,ISR,190,재래식 군사력 사용,19,4,-10.0,2,1,2,1.29136400322841,"Gaza City, Israel (general), Israel",IS,http://www.aljazeera.com/news/middleeast/2014/03/palestinians-reclaim-gaza-buffer-zone-20143281519860884.html/RK=0
20140506,296283428,20140506,WEST BANK,PSE,ISRAELI,ISR,190,재래식 군사력 사용,19,4,-10.0,6,1,6,4.28571428571429,Israel,IS,http://petra.gov.jo/Public_News/Nws_NewsDetails.aspx?Site_Id=1&lang=2&NewsID=150152&CatID=-1
20140506,296283429,20140506,GAZA,PSE,ISRAEL,ISR,190,재래식 군사력 사용,19,4,-10.0,2,1,2,4.10958904109589,"Gaza, Israel (general), Israel",IS,http://www.israelnationalnews.com/News/Flash.aspx/292553
20140506,296283430,20140506,GAZA,PSE,ISRAEL,ISR,190,재래식 군사력 사용,19,4,-10.0,2,1,2,4.10958904109589,Lebanon,LE,http://www.israelnationalnews.com/News/Flash.aspx/292553
20140506,296283431,20140506,PALESTINE,PSE,ISRAEL,ISR,192,영토 점령,19,4,-9.5,4,1,4,2.60202684196111,"Jerusalem, Israel (general), Israel",IS,http://www.intifada-palestine.com/2014/05/new-media-changing-narrative-palestine/
20140506,296283432,20140506,PALESTINIAN,PSE,ISRAELI,ISR,193,소형무기·경무기를 이용한 전투,19,4,-10.0,4,1,4,4.20091324200913,"Tel Aviv, Tel Aviv, Israel",IS,http://jewishvoiceny.com/index.php?option=com_content&view=article&id=7294:turning-a-blind-eye-to-palestinian-bloodlust&catid=113:oped&Itemid=296
20140506,296283433,20140506,GAZA,PSE,ISRAELI,ISR,195,공중무기 사용,19,4,-10.0,1,1,1,2.27576974564926,"Gaza, Israel (general), Israel",IS,http://electronicintifada.net/content/silence-aids-israeli-aggression/13364
20140506,296283484,20140506,PALESTINE,PSE,LEBANON,LBN,190,재래식 군사력 사용,19,4,-10.0,4,2,4,3.41222530094452,"Gaza, Israel (general), Israel",IS,http://www.rightsidenews.com/2014050634231/world/terrorism/the-muslim-brotherhood-and-terrorist-organizations.html
20140506,296283485,20140506,PALESTINE,PSE,LEBANON,LBN,190,재래식 군사력 사용,19,4,-10.0,4,2,4,3.41222530094452,"Beirut, Beyrouth, Lebanon",LE,http://www.rightsidenews.com/2014050634231/world/terrorism/the-muslim-brotherhood-and-terrorist-organizations.html
20140506,296283558,20140506,PALESTINIAN,PSE,SYRIA,SYR,192,영토 점령,19,4,-9.5,10,1,10,1.10837438423645,"Masnaa, Rif Dimashq, Syria",SY,http://electronicintifada.net/blogs/maureen-clare-murphy/lebanon-deports-palestinian-refugees-syria
20140506,296283662,20140506,HAMAS,PSE,ISRAEL,ISR,1383,비정규 폭력 사용 위협,13,3,-7.0,5,1,5,3.19634703196347,"Jerusalem, Israel (general), Israel",IS,http://www.algemeiner.com/2014/05/06/why-is-the-obama-administration-promoting-violence-against-israel/
20140506,296283734,20140506,PALESTINIAN,PSE,ISRAELI,ISR,193,소형무기·경무기를 이용한 전투,19,4,-10.0,2,1,2,4.20091324200913,"Tel Aviv, Tel Aviv, Israel",IS,http://jewishvoiceny.com/index.php?option=com_content&view=article&id=7294:turning-a-blind-eye-to-palestinian-bloodlust&catid=113:oped&Itemid=296
20140506,296284338,20140506,QATAR,QAT,TURKEY,TUR,190,재래식 군사력 사용,19,4,-10.0,10,1,10,1.09689213893967,"Kars, Kars, Turkey",TU,http://thepeninsulaqatar.com/news/middle-east/282614/child-murders-revive-death-penalty-debate-in-turkey
20140506,296284422,20140506,QATAR,QAT,YEMENI,YEM,195,공중무기 사용,19,4,-10.0,2,1,2,3.7037037037037,"Sanaa, Sana', Yemen",YM,http://www.menafn.com/1093826751/Yemeni-Government-Condemns-Killing-of-EU-Employee-in-Sanaa
20140506,296292108,20140506,SYRIA,SYR,EGYPT,EGY,190,재래식 군사력 사용,19,4,-10.0,2,1,2,2.72063702720637,"Maaloula, Rif Dimashq, Syria",SY,http://english.al-akhbar.com/content/journalists-leading-way?utm_source=feedburner&utm_medium=feed&utm_campaign=Feed%3A+AlAkhbarEnglish+%28Al+Akhbar+English%29
20140506,296292109,20140506,SYRIA,SYR,EGYPT,EGY,190,재래식 군사력 사용,19,4,-10.0,1,1,1,2.72063702720637,"Cairo, Al Qahirah, Egypt",EG,http://english.al-akhbar.com/content/journalists-leading-way?utm_source=feedburner&utm_medium=feed&utm_campaign=Feed%3A+AlAkhbarEnglish+%28Al+Akhbar+English%29
20140506,296292110,20140506,SYRIA,SYR,SINAI PENINSULA,EGY,192,영토 점령,19,4,-9.5,1,1,1,4.02061855670103,"Golan Heights, Syria (general), Syria",SY,http://oilprice.com/Energy/Energy-General/Israel-celebrates-66th-anniversary-with-some-peace-some-oil-some-incertitude.html
20140506,296292111,20140506,SYRIA,SYR,SINAI PENINSULA,EGY,192,영토 점령,19,4,-9.5,1,1,1,4.02061855670103,"Golan Heights, Syria (general), Syria",SY,http://oilprice.com/Energy/Energy-General/Israel-celebrates-66th-anniversary-with-some-peace-some-oil-some-incertitude.html
20140506,296292205,20140506,SYRIAN,SYR,IRAN,IRN,190,재래식 군사력 사용,19,4,-10.0,2,1,2,2.02360876897133,"Hamedan, Hamadan, Iran",IR,http://www.al-monitor.com/pulse/originals/2014/05/former-irgc-commander-syria-comments-censored.html
20140506,296292206,20140506,SYRIAN,SYR,IRAN,IRN,190,재래식 군사력 사용,19,4,-10.0,2,1,2,2.02360876897133,"Hamedan, Hamadan, Iran",IR,http://www.al-monitor.com/pulse/originals/2014/05/former-irgc-commander-syria-comments-censored.html
20140506,296292207,20140506,SYRIAN,SYR,IRAN,IRN,190,재래식 군사력 사용,19,4,-10.0,6,1,6,2.02360876897133,"Tehran, Tehran, Iran",IR,http://www.al-monitor.com/pulse/originals/2014/05/former-irgc-commander-syria-comments-censored.html
20140506,296292239,20140506,SYRIAN,SYR,ISRAELI,ISR,190,재래식 군사력 사용,19,4,-10.0,1,1,1,4.19091967403958,"Jerusalem, Israel (general), Israel",IS,http://nationalinterest.org/feature/why-israel-worries-10384
20140506,296292240,20140506,SYRIA,SYR,ISRAEL,ISR,190,재래식 군사력 사용,19,4,-10.0,1,1,1,2.02312138728324,"Qalamoun, Rif Dimashq, Syria",SY,http://www.journeyman.tv/?lid=67162&tmpl=transcript
20140506,296292241,20140506,SYRIA,SYR,ISRAEL,ISR,190,재래식 군사력 사용,19,4,-10.0,1,1,1,2.02312138728324,Israel,IS,http://www.journeyman.tv/?lid=67162&tmpl=transcript
20140506,296292242,20140506,SYRIAN,SYR,ISRAELI,ISR,190,재래식 군사력 사용,19,4,-10.0,1,1,1,4.19091967403958,"Damascus, Dimashq, Syria",SY,http://nationalinterest.org/feature/why-israel-worries-10384
20140506,296292243,20140506,SYRIA,SYR,ISRAEL,ISR,192,영토 점령,19,4,-9.5,1,1,1,4.02061855670103,"Golan Heights, Syria (general), Syria",SY,http://oilprice.com/Energy/Energy-General/Israel-celebrates-66th-anniversary-with-some-peace-some-oil-some-incertitude.html
20140506,296292244,20140506,SYRIAN,SYR,ISRAEL,ISR,192,영토 점령,19,4,-9.5,2,1,2,4.02061855670103,"Golan Heights, Syria (general), Syria",SY,http://oilprice.com/Energy/Energy-General/Israel-celebrates-66th-anniversary-with-some-peace-some-oil-some-incertitude.html
20140506,296292245,20140506,SYRIAN,SYR,ISRAEL,ISR,192,영토 점령,19,4,-9.5,10,1,10,2.34375,"Galilee, Ha?afon, Israel",IS,http://www.sbs.com.au/news/article/2014/05/06/aussie-specialist-treats-syrian-war-victims-israel
20140506,296292246,20140506,SYRIAN,SYR,ISRAEL,ISR,192,영토 점령,19,4,-9.5,12,1,12,2.25563909774436,Israel,IS,http://www.sbs.com.au/news/article/2014/05/06/australian-doctor-treats-wounded-syrian-children
20140506,296292247,20140506,SYRIAN,SYR,ISRAEL,ISR,192,영토 점령,19,4,-9.5,8,1,8,2.25563909774436,Syria,SY,http://www.sbs.com.au/news/article/2014/05/06/australian-doctor-treats-wounded-syrian-children
20140506,296292254,20140506,SYRIA,SYR,ISRAEL,ISR,190,재래식 군사력 사용,19,4,-10.0,4,1,4,2.40174672489083,United States,US,http://www.malaysiasun.com/index.php/sid/221711741/scat/b8de8e630faf3631/ht/Syria-Gunfire-forces-UN-agency-to-suspend-food-delivery-to-besieged-Palestinian-refugees
20140506,296292255,20140506,SYRIA,SYR,ISRAEL,ISR,190,재래식 군사력 사용,19,4,-10.0,4,1,4,2.91005291005291,Israel,IS,http://www.globalsecurity.org/wmd/library/news/syria/2014/syria-140505-unnews01.htm
20140506,296292275,20140506,SYRIAN,SYR,JORDAN,JOR,192,영토 점령,19,4,-9.5,3,1,3,2.11360634081902,Syria,SY,http://www.trust.org/item/20140506123712-3gp69/
20140506,296292279,20140506,SYRIA,SYR,HASSAN,JOR,190,재래식 군사력 사용,19,4,-10.0,3,1,3,2.72063702720637,"Maaloula, Rif Dimashq, Syria",SY,http://english.al-akhbar.com/content/journalists-leading-way?utm_source=feedburner&utm_medium=feed&utm_campaign=Feed%3A+AlAkhbarEnglish+%28Al+Akhbar+English%29
20140506,296292280,20140506,SYRIA,SYR,HASSAN,JOR,190,재래식 군사력 사용,19,4,-10.0,1,1,1,2.72063702720637,"Cairo, Al Qahirah, Egypt",EG,http://english.al-akhbar.com/content/journalists-leading-way?utm_source=feedburner&utm_medium=feed&utm_campaign=Feed%3A+AlAkhbarEnglish+%28Al+Akhbar+English%29
20140506,296292317,20140506,SYRIA,SYR,LEBANON,LBN,190,재래식 군사력 사용,19,4,-10.0,2,2,2,3.38497841516061,"Qalamoun, Rif Dimashq, Syria",SY,http://www.journeyman.tv/?lid=67162&tmpl=transcript
20140506,296292318,20140506,SYRIA,SYR,LEBANON,LBN,190,재래식 군사력 사용,19,4,-10.0,4,1,4,2.02312138728324,"Qalamoun, Rif Dimashq, Syria",SY,http://www.journeyman.tv/?lid=67162&tmpl=transcript
20140506,296292319,20140506,SYRIAN,SYR,LEBANESE,LBN,190,재래식 군사력 사용,19,4,-10.0,1,1,1,4.74683544303798,"Qalamoun, Rif Dimashq, Syria",SY,http://www.globalsecurity.org/wmd/library/news/syria/2014/syria-140505-presstv01.htm
20140506,296292320,20140506,SYRIA,SYR,LEBANON,LBN,190,재래식 군사력 사용,19,4,-10.0,1,1,1,0.0,"Arsal, Mohafazat Baalbek-Hermel, Lebanon",LE,http://www.albawaba.com/lebanon-syria/nusra-syria-refugees-574244
20140506,296292413,20140506,SYRIA,SYR,PALESTINIAN,PSE,190,재래식 군사력 사용,19,4,-10.0,10,1,10,1.45454545454545,"Damascus, Dimashq, Syria",SY,"Al-Quds al-Arabi website, London/BBC Monitoring/(c) BBC"
20140506,296292414,20140506,SYRIA,SYR,PALESTINIAN,PSE,190,재래식 군사력 사용,19,4,-10.0,2,1,2,2.40174672489083,France,FR,http://www.malaysiasun.com/index.php/sid/221711741/scat/b8de8e630faf3631/ht/Syria-Gunfire-forces-UN-agency-to-suspend-food-delivery-to-besieged-Palestinian-refugees
20140506,296292415,20140506,SYRIA,SYR,PALESTINIAN,PSE,190,재래식 군사력 사용,19,4,-10.0,2,1,2,2.40174672489083,United States,US,http://www.malaysiasun.com/index.php/sid/221711741/scat/b8de8e630faf3631/ht/Syria-Gunfire-forces-UN-agency-to-suspend-food-delivery-to-besieged-Palestinian-refugees
20140506,296292416,20140506,SYRIA,SYR,PALESTINIAN,PSE,190,재래식 군사력 사용,19,4,-10.0,2,1,2,2.91005291005291,Israel,IS,http://www.globalsecurity.org/wmd/library/news/syria/2014/syria-140505-unnews01.htm
20140506,296292417,20140506,SYRIA,SYR,PALESTINIAN,PSE,190,재래식 군사력 사용,19,4,-10.0,2,1,2,2.91005291005291,Israel,IS,http://www.globalsecurity.org/wmd/library/news/syria/2014/syria-140505-unnews01.htm
20140506,296292418,20140506,SYRIA,SYR,GAZA,PSE,192,영토 점령,19,4,-9.5,2,1,2,4.02061855670103,"Golan Heights, Syria (general), Syria",SY,http://oilprice.com/Energy/Energy-General/Israel-celebrates-66th-anniversary-with-some-peace-some-oil-some-incertitude.html
20140506,296292420,20140506,SYRIA,SYR,PALESTINIAN,PSE,190,재래식 군사력 사용,19,4,-10.0,2,1,2,2.40174672489083,United States,US,http://www.malaysiasun.com/index.php/sid/221711741/scat/b8de8e630faf3631/ht/Syria-Gunfire-forces-UN-agency-to-suspend-food-delivery-to-besieged-Palestinian-refugees
20140506,296292421,20140506,SYRIA,SYR,PALESTINIAN,PSE,190,재래식 군사력 사용,19,4,-10.0,2,1,2,2.91005291005291,Israel,IS,http://www.globalsecurity.org/wmd/library/news/syria/2014/syria-140505-unnews01.htm
20140506,296292805,20140506,SYRIA,SYR,ISRAEL,ISR,190,재래식 군사력 사용,19,4,-10.0,2,1,2,4.19091967403958,"Jerusalem, Israel (general), Israel",IS,http://nationalinterest.org/feature/why-israel-worries-10384
20140506,296292806,20140506,SYRIAN,SYR,ISRAELI,ISR,190,재래식 군사력 사용,19,4,-10.0,5,1,5,4.19091967403958,"Jerusalem, Israel (general), Israel",IS,http://nationalinterest.org/feature/why-israel-worries-10384
20140506,296292807,20140506,SYRIA,SYR,ISRAELI,ISR,190,재래식 군사력 사용,19,4,-10.0,1,1,1,4.19091967403958,"Damascus, Dimashq, Syria",SY,http://nationalinterest.org/feature/why-israel-worries-10384
20140506,296292808,20140506,SYRIAN,SYR,LEBANESE,LBN,190,재래식 군사력 사용,19,4,-10.0,2,1,2,4.74683544303798,"Qalamoun, Rif Dimashq, Syria",SY,http://www.globalsecurity.org/wmd/library/news/syria/2014/syria-140505-presstv01.htm
20140506,296292849,20140506,ALEPPO,SYR,BEIRUT,LBN,190,재래식 군사력 사용,19,4,-10.0,27,3,27,1.55685653159544,"Aleppo, ?alab, Syria",SY,http://www.ledger-enquirer.com/2014/05/05/3088479/syria-rockets-slam-into-aleppo.html
20140506,296294020,20140506,TURKEY,TUR,IRAQ,IRQ,190,재래식 군사력 사용,19,4,-10.0,1,1,1,0.0,"Kirkuk, At Ta'mim, Iraq",IZ,http://www.iraqoilreport.com/daily-brief/3-soldiers-killed-salahaddin-bombing-12205/
20140506,296294021,20140506,TURKEY,TUR,IRAQ,IRQ,190,재래식 군사력 사용,19,4,-10.0,1,1,1,0.0,"Kirkuk, At Ta'mim, Iraq",IZ,http://www.iraqoilreport.com/daily-brief/3-soldiers-killed-salahaddin-bombing-12205/
20140506,296294139,20140506,TURKEY,TUR,SYRIA,SYR,192,영토 점령,19,4,-9.5,2,1,2,2.77777777777778,"Jarabulus, ?alab, Syria",SY,http://www.al-monitor.com/pulse/originals/2014/05/turkey-syrian-kurds-election-boycott-pdy-salih-muslim-krg.html
20140506,296294140,20140506,TURKISH,TUR,SYRIA,SYR,192,영토 점령,19,4,-9.5,9,1,9,2.77777777777778,"Jarabulus, ?alab, Syria",SY,http://www.al-monitor.com/pulse/originals/2014/05/turkey-syrian-kurds-election-boycott-pdy-salih-muslim-krg.html
20140506,296294141,20140506,TURKISH,TUR,SYRIA,SYR,192,영토 점령,19,4,-9.5,1,1,1,2.77777777777778,"Ankara, Ankara, Turkey",TU,http://www.al-monitor.com/pulse/originals/2014/05/turkey-syrian-kurds-election-boycott-pdy-salih-muslim-krg.html
20140506,296326574,20140506,YEMENI,YEM,SAUDI,SAU,190,재래식 군사력 사용,19,4,-10.0,4,1,4,1.52027027027027,"Mahfad, Sana', Yemen",YM,http://www.saudigazette.com.sa/index.cfm?method=home.regcon&contentid=20140507204307
20140506,296326689,20140506,YEMENI,YEM,SAUDI,SAU,190,재래식 군사력 사용,19,4,-10.0,6,1,6,1.52027027027027,"Mahfad, Sana', Yemen",YM,http://www.saudigazette.com.sa/index.cfm?method=home.regcon&contentid=20140507204307
20140507,296381017,20140507,CAIRO,EGY,YEMEN,YEM,193,소형무기·경무기를 이용한 전투,19,4,-10.0,6,1,6,3.49809885931559,"Cairo, Al Qahirah, Egypt",EG,http://www.majalla.com/eng/2014/05/article55249861
20140507,296403479,20140507,IRAN,IRN,IRAQ,IRQ,192,영토 점령,19,4,-9.5,30,2,30,4.10274974433231,"Baghdad, Baghdad, Iraq",IZ,http://www.aina.org/news/20140507153826.htm
20140507,296403808,20140507,TEHRAN,IRN,SYRIA,SYR,190,재래식 군사력 사용,19,4,-10.0,1,1,1,2.42792109256449,"Tehran, Tehran, Iran",IR,http://www.payvand.com/news/14/may/1037.html
20140507,296403809,20140507,TEHRAN,IRN,BASHAR AL ASSAD,SYR,190,재래식 군사력 사용,19,4,-10.0,1,1,1,2.42792109256449,"Tehran, Tehran, Iran",IR,http://www.payvand.com/news/14/may/1037.html
20140507,296404391,20140507,IRAQI,IRQ,IRAN,IRN,190,재래식 군사력 사용,19,4,-10.0,6,1,6,2.47666905958363,"Tehran, Tehran, Iran",IR,http://english.farsnews.com/newstext.aspx?nn=13930217000395
20140507,296404392,20140507,IRAQI,IRQ,IRAN,IRN,190,재래식 군사력 사용,19,4,-10.0,1,1,1,2.47666905958363,"Bushehr, Bushehr, Iran",IR,http://english.farsnews.com/newstext.aspx?nn=13930217000395
20140507,296404393,20140507,IRAQI,IRQ,IRAN,IRN,190,재래식 군사력 사용,19,4,-10.0,1,1,1,2.47666905958363,"Bushehr, Bushehr, Iran",IR,http://english.farsnews.com/newstext.aspx?nn=13930217000395
20140507,296404430,20140507,IRAQ,IRQ,JORDAN,JOR,193,소형무기·경무기를 이용한 전투,19,4,-10.0,2,1,2,1.16896918172157,Jordan,JO,http://www.ekurd.net/mismas/articles/misc2014/5/kurdlocal1600.htm
20140507,296404431,20140507,IRAQ,IRQ,JORDAN,JOR,193,소형무기·경무기를 이용한 전투,19,4,-10.0,2,1,2,1.16896918172157,"Shorija, Liwa' Irbil, Iraq",IZ,http://www.ekurd.net/mismas/articles/misc2014/5/kurdlocal1600.htm
20140507,296405150,20140507,ISRAEL,ISR,IRAN,IRN,138,군사력 사용 위협,13,3,-7.0,8,1,8,2.57966616084977,"Jerusalem, Israel (general), Israel",IS,http://www.jpost.com/Opinion/Columnists/Encountering-Peace-The-Iranian-connection-351593
20140507,296405151,20140507,ISRAEL,ISR,IRAN,IRN,138,군사력 사용 위협,13,3,-7.0,2,1,2,2.57966616084977,"Tehran, Tehran, Iran",IR,http://www.jpost.com/Opinion/Columnists/Encountering-Peace-The-Iranian-connection-351593
20140507,296405321,20140507,ISRAEL,ISR,LEBANESE,LBN,190,재래식 군사력 사용,19,4,-10.0,3,1,3,0.0,Lebanon,LE,http://www.naharnet.com/stories/en/129528-cluster-bomb-kills-lebanese-deminer
20140507,296405597,20140507,ISRAELI,ISR,WEST BANK,PSE,190,재래식 군사력 사용,19,4,-10.0,5,1,5,0.404858299595142,"Jenin, West Bank (general), West Bank",WE,http://www.imemc.org/article/67733
20140507,296405598,20140507,ISRAEL,ISR,GAZA,PSE,190,재래식 군사력 사용,19,4,-10.0,4,1,4,0.51954543063082,"Gaza, Israel (general), Israel",IS,http://www.maannews.net/eng/ViewDetails.aspx?ID=695710
20140507,296405599,20140507,ISRAEL,ISR,GAZA,PSE,190,재래식 군사력 사용,19,4,-10.0,8,1,8,0.436681222707424,"Gaza, Israel (general), Israel",IS,http://www.maannews.net/eng/ViewDetails.aspx?ID=695710
20140507,296405600,20140507,ISRAEL,ISR,WEST BANK,PSE,190,재래식 군사력 사용,19,4,-10.0,4,1,4,1.8716577540107,"Tehran, Tehran, Iran",IR,http://english.farsnews.com/newstext.aspx?nn=13930217001235
20140507,296405601,20140507,ISRAELI,ISR,WEST BANK,PSE,190,재래식 군사력 사용,19,4,-10.0,1,1,1,1.8716577540107,"Beijing, Beijing, China",CH,http://english.farsnews.com/newstext.aspx?nn=13930217001235
20140507,296405602,20140507,ISRAELI,ISR,WEST BANK,PSE,190,재래식 군사력 사용,19,4,-10.0,1,1,1,1.8716577540107,"Washington, District of Columbia, United States",US,http://english.farsnews.com/newstext.aspx?nn=13930217001235
20140507,296405603,20140507,ISRAEL,ISR,PALESTINE,PSE,190,재래식 군사력 사용,19,4,-10.0,20,1,20,0.704225352112676,Israel,IS,http://www.worldbulletin.net/world/135684/israel-detains-7-palestinians-in-w-bank-raids
20140507,296405604,20140507,ISRAEL,ISR,GAZA,PSE,192,영토 점령,19,4,-9.5,2,1,2,0.980392156862745,"Gaza, Israel (general), Israel",IS,http://www.reuters.com/article/2014/05/07/us-palestinian-execution-idUSBREA460R720140507
20140507,296405605,20140507,ISRAEL,ISR,PALESTINIAN,PSE,193,소형무기·경무기를 이용한 전투,19,4,-10.0,2,1,2,1.0,"Gaza, Israel (general), Israel",IS,http://www.menafn.com/1093827067/Israeli-Naval-Forces-Open-Fire-at-Gaza-Fishing-Boats&src=RSS
20140507,296405649,20140507,ISRAELI,ISR,HAMAS,PSE,193,소형무기·경무기를 이용한 전투,19,4,-10.0,10,1,10,4.79302832244009,"Jerusalem, Israel (general), Israel",IS,http://foreignpolicyblogs.com/2014/05/07/analysis-sixty-six-years-of-yearning-for-peace/
20140507,296405652,20140507,ISRAEL,ISR,HAMAS,PSE,194,포병·전차를 이용한 전투,19,4,-10.0,2,1,2,2.22575516693164,"Gaza, Israel (general), Israel",IS,http://thedartmouth.com/2014/05/06/opinion/schein-and-schneider-setting-things-straight
20140507,296405653,20140507,ISRAELI,ISR,HAMAS,PSE,194,포병·전차를 이용한 전투,19,4,-10.0,8,1,8,2.22575516693164,"Gaza, Israel (general), Israel",IS,http://thedartmouth.com/2014/05/06/opinion/schein-and-schneider-setting-things-straight
20140507,296405706,20140507,ISRAEL,ISR,SYRIAN,SYR,190,재래식 군사력 사용,19,4,-10.0,3,1,3,2.20588235294118,Israel,IS,"http://www.ynetnews.com/articles/0,7340,L-4517288,00.html"
20140507,296405707,20140507,ISRAEL,ISR,SYRIAN,SYR,190,재래식 군사력 사용,19,4,-10.0,2,1,2,2.20588235294118,Syria,SY,"http://www.ynetnews.com/articles/0,7340,L-4517288,00.html"
20140507,296405708,20140507,ISRAEL,ISR,SYRIAN,SYR,190,재래식 군사력 사용,19,4,-10.0,2,1,2,2.20588235294118,Syria,SY,"http://www.ynetnews.com/articles/0,7340,L-4517288,00.html"
20140507,296405714,20140507,ISRAELI,ISR,TURKEY,TUR,190,재래식 군사력 사용,19,4,-10.0,2,1,2,1.23456790123457,"Israil, Giresun, Turkey",TU,http://www.worldbulletin.net/haberler/135737/turkey-asked-navy-to-prepare-to-confront-israel
20140507,296405715,20140507,ISRAEL,ISR,TURKEY,TUR,190,재래식 군사력 사용,19,4,-10.0,4,1,4,1.23456790123457,"Israil, Giresun, Turkey",TU,http://www.worldbulletin.net/haberler/135737/turkey-asked-navy-to-prepare-to-confront-israel
20140507,296405716,20140507,ISRAELI,ISR,TURKISH,TUR,190,재래식 군사력 사용,19,4,-10.0,10,1,10,1.23456790123457,"Gaza, Israel (general), Israel",IS,http://www.worldbulletin.net/haberler/135737/turkey-asked-navy-to-prepare-to-confront-israel
20140507,296406135,20140507,ISRAEL,ISR,SYRIA,SYR,138,군사력 사용 위협,13,3,-7.0,1,1,1,2.42792109256449,Lebanon,LE,http://www.payvand.com/news/14/may/1037.html
20140507,296406136,20140507,ISRAEL,ISR,SYRIA,SYR,138,군사력 사용 위협,13,3,-7.0,4,1,4,2.42792109256449,"Damascus, Dimashq, Syria",SY,http://www.payvand.com/news/14/may/1037.html
20140507,296406229,20140507,ISRAELI,ISR,GAZA,PSE,190,재래식 군사력 사용,19,4,-10.0,4,2,4,0.801204819277109,"Gaza, Israel (general), Israel",IS,http://www.maannews.net/eng/ViewDetails.aspx?ID=695546
20140507,296406230,20140507,ISRAEL,ISR,WEST BANK,PSE,190,재래식 군사력 사용,19,4,-10.0,2,1,2,1.4999482776456,"Azzun, West Bank (general), West Bank",WE,http://mondoweiss.net/2014/05/new-yeshiva-to-open-in-heart-of-east-jerusalem.html
20140507,296406231,20140507,ISRAEL,ISR,WEST BANK,PSE,190,재래식 군사력 사용,19,4,-10.0,2,1,2,1.4999482776456,"Jerusalem, Israel (general), Israel",IS,http://mondoweiss.net/2014/05/new-yeshiva-to-open-in-heart-of-east-jerusalem.html
20140507,296406265,20140507,ISRAELI,ISR,PALESTINIAN,PSE,190,재래식 군사력 사용,19,4,-10.0,2,1,2,1.53846153846154,Israel,IS,http://www.israelnationalnews.com/Articles/Article.aspx/14961
20140507,296407186,20140507,JORDANIAN,JOR,SYRIA,SYR,190,재래식 군사력 사용,19,4,-10.0,1,1,1,2.46913580246914,Jordan,JO,http://www.reuters.com/video/2014/05/07/fight-breaks-out-on-jordanian-tv-set?videoId=312868894&feedType=VideoRSS&feedName=WorldNews&videoChannel=117760&utm_source=feedburner&utm_medium=feed&utm_campaign=Feed%3A+reuters%2FUSVideoWorldNews+%28Video+%2F+US+%
20140507,296413668,20140507,LEBANON,LBN,SYRIAN,SYR,190,재래식 군사력 사용,19,4,-10.0,2,1,2,1.75438596491228,"Beirut, Beyrouth, Lebanon",LE,http://www.thenational.ae/business/lebanon-focuses-to-lure-gulf-arabian-visitors-back-this-summer
20140507,296413669,20140507,LEBANON,LBN,SYRIAN,SYR,190,재래식 군사력 사용,19,4,-10.0,2,1,2,1.75438596491228,Syria,SY,http://www.thenational.ae/business/lebanon-focuses-to-lure-gulf-arabian-visitors-back-this-summer
20140507,296413670,20140507,LEBANON,LBN,SYRIA,SYR,194,포병·전차를 이용한 전투,19,4,-10.0,1,1,1,3.41463414634146,"Bekaa Valley, Béa, Lebanon",LE,http://www.dailystar.com.lb/News/Lebanon-News/2014/May-07/255642-militants-claim-rocket-attack-in-bekaa-valley.ashx
20140507,296413671,20140507,LEBANESE,LBN,SYRIAN,SYR,194,포병·전차를 이용한 전투,19,4,-10.0,3,1,3,3.41463414634146,"Bekaa Valley, Béa, Lebanon",LE,http://www.dailystar.com.lb/News/Lebanon-News/2014/May-07/255642-militants-claim-rocket-attack-in-bekaa-valley.ashx
20140507,296413672,20140507,LEBANESE,LBN,SYRIAN,SYR,194,포병·전차를 이용한 전투,19,4,-10.0,1,1,1,3.41463414634146,"Bekaa Valley, Béa, Lebanon",LE,http://www.dailystar.com.lb/News/Lebanon-News/2014/May-07/255642-militants-claim-rocket-attack-in-bekaa-valley.ashx
20140507,296413673,20140507,LEBANON,LBN,SYRIAN,SYR,195,공중무기 사용,19,4,-10.0,1,1,1,1.86915887850467,"Arsal, Mohafazat Baalbek-Hermel, Lebanon",LE,http://www.dailystar.com.lb/News/Lebanon-News/2014/May-07/255586-syrian-warplanes-raid-east-lebanon-border-town.ashx
20140507,296413674,20140507,LEBANON,LBN,SYRIAN,SYR,195,공중무기 사용,19,4,-10.0,1,1,1,1.86915887850467,"Arsal, Mohafazat Baalbek-Hermel, Lebanon",LE,http://www.dailystar.com.lb/News/Lebanon-News/2014/May-07/255586-syrian-warplanes-raid-east-lebanon-border-town.ashx
20140507,296413683,20140507,LEBANON,LBN,SYRIAN,SYR,190,재래식 군사력 사용,19,4,-10.0,12,1,12,1.75438596491228,"Beirut, Beyrouth, Lebanon",LE,http://www.thenational.ae/business/lebanon-focuses-to-lure-gulf-arabian-visitors-back-this-summer
20140507,296413684,20140507,BEIRUT,LBN,ALEPPO,SYR,190,재래식 군사력 사용,19,4,-10.0,10,1,10,1.55763239875389,"Athens, AttikíR, Greece",GR,http://www.islandpacket.com/2014/05/05/3094134/syria-rockets-slam-into-aleppo.html
20140507,296413690,20140507,LEBANON,LBN,SYRIA,SYR,193,소형무기·경무기를 이용한 전투,19,4,-10.0,2,1,2,3.04878048780488,"Arsal, Mohafazat Baalbek-Hermel, Lebanon",LE,http://www.dailystar.com.lb/News/Lebanon-News/2014/May-07/255628-three-wounded-in-brief-clash-between-syrians.ashx
20140507,296413691,20140507,LEBANON,LBN,SYRIAN,SYR,193,소형무기·경무기를 이용한 전투,19,4,-10.0,8,1,8,3.04878048780488,Syria,SY,http://www.dailystar.com.lb/News/Lebanon-News/2014/May-07/255628-three-wounded-in-brief-clash-between-syrians.ashx
20140507,296413715,20140507,LEBANON,LBN,SYRIA,SYR,195,공중무기 사용,19,4,-10.0,5,1,5,1.86915887850467,"Arsal, Mohafazat Baalbek-Hermel, Lebanon",LE,http://www.dailystar.com.lb/News/Lebanon-News/2014/May-07/255586-syrian-warplanes-raid-east-lebanon-border-town.ashx
20140507,296413716,20140507,LEBANON,LBN,SYRIAN,SYR,195,공중무기 사용,19,4,-10.0,1,1,1,1.86915887850467,"Arsal, Mohafazat Baalbek-Hermel, Lebanon",LE,http://www.dailystar.com.lb/News/Lebanon-News/2014/May-07/255586-syrian-warplanes-raid-east-lebanon-border-town.ashx
20140507,296434101,20140507,PALESTINIAN,PSE,NASSER,EGY,193,소형무기·경무기를 이용한 전투,19,4,-10.0,1,1,1,0.404858299595142,"Jenin, West Bank (general), West Bank",WE,http://www.imemc.org/article/67733
20140507,296434234,20140507,PALESTINIAN,PSE,ISRAELI,ISR,138,군사력 사용 위협,13,3,-7.0,10,1,10,4.0520984081042,"Gaza, Israel (general), Israel",IS,http://www.patriotledger.com/article/20140507/BLOGS/305079960/12334/NEWS
20140507,296434274,20140507,WEST BANK,PSE,ISRAEL,ISR,190,재래식 군사력 사용,19,4,-10.0,2,1,2,1.8716577540107,Israel,IS,http://english.farsnews.com/newstext.aspx?nn=13930217001235
20140507,296434275,20140507,PALESTINIAN,PSE,JERUSALEM,ISR,190,재래식 군사력 사용,19,4,-10.0,10,1,10,4.79302832244009,"Jerusalem, Israel (general), Israel",IS,http://foreignpolicyblogs.com/2014/05/07/analysis-sixty-six-years-of-yearning-for-peace/
20140507,296434276,20140507,PALESTINIAN,PSE,ISRAEL,ISR,190,재래식 군사력 사용,19,4,-10.0,37,9,25,3.19615924389787,"Gaza, Israel (general), Israel",IS,http://www.channelnewsasia.com/news/world/hamas-executes-two/1098562.html
20140507,296434277,20140507,GAZA,PSE,ISRAEL,ISR,190,재래식 군사력 사용,19,4,-10.0,4,2,4,1.98020578455361,France,FR,http://www.philippinetimes.com/index.php/sid/221774819/scat/2411cd3571b4f088
20140507,296434278,20140507,PALESTINIAN,PSE,ISRAEL,ISR,190,재래식 군사력 사용,19,4,-10.0,3,1,3,2.99727520435967,Israel,IS,http://www.naharnet.com/stories/en/129610-hamas-executes-two-collaborators-with-israel-in-gaza
20140507,296434279,20140507,GAZA,PSE,ISRAEL,ISR,192,영토 점령,19,4,-9.5,4,1,4,2.93271995399655,"Gaza, Israel (general), Israel",IS,http://electronicintifada.net/content/trapped-gaza/13373
20140507,296434280,20140507,PALESTINIAN,PSE,ISRAEL,ISR,193,소형무기·경무기를 이용한 전투,19,4,-10.0,1,1,1,0.404858299595142,"Jenin, West Bank (general), West Bank",WE,http://www.imemc.org/article/67733
20140507,296434281,20140507,GAZA,PSE,ISRAEL,ISR,194,포병·전차를 이용한 전투,19,4,-10.0,6,1,6,5.98885793871866,"Gaza, Israel (general), Israel",IS,http://www.jewishpress.com/indepth/opinions/making-a-deal-with-the-devil/2014/05/07/
20140507,296434282,20140507,GAZA,PSE,ISRAELI,ISR,195,공중무기 사용,19,4,-10.0,1,1,1,2.37812128418549,"Gaza, Israel (general), Israel",IS,http://desertpeace.wordpress.com/2014/05/07/censoring-ones-way-into-israel/
20140507,296434472,20140507,PALESTINIAN,PSE,SYRIA,SYR,192,영토 점령,19,4,-9.5,8,1,8,1.4999482776456,"Masnaa, Rif Dimashq, Syria",SY,http://mondoweiss.net/2014/05/new-yeshiva-to-open-in-heart-of-east-jerusalem.html
20140507,296434473,20140507,PALESTINIAN,PSE,SYRIA,SYR,192,영토 점령,19,4,-9.5,2,1,2,1.4999482776456,"Hebron, Israel (general), Israel",IS,http://mondoweiss.net/2014/05/new-yeshiva-to-open-in-heart-of-east-jerusalem.html
20140507,296434476,20140507,PALESTINIAN,PSE,SYRIA,SYR,190,재래식 군사력 사용,19,4,-10.0,5,1,5,1.70648464163823,Syria,SY,"Al-Alam TV, Tehran/BBC Monitoring/(c) BBC"
20140507,296434478,20140507,GAZA,PSE,TURKISH,TUR,193,소형무기·경무기를 이용한 전투,19,4,-10.0,4,1,4,1.23456790123457,"Israil, Giresun, Turkey",TU,http://www.worldbulletin.net/haberler/135737/turkey-asked-navy-to-prepare-to-confront-israel
20140507,296434479,20140507,GAZA,PSE,TURKISH,TUR,193,소형무기·경무기를 이용한 전투,19,4,-10.0,4,1,4,1.23456790123457,"Gaza, Israel (general), Israel",IS,http://www.worldbulletin.net/haberler/135737/turkey-asked-navy-to-prepare-to-confront-israel
20140507,296435354,20140507,QATAR,QAT,IRAQ,IRQ,195,공중무기 사용,19,4,-10.0,40,1,40,0.0,"Anbar, Al Anbar, Iraq",IZ,http://www.menafn.com/1093827923/11-Killed-and-Wounded-in-Suicide-Attack-in-Iraqs-Anbar&src=RSS/RK=0
20140507,296435355,20140507,QATAR,QAT,ISRAEL,ISR,190,재래식 군사력 사용,19,4,-10.0,4,1,4,1.0,"Gaza, Israel (general), Israel",IS,http://www.menafn.com/1093827067/Israeli-Naval-Forces-Open-Fire-at-Gaza-Fishing-Boats&src=RSS
20140507,296435356,20140507,QATAR,QAT,ISRAEL,ISR,193,소형무기·경무기를 이용한 전투,19,4,-10.0,4,1,4,1.0,"Gaza, Israel (general), Israel",IS,http://www.menafn.com/1093827067/Israeli-Naval-Forces-Open-Fire-at-Gaza-Fishing-Boats&src=RSS
20140507,296435363,20140507,QATAR,QAT,PALESTINIAN,PSE,190,재래식 군사력 사용,19,4,-10.0,6,1,6,1.0,"Gaza, Israel (general), Israel",IS,http://www.menafn.com/1093827067/Israeli-Naval-Forces-Open-Fire-at-Gaza-Fishing-Boats&src=RSS
20140507,296435364,20140507,QATAR,QAT,PALESTINIAN,PSE,193,소형무기·경무기를 이용한 전투,19,4,-10.0,6,1,6,1.0,"Gaza, Israel (general), Israel",IS,http://www.menafn.com/1093827067/Israeli-Naval-Forces-Open-Fire-at-Gaza-Fishing-Boats&src=RSS
20140507,296435373,20140507,QATAR,QAT,YEMENI,YEM,195,공중무기 사용,19,4,-10.0,2,1,2,3.7037037037037,"Sanaa, Sana', Yemen",YM,http://www.menafn.com/1093826751/Yemeni-Government-Condemns-Killing-of-EU-Employee-in-Sanaa&src=RSS
20140507,296442536,20140507,SYRIA,SYR,EGYPT,EGY,190,재래식 군사력 사용,19,4,-10.0,25,5,25,3.2140443449584,"Ghouta, Dimashq, Syria",SY,http://www.scoop.co.nz/stories/HL1405/S00075/navigating-syria-the-impossible-indispensable-mission.htm
20140507,296442537,20140507,SYRIA,SYR,EGYPT,EGY,190,재래식 군사력 사용,19,4,-10.0,5,5,5,3.2140443449584,"Nusra, Kafr ash Shaykh, Egypt",EG,http://www.scoop.co.nz/stories/HL1405/S00075/navigating-syria-the-impossible-indispensable-mission.htm
20140507,296442679,20140507,SYRIA,SYR,IRAQ,IRQ,190,재래식 군사력 사용,19,4,-10.0,2,1,2,1.82648401826484,"Aleppo, ?alab, Syria",SY,http://www.yourmiddleeast.com/news/syrian-opposition-calls-for-arms-against-assads-air-force_23407
20140507,296442680,20140507,SYRIAN,SYR,IRAQ,IRQ,190,재래식 군사력 사용,19,4,-10.0,48,5,48,2.05248966095237,"Aleppo, ?alab, Syria",SY,http://thepeninsulaqatar.com/news/middle-east/282922/arm-the-rebels-pleads-syrian-opposition
20140507,296442681,20140507,SYRIA,SYR,IRAQ,IRQ,190,재래식 군사력 사용,19,4,-10.0,10,4,10,2.09769078948987,"Aleppo, ?alab, Syria",SY,http://thepeninsulaqatar.com/news/middle-east/282922/arm-the-rebels-pleads-syrian-opposition
20140507,296442682,20140507,SYRIA,SYR,IRAQ,IRQ,190,재래식 군사력 사용,19,4,-10.0,2,1,2,1.97044334975369,Syria,SY,http://www.israelnationalnews.com/News/News.aspx/180390
20140507,296442683,20140507,SYRIAN,SYR,IRAQ,IRQ,190,재래식 군사력 사용,19,4,-10.0,8,1,8,1.97044334975369,Syria,SY,http://www.israelnationalnews.com/News/News.aspx/180390
20140507,296442684,20140507,SYRIA,SYR,IRAQ,IRQ,192,영토 점령,19,4,-9.5,8,1,8,2.79263220439691,"Damascus, Dimashq, Syria",SY,http://freepressonline.com/main.asp?SectionID=50&SubSectionID=72&ArticleID=32262
20140507,296442685,20140507,SYRIAN,SYR,IRAQ,IRQ,192,영토 점령,19,4,-9.5,1,1,1,1.32450331125828,Syria,SY,http://www.dw.de/evacuation-of-syria-opposition-fighters-from-homs-begins/a-17616633
20140507,296442686,20140507,SYRIAN,SYR,IRAQ,IRQ,192,영토 점령,19,4,-9.5,1,1,1,1.32450331125828,Syria,SY,http://www.dw.de/evacuation-of-syria-opposition-fighters-from-homs-begins/a-17616633
20140507,296442687,20140507,SYRIA,SYR,IRAQ,IRQ,192,영토 점령,19,4,-9.5,2,1,2,2.79263220439691,Ukraine,UP,http://freepressonline.com/main.asp?SectionID=50&SubSectionID=72&ArticleID=32262
20140507,296442698,20140507,SYRIAN,SYR,ISRAEL,ISR,190,재래식 군사력 사용,19,4,-10.0,3,1,3,2.20588235294118,"Washington, District of Columbia, United States",US,"http://www.ynetnews.com/articles/0,7340,L-4517288,00.html"
20140507,296442699,20140507,SYRIAN,SYR,ISRAEL,ISR,190,재래식 군사력 사용,19,4,-10.0,4,1,4,2.20588235294118,"Washington, District of Columbia, United States",US,"http://www.ynetnews.com/articles/0,7340,L-4517288,00.html"
20140507,296442700,20140507,SYRIAN,SYR,ISRAEL,ISR,192,영토 점령,19,4,-9.5,1,1,1,1.32450331125828,Syria,SY,http://www.dw.de/evacuation-of-syria-opposition-fighters-from-homs-begins/a-17616633
20140507,296442701,20140507,SYRIAN,SYR,ISRAEL,ISR,192,영토 점령,19,4,-9.5,1,1,1,1.32450331125828,Syria,SY,http://www.dw.de/evacuation-of-syria-opposition-fighters-from-homs-begins/a-17616633
20140507,296442720,20140507,SYRIA,SYR,JORDANIAN,JOR,190,재래식 군사력 사용,19,4,-10.0,1,1,1,2.46913580246914,Jordan,JO,http://www.reuters.com/video/2014/05/07/fight-breaks-out-on-jordanian-tv-set?videoId=312868894&feedType=VideoRSS&feedName=WorldNews&videoChannel=117760&utm_source=feedburner&utm_medium=feed&utm_campaign=Feed%3A+reuters%2FUSVideoWorldNews+%28Video+%2F+US+%
20140507,296442721,20140507,SYRIAN,SYR,JORDAN,JOR,192,영토 점령,19,4,-9.5,1,1,1,1.32450331125828,Syria,SY,http://www.dw.de/evacuation-of-syria-opposition-fighters-from-homs-begins/a-17616633
20140507,296442722,20140507,SYRIAN,SYR,JORDAN,JOR,192,영토 점령,19,4,-9.5,1,1,1,1.32450331125828,Syria,SY,http://www.dw.de/evacuation-of-syria-opposition-fighters-from-homs-begins/a-17616633
20140507,296442748,20140507,SYRIA,SYR,LEBANON,LBN,190,재래식 군사력 사용,19,4,-10.0,6,1,6,6.38820638820639,Israel,IS,http://www.beliefnet.com/columnists/isittheendoftheworld/2014/05/long-live-israel.html?utm_source=feedburner&utm_medium=feed&utm_campaign=Feed%3A+BeliefnetBeliefnetTopFeatures+%28Beliefnet%3A+Beliefnet+Top+Features%29
20140507,296442749,20140507,SYRIAN,SYR,LEBANON,LBN,190,재래식 군사력 사용,19,4,-10.0,2,1,2,1.75438596491228,"Beirut, Beyrouth, Lebanon",LE,http://www.thenational.ae/business/lebanon-focuses-to-lure-gulf-arabian-visitors-back-this-summer
20140507,296442750,20140507,SYRIA,SYR,LEBANON,LBN,190,재래식 군사력 사용,19,4,-10.0,2,1,2,6.38820638820639,Syria,SY,http://www.beliefnet.com/columnists/isittheendoftheworld/2014/05/long-live-israel.html?utm_source=feedburner&utm_medium=feed&utm_campaign=Feed%3A+BeliefnetBeliefnetTopFeatures+%28Beliefnet%3A+Beliefnet+Top+Features%29
20140507,296442751,20140507,SYRIAN,SYR,LEBANON,LBN,190,재래식 군사력 사용,19,4,-10.0,4,2,4,4.07129617655934,Syria,SY,http://www.thenational.ae/business/lebanon-focuses-to-lure-gulf-arabian-visitors-back-this-summer
20140507,296442752,20140507,SYRIAN,SYR,LEBANON,LBN,192,영토 점령,19,4,-9.5,1,1,1,1.32450331125828,Syria,SY,http://www.dw.de/evacuation-of-syria-opposition-fighters-from-homs-begins/a-17616633
20140507,296442753,20140507,SYRIAN,SYR,LEBANON,LBN,192,영토 점령,19,4,-9.5,1,1,1,1.32450331125828,Syria,SY,http://www.dw.de/evacuation-of-syria-opposition-fighters-from-homs-begins/a-17616633
20140507,296442754,20140507,SYRIAN,SYR,LEBANON,LBN,193,소형무기·경무기를 이용한 전투,19,4,-10.0,2,1,2,3.04878048780488,"Arsal, Mohafazat Baalbek-Hermel, Lebanon",LE,http://www.dailystar.com.lb/News/Lebanon-News/2014/May-07/255628-three-wounded-in-brief-clash-between-syrians.ashx
20140507,296442755,20140507,SYRIA,SYR,LEBANON,LBN,195,공중무기 사용,19,4,-10.0,2,1,2,1.04712041884817,"Qalamoun, Rif Dimashq, Syria",SY,http://www.albawaba.com/lebanon-syria/syria-lebanon-warplanes-574423
20140507,296442756,20140507,SYRIAN,SYR,LEBANON,LBN,195,공중무기 사용,19,4,-10.0,16,1,10,1.86915887850467,"Qalamoun, Rif Dimashq, Syria",SY,http://www.dailystar.com.lb/News/Lebanon-News/2014/May-07/255586-syrian-warplanes-raid-east-lebanon-border-town.ashx
20140507,296442757,20140507,SYRIAN,SYR,LEBANON,LBN,195,공중무기 사용,19,4,-10.0,6,1,6,1.04712041884817,"Qalamoun, Rif Dimashq, Syria",SY,http://www.albawaba.com/lebanon-syria/syria-lebanon-warplanes-574423
20140507,296442758,20140507,SYRIA,SYR,LEBANON,LBN,195,공중무기 사용,19,4,-10.0,2,1,2,1.04712041884817,"Arsal, Mohafazat Baalbek-Hermel, Lebanon",LE,http://www.albawaba.com/lebanon-syria/syria-lebanon-warplanes-574423
20140507,296442759,20140507,SYRIA,SYR,LEBANON,LBN,195,공중무기 사용,19,4,-10.0,2,1,2,1.86915887850467,"Qalamoun, Rif Dimashq, Syria",SY,http://www.dailystar.com.lb/News/Lebanon-News/2014/May-07/255586-syrian-warplanes-raid-east-lebanon-border-town.ashx
20140507,296442760,20140507,SYRIAN,SYR,LEBANON,LBN,195,공중무기 사용,19,4,-10.0,10,1,10,1.86915887850467,"Arsal, Mohafazat Baalbek-Hermel, Lebanon",LE,http://www.dailystar.com.lb/News/Lebanon-News/2014/May-07/255586-syrian-warplanes-raid-east-lebanon-border-town.ashx
20140507,296443046,20140507,SYRIAN,SYR,TURKEY,TUR,192,영토 점령,19,4,-9.5,1,1,1,1.32450331125828,Syria,SY,http://www.dw.de/evacuation-of-syria-opposition-fighters-from-homs-begins/a-17616633
20140507,296443047,20140507,SYRIAN,SYR,TURKEY,TUR,192,영토 점령,19,4,-9.5,1,1,1,1.32450331125828,Syria,SY,http://www.dw.de/evacuation-of-syria-opposition-fighters-from-homs-begins/a-17616633
20140507,296443048,20140507,SYRIAN,SYR,TURKISH,TUR,190,재래식 군사력 사용,19,4,-10.0,8,1,8,1.36986301369863,"Ankara, Ankara, Turkey",TU,http://www.dailysabah.com/nation/2014/05/07/syrian-conflict-claims-lives-of-74-turks-on-border
20140507,296443049,20140507,SYRIA,SYR,TURKISH,TUR,190,재래식 군사력 사용,19,4,-10.0,16,2,16,0.950381507065782,"Hatay, Hatay, Turkey",TU,http://www.hurriyetdailynews.com/74-turkish-citizens-killed-in-syria-linked-incidents-fm-davutoglu.aspx?pageID=238&nID=66111&NewsCatID=359
20140507,296443050,20140507,SYRIAN,SYR,TURKISH,TUR,190,재래식 군사력 사용,19,4,-10.0,12,1,12,2.39234449760766,Turkey,TU,http://www.worldbulletin.net/news/135704/74-turks-killed-during-syrian-civil-war
20140507,296443051,20140507,SYRIA,SYR,TURKEY,TUR,190,재래식 군사력 사용,19,4,-10.0,2,1,2,1.66666666666667,"Ankara, Ankara, Turkey",TU,http://www.shanghaidaily.com/article/article_xinhua.aspx?id=216916
20140507,296443052,20140507,SYRIA,SYR,TURKISH,TUR,190,재래식 군사력 사용,19,4,-10.0,6,1,6,1.66666666666667,Syria,SY,http://www.shanghaidaily.com/article/article_xinhua.aspx?id=216916
20140507,296443053,20140507,SYRIAN,SYR,TURKEY,TUR,190,재래식 군사력 사용,19,4,-10.0,18,1,18,2.39234449760766,Turkey,TU,http://www.worldbulletin.net/news/135704/74-turks-killed-during-syrian-civil-war
20140507,296443055,20140507,SYRIA,SYR,TURKISH,TUR,190,재래식 군사력 사용,19,4,-10.0,8,1,8,2.04081632653061,Syria,SY,"Zaman website, Istanbul/BBC Monitoring/(c) BBC"
20140507,296443204,20140507,SYRIAN,SYR,LEBANON,LBN,190,재래식 군사력 사용,19,4,-10.0,12,1,12,1.75438596491228,"Beirut, Beyrouth, Lebanon",LE,http://www.thenational.ae/business/lebanon-focuses-to-lure-gulf-arabian-visitors-back-this-summer
20140507,296443325,20140507,ALEPPO,SYR,BEIRUT,LBN,190,재래식 군사력 사용,19,4,-10.0,10,1,10,1.55763239875389,"Aleppo, ?alab, Syria",SY,http://www.islandpacket.com/2014/05/05/3094134/syria-rockets-slam-into-aleppo.html
20140507,296443389,20140507,SYRIA,SYR,IRAQ,IRQ,192,영토 점령,19,4,-9.5,2,1,2,1.32450331125828,Syria,SY,http://www.dw.de/evacuation-of-syria-opposition-fighters-from-homs-begins/a-17616633
20140507,296443390,20140507,SYRIAN,SYR,IRAQ,IRQ,192,영토 점령,19,4,-9.5,4,1,4,1.32450331125828,Syria,SY,http://www.dw.de/evacuation-of-syria-opposition-fighters-from-homs-begins/a-17616633
20140507,296443391,20140507,SYRIAN,SYR,ISRAEL,ISR,192,영토 점령,19,4,-9.5,4,1,4,1.32450331125828,Syria,SY,http://www.dw.de/evacuation-of-syria-opposition-fighters-from-homs-begins/a-17616633
20140507,296443392,20140507,SYRIA,SYR,ISRAEL,ISR,192,영토 점령,19,4,-9.5,2,1,2,1.32450331125828,Syria,SY,http://www.dw.de/evacuation-of-syria-opposition-fighters-from-homs-begins/a-17616633
20140507,296443394,20140507,SYRIAN,SYR,JORDAN,JOR,192,영토 점령,19,4,-9.5,4,1,4,1.32450331125828,Syria,SY,http://www.dw.de/evacuation-of-syria-opposition-fighters-from-homs-begins/a-17616633
20140507,296443395,20140507,SYRIA,SYR,JORDAN,JOR,192,영토 점령,19,4,-9.5,2,1,2,1.32450331125828,Syria,SY,http://www.dw.de/evacuation-of-syria-opposition-fighters-from-homs-begins/a-17616633
20140507,296443396,20140507,SYRIAN,SYR,LEBANON,LBN,192,영토 점령,19,4,-9.5,4,1,4,1.32450331125828,Syria,SY,http://www.dw.de/evacuation-of-syria-opposition-fighters-from-homs-begins/a-17616633
20140507,296443397,20140507,SYRIA,SYR,LEBANON,LBN,192,영토 점령,19,4,-9.5,2,1,2,1.32450331125828,Syria,SY,http://www.dw.de/evacuation-of-syria-opposition-fighters-from-homs-begins/a-17616633
20140507,296443398,20140507,SYRIAN,SYR,LEBANESE,LBN,193,소형무기·경무기를 이용한 전투,19,4,-10.0,6,1,6,3.04878048780488,"Arsal, Mohafazat Baalbek-Hermel, Lebanon",LE,http://www.dailystar.com.lb/News/Lebanon-News/2014/May-07/255628-three-wounded-in-brief-clash-between-syrians.ashx
20140507,296443399,20140507,SYRIA,SYR,LEBANON,LBN,193,소형무기·경무기를 이용한 전투,19,4,-10.0,4,1,4,3.04878048780488,Syria,SY,http://www.dailystar.com.lb/News/Lebanon-News/2014/May-07/255628-three-wounded-in-brief-clash-between-syrians.ashx
20140507,296443405,20140507,SYRIAN,SYR,TURKEY,TUR,192,영토 점령,19,4,-9.5,6,1,6,1.32450331125828,Syria,SY,http://www.dw.de/evacuation-of-syria-opposition-fighters-from-homs-begins/a-17616633
20140507,296443407,20140507,SYRIA,SYR,PALESTINIAN,PSE,190,재래식 군사력 사용,19,4,-10.0,5,1,5,1.70648464163823,Syria,SY,"Al-Alam TV, Tehran/BBC Monitoring/(c) BBC"
20140507,296444786,20140507,TURKEY,TUR,ISRAELI,ISR,190,재래식 군사력 사용,19,4,-10.0,2,1,2,0.959232613908873,"Cihan, Bursa, Turkey",TU,http://en.cihan.com.tr/news/In-Mavi-Marmara-incident-gov-t-proposed-misinforming-press_5346-CHMTQyNTM0Ni8xMDA1
20140507,296444787,20140507,TURK,TUR,ISRAELI,ISR,190,재래식 군사력 사용,19,4,-10.0,3,1,3,0.959232613908873,"Cihan, Bursa, Turkey",TU,http://en.cihan.com.tr/news/In-Mavi-Marmara-incident-gov-t-proposed-misinforming-press_5346-CHMTQyNTM0Ni8xMDA1
20140507,296444788,20140507,TURKEY,TUR,ISRAELI,ISR,190,재래식 군사력 사용,19,4,-10.0,2,1,2,0.959232613908873,"Gaza, Israel (general), Israel",IS,http://en.cihan.com.tr/news/In-Mavi-Marmara-incident-gov-t-proposed-misinforming-press_5346-CHMTQyNTM0Ni8xMDA1
20140507,296444909,20140507,TURKISH,TUR,SYRIA,SYR,192,영토 점령,19,4,-9.5,9,1,9,2.81045751633987,"Jarabulus, ?alab, Syria",SY,http://www.ekurd.net/mismas/articles/misc2014/5/syriakurd1171.htm
20140507,296444910,20140507,TURKISH,TUR,SYRIA,SYR,192,영토 점령,19,4,-9.5,1,1,1,2.81045751633987,"Ankara, Ankara, Turkey",TU,http://www.ekurd.net/mismas/articles/misc2014/5/syriakurd1171.htm
20140507,296444911,20140507,TURKEY,TUR,SYRIA,SYR,192,영토 점령,19,4,-9.5,2,1,2,2.81045751633987,"Ankara, Ankara, Turkey",TU,http://www.ekurd.net/mismas/articles/misc2014/5/syriakurd1171.htm
20140507,296444912,20140507,TURKEY,TUR,SYRIA,SYR,190,재래식 군사력 사용,19,4,-10.0,6,1,6,0.609756097560976,"Azeri, Hatay, Turkey",TU,"APA news agency, Baku/BBC Monitoring/(c) BBC"
20140507,296477716,20140507,YEMENI,YEM,ISRAEL,ISR,190,재래식 군사력 사용,19,4,-10.0,6,1,6,1.03092783505155,Germany,GM,http://www.jpost.com/Breaking-News/Yemeni-forces-kill-3-militants-seen-behind-series-of-attacks-351537
20140507,296477717,20140507,YEMENI,YEM,ISRAEL,ISR,190,재래식 군사력 사용,19,4,-10.0,4,1,4,1.03092783505155,Germany,GM,http://www.jpost.com/Breaking-News/Yemeni-forces-kill-3-militants-seen-behind-series-of-attacks-351537
20140508,296484007,20140501,YEMENI,YEM,IRAN,IRN,192,영토 점령,19,4,-9.5,6,1,6,1.37931034482759,"Shabwa, La?ij, Yemen",YM,http://www.globalsecurity.org/military/library/news/2014/05/mil-140508-presstv03.htm
20140508,296529263,20140508,EGYPT,EGY,GAZA,PSE,194,포병·전차를 이용한 전투,19,4,-10.0,3,3,3,1.80017394711913,"Gaza, Israel (general), Israel",IS,http://www.charlotteobserver.com/2014/05/08/4895781/rise-in-complaints-of-abuse-in.html
20140508,296529409,20140508,EGYPT,EGY,SYRIA,SYR,190,재래식 군사력 사용,19,4,-10.0,1,1,1,1.38190954773869,"Giza, Al Jizah, Egypt",EG,http://al-shorfa.com/en_GB/articles/meii/features/2014/05/08/feature-01
20140508,296529410,20140508,EGYPTIAN,EGY,SYRIA,SYR,190,재래식 군사력 사용,19,4,-10.0,4,1,4,1.38190954773869,Syria,SY,http://al-shorfa.com/en_GB/articles/meii/features/2014/05/08/feature-01
20140508,296550745,20140508,IRAN,IRN,IRAQ,IRQ,192,영토 점령,19,4,-9.5,10,1,10,3.92902408111534,"Baghdad, Baghdad, Iraq",IZ,http://www.newsmax.com/WalidPhares/Iraq-Iran-Opposition-Washington/2014/05/08/id/570328/
20140508,296550764,20140508,IRAN,IRN,ISRAELI,ISR,154,군 병력 동원·증강,15,4,-7.2,1,1,1,2.20385674931129,Israel,IS,http://mwcnews.net/focus/politics/40437-bogus-iranian-threat.html
20140508,296550765,20140508,IRAN,IRN,ISRAELI,ISR,154,군 병력 동원·증강,15,4,-7.2,1,1,1,2.22772277227723,"Washington, District of Columbia, United States",US,http://reason.com/archives/2014/05/08/bill-clinton-also-hyped-the-bogus-irania
20140508,296550766,20140508,IRAN,IRN,ISRAELI,ISR,154,군 병력 동원·증강,15,4,-7.2,1,1,1,2.22772277227723,"Washington, District of Columbia, United States",US,http://reason.com/archives/2014/05/08/bill-clinton-also-hyped-the-bogus-irania
20140508,296550767,20140508,IRAN,IRN,ISRAELI,ISR,154,군 병력 동원·증강,15,4,-7.2,1,1,1,2.20385674931129,Israel,IS,http://mwcnews.net/focus/politics/40437-bogus-iranian-threat.html
20140508,296550787,20140508,IRANIAN,IRN,LEBANON,LBN,154,군 병력 동원·증강,15,4,-7.2,2,1,2,3.25865580448065,"Tehran, Tehran, Iran",IR,http://defensamexico.activoforo.com/t23616-la-preocupacion-de-israel-articulo-en-ingles
20140508,296550788,20140508,IRANIAN,IRN,LEBANON,LBN,154,군 병력 동원·증강,15,4,-7.2,8,1,8,3.25865580448065,"Golan Heights, Syria (general), Syria",SY,http://defensamexico.activoforo.com/t23616-la-preocupacion-de-israel-articulo-en-ingles
20140508,296550933,20140508,IRAN,IRN,SYRIA,SYR,190,재래식 군사력 사용,19,4,-10.0,2,1,2,1.40845070422535,"Sharq, Hamadan, Iran",IR,Quotes package from BBC Monitoring/BBC Monitoring/(c) BBC
20140508,296550934,20140508,IRAN,IRN,SYRIA,SYR,190,재래식 군사력 사용,19,4,-10.0,6,1,6,1.40845070422535,Syria,SY,Quotes package from BBC Monitoring/BBC Monitoring/(c) BBC
20140508,296550939,20140508,TEHRAN,IRN,BASHAR AL ASSAD,SYR,190,재래식 군사력 사용,19,4,-10.0,1,1,1,2.1523178807947,"Tehran, Tehran, Iran",IR,http://www.iranfocus.com/en/index.php?option=com_content&view=article&id=29459:iranian-news-agency-removes-irgc-commander-s-comments-on-iranian-forces-in-syria&catid=9&Itemid=114
20140508,296550940,20140508,TEHRAN,IRN,SYRIA,SYR,190,재래식 군사력 사용,19,4,-10.0,1,1,1,2.1523178807947,"Damascus, Dimashq, Syria",SY,http://www.iranfocus.com/en/index.php?option=com_content&view=article&id=29459:iranian-news-agency-removes-irgc-commander-s-comments-on-iranian-forces-in-syria&catid=9&Itemid=114
20140508,296551388,20140508,IRAQ,IRQ,IRAN,IRN,190,재래식 군사력 사용,19,4,-10.0,4,1,4,2.71428571428571,"Tehran, Tehran, Iran",IR,http://www.thenational.ae/thenationalconversation/comment/iran-and-israel-join-forces-to-support-the-syrian-regime-as-election-nears
20140508,296551389,20140508,IRAQI,IRQ,IRAN,IRN,190,재래식 군사력 사용,19,4,-10.0,2,1,2,2.71428571428571,Israel,IS,http://www.thenational.ae/thenationalconversation/comment/iran-and-israel-join-forces-to-support-the-syrian-regime-as-election-nears
20140508,296551390,20140508,IRAQI,IRQ,TEHRAN,IRN,190,재래식 군사력 사용,19,4,-10.0,10,1,10,2.71428571428571,"Tehran, Tehran, Iran",IR,http://www.thenational.ae/thenationalconversation/comment/iran-and-israel-join-forces-to-support-the-syrian-regime-as-election-nears
20140508,296551404,20140508,IRAQ,IRQ,ISRAEL,ISR,190,재래식 군사력 사용,19,4,-10.0,10,1,10,0.0,"Baghdad, Baghdad, Iraq",IZ,"http://www.ynetnews.com/articles/0,7340,L-4517789,00.html"
20140508,296551449,20140508,IRAQ,IRQ,SYRIA,SYR,190,재래식 군사력 사용,19,4,-10.0,4,1,4,1.10803324099723,"Aleppo, ?alab, Syria",SY,http://www.longwarjournal.org/archives/2014/05/isis_video_shows_zar.php?utm_source=feedburner&utm_medium=feed&utm_campaign=Feed%3A+LongWarJournalSiteWide+%28The+Long+War+Journal+%28Site-Wide%29%29
20140508,296551450,20140508,IRAQ,IRQ,SYRIA,SYR,190,재래식 군사력 사용,19,4,-10.0,4,1,4,1.10803324099723,"Baqubah, DiyaláZ, Iraq",IZ,http://www.longwarjournal.org/archives/2014/05/isis_video_shows_zar.php?utm_source=feedburner&utm_medium=feed&utm_campaign=Feed%3A+LongWarJournalSiteWide+%28The+Long+War+Journal+%28Site-Wide%29%29
20140508,296552026,20140508,ISRAEL,ISR,IRAN,IRN,138,군사력 사용 위협,13,3,-7.0,2,1,2,1.38613861386139,"Teheran, Iran (general), Iran",IR,http://www.omantribune.com/index.php?page=news&id=167290&heading=Top%20News
20140508,296552027,20140508,ISRAEL,ISR,IRAN,IRN,138,군사력 사용 위협,13,3,-7.0,8,1,8,2.0639834881321,"Jerusalem, Israel (general), Israel",IS,http://www.reuters.com/article/2014/05/08/us-iran-nuclear-idUSBREA4700F20140508?feedType=RSS&feedName=topNews
20140508,296552028,20140508,ISRAEL,ISR,IRAN,IRN,138,군사력 사용 위협,13,3,-7.0,2,1,2,2.0639834881321,"Tehran, Tehran, Iran",IR,http://www.reuters.com/article/2014/05/08/us-iran-nuclear-idUSBREA4700F20140508?feedType=RSS&feedName=topNews
20140508,296552029,20140508,ISRAEL,ISR,IRAN,IRN,138,군사력 사용 위협,13,3,-7.0,4,2,4,1.65407019823763,"Tehran, Tehran, Iran",IR,http://www.globalpost.com/dispatch/news/thomson-reuters/140508/iran-six-powers-hold-useful-nuclear-talks-agreement-elusive
20140508,296552030,20140508,ISRAEL,ISR,IRAN,IRN,138,군사력 사용 위협,13,3,-7.0,10,4,10,1.58030690646681,"Tehran, Tehran, Iran",IR,http://www.nation.com.pk/international/09-May-2014/iran-six-powers-hold-useful-nuclear-talks
20140508,296552031,20140508,ISRAEL,ISR,IRAN,IRN,138,군사력 사용 위협,13,3,-7.0,8,1,8,1.38613861386139,Israel,IS,http://www.omantribune.com/index.php?page=news&id=167290&heading=Top%20News
20140508,296552032,20140508,ISRAEL,ISR,IRAN,IRN,138,군사력 사용 위협,13,3,-7.0,56,6,56,1.60138213268704,Israel,IS,http://www.nation.com.pk/international/09-May-2014/iran-six-powers-hold-useful-nuclear-talks
20140508,296552035,20140508,ISRAEL,ISR,IRAQI,IRQ,194,포병·전차를 이용한 전투,19,4,-10.0,8,1,8,2.49017038007864,Iraq,IZ,http://www.jewishjournal.com/rosnersdomain/item/israels_favorability_back_up_to_72
20140508,296552220,20140508,ISRAEL,ISR,LEBANON,LBN,190,재래식 군사력 사용,19,4,-10.0,1,1,1,1.38888888888889,Lebanon,LE,http://www.dailystar.com.lb/News/Lebanon-News/2014/May-09/255839-gunmen-shoot-fatah-al-islam-official-in-ain-al-hilweh.ashx
20140508,296552224,20140508,ISRAEL,ISR,LEBANON,LBN,190,재래식 군사력 사용,19,4,-10.0,3,1,3,2.41116751269036,Israel,IS,http://www.globalresearch.ca/israel-assassinates-syrian-general/5381285
20140508,296552225,20140508,ISRAEL,ISR,LEBANON,LBN,190,재래식 군사력 사용,19,4,-10.0,1,1,1,2.41116751269036,Lebanon,LE,http://www.globalresearch.ca/israel-assassinates-syrian-general/5381285
20140508,296552226,20140508,ISRAEL,ISR,LEBANON,LBN,190,재래식 군사력 사용,19,4,-10.0,1,1,1,2.41116751269036,Israel,IS,http://www.globalresearch.ca/israel-assassinates-syrian-general/5381285
20140508,296552459,20140508,ISRAELI,ISR,PALESTINIAN,PSE,190,재래식 군사력 사용,19,4,-10.0,5,1,5,1.6,"Hebron, Israel (general), Israel",IS,"Ma'an News Agency website, Bethlehem/BBC Monitoring/(c) BBC"
20140508,296552460,20140508,ISRAEL,ISR,WEST BANK,PSE,190,재래식 군사력 사용,19,4,-10.0,2,1,2,1.6,"Hebron, Israel (general), Israel",IS,"Ma'an News Agency website, Bethlehem/BBC Monitoring/(c) BBC"
20140508,296552461,20140508,ISRAEL,ISR,WEST BANK,PSE,190,재래식 군사력 사용,19,4,-10.0,2,1,2,1.6,"Halhul, West Bank (general), West Bank",WE,"Ma'an News Agency website, Bethlehem/BBC Monitoring/(c) BBC"
20140508,296552462,20140508,ISRAELI,ISR,PALESTINIAN,PSE,190,재래식 군사력 사용,19,4,-10.0,1,1,1,1.6,"Meithalun, West Bank (general), West Bank",WE,"Ma'an News Agency website, Bethlehem/BBC Monitoring/(c) BBC"
20140508,296552463,20140508,ISRAELI,ISR,PALESTINIAN,PSE,190,재래식 군사력 사용,19,4,-10.0,6,1,6,1.6,"Hebron, Israel (general), Israel",IS,"Ma'an News Agency website, Bethlehem/BBC Monitoring/(c) BBC"
20140508,296552464,20140508,ISRAEL,ISR,PALESTINIAN,PSE,190,재래식 군사력 사용,19,4,-10.0,1,1,1,1.6,"Meithalun, West Bank (general), West Bank",WE,"Ma'an News Agency website, Bethlehem/BBC Monitoring/(c) BBC"
20140508,296552465,20140508,ISRAELI,ISR,WEST BANK,PSE,190,재래식 군사력 사용,19,4,-10.0,4,2,4,0.0,"Jenin, West Bank (general), West Bank",WE,http://www.turkishpress.com/news/405003/
20140508,296552466,20140508,ISRAEL,ISR,WEST BANK,PSE,190,재래식 군사력 사용,19,4,-10.0,8,1,8,0.0,"Islamabad, Islamabad, Pakistan",PK,http://www.brecorder.com/world/middle-east/171443-israel-arrests-16-palestinians-in-west-bank-raids.html
20140508,296552467,20140508,ISRAELI,ISR,WEST BANK,PSE,190,재래식 군사력 사용,19,4,-10.0,10,2,10,0.0,"Jenin, West Bank (general), West Bank",WE,http://www.turkishpress.com/news/405003/
20140508,296552468,20140508,ISRAEL,ISR,WEST BANK,PSE,190,재래식 군사력 사용,19,4,-10.0,4,2,4,0.0,Israel,IS,http://www.turkishpress.com/news/405003/
20140508,296552469,20140508,ISRAEL,ISR,WEST BANK,PSE,190,재래식 군사력 사용,19,4,-10.0,10,1,10,0.0,"Ramallah, West Bank (general), West Bank",WE,http://www.turkishpress.com/news/405003/
20140508,296552470,20140508,ISRAELI,ISR,PALESTINIAN,PSE,190,재래식 군사력 사용,19,4,-10.0,4,2,4,0.0,"Jenin, West Bank (general), West Bank",WE,http://www.turkishpress.com/news/405003/
20140508,296552471,20140508,ISRAEL,ISR,GAZA,PSE,192,영토 점령,19,4,-9.5,1,1,1,0.396825396825397,"Gaza, Israel (general), Israel",IS,http://www.israelhayom.com/site/newsletter_article.php?id=17357
20140508,296552476,20140508,ISRAELI,ISR,WEST BANK,PSE,190,재래식 군사력 사용,19,4,-10.0,4,1,4,0.0,"Ramallah, West Bank (general), West Bank",WE,"Ma'an News Agency website, Bethlehem/BBC Monitoring/(c) BBC"
20140508,296552477,20140508,ISRAELI,ISR,WEST BANK,PSE,193,소형무기·경무기를 이용한 전투,19,4,-10.0,4,1,4,0.0,"Ramallah, West Bank (general), West Bank",WE,"Ma'an News Agency website, Bethlehem/BBC Monitoring/(c) BBC"
20140508,296552534,20140508,ISRAELI,ISR,SYRIAN,SYR,190,재래식 군사력 사용,19,4,-10.0,1,1,1,3.25865580448065,"Damascus, Dimashq, Syria",SY,http://defensamexico.activoforo.com/t23616-la-preocupacion-de-israel-articulo-en-ingles
20140508,296552535,20140508,ISRAELI,ISR,SYRIAN,SYR,190,재래식 군사력 사용,19,4,-10.0,1,1,1,3.25865580448065,"Jerusalem, Israel (general), Israel",IS,http://defensamexico.activoforo.com/t23616-la-preocupacion-de-israel-articulo-en-ingles
20140508,296552536,20140508,ISRAEL,ISR,SYRIAN,SYR,195,공중무기 사용,19,4,-10.0,8,1,8,2.41116751269036,"Golan Heights, Syria (general), Syria",SY,http://www.globalresearch.ca/israel-assassinates-syrian-general/5381285
20140508,296552537,20140508,ISRAEL,ISR,SYRIAN,SYR,195,공중무기 사용,19,4,-10.0,2,1,2,2.41116751269036,Israel,IS,http://www.globalresearch.ca/israel-assassinates-syrian-general/5381285
20140508,296552540,20140508,ISRAEL,ISR,SYRIA,SYR,190,재래식 군사력 사용,19,4,-10.0,2,1,2,3.25865580448065,"Jerusalem, Israel (general), Israel",IS,http://defensamexico.activoforo.com/t23616-la-preocupacion-de-israel-articulo-en-ingles
20140508,296552541,20140508,ISRAELI,ISR,SYRIA,SYR,190,재래식 군사력 사용,19,4,-10.0,1,1,1,3.25865580448065,"Damascus, Dimashq, Syria",SY,http://defensamexico.activoforo.com/t23616-la-preocupacion-de-israel-articulo-en-ingles
20140508,296552542,20140508,ISRAELI,ISR,SYRIAN,SYR,190,재래식 군사력 사용,19,4,-10.0,5,1,5,3.25865580448065,"Jerusalem, Israel (general), Israel",IS,http://defensamexico.activoforo.com/t23616-la-preocupacion-de-israel-articulo-en-ingles
20140508,296552875,20140508,ISRAEL,ISR,SYRIA,SYR,138,군사력 사용 위협,13,3,-7.0,1,1,1,2.1523178807947,"Tehran, Tehran, Iran",IR,http://www.iranfocus.com/en/index.php?option=com_content&view=article&id=29459:iranian-news-agency-removes-irgc-commander-s-comments-on-iranian-forces-in-syria&catid=9&Itemid=114
20140508,296552876,20140508,ISRAEL,ISR,SYRIA,SYR,138,군사력 사용 위협,13,3,-7.0,4,1,4,2.1523178807947,"Damascus, Dimashq, Syria",SY,http://www.iranfocus.com/en/index.php?option=com_content&view=article&id=29459:iranian-news-agency-removes-irgc-commander-s-comments-on-iranian-forces-in-syria&catid=9&Itemid=114
20140508,296552967,20140508,ISRAELI,ISR,WEST BANK,PSE,190,재래식 군사력 사용,19,4,-10.0,6,1,6,0.0,"Ramallah, West Bank (general), West Bank",WE,"Ma'an News Agency website, Bethlehem/BBC Monitoring/(c) BBC"
20140508,296552968,20140508,ISRAELI,ISR,WEST BANK,PSE,193,소형무기·경무기를 이용한 전투,19,4,-10.0,4,1,4,0.0,"Ramallah, West Bank (general), West Bank",WE,"Ma'an News Agency website, Bethlehem/BBC Monitoring/(c) BBC"
20140508,296552969,20140508,ISRAEL,ISR,WEST BANK,PSE,193,소형무기·경무기를 이용한 전투,19,4,-10.0,2,1,2,0.0,"Jerusalem, Israel (general), Israel",IS,"Ma'an News Agency website, Bethlehem/BBC Monitoring/(c) BBC"
20140508,296554085,20140508,JORDANIAN,JOR,SYRIAN,SYR,190,재래식 군사력 사용,19,4,-10.0,20,2,20,0.458015267175572,Jordan,JO,http://www.albawaba.com/conflict-syria/jordan-syria-border-574668
20140508,296554086,20140508,JORDANIAN,JOR,SYRIA,SYR,190,재래식 군사력 사용,19,4,-10.0,2,2,2,2.88495575221239,Jordan,JO,http://www.timeslive.co.za/world/2014/05/08/watch-jordanian-tv-guests-destroy-studio-in-live-brawl
20140508,296554087,20140508,JORDAN,JOR,SYRIA,SYR,190,재래식 군사력 사용,19,4,-10.0,2,1,2,0.763358778625954,Jordan,JO,http://www.slate.com/blogs/the_slatest/2014/05/08/jordanian_tv_studio_brawl_two_journalists_fight_about_the_syrian_civil_war.html
20140508,296554088,20140508,JORDAN,JOR,SYRIA,SYR,192,영토 점령,19,4,-9.5,8,1,8,1.74129353233831,"Masnaa, Rif Dimashq, Syria",SY,http://syriadirect.org/rss/1356-syria-direct-news-update-5-8-2014
20140508,296554089,20140508,JORDAN,JOR,SYRIA,SYR,192,영토 점령,19,4,-9.5,2,1,2,1.74129353233831,Jordan,JO,http://syriadirect.org/rss/1356-syria-direct-news-update-5-8-2014
20140508,296554202,20140508,HASSAN,JOR,ABDULLAH,SAU,190,재래식 군사력 사용,19,4,-10.0,6,1,6,0.0,Netherlands,NL,http://al-shorfa.com/en_GB/articles/meii/newsbriefs/2014/05/08/newsbrief-04
20140508,296554212,20140508,HASSAN,JOR,DAMASCUS,SYR,190,재래식 군사력 사용,19,4,-10.0,8,1,8,3.18352059925094,"Damascus, Dimashq, Syria",SY,http://online.wsj.com/article/BT-CO-20140508-721035.html
20140508,296554298,20140508,JORDAN,JOR,SYRIA,SYR,190,재래식 군사력 사용,19,4,-10.0,10,1,10,0.0,Jordan,JO,http://al-shorfa.com/en_GB/articles/meii/newsbriefs/2014/05/08/newsbrief-02
20140508,296560389,20140508,LEBANON,LBN,SYRIA,SYR,190,재래식 군사력 사용,19,4,-10.0,4,1,4,1.33779264214047,Syria,SY,http://www.dailystar.com.lb/News/Lebanon-News/2014/May-08/255715-fatah-al-islam-member-shot-in-ain-al-hilweh.ashx
20140508,296560390,20140508,BEIRUT,LBN,HOMS,SYR,192,영토 점령,19,4,-9.5,66,7,66,3.00671317853133,"Aleppo, ?alab, Syria",SY,http://www.globalpost.com/dispatch/news/thomson-reuters/140508/government-forces-set-control-homs-cradle-syrian-uprising
20140508,296560391,20140508,BEIRUT,LBN,HOMS,SYR,192,영토 점령,19,4,-9.5,4,1,4,2.80811232449298,"Beirut, Beyrouth, Lebanon",LE,https://www.authintmail.com/article/middle-east/government-forces-set-control-syrias-homs
20140508,296580832,20140508,PALESTINIAN,PSE,ISRAELI,ISR,138,군사력 사용 위협,13,3,-7.0,10,1,10,4.06976744186047,"Gaza, Israel (general), Israel",IS,http://salem.wickedlocal.com/article/20140507/BLOGS/305079960
20140508,296580846,20140508,PALESTINIAN,PSE,ISRAEL,ISR,163,금수·보이콧·제재 부과,16,4,-8.0,10,1,10,4.94350282485876,"Gaza, Israel (general), Israel",IS,http://www.gazettextra.com/article/20140508/ARTICLES/140509703/1035&c=wXABK9N67IZ8G--Ql5WUZNsifMMIXDNSmYiO9SHAVqs&mkt=en-us
20140508,296580847,20140508,PALESTINIAN,PSE,ISRAEL,ISR,163,금수·보이콧·제재 부과,16,4,-8.0,6,1,6,4.94350282485876,"Gaza, Israel (general), Israel",IS,http://www.gazettextra.com/article/20140508/ARTICLES/140509703/1035&c=wXABK9N67IZ8G--Ql5WUZNsifMMIXDNSmYiO9SHAVqs&mkt=en-us
20140508,296580868,20140508,PALESTINIAN,PSE,ISRAEL,ISR,190,재래식 군사력 사용,19,4,-10.0,3,1,3,3.02879841112214,"Jordan Valley, Israel (general), Israel",IS,http://www.jpost.com/Opinion/Columnists/Into-the-fray-My-JNF-address-Part-I-The-peace-process-failure-foretold-351731
20140508,296580869,20140508,PALESTINIAN,PSE,ISRAEL,ISR,190,재래식 군사력 사용,19,4,-10.0,4,1,4,1.6,"Halhul, West Bank (general), West Bank",WE,"Ma'an News Agency website, Bethlehem/BBC Monitoring/(c) BBC"
20140508,296580870,20140508,PALESTINIAN,PSE,ISRAEL,ISR,190,재래식 군사력 사용,19,4,-10.0,1,1,1,3.02879841112214,"Jerusalem, Israel (general), Israel",IS,http://www.jpost.com/Opinion/Columnists/Into-the-fray-My-JNF-address-Part-I-The-peace-process-failure-foretold-351731
20140508,296580871,20140508,GAZA,PSE,ISRAEL,ISR,190,재래식 군사력 사용,19,4,-10.0,2,1,2,2.33918128654971,"Gaza, Israel (general), Israel",IS,http://www.abplive.in/World/2014/05/08/article308970.ece/Hamas-executes-two-Gazans-for-helping-Israel
20140508,296580872,20140508,PALESTINIAN,PSE,ISRAEL,ISR,190,재래식 군사력 사용,19,4,-10.0,6,1,6,1.24688279301746,Israel,IS,http://www.jpost.com/Defense/Two-Palestinian-brothers-convicted-in-murder-of-IDF-soldier-Tomer-Hazan-351728
20140508,296580922,20140508,PALESTINIAN,PSE,LEBANON,LBN,190,재래식 군사력 사용,19,4,-10.0,1,1,1,1.38888888888889,Lebanon,LE,http://www.dailystar.com.lb/News/Lebanon-News/2014/May-09/255839-gunmen-shoot-fatah-al-islam-official-in-ain-al-hilweh.ashx
20140508,296580923,20140508,PALESTINIAN,PSE,LEBANON,LBN,190,재래식 군사력 사용,19,4,-10.0,3,1,3,1.38888888888889,Lebanon,LE,http://www.dailystar.com.lb/News/Lebanon-News/2014/May-09/255839-gunmen-shoot-fatah-al-islam-official-in-ain-al-hilweh.ashx
20140508,296586403,20140508,SAUDI,SAU,SYRIAN,SYR,138,군사력 사용 위협,13,3,-7.0,2,1,2,2.99145299145299,"Riyadh, Ar Riya?, Saudi Arabia",SA,http://dissidentvoice.org/2014/05/gcc-military-command-or-a-more-open-society/
20140508,296586404,20140508,SAUDI,SAU,SYRIAN,SYR,138,군사력 사용 위협,13,3,-7.0,2,1,2,2.99145299145299,"White House, District of Columbia, United States",US,http://dissidentvoice.org/2014/05/gcc-military-command-or-a-more-open-society/
20140508,296586405,20140508,SAUDI ARABIA,SAU,SYRIAN,SYR,138,군사력 사용 위협,13,3,-7.0,6,1,6,2.99145299145299,"Riyadh, Ar Riya?, Saudi Arabia",SA,http://dissidentvoice.org/2014/05/gcc-military-command-or-a-more-open-society/
20140508,296588532,20140508,SYRIA,SYR,EGYPT,EGY,190,재래식 군사력 사용,19,4,-10.0,45,7,45,3.04638253454188,"Ghouta, Dimashq, Syria",SY,http://palestinianpundit.blogspot.com/2014/05/navigating-syria-impossible.html
20140508,296588533,20140508,SYRIA,SYR,EGYPT,EGY,190,재래식 군사력 사용,19,4,-10.0,2,1,2,2.73972602739726,"Nusra, Kafr ash Shaykh, Egypt",EG,http://atimes.com/atimes/Middle_East/MID-01-080514.html/RK=0
20140508,296588534,20140508,SYRIA,SYR,EGYPT,EGY,190,재래식 군사력 사용,19,4,-10.0,6,5,6,3.12248596735475,"Nusra, Kafr ash Shaykh, Egypt",EG,http://palestinianpundit.blogspot.com/2014/05/navigating-syria-impossible.html
20140508,296588535,20140508,SYRIA,SYR,EGYPT,EGY,190,재래식 군사력 사용,19,4,-10.0,1,1,1,3.20307495195388,Turkey,TU,http://www.counterpunch.org/2014/05/08/navigating-syria/
20140508,296588536,20140508,SYRIA,SYR,EGYPT,EGY,190,재래식 군사력 사용,19,4,-10.0,1,1,1,1.38190954773869,"Giza, Al Jizah, Egypt",EG,http://al-shorfa.com/en_GB/articles/meii/features/2014/05/08/feature-01
20140508,296588537,20140508,SYRIA,SYR,EGYPTIAN,EGY,190,재래식 군사력 사용,19,4,-10.0,4,1,4,1.38190954773869,Syria,SY,http://al-shorfa.com/en_GB/articles/meii/features/2014/05/08/feature-01
20140508,296588670,20140508,SYRIAN,SYR,TEHRAN,IRN,190,재래식 군사력 사용,19,4,-10.0,14,1,14,2.71428571428571,"Tehran, Tehran, Iran",IR,http://www.thenational.ae/thenationalconversation/comment/iran-and-israel-join-forces-to-support-the-syrian-regime-as-election-nears
20140508,296588671,20140508,SYRIA,SYR,IRAN,IRN,190,재래식 군사력 사용,19,4,-10.0,2,1,2,1.40845070422535,"Sharq, Hamadan, Iran",IR,Quotes package from BBC Monitoring/BBC Monitoring/(c) BBC
20140508,296588672,20140508,SYRIAN,SYR,IRAN,IRN,190,재래식 군사력 사용,19,4,-10.0,2,1,2,2.71428571428571,Israel,IS,http://www.thenational.ae/thenationalconversation/comment/iran-and-israel-join-forces-to-support-the-syrian-regime-as-election-nears
20140508,296588673,20140508,SYRIA,SYR,IRAN,IRN,190,재래식 군사력 사용,19,4,-10.0,6,1,6,1.40845070422535,Syria,SY,Quotes package from BBC Monitoring/BBC Monitoring/(c) BBC
20140508,296588682,20140508,SYRIAN,SYR,IRAQ,IRQ,190,재래식 군사력 사용,19,4,-10.0,8,1,8,1.95530726256983,"Aleppo, ?alab, Syria",SY,http://news.iafrica.com/worldnews/922038.html
20140508,296588683,20140508,SYRIA,SYR,IRAQ,IRQ,190,재래식 군사력 사용,19,4,-10.0,2,1,2,1.95530726256983,"Aleppo, ?alab, Syria",SY,http://news.iafrica.com/worldnews/922038.html
20140508,296588699,20140508,SYRIAN,SYR,ISRAELI,ISR,190,재래식 군사력 사용,19,4,-10.0,1,1,1,3.25865580448065,"Damascus, Dimashq, Syria",SY,http://defensamexico.activoforo.com/t23616-la-preocupacion-de-israel-articulo-en-ingles
20140508,296588700,20140508,SYRIAN,SYR,ISRAELI,ISR,190,재래식 군사력 사용,19,4,-10.0,1,1,1,3.25865580448065,"Jerusalem, Israel (general), Israel",IS,http://defensamexico.activoforo.com/t23616-la-preocupacion-de-israel-articulo-en-ingles
20140508,296588732,20140508,SYRIAN,SYR,JORDANIAN,JOR,190,재래식 군사력 사용,19,4,-10.0,8,3,8,0.721238938053097,Jordan,JO,http://www.albawaba.com/conflict-syria/jordan-syria-border-574668
20140508,296588733,20140508,SYRIAN,SYR,JORDANIAN,JOR,190,재래식 군사력 사용,19,4,-10.0,2,1,2,0.0,Syria,SY,http://www.albawaba.com/conflict-syria/jordan-syria-border-574668
20140508,296588734,20140508,SYRIAN,SYR,JORDAN,JOR,192,영토 점령,19,4,-9.5,2,1,2,3.36413287445758,Syria,SY,http://www.huffingtonpost.com/2014/05/07/nigerian-kidnapping-education_n_5282592.html
20140508,296588735,20140508,SYRIAN,SYR,JORDAN,JOR,192,영토 점령,19,4,-9.5,2,1,2,3.36413287445758,Syria,SY,http://www.huffingtonpost.com/2014/05/07/nigerian-kidnapping-education_n_5282592.html
20140508,296588739,20140508,SYRIA,SYR,JORDAN,JOR,190,재래식 군사력 사용,19,4,-10.0,10,1,10,0.0,Jordan,JO,http://al-shorfa.com/en_GB/articles/meii/newsbriefs/2014/05/08/newsbrief-02
20140508,296588753,20140508,SYRIA,SYR,LEBANON,LBN,192,영토 점령,19,4,-9.5,2,1,2,3.2033426183844,"Beirut, Beyrouth, Lebanon",LE,http://tpr.org/post/beirut-part-4-rich-painful-complicated-history
20140508,296588754,20140508,SYRIA,SYR,LEBANON,LBN,192,영토 점령,19,4,-9.5,8,1,8,3.2033426183844,"New York, United States",US,http://tpr.org/post/beirut-part-4-rich-painful-complicated-history
20140508,296588994,20140508,SYRIA,SYR,TURKEY,TUR,154,군 병력 동원·증강,15,4,-7.2,10,1,10,3.88821385176185,Turkey,TU,http://www.washingtontimes.com/news/2014/may/8/starr-strengthening-poland-during-the-ukrainian-cr/
20140508,296589205,20140508,SYRIA,SYR,ISRAEL,ISR,190,재래식 군사력 사용,19,4,-10.0,2,1,2,3.25865580448065,"Jerusalem, Israel (general), Israel",IS,http://defensamexico.activoforo.com/t23616-la-preocupacion-de-israel-articulo-en-ingles
20140508,296589206,20140508,SYRIAN,SYR,ISRAELI,ISR,190,재래식 군사력 사용,19,4,-10.0,5,1,5,3.25865580448065,"Jerusalem, Israel (general), Israel",IS,http://defensamexico.activoforo.com/t23616-la-preocupacion-de-israel-articulo-en-ingles
20140508,296589207,20140508,SYRIA,SYR,ISRAELI,ISR,190,재래식 군사력 사용,19,4,-10.0,1,1,1,3.25865580448065,"Damascus, Dimashq, Syria",SY,http://defensamexico.activoforo.com/t23616-la-preocupacion-de-israel-articulo-en-ingles
20140508,296590802,20140508,TURKEY,TUR,ISRAEL,ISR,190,재래식 군사력 사용,19,4,-10.0,1,1,1,0.970873786407767,"Gaza, Israel (general), Israel",IS,http://www.turkishpress.com/news/405049/
20140508,296590803,20140508,TURKEY,TUR,ISRAEL,ISR,190,재래식 군사력 사용,19,4,-10.0,1,1,1,0.970873786407767,"Gaza, Israel (general), Israel",IS,http://www.turkishpress.com/news/405049/
20140508,296590886,20140508,ANKARA,TUR,GAZA,PSE,190,재래식 군사력 사용,19,4,-10.0,1,1,1,0.970873786407767,"Gaza, Israel (general), Israel",IS,http://www.turkishpress.com/news/405049/
20140508,296590948,20140508,TURKISH,TUR,SYRIA,SYR,190,재래식 군사력 사용,19,4,-10.0,2,1,2,2.70108043217287,"Ankara, Ankara, Turkey",TU,http://reporter.am/index.cfm?furl=/go/article/2014-05-08-turkey-still-haunted-by-genocide-a-hundred-years-later&view=displaypageArticlePrint&c=5HmGigDW-PApcmiuKA2bmXgspPtKuHijIIwXt6AHEXQ&mkt=en-us
20140508,296590949,20140508,TURKISH,TUR,SYRIA,SYR,190,재래식 군사력 사용,19,4,-10.0,8,1,8,2.70108043217287,"Aleppo, ?alab, Syria",SY,http://reporter.am/index.cfm?furl=/go/article/2014-05-08-turkey-still-haunted-by-genocide-a-hundred-years-later&view=displaypageArticlePrint&c=5HmGigDW-PApcmiuKA2bmXgspPtKuHijIIwXt6AHEXQ&mkt=en-us
20140509,296626750,20140502,PALESTINIAN,PSE,ISRAEL,ISR,193,소형무기·경무기를 이용한 전투,19,4,-10.0,4,1,4,2.94117647058824,"Hebron, Israel (general), Israel",IS,http://sabbah.biz/mt/archives/2014/05/09/israeli-soldier-palestinians-hebron-protect-jews/
20140509,296626752,20140502,PALESTINIAN,PSE,ISRAELI,ISR,193,소형무기·경무기를 이용한 전투,19,4,-10.0,2,1,2,2.94117647058824,"Hebron, Israel (general), Israel",IS,http://sabbah.biz/mt/archives/2014/05/09/israeli-soldier-palestinians-hebron-protect-jews/
20140509,296645768,20140509,BAHRAIN,BHR,SAUDI,SAU,192,영토 점령,19,4,-9.5,4,1,4,6.30630630630631,Bahrain,BA,http://www.khaleejtimes.com/biz/inside.asp?xfile=/data/uaebusiness/2014/May/uaebusiness_May188.xml&section=uaebusiness&c=Fbx5qUYTs-OccVcM1UmWkrv9gFOqmh9XGjxwtp6MAmY&mkt=en-us
20140509,296645769,20140509,BAHRAIN,BHR,SAUDI ARABIA,SAU,192,영토 점령,19,4,-9.5,1,1,1,6.30630630630631,Bahrain,BA,http://www.khaleejtimes.com/biz/inside.asp?xfile=/data/uaebusiness/2014/May/uaebusiness_May188.xml&section=uaebusiness&c=Fbx5qUYTs-OccVcM1UmWkrv9gFOqmh9XGjxwtp6MAmY&mkt=en-us
20140509,296668756,20140509,EGYPTIAN,EGY,ISRAELI,ISR,154,군 병력 동원·증강,15,4,-7.2,16,1,16,1.4819205690575,"Jerusalem, Israel (general), Israel",IS,http://weekly.ahram.org.eg/News/6169/21/Understanding-Egypt%E2%80%99s-military.aspx
20140509,296668757,20140509,EGYPTIAN,EGY,ISRAELI,ISR,154,군 병력 동원·증강,15,4,-7.2,4,1,4,1.4819205690575,Egypt,EG,http://weekly.ahram.org.eg/News/6169/21/Understanding-Egypt%E2%80%99s-military.aspx
20140509,296668899,20140509,NASSER,EGY,YEMEN,YEM,190,재래식 군사력 사용,19,4,-10.0,20,6,18,1.4733638191334,"Shabwa, La?ij, Yemen",YM,http://www.nation.com.pk/international/10-May-2014/yemen-defence-minister-escapes-qaeda-ambush
20140509,296668900,20140509,CAIRO,EGY,YEMEN,YEM,193,소형무기·경무기를 이용한 전투,19,4,-10.0,20,2,20,2.23155929038282,"Hadramawt, ?a?ramawt, Yemen",YM,http://www.bellinghamherald.com/2014/05/09/3633688/8-reported-dead-in-gun-battle.html
20140509,296689587,20140509,IRAN,IRN,ISRAELI,ISR,154,군 병력 동원·증강,15,4,-7.2,1,1,1,2.49728555917481,"Tehran, Tehran, Iran",IR,http://www.counterpunch.org/2014/05/09/bill-clinton-and-the-bogus-iran-threat/
20140509,296689588,20140509,IRAN,IRN,ISRAELI,ISR,154,군 병력 동원·증강,15,4,-7.2,1,1,1,2.49728555917481,"Tehran, Tehran, Iran",IR,http://www.counterpunch.org/2014/05/09/bill-clinton-and-the-bogus-iran-threat/
20140509,296689717,20140509,TEHRAN,IRN,SYRIAN,SYR,190,재래식 군사력 사용,19,4,-10.0,1,1,1,1.75746924428823,"Damascus, Dimashq, Syria",SY,http://www.wnd.com/2014/05/iranian-general-accidentally-reveals-troops-in-syria/
20140509,296689718,20140509,TEHRAN,IRN,SYRIAN,SYR,190,재래식 군사력 사용,19,4,-10.0,1,1,1,1.75746924428823,United States,US,http://www.wnd.com/2014/05/iranian-general-accidentally-reveals-troops-in-syria/
20140509,296689722,20140509,TEHRAN,IRN,BASHAR AL ASSAD,SYR,190,재래식 군사력 사용,19,4,-10.0,1,1,1,2.15946843853821,"Tehran, Tehran, Iran",IR,http://www.businessinsider.com/iran-syria-2014-5
20140509,296689723,20140509,TEHRAN,IRN,SYRIA,SYR,190,재래식 군사력 사용,19,4,-10.0,1,1,1,2.15946843853821,"Damascus, Dimashq, Syria",SY,http://www.businessinsider.com/iran-syria-2014-5
20140509,296690623,20140509,ISRAEL,ISR,IRAN,IRN,138,군사력 사용 위협,13,3,-7.0,10,1,10,2.68199233716475,Iran,IR,http://www.presstv.ir/detail/2014/05/09/361903/netanyahu-fearmongering-over-iran/
20140509,296690754,20140509,ISRAELI,ISR,JORDANIAN,JOR,154,군 병력 동원·증강,15,4,-7.2,1,1,1,1.70623145400593,"Jerusalem, Israel (general), Israel",IS,http://www.timesofisrael.com/the-kastel-where-the-siege-of-jerusalem-was-finally-broken/
20140509,296690755,20140509,ISRAELI,ISR,JORDANIAN,JOR,154,군 병력 동원·증강,15,4,-7.2,1,1,1,1.70623145400593,"Jerusalem, Israel (general), Israel",IS,http://www.timesofisrael.com/the-kastel-where-the-siege-of-jerusalem-was-finally-broken/
20140509,296690925,20140509,HAIFA,ISR,PALESTINIAN,PSE,190,재래식 군사력 사용,19,4,-10.0,2,1,2,1.74904942965779,"Nesher, H_efa, Israel",IS,http://www.heritagefl.com/story/2014/05/09/news/weekly-roundup-of-world-briefs-from-jta/2681.html
20140509,296690926,20140509,ISRAELI,ISR,WEST BANK,PSE,190,재래식 군사력 사용,19,4,-10.0,3,1,3,2.09508460918614,"Hebron, Israel (general), Israel",IS,http://www.imemc.org/article/67759
20140509,296690927,20140509,ISRAELI,ISR,WEST BANK,PSE,190,재래식 군사력 사용,19,4,-10.0,9,1,9,2.09508460918614,"Hebron, Israel (general), Israel",IS,http://www.imemc.org/article/67759
20140509,296690928,20140509,JERUSALEM,ISR,PALESTINIAN,PSE,190,재래식 군사력 사용,19,4,-10.0,10,1,10,2.09508460918614,"Jerusalem, Israel (general), Israel",IS,http://www.imemc.org/article/67759
20140509,296690929,20140509,ISRAELI,ISR,WEST BANK,PSE,190,재래식 군사력 사용,19,4,-10.0,2,1,2,0.0,"Jenin, West Bank (general), West Bank",WE,http://www.brecorder.com/world/middle-east/171443.html
20140509,296690930,20140509,ISRAEL,ISR,WEST BANK,PSE,190,재래식 군사력 사용,19,4,-10.0,8,1,8,0.0,"Islamabad, Islamabad, Pakistan",PK,http://www.brecorder.com/world/middle-east/171443.html
20140509,296690931,20140509,ISRAELI,ISR,WEST BANK,PSE,190,재래식 군사력 사용,19,4,-10.0,6,1,6,0.0,"Jenin, West Bank (general), West Bank",WE,http://www.brecorder.com/world/middle-east/171443.html
20140509,296690932,20140509,ISRAEL,ISR,WEST BANK,PSE,190,재래식 군사력 사용,19,4,-10.0,2,1,2,0.0,Israel,IS,http://www.brecorder.com/world/middle-east/171443.html
20140509,296690933,20140509,ISRAEL,ISR,PALESTINE,PSE,190,재래식 군사력 사용,19,4,-10.0,4,3,4,3.0714842014114,"Tunis, (TS26), Tunisia",TS,http://www.modernghana.com/news/312662/1/tunisia-ministers-escape-censure-over-israeli-tour.html
20140509,296690934,20140509,ISRAELI,ISR,PALESTINIAN,PSE,190,재래식 군사력 사용,19,4,-10.0,2,1,2,0.0,"Jenin, West Bank (general), West Bank",WE,http://www.brecorder.com/world/middle-east/171443.html
20140509,296690935,20140509,ISRAELI,ISR,PALESTINIAN,PSE,190,재래식 군사력 사용,19,4,-10.0,15,1,12,0.0,Israel,IS,"Ma'an News Agency website, Bethlehem/BBC Monitoring/(c) BBC"
20140509,296690936,20140509,ISRAEL,ISR,GAZA,PSE,192,영토 점령,19,4,-9.5,14,1,10,0.943396226415094,"Bureij, Yerushalayim, Israel",IS,http://www.maannews.net/eng/ViewDetails.aspx?ID=696191
20140509,296690937,20140509,ISRAELI,ISR,PALESTINIAN,PSE,193,소형무기·경무기를 이용한 전투,19,4,-10.0,3,1,3,2.94117647058824,"Jerusalem, Israel (general), Israel",IS,http://sabbah.biz/mt/archives/2014/05/09/israeli-soldier-palestinians-hebron-protect-jews/
20140509,296690938,20140509,ISRAELI,ISR,PALESTINIAN,PSE,193,소형무기·경무기를 이용한 전투,19,4,-10.0,1,1,1,2.94117647058824,"Gaza, Israel (general), Israel",IS,http://sabbah.biz/mt/archives/2014/05/09/israeli-soldier-palestinians-hebron-protect-jews/
20140509,296690939,20140509,ISRAEL,ISR,GAZA,PSE,194,포병·전차를 이용한 전투,19,4,-10.0,3,1,3,3.21782178217822,"Gaza, Israel (general), Israel",IS,http://vestnikkavkaza.net/articles/politics/54986.html
20140509,296690940,20140509,ISRAELI,ISR,WEST BANK,PSE,195,공중무기 사용,19,4,-10.0,2,1,2,2.09508460918614,"Hebron, Israel (general), Israel",IS,http://www.imemc.org/article/67759
20140509,296691005,20140509,ISRAEL,ISR,HOMS,SYR,192,영토 점령,19,4,-9.5,18,2,18,2.94829122787872,"Hamidiyah, ?alab, Syria",SY,http://www.timesofisrael.com/syrian-troops-enter-old-homs-as-deal-stalls/
20140509,296691038,20140509,ISRAEL,ISR,TURKEY,TUR,194,포병·전차를 이용한 전투,19,4,-10.0,1,1,1,3.21782178217822,"Gaza, Israel (general), Israel",IS,http://vestnikkavkaza.net/articles/politics/54986.html
20140509,296691039,20140509,ISRAEL,ISR,TURKEY,TUR,194,포병·전차를 이용한 전투,19,4,-10.0,1,1,1,3.21782178217822,"Gaza, Israel (general), Israel",IS,http://vestnikkavkaza.net/articles/politics/54986.html
20140509,296691285,20140509,ISRAEL,ISR,SYRIA,SYR,138,군사력 사용 위협,13,3,-7.0,1,1,1,2.15946843853821,"Tehran, Tehran, Iran",IR,http://www.businessinsider.com/iran-syria-2014-5
20140509,296691286,20140509,ISRAEL,ISR,SYRIA,SYR,138,군사력 사용 위협,13,3,-7.0,4,1,4,2.15946843853821,"Damascus, Dimashq, Syria",SY,http://www.businessinsider.com/iran-syria-2014-5
20140509,296691362,20140509,ISRAELI,ISR,JORDANIAN,JOR,154,군 병력 동원·증강,15,4,-7.2,6,1,6,1.70623145400593,"Jerusalem, Israel (general), Israel",IS,http://www.timesofisrael.com/the-kastel-where-the-siege-of-jerusalem-was-finally-broken/
20140509,296691390,20140509,ISRAEL,ISR,LEBANON,LBN,192,영토 점령,19,4,-9.5,20,4,20,2.5413439844905,"Beirut, Beyrouth, Lebanon",LE,http://www.omantribune.com/index.php?page=news&id=167303&heading=Middle%20East
20140509,296691391,20140509,ISRAEL,ISR,LEBANON,LBN,192,영토 점령,19,4,-9.5,12,3,12,2.45417346469864,"Beirut International Airport, Mont-Liban, Lebanon",LE,http://www.yourmiddleeast.com/news/lebanon-restricts-palestinians-fleeing-syria_23453
20140509,296691392,20140509,ISRAEL,ISR,LEBANON,LBN,192,영토 점령,19,4,-9.5,4,1,4,3.08441558441558,Lebanon,LE,http://www.naharnet.com/stories/en/129847-lebanon-all-but-bars-palestinians-fleeing-syria
20140509,296691396,20140509,ISRAELI,ISR,WEST BANK,PSE,195,공중무기 사용,19,4,-10.0,6,1,6,2.09508460918614,"Hebron, Israel (general), Israel",IS,http://www.imemc.org/article/67759
20140509,296691399,20140509,ISRAEL,ISR,WEST BANK,PSE,193,소형무기·경무기를 이용한 전투,19,4,-10.0,4,1,4,0.72463768115942,"Ramallah, West Bank (general), West Bank",WE,http://www.jpost.com/Breaking-News/Palestinian-gunmen-open-fire-on-West-Bank-community-no-injuries-351792
20140509,296692354,20140509,JORDANIAN,JOR,SYRIA,SYR,190,재래식 군사력 사용,19,4,-10.0,3,1,3,0.0,Syria,SY,http://www.kuna.net.kw/ArticleDetails.aspx?id=2376468&language=en
20140509,296692355,20140509,AMMAN,JOR,SYRIA,SYR,193,소형무기·경무기를 이용한 전투,19,4,-10.0,4,1,4,0.0,"Amman, (JO11), Jordan",JO,http://petra.gov.jo/Public_News/Nws_NewsDetails.aspx?Site_Id=1&lang=2&NewsID=150581&CatID=-1
20140509,296692457,20140509,HASSAN,JOR,DAMASCUS,SYR,192,영토 점령,19,4,-9.5,4,1,4,1.27531882970743,"Damascus, Dimashq, Syria",SY,http://www.counterpunch.org/2014/05/09/raqqa-is-being-slaughtered-silently/
20140509,296697983,20140509,LEBANON,LBN,ISRAEL,ISR,194,포병·전차를 이용한 전투,19,4,-10.0,2,1,2,3.47003154574132,Lebanon,LE,http://www.shalomlife.com/news/23327/op-ed-help-uja-finish-building-israel/
20140509,296697984,20140509,LEBANON,LBN,ISRAEL,ISR,194,포병·전차를 이용한 전투,19,4,-10.0,2,1,2,3.47003154574132,Lebanon,LE,http://www.shalomlife.com/news/23327/op-ed-help-uja-finish-building-israel/
20140509,296698026,20140509,LEBANON,LBN,GAZA,PSE,194,포병·전차를 이용한 전투,19,4,-10.0,6,1,6,3.47003154574132,Lebanon,LE,http://www.shalomlife.com/news/23327/op-ed-help-uja-finish-building-israel/
20140509,296698061,20140509,LEBANESE,LBN,SYRIAN,SYR,190,재래식 군사력 사용,19,4,-10.0,2,1,2,1.89393939393939,"Beirut, Beyrouth, Lebanon",LE,http://www.dailystar.com.lb/News/Lebanon-News/2014/May-09/255863-more-tripoli-militants-surrender-to-army.ashx
20140509,296698062,20140509,LEBANESE,LBN,SYRIAN,SYR,190,재래식 군사력 사용,19,4,-10.0,18,1,10,1.89393939393939,"Tripoli, Tarabulus, Libya",LY,http://www.dailystar.com.lb/News/Lebanon-News/2014/May-09/255863-more-tripoli-militants-surrender-to-army.ashx
20140509,296716942,20140509,PALESTINIAN,PSE,ISRAEL,ISR,163,금수·보이콧·제재 부과,16,4,-8.0,15,2,15,4.94443946441437,"Gaza, Israel (general), Israel",IS,http://canadafreepress.com/index.php/article/62970
20140509,296716943,20140509,PALESTINIAN,PSE,ISRAEL,ISR,163,금수·보이콧·제재 부과,16,4,-8.0,9,2,9,4.94443946441437,"Gaza, Israel (general), Israel",IS,http://canadafreepress.com/index.php/article/62970
20140509,296716958,20140509,PALESTINIAN,PSE,JERUSALEM,ISR,190,재래식 군사력 사용,19,4,-10.0,10,1,10,2.09508460918614,"Jerusalem, Israel (general), Israel",IS,http://www.imemc.org/article/67759
20140509,296716959,20140509,PALESTINIAN,PSE,ISRAELI,ISR,190,재래식 군사력 사용,19,4,-10.0,2,1,2,0.711743772241993,Israel,IS,http://www.imemc.org/article/67752
20140509,296716960,20140509,GAZA,PSE,ISRAELI,ISR,194,포병·전차를 이용한 전투,19,4,-10.0,1,1,1,3.21782178217822,"Gaza, Israel (general), Israel",IS,http://vestnikkavkaza.net/articles/politics/54986.html
20140509,296717000,20140509,PALESTINE,PSE,LEBANON,LBN,192,영토 점령,19,4,-9.5,2,1,2,2.2075055187638,"Damascus, Dimashq, Syria",SY,http://www.yourmiddleeast.com/news/lebanon-restricts-palestinians-fleeing-syria_23453
20140509,296717001,20140509,PALESTINE,PSE,LEBANON,LBN,192,영토 점령,19,4,-9.5,8,3,8,2.5301282564752,"Damascus, Dimashq, Syria",SY,http://www.gulf-times.com/region/216/details/391498/beirut-keeps-out-fleeing-palestinians
20140509,296717002,20140509,PALESTINE,PSE,LEBANON,LBN,192,영토 점령,19,4,-9.5,10,4,10,2.5413439844905,"Beirut, Beyrouth, Lebanon",LE,http://www.omantribune.com/index.php?page=news&id=167303&heading=Middle%20East
20140509,296717003,20140509,PALESTINE,PSE,LEBANON,LBN,192,영토 점령,19,4,-9.5,4,2,4,2.57750743766606,"Damascus, Dimashq, Syria",SY,http://reliefweb.int/report/syrian-arab-republic/lebanon-all-bars-palestinians-fleeing-syria
20140509,296717004,20140509,PALESTINE,PSE,LEBANON,LBN,192,영토 점령,19,4,-9.5,6,3,6,2.45417346469864,"Beirut International Airport, Mont-Liban, Lebanon",LE,http://www.yourmiddleeast.com/news/lebanon-restricts-palestinians-fleeing-syria_23453
20140509,296717005,20140509,PALESTINE,PSE,LEBANON,LBN,192,영토 점령,19,4,-9.5,2,1,2,2.58620689655172,Israel,IS,http://www.omantribune.com/index.php?page=news&id=167303&heading=Middle%20East
20140509,296717006,20140509,PALESTINE,PSE,LEBANON,LBN,192,영토 점령,19,4,-9.5,2,1,2,3.08441558441558,"Damascus, Dimashq, Syria",SY,http://www.naharnet.com/stories/en/129847-lebanon-all-but-bars-palestinians-fleeing-syria
20140509,296717007,20140509,PALESTINE,PSE,LEBANON,LBN,192,영토 점령,19,4,-9.5,2,1,2,3.08441558441558,Lebanon,LE,http://www.naharnet.com/stories/en/129847-lebanon-all-but-bars-palestinians-fleeing-syria
20140509,296717116,20140509,PALESTINIAN,PSE,ISRAELI,ISR,190,재래식 군사력 사용,19,4,-10.0,1,1,1,4.08357075023742,"Jerusalem, Israel (general), Israel",IS,http://www.dailystar.com.lb/Opinion/Columnist/2014/May-10/255926-for-palestinians-the-icc-path-beckons.ashx
20140509,296717211,20140509,PALESTINE,PSE,LEBANON,LBN,192,영토 점령,19,4,-9.5,10,4,10,2.5413439844905,"Beirut, Beyrouth, Lebanon",LE,http://www.omantribune.com/index.php?page=news&id=167303&heading=Middle%20East
20140509,296717212,20140509,PALESTINE,PSE,LEBANON,LBN,192,영토 점령,19,4,-9.5,6,3,6,2.45417346469864,"Beirut International Airport, Mont-Liban, Lebanon",LE,http://www.yourmiddleeast.com/news/lebanon-restricts-palestinians-fleeing-syria_23453
20140509,296717213,20140509,PALESTINE,PSE,LEBANON,LBN,192,영토 점령,19,4,-9.5,2,1,2,3.08441558441558,Lebanon,LE,http://www.naharnet.com/stories/en/129847-lebanon-all-but-bars-palestinians-fleeing-syria
20140509,296717608,20140509,QATAR,QAT,IRAQI,IRQ,190,재래식 군사력 사용,19,4,-10.0,7,1,7,0.696864111498258,"Anbar, Al Anbar, Iraq",IZ,http://thepeninsulaqatar.com/news/middle-east/283114/11-killed-as-iraqi-forces-launch-assault-near-fallujah
20140509,296717609,20140509,QATAR,QAT,IRAQ,IRQ,190,재래식 군사력 사용,19,4,-10.0,1,1,1,0.696864111498258,"Anbar, Al Anbar, Iraq",IZ,http://thepeninsulaqatar.com/news/middle-east/283114/11-killed-as-iraqi-forces-launch-assault-near-fallujah
20140509,296722029,20140509,SAUDI ARABIA,SAU,BAHRAIN,BHR,192,영토 점령,19,4,-9.5,2,1,2,6.30630630630631,Bahrain,BA,http://www.khaleejtimes.com/biz/inside.asp?xfile=/data/uaebusiness/2014/May/uaebusiness_May188.xml&section=uaebusiness&c=Fbx5qUYTs-OccVcM1UmWkrv9gFOqmh9XGjxwtp6MAmY&mkt=en-us
20140509,296722313,20140509,SAUDI,SAU,SYRIAN,SYR,138,군사력 사용 위협,13,3,-7.0,2,1,2,2.90697674418605,"Riyadh, Ar Riya?, Saudi Arabia",SA,http://www.payvand.com/news/14/may/1059.html
20140509,296722314,20140509,SAUDI,SAU,SYRIAN,SYR,138,군사력 사용 위협,13,3,-7.0,2,1,2,2.90697674418605,"White House, District of Columbia, United States",US,http://www.payvand.com/news/14/may/1059.html
20140509,296722317,20140509,SAUDI,SAU,SYRIA,SYR,190,재래식 군사력 사용,19,4,-10.0,2,1,2,0.995024875621891,Saudi Arabia,SA,http://www.timesofisrael.com/the-fall-of-homs/
20140509,296722318,20140509,SAUDI ARABIA,SAU,SYRIA,SYR,190,재래식 군사력 사용,19,4,-10.0,8,1,8,0.995024875621891,"Al-Hayat, As Suwayda', Syria",SY,http://www.timesofisrael.com/the-fall-of-homs/
20140509,296722319,20140509,SAUDI ARABIA,SAU,HOMS,SYR,192,영토 점령,19,4,-9.5,20,1,20,1.94690265486726,"Hamidiyeh, ?alab, Syria",SY,http://www.arabnews.com/news/568486
20140509,296722320,20140509,SAUDI ARABIA,SAU,SYRIAN,SYR,138,군사력 사용 위협,13,3,-7.0,6,1,6,2.90697674418605,"Riyadh, Ar Riya?, Saudi Arabia",SA,http://www.payvand.com/news/14/may/1059.html
20140509,296724415,20140509,SYRIA,SYR,IRAQ,IRQ,192,영토 점령,19,4,-9.5,8,1,8,2.30642504118616,Syria,SY,http://www.globalpost.com/dispatches/globalpost-blogs/commentary/obama-must-be-pro-active-syrian-civil-war-it-merges-iraq-s-su&c=O2ZQsrrqkcbdg16qtWIRIb-zvEbh2zU-OcxmDtPzGmI&mkt=en-us
20140509,296724416,20140509,SYRIA,SYR,IRAQ,IRQ,192,영토 점령,19,4,-9.5,2,1,2,2.30642504118616,Syria,SY,http://www.globalpost.com/dispatches/globalpost-blogs/commentary/obama-must-be-pro-active-syrian-civil-war-it-merges-iraq-s-su&c=O2ZQsrrqkcbdg16qtWIRIb-zvEbh2zU-OcxmDtPzGmI&mkt=en-us
20140509,296724443,20140509,SYRIA,SYR,JORDANIAN,JOR,190,재래식 군사력 사용,19,4,-10.0,2,1,2,0.0,Syria,SY,http://www.kuna.net.kw/ArticleDetails.aspx?id=2376468&language=en
20140509,296724456,20140509,SYRIAN,SYR,LEBANESE,LBN,190,재래식 군사력 사용,19,4,-10.0,2,1,2,1.89393939393939,"Beirut, Beyrouth, Lebanon",LE,http://www.dailystar.com.lb/News/Lebanon-News/2014/May-09/255863-more-tripoli-militants-surrender-to-army.ashx
20140509,296724457,20140509,SYRIAN,SYR,LEBANESE,LBN,190,재래식 군사력 사용,19,4,-10.0,18,1,10,1.89393939393939,"Tripoli, Tarabulus, Libya",LY,http://www.dailystar.com.lb/News/Lebanon-News/2014/May-09/255863-more-tripoli-militants-surrender-to-army.ashx
20140509,296724672,20140509,SYRIAN,SYR,TURKISH,TUR,190,재래식 군사력 사용,19,4,-10.0,8,1,8,3.69515011547344,"Aleppo, ?alab, Syria",SY,http://www.dailysabah.com/nation/2014/05/10/syrian-jets-traget-aid-truck
20140509,296724673,20140509,ALEPPO,SYR,TURKISH,TUR,190,재래식 군사력 사용,19,4,-10.0,10,1,10,5.92592592592593,Turkey,TU,http://www.dailysabah.com/mideast/2014/05/09/turkish-aid-trucks-hit-in-syria
20140509,296724674,20140509,SYRIAN,SYR,TURKEY,TUR,192,영토 점령,19,4,-9.5,2,1,2,0.784313725490196,"Ankara, Ankara, Turkey",TU,http://www.dailysabah.com/nation/2014/05/08/turkey-request-ip-from-youtube-over-wiretapping
20140509,296724675,20140509,SYRIAN,SYR,TURKISH,TUR,192,영토 점령,19,4,-9.5,5,1,5,0.784313725490196,Syria,SY,http://www.dailysabah.com/nation/2014/05/08/turkey-request-ip-from-youtube-over-wiretapping
20140509,296724749,20140509,SYRIAN,SYR,YEMEN,YEM,190,재래식 군사력 사용,19,4,-10.0,1,1,1,1.79028132992327,"Mleiha, Dimashq, Syria",SY,http://english.farsnews.com/newstext.aspx?nn=13930219000404
20140509,296726005,20140509,TURKISH,TUR,ASSUR,IRQ,190,재래식 군사력 사용,19,4,-10.0,10,1,10,3.14009661835749,Turkey,TU,http://www.hurriyetdailynews.com/turkish-man-assures-not-to-kill-new-wife-after-murdering-two-former-lovers.aspx?pageID=238&nid=66222&NewsCatID=341
20140509,296726027,20140509,TURKEY,TUR,ISRAEL,ISR,193,소형무기·경무기를 이용한 전투,19,4,-10.0,4,1,4,0.961538461538462,"Gaza, Israel (general), Israel",IS,"Hurriyet website, Istanbul/BBC Monitoring/(c) BBC"
20140509,296726028,20140509,TURKEY,TUR,ISRAEL,ISR,193,소형무기·경무기를 이용한 전투,19,4,-10.0,1,1,1,0.961538461538462,"Gaza, Israel (general), Israel",IS,"Hurriyet website, Istanbul/BBC Monitoring/(c) BBC"
20140509,296726141,20140509,TURKEY,TUR,GAZA,PSE,194,포병·전차를 이용한 전투,19,4,-10.0,2,1,2,3.21782178217822,"Gaza, Israel (general), Israel",IS,http://vestnikkavkaza.net/articles/politics/54986.html
20140509,296726142,20140509,TURKEY,TUR,GAZA,PSE,194,포병·전차를 이용한 전투,19,4,-10.0,1,1,1,3.21782178217822,"Gaza, Israel (general), Israel",IS,http://vestnikkavkaza.net/articles/politics/54986.html
20140509,296726171,20140509,TURKEY,TUR,SAUDI ARABIA,SAU,192,영토 점령,19,4,-9.5,1,1,1,6.30630630630631,Bahrain,BA,http://www.khaleejtimes.com/biz/inside.asp?xfile=/data/uaebusiness/2014/May/uaebusiness_May188.xml&section=uaebusiness&c=Fbx5qUYTs-OccVcM1UmWkrv9gFOqmh9XGjxwtp6MAmY&mkt=en-us
20140509,296726172,20140509,TURKEY,TUR,SAUDI,SAU,192,영토 점령,19,4,-9.5,4,1,4,6.30630630630631,Bahrain,BA,http://www.khaleejtimes.com/biz/inside.asp?xfile=/data/uaebusiness/2014/May/uaebusiness_May188.xml&section=uaebusiness&c=Fbx5qUYTs-OccVcM1UmWkrv9gFOqmh9XGjxwtp6MAmY&mkt=en-us
20140509,296726184,20140509,TURKEY,TUR,ALEPPO,SYR,192,영토 점령,19,4,-9.5,4,1,4,1.30890052356021,"Aleppo, ?alab, Syria",SY,http://www.bbc.co.uk/news/uk-england-london-27345624
20140509,296726185,20140509,TURKEY,TUR,ALEPPO,SYR,192,영토 점령,19,4,-9.5,27,9,27,1.2667404067777,"London, London, City of, United Kingdom",UK,http://www.witneygazette.co.uk/uk_national_news/11203445.Tests_on_body_of_Syria_death_doctor/?ref=nt
20140509,296726186,20140509,TURKEY,TUR,SYRIA,SYR,192,영토 점령,19,4,-9.5,2,1,2,1.30890052356021,"Mansfield, Nottinghamshire, United Kingdom",UK,http://www.bbc.co.uk/news/uk-england-london-27345624
20140509,296726187,20140509,TURKISH,TUR,ALEPPO,SYR,195,공중무기 사용,19,4,-10.0,10,1,10,2.9045643153527,"Damascus, Dimashq, Syria",SY,http://www.todayszaman.com/news-347330-syrian-warplanes-strike-turkish-aid-trucks-in-aleppo.html
20140509,296726188,20140509,ANKARA,TUR,SYRIA,SYR,192,영토 점령,19,4,-9.5,1,1,1,2.36768802228412,"Damascus, Dimashq, Syria",SY,http://www.al-monitor.com/pulse/originals/2014/05/ankara-options-depose-assad-syria-policy.html
20140509,296726189,20140509,ANKARA,TUR,BASHAR AL ASSAD,SYR,192,영토 점령,19,4,-9.5,1,1,1,2.36768802228412,"Ankara, Ankara, Turkey",TU,http://www.al-monitor.com/pulse/originals/2014/05/ankara-options-depose-assad-syria-policy.html
20140509,296726384,20140509,TURKISH,TUR,ISRAELI,ISR,190,재래식 군사력 사용,19,4,-10.0,6,1,6,2.42424242424242,Israel,IS,http://www.hurriyetdailynews.com/syrian-planes-strike-trucks-carrying-supplies-for-turkish-islamic-humanitarian-ngo.aspx?pageID=238&nID=66242&NewsCatID=352
20140509,296755056,20140509,YEMEN,YEM,SAUDI ARABIA,SAU,190,재래식 군사력 사용,19,4,-10.0,16,5,16,0.705433993860118,"Shabwa, La?ij, Yemen",YM,http://www.arabnews.com/news/568481
20140509,296755057,20140509,YEMEN,YEM,SAUDI ARABIA,SAU,190,재래식 군사력 사용,19,4,-10.0,6,1,6,0.393700787401575,"Shabwa, La?ij, Yemen",YM,http://news.yahoo.com/two-french-citizens-among-al-qaeda-members-held-143426108.html?.tsrc=telkomsel&c=uGk0sdNQt5RJGhSObhUMR6KwwwooJXScZgkOQs2F2LM&mkt=en-us
20140509,296755058,20140509,YEMEN,YEM,SAUDI ARABIA,SAU,190,재래식 군사력 사용,19,4,-10.0,4,1,4,1.0,"Shabwa, La?ij, Yemen",YM,http://www.omantribune.com/index.php?page=news&id=167349&heading=Top%20News
20140509,296755059,20140509,YEMEN,YEM,SAUDI ARABIA,SAU,190,재래식 군사력 사용,19,4,-10.0,2,1,2,0.56980056980057,Somalia,SO,http://www.trust.org/item/20140509152352-i8j28/?source=fiTheWire
20140509,296755201,20140509,YEMEN,YEM,EGYPT,EGY,193,소형무기·경무기를 이용한 전투,19,4,-10.0,4,2,4,2.23155929038282,"Cairo, Al Qahirah, Egypt",EG,http://www.bellinghamherald.com/2014/05/09/3633688/8-reported-dead-in-gun-battle.html
20140509,296755202,20140509,YEMEN,YEM,CAIRO,EGY,193,소형무기·경무기를 이용한 전투,19,4,-10.0,16,2,16,2.23155929038282,"Sanaa, Sana', Yemen",YM,http://www.bellinghamherald.com/2014/05/09/3633688/8-reported-dead-in-gun-battle.html
20140509,296755229,20140509,YEMENI,YEM,NASSER,EGY,190,재래식 군사력 사용,19,4,-10.0,3,1,3,0.0,"Shabwa, La?ij, Yemen",YM,http://www.kuna.net.kw/ArticleDetails.aspx?id=2376425&language=en
20140510,296786489,20140510,EGYPT,EGY,ISRAEL,ISR,190,재래식 군사력 사용,19,4,-10.0,2,1,2,1.5625,"Jerusalem, Israel (general), Israel",IS,http://durangoherald.com/article/20140510/NEWS03/140519958/-1/News&c=XR95VQiXONHNFWXD0v1b5AY-cxlgnwtepwfqzt00wPw&mkt=en-us
20140510,296786560,20140510,EGYPT,EGY,SYRIA,SYR,192,영토 점령,19,4,-9.5,2,1,2,2.65017667844523,"Cairo, Al Qahirah, Egypt",EG,http://www.newsworms.com/news_detail.php?ncatId=66&pcatid=37&news_id=7273&c=fLPEKtNyfa4MSS4Mib2YjDvfATmC6yOcafrpfLC_3bQ&mkt=en-us
20140510,296786582,20140510,NASSER,EGY,YEMEN,YEM,190,재래식 군사력 사용,19,4,-10.0,2,1,2,1.35470085470085,"Shabwa, La?ij, Yemen",YM,http://www.omantribune.com/index.php?page=news&id=167349&heading=Other%20Top%20Stories
20140510,296800868,20140510,IRANIAN,IRN,LEBANON,LBN,190,재래식 군사력 사용,19,4,-10.0,4,1,4,4.37375745526839,"Beirut, Beyrouth, Lebanon",LE,http://english.farsnews.com/newstext.aspx?nn=13930220000481&c=FFpkIdCms0nmhkLCsdeyete6fYd6zIzFlq51XSUOB9g&mkt=en-us
20140510,296801160,20140510,IRANIAN,IRN,BEIRUT,LBN,190,재래식 군사력 사용,19,4,-10.0,6,1,6,4.37375745526839,"Beirut, Beyrouth, Lebanon",LE,http://english.farsnews.com/newstext.aspx?nn=13930220000481&c=FFpkIdCms0nmhkLCsdeyete6fYd6zIzFlq51XSUOB9g&mkt=en-us
20140510,296801375,20140510,BAGHDAD,IRQ,AL JAZEERA,QAT,190,재래식 군사력 사용,19,4,-10.0,16,1,16,0.573065902578797,"Baghdad, Baghdad, Iraq",IZ,http://www.aljazeera.com/news/americas/2014/05/blackwater-guard-charged-over-baghdad-murder-201451043838931484.html/RK=0
20140510,296801654,20140510,ISRAEL,ISR,EGYPT,EGY,138,군사력 사용 위협,13,3,-7.0,5,3,5,1.0449075134633,"Jerusalem, Israel (general), Israel",IS,http://news.yahoo.com/egypt-try-200-alleged-jihadists-terrorism-172202133.html?.tsrc=tmobustoday&c=2k0j0E8eG6Nt8xHaSMLZggG5BHRqVh1eVO_nWOTpBjE&mkt=en-us
20140510,296801655,20140510,ISRAEL,ISR,EGYPT,EGY,190,재래식 군사력 사용,19,4,-10.0,5,3,5,1.0449075134633,"Jerusalem, Israel (general), Israel",IS,http://news.yahoo.com/egypt-try-200-alleged-jihadists-terrorism-172202133.html?.tsrc=tmobustoday&c=2k0j0E8eG6Nt8xHaSMLZggG5BHRqVh1eVO_nWOTpBjE&mkt=en-us
20140510,296801913,20140510,ISRAELI,ISR,WEST BANK,PSE,190,재래식 군사력 사용,19,4,-10.0,3,1,3,2.18855218855219,"Hebron, Israel (general), Israel",IS,http://www.indybay.org/newsitems/2014/05/09/18755609.php
20140510,296801914,20140510,ISRAELI,ISR,WEST BANK,PSE,190,재래식 군사력 사용,19,4,-10.0,9,1,9,2.18855218855219,"Hebron, Israel (general), Israel",IS,http://www.indybay.org/newsitems/2014/05/09/18755609.php
20140510,296801915,20140510,JERUSALEM,ISR,PALESTINIAN,PSE,190,재래식 군사력 사용,19,4,-10.0,10,1,10,2.18855218855219,"Jerusalem, Israel (general), Israel",IS,http://www.indybay.org/newsitems/2014/05/09/18755609.php
20140510,296801916,20140510,ISRAELI,ISR,PALESTINIAN,PSE,190,재래식 군사력 사용,19,4,-10.0,4,1,4,2.4390243902439,"Gaza, Israel (general), Israel",IS,http://www.aljazeera.com/news/middleeast/2014/03/palestinians-revive-earthen-architecture-20143271459749440.html
20140510,296801917,20140510,ISRAEL,ISR,PALESTINE LIBERATION ORGANIZATION,PSE,190,재래식 군사력 사용,19,4,-10.0,7,7,7,2.36176403595822,"Djerba, Madanin, Tunisia",TS,http://www.saudigazette.com.sa/index.cfm?method=home.regcon&contentid=20140511204711
20140510,296801918,20140510,ISRAEL,ISR,PALESTINE,PSE,190,재래식 군사력 사용,19,4,-10.0,2,2,2,2.57917023874471,"Tunis, (TS26), Tunisia",TS,http://www.middle-east-online.com/english/?id=65876
20140510,296801919,20140510,ISRAELI,ISR,PALESTINE,PSE,190,재래식 군사력 사용,19,4,-10.0,1,1,1,3.96825396825397,Tunisia,TS,http://gulfnews.com/news/region/tunisia/tunisia-ministers-escape-censure-over-israeli-visits-1.1330554
20140510,296801920,20140510,ISRAELI,ISR,PALESTINIAN,PSE,192,영토 점령,19,4,-9.5,4,1,4,0.970873786407767,"Bureij, Yerushalayim, Israel",IS,"Ma'an News Agency website, Bethlehem/BBC Monitoring/(c) BBC"
20140510,296801921,20140510,ISRAEL,ISR,PALESTINIAN,PSE,193,소형무기·경무기를 이용한 전투,19,4,-10.0,2,1,2,4.01633764465623,"Gaza, Israel (general), Israel",IS,http://thearabdailynews.com/2014/05/10/dealing-ongoing-nakba/
20140510,296801922,20140510,ISRAELI,ISR,WEST BANK,PSE,195,공중무기 사용,19,4,-10.0,2,1,2,2.18855218855219,"Hebron, Israel (general), Israel",IS,http://www.indybay.org/newsitems/2014/05/09/18755609.php
20140510,296801923,20140510,ISRAELI,ISR,GAZA,PSE,195,공중무기 사용,19,4,-10.0,4,1,4,0.826446280991736,"Gaza, Israel (general), Israel",IS,http://www.norwaypost.no/index.php/news/latest-news/29629&c=SIznp7GaU0dnq6x3mghpiD79bG7_HPL_lTHiHpYQ9Mo&mkt=en-us
20140510,296801974,20140510,ISRAELI,ISR,SYRIAN,SYR,190,재래식 군사력 사용,19,4,-10.0,6,1,6,2.09090909090909,Syria,SY,http://www.debka.com/article/23906/Chuck-Hagel-faces-flat-resistance-to-US-regional-policies-in-his-coming-Mid-East-trip
20140510,296802214,20140510,ISRAELI,ISR,PALESTINIAN,PSE,190,재래식 군사력 사용,19,4,-10.0,10,1,10,2.4390243902439,"Gaza, Israel (general), Israel",IS,http://www.aljazeera.com/news/middleeast/2014/03/palestinians-revive-earthen-architecture-20143271459749440.html
20140510,296802223,20140510,ISRAEL,ISR,LEBANON,LBN,192,영토 점령,19,4,-9.5,4,1,4,2.5062656641604,"Beirut International Airport, Mont-Liban, Lebanon",LE,http://www.globalpost.com/dispatch/news/afp/140509/lebanon-all-bars-palestinians-fleeing-syria
20140510,296802226,20140510,ISRAELI,ISR,WEST BANK,PSE,195,공중무기 사용,19,4,-10.0,6,1,6,2.18855218855219,"Hebron, Israel (general), Israel",IS,http://www.indybay.org/newsitems/2014/05/09/18755609.php
20140510,296819051,20140510,PALESTINIAN,PSE,ISRAEL,ISR,138,군사력 사용 위협,13,3,-7.0,1,1,1,1.22282608695652,"North Waziristan, Federally Administered Tribal Areas, Pakistan",PK,http://www.strategypage.com/qnd/yemen/articles/20140510.aspx
20140510,296819052,20140510,PALESTINIAN,PSE,ISRAEL,ISR,138,군사력 사용 위협,13,3,-7.0,1,1,1,1.22282608695652,Israel,IS,http://www.strategypage.com/qnd/yemen/articles/20140510.aspx
20140510,296819063,20140510,PALESTINIAN,PSE,JERUSALEM,ISR,190,재래식 군사력 사용,19,4,-10.0,10,1,10,2.18855218855219,"Jerusalem, Israel (general), Israel",IS,http://www.indybay.org/newsitems/2014/05/09/18755609.php
20140510,296819064,20140510,PALESTINIAN,PSE,ISRAELI,ISR,190,재래식 군사력 사용,19,4,-10.0,4,1,4,4.36781609195402,"Gaza, Israel (general), Israel",IS,http://www.middle-east-online.com/english/?id=65869
20140510,296819082,20140510,PALESTINE,PSE,LEBANON,LBN,192,영토 점령,19,4,-9.5,2,1,2,2.5062656641604,"Damascus, Dimashq, Syria",SY,http://www.globalpost.com/dispatch/news/afp/140509/lebanon-all-bars-palestinians-fleeing-syria
20140510,296819083,20140510,PALESTINE,PSE,LEBANON,LBN,192,영토 점령,19,4,-9.5,2,1,2,2.5062656641604,"Beirut International Airport, Mont-Liban, Lebanon",LE,http://www.globalpost.com/dispatch/news/afp/140509/lebanon-all-bars-palestinians-fleeing-syria
20140510,296819135,20140510,PALESTINIAN,PSE,ISRAELI,ISR,190,재래식 군사력 사용,19,4,-10.0,1,1,1,4.54545454545455,"Jerusalem, Israel (general), Israel",IS,http://www.zawya.com/story/For_Palestinians_the_ICC_path_beckons-DS10052014_dsart*255926/
20140510,296819192,20140510,PALESTINE,PSE,LEBANON,LBN,192,영토 점령,19,4,-9.5,2,1,2,2.5062656641604,"Beirut International Airport, Mont-Liban, Lebanon",LE,http://www.globalpost.com/dispatch/news/afp/140509/lebanon-all-bars-palestinians-fleeing-syria
20140510,296822148,20140510,SAUDI ARABIA,SAU,ISRAEL,ISR,138,군사력 사용 위협,13,3,-7.0,5,1,5,1.22282608695652,Israel,IS,http://www.strategypage.com/qnd/yemen/articles/20140510.aspx
20140510,296822149,20140510,SAUDI,SAU,ISRAEL,ISR,138,군사력 사용 위협,13,3,-7.0,1,1,1,1.22282608695652,"North Waziristan, Federally Administered Tribal Areas, Pakistan",PK,http://www.strategypage.com/qnd/yemen/articles/20140510.aspx
20140510,296822226,20140510,SAUDI,SAU,PALESTINIAN,PSE,138,군사력 사용 위협,13,3,-7.0,2,1,2,1.22282608695652,Israel,IS,http://www.strategypage.com/qnd/yemen/articles/20140510.aspx
20140510,296822266,20140510,SAUDI,SAU,SYRIAN,SYR,138,군사력 사용 위협,13,3,-7.0,2,1,2,3.00429184549356,"Riyadh, Ar Riya?, Saudi Arabia",SA,http://dissidentvoice.org/2014/05/gcc-military-command-or-a-more-open-society-2/
20140510,296822267,20140510,SAUDI,SAU,SYRIAN,SYR,138,군사력 사용 위협,13,3,-7.0,2,1,2,3.00429184549356,"White House, District of Columbia, United States",US,http://dissidentvoice.org/2014/05/gcc-military-command-or-a-more-open-society-2/
20140510,296822271,20140510,SAUDI ARABIA,SAU,SYRIAN,SYR,138,군사력 사용 위협,13,3,-7.0,6,1,6,3.00429184549356,"Riyadh, Ar Riya?, Saudi Arabia",SA,http://dissidentvoice.org/2014/05/gcc-military-command-or-a-more-open-society-2/
20140510,296823816,20140510,SYRIA,SYR,IRAQ,IRQ,192,영토 점령,19,4,-9.5,8,1,8,2.30642504118616,Syria,SY,http://www.globalpost.com/dispatches/globalpost-blogs/commentary/obama-must-be-pro-active-syrian-civil-war-it-merges-iraq-s-su
20140510,296823817,20140510,SYRIA,SYR,IRAQ,IRQ,192,영토 점령,19,4,-9.5,2,1,2,2.30642504118616,Syria,SY,http://www.globalpost.com/dispatches/globalpost-blogs/commentary/obama-must-be-pro-active-syrian-civil-war-it-merges-iraq-s-su
20140510,296824059,20140510,SYRIA,SYR,YEMEN,YEM,190,재래식 군사력 사용,19,4,-10.0,2,1,2,1.48342059336824,"Mleiha, Dimashq, Syria",SY,http://english.farsnews.com/newstext.aspx?nn=13930220000508
20140510,296842377,20140510,YEMENI,YEM,ISRAEL,ISR,138,군사력 사용 위협,13,3,-7.0,1,1,1,1.22282608695652,"North Waziristan, Federally Administered Tribal Areas, Pakistan",PK,http://www.strategypage.com/qnd/yemen/articles/20140510.aspx
20140510,296842378,20140510,YEMEN,YEM,ISRAEL,ISR,138,군사력 사용 위협,13,3,-7.0,5,1,5,1.22282608695652,Israel,IS,http://www.strategypage.com/qnd/yemen/articles/20140510.aspx
20140510,296842413,20140510,YEMENI,YEM,PALESTINIAN,PSE,138,군사력 사용 위협,13,3,-7.0,2,1,2,1.22282608695652,Israel,IS,http://www.strategypage.com/qnd/yemen/articles/20140510.aspx
20140510,296842420,20140510,YEMEN,YEM,SAUDI ARABIA,SAU,190,재래식 군사력 사용,19,4,-10.0,2,1,2,1.16279069767442,"Arabian Peninsula, Saudi Arabia (general), Saudi Arabia",SA,http://www.longwarjournal.org/archives/2014/05/pakistani_algerian_f.php?utm_source=feedburner&utm_medium=feed&utm_campaign=Feed%3A+LongWarJournalSiteWide+%28The+Long+War+Journal+%28Site-Wide%29%29
20140510,296842421,20140510,YEMEN,YEM,SAUDI ARABIA,SAU,190,재래식 군사력 사용,19,4,-10.0,10,2,10,1.13531118009262,"Shabwa, La?ij, Yemen",YM,http://news.kuwaittimes.net/yemens-defense-minister-escapes-assassination-bid/
20140510,296842422,20140510,YEMEN,YEM,SAUDI ARABIA,SAU,190,재래식 군사력 사용,19,4,-10.0,4,1,4,1.0,"Shabwa, La?ij, Yemen",YM,http://www.omantribune.com/index.php?page=news&id=167349&heading=Other%20Top%20Stories
20140511,296845498,20140504,YITZHAK AHARONOVITCH,ISR,WEST BANK,PSE,190,재래식 군사력 사용,19,4,-10.0,5,1,5,2.30263157894737,"Asira Al-Qibliya, West Bank (general), West Bank",WE,http://www.theguardian.com/world/2014/may/11/calls-classify-far-right-jewish-settlers-attacks-soldiers-amos-oz-neo-nazis
20140511,296845751,20140504,PALESTINIAN,PSE,LEBANON,LBN,190,재래식 군사력 사용,19,4,-10.0,4,1,2,1.96506550218341,Lebanon,LE,http://www.dailystar.com.lb/News/Lebanon-News/2014/May-12/256104-ain-al-hilweh-officials-plan-elite-security-force-as-killings-rattle-camp.ashx
20140511,296857908,20140511,BAHRAIN,BHR,TYRE,LBN,191,봉쇄·이동 제한,19,4,-9.5,2,2,2,0.0,"Hamad Town, Al Muhafazah ash Shamaliyah, Bahrain",BA,http://www.shanghaidaily.com/article/article_xinhua.aspx?id=217629
20140511,296871674,20140511,EGYPT,EGY,ISRAEL,ISR,190,재래식 군사력 사용,19,4,-10.0,1,1,1,2.11538461538462,Egypt,EG,http://www.timesofmalta.com/articles/view/20140511/local/press-digest.518468
20140511,296871675,20140511,EGYPT,EGY,ISRAEL,ISR,190,재래식 군사력 사용,19,4,-10.0,1,1,1,2.11538461538462,Israel,IS,http://www.timesofmalta.com/articles/view/20140511/local/press-digest.518468
20140511,296884584,20140511,IRAN,IRN,IRAQ,IRQ,192,영토 점령,19,4,-9.5,10,1,10,4.11646586345381,"Baghdad, Baghdad, Iraq",IZ,http://irannewsupdate.com/news/iranian-opposition/1139-washington-s-strategic-mistake-in-iraq-abandoning-iran-s-exiled-opposition.html
20140511,296884594,20140511,IRAN,IRN,ISRAEL,ISR,194,포병·전차를 이용한 전투,19,4,-10.0,1,1,1,1.80623973727422,Iran,IR,http://www.israelhayom.com/site/newsletter_opinion.php?id=8345
20140511,296884595,20140511,IRAN,IRN,ISRAEL,ISR,194,포병·전차를 이용한 전투,19,4,-10.0,1,1,1,1.80623973727422,Israel,IS,http://www.israelhayom.com/site/newsletter_opinion.php?id=8345
20140511,296885422,20140511,IRAQ,IRQ,AL JAZEERA,QAT,190,재래식 군사력 사용,19,4,-10.0,20,2,20,0.405797452316681,"Fallujah, Al Anbar, Iraq",IZ,"Aljazeera.net website, Doha/BBC Monitoring/(c) BBC"
20140511,296885429,20140511,MOSUL,IRQ,ABDULLAH,SAU,193,소형무기·경무기를 이용한 전투,19,4,-10.0,2,2,2,0.0,"Baghdad, Baghdad, Iraq",IZ,http://www.shanghaidaily.com/article/article_xinhua.aspx?id=217688
20140511,296885430,20140511,MOSUL,IRQ,ABDULLAH,SAU,193,소형무기·경무기를 이용한 전투,19,4,-10.0,6,2,6,0.0,"Kirkuk, At Ta'mim, Iraq",IZ,http://www.shanghaidaily.com/article/article_xinhua.aspx?id=217688
20140511,296885812,20140511,ISRAEL,ISR,EGYPT,EGY,138,군사력 사용 위협,13,3,-7.0,1,1,1,1.09489051094891,"Jerusalem, Israel (general), Israel",IS,http://news.yahoo.com/egypt-try-200-alleged-jihadists-terrorism-172202133.html?.tsrc=attmp&c=TFAACw30HtwQNYDwmkcQrq-h9hCj0K2VVNKsroOnMHk&mkt=en-us
20140511,296885814,20140511,JERUSALEM,ISR,EGYPT,EGY,190,재래식 군사력 사용,19,4,-10.0,14,14,14,2.26587683132989,"Jerusalem, Israel (general), Israel",IS,http://www.newsobserver.com/2014/05/11/3853384/suspected-militants-kill-soldier.html
20140511,296885815,20140511,JERUSALEM,ISR,EGYPT,EGY,190,재래식 군사력 사용,19,4,-10.0,13,13,13,2.35595270212843,Egypt,EG,http://www.newsobserver.com/2014/05/11/3853384/suspected-militants-kill-soldier.html
20140511,296885908,20140511,ISRAEL,ISR,IRAN,IRN,138,군사력 사용 위협,13,3,-7.0,6,1,6,1.80623973727422,Iran,IR,http://www.israelhayom.com/site/newsletter_opinion.php?id=8345
20140511,296885909,20140511,ISRAEL,ISR,IRAN,IRN,138,군사력 사용 위협,13,3,-7.0,2,1,2,1.80623973727422,Israel,IS,http://www.israelhayom.com/site/newsletter_opinion.php?id=8345
20140511,296885910,20140511,ISRAEL,ISR,IRAN,IRN,138,군사력 사용 위협,13,3,-7.0,2,1,2,1.80623973727422,Israel,IS,http://www.israelhayom.com/site/newsletter_opinion.php?id=8345
20140511,296885911,20140511,ISRAEL,ISR,IRAN,IRN,194,포병·전차를 이용한 전투,19,4,-10.0,1,1,1,1.80623973727422,Iran,IR,http://www.israelhayom.com/site/newsletter_opinion.php?id=8345
20140511,296885912,20140511,ISRAEL,ISR,IRAN,IRN,194,포병·전차를 이용한 전투,19,4,-10.0,2,1,2,1.80623973727422,Iran,IR,http://www.israelhayom.com/site/newsletter_opinion.php?id=8345
20140511,296885913,20140511,ISRAEL,ISR,IRANIAN,IRN,194,포병·전차를 이용한 전투,19,4,-10.0,5,1,5,1.80623973727422,Israel,IS,http://www.israelhayom.com/site/newsletter_opinion.php?id=8345
20140511,296885918,20140511,ISRAEL,ISR,IRAQI,IRQ,138,군사력 사용 위협,13,3,-7.0,2,1,2,1.80623973727422,Iran,IR,http://www.israelhayom.com/site/newsletter_opinion.php?id=8345
20140511,296886234,20140511,ISRAEL,ISR,PALESTINIAN,PSE,190,재래식 군사력 사용,19,4,-10.0,2,1,2,3.04709141274238,"Yael, HaDarom, Israel",IS,http://www.timesofisrael.com/ministers-okay-bill-halting-pardons-for-murder-convicts/
20140511,296886235,20140511,ISRAELI,ISR,PALESTINIAN,PSE,190,재래식 군사력 사용,19,4,-10.0,4,1,2,0.826446280991736,"Gaza, Israel (general), Israel",IS,http://english.pnn.ps/index.php/human-rights/7503-israeli-soldiers-open-fire-at-palestinian-farmers-in-khan-younis
20140511,296886236,20140511,ISRAEL,ISR,PALESTINIAN,PSE,190,재래식 군사력 사용,19,4,-10.0,10,1,10,2.23642172523962,Israel,IS,http://english.al-akhbar.com/content/israel-pushing-bill-block-amnesty-palestinian-prisoners-convicted-murder?utm_source=feedburner&utm_medium=feed&utm_campaign=Feed%3A+AlAkhbarEnglish+%28Al+Akhbar+English%29
20140511,296886237,20140511,ISRAELI,ISR,PALESTINIAN,PSE,193,소형무기·경무기를 이용한 전투,19,4,-10.0,1,1,1,0.826446280991736,"Gaza, Israel (general), Israel",IS,http://english.pnn.ps/index.php/human-rights/7503-israeli-soldiers-open-fire-at-palestinian-farmers-in-khan-younis
20140511,296886238,20140511,ISRAELI,ISR,PALESTINIAN,PSE,193,소형무기·경무기를 이용한 전투,19,4,-10.0,10,1,10,0.251256281407035,"Beit Lahiya, Gaza Strip (general), Gaza Strip",GZ,http://www.maannews.net/eng/ViewDetails.aspx?ID=696503
20140511,296886239,20140511,ISRAELI,ISR,PALESTINIAN,PSE,193,소형무기·경무기를 이용한 전투,19,4,-10.0,1,1,1,0.319488817891374,"Gaza, Israel (general), Israel",IS,http://www.albawaba.com/conflict-israel/israel-palestine-575321
20140511,296886240,20140511,ISRAEL,ISR,GAZA,PSE,193,소형무기·경무기를 이용한 전투,19,4,-10.0,6,1,4,0.319488817891374,"Gaza, Israel (general), Israel",IS,http://www.albawaba.com/conflict-israel/israel-palestine-575321
20140511,296886241,20140511,ISRAELI,ISR,PALESTINIAN,PSE,193,소형무기·경무기를 이용한 전투,19,4,-10.0,6,2,6,0.403981728408101,"Gaza, Israel (general), Israel",IS,http://www.albawaba.com/conflict-israel/israel-palestine-575321
20140511,296886242,20140511,ISRAELI,ISR,PALESTINIAN,PSE,190,재래식 군사력 사용,19,4,-10.0,2,1,2,0.826446280991736,"Gaza, Israel (general), Israel",IS,http://english.pnn.ps/index.php/human-rights/7503-israeli-soldiers-open-fire-at-palestinian-farmers-in-khan-younis
20140511,296886243,20140511,ISRAELI,ISR,PALESTINIAN,PSE,193,소형무기·경무기를 이용한 전투,19,4,-10.0,2,1,2,0.826446280991736,"Gaza, Israel (general), Israel",IS,http://english.pnn.ps/index.php/human-rights/7503-israeli-soldiers-open-fire-at-palestinian-farmers-in-khan-younis
20140511,296886299,20140511,ISRAELI,ISR,SYRIAN,SYR,190,재래식 군사력 사용,19,4,-10.0,8,2,8,0.136612021857924,"Golan Heights, Syria (general), Syria",SY,http://www.almanar.com.lb/english/adetails.php?eid=150940&cid=23&fromval=1&frid=23&seccatid=18&s1=1
20140511,296886300,20140511,JERUSALEM,ISR,SYRIAN,SYR,190,재래식 군사력 사용,19,4,-10.0,16,2,16,0.533865401207938,"Golan Heights, Syria (general), Syria",SY,http://www.nation.com.pk/international/12-May-2014/israel-closes-golan-zone-adjacent-to-syria
20140511,296886301,20140511,JERUSALEM,ISR,SYRIAN,SYR,190,재래식 군사력 사용,19,4,-10.0,8,1,8,0.518134715025907,"Golan Heights, Syria (general), Syria",SY,http://www.interaksyon.com/article/86552/israel-closes-golan-zone-adjacent-to-syria/RK=0
20140511,296886302,20140511,ISRAEL,ISR,SYRIA,SYR,190,재래식 군사력 사용,19,4,-10.0,2,1,2,0.862068965517241,United States,US,http://rt.com/news/158280-israel-closed-golan-syria/
20140511,296886303,20140511,ISRAEL,ISR,SYRIAN,SYR,191,봉쇄·이동 제한,19,4,-9.5,22,2,22,0.0369549150036955,"Golan Heights, Syria (general), Syria",SY,http://www.worldbulletin.net/world/136066/israel-seals-syrian-border-over-escalating-clashes
20140511,296886304,20140511,ISRAELI,ISR,SYRIA,SYR,195,공중무기 사용,19,4,-10.0,30,3,30,0.961452693267976,"Golan Heights, Syria (general), Syria",SY,http://www.nation.com.pk/international/12-May-2014/israel-closes-golan-zone-adjacent-to-syria
20140511,296886305,20140511,ISRAELI,ISR,SYRIA,SYR,195,공중무기 사용,19,4,-10.0,120,10,120,0.402302595832371,"Golan Heights, Syria (general), Syria",SY,http://www.almanar.com.lb/english/adetails.php?eid=150940&cid=23&fromval=1&frid=23&seccatid=18&s1=1
20140511,296886312,20140511,ISRAELI,ISR,TURKISH,TUR,190,재래식 군사력 사용,19,4,-10.0,1,1,1,2.80701754385965,"Washington, District of Columbia, United States",US,http://www.businessweek.com/news/2014-05-11/erdogan-courts-gulf-s-billions-after-wrong-way-bet-on-egypt
20140511,296886313,20140511,ISRAELI,ISR,TURKISH,TUR,190,재래식 군사력 사용,19,4,-10.0,1,1,1,2.61437908496732,"Ankara, Ankara, Turkey",TU,http://www.bloomberg.com/news/2014-05-11/erdogan-courts-gulf-s-billions-after-wrong-way-bet-on-egypt.html
20140511,296886314,20140511,ISRAELI,ISR,TURKISH,TUR,190,재래식 군사력 사용,19,4,-10.0,14,2,14,2.71069831441348,Israel,IS,http://www.bloomberg.com/news/2014-05-11/erdogan-courts-gulf-s-billions-after-wrong-way-bet-on-egypt.html
20140511,296886621,20140511,ISRAELI,ISR,PALESTINIAN,PSE,190,재래식 군사력 사용,19,4,-10.0,2,1,2,0.826446280991736,"Gaza, Israel (general), Israel",IS,http://english.pnn.ps/index.php/human-rights/7503-israeli-soldiers-open-fire-at-palestinian-farmers-in-khan-younis
20140511,296886626,20140511,ISRAEL,ISR,SYRIA,SYR,138,군사력 사용 위협,13,3,-7.0,7,1,7,0.68259385665529,"Quneitra, Al Qunaytirah, Syria",SY,http://www.haaretz.com/news/diplomacy-defense/1.590021
20140511,296886627,20140511,ISRAEL,ISR,SYRIA,SYR,190,재래식 군사력 사용,19,4,-10.0,8,4,8,0.545891636317169,"Golan Heights, Syria (general), Syria",SY,http://www.naharnet.com/stories/en/130063-israel-closes-golan-zone-adjacent-to-syria
20140511,296886628,20140511,ISRAEL,ISR,SYRIAN,SYR,190,재래식 군사력 사용,19,4,-10.0,8,1,8,0.531914893617021,"Golan Heights, Syria (general), Syria",SY,http://www.dailynewsegypt.com/2014/05/11/israel-closes-golan-zone-adjacent-syria/
20140511,296886629,20140511,ISRAEL,ISR,SYRIAN,SYR,190,재래식 군사력 사용,19,4,-10.0,60,8,60,0.762994080445497,"Golan Heights, Syria (general), Syria",SY,http://www.sbs.com.au/news/article/2014/05/11/israel-closes-golan-zone-adjacent-syria
20140511,296886630,20140511,ISRAELI,ISR,SYRIA,SYR,191,봉쇄·이동 제한,19,4,-9.5,6,1,6,0.40650406504065,"Golan Heights, Syria (general), Syria",SY,"The Jerusalem Post website, Jerusalem/BBC Monitoring/(c) BBC"
20140511,296886656,20140511,ISRAEL,ISR,LEBANON,LBN,192,영토 점령,19,4,-9.5,4,1,4,4.11723656664341,Lebanon,LE,http://www.naharnet.com/stories/en/129847
20140511,296886661,20140511,ISRAEL,ISR,GAZA,PSE,190,재래식 군사력 사용,19,4,-10.0,4,1,4,0.427350427350427,"Gaza, Israel (general), Israel",IS,http://www.timesofisrael.com/palestinian-shot-by-idf-near-gaza-border-fence/
20140511,296887242,20140511,JORDANIAN,JOR,SYRIAN,SYR,190,재래식 군사력 사용,19,4,-10.0,4,1,4,0.373134328358209,Syria,SY,"Jordan Times website, Amman/BBC Monitoring/(c) BBC"
20140511,296887243,20140511,JORDANIAN,JOR,SYRIA,SYR,190,재래식 군사력 사용,19,4,-10.0,4,1,4,0.373134328358209,Syria,SY,"Jordan Times website, Amman/BBC Monitoring/(c) BBC"
20140511,296887244,20140511,JORDANIAN,JOR,SYRIA,SYR,192,영토 점령,19,4,-9.5,4,1,4,0.373134328358209,Syria,SY,"Jordan Times website, Amman/BBC Monitoring/(c) BBC"
20140511,296887245,20140511,JORDANIAN,JOR,SYRIAN,SYR,190,재래식 군사력 사용,19,4,-10.0,6,1,6,0.373134328358209,Syria,SY,"Jordan Times website, Amman/BBC Monitoring/(c) BBC"
20140511,296887381,20140511,JORDANIAN,JOR,SYRIA,SYR,190,재래식 군사력 사용,19,4,-10.0,6,1,6,0.373134328358209,Syria,SY,"Jordan Times website, Amman/BBC Monitoring/(c) BBC"
20140511,296887382,20140511,JORDANIAN,JOR,SYRIA,SYR,192,영토 점령,19,4,-9.5,6,1,6,0.373134328358209,Syria,SY,"Jordan Times website, Amman/BBC Monitoring/(c) BBC"
20140511,296890319,20140511,BEIRUT,LBN,SYRIAN,SYR,192,영토 점령,19,4,-9.5,2,1,2,0.867678958785249,"Beqaa, Béa, Lebanon",LE,http://www.aawsat.net/2014/05/article55332164
20140511,296890320,20140511,BEIRUT,LBN,SYRIAN,SYR,192,영토 점령,19,4,-9.5,2,1,2,0.867678958785249,"Beqaa, Béa, Lebanon",LE,http://www.aawsat.net/2014/05/article55332164
20140511,296890328,20140511,BEIRUT,LBN,SYRIAN,SYR,192,영토 점령,19,4,-9.5,6,1,6,0.867678958785249,"Beqaa, Béa, Lebanon",LE,http://www.aawsat.net/2014/05/article55332164
20140511,296902728,20140511,PALESTINIAN,PSE,ISRAEL,ISR,190,재래식 군사력 사용,19,4,-10.0,1,1,1,4.00739827373613,"Tel Aviv, Tel Aviv, Israel",IS,http://mondoweiss.net/2014/05/combatants-palestinians-israelis.html
20140511,296902729,20140511,PALESTINIAN,PSE,ISRAEL,ISR,190,재래식 군사력 사용,19,4,-10.0,4,1,4,1.05708245243129,Israel,IS,http://www.dailynewsegypt.com/2014/05/11/palestinian-among-arrested-sinai-security-operations-continue/
20140511,296902730,20140511,PALESTINIAN,PSE,ISRAEL,ISR,190,재래식 군사력 사용,19,4,-10.0,4,1,4,4.00739827373613,West Bank,WE,http://mondoweiss.net/2014/05/combatants-palestinians-israelis.html
20140511,296902731,20140511,GAZA,PSE,ISRAEL,ISR,193,소형무기·경무기를 이용한 전투,19,4,-10.0,6,1,6,0.427350427350427,"Beit Lahiya, Gaza Strip (general), Gaza Strip",GZ,http://www.timesofisrael.com/palestinian-shot-by-idf-near-gaza-border-fence/
20140511,296902732,20140511,GAZA,PSE,ISRAEL,ISR,193,소형무기·경무기를 이용한 전투,19,4,-10.0,4,1,4,0.251256281407035,Israel,IS,http://www.maannews.net/eng/ViewDetails.aspx?ID=696503
20140511,296902733,20140511,PALESTINIAN,PSE,ISRAEL,ISR,193,소형무기·경무기를 이용한 전투,19,4,-10.0,2,1,2,0.319488817891374,"Beit Lahiya, Gaza Strip (general), Gaza Strip",GZ,http://www.albawaba.com/conflict-israel/israel-palestine-575321
20140511,296902734,20140511,PALESTINIAN,PSE,ISRAEL,ISR,193,소형무기·경무기를 이용한 전투,19,4,-10.0,1,1,1,0.319488817891374,"Gaza, Israel (general), Israel",IS,http://www.albawaba.com/conflict-israel/israel-palestine-575321
20140511,296902735,20140511,PALESTINIAN,PSE,ISRAELI,ISR,193,소형무기·경무기를 이용한 전투,19,4,-10.0,6,1,6,0.251256281407035,Israel,IS,http://www.maannews.net/eng/ViewDetails.aspx?ID=696503
20140511,296902736,20140511,GAZA,PSE,ISRAEL,ISR,194,포병·전차를 이용한 전투,19,4,-10.0,1,1,1,3.93939393939394,"Sderot, HaDarom, Israel",IS,http://www.israelnationalnews.com/News/News.aspx/180505
20140511,296902737,20140511,GAZA,PSE,ISRAEL,ISR,194,포병·전차를 이용한 전투,19,4,-10.0,1,1,1,3.93939393939394,"Sderot, HaDarom, Israel",IS,http://www.israelnationalnews.com/News/News.aspx/180505
20140511,296902746,20140511,PALESTINIAN,PSE,ISRAEL,ISR,190,재래식 군사력 사용,19,4,-10.0,1,1,1,2.29885057471264,"Jerusalem, Israel (general), Israel",IS,http://www.latimes.com/world/middleeast/la-fg-israel-politics-prisoners-president-20140511-story.html
20140511,296902769,20140511,PALESTINIAN,PSE,LEBANON,LBN,192,영토 점령,19,4,-9.5,1,1,1,2.08333333333333,"Beirut, Beyrouth, Lebanon",LE,http://www.iloubnan.info/social/80839/IMF-calls-for-more-aid-to-help-Lebanon-face-the-influx-of-Syrian-refugees&c=NbMchF215PlMoa8TkHgnWG1xv99LHFfp9rlnjoNpDNg&mkt=en-us
20140511,296902770,20140511,PALESTINIAN,PSE,LEBANON,LBN,192,영토 점령,19,4,-9.5,1,1,1,2.08333333333333,"Masnaa, Rif Dimashq, Syria",SY,http://www.iloubnan.info/social/80839/IMF-calls-for-more-aid-to-help-Lebanon-face-the-influx-of-Syrian-refugees&c=NbMchF215PlMoa8TkHgnWG1xv99LHFfp9rlnjoNpDNg&mkt=en-us
20140511,296902771,20140511,PALESTINE,PSE,LEBANON,LBN,192,영토 점령,19,4,-9.5,2,1,2,4.11723656664341,"Damascus, Dimashq, Syria",SY,http://www.naharnet.com/stories/en/129847
20140511,296902772,20140511,PALESTINE,PSE,LEBANON,LBN,192,영토 점령,19,4,-9.5,2,1,2,4.11723656664341,Lebanon,LE,http://www.naharnet.com/stories/en/129847
20140511,296902886,20140511,PALESTINE,PSE,LEBANON,LBN,192,영토 점령,19,4,-9.5,2,1,2,4.11723656664341,Lebanon,LE,http://www.naharnet.com/stories/en/129847
20140511,296903197,20140511,QATAR,QAT,EGYPT,EGY,163,금수·보이콧·제재 부과,16,4,-8.0,20,2,20,3.64240407109953,Egypt,EG,http://www.globalpost.com/dispatch/news/afp/140511/qatar-based-cleric-calls-egypt-vote-boycott
20140511,296907645,20140511,SYRIAN,SYR,ISRAELI,ISR,138,군사력 사용 위협,13,3,-7.0,10,1,10,0.58252427184466,"Golan Heights, Syria (general), Syria",SY,http://www.jpost.com/Defense/IDF-declares-Syrian-border-area-a-closed-military-zone-as-fighting-nears-Israeli-Golan-351905
20140511,296907650,20140511,SYRIA,SYR,ISRAEL,ISR,190,재래식 군사력 사용,19,4,-10.0,2,1,2,0.546448087431694,"Golan Heights, Syria (general), Syria",SY,http://www.nation.com.pk/international/12-May-2014/israel-closes-golan-zone-adjacent-to-syria
20140511,296907651,20140511,SYRIAN,SYR,JERUSALEM,ISR,190,재래식 군사력 사용,19,4,-10.0,16,2,16,0.533865401207938,"Golan Heights, Syria (general), Syria",SY,http://www.nation.com.pk/international/12-May-2014/israel-closes-golan-zone-adjacent-to-syria
20140511,296907652,20140511,SYRIAN,SYR,JERUSALEM,ISR,190,재래식 군사력 사용,19,4,-10.0,16,3,16,0.366825978202609,"Golan Heights, Syria (general), Syria",SY,http://www.interaksyon.com/article/86552/israel-closes-golan-zone-adjacent-to-syria/RK=0
20140511,296907654,20140511,SYRIA,SYR,ISRAEL,ISR,190,재래식 군사력 사용,19,4,-10.0,8,4,8,0.545891636317169,"Golan Heights, Syria (general), Syria",SY,http://www.naharnet.com/stories/en/130063-israel-closes-golan-zone-adjacent-to-syria
20140511,296907655,20140511,SYRIAN,SYR,ISRAEL,ISR,190,재래식 군사력 사용,19,4,-10.0,8,1,8,0.531914893617021,"Golan Heights, Syria (general), Syria",SY,http://www.dailynewsegypt.com/2014/05/11/israel-closes-golan-zone-adjacent-syria/
20140511,296907656,20140511,SYRIAN,SYR,ISRAEL,ISR,190,재래식 군사력 사용,19,4,-10.0,60,8,60,0.762994080445497,"Golan Heights, Syria (general), Syria",SY,http://www.sbs.com.au/news/article/2014/05/11/israel-closes-golan-zone-adjacent-syria
20140511,296908609,20140511,TURKISH,TUR,SYRIAN,SYR,194,포병·전차를 이용한 전투,19,4,-10.0,10,1,10,2.67326732673267,"Adana, Adana, Turkey",TU,http://www.dailysabah.com/nation/2014/05/12/border-town-remembers-bombings-one-year-on
20140511,296924892,20140511,YEMEN,YEM,AL JAZEERA,QAT,190,재래식 군사력 사용,19,4,-10.0,8,1,8,1.66666666666667,Yemen,YM,http://america.aljazeera.com/articles/2014/5/11/yemen-attacks-killmorethanadozen.html
20140512,296932133,20140511,PALESTINIAN,PSE,ISRAELI,ISR,191,봉쇄·이동 제한,19,4,-9.5,2,1,2,0.886524822695036,"Gaza, Israel (general), Israel",IS,http://www.gulf-times.com/region/216/details/391893/palestinians-seek-%E2%80%98terror%E2%80%99-label-for-militant-settlers
20140512,296932134,20140511,PALESTINIAN,PSE,ISRAELI,ISR,191,봉쇄·이동 제한,19,4,-9.5,2,1,2,0.886524822695036,"Gaza, Israel (general), Israel",IS,http://www.gulf-times.com/region/216/details/391893/palestinians-seek-%E2%80%98terror%E2%80%99-label-for-militant-settlers
20140512,296996967,20140512,IRAN,IRN,ISRAEL,ISR,190,재래식 군사력 사용,19,4,-10.0,8,1,8,1.99468085106383,"Tehran, Tehran, Iran",IR,http://www.al-monitor.com/pulse/originals/2014/05/iran-russia-oil-exchange-goods-cooperation.html
20140512,296996968,20140512,IRAN,IRN,ISRAEL,ISR,190,재래식 군사력 사용,19,4,-10.0,2,1,2,1.99468085106383,"Washington, District of Columbia, United States",US,http://www.al-monitor.com/pulse/originals/2014/05/iran-russia-oil-exchange-goods-cooperation.html
20140512,296997347,20140512,IRANIAN,IRN,ISTANBUL,TUR,190,재래식 군사력 사용,19,4,-10.0,5,1,5,4.11311053984576,"Balal, Mazandaran, Iran",IR,http://www.payvand.com/news/14/may/1069.html
20140512,296997348,20140512,IRANIAN,IRN,ISTANBUL,TUR,190,재래식 군사력 사용,19,4,-10.0,2,1,2,4.11311053984576,"Balal, Mazandaran, Iran",IR,http://www.payvand.com/news/14/may/1069.html
20140512,296997912,20140512,IRAQ,IRQ,IRAN,IRN,195,공중무기 사용,19,4,-10.0,4,1,4,2.90620871862616,Iran,IR,http://www.longwarjournal.org/threat-matrix/archives/2014/05/iran_owes_al_qaeda_invaluably.php?utm_source=feedburner&utm_medium=feed&utm_campaign=Feed%3A+LongWarJournalSiteWide+%28The+Long+War+Journal+%28Site-Wide%29%29
20140512,296997998,20140512,MOSUL,IRQ,ABDULLAH,SAU,193,소형무기·경무기를 이용한 전투,19,4,-10.0,1,1,1,0.0,"Baghdad, Baghdad, Iraq",IZ,http://english.peopledaily.com.cn/90777/8623801.html
20140512,296997999,20140512,MOSUL,IRQ,ABDULLAH,SAU,193,소형무기·경무기를 이용한 전투,19,4,-10.0,3,1,3,0.0,"Kirkuk, At Ta'mim, Iraq",IZ,http://english.peopledaily.com.cn/90777/8623801.html
20140512,296998000,20140512,MOSUL,IRQ,ABDULLAH,SAU,193,소형무기·경무기를 이용한 전투,19,4,-10.0,8,1,8,0.0,"Kirkuk, At Ta'mim, Iraq",IZ,http://www.pardaphash.com/news/iraq-13-killed-in-separate-insurgent-attacks/758694.html
20140512,296998012,20140512,IRAQ,IRQ,SYRIAN,SYR,190,재래식 군사력 사용,19,4,-10.0,8,1,8,2.51937984496124,Syria,SY,http://triblive.com/usworld/world/6102684-74/islamic-state-syrian
20140512,296998013,20140512,IRAQ,IRQ,SYRIA,SYR,190,재래식 군사력 사용,19,4,-10.0,2,1,2,1.75975516449885,Iraq,IZ,http://www.longwarjournal.org/archives/2014/05/isis_spokesman_blame.php?utm_source=feedburner&utm_medium=feed&utm_campaign=Feed%3A+LongWarJournalSiteWide+%28The+Long+War+Journal+%28Site-Wide%29%29
20140512,296998014,20140512,IRAQ,IRQ,SYRIA,SYR,190,재래식 군사력 사용,19,4,-10.0,2,1,2,1.75975516449885,Syria,SY,http://www.longwarjournal.org/archives/2014/05/isis_spokesman_blame.php?utm_source=feedburner&utm_medium=feed&utm_campaign=Feed%3A+LongWarJournalSiteWide+%28The+Long+War+Journal+%28Site-Wide%29%29
20140512,296998017,20140512,IRAQ,IRQ,BASHAR AL ASSAD,SYR,195,공중무기 사용,19,4,-10.0,40,3,40,4.21978053619134,"Washington, District of Columbia, United States",US,http://edition.cnn.com/2014/05/12/opinion/syria-homs-truce-nadim-shehadi/index.html?eref=edition
20140512,296998723,20140512,ISRAEL,ISR,IRAN,IRN,190,재래식 군사력 사용,19,4,-10.0,2,1,2,1.99468085106383,"Washington, District of Columbia, United States",US,http://www.al-monitor.com/pulse/originals/2014/05/iran-russia-oil-exchange-goods-cooperation.html
20140512,296998724,20140512,ISRAEL,ISR,IRAN,IRN,190,재래식 군사력 사용,19,4,-10.0,8,1,8,1.99468085106383,"Tehran, Tehran, Iran",IR,http://www.al-monitor.com/pulse/originals/2014/05/iran-russia-oil-exchange-goods-cooperation.html
20140512,296998963,20140512,ISRAEL,ISR,LEBANON,LBN,190,재래식 군사력 사용,19,4,-10.0,4,1,4,1.69491525423729,"Beirut, Beyrouth, Lebanon",LE,http://www.shanghaidaily.com/article/article_xinhua.aspx?id=217846
20140512,296998964,20140512,ISRAEL,ISR,LEBANON,LBN,192,영토 점령,19,4,-9.5,2,1,2,0.917431192660551,"Beirut, Beyrouth, Lebanon",LE,"The Daily Star website, Beirut/BBC Monitoring/(c) BBC"
20140512,296998965,20140512,ISRAEL,ISR,LEBANON,LBN,192,영토 점령,19,4,-9.5,2,1,2,1.43266475644699,Israel,IS,http://www.dailystar.com.lb/News/Lebanon-News/2014/May-12/256117-berri-slams-new-israeli-violations-in-south-lebanon.ashx
20140512,296999260,20140512,ISRAELI,ISR,WEST BANK,PSE,190,재래식 군사력 사용,19,4,-10.0,2,1,2,0.0,"Arraba, Ha?afon, Israel",IS,"Ma'an News Agency website, Bethlehem/BBC Monitoring/(c) BBC"
20140512,296999261,20140512,ISRAELI,ISR,WEST BANK,PSE,190,재래식 군사력 사용,19,4,-10.0,9,1,8,0.0,"Jenin, West Bank (general), West Bank",WE,"Ma'an News Agency website, Bethlehem/BBC Monitoring/(c) BBC"
20140512,296999262,20140512,ISRAELI,ISR,PALESTINIAN,PSE,190,재래식 군사력 사용,19,4,-10.0,12,2,12,2.00844160072938,"Jerusalem, Israel (general), Israel",IS,"Al-Alam TV, Tehran/BBC Monitoring/(c) BBC"
20140512,296999263,20140512,ISRAELI,ISR,GAZA,PSE,190,재래식 군사력 사용,19,4,-10.0,29,11,29,1.06786818305202,"Gaza, Israel (general), Israel",IS,http://www.worldjewishcongress.org/en/news/14713/reports_normalization_of_israeli_turkish_relations_imminent
20140512,296999264,20140512,ISRAEL,ISR,PALESTINIAN,PSE,190,재래식 군사력 사용,19,4,-10.0,4,2,4,0.787770458247445,Israel,IS,"http://www.ynetnews.com/articles/0,7340,L-4519050,00.html"
20140512,296999265,20140512,ISRAEL,ISR,PALESTINE,PSE,192,영토 점령,19,4,-9.5,30,3,30,2.20006662387651,"Jerusalem, Israel (general), Israel",IS,"Anadolu (also known as Anatolia) news agency website, Ankara/BBC Monitoring/(c) BBC"
20140512,296999297,20140512,ISRAEL,ISR,HAMAS,PSE,190,재래식 군사력 사용,19,4,-10.0,4,1,4,2.65060240963855,"Gaza, Israel (general), Israel",IS,http://www.israelnationalnews.com/News/News.aspx/180554
20140512,296999354,20140512,ISRAELI,ISR,SYRIAN,SYR,190,재래식 군사력 사용,19,4,-10.0,2,1,2,0.0,"Golan Heights, Syria (general), Syria",SY,http://www.almanar.com.lb/english/adetails.php?fromval=1&cid=23&frid=23&eid=150940
20140512,296999355,20140512,ISRAEL,ISR,SYRIA,SYR,190,재래식 군사력 사용,19,4,-10.0,2,1,2,0.978473581213307,United States,US,http://www.rt.com/news/158280-israel-closed-golan-syria/
20140512,296999356,20140512,ISRAELI,ISR,SYRIA,SYR,195,공중무기 사용,19,4,-10.0,10,1,10,0.0,"Golan Heights, Syria (general), Syria",SY,http://www.almanar.com.lb/english/adetails.php?fromval=1&cid=23&frid=23&eid=150940
20140512,296999379,20140512,ISRAELI,ISR,TURKISH,TUR,190,재래식 군사력 사용,19,4,-10.0,1,1,1,2.58806613946801,"Washington, District of Columbia, United States",US,http://www.dailystar.com.lb/Business/Middle-East/2014/May-13/256207-erdogan-courts-gulfs-billions-after-wrong-way-bet-on-egypt.ashx
20140512,296999380,20140512,ISRAELI,ISR,TURKISH,TUR,190,재래식 군사력 사용,19,4,-10.0,7,1,7,2.58806613946801,Israel,IS,http://www.dailystar.com.lb/Business/Middle-East/2014/May-13/256207-erdogan-courts-gulfs-billions-after-wrong-way-bet-on-egypt.ashx
20140512,296999542,20140512,ISRAELI,ISR,PALESTINIAN,PSE,190,재래식 군사력 사용,19,4,-10.0,3,1,3,5.63583815028902,"Jerusalem, Israel (general), Israel",IS,http://www.washingtonpost.com/opinions/jimmy-carter-united-palestinian-government-may-provide-new-opportunities-for-peace/2014/05/12/9e36f4a8-d9dd-11e3-b745-87d39690c5c0_story.html
20140512,296999801,20140512,ISRAEL,ISR,WEST BANK,PSE,190,재래식 군사력 사용,19,4,-10.0,4,1,4,0.738007380073801,"Hebron, Israel (general), Israel",IS,http://palsolidarity.org/2014/05/murad-eshtewi-and-four-palestinian-youths-from-kafr-qaddum-have-been-arrested/
20140512,296999802,20140512,ISRAELI,ISR,WEST BANK,PSE,190,재래식 군사력 사용,19,4,-10.0,78,9,78,1.00269721781225,"Jerusalem, Israel (general), Israel",IS,http://www.jewishjournal.com/israel/article/palestinian_foreign_minister_requests_terrorist_label_for_militant_settlers/RK=0
20140512,296999803,20140512,ISRAELI,ISR,WEST BANK,PSE,190,재래식 군사력 사용,19,4,-10.0,6,1,6,0.886524822695036,"Gaza, Israel (general), Israel",IS,http://www.gulf-times.com/region/216/details/391893/palestinians-seek-%E2%80%98terror%E2%80%99-label-for-militant-settlers
20140512,296999805,20140512,ISRAELI,ISR,PALESTINIAN,PSE,190,재래식 군사력 사용,19,4,-10.0,1,1,1,0.515463917525773,"Jerusalem, Israel (general), Israel",IS,http://www.worldbulletin.net/world/136111/israeli-army-raids-al-quds-university-palestinians-hurt
20140512,296999819,20140512,ISRAEL,ISR,LEBANON,LBN,190,재래식 군사력 사용,19,4,-10.0,4,1,4,1.69491525423729,Israel,IS,http://www.shanghaidaily.com/article/article_xinhua.aspx?id=217846
20140512,296999820,20140512,ISRAEL,ISR,PALESTINIAN,PSE,190,재래식 군사력 사용,19,4,-10.0,4,1,4,2.18140068886338,Israel,IS,http://www.naharnet.com/stories/en/130203-calm-restored-in-ain-el-hilweh-after-seven-wounded-in-clashes-between-armed-groups
20140512,297006562,20140512,LEBANON,LBN,ISRAEL,ISR,190,재래식 군사력 사용,19,4,-10.0,4,1,4,1.69491525423729,Israel,IS,http://www.shanghaidaily.com/article/article_xinhua.aspx?id=217846
20140512,297006563,20140512,LEBANON,LBN,ISRAELI,ISR,194,포병·전차를 이용한 전투,19,4,-10.0,1,1,1,3.40136054421769,Lebanon,LE,http://www.idfblog.com/2014/05/08/senior-iranian-official-front-line-israels-border/
20140512,297006564,20140512,LEBANON,LBN,ISRAELI,ISR,194,포병·전차를 이용한 전투,19,4,-10.0,1,1,1,3.40136054421769,Israel,IS,http://www.idfblog.com/2014/05/08/senior-iranian-official-front-line-israels-border/
20140512,297006565,20140512,LEBANON,LBN,ISRAELI,ISR,194,포병·전차를 이용한 전투,19,4,-10.0,3,1,3,3.40136054421769,Israel,IS,http://www.idfblog.com/2014/05/08/senior-iranian-official-front-line-israels-border/
20140512,297006566,20140512,LEBANON,LBN,ISRAEL,ISR,190,재래식 군사력 사용,19,4,-10.0,4,1,4,1.69491525423729,Israel,IS,http://www.shanghaidaily.com/article/article_xinhua.aspx?id=217846
20140512,297006603,20140512,LEBANON,LBN,PALESTINIAN,PSE,190,재래식 군사력 사용,19,4,-10.0,2,1,2,1.69491525423729,"Beirut, Beyrouth, Lebanon",LE,http://www.shanghaidaily.com/article/article_xinhua.aspx?id=217846
20140512,297006604,20140512,LEBANON,LBN,PALESTINIAN,PSE,190,재래식 군사력 사용,19,4,-10.0,6,1,6,1.69491525423729,Israel,IS,http://www.shanghaidaily.com/article/article_xinhua.aspx?id=217846
20140512,297006605,20140512,BEIRUT,LBN,PALESTINIAN,PSE,190,재래식 군사력 사용,19,4,-10.0,2,1,2,1.69491525423729,Israel,IS,http://www.shanghaidaily.com/article/article_xinhua.aspx?id=217846
20140512,297006631,20140512,BEIRUT,LBN,SYRIAN,SYR,190,재래식 군사력 사용,19,4,-10.0,157,23,157,1.65145993206656,"Berlin, Berlin, Germany",GM,http://www.fortmilltimes.com/2014/05/12/3475606/activists-report-fierce-battles.html?sp=/99/103/
20140512,297006632,20140512,BEIRUT,LBN,SYRIA,SYR,190,재래식 군사력 사용,19,4,-10.0,4,1,4,0.359712230215827,"Raqqa, Ar Raqqah, Syria",SY,http://www.arabnews.com/news/569956
20140512,297006633,20140512,BEIRUT,LBN,SYRIAN,SYR,190,재래식 군사력 사용,19,4,-10.0,2,1,2,1.5625,"Berlin, Berlin, Germany",GM,http://www.thepublicopinion.com/news/associated_press/world/battles-rage-in-eastern-syria-activists-say/article_a0aa232b-57ad-5523-b6be-77030fe027ed.html
20140512,297006634,20140512,LEBANESE,LBN,SYRIA,SYR,190,재래식 군사력 사용,19,4,-10.0,2,2,2,2.01516449351226,Iran,IR,"Ammun News website, Amman/BBC Monitoring/(c) BBC"
20140512,297006635,20140512,BEIRUT,LBN,SYRIAN,SYR,190,재래식 군사력 사용,19,4,-10.0,24,12,24,1.58149408228148,"Berlin, Berlin, Germany",GM,http://www.thealpenanews.com/page/content.detail/id/503385/Battles-rage-in-eastern-Syria--activists-say.html?isap=1&nav=5014
20140512,297006636,20140512,BEIRUT,LBN,SYRIAN,SYR,190,재래식 군사력 사용,19,4,-10.0,34,7,34,1.95872692728218,"Beirut, Beyrouth, Lebanon",LE,http://mynorthwest.com/17/2519974/Battles-rage-in-eastern-Syria-activists-say
20140512,297006637,20140512,BEIRUT,LBN,SYRIAN,SYR,190,재래식 군사력 사용,19,4,-10.0,13,7,13,1.97199236120902,"Beirut, Beyrouth, Lebanon",LE,http://www.fortmilltimes.com/2014/05/12/3475606/activists-report-fierce-battles.html?sp=/99/103/
20140512,297006638,20140512,BEIRUT,LBN,SYRIA,SYR,190,재래식 군사력 사용,19,4,-10.0,10,1,10,2.1021021021021,"Miami, Florida, United States",US,http://www.miamiherald.com/2014/05/12/4112736/activists-report-fierce-battles.html
20140512,297006639,20140512,LEBANESE,LBN,SYRIA,SYR,190,재래식 군사력 사용,19,4,-10.0,2,2,2,2.01516449351226,"Damascus, Dimashq, Syria",SY,"Ammun News website, Amman/BBC Monitoring/(c) BBC"
20140512,297006640,20140512,LEBANESE,LBN,SYRIA,SYR,190,재래식 군사력 사용,19,4,-10.0,1,1,1,1.99004975124378,"Damascus, Dimashq, Syria",SY,http://en.trend.az/regions/met/arabicr/2272961.html
20140512,297006641,20140512,LEBANESE,LBN,SYRIA,SYR,190,재래식 군사력 사용,19,4,-10.0,3,1,3,1.99004975124378,"Damascus, Dimashq, Syria",SY,http://en.trend.az/regions/met/arabicr/2272961.html
20140512,297006642,20140512,LEBANON,LBN,SYRIA,SYR,192,영토 점령,19,4,-9.5,2,1,2,1.24826629680999,"Aleppo, ?alab, Syria",SY,http://www.unhcr.org/53707aa19.html
20140512,297006643,20140512,LEBANON,LBN,SYRIA,SYR,192,영토 점령,19,4,-9.5,2,1,2,1.24826629680999,"Aleppo, ?alab, Syria",SY,http://www.unhcr.org/53707aa19.html
20140512,297006644,20140512,LEBANON,LBN,SYRIA,SYR,192,영토 점령,19,4,-9.5,6,1,6,1.24826629680999,"Bekaa Valley, Béa, Lebanon",LE,http://www.unhcr.org/53707aa19.html
20140512,297006692,20140512,LEBANESE,LBN,SYRIA,SYR,192,영토 점령,19,4,-9.5,2,1,2,0.538599640933573,"Shahba, As Suwayda', Syria",SY,http://syriadirect.org/rss/1365-syria-direct-news-update-5-12-2014
20140512,297026009,20140512,PALESTINIAN,PSE,ISRAELI,ISR,190,재래식 군사력 사용,19,4,-10.0,10,1,10,2.1551724137931,"Jerusalem, Israel (general), Israel",IS,"Al-Alam TV, Tehran/BBC Monitoring/(c) BBC"
20140512,297026010,20140512,GAZA,PSE,ISRAEL,ISR,190,재래식 군사력 사용,19,4,-10.0,12,1,10,2.68091975746122,"Gaza, Israel (general), Israel",IS,http://www.israelnationalnews.com/Articles/Article.aspx/14991
20140512,297026011,20140512,PALESTINIAN,PSE,ISRAELI,ISR,190,재래식 군사력 사용,19,4,-10.0,20,1,10,6.41110376734964,Israel,IS,http://www.americanthinker.com/blog/2014/05/lessons_for_israel_from_the_failed_peace_talks.html
20140512,297026050,20140512,PALESTINIAN,PSE,ISRAEL,ISR,190,재래식 군사력 사용,19,4,-10.0,4,1,4,2.18140068886338,Jordan,JO,http://www.naharnet.com/stories/en/130203-calm-restored-in-ain-el-hilweh-after-seven-wounded-in-clashes-between-armed-groups
20140512,297026062,20140512,PALESTINIAN,PSE,ISRAEL,ISR,193,소형무기·경무기를 이용한 전투,19,4,-10.0,2,1,2,0.933333333333333,"Jerusalem, Israel (general), Israel",IS,http://www.reuters.com/article/2014/05/12/us-palestinians-israel-settlers-idUSBREA4B0Q220140512?feedType=RSS&feedName=worldNews
20140512,297026085,20140512,PALESTINIAN,PSE,LEBANON,LBN,190,재래식 군사력 사용,19,4,-10.0,4,1,4,1.69491525423729,"Beirut, Beyrouth, Lebanon",LE,http://www.shanghaidaily.com/article/article_xinhua.aspx?id=217846
20140512,297026086,20140512,PALESTINIAN,PSE,BEIRUT,LBN,190,재래식 군사력 사용,19,4,-10.0,4,1,4,1.69491525423729,Israel,IS,http://www.shanghaidaily.com/article/article_xinhua.aspx?id=217846
20140512,297026169,20140512,PALESTINIAN,PSE,ISRAELI,ISR,190,재래식 군사력 사용,19,4,-10.0,1,1,1,0.515463917525773,"Jerusalem, Israel (general), Israel",IS,http://www.worldbulletin.net/world/136111/israeli-army-raids-al-quds-university-palestinians-hurt
20140512,297026253,20140512,HAMAS,PSE,ISRAELI,ISR,190,재래식 군사력 사용,19,4,-10.0,10,1,10,3.72516556291391,"Jerusalem, Israel (general), Israel",IS,http://www.jpost.com/Opinion/Op-Ed-Contributors/The-PA-has-not-fulfilled-its-obligations-352042
20140512,297026254,20140512,HAMAS,PSE,ISRAEL,ISR,190,재래식 군사력 사용,19,4,-10.0,6,1,6,2.65060240963855,"Gaza, Israel (general), Israel",IS,http://www.israelnationalnews.com/News/News.aspx/180554
20140512,297026291,20140512,PALESTINIAN,PSE,BEIRUT,LBN,190,재래식 군사력 사용,19,4,-10.0,2,1,2,1.69491525423729,Israel,IS,http://www.shanghaidaily.com/article/article_xinhua.aspx?id=217846
20140512,297026710,20140512,QATAR,QAT,EGYPT,EGY,163,금수·보이콧·제재 부과,16,4,-8.0,10,1,10,3.52564102564103,Egypt,EG,http://en.trend.az/regions/met/arabicr/2272933.html
20140512,297026711,20140512,QATAR,QAT,EGYPT,EGY,163,금수·보이콧·제재 부과,16,4,-8.0,10,1,10,2.08333333333333,Egypt,EG,http://www.youtube.com/watch?v=s5hC4BAmWOQ
20140512,297031895,20140512,SAUDI,SAU,YEMEN,YEM,195,공중무기 사용,19,4,-10.0,4,1,4,1.6260162601626,"Shabwa, La?ij, Yemen",YM,http://www.saudigazette.com.sa/index.cfm?method=home.regcon&contentid=20140513204902
20140512,297031953,20140512,ABDULLAH,SAU,CAIRO,EGY,190,재래식 군사력 사용,19,4,-10.0,1,1,1,0.869565217391304,"Cairo, Al Qahirah, Egypt",EG,http://www.thetimes.co.uk/tto/news/world/middleeast/article4088031.ece
20140512,297032049,20140512,SAUDI,SAU,YEMEN,YEM,195,공중무기 사용,19,4,-10.0,6,1,6,1.6260162601626,"Shabwa, La?ij, Yemen",YM,http://www.saudigazette.com.sa/index.cfm?method=home.regcon&contentid=20140513204902
20140512,297034463,20140512,SYRIAN,SYR,IRAQ,IRQ,190,재래식 군사력 사용,19,4,-10.0,8,1,8,2.51937984496124,Syria,SY,http://triblive.com/usworld/world/6102684-74/islamic-state-syrian
20140512,297034480,20140512,SYRIAN,SYR,ISRAELI,ISR,190,재래식 군사력 사용,19,4,-10.0,4,2,4,0.489236790606653,"Golan Heights, Syria (general), Syria",SY,http://www.almanar.com.lb/english/adetails.php?fromval=1&cid=23&frid=23&eid=150940
20140512,297034481,20140512,SYRIA,SYR,ISRAEL,ISR,192,영토 점령,19,4,-9.5,66,3,66,2.43101630086373,Israel,IS,"http://www.chicagotribune.com/news/sns-rt-us-syria-crisis-un-icc-20140512,0,4722120.story"
20140512,297034482,20140512,SYRIA,SYR,ISRAEL,ISR,192,영토 점령,19,4,-9.5,6,1,6,2.36593059936909,France,FR,http://www.trust.org/item/20140512184348-97wdn/
20140512,297034515,20140512,SYRIAN,SYR,BEIRUT,LBN,190,재래식 군사력 사용,19,4,-10.0,12,2,12,1.66634713701432,"Damascus, Dimashq, Syria",SY,http://www.vancouversun.com/news/Activists+report+fierce+battles+eastern+Syrian+oilrich/9830749/story.html
20140512,297034516,20140512,SYRIAN,SYR,BEIRUT,LBN,190,재래식 군사력 사용,19,4,-10.0,90,11,90,1.86641469928648,"Beirut, Beyrouth, Lebanon",LE,http://www.fortmilltimes.com/2014/05/12/3475606/activists-report-fierce-battles.html?sp=/99/103/
20140512,297034517,20140512,SYRIAN,SYR,BEIRUT,LBN,190,재래식 군사력 사용,19,4,-10.0,2,1,2,2.0066889632107,"Damascus, Dimashq, Syria",SY,http://www.argus-press.com/news/international/article_02b1e1bf-9e29-5a49-9450-1484904d190e.html
20140512,297034518,20140512,SYRIAN,SYR,BEIRUT,LBN,190,재래식 군사력 사용,19,4,-10.0,16,8,16,1.93083854902935,"Beirut, Beyrouth, Lebanon",LE,http://www.fortmilltimes.com/2014/05/12/3475606/activists-report-fierce-battles.html?sp=/99/103/
20140512,297034519,20140512,SYRIAN,SYR,BEIRUT,LBN,190,재래식 군사력 사용,19,4,-10.0,106,12,106,1.55623417528645,"Beirut, Beyrouth, Lebanon",LE,http://www.thealpenanews.com/page/content.detail/id/503385/Battles-rage-in-eastern-Syria--activists-say.html?isap=1&nav=5014
20140512,297034520,20140512,SYRIA,SYR,BEIRUT,LBN,190,재래식 군사력 사용,19,4,-10.0,8,1,8,2.1021021021021,Syria,SY,http://www.miamiherald.com/2014/05/12/4112736/activists-report-fierce-battles.html
20140512,297034521,20140512,SYRIA,SYR,LEBANON,LBN,190,재래식 군사력 사용,19,4,-10.0,2,1,2,1.50093808630394,"Beirut, Beyrouth, Lebanon",LE,http://www.chron.com/news/world/article/Battles-rage-in-eastern-Syria-activists-say-5471482.php
20140512,297034522,20140512,SYRIA,SYR,LEBANON,LBN,190,재래식 군사력 사용,19,4,-10.0,2,1,2,1.4760147601476,"Beirut, Beyrouth, Lebanon",LE,http://www.thealpenanews.com/page/content.detail/id/503385/Battles-rage-in-eastern-Syria--activists-say.html?isap=1&nav=5014
20140512,297034523,20140512,SYRIA,SYR,LEBANON,LBN,190,재래식 군사력 사용,19,4,-10.0,2,1,2,1.50093808630394,"Beirut, Beyrouth, Lebanon",LE,http://www.ctpost.com/news/world/article/Battles-rage-in-eastern-Syria-activists-say-5471482.php
20140512,297034524,20140512,SYRIAN,SYR,LEBANON,LBN,192,영토 점령,19,4,-9.5,2,1,2,0.606060606060606,"Qoubaiyat, AakkâLE, Lebanon",LE,http://www.naharnet.com/stories/en/130257-syria-army-shoots-2-men-trying-to-cross-from-wadi-khaled-into-syria
20140512,297034525,20140512,SYRIAN,SYR,LEBANON,LBN,193,소형무기·경무기를 이용한 전투,19,4,-10.0,1,1,1,3.18471337579618,"Wadi Khaled, Al Qunaytirah, Syria",SY,http://www.dailystar.com.lb/News/Lebanon-News/2014/May-12/256185-two-lebanese-wounded-by-syrian-army-fire.ashx
20140512,297034526,20140512,SYRIAN,SYR,LEBANON,LBN,193,소형무기·경무기를 이용한 전투,19,4,-10.0,1,1,1,3.18471337579618,"Beirut, Beyrouth, Lebanon",LE,http://www.dailystar.com.lb/News/Lebanon-News/2014/May-12/256185-two-lebanese-wounded-by-syrian-army-fire.ashx
20140512,297034657,20140512,SYRIAN,SYR,TURKEY,TUR,190,재래식 군사력 사용,19,4,-10.0,2,1,2,0.645161290322581,Syria,SY,https://www.vocativ.com/world/turkey-world/syrian-refugees-turkey-apologizing-refugees/
20140512,297034660,20140512,SYRIA,SYR,TURKEY,TUR,192,영토 점령,19,4,-9.5,1,1,1,1.68269230769231,"Hatay, Hatay, Turkey",TU,http://www.commentarymagazine.com/2014/05/12/how-turkey-helps-jihadists-in-syria/
20140512,297034661,20140512,SYRIA,SYR,TURKEY,TUR,192,영토 점령,19,4,-9.5,1,1,1,1.68269230769231,Syria,SY,http://www.commentarymagazine.com/2014/05/12/how-turkey-helps-jihadists-in-syria/
20140512,297036399,20140512,TURKEY,TUR,SYRIAN,SYR,190,재래식 군사력 사용,19,4,-10.0,2,1,2,0.645161290322581,"Ankara, Ankara, Turkey",TU,https://www.vocativ.com/world/turkey-world/syrian-refugees-turkey-apologizing-refugees/
20140512,297036400,20140512,TURKISH,TUR,SYRIA,SYR,192,영토 점령,19,4,-9.5,2,1,2,1.68269230769231,Syria,SY,http://www.commentarymagazine.com/2014/05/12/how-turkey-helps-jihadists-in-syria/
20140512,297036401,20140512,TURKEY,TUR,SYRIAN,SYR,193,소형무기·경무기를 이용한 전투,19,4,-10.0,1,1,1,3.49956255468067,"Deraa, Dara, Syria",SY,http://www.voltairenet.org/article183731.html
20140512,297036402,20140512,TURKEY,TUR,SYRIAN,SYR,193,소형무기·경무기를 이용한 전투,19,4,-10.0,1,1,1,3.49956255468067,Turkey,TU,http://www.voltairenet.org/article183731.html
20140512,297036403,20140512,TURKISH,TUR,SYRIA,SYR,192,영토 점령,19,4,-9.5,2,1,2,1.24826629680999,"Aleppo, ?alab, Syria",SY,http://www.unhcr.org/53707aa19.html
20140512,297036404,20140512,TURKISH,TUR,SYRIAN,SYR,192,영토 점령,19,4,-9.5,3,1,3,1.24826629680999,"Aleppo, ?alab, Syria",SY,http://www.unhcr.org/53707aa19.html
20140512,297036405,20140512,TURKISH,TUR,SYRIA,SYR,192,영토 점령,19,4,-9.5,2,1,2,1.24826629680999,Turkey,TU,http://www.unhcr.org/53707aa19.html
20140512,297036605,20140512,TURKISH,TUR,SYRIA,SYR,192,영토 점령,19,4,-9.5,6,1,6,1.68269230769231,Syria,SY,http://www.commentarymagazine.com/2014/05/12/how-turkey-helps-jihadists-in-syria/
20140512,297063568,20140512,YEMEN,YEM,SAUDI,SAU,190,재래식 군사력 사용,19,4,-10.0,2,1,2,0.0,"Shabwa, La?ij, Yemen",YM,"Yemen News Agency Saba website, Sanaa/BBC Monitoring/(c) BBC"
20140512,297063573,20140512,YEMEN,YEM,SAUDI ARABIA,SAU,190,재래식 군사력 사용,19,4,-10.0,4,1,4,0.0,"Shabwa, La?ij, Yemen",YM,"Yemen News Agency Saba website, Sanaa/BBC Monitoring/(c) BBC"
20140513,297069432,20140506,IRANIAN,IRN,SYRIA,SYR,190,재래식 군사력 사용,19,4,-10.0,2,1,2,1.06382978723404,Syria,SY,http://www.israelnationalnews.com/News/News.aspx/180594
20140513,297069433,20140506,IRANIAN,IRN,SYRIA,SYR,190,재래식 군사력 사용,19,4,-10.0,8,1,8,1.06382978723404,Syria,SY,http://www.israelnationalnews.com/News/News.aspx/180594
20140513,297114701,20140513,EGYPT,EGY,YEMEN,YEM,190,재래식 군사력 사용,19,4,-10.0,4,1,4,0.56657223796034,"Sanaa, Sana', Yemen",YM,http://www.yementimes.com/en/1780/news/3834
20140513,297137194,20140513,IRAN,IRN,ISRAEL,ISR,194,포병·전차를 이용한 전투,19,4,-10.0,6,1,6,2.50677506775068,Israel,IS,http://www.jpost.com/Opinion/Columnists/Our-world-Believing-Obama-on-Iran-352173
20140513,297137195,20140513,IRAN,IRN,ISRAEL,ISR,194,포병·전차를 이용한 전투,19,4,-10.0,2,1,2,2.50677506775068,"White House, District of Columbia, United States",US,http://www.jpost.com/Opinion/Columnists/Our-world-Believing-Obama-on-Iran-352173
20140513,297137196,20140513,IRAN,IRN,ISRAEL,ISR,194,포병·전차를 이용한 전투,19,4,-10.0,2,1,2,2.50677506775068,Israel,IS,http://www.jpost.com/Opinion/Columnists/Our-world-Believing-Obama-on-Iran-352173
20140513,297137979,20140513,IRAQ,IRQ,IRAN,IRN,195,공중무기 사용,19,4,-10.0,2,1,2,3.46820809248555,Iran,IR,http://irannewsupdate.com/news/terrorism/1150-iran-owes-al-qaeda-invaluably-isis-spokesman-says.html
20140513,297138016,20140513,BAGHDAD,IRQ,BEIRUT,LBN,190,재래식 군사력 사용,19,4,-10.0,10,1,10,0.0,"Beirut, Beyrouth, Lebanon",LE,http://www.gazzettadelsud.it/news/91838/Total-victim-toll-rises-to-19-in-Iraq-explosions.html
20140513,297138069,20140513,IRAQI,IRQ,AL JAZEERA,QAT,190,재래식 군사력 사용,19,4,-10.0,1,1,1,1.58730158730159,Iraq,IZ,http://america.aljazeera.com/articles/2014/5/13/iraq-bomb-deaths.html
20140513,297138082,20140513,IRAQ,IRQ,SYRIAN,SYR,190,재래식 군사력 사용,19,4,-10.0,23,3,23,1.53949259252099,Syria,SY,http://www.lebanonews.net/content/battles-rage-eastern-syria-activists-say
20140513,297138083,20140513,IRAQ,IRQ,SYRIA,SYR,190,재래식 군사력 사용,19,4,-10.0,1,1,1,1.64705882352941,Iraq,IZ,http://www.dispatch.com/content/stories/national_world/2014/05/13/rival-al-qaida-groups-fighting-each-other.html
20140513,297138084,20140513,IRAQ,IRQ,SYRIAN,SYR,190,재래식 군사력 사용,19,4,-10.0,1,1,1,1.53846153846154,Syria,SY,http://www.albawaba.com/conflict-syria/syria-militants-575948
20140513,297138085,20140513,IRAQ,IRQ,BASHAR AL ASSAD,SYR,195,공중무기 사용,19,4,-10.0,8,1,8,4.10122164048866,"Washington, District of Columbia, United States",US,http://edition.cnn.com/2014/05/12/opinion/syria-homs-truce-nadim-shehadi/index.html?utm_source=feedburner&utm_medium=feed&utm_campaign=Feed%3A+rss%2Fedition_meast+%28RSS%3A+Middle+East%29
20140513,297138794,20140513,ISRAEL,ISR,IRAN,IRN,190,재래식 군사력 사용,19,4,-10.0,1,1,1,3.29218106995885,"Tel Aviv, Tel Aviv, Israel",IS,http://mainichi.jp/english/english/newsselect/news/20140514p2a00m0na001000c.html
20140513,297138795,20140513,ISRAELI,ISR,IRAN,IRN,190,재래식 군사력 사용,19,4,-10.0,4,1,4,3.29218106995885,"Tel Aviv, Tel Aviv, Israel",IS,http://mainichi.jp/english/english/newsselect/news/20140514p2a00m0na001000c.html
20140513,297138802,20140513,ISRAEL,ISR,IRAQ,IRQ,190,재래식 군사력 사용,19,4,-10.0,2,1,2,3.2258064516129,"Baghdad, Baghdad, Iraq",IZ,"http://www.ynetnews.com/articles/0,7340,L-4519336,00.html"
20140513,297138803,20140513,ISRAEL,ISR,BAGHDAD,IRQ,190,재래식 군사력 사용,19,4,-10.0,6,1,6,3.2258064516129,"Baghdad, Baghdad, Iraq",IZ,"http://www.ynetnews.com/articles/0,7340,L-4519336,00.html"
20140513,297139241,20140513,ISRAEL,ISR,PALESTINIAN,PSE,190,재래식 군사력 사용,19,4,-10.0,2,1,2,2.98507462686567,"Kiev, Ukraine (general), Ukraine",UP,http://www.todayszaman.com/news-347699-peace-in-the-middle-east-indispensable-by-mohammad-amjad-hossain-.html
20140513,297139242,20140513,ISRAELI,ISR,PALESTINIAN,PSE,190,재래식 군사력 사용,19,4,-10.0,5,1,5,2.98507462686567,"Moscow, Moskva, Russia",RS,http://www.todayszaman.com/news-347699-peace-in-the-middle-east-indispensable-by-mohammad-amjad-hossain-.html
20140513,297139243,20140513,ISRAELI,ISR,PALESTINIAN,PSE,190,재래식 군사력 사용,19,4,-10.0,1,1,1,2.98507462686567,"Kremlin, Moskva, Russia",RS,http://www.todayszaman.com/news-347699-peace-in-the-middle-east-indispensable-by-mohammad-amjad-hossain-.html
20140513,297139244,20140513,ISRAEL,ISR,WEST BANK,PSE,190,재래식 군사력 사용,19,4,-10.0,4,1,4,2.41935483870968,"Tel Aviv, Tel Aviv, Israel",IS,http://en.alalam.ir/news/1593359
20140513,297139245,20140513,ISRAEL,ISR,WEST BANK,PSE,190,재래식 군사력 사용,19,4,-10.0,1,1,1,2.41935483870968,West Bank,WE,http://en.alalam.ir/news/1593359
20140513,297139246,20140513,ISRAELI,ISR,PALESTINIAN,PSE,190,재래식 군사력 사용,19,4,-10.0,9,1,8,0.905797101449275,"Hebron, Israel (general), Israel",IS,http://www.scoop.co.nz/stories/WO1405/S00118/israeli-forces-continue-attacks-against-palestinians.htm
20140513,297139247,20140513,ISRAEL,ISR,PALESTINIAN,PSE,190,재래식 군사력 사용,19,4,-10.0,1,1,1,0.0,"Ramallah, West Bank (general), West Bank",WE,http://www.maannews.net/eng/ViewDetails.aspx?ID=696973
20140513,297139248,20140513,ISRAEL,ISR,PALESTINIAN,PSE,190,재래식 군사력 사용,19,4,-10.0,1,1,1,0.0,"Tulkarem, West Bank (general), West Bank",WE,http://www.maannews.net/eng/ViewDetails.aspx?ID=696973
20140513,297139249,20140513,ISRAEL,ISR,PALESTINIAN,PSE,190,재래식 군사력 사용,19,4,-10.0,16,4,16,1.59761393084233,"Gaza, Israel (general), Israel",IS,http://www.dispatch.com/content/stories/editorials/2014/05/13/1-israel-culpable.html
20140513,297139250,20140513,ISRAEL,ISR,GAZA,PSE,190,재래식 군사력 사용,19,4,-10.0,1,1,1,5.18518518518519,Gaza Strip,GZ,"http://english.ahram.org.eg/NewsContent/1/64/101137/Egypt/Politics-/As-long-as-the-army-is-good,-Egypt-is-good-ElSisi.aspx"
20140513,297139251,20140513,ISRAELI,ISR,PALESTINIAN,PSE,190,재래식 군사력 사용,19,4,-10.0,1,1,1,0.905797101449275,"Hebron, Israel (general), Israel",IS,http://www.scoop.co.nz/stories/WO1405/S00118/israeli-forces-continue-attacks-against-palestinians.htm
20140513,297139252,20140513,ISRAELI,ISR,PALESTINIAN,PSE,190,재래식 군사력 사용,19,4,-10.0,12,2,12,3.31537840021546,"Kiev, Ukraine (general), Ukraine",UP,http://www.dawn.com/news/1106097/indias-modi-moment
20140513,297139253,20140513,ISRAEL,ISR,GAZA,PSE,190,재래식 군사력 사용,19,4,-10.0,1,1,1,5.18518518518519,Israel,IS,"http://english.ahram.org.eg/NewsContent/1/64/101137/Egypt/Politics-/As-long-as-the-army-is-good,-Egypt-is-good-ElSisi.aspx"
20140513,297139254,20140513,ISRAELI,ISR,PALESTINIAN,PSE,190,재래식 군사력 사용,19,4,-10.0,1,1,1,0.0,Israel,IS,http://www.maannews.net/eng/ViewDetails.aspx?ID=696973
20140513,297139255,20140513,ISRAEL,ISR,WEST BANK,PSE,190,재래식 군사력 사용,19,4,-10.0,1,1,1,2.41935483870968,"Tel Aviv, Tel Aviv, Israel",IS,http://en.alalam.ir/news/1593359
20140513,297139256,20140513,ISRAEL,ISR,WEST BANK,PSE,190,재래식 군사력 사용,19,4,-10.0,2,1,2,2.41935483870968,"Tel Aviv, Tel Aviv, Israel",IS,http://en.alalam.ir/news/1593359
20140513,297139257,20140513,ISRAEL,ISR,PALESTINE,PSE,192,영토 점령,19,4,-9.5,10,1,10,2.41187384044527,"Jerusalem, Israel (general), Israel",IS,http://en.trend.az/news/arisc/2273261.html
20140513,297139258,20140513,ISRAEL,ISR,GAZA,PSE,193,소형무기·경무기를 이용한 전투,19,4,-10.0,1,1,1,1.01010101010101,"Gaza, Israel (general), Israel",IS,http://www.worldbulletin.net/haberler/136181/southeastern-gaza-peppered-by-israeli-gunfire
20140513,297139259,20140513,ISRAEL,ISR,GAZA,PSE,194,포병·전차를 이용한 전투,19,4,-10.0,6,2,6,5.08092401266456,"Gaza, Israel (general), Israel",IS,"The Jerusalem Post website, Jerusalem/BBC Monitoring/(c) BBC"
20140513,297139294,20140513,ISRAEL,ISR,HAMAS,PSE,190,재래식 군사력 사용,19,4,-10.0,2,1,2,4.01929260450161,"Gaza, Israel (general), Israel",IS,http://www.internationalpolicydigest.org/2014/05/12/three-short-stories-israel-palestinian-authority/
20140513,297139299,20140513,ISRAELI,ISR,GAZA,PSE,190,재래식 군사력 사용,19,4,-10.0,78,28,78,3.28093463300315,"Gaza, Israel (general), Israel",IS,http://www.stuff.co.nz/nelson-mail/news/world-news/10041089/Ex-Israeli-prime-minister-jailed-for-bribery
20140513,297139343,20140513,ISRAEL,ISR,SYRIAN,SYR,192,영토 점령,19,4,-9.5,14,1,14,1.53649167733675,"Quneitra, Al Qunaytirah, Syria",SY,http://www.debka.com/article/23914/Nine-US-backed-Syrian-rebel-militias-advance-on-Quneitra-key-to-controlling-Golan
20140513,297139344,20140513,ISRAEL,ISR,SYRIAN,SYR,192,영토 점령,19,4,-9.5,2,1,2,1.53649167733675,Israel,IS,http://www.debka.com/article/23914/Nine-US-backed-Syrian-rebel-militias-advance-on-Quneitra-key-to-controlling-Golan
20140513,297139547,20140513,ISRAELI,ISR,PALESTINIAN,PSE,190,재래식 군사력 사용,19,4,-10.0,3,1,3,5.63583815028902,"Jerusalem, Israel (general), Israel",IS,http://www.washingtonpost.com/opinions/jimmy-carter-united-palestinian-government-may-provide-new-opportunities-for-peace/2014/05/12/9e36f4a8-d9dd-11e3-b745-87d39690c5c0_story.html?wprss=rss_opinions
20140513,297139787,20140513,ISRAELI,ISR,PALESTINIAN,PSE,190,재래식 군사력 사용,19,4,-10.0,18,2,18,3.31537840021546,Israel,IS,http://www.dawn.com/news/1106097/indias-modi-moment
20140513,297139951,20140513,ISRAELI,ISR,PALESTINIAN,PSE,190,재래식 군사력 사용,19,4,-10.0,2,1,2,0.905797101449275,"Hebron, Israel (general), Israel",IS,http://www.scoop.co.nz/stories/WO1405/S00118/israeli-forces-continue-attacks-against-palestinians.htm
20140513,297139953,20140513,ISRAELI,ISR,WEST BANK,PSE,190,재래식 군사력 사용,19,4,-10.0,18,3,18,1.05517561045135,"Jerusalem, Israel (general), Israel",IS,http://www.saudigazette.com.sa/index.cfm?method=home.regcon&contentid=20140514205033
20140513,297147682,20140513,BEIRUT,LBN,SYRIAN,SYR,190,재래식 군사력 사용,19,4,-10.0,40,5,40,1.48210680518313,"Berlin, Berlin, Germany",GM,http://www.ironmountaindailynews.com/page/content.detail/id/503385/Battles-rage-in-eastern-Syria--activists-say.html?isap=1&nav=5024
20140513,297147683,20140513,BEIRUT,LBN,SYRIAN,SYR,190,재래식 군사력 사용,19,4,-10.0,8,1,8,1.66389351081531,"Damascus, Dimashq, Syria",SY,http://www.appeal-democrat.com/news/world_news/battles-rage-in-eastern-syria-activists-say/article_947d00af-2918-5df5-b6ed-5f509596a0f4.html
20140513,297147684,20140513,BEIRUT,LBN,SYRIAN,SYR,190,재래식 군사력 사용,19,4,-10.0,2,1,2,2.10896309314587,"Damascus, Dimashq, Syria",SY,http://www.dailynews.com/general-news/20140512/activists-report-fierce-battles-in-eastern-syria
20140513,297147685,20140513,BEIRUT,LBN,SYRIAN,SYR,190,재래식 군사력 사용,19,4,-10.0,2,1,2,1.66389351081531,"Beirut, Beyrouth, Lebanon",LE,http://www.appeal-democrat.com/news/world_news/battles-rage-in-eastern-syria-activists-say/article_947d00af-2918-5df5-b6ed-5f509596a0f4.html
20140513,297147686,20140513,LEBANON,LBN,SYRIA,SYR,190,재래식 군사력 사용,19,4,-10.0,4,1,4,2.44034707158351,"Aleppo, ?alab, Syria",SY,http://www.al-monitor.com/pulse/security/2014/05/syria-search-moderate-opposition-force-jihadists.html
20140513,297147687,20140513,LEBANESE,LBN,SYRIAN,SYR,190,재래식 군사력 사용,19,4,-10.0,1,1,1,2.67379679144385,"Qalamoun, Rif Dimashq, Syria",SY,http://english.farsnews.com/newstext.aspx?nn=13930223000384
20140513,297147688,20140513,LEBANON,LBN,SYRIA,SYR,190,재래식 군사력 사용,19,4,-10.0,1,1,1,2.44034707158351,Lebanon,LE,http://www.al-monitor.com/pulse/security/2014/05/syria-search-moderate-opposition-force-jihadists.html
20140513,297147689,20140513,BEIRUT,LBN,SYRIAN,SYR,190,재래식 군사력 사용,19,4,-10.0,10,5,10,1.48210680518313,"Berlin, Berlin, Germany",GM,http://www.ironmountaindailynews.com/page/content.detail/id/503385/Battles-rage-in-eastern-Syria--activists-say.html?isap=1&nav=5024
20140513,297147690,20140513,BEIRUT,LBN,SYRIAN,SYR,190,재래식 군사력 사용,19,4,-10.0,8,1,8,2.10896309314587,"Beirut, Beyrouth, Lebanon",LE,http://www.dailynews.com/general-news/20140512/activists-report-fierce-battles-in-eastern-syria
20140513,297147691,20140513,LEBANON,LBN,SYRIA,SYR,190,재래식 군사력 사용,19,4,-10.0,2,2,2,2.55707193151368,"Qalamoun, Rif Dimashq, Syria",SY,http://www.al-monitor.com/pulse/security/2014/05/syria-search-moderate-opposition-force-jihadists.html
20140513,297147692,20140513,BEIRUT,LBN,SYRIAN,SYR,190,재래식 군사력 사용,19,4,-10.0,10,1,10,0.564971751412429,Syria,SY,http://www.philly.com/philly/news/nation_world/20140513_Syrian_rebel_factions_in_pitched_fight.html
20140513,297147696,20140513,LEBANESE,LBN,SYRIAN,SYR,190,재래식 군사력 사용,19,4,-10.0,2,1,2,2.67379679144385,"Qalamoun, Rif Dimashq, Syria",SY,http://english.farsnews.com/newstext.aspx?nn=13930223000384
20140513,297147738,20140513,LEBANON,LBN,SAUDI ARABIA,SAU,190,재래식 군사력 사용,19,4,-10.0,2,1,2,2.44313395113732,"Arsal, Mohafazat Baalbek-Hermel, Lebanon",LE,http://m.ceip.org/sada/?fa=55582
20140513,297166384,20140513,PALESTINE,PSE,ISRAEL,ISR,163,금수·보이콧·제재 부과,16,4,-8.0,12,2,12,4.20822171441341,"Tel Aviv, Tel Aviv, Israel",IS,http://electronicintifada.net/blogs/ali-abunimah/grace-lee-boggs-danny-glover-object-film-screening-tel-aviv
20140513,297166402,20140513,WEST BANK,PSE,ISRAEL,ISR,190,재래식 군사력 사용,19,4,-10.0,1,1,1,0.0,Israel,IS,http://www.maannews.net/eng/ViewDetails.aspx?ID=696973
20140513,297166403,20140513,WEST BANK,PSE,ISRAEL,ISR,190,재래식 군사력 사용,19,4,-10.0,1,1,1,0.0,Israel,IS,http://www.maannews.net/eng/ViewDetails.aspx?ID=696973
20140513,297166404,20140513,PALESTINIAN,PSE,ISRAEL,ISR,190,재래식 군사력 사용,19,4,-10.0,19,3,19,2.28205719122392,"Gaza, Israel (general), Israel",IS,http://www.dispatch.com/content/stories/editorials/2014/05/13/1-israel-culpable.html
20140513,297166405,20140513,PALESTINIAN,PSE,ISRAELI,ISR,190,재래식 군사력 사용,19,4,-10.0,4,2,4,3.21525096525096,Israel,IS,http://en.apa.az/xeber_gazans_rally_to_support_hunger-striking__211233.html
20140513,297166406,20140513,PALESTINIAN,PSE,ISRAELI,ISR,191,봉쇄·이동 제한,19,4,-9.5,2,1,2,1.13636363636364,Israel,IS,http://www.echo.net.au/2014/05/israel-isolating-palestinian-children-report/
20140513,297166407,20140513,WEST BANK,PSE,ISRAEL,ISR,192,영토 점령,19,4,-9.5,2,1,2,0.905797101449275,"Nablus, West Bank (general), West Bank",WE,http://www.scoop.co.nz/stories/WO1405/S00118/israeli-forces-continue-attacks-against-palestinians.htm
20140513,297166408,20140513,WEST BANK,PSE,ISRAELI,ISR,192,영토 점령,19,4,-9.5,8,1,8,0.905797101449275,"Hebron, Israel (general), Israel",IS,http://www.scoop.co.nz/stories/WO1405/S00118/israeli-forces-continue-attacks-against-palestinians.htm
20140513,297166409,20140513,PALESTINIAN,PSE,ISRAEL,ISR,193,소형무기·경무기를 이용한 전투,19,4,-10.0,4,1,4,1.63265306122449,"Gaza, Israel (general), Israel",IS,http://www.alternativenews.org/english/index.php/features/human-rights/8039-photos-gaza-worker-shot-near-border
20140513,297166430,20140513,GAZA,PSE,ISRAEL,ISR,193,소형무기·경무기를 이용한 전투,19,4,-10.0,4,1,4,1.63265306122449,"Gaza, Israel (general), Israel",IS,http://www.alternativenews.org/english/index.php/features/human-rights/8039-photos-gaza-worker-shot-near-border
20140513,297166445,20140513,WEST BANK,PSE,ISRAELI,ISR,190,재래식 군사력 사용,19,4,-10.0,10,1,10,0.0,"Nablus, West Bank (general), West Bank",WE,http://twocircles.net/2014may13/11_palestinians_arrested_raids_across_west_bank.html
20140513,297166446,20140513,WEST BANK,PSE,ISRAELI,ISR,190,재래식 군사력 사용,19,4,-10.0,10,1,10,0.546448087431694,"Nablus, West Bank (general), West Bank",WE,http://www.thehindu.com/news/international/11-palestinians-arrested-in-raids-across-west-bank/article6005601.ece
20140513,297166447,20140513,WEST BANK,PSE,ISRAEL,ISR,190,재래식 군사력 사용,19,4,-10.0,6,1,6,0.0,Israel,IS,http://www.maannews.net/eng/ViewDetails.aspx?ID=696973
20140513,297166448,20140513,PALESTINIAN,PSE,ISRAELI,ISR,193,소형무기·경무기를 이용한 전투,19,4,-10.0,1,1,1,0.905797101449275,"Hebron, Israel (general), Israel",IS,http://www.scoop.co.nz/stories/WO1405/S00118/israeli-forces-continue-attacks-against-palestinians.htm
20140513,297166458,20140513,GAZA,PSE,ISRAEL,ISR,190,재래식 군사력 사용,19,4,-10.0,2,1,2,3.02197802197802,"Jerusalem, Israel (general), Israel",IS,http://hosted2.ap.org/APDEFAULT/3d281c11a96b4ad082fe88aa0db04305/Article_2014-05-13-ML-Israel-Olmert/id-d705457708b04b2792b776235f1e07e4
20140513,297166459,20140513,GAZA,PSE,ISRAEL,ISR,190,재래식 군사력 사용,19,4,-10.0,40,16,40,2.89935249926453,"Jerusalem, Israel (general), Israel",IS,http://www.stuff.co.nz/nelson-mail/news/world-news/10041089/Ex-Israeli-prime-minister-jailed-for-bribery
20140513,297166460,20140513,GAZA,PSE,ISRAEL,ISR,190,재래식 군사력 사용,19,4,-10.0,92,27,92,3.35864749658212,"Gaza, Israel (general), Israel",IS,http://tribune-chronicle.com/page/content.detail/id/503777/Israel-s-Olmert-gets-6-year-sentence-in-bribe-case.html?isap=1&nav=5030
20140513,297166461,20140513,GAZA,PSE,ISRAEL,ISR,190,재래식 군사력 사용,19,4,-10.0,6,3,6,3.6621704429793,"Tel Aviv, Tel Aviv, Israel",IS,http://www.seattlepi.com/news/crime/article/Israel-s-Olmert-gets-6-year-sentence-in-bribe-case-5473141.php
20140513,297166462,20140513,GAZA,PSE,ISRAEL,ISR,190,재래식 군사력 사용,19,4,-10.0,4,2,4,3.7087975173536,"White House, District of Columbia, United States",US,http://www.ledger-enquirer.com/2014/05/13/3101358/israeli-court-sentences-ex-pm.html?sp=/99/164/252/
20140513,297166576,20140513,PALESTINIAN,PSE,ISRAELI,ISR,191,봉쇄·이동 제한,19,4,-9.5,2,1,2,1.13636363636364,Israel,IS,http://www.echo.net.au/2014/05/israel-isolating-palestinian-children-report/
20140513,297166594,20140513,MAHMOUD ABBAS,PSE,ISRAEL,ISR,194,포병·전차를 이용한 전투,19,4,-10.0,2,1,2,5.38243626062323,"Gaza, Israel (general), Israel",IS,http://www.jpost.com/Diplomacy-and-Politics/Netanyahu-If-Fatah-Hamas-unity-deal-signed-well-hold-Abbas-responsible-for-every-rocket-352132
20140513,297166612,20140513,PALESTINIAN,PSE,ISRAELI,ISR,193,소형무기·경무기를 이용한 전투,19,4,-10.0,5,1,5,1.33333333333333,"Gaza, Israel (general), Israel",IS,http://972mag.com/photos-palestinian-worker-shot-by-israeli-soldiers-near-gaza-border/90769/
20140513,297166666,20140513,HAMAS,PSE,ISRAELI,ISR,194,포병·전차를 이용한 전투,19,4,-10.0,2,1,2,1.09622411693057,"Gaza, Israel (general), Israel",IS,http://www.highlandernews.org/13579/asucr-actions-on-divestment-hurt-democracy/
20140513,297166668,20140513,HAMAS,PSE,ISRAELI,ISR,194,포병·전차를 이용한 전투,19,4,-10.0,3,1,3,1.09622411693057,"Gaza, Israel (general), Israel",IS,http://www.highlandernews.org/13579/asucr-actions-on-divestment-hurt-democracy/
20140513,297167160,20140513,QATAR,QAT,EGYPT,EGY,163,금수·보이콧·제재 부과,16,4,-8.0,10,1,10,0.0,"Cairo, Al Qahirah, Egypt",EG,"MENA news agency, Cairo/BBC Monitoring/(c) BBC"
20140513,297167161,20140513,QATAR,QAT,EGYPTIAN,EGY,163,금수·보이콧·제재 부과,16,4,-8.0,20,1,20,2.8,"Cairo, Al Qahirah, Egypt",EG,http://www.worldbulletin.net/haberler/136231/egypt-condemns-qaradawis-call-for-election-boycott
20140513,297171492,20140513,SAUDI,SAU,BAGHDAD,IRQ,190,재래식 군사력 사용,19,4,-10.0,2,1,2,0.50761421319797,"Baghdad, Baghdad, Iraq",IZ,http://www.saudigazette.com.sa/index.cfm?method=home.regcon&contentid=20140514205032
20140513,297171863,20140513,ABDULLAH,SAU,EGYPT,EGY,190,재래식 군사력 사용,19,4,-10.0,1,1,1,1.8348623853211,Egypt,EG,http://www.commondreams.org/headline/2014/05/13-7&c=j_2CXmhASCHIe8T-k_8gMAs2dyU9Xu5ondUcFYLKi6k&mkt=en-us
20140513,297172002,20140513,SAUDI ARABIA,SAU,IRAQ,IRQ,190,재래식 군사력 사용,19,4,-10.0,2,1,2,0.50761421319797,"Baghdad, Baghdad, Iraq",IZ,http://www.saudigazette.com.sa/index.cfm?method=home.regcon&contentid=20140514205032
20140513,297172003,20140513,SAUDI,SAU,BAGHDAD,IRQ,190,재래식 군사력 사용,19,4,-10.0,6,1,6,0.50761421319797,"Baghdad, Baghdad, Iraq",IZ,http://www.saudigazette.com.sa/index.cfm?method=home.regcon&contentid=20140514205032
20140513,297174091,20140513,SYRIA,SYR,IRAQ,IRQ,190,재래식 군사력 사용,19,4,-10.0,1,1,1,1.64705882352941,Iraq,IZ,http://www.dispatch.com/content/stories/national_world/2014/05/13/rival-al-qaida-groups-fighting-each-other.html
20140513,297174092,20140513,SYRIAN,SYR,IRAQ,IRQ,190,재래식 군사력 사용,19,4,-10.0,7,1,7,1.53846153846154,Syria,SY,http://www.albawaba.com/conflict-syria/syria-militants-575948
20140513,297174093,20140513,SYRIAN,SYR,IRAQ,IRQ,190,재래식 군사력 사용,19,4,-10.0,17,3,17,1.53985649395374,Syria,SY,http://www.lebanonews.net/content/battles-rage-eastern-syria-activists-say
20140513,297174110,20140513,SYRIA,SYR,ISRAEL,ISR,192,영토 점령,19,4,-9.5,14,2,14,2.43492940429698,Israel,IS,http://www.worldbulletin.net/news/136148/unsc-could-vote-within-days-on-syria-icc-referral
20140513,297174111,20140513,SYRIA,SYR,ISRAEL,ISR,192,영토 점령,19,4,-9.5,2,1,2,2.36593059936909,France,FR,http://www.trust.org/item/20140512184348-97wdn/?source=fiHeadLinkStory
20140513,297174139,20140513,SYRIA,SYR,JORDAN,JOR,192,영토 점령,19,4,-9.5,10,1,10,0.588235294117647,Syria,SY,http://www.ansa.it/ansamed/en/news/sections/generalnews/2014/05/13/jordan-arrests-7-for-trying-to-cross-into-syria-illegally_877ecafc-87d5-4ac3-a373-1ee355b71362.html
20140513,297174154,20140513,SYRIAN,SYR,BEIRUT,LBN,190,재래식 군사력 사용,19,4,-10.0,2,1,2,1.66389351081531,"Damascus, Dimashq, Syria",SY,http://www.appeal-democrat.com/news/world_news/battles-rage-in-eastern-syria-activists-say/article_947d00af-2918-5df5-b6ed-5f509596a0f4.html
20140513,297174155,20140513,SYRIAN,SYR,BEIRUT,LBN,190,재래식 군사력 사용,19,4,-10.0,16,2,16,1.88642830198059,"Beirut, Beyrouth, Lebanon",LE,http://www.appeal-democrat.com/news/world_news/battles-rage-in-eastern-syria-activists-say/article_947d00af-2918-5df5-b6ed-5f509596a0f4.html
20140513,297174156,20140513,SYRIA,SYR,LEBANON,LBN,190,재래식 군사력 사용,19,4,-10.0,4,1,4,2.44034707158351,"Qalamoun, Rif Dimashq, Syria",SY,http://www.al-monitor.com/pulse/security/2014/05/syria-search-moderate-opposition-force-jihadists.html
20140513,297174157,20140513,SYRIAN,SYR,BEIRUT,LBN,190,재래식 군사력 사용,19,4,-10.0,2,1,2,2.10896309314587,"Damascus, Dimashq, Syria",SY,http://www.dailynews.com/general-news/20140512/activists-report-fierce-battles-in-eastern-syria
20140513,297174158,20140513,SYRIAN,SYR,LEBANESE,LBN,190,재래식 군사력 사용,19,4,-10.0,2,1,2,2.67379679144385,"Tehran, Tehran, Iran",IR,http://english.farsnews.com/newstext.aspx?nn=13930223000384
20140513,297174159,20140513,SYRIA,SYR,LEBANON,LBN,190,재래식 군사력 사용,19,4,-10.0,2,1,2,2.44034707158351,Lebanon,LE,http://www.al-monitor.com/pulse/security/2014/05/syria-search-moderate-opposition-force-jihadists.html
20140513,297174160,20140513,SYRIAN,SYR,BEIRUT,LBN,190,재래식 군사력 사용,19,4,-10.0,60,6,60,1.32925096288801,"Beirut, Beyrouth, Lebanon",LE,http://www.ironmountaindailynews.com/page/content.detail/id/503385/Battles-rage-in-eastern-Syria--activists-say.html?isap=1&nav=5024
20140513,297174350,20140513,SYRIAN,SYR,TURKEY,TUR,192,영토 점령,19,4,-9.5,1,1,1,1.46750524109015,Turkey,TU,http://reliefweb.int/report/turkey/syrian-refugees-and-turkey-s-challenges-beyond-limits-hospitality
20140513,297174351,20140513,SYRIAN,SYR,TURKEY,TUR,192,영토 점령,19,4,-9.5,1,1,1,1.46750524109015,Turkey,TU,http://reliefweb.int/report/turkey/syrian-refugees-and-turkey-s-challenges-beyond-limits-hospitality
20140513,297174562,20140513,SYRIAN,SYR,LEBANESE,LBN,190,재래식 군사력 사용,19,4,-10.0,1,1,1,2.67379679144385,"Tehran, Tehran, Iran",IR,http://english.farsnews.com/newstext.aspx?nn=13930223000384
20140513,297174563,20140513,SYRIAN,SYR,LEBANESE,LBN,190,재래식 군사력 사용,19,4,-10.0,1,1,1,2.67379679144385,"Qalamoun, Rif Dimashq, Syria",SY,http://english.farsnews.com/newstext.aspx?nn=13930223000384
20140513,297174632,20140513,SYRIAN,SYR,TURKEY,TUR,192,영토 점령,19,4,-9.5,6,1,6,1.46750524109015,Turkey,TU,http://reliefweb.int/report/turkey/syrian-refugees-and-turkey-s-challenges-beyond-limits-hospitality
20140513,297175926,20140513,TURKISH,TUR,ISRAEL,ISR,138,군사력 사용 위협,13,3,-7.0,2,1,2,1.86335403726708,"Jerusalem, Israel (general), Israel",IS,http://www.thetower.org/0313-turkey-hosts-un-israel-bashing-conference-on-jerusalem/
20140513,297176096,20140513,TURKEY,TUR,SYRIAN,SYR,192,영토 점령,19,4,-9.5,2,1,2,1.21317157712305,"Ankara, Ankara, Turkey",TU,http://www.eurasianet.org/node/68365/RK=0
20140513,297176097,20140513,TURKEY,TUR,SYRIAN,SYR,192,영토 점령,19,4,-9.5,2,1,2,1.21317157712305,"Ankara, Ankara, Turkey",TU,http://www.eurasianet.org/node/68365/RK=0
20140513,297176098,20140513,TURKEY,TUR,SYRIA,SYR,192,영토 점령,19,4,-9.5,1,1,1,3.31075996990218,"Gaziantep, Gaziantep, Turkey",TU,http://www.dailystar.com.lb/News/Middle-East/2014/May-14/256356-aid-workers-question-effectiveness-of-un-relief-assistance.ashx
20140513,297176099,20140513,TURKEY,TUR,SYRIA,SYR,192,영토 점령,19,4,-9.5,15,6,15,3.17860216311009,"Gaziantep, Gaziantep, Turkey",TU,http://www.dailystar.com.lb/News/Middle-East/2014/May-14/256356-aid-workers-question-effectiveness-of-un-relief-assistance.ashx
20140513,297176100,20140513,GAZIANTEP,TUR,SYRIA,SYR,192,영토 점령,19,4,-9.5,2,1,2,4.7244094488189,Syria,SY,http://www.dailysabah.com/mideast/2014/05/13/aid-workers-question-effectiveness-of-un-syria-aid
20140513,297176198,20140513,TURKISH,TUR,YEMENI,YEM,138,군사력 사용 위협,13,3,-7.0,4,1,4,1.08695652173913,Turkey,TU,http://en.apa.az/news/211229
20140513,297176394,20140513,TURKISH,TUR,YEMENI,YEM,138,군사력 사용 위협,13,3,-7.0,6,1,6,1.08695652173913,Turkey,TU,http://en.apa.az/news/211229
20140513,297206197,20140513,YEMEN,YEM,SAUDI,SAU,190,재래식 군사력 사용,19,4,-10.0,2,1,2,2.08333333333333,Saudi Arabia,SA,"26 September website, Sanaa/BBC Monitoring/(c) BBC"
20140513,297206200,20140513,YEMEN,YEM,SAUDI ARABIA,SAU,190,재래식 군사력 사용,19,4,-10.0,4,1,4,2.08333333333333,Saudi Arabia,SA,"26 September website, Sanaa/BBC Monitoring/(c) BBC"
20140514,297211531,20140507,IRAN,IRN,SYRIA,SYR,190,재래식 군사력 사용,19,4,-10.0,10,1,10,2.51497005988024,Syria,SY,http://www.israelnationalnews.com/News/News.aspx/180606
20140514,297211552,20140507,ISRAEL,ISR,GAZA,PSE,194,포병·전차를 이용한 전투,19,4,-10.0,3,1,3,0.0,Gaza Strip,GZ,http://www.timesofisrael.com/missile-from-gaza-fired-at-southern-israel/
20140514,297213895,20140513,TURKEY,TUR,SYRIA,SYR,192,영토 점령,19,4,-9.5,2,1,2,1.64473684210526,"Aleppo, ?alab, Syria",SY,http://www.mid-day.com/articles/british-journalists-shot-and-beaten-in-syria-kidnapping/15298176
20140514,297213896,20140513,TURKEY,TUR,SYRIA,SYR,192,영토 점령,19,4,-9.5,4,2,4,1.36635155755704,"Tall Rifat, ?alab, Syria",SY,http://www.firstpost.com/world/syria-2-british-journalists-shot-at-beaten-1524689.html
20140514,297213897,20140513,TURKEY,TUR,SYRIA,SYR,192,영토 점령,19,4,-9.5,2,1,2,1.64473684210526,Turkey,TU,http://www.mid-day.com/articles/british-journalists-shot-and-beaten-in-syria-kidnapping/15298176
20140514,297213898,20140513,TURKEY,TUR,SYRIA,SYR,192,영토 점령,19,4,-9.5,4,2,4,1.36635155755704,Turkey,TU,http://www.firstpost.com/world/syria-2-british-journalists-shot-at-beaten-1524689.html
20140514,297281250,20140514,IRANIAN,IRN,ISRAEL,ISR,154,군 병력 동원·증강,15,4,-7.2,2,1,2,1.19047619047619,Gaza Strip,GZ,http://www.worldtribune.com/2014/05/14/islamic-jihad-unveils-sams-prepares-confrontation-israel/
20140514,297281251,20140514,IRANIAN,IRN,ISRAEL,ISR,154,군 병력 동원·증강,15,4,-7.2,8,1,8,1.19047619047619,Iran,IR,http://www.worldtribune.com/2014/05/14/islamic-jihad-unveils-sams-prepares-confrontation-israel/
20140514,297281253,20140514,IRAN,IRN,ISRAEL,ISR,190,재래식 군사력 사용,19,4,-10.0,2,1,2,1.71821305841924,Iran,IR,http://www.israelnationalnews.com/News/News.aspx/180638
20140514,297281254,20140514,IRAN,IRN,ISRAEL,ISR,190,재래식 군사력 사용,19,4,-10.0,8,1,8,1.35135135135135,Israel,IS,http://www.israelnationalnews.com/News/Flash.aspx/293268
20140514,297281255,20140514,IRAN,IRN,ISRAEL,ISR,190,재래식 군사력 사용,19,4,-10.0,2,1,2,1.71821305841924,United States,US,http://www.israelnationalnews.com/News/News.aspx/180638
20140514,297281256,20140514,IRAN,IRN,ISRAEL,ISR,190,재래식 군사력 사용,19,4,-10.0,2,1,2,1.35135135135135,Iran,IR,http://www.israelnationalnews.com/News/Flash.aspx/293268
20140514,297281257,20140514,IRAN,IRN,ISRAEL,ISR,190,재래식 군사력 사용,19,4,-10.0,6,1,6,1.71821305841924,United States,US,http://www.israelnationalnews.com/News/News.aspx/180638
20140514,297281258,20140514,IRAN,IRN,ISRAEL,ISR,194,포병·전차를 이용한 전투,19,4,-10.0,6,1,6,2.71604938271605,"Jerusalem, Israel (general), Israel",IS,http://canadafreepress.com/index.php/article/63059
20140514,297281259,20140514,IRAN,IRN,ISRAEL,ISR,194,포병·전차를 이용한 전투,19,4,-10.0,2,1,2,2.71604938271605,"Jerusalem, Israel (general), Israel",IS,http://canadafreepress.com/index.php/article/63059
20140514,297281260,20140514,IRAN,IRN,ISRAEL,ISR,194,포병·전차를 이용한 전투,19,4,-10.0,2,1,2,2.71604938271605,"White House, District of Columbia, United States",US,http://canadafreepress.com/index.php/article/63059
20140514,297281617,20140514,TEHRAN,IRN,SYRIAN,SYR,190,재래식 군사력 사용,19,4,-10.0,1,1,1,0.0,"Tehran, Tehran, Iran",IR,http://centralasiaonline.com/en_GB/articles/caii/newsbriefs/2014/05/14/newsbrief-08
20140514,297281618,20140514,TEHRAN,IRN,SYRIAN,SYR,190,재래식 군사력 사용,19,4,-10.0,1,1,1,0.0,"Tehran, Tehran, Iran",IR,http://centralasiaonline.com/en_GB/articles/caii/newsbriefs/2014/05/14/newsbrief-08
20140514,297281787,20140514,IRAN,IRN,YEMEN,YEM,190,재래식 군사력 사용,19,4,-10.0,6,2,6,0.863930885529158,"Abyan, Fars, Iran",IR,http://www.malaysiasun.com/index.php/sid/221986507/scat/b8de8e630faf3631/ht/Eight-soldiers-among-18-killed-in-Yemen-attacks&c=5lNMVbq9NsbgFbQfaxKnNbD_ciLLHDXlQQo26tLTx18&mkt=en-us
20140514,297281788,20140514,IRAN,IRN,YEMEN,YEM,190,재래식 군사력 사용,19,4,-10.0,6,2,6,0.863930885529158,"Shabwa, La?ij, Yemen",YM,http://www.malaysiasun.com/index.php/sid/221986507/scat/b8de8e630faf3631/ht/Eight-soldiers-among-18-killed-in-Yemen-attacks&c=5lNMVbq9NsbgFbQfaxKnNbD_ciLLHDXlQQo26tLTx18&mkt=en-us
20140514,297283157,20140514,ISRAELI,ISR,LEBANON,LBN,190,재래식 군사력 사용,19,4,-10.0,10,1,10,1.87919463087248,"Beirut, Beyrouth, Lebanon",LE,http://www.dailystar.com.lb/News/Lebanon-News/2014/May-15/256468-power-plant-under-fire-as-water-pollution-mars-beach-hotspot.ashx
20140514,297283357,20140514,ISRAELI,ISR,GAZA,PSE,138,군사력 사용 위협,13,3,-7.0,4,1,4,2.3598820058997,"Gaza, Israel (general), Israel",IS,http://www.webpronews.com/ehud-olmert-headed-to-prison-for-taking-bribes-2014-05
20140514,297283368,20140514,JERUSALEM,ISR,PALESTINIAN,PSE,190,재래식 군사력 사용,19,4,-10.0,38,4,38,1.91949513276527,"Gaza, Israel (general), Israel",IS,http://www.washingtonpost.com/world/middle_east/with-inakba-palestinians-delve-into-their-history/2014/05/14/7c2a8026-db8d-11e3-a837-8835df6c12c4_story.html?tid=hpModule_04941f10-8a79-11e2-98d9-3012c1cd8d1e
20140514,297283369,20140514,ISRAELI,ISR,GAZA,PSE,190,재래식 군사력 사용,19,4,-10.0,8,1,8,0.869565217391304,Gaza Strip,GZ,http://www.worldbulletin.net/haberler/136280/israeli-forces-stage-gaza-incursion
20140514,297283370,20140514,ISRAELI,ISR,GAZA,PSE,190,재래식 군사력 사용,19,4,-10.0,20,1,20,0.869565217391304,"Gaza, Israel (general), Israel",IS,http://www.worldbulletin.net/haberler/136280/israeli-forces-stage-gaza-incursion
20140514,297283371,20140514,ISRAELI,ISR,GAZA,PSE,190,재래식 군사력 사용,19,4,-10.0,12,1,12,0.869565217391304,Gaza Strip,GZ,http://www.worldbulletin.net/haberler/136280/israeli-forces-stage-gaza-incursion
20140514,297283372,20140514,ISRAELI,ISR,PALESTINIAN,PSE,190,재래식 군사력 사용,19,4,-10.0,4,1,4,3.15656565656566,"Kiev, Ukraine (general), Ukraine",UP,http://www.deccanchronicle.com/140515/commentary-columnists/article/indias-modi-moment
20140514,297283373,20140514,ISRAEL,ISR,GAZA,PSE,192,영토 점령,19,4,-9.5,4,1,4,0.0,"Gaza City, Israel (general), Israel",IS,http://www.maannews.net/eng/ViewDetails.aspx?ID=697240
20140514,297283374,20140514,ISRAEL,ISR,GAZA,PSE,193,소형무기·경무기를 이용한 전투,19,4,-10.0,1,1,1,0.641025641025641,"Gaza, Israel (general), Israel",IS,http://www.turkishpress.com/news/405389/
20140514,297283375,20140514,ISRAELI,ISR,GAZA,PSE,194,포병·전차를 이용한 전투,19,4,-10.0,4,1,4,2.46609124537608,"Gaza, Israel (general), Israel",IS,http://ripr.org/post/2007-ban-gaza-strip-exports-hurts-palestinian-welfare
20140514,297283376,20140514,ISRAELI,ISR,GAZA,PSE,194,포병·전차를 이용한 전투,19,4,-10.0,1,1,1,2.46609124537608,West Bank,WE,http://ripr.org/post/2007-ban-gaza-strip-exports-hurts-palestinian-welfare
20140514,297283377,20140514,ISRAEL,ISR,GAZA,PSE,194,포병·전차를 이용한 전투,19,4,-10.0,2,1,2,0.0,Gaza Strip,GZ,http://www.timesofisrael.com/missile-from-gaza-fired-at-southern-israel/
20140514,297283378,20140514,ISRAELI,ISR,GAZA,PSE,194,포병·전차를 이용한 전투,19,4,-10.0,1,1,1,2.46609124537608,West Bank,WE,http://ripr.org/post/2007-ban-gaza-strip-exports-hurts-palestinian-welfare
20140514,297283385,20140514,ISRAELI,ISR,PALESTINIAN,PSE,193,소형무기·경무기를 이용한 전투,19,4,-10.0,2,1,2,2.3972602739726,"Gaza, Israel (general), Israel",IS,http://electronicintifada.net/content/odeh-hamad-shot-dead-israel-his-birthday/13378
20140514,297283387,20140514,ISRAEL,ISR,MAHMOUD ABBAS,PSE,190,재래식 군사력 사용,19,4,-10.0,20,1,20,5.04451038575668,Israel,IS,http://www.digitaljournal.com/news/politics/new-hamas-fatah-unity-government-will-require-parliament-approval/article/383751
20140514,297283406,20140514,ISRAELI,ISR,HAMAS,PSE,138,군사력 사용 위협,13,3,-7.0,6,1,6,2.3598820058997,"Gaza, Israel (general), Israel",IS,http://www.webpronews.com/ehud-olmert-headed-to-prison-for-taking-bribes-2014-05
20140514,297283414,20140514,ISRAELI,ISR,HAMAS,PSE,194,포병·전차를 이용한 전투,19,4,-10.0,20,2,20,2.41298662563789,"Gaza, Israel (general), Israel",IS,http://ripr.org/post/2007-ban-gaza-strip-exports-hurts-palestinian-welfare
20140514,297283423,20140514,ISRAELI,ISR,GAZA,PSE,190,재래식 군사력 사용,19,4,-10.0,2,1,2,2.88548241659152,"Gaza, Israel (general), Israel",IS,http://www.stuff.co.nz/world/middle-east/10041089/Ex-Israeli-prime-minister-jailed-for-bribery
20140514,297283424,20140514,ISRAEL,ISR,PALESTINIAN,PSE,190,재래식 군사력 사용,19,4,-10.0,2,1,2,2.72727272727273,Israel,IS,http://www.rightsidenews.com/2014051434274/editorial/rsn-pick-of-the-day/the-real-story-of-benghazi-and-the-arab-spring.html
20140514,297283486,20140514,ISRAELI,ISR,SYRIA,SYR,190,재래식 군사력 사용,19,4,-10.0,1,1,1,0.712589073634204,"Umm Al-Fahm, H_efa, Israel",IS,http://www.timesofisrael.com/alleged-israeli-jihadi-arrested-upon-return-from-syria/
20140514,297283487,20140514,ISRAELI,ISR,SYRIA,SYR,190,재래식 군사력 사용,19,4,-10.0,4,1,4,0.712589073634204,Syria,SY,http://www.timesofisrael.com/alleged-israeli-jihadi-arrested-upon-return-from-syria/
20140514,297283488,20140514,ISRAEL,ISR,SYRIA,SYR,192,영토 점령,19,4,-9.5,31,3,23,0.708883055677622,"Golan Heights, Syria (general), Syria",SY,http://www.naharnet.com/stories/en/130540-arab-israeli-on-trial-for-joining-jihadist-fighters-in-syria
20140514,297283489,20140514,ISRAEL,ISR,SYRIA,SYR,192,영토 점령,19,4,-9.5,3,3,3,0.591197394309504,Turkey,TU,http://www.naharnet.com/stories/en/130540-arab-israeli-on-trial-for-joining-jihadist-fighters-in-syria
20140514,297283490,20140514,ISRAEL,ISR,SYRIA,SYR,192,영토 점령,19,4,-9.5,6,3,6,0.591197394309504,"Umm Al-Fahm, H_efa, Israel",IS,http://www.naharnet.com/stories/en/130540-arab-israeli-on-trial-for-joining-jihadist-fighters-in-syria
20140514,297283493,20140514,ISRAELI,ISR,SYRIA,SYR,190,재래식 군사력 사용,19,4,-10.0,10,1,10,0.0,"Umm Al-Fahm, H_efa, Israel",IS,http://www.jta.org/2014/05/14/news-opinion/israel-middle-east/israeli-charged-after-returning-from-syria-fighting
20140514,297283559,20140514,ISRAELI,ISR,TURKEY,TUR,138,군사력 사용 위협,13,3,-7.0,4,1,4,2.76923076923077,Israel,IS,http://www.worldbulletin.net/haberler/136336/gazas-ark-to-defy-israeli-blockade-despite-attack
20140514,297283560,20140514,ISRAELI,ISR,TURKEY,TUR,138,군사력 사용 위협,13,3,-7.0,4,1,4,2.76923076923077,Israel,IS,http://www.worldbulletin.net/haberler/136336/gazas-ark-to-defy-israeli-blockade-despite-attack
20140514,297283562,20140514,ISRAEL,ISR,TURKEY,TUR,190,재래식 군사력 사용,19,4,-10.0,4,1,4,2.56410256410256,"White House, District of Columbia, United States",US,http://www.naharnet.com/stories/en/130588-u-s-israel-offer-to-help-turkey-over-mine-disaster
20140514,297283563,20140514,ISRAEL,ISR,TURKEY,TUR,190,재래식 군사력 사용,19,4,-10.0,1,1,1,2.56410256410256,"White House, District of Columbia, United States",US,http://www.naharnet.com/stories/en/130588-u-s-israel-offer-to-help-turkey-over-mine-disaster
20140514,297283730,20140514,ISRAELI,ISR,PALESTINIAN,PSE,190,재래식 군사력 사용,19,4,-10.0,3,1,3,5.55555555555556,"Jerusalem, Israel (general), Israel",IS,http://www.nation.com.pk/international/15-May-2014/united-palestinian-govt-may-provide-new-opportunities-for-peace
20140514,297283731,20140514,ISRAELI,ISR,PALESTINIAN,PSE,190,재래식 군사력 사용,19,4,-10.0,3,1,3,5.67375886524823,"Gaza, Israel (general), Israel",IS,http://theelders.org/article/united-palestinian-government-may-provide-new-opportunities-peace
20140514,297283890,20140514,ISRAELI,ISR,PALESTINIAN,PSE,190,재래식 군사력 사용,19,4,-10.0,6,1,6,3.15656565656566,Israel,IS,http://www.deccanchronicle.com/140515/commentary-columnists/article/indias-modi-moment
20140514,297283995,20140514,ISRAELI,ISR,TURKEY,TUR,138,군사력 사용 위협,13,3,-7.0,6,1,6,2.76923076923077,Israel,IS,http://www.worldbulletin.net/haberler/136336/gazas-ark-to-defy-israeli-blockade-despite-attack
20140514,297284030,20140514,ISRAEL,ISR,GAZA,PSE,190,재래식 군사력 사용,19,4,-10.0,2,1,2,0.0,"Gaza, Israel (general), Israel",IS,http://www.timesofisrael.com/missile-from-gaza-fired-at-southern-israel/
20140514,297291331,20140514,LEBANON,LBN,ISRAEL,ISR,193,소형무기·경무기를 이용한 전투,19,4,-10.0,2,1,2,2.3598820058997,Lebanon,LE,http://www.webpronews.com/ehud-olmert-headed-to-prison-for-taking-bribes-2014-05
20140514,297291332,20140514,LEBANON,LBN,ISRAEL,ISR,194,포병·전차를 이용한 전투,19,4,-10.0,2,1,2,2.3598820058997,"Jerusalem, Israel (general), Israel",IS,http://www.webpronews.com/ehud-olmert-headed-to-prison-for-taking-bribes-2014-05
20140514,297291454,20140514,LEBANESE,LBN,SYRIAN,SYR,190,재래식 군사력 사용,19,4,-10.0,2,2,2,2.13149820664621,"Qalamoun, Rif Dimashq, Syria",SY,http://www.abna.ir/english/service/middle-east-west-asia/archive/2014/05/14/608468/story.html
20140514,297291455,20140514,LEBANESE,LBN,SYRIAN,SYR,190,재래식 군사력 사용,19,4,-10.0,1,1,1,1.81818181818182,"Qalamoun, Rif Dimashq, Syria",SY,http://www.globalsecurity.org/wmd/library/news/syria/2014/syria-140514-presstv02.htm
20140514,297291456,20140514,LEBANESE,LBN,SYRIAN,SYR,190,재래식 군사력 사용,19,4,-10.0,2,2,2,2.13149820664621,"Qalamoun, Rif Dimashq, Syria",SY,http://www.abna.ir/english/service/middle-east-west-asia/archive/2014/05/14/608468/story.html
20140514,297291457,20140514,LEBANESE,LBN,SYRIAN,SYR,190,재래식 군사력 사용,19,4,-10.0,1,1,1,1.81818181818182,"Qalamoun, Rif Dimashq, Syria",SY,http://www.globalsecurity.org/wmd/library/news/syria/2014/syria-140514-presstv02.htm
20140514,297291462,20140514,LEBANESE,LBN,SYRIAN,SYR,190,재래식 군사력 사용,19,4,-10.0,4,2,4,2.13149820664621,"Qalamoun, Rif Dimashq, Syria",SY,http://www.abna.ir/english/service/middle-east-west-asia/archive/2014/05/14/608468/story.html
20140514,297291463,20140514,LEBANESE,LBN,SYRIAN,SYR,190,재래식 군사력 사용,19,4,-10.0,2,1,2,1.81818181818182,"Qalamoun, Rif Dimashq, Syria",SY,http://www.globalsecurity.org/wmd/library/news/syria/2014/syria-140514-presstv02.htm
20140514,297291522,20140514,LEBANON,LBN,PALESTINIAN,PSE,190,재래식 군사력 사용,19,4,-10.0,4,1,4,0.671140939597315,Lebanon,LE,http://www.maannews.net/eng/ViewDetails.aspx?ID=697295
20140514,297291525,20140514,LEBANON,LBN,SAUDI ARABIA,SAU,190,재래식 군사력 사용,19,4,-10.0,2,1,2,2.44107744107744,"Arsal, Mohafazat Baalbek-Hermel, Lebanon",LE,http://carnegieendowment.org/sada/2014/05/13/is-lebanon-winning-against-al-qaeda/hap7
20140514,297311427,20140514,PALESTINIAN,PSE,IRAQ,IRQ,192,영토 점령,19,4,-9.5,2,1,2,0.925925925925926,Egypt,EG,http://pjmedia.com/blog/global-anti-semitism-poll-finds-shocking-rate-of-holocaust-denial/
20140514,297311518,20140514,PALESTINIAN,PSE,ISRAEL,ISR,138,군사력 사용 위협,13,3,-7.0,4,1,4,2.375173370319,"Beersheba, HaDarom, Israel",IS,http://mondoweiss.net/2014/05/determination-haunts-policy.html
20140514,297311522,20140514,PALESTINIAN,PSE,ISRAEL,ISR,163,금수·보이콧·제재 부과,16,4,-8.0,5,1,5,5.46282245827011,"Gaza, Israel (general), Israel",IS,http://www.thecalifornian.com/story/opinion/throwdown/2014/05/10/did-the-obama-administration-treat-israel-fairly-in-the-recent-mideast-peace-talks/8917871/?from=global&sessionKey=&autologin=
20140514,297311523,20140514,PALESTINE,PSE,ISRAEL,ISR,163,금수·보이콧·제재 부과,16,4,-8.0,10,1,10,4.89795918367347,Israel,IS,http://mwcnews.net/focus/letters-to-editors/40700-doc-aviv-screening.html
20140514,297311524,20140514,PALESTINIAN,PSE,ISRAEL,ISR,163,금수·보이콧·제재 부과,16,4,-8.0,3,1,3,5.46282245827011,"Gaza, Israel (general), Israel",IS,http://www.thecalifornian.com/story/opinion/throwdown/2014/05/10/did-the-obama-administration-treat-israel-fairly-in-the-recent-mideast-peace-talks/8917871/?from=global&sessionKey=&autologin=
20140514,297311533,20140514,PALESTINIAN,PSE,ISRAEL,ISR,190,재래식 군사력 사용,19,4,-10.0,8,1,6,4.45736434108527,"Hebron, Israel (general), Israel",IS,http://www.jewishaz.com/opinion/commentary/bds-campaign-translates-to-genocide-of-jews/article_f5f5f3ba-daeb-11e3-9de3-001a4bcf6878.html
20140514,297311534,20140514,PALESTINIAN,PSE,JERUSALEM,ISR,190,재래식 군사력 사용,19,4,-10.0,24,1,24,1.49082568807339,"Jerusalem, Israel (general), Israel",IS,http://www.washingtonpost.com/world/middle_east/with-inakba-palestinians-delve-into-their-history/2014/05/14/7c2a8026-db8d-11e3-a837-8835df6c12c4_story.html?tid=hpModule_04941f10-8a79-11e2-98d9-3012c1cd8d1e
20140514,297311535,20140514,PALESTINE,PSE,ISRAEL,ISR,192,영토 점령,19,4,-9.5,2,1,2,4.11985018726592,"Crawford, Texas, United States",US,http://www.kltv.com/story/25494724/pint-barrel-drafthouse-a-family-business-youll-be-hungry-to-support
20140514,297311536,20140514,PALESTINIAN,PSE,ISRAEL,ISR,192,영토 점령,19,4,-9.5,1,1,1,0.925925925925926,Algeria,AG,http://pjmedia.com/blog/global-anti-semitism-poll-finds-shocking-rate-of-holocaust-denial/
20140514,297311537,20140514,PALESTINIAN,PSE,ISRAEL,ISR,192,영토 점령,19,4,-9.5,3,1,3,0.925925925925926,Egypt,EG,http://pjmedia.com/blog/global-anti-semitism-poll-finds-shocking-rate-of-holocaust-denial/
20140514,297311538,20140514,PALESTINIAN,PSE,ISRAEL,ISR,192,영토 점령,19,4,-9.5,2,1,2,0.925925925925926,Egypt,EG,http://pjmedia.com/blog/global-anti-semitism-poll-finds-shocking-rate-of-holocaust-denial/
20140514,297311545,20140514,PALESTINIAN,PSE,ISRAELI,ISR,190,재래식 군사력 사용,19,4,-10.0,1,1,1,4.45736434108527,"Hebron, Israel (general), Israel",IS,http://www.jewishaz.com/opinion/commentary/bds-campaign-translates-to-genocide-of-jews/article_f5f5f3ba-daeb-11e3-9de3-001a4bcf6878.html
20140514,297311546,20140514,PALESTINIAN,PSE,ISRAEL,ISR,193,소형무기·경무기를 이용한 전투,19,4,-10.0,2,1,2,2.3972602739726,"Gaza, Israel (general), Israel",IS,http://electronicintifada.net/content/odeh-hamad-shot-dead-israel-his-birthday/13378
20140514,297311559,20140514,GAZA,PSE,ISRAELI,ISR,192,영토 점령,19,4,-9.5,6,1,6,0.0,"Gaza City, Israel (general), Israel",IS,http://www.maannews.net/eng/ViewDetails.aspx?ID=697240
20140514,297311560,20140514,WEST BANK,PSE,ISRAEL,ISR,193,소형무기·경무기를 이용한 전투,19,4,-10.0,2,1,2,2.08570345089116,"Hebron, Israel (general), Israel",IS,http://truth-out.org/news/item/23684-challenging-bullets-not-boycotts-education-under-occupation-in-palestine
20140514,297311573,20140514,GAZA,PSE,ISRAEL,ISR,190,재래식 군사력 사용,19,4,-10.0,2,1,2,2.88548241659152,"Jerusalem, Israel (general), Israel",IS,http://www.stuff.co.nz/world/middle-east/10041089/Ex-Israeli-prime-minister-jailed-for-bribery
20140514,297311574,20140514,GAZA,PSE,ISRAEL,ISR,190,재래식 군사력 사용,19,4,-10.0,2,1,2,2.88548241659152,"Gaza, Israel (general), Israel",IS,http://www.stuff.co.nz/world/middle-east/10041089/Ex-Israeli-prime-minister-jailed-for-bribery
20140514,297311575,20140514,GAZA,PSE,ISRAEL,ISR,194,포병·전차를 이용한 전투,19,4,-10.0,2,1,2,4.71698113207547,"Gaza, Israel (general), Israel",IS,http://www.israelnationalnews.com/News/News.aspx/180605
20140514,297311599,20140514,PALESTINIAN,PSE,LEBANON,LBN,190,재래식 군사력 사용,19,4,-10.0,4,1,4,0.671140939597315,Lebanon,LE,http://www.maannews.net/eng/ViewDetails.aspx?ID=697295
20140514,297311829,20140514,PALESTINIAN,PSE,ISRAELI,ISR,190,재래식 군사력 사용,19,4,-10.0,3,1,3,2.72727272727273,Israel,IS,http://www.rightsidenews.com/2014051434274/editorial/rsn-pick-of-the-day/the-real-story-of-benghazi-and-the-arab-spring.html
20140514,297311830,20140514,PALESTINIAN,PSE,ISRAELI,ISR,190,재래식 군사력 사용,19,4,-10.0,3,1,3,2.72727272727273,"Virginia, United States",US,http://www.rightsidenews.com/2014051434274/editorial/rsn-pick-of-the-day/the-real-story-of-benghazi-and-the-arab-spring.html
20140514,297312317,20140514,QATAR,QAT,EGYPT,EGY,163,금수·보이콧·제재 부과,16,4,-8.0,2,1,2,2.54545454545455,"Cairo, Al Qahirah, Egypt",EG,http://www.turkishpress.com/news/405487/
20140514,297312318,20140514,QATAR,QAT,EGYPTIAN,EGY,163,금수·보이콧·제재 부과,16,4,-8.0,18,2,18,2.68686868686869,"Cairo, Al Qahirah, Egypt",EG,http://www.turkishpress.com/news/405487/
20140514,297317128,20140514,ABDULLAH,SAU,YEMEN,YEM,190,재래식 군사력 사용,19,4,-10.0,6,1,6,1.14285714285714,"Shabwa, La?ij, Yemen",YM,http://www.csmonitor.com/World/Latest-News-Wires/2014/0514/Yemen-Army-clashes-with-Al-Qaeda-militants-kills-16
20140514,297319331,20140514,SYRIA,SYR,IRAN,IRN,190,재래식 군사력 사용,19,4,-10.0,2,1,2,3.21384425216316,"Ilah, Khorasan-e Ra?avi, Iran",IR,"Al-Arabiya TV, Dubai/BBC Monitoring/(c) BBC"
20140514,297319332,20140514,SYRIA,SYR,IRAN,IRN,190,재래식 군사력 사용,19,4,-10.0,2,1,2,3.21384425216316,"Ilah, Khorasan-e Ra?avi, Iran",IR,"Al-Arabiya TV, Dubai/BBC Monitoring/(c) BBC"
20140514,297319333,20140514,SYRIA,SYR,IRAN,IRN,190,재래식 군사력 사용,19,4,-10.0,6,1,6,3.21384425216316,Syria,SY,"Al-Arabiya TV, Dubai/BBC Monitoring/(c) BBC"
20140514,297319355,20140514,SYRIAN,SYR,IRAQ,IRQ,138,군사력 사용 위협,13,3,-7.0,1,1,1,2.71132376395534,"Fallujah, Al Anbar, Iraq",IZ,http://www.commentarymagazine.com/2014/05/14/international-crisis-groups-recipe-for-an-iraq-bloodbath/
20140514,297319356,20140514,SYRIAN,SYR,IRAQ,IRQ,138,군사력 사용 위협,13,3,-7.0,1,1,1,2.71132376395534,Syria,SY,http://www.commentarymagazine.com/2014/05/14/international-crisis-groups-recipe-for-an-iraq-bloodbath/
20140514,297319361,20140514,SYRIAN,SYR,IRAQI,IRQ,190,재래식 군사력 사용,19,4,-10.0,3,1,3,2.71132376395534,"Fallujah, Al Anbar, Iraq",IZ,http://www.commentarymagazine.com/2014/05/14/international-crisis-groups-recipe-for-an-iraq-bloodbath/
20140514,297319380,20140514,SYRIA,SYR,ISRAELI,ISR,190,재래식 군사력 사용,19,4,-10.0,3,1,3,0.712589073634204,Syria,SY,http://www.timesofisrael.com/alleged-israeli-jihadi-arrested-upon-return-from-syria/
20140514,297319394,20140514,SYRIA,SYR,JORDAN,JOR,192,영토 점령,19,4,-9.5,10,1,10,0.588235294117647,Syria,SY,http://www.ansamed.info/ansamed/en/news/sections/generalnews/2014/05/13/jordan-arrests-7-for-trying-to-cross-into-syria-illegally_877ecafc-87d5-4ac3-a373-1ee355b71362.html
20140514,297319425,20140514,SYRIAN,SYR,LEBANESE,LBN,190,재래식 군사력 사용,19,4,-10.0,2,2,2,2.13149820664621,"Qalamoun, Rif Dimashq, Syria",SY,http://www.abna.ir/english/service/middle-east-west-asia/archive/2014/05/14/608468/story.html
20140514,297319426,20140514,SYRIAN,SYR,LEBANESE,LBN,190,재래식 군사력 사용,19,4,-10.0,2,2,2,2.13149820664621,"Qalamoun, Rif Dimashq, Syria",SY,http://www.abna.ir/english/service/middle-east-west-asia/archive/2014/05/14/608468/story.html
20140514,297319427,20140514,SYRIAN,SYR,LEBANESE,LBN,190,재래식 군사력 사용,19,4,-10.0,1,1,1,1.81818181818182,"Qalamoun, Rif Dimashq, Syria",SY,http://www.globalsecurity.org/wmd/library/news/syria/2014/syria-140514-presstv02.htm
20140514,297319428,20140514,SYRIAN,SYR,LEBANESE,LBN,190,재래식 군사력 사용,19,4,-10.0,1,1,1,1.81818181818182,"Qalamoun, Rif Dimashq, Syria",SY,http://www.globalsecurity.org/wmd/library/news/syria/2014/syria-140514-presstv02.htm
20140514,297319429,20140514,SYRIA,SYR,LEBANON,LBN,190,재래식 군사력 사용,19,4,-10.0,2,1,2,0.833333333333333,Rwanda,RW,http://newsok.com/un-wars-internally-displace-33.3-million-in-2013/article/feed/686860?custom_click=rss&utm_source=feedburner&utm_medium=feed&utm_campaign=Feed%3A+Newsok%2FNews+%28NewsOK.com+RSS+-+news%29
20140514,297319430,20140514,SYRIAN,SYR,LEBANON,LBN,192,영토 점령,19,4,-9.5,1,1,1,2.3591310251188,"Damascus, Dimashq, Syria",SY,http://www.aucegypt.edu/GAPP/CairoReview/Pages/articleDetails.aspx?aid=569
20140514,297319431,20140514,SYRIAN,SYR,LEBANON,LBN,192,영토 점령,19,4,-9.5,1,1,1,2.3591310251188,"Damascus, Dimashq, Syria",SY,http://www.aucegypt.edu/GAPP/CairoReview/Pages/articleDetails.aspx?aid=569
20140514,297319432,20140514,SYRIAN,SYR,LEBANON,LBN,192,영토 점령,19,4,-9.5,2,1,2,0.606060606060606,"Qoubaiyat, AakkâLE, Lebanon",LE,http://www.naharnet.com/stories/en/130257
20140514,297319433,20140514,SYRIA,SYR,LEBANESE,LBN,192,영토 점령,19,4,-9.5,3,3,3,1.38071897931991,"Yabroud, Rif Dimashq, Syria",SY,http://www.adn.com/2014/05/14/3470394/lebanon-moves-against-what-it.html
20140514,297319434,20140514,SYRIAN,SYR,LEBANESE,LBN,192,영토 점령,19,4,-9.5,10,3,10,0.632111925383078,"Beirut, Beyrouth, Lebanon",LE,http://www.businessinsider.com/r-public-employees-demand-big-raise-from-lebanese-parliament-2014-14
20140514,297319435,20140514,SYRIAN,SYR,LEBANESE,LBN,192,영토 점령,19,4,-9.5,2,1,2,0.641025641025641,Lebanon,LE,http://www.worldbulletin.net/haberler/136322/public-employees-demand-big-raise-from-lebanese-parliament
20140514,297319560,20140514,SYRIAN,SYR,SAUDI ARABIA,SAU,193,소형무기·경무기를 이용한 전투,19,4,-10.0,2,1,2,2.05479452054794,"Aleppo, ?alab, Syria",SY,http://www.abna.ir/english/service/middle-east-west-asia/archive/2014/05/14/608468/story.html
20140514,297319561,20140514,ALEPPO,SYR,SAUDI,SAU,190,재래식 군사력 사용,19,4,-10.0,8,1,8,2.05479452054794,"Damascus, Dimashq, Syria",SY,http://www.abna.ir/english/service/middle-east-west-asia/archive/2014/05/14/608468/story.html
20140514,297319893,20140514,SYRIAN,SYR,LEBANESE,LBN,190,재래식 군사력 사용,19,4,-10.0,4,2,4,2.13149820664621,"Qalamoun, Rif Dimashq, Syria",SY,http://www.abna.ir/english/service/middle-east-west-asia/archive/2014/05/14/608468/story.html
20140514,297319894,20140514,SYRIAN,SYR,LEBANESE,LBN,190,재래식 군사력 사용,19,4,-10.0,2,1,2,1.81818181818182,"Qalamoun, Rif Dimashq, Syria",SY,http://www.globalsecurity.org/wmd/library/news/syria/2014/syria-140514-presstv02.htm
20140514,297319970,20140514,SYRIAN,SYR,LEBANON,LBN,192,영토 점령,19,4,-9.5,6,1,6,2.3591310251188,"Damascus, Dimashq, Syria",SY,http://www.aucegypt.edu/GAPP/CairoReview/Pages/articleDetails.aspx?aid=569
20140514,297321463,20140514,TURKISH,TUR,IRANIAN,IRN,193,소형무기·경무기를 이용한 전투,19,4,-10.0,7,4,7,3.37810856711938,"Amsterdam, Noord-Holland, Netherlands",NL,http://www.worldbulletin.net/news/136313/dutch-racist-wilders-targets-moroccans-in-eu-campaign
20140514,297321464,20140514,TURKISH,TUR,IRANIAN,IRN,193,소형무기·경무기를 이용한 전투,19,4,-10.0,14,4,14,3.37810856711938,Iran,IR,http://www.worldbulletin.net/news/136313/dutch-racist-wilders-targets-moroccans-in-eu-campaign
20140514,297321465,20140514,TURKEY,TUR,IRAN,IRN,193,소형무기·경무기를 이용한 전투,19,4,-10.0,7,4,7,3.37810856711938,Iran,IR,http://www.worldbulletin.net/news/136313/dutch-racist-wilders-targets-moroccans-in-eu-campaign
20140514,297321474,20140514,TURKISH,TUR,IRAQ,IRQ,190,재래식 군사력 사용,19,4,-10.0,6,1,6,0.277008310249307,"Fallujah, Al Anbar, Iraq",IZ,http://www.exaronews.com/articles/5248/commentary-fallujah-remains-besieged-by-decade-long-war
20140514,297321745,20140514,TURKEY,TUR,SYRIA,SYR,192,영토 점령,19,4,-9.5,8,4,8,1.34052010106735,"Tall Rifat, ?alab, Syria",SY,http://www.businessinsider.com/journalists-escape-syrian-rebels-2014-5/RK=0
20140514,297321746,20140514,GAZIANTEP,TUR,SYRIA,SYR,192,영토 점령,19,4,-9.5,2,1,2,3.13620071684588,"Gaziantep, Gaziantep, Turkey",TU,http://www.businessinsider.com/r-aid-workers-question-effectiveness-of-un-syria-aid-2014-13
20140514,297321747,20140514,TURKEY,TUR,SYRIA,SYR,192,영토 점령,19,4,-9.5,8,4,8,1.34052010106735,Turkey,TU,http://www.businessinsider.com/journalists-escape-syrian-rebels-2014-5/RK=0
20140514,297353209,20140514,YEMEN,YEM,ABDULLAH,SAU,190,재래식 군사력 사용,19,4,-10.0,6,1,6,1.14285714285714,"Shabwa, La?ij, Yemen",YM,http://www.csmonitor.com/World/Latest-News-Wires/2014/0514/Yemen-Army-clashes-with-Al-Qaeda-militants-kills-16
20140515,297360101,20140514,ISRAEL,ISR,PALESTINIAN,PSE,193,소형무기·경무기를 이용한 전투,19,4,-10.0,2,1,2,1.89982728842832,"Jerusalem, Israel (general), Israel",IS,http://www.gulf-times.com/region/216/details/392235/2-palestinians-shot-dead-in-nakba-day-clashes
20140515,297360102,20140514,ISRAELI,ISR,PALESTINIAN,PSE,193,소형무기·경무기를 이용한 전투,19,4,-10.0,2,1,2,1.89982728842832,"Jerusalem, Israel (general), Israel",IS,http://www.gulf-times.com/region/216/details/392235/2-palestinians-shot-dead-in-nakba-day-clashes
20140515,297360574,20140514,PALESTINIAN,PSE,ISRAELI,ISR,193,소형무기·경무기를 이용한 전투,19,4,-10.0,2,1,2,1.89982728842832,"Jerusalem, Israel (general), Israel",IS,http://www.gulf-times.com/region/216/details/392235/2-palestinians-shot-dead-in-nakba-day-clashes
20140515,297405741,20140515,CAIRO,EGY,ISRAEL,ISR,190,재래식 군사력 사용,19,4,-10.0,8,1,8,2.29885057471264,"Cairo, Al Qahirah, Egypt",EG,http://www.timesofisrael.com/clashes-in-cairo-leave-one-dead/
20140515,297405742,20140515,EGYPT,EGY,ISRAELI,ISR,191,봉쇄·이동 제한,19,4,-9.5,10,1,10,2.63157894736842,"Gaza, Israel (general), Israel",IS,http://www.aljazeera.com/indepth/opinion/2014/05/open-gaza-seaport-end-blockade-20145141533315444.html
20140515,297405743,20140515,EGYPT,EGY,ISRAEL,ISR,192,영토 점령,19,4,-9.5,1,1,1,1.40350877192982,Egypt,EG,http://www.jpost.com/Middle-East/Arab-Israeli-jailed-in-Egypt-to-Netanyahu-If-I-were-Jewish-you-would-fight-for-me-352411
20140515,297405744,20140515,EGYPT,EGY,ISRAEL,ISR,192,영토 점령,19,4,-9.5,1,1,1,1.40350877192982,Israel,IS,http://www.jpost.com/Middle-East/Arab-Israeli-jailed-in-Egypt-to-Netanyahu-If-I-were-Jewish-you-would-fight-for-me-352411
20140515,297405910,20140515,NASSER,EGY,PALESTINIAN,PSE,190,재래식 군사력 사용,19,4,-10.0,3,2,3,0.920364373910259,"Ramallah, West Bank (general), West Bank",WE,http://www.fireengineering.com/ap-news/2014/05/15/israeli-troops-kill-2-palestinians-in-nakba-clash.html
20140515,297405911,20140515,NASSER,EGY,PALESTINIAN,PSE,190,재래식 군사력 사용,19,4,-10.0,2,1,2,1.08695652173913,"Gaza, Israel (general), Israel",IS,http://www.iol.co.za/news/world/palestinian-teens-killed-in-nakba-clash-1.1689052
20140515,297405944,20140515,EGYPT,EGY,AL JAZEERA,QAT,193,소형무기·경무기를 이용한 전투,19,4,-10.0,10,1,10,0.983606557377049,"Cairo, Al Qahirah, Egypt",EG,http://www.poynter.org/latest-news/mediawire/252096/british-reporters-freed-after-syrian-kidnapping/
20140515,297429068,20140515,IRANIAN,IRN,SYRIAN,SYR,190,재래식 군사력 사용,19,4,-10.0,3,1,3,2.33722871452421,"Shayrat, ?ims, Syria",SY,http://voiceofrussia.com/2014_05_15/Iran-s-drone-development-helps-Bashar-Assad-to-hold-the-power-8571/
20140515,297429069,20140515,IRANIAN,IRN,SYRIA,SYR,190,재래식 군사력 사용,19,4,-10.0,1,1,1,2.33722871452421,"Shahed, Fars, Iran",IR,http://voiceofrussia.com/2014_05_15/Iran-s-drone-development-helps-Bashar-Assad-to-hold-the-power-8571/
20140515,297429070,20140515,IRANIAN,IRN,SYRIA,SYR,190,재래식 군사력 사용,19,4,-10.0,1,1,1,2.33722871452421,"Shahed, Fars, Iran",IR,http://voiceofrussia.com/2014_05_15/Iran-s-drone-development-helps-Bashar-Assad-to-hold-the-power-8571/
20140515,297429201,20140515,IRAN,IRN,YEMEN,YEM,190,재래식 군사력 사용,19,4,-10.0,2,1,2,0.561797752808989,"Abyan, Fars, Iran",IR,http://www.philippinetimes.com/index.php/sid/221986507/scat/2411cd3571b4f088
20140515,297429202,20140515,IRAN,IRN,YEMEN,YEM,190,재래식 군사력 사용,19,4,-10.0,2,1,2,0.561797752808989,"Shabwa, La?ij, Yemen",YM,http://www.philippinetimes.com/index.php/sid/221986507/scat/2411cd3571b4f088
20140515,297429279,20140515,FARS NEWS,IRN,SYRIA,SYR,190,재래식 군사력 사용,19,4,-10.0,2,1,2,0.78740157480315,"Malayer, Hamadan, Iran",IR,"Iranian news website Sepahe Ansarol Hoseyn, IRGC's provincial Hamedan website/BBC Monitoring/(c) BBC"
20140515,297429280,20140515,FARS NEWS,IRN,SYRIA,SYR,190,재래식 군사력 사용,19,4,-10.0,6,1,6,0.78740157480315,"Malayer, Hamadan, Iran",IR,"Iranian news website Sepahe Ansarol Hoseyn, IRGC's provincial Hamedan website/BBC Monitoring/(c) BBC"
20140515,297429281,20140515,FARS NEWS,IRN,SYRIA,SYR,190,재래식 군사력 사용,19,4,-10.0,2,1,2,0.78740157480315,Syria,SY,"Iranian news website Sepahe Ansarol Hoseyn, IRGC's provincial Hamedan website/BBC Monitoring/(c) BBC"
20140515,297429596,20140515,BAGHDAD,IRQ,SAUDI,SAU,190,재래식 군사력 사용,19,4,-10.0,2,1,2,0.571428571428571,"Baghdad, Baghdad, Iraq",IZ,http://www.saudigazette.com.sa/index.cfm?method=home.regcon&contentid=20140516205237
20140515,297429597,20140515,IRAQ,IRQ,SAUDI,SAU,194,포병·전차를 이용한 전투,19,4,-10.0,4,1,4,0.571428571428571,"Karrada, Baghdad, Iraq",IZ,http://www.saudigazette.com.sa/index.cfm?method=home.regcon&contentid=20140516205237
20140515,297429598,20140515,BAGHDAD,IRQ,SAUDI,SAU,190,재래식 군사력 사용,19,4,-10.0,3,1,3,0.571428571428571,"Baghdad, Baghdad, Iraq",IZ,http://www.saudigazette.com.sa/index.cfm?method=home.regcon&contentid=20140516205237
20140515,297429599,20140515,BAGHDAD,IRQ,SAUDI,SAU,194,포병·전차를 이용한 전투,19,4,-10.0,3,1,3,0.571428571428571,"Karrada, Baghdad, Iraq",IZ,http://www.saudigazette.com.sa/index.cfm?method=home.regcon&contentid=20140516205237
20140515,297429606,20140515,IRAQ,IRQ,BASHAR AL ASSAD,SYR,195,공중무기 사용,19,4,-10.0,6,1,6,4.06639004149378,"Chatham, Medway, United Kingdom",UK,http://www.trust.org/item/20140515113702-1amgz/?source=hpblogs
20140515,297429607,20140515,IRAQ,IRQ,BASHAR AL ASSAD,SYR,195,공중무기 사용,19,4,-10.0,18,1,18,4.06639004149378,"Washington, District of Columbia, United States",US,http://www.trust.org/item/20140515113702-1amgz/?source=hpblogs
20140515,297430214,20140515,ISRAEL,ISR,CAIRO,EGY,190,재래식 군사력 사용,19,4,-10.0,8,1,8,2.29885057471264,"Cairo, Al Qahirah, Egypt",EG,http://www.timesofisrael.com/clashes-in-cairo-leave-one-dead/
20140515,297430215,20140515,ISRAELI,ISR,NASSER,EGY,193,소형무기·경무기를 이용한 전투,19,4,-10.0,9,3,9,0.770328228083949,"Jerusalem, Israel (general), Israel",IS,http://www.whio.com/ap/ap/international/palestinians-mark-their-1948-displacement/nfxJB/
20140515,297430541,20140515,ISRAEL,ISR,JORDAN,JOR,154,군 병력 동원·증강,15,4,-7.2,14,1,8,2.73722627737226,"Jerusalem, Israel (general), Israel",IS,http://www.jpost.com/Opinion/Columnists/Know-Comment-Invest-in-and-secure-the-Jordan-Valley-352441
20140515,297430542,20140515,ISRAEL,ISR,JORDAN,JOR,154,군 병력 동원·증강,15,4,-7.2,2,1,2,2.73722627737226,West Bank,WE,http://www.jpost.com/Opinion/Columnists/Know-Comment-Invest-in-and-secure-the-Jordan-Valley-352441
20140515,297430597,20140515,ISRAELI,ISR,LEBANON,LBN,190,재래식 군사력 사용,19,4,-10.0,30,3,30,1.4067392340328,"Beirut, Beyrouth, Lebanon",LE,http://www.renewablesbiz.com/article/14/05/power-plant-under-fire-water-pollution-mars-beach-hotspot
20140515,297430873,20140515,ISRAELI,ISR,WEST BANK,PSE,154,군 병력 동원·증강,15,4,-7.2,8,2,8,0.0,"Ramallah, West Bank (general), West Bank",WE,http://www.dailysabah.com/mideast/2014/05/15/clashes-mark-nakba-anniversary-in-w-bank
20140515,297430874,20140515,ISRAELI,ISR,WEST BANK,PSE,154,군 병력 동원·증강,15,4,-7.2,2,1,2,0.0,"Unrwa, West Bank (general), West Bank",WE,http://www.worldbulletin.net/haberler/136397/israeli-forces-kill-two-palestinians-on-nakba-anniversary-in-w-bank
20140515,297430875,20140515,ISRAELI,ISR,WEST BANK,PSE,154,군 병력 동원·증강,15,4,-7.2,2,1,2,0.0,Israel,IS,http://www.worldbulletin.net/haberler/136397/israeli-forces-kill-two-palestinians-on-nakba-anniversary-in-w-bank
20140515,297430876,20140515,ISRAEL,ISR,PALESTINIAN,PSE,163,금수·보이콧·제재 부과,16,4,-8.0,6,1,6,3.01129234629862,"Jerusalem, Israel (general), Israel",IS,http://www.dw.de/two-palestinians-killed-in-nakba-day-clashes/a-17639369
20140515,297430877,20140515,ISRAEL,ISR,PALESTINIAN,PSE,163,금수·보이콧·제재 부과,16,4,-8.0,4,1,4,3.01129234629862,"Gaza, Israel (general), Israel",IS,http://www.dw.de/two-palestinians-killed-in-nakba-day-clashes/a-17639369
20140515,297430906,20140515,ISRAEL,ISR,WEST BANK,PSE,190,재래식 군사력 사용,19,4,-10.0,2,1,2,0.0,"Jerusalem, Israel (general), Israel",IS,http://www.shanghaidaily.com/article/article_xinhua.aspx?id=218614
20140515,297430907,20140515,ISRAEL,ISR,PALESTINIAN,PSE,190,재래식 군사력 사용,19,4,-10.0,4,2,4,0.235294117647059,"Bethlehem, West Bank (general), West Bank",WE,http://mail.pnn.ps/index.php/human-rights/7517-marches-in-commemoration-of-the-nakba-met-with-violence-all-over-the-west-bank
20140515,297430908,20140515,ISRAEL,ISR,GAZA,PSE,190,재래식 군사력 사용,19,4,-10.0,1,1,1,0.674536256323777,"Kadima, HaMerkaz, Israel",IS,http://www.allvoices.com/contributed-news/17086922-international-criminal-court-will-investigate-uk-war-crimes-in-iraq
20140515,297430909,20140515,ISRAEL,ISR,GAZA,PSE,190,재래식 군사력 사용,19,4,-10.0,1,1,1,0.674536256323777,Gaza Strip,GZ,http://www.allvoices.com/contributed-news/17086922-international-criminal-court-will-investigate-uk-war-crimes-in-iraq
20140515,297430910,20140515,ISRAELI,ISR,PALESTINIAN,PSE,190,재래식 군사력 사용,19,4,-10.0,2,1,2,0.172117039586919,"Oslo, Oslo, Norway",NO,http://mondoweiss.net/2014/05/palestinian-israeli-demonstration.html
20140515,297430911,20140515,ISRAELI,ISR,PALESTINIAN,PSE,190,재래식 군사력 사용,19,4,-10.0,26,5,26,1.16439635885991,"Hebron, Israel (general), Israel",IS,http://www.allvoices.com/contributed-news/17089113-israeli-forces-kill-two-palestinians-on-nakba-anniversary-in-the-west-bank
20140515,297430912,20140515,ISRAELI,ISR,PALESTINIAN,PSE,190,재래식 군사력 사용,19,4,-10.0,8,1,8,0.845238700493162,"Hebron, Israel (general), Israel",IS,http://www.aljazeera.com/news/middleeast/2014/05/palestinians-mark-nakba-day-amid-violence-2014515123517302113.html/RK=0
20140515,297430913,20140515,ISRAELI,ISR,PALESTINIAN,PSE,190,재래식 군사력 사용,19,4,-10.0,3,2,3,0.851203112289317,"Nablus, West Bank (general), West Bank",WE,http://www.aljazeera.com/news/middleeast/2014/05/palestinians-mark-nakba-day-amid-violence-2014515123517302113.html/RK=0
20140515,297430914,20140515,ISRAEL,ISR,WEST BANK,PSE,190,재래식 군사력 사용,19,4,-10.0,4,1,4,0.523560209424084,"Hebron, Israel (general), Israel",IS,http://www.haaretz.com/news/diplomacy-defense/1.590861
20140515,297430915,20140515,ISRAELI,ISR,PALESTINIAN,PSE,190,재래식 군사력 사용,19,4,-10.0,8,1,8,2.15946843853821,"Ramallah, West Bank (general), West Bank",WE,http://www.dailystar.com.lb/News/Middle-East/2014/May-15/256555-palestinians-clash-with-israeli-forces-on-nakba-day.ashx
20140515,297430916,20140515,ISRAELI,ISR,PALESTINIAN,PSE,190,재래식 군사력 사용,19,4,-10.0,2,1,2,2.15946843853821,"Ramallah, West Bank (general), West Bank",WE,http://www.dailystar.com.lb/News/Middle-East/2014/May-15/256555-palestinians-clash-with-israeli-forces-on-nakba-day.ashx
20140515,297430917,20140515,ISRAELI,ISR,PALESTINIAN,PSE,190,재래식 군사력 사용,19,4,-10.0,19,3,19,1.55806318941803,"Ramallah, West Bank (general), West Bank",WE,http://voiceofrussia.com/news/2014_05_15/Palestinian-killed-by-Israeli-troops-at-Nakba-protest-5601/
20140515,297430918,20140515,JERUSALEM,ISR,WEST BANK,PSE,190,재래식 군사력 사용,19,4,-10.0,14,2,14,0.551571980143409,"Jerusalem, Israel (general), Israel",IS,http://www.shanghaidaily.com/article/article_xinhua.aspx?id=218614
20140515,297430919,20140515,ISRAEL,ISR,PALESTINIAN,PSE,190,재래식 군사력 사용,19,4,-10.0,32,3,32,1.98940401968442,"Ramallah, West Bank (general), West Bank",WE,http://www.dailytimes.com.pk/foreign/16-May-2014/israel-troops-kill-2-palestinians-in-nakba-day-clashes
20140515,297430920,20140515,ISRAELI,ISR,PALESTINIAN,PSE,190,재래식 군사력 사용,19,4,-10.0,99,17,92,1.38513557824447,"Jerusalem, Israel (general), Israel",IS,http://www.allvoices.com/contributed-news/17089113-israeli-forces-kill-two-palestinians-on-nakba-anniversary-in-the-west-bank
20140515,297430921,20140515,ISRAELI,ISR,PALESTINIAN,PSE,190,재래식 군사력 사용,19,4,-10.0,9,3,9,0.770328228083949,"Ramallah Hospital, West Bank (general), West Bank",WE,http://www.whio.com/ap/ap/international/palestinians-mark-their-1948-displacement/nfxJB/
20140515,297430922,20140515,ISRAELI,ISR,PALESTINIAN,PSE,190,재래식 군사력 사용,19,4,-10.0,4,3,4,1.16078753076292,"Ramallah, West Bank (general), West Bank",WE,http://gulftoday.ae/portal/375212da-b30a-493d-973a-6c48c917f339.aspx
20140515,297430923,20140515,ISRAELI,ISR,WEST BANK,PSE,190,재래식 군사력 사용,19,4,-10.0,10,3,10,1.14652489078487,"Gaza, Israel (general), Israel",IS,http://www.greenfieldreporter.com/view/story/45bba98e31294935b7717e25d1360eba/ML--Israel-Palestinians
20140515,297430924,20140515,ISRAELI,ISR,PALESTINIAN,PSE,190,재래식 군사력 사용,19,4,-10.0,1,1,1,0.307692307692308,"Gaza, Israel (general), Israel",IS,http://www.euronews.com/newswires/2500900-israeli-forces-kill-two-palestinians-in-west-bank-clash/
20140515,297430925,20140515,ISRAELI,ISR,PALESTINIAN,PSE,190,재래식 군사력 사용,19,4,-10.0,8,3,8,0.770218369523184,"Jenin, West Bank (general), West Bank",WE,http://www.wsoctv.com/news/ap/international/palestinians-mark-their-1948-displacement/nfxJB/
20140515,297430926,20140515,ISRAELI,ISR,PALESTINIAN,PSE,190,재래식 군사력 사용,19,4,-10.0,12,2,12,1.48791431466204,"Ramallah, West Bank (general), West Bank",WE,http://www.charlotteobserver.com/2014/05/15/4911192/palestinians-mark-their-1948-displacement.html
20140515,297430927,20140515,ISRAELI,ISR,GAZA,PSE,190,재래식 군사력 사용,19,4,-10.0,137,31,130,1.08128248538559,"Gaza, Israel (general), Israel",IS,"Voice of the Islamic Republic of Iran External Service, Mashhad/BBC Monitoring/(c) BBC"
20140515,297430928,20140515,ISRAELI,ISR,WEST BANK,PSE,190,재래식 군사력 사용,19,4,-10.0,20,1,20,1.23784358485256,"Gaza, Israel (general), Israel",IS,http://www.newser.com/article/72777090bddb4e28ab5c1378f32364a3/israeli-troops-kill-2-palestinian-teens-in-nakba-day-clashes-in-west-bank.html
20140515,297430929,20140515,ISRAELI,ISR,PALESTINIAN,PSE,190,재래식 군사력 사용,19,4,-10.0,3,1,3,1.1844331641286,"Ramallah Hospital, West Bank (general), West Bank",WE,http://abcnews.go.com/International/wireStory/palestinians-mark-1948-displacement-23726827
20140515,297430930,20140515,ISRAELI,ISR,PALESTINIAN,PSE,190,재래식 군사력 사용,19,4,-10.0,2,1,2,1.86335403726708,"Gaza City, Israel (general), Israel",IS,http://palsolidarity.org/2014/05/israeli-attacks-on-fishermen-in-the-gaza-sea/
20140515,297430931,20140515,ISRAEL,ISR,WEST BANK,PSE,190,재래식 군사력 사용,19,4,-10.0,1,1,1,0.0,"Qalandiya, West Bank (general), West Bank",WE,http://www.worldbulletin.net/haberler/136397/israeli-forces-kill-two-palestinians-on-nakba-anniversary-in-w-bank
20140515,297430932,20140515,ISRAELI,ISR,PALESTINIAN,PSE,190,재래식 군사력 사용,19,4,-10.0,23,4,23,0.0721630885801913,"Ramallah, West Bank (general), West Bank",WE,http://www.arabnews.com/news/571521
20140515,297430933,20140515,ISRAELI,ISR,WEST BANK,PSE,190,재래식 군사력 사용,19,4,-10.0,8,1,8,0.0,Israel,IS,http://www.philippinetimes.com/index.php/sid/222031679/scat/2411cd3571b4f088
20140515,297430934,20140515,ISRAELI,ISR,PALESTINIAN,PSE,190,재래식 군사력 사용,19,4,-10.0,32,3,32,0.137867647058824,Israel,IS,http://www.arabnews.com/news/571521
20140515,297430935,20140515,ISRAELI,ISR,WEST BANK,PSE,190,재래식 군사력 사용,19,4,-10.0,8,1,8,2.20588235294118,Israel,IS,http://themedialine.org/news/news_detail.asp?NewsID=40021
20140515,297430936,20140515,ISRAELI,ISR,PALESTINIAN,PSE,190,재래식 군사력 사용,19,4,-10.0,8,1,8,1.20481927710843,Israel,IS,http://www.maannews.net/eng/ViewDetails.aspx?ID=697570
20140515,297430937,20140515,ISRAELI,ISR,GAZA,PSE,190,재래식 군사력 사용,19,4,-10.0,1,1,1,1.4218009478673,"Gaza, Israel (general), Israel",IS,"Voice of the Islamic Republic of Iran External Service, Mashhad/BBC Monitoring/(c) BBC"
20140515,297430938,20140515,ISRAEL,ISR,PALESTINIAN,PSE,190,재래식 군사력 사용,19,4,-10.0,2,1,2,1.20481927710843,Israel,IS,http://www.maannews.net/eng/ViewDetails.aspx?ID=697570
20140515,297430939,20140515,ISRAEL,ISR,PALESTINIAN,PSE,192,영토 점령,19,4,-9.5,2,1,2,0.319488817891374,"Jerusalem, Israel (general), Israel",IS,http://www.maannews.net/eng/ViewDetails.aspx?ID=697716
20140515,297430940,20140515,ISRAELI,ISR,WEST BANK,PSE,192,영토 점령,19,4,-9.5,8,1,8,2.06927575348628,"Gaza, Israel (general), Israel",IS,http://www.gatestoneinstitute.org/4311/hamas-palestinian-state
20140515,297430941,20140515,ISRAELI,ISR,WEST BANK,PSE,192,영토 점령,19,4,-9.5,2,1,2,2.06927575348628,Jordan,JO,http://www.gatestoneinstitute.org/4311/hamas-palestinian-state
20140515,297430942,20140515,ISRAELI,ISR,PALESTINIAN,PSE,193,소형무기·경무기를 이용한 전투,19,4,-10.0,7,1,7,1.65289256198347,"Tel Aviv, Tel Aviv, Israel",IS,http://www.nation.com.pk/international/16-May-2014/israeli-forces-kill-two-palestinians-in-west-bank-clash
20140515,297430943,20140515,ISRAELI,ISR,PALESTINIAN,PSE,193,소형무기·경무기를 이용한 전투,19,4,-10.0,4,1,4,0.172117039586919,"Al-Walaja, Yerushalayim, Israel",IS,http://mondoweiss.net/2014/05/palestinian-israeli-demonstration.html
20140515,297430944,20140515,ISRAELI,ISR,PALESTINIAN,PSE,193,소형무기·경무기를 이용한 전투,19,4,-10.0,12,2,12,1.83298024516994,"Hebron, Israel (general), Israel",IS,http://www.naharnet.com/stories/en/130700-2-palestinians-killed-by-israeli-troops-at-nakba-protest
20140515,297430945,20140515,ISRAELI,ISR,PALESTINIAN,PSE,193,소형무기·경무기를 이용한 전투,19,4,-10.0,13,2,13,0.914394247727581,"Hebron, Israel (general), Israel",IS,http://www.palestinechronicle.com/thousands-rally-in-west-bank-gaza-to-mark-nakba-day/
20140515,297430946,20140515,ISRAELI,ISR,PALESTINIAN,PSE,193,소형무기·경무기를 이용한 전투,19,4,-10.0,7,3,7,0.358761207912905,"Jenin, West Bank (general), West Bank",WE,http://www.theglobeandmail.com/news/world/israeli-forces-kill-two-palestinians-in-west-bank-clash/article18686214/?cmpid=rss1
20140515,297430947,20140515,ISRAEL,ISR,PALESTINIAN,PSE,193,소형무기·경무기를 이용한 전투,19,4,-10.0,18,5,18,0.342214586604901,"Jenin, West Bank (general), West Bank",WE,http://www.globalpost.com/dispatch/news/thomson-reuters/140515/israeli-forces-kill-two-palestinians-west-bank-clash-0
20140515,297430948,20140515,ISRAELI,ISR,PALESTINIAN,PSE,193,소형무기·경무기를 이용한 전투,19,4,-10.0,47,5,47,0.343032268242065,"Gaza, Israel (general), Israel",IS,http://www.globalpost.com/dispatch/news/thomson-reuters/140515/israeli-forces-kill-two-palestinians-west-bank-clash-0
20140515,297430949,20140515,ISRAELI,ISR,PALESTINIAN,PSE,193,소형무기·경무기를 이용한 전투,19,4,-10.0,46,7,46,0.626486781921207,"Ramallah, West Bank (general), West Bank",WE,http://www.whio.com/ap/ap/international/palestinians-mark-their-1948-displacement/nfxJB/
20140515,297430950,20140515,ISRAELI,ISR,PALESTINIAN,PSE,193,소형무기·경무기를 이용한 전투,19,4,-10.0,167,17,145,1.66612445239365,"Jerusalem, Israel (general), Israel",IS,http://www.naharnet.com/stories/en/130735-kerry-meets-israeli-chief-peace-negotiator-in-london
20140515,297430951,20140515,ISRAELI,ISR,PALESTINIAN,PSE,193,소형무기·경무기를 이용한 전투,19,4,-10.0,4,3,4,0.322865758552563,"Jenin, West Bank (general), West Bank",WE,http://news.yahoo.com/israeli-forces-kill-two-palestinians-west-bank-clash-160237913.html
20140515,297430952,20140515,ISRAELI,ISR,PALESTINIAN,PSE,193,소형무기·경무기를 이용한 전투,19,4,-10.0,1,1,1,0.952380952380952,"Gaza, Israel (general), Israel",IS,http://www.palestinechronicle.com/thousands-rally-in-west-bank-gaza-to-mark-nakba-day/
20140515,297430953,20140515,ISRAELI,ISR,PALESTINIAN,PSE,193,소형무기·경무기를 이용한 전투,19,4,-10.0,118,15,118,1.23416066527958,"Gaza, Israel (general), Israel",IS,http://www.nujournal.com/page/content.detail/id/505026/Israeli-troops-kill-2-Palestinians-in-Nakba-clash.html?isap=1&nav=5033
20140515,297430954,20140515,ISRAELI,ISR,PALESTINIAN,PSE,193,소형무기·경무기를 이용한 전투,19,4,-10.0,3,1,3,1.86335403726708,"Rafah, Gaza Strip (general), Gaza Strip",GZ,http://palsolidarity.org/2014/05/israeli-attacks-on-fishermen-in-the-gaza-sea/
20140515,297430955,20140515,ISRAEL,ISR,GAZA,PSE,193,소형무기·경무기를 이용한 전투,19,4,-10.0,2,1,2,1.86335403726708,"Rafah, Gaza Strip (general), Gaza Strip",GZ,http://palsolidarity.org/2014/05/israeli-attacks-on-fishermen-in-the-gaza-sea/
20140515,297430956,20140515,ISRAELI,ISR,WEST BANK,PSE,193,소형무기·경무기를 이용한 전투,19,4,-10.0,4,1,4,1.88679245283019,"Gaza, Israel (general), Israel",IS,http://gulftoday.ae/portal/375212da-b30a-493d-973a-6c48c917f339.aspx
20140515,297430957,20140515,ISRAELI,ISR,PALESTINIAN,PSE,193,소형무기·경무기를 이용한 전투,19,4,-10.0,2,1,2,1.86335403726708,"Gaza City, Israel (general), Israel",IS,http://palsolidarity.org/2014/05/israeli-attacks-on-fishermen-in-the-gaza-sea/
20140515,297430958,20140515,ISRAEL,ISR,PALESTINIAN,PSE,193,소형무기·경무기를 이용한 전투,19,4,-10.0,2,1,2,0.0,Iran,IR,http://www.americantaskforce.org/israeli_troops_kill_2_palestinians_nakba_clash
20140515,297430959,20140515,ISRAELI,ISR,PALESTINIAN,PSE,193,소형무기·경무기를 이용한 전투,19,4,-10.0,6,1,6,0.0,Qatar,QA,http://www.americantaskforce.org/israeli_troops_kill_2_palestinians_nakba_clash
20140515,297430960,20140515,ISRAELI,ISR,PALESTINIAN,PSE,193,소형무기·경무기를 이용한 전투,19,4,-10.0,2,1,2,0.0,Israel,IS,http://www.maannews.net/eng/ViewDetails.aspx?ID=697738
20140515,297430961,20140515,ISRAELI,ISR,PALESTINIAN,PSE,193,소형무기·경무기를 이용한 전투,19,4,-10.0,39,7,39,0.589528118939885,Israel,IS,http://www.dailysabah.com/mideast/2014/05/16/israeli-forces-kill-two-palestinians-in-west-bank-clash
20140515,297430962,20140515,ISRAELI,ISR,PALESTINIAN,PSE,193,소형무기·경무기를 이용한 전투,19,4,-10.0,1,1,1,1.65289256198347,United States,US,http://www.nation.com.pk/international/16-May-2014/israeli-forces-kill-two-palestinians-in-west-bank-clash
20140515,297430963,20140515,ISRAEL,ISR,GAZA,PSE,194,포병·전차를 이용한 전투,19,4,-10.0,12,2,12,4.70071403118832,"Gaza, Israel (general), Israel",IS,http://sabbah.biz/mt/archives/2014/05/15/fatah-hamas-reconciliation-big-lie-israel-wants-peace/
20140515,297430965,20140515,ISRAEL,ISR,PALESTINE,PSE,190,재래식 군사력 사용,19,4,-10.0,2,1,2,0.0,Israel,IS,http://www.worldbulletin.net/news/136397/clashes-mark-nakba-anniversary-in-w-bank
20140515,297430969,20140515,ISRAELI,ISR,WEST BANK,PSE,190,재래식 군사력 사용,19,4,-10.0,8,1,8,0.0,Israel,IS,http://www.techsonia.com/israeli-troops-kill-two-injure-three-palestinians-in-clash-in-a-west-bank-village/198134/
20140515,297430981,20140515,ISRAELI,ISR,PALESTINIAN,PSE,193,소형무기·경무기를 이용한 전투,19,4,-10.0,4,2,4,0.0,"Jerusalem, Israel (general), Israel",IS,http://www.shanghaidaily.com/article/article_xinhua.aspx?id=218614
20140515,297430982,20140515,ISRAELI,ISR,PALESTINIAN,PSE,193,소형무기·경무기를 이용한 전투,19,4,-10.0,2,1,2,0.4149377593361,Israel,IS,http://english.cri.cn/6966/2014/05/16/191s826726.htm
20140515,297430983,20140515,ISRAELI,ISR,WEST BANK,PSE,193,소형무기·경무기를 이용한 전투,19,4,-10.0,13,1,13,0.0,Israel,IS,http://972mag.com/israeli-soldiers-kill-two-palestinians-during-nakba-day-protest/90865/
20140515,297431010,20140515,ISRAELI,ISR,HAMAS,PSE,191,봉쇄·이동 제한,19,4,-9.5,2,1,2,4.29799426934097,"Gaza, Israel (general), Israel",IS,http://www.saudigazette.com.sa/index.cfm?method=home.regcon&contentid=20140516205238
20140515,297431056,20140515,ISRAEL,ISR,SYRIAN,SYR,192,영토 점령,19,4,-9.5,7,1,7,1.53649167733675,"Quneitra, Al Qunaytirah, Syria",SY,http://www.debka.com/article/23914/RK=0
20140515,297431057,20140515,ISRAEL,ISR,SYRIAN,SYR,192,영토 점령,19,4,-9.5,1,1,1,1.53649167733675,Israel,IS,http://www.debka.com/article/23914/RK=0
20140515,297431058,20140515,ISRAEL,ISR,SYRIA,SYR,190,재래식 군사력 사용,19,4,-10.0,1,1,1,0.465116279069767,"Damascus, Dimashq, Syria",SY,http://www.nationaljournal.com/global-security-newswire/kerry-says-raw-data-points-to-new-syria-chemical-strikes-20140515
20140515,297431059,20140515,ISRAEL,ISR,SYRIA,SYR,190,재래식 군사력 사용,19,4,-10.0,1,1,1,0.465116279069767,"Damascus, Dimashq, Syria",SY,http://www.nationaljournal.com/global-security-newswire/kerry-says-raw-data-points-to-new-syria-chemical-strikes-20140515
20140515,297431060,20140515,ISRAELI,ISR,SYRIA,SYR,190,재래식 군사력 사용,19,4,-10.0,3,1,3,0.0,Israel,IS,http://www.armytimes.com/article/20140515/NEWS08/305150037/Israeli-official-Gas-attacks-continue-Syria
20140515,297431061,20140515,ISRAELI,ISR,SYRIA,SYR,190,재래식 군사력 사용,19,4,-10.0,4,1,4,0.0,Israel,IS,http://www.armytimes.com/article/20140515/NEWS08/305150037/Israeli-official-Gas-attacks-continue-Syria
20140515,297431084,20140515,ISRAEL,ISR,TURKEY,TUR,190,재래식 군사력 사용,19,4,-10.0,2,1,2,4.86985726280437,"Gaza, Israel (general), Israel",IS,http://foreignpolicyblogs.com/2014/05/15/israel-has-something-its-neighbors-might-want/
20140515,297431087,20140515,ISRAEL,ISR,TURKISH,TUR,190,재래식 군사력 사용,19,4,-10.0,3,1,3,2.47933884297521,"Manisa, Manisa, Turkey",TU,http://ejpress.org/index.php?option=com_content&view=article&id=48997&catid=19
20140515,297431088,20140515,ISRAEL,ISR,TURKEY,TUR,190,재래식 군사력 사용,19,4,-10.0,3,1,3,2.47933884297521,"Gaza, Israel (general), Israel",IS,http://ejpress.org/index.php?option=com_content&view=article&id=48997&catid=19
20140515,297431089,20140515,ISRAEL,ISR,TURKEY,TUR,190,재래식 군사력 사용,19,4,-10.0,3,1,3,2.47933884297521,"Gaza, Israel (general), Israel",IS,http://ejpress.org/index.php?option=com_content&view=article&id=48997&catid=19
20140515,297431306,20140515,ISRAELI,ISR,PALESTINIAN,PSE,190,재래식 군사력 사용,19,4,-10.0,90,9,90,0.450593891085956,"Gaza, Israel (general), Israel",IS,http://www.nation.com.pk/international/16-May-2014/israeli-forces-kill-two-palestinians-in-west-bank-clash
20140515,297431525,20140515,MOSHE YAALON,ISR,SYRIA,SYR,190,재래식 군사력 사용,19,4,-10.0,10,1,10,0.0,"Vienna, Wien, Austria",AU,http://hosted.ap.org/dynamic/stories/M/ML_HAGEL_SYRIA?SITE=NVREN&SECTION=HOME&TEMPLATE=DEFAULT
20140515,297431526,20140515,MOSHE YAALON,ISR,SYRIA,SYR,190,재래식 군사력 사용,19,4,-10.0,20,2,20,0.78125,"Tel Aviv, Tel Aviv, Israel",IS,http://www.kentucky.com/2014/05/15/3243739/israeli-official-gas-attacks-continue.html
20140515,297431527,20140515,MOSHE YAALON,ISR,SYRIA,SYR,190,재래식 군사력 사용,19,4,-10.0,48,5,48,0.0,Iran,IR,http://www.elpasoinc.com/news/wire/headlines/article_d2b46693-9fc8-5620-85a5-0d7598f9ca6e.html
20140515,297431528,20140515,MOSHE YAALON,ISR,SYRIA,SYR,190,재래식 군사력 사용,19,4,-10.0,10,4,10,0.0,United States,US,http://washingtonexaminer.com/israeli-official-gas-attacks-continue-in-syria/article/feed/2134358/RK=0
20140515,297431529,20140515,MOSHE YAALON,ISR,SYRIA,SYR,190,재래식 군사력 사용,19,4,-10.0,10,1,10,1.34770889487871,"Miami, Florida, United States",US,http://www.miamiherald.com/2014/05/15/4118563/israeli-official-gas-attacks-continue.html
20140515,297431530,20140515,MOSHE YAALON,ISR,SYRIA,SYR,190,재래식 군사력 사용,19,4,-10.0,83,9,83,0.0,Iran,IR,http://www.greenfieldreporter.com/view/story/57f0601ed6f44b30abe7f69f223e1e16/ML--Hagel-Syria
20140515,297431531,20140515,MOSHE YAALON,ISR,SYRIA,SYR,190,재래식 군사력 사용,19,4,-10.0,10,1,10,0.0,United States,US,http://www.theyeshivaworld.com/news/headlines-breaking-stories/230920/israel-defense-minister-gas-attacks-continue-in-syria.html
20140515,297431532,20140515,MOSHE YAALON,ISR,SYRIA,SYR,190,재래식 군사력 사용,19,4,-10.0,10,1,10,1.70940170940171,Israel,IS,http://www.dailystar.com.lb/News/Middle-East/2014/May-15/256561-israeli-official-gas-attacks-continue-in-syria.ashx
20140515,297431533,20140515,MOSHE YAALON,ISR,SYRIA,SYR,190,재래식 군사력 사용,19,4,-10.0,2,1,2,0.0,United States,US,http://www.elpasoinc.com/news/wire/headlines/article_d2b46693-9fc8-5620-85a5-0d7598f9ca6e.html
20140515,297431534,20140515,MOSHE YAALON,ISR,SYRIA,SYR,190,재래식 군사력 사용,19,4,-10.0,7,1,7,0.0,Syria,SY,http://www.armytimes.com/article/20140515/NEWS08/305150037/Israeli-official-Gas-attacks-continue-Syria
20140515,297431535,20140515,MOSHE YAALON,ISR,SYRIA,SYR,190,재래식 군사력 사용,19,4,-10.0,10,1,10,0.552486187845304,"Tel Aviv, Tel Aviv, Israel",IS,http://www.star-telegram.com/2014/05/15/5821990/israeli-official-gas-attacks-continue.html
20140515,297431639,20140515,ISRAELI,ISR,WEST BANK,PSE,154,군 병력 동원·증강,15,4,-7.2,12,2,12,0.0,Israel,IS,http://www.dailysabah.com/mideast/2014/05/15/clashes-mark-nakba-anniversary-in-w-bank
20140515,297431640,20140515,ISRAELI,ISR,WEST BANK,PSE,154,군 병력 동원·증강,15,4,-7.2,6,1,6,0.0,Israel,IS,http://www.worldbulletin.net/haberler/136397/israeli-forces-kill-two-palestinians-on-nakba-anniversary-in-w-bank
20140515,297431641,20140515,ISRAELI,ISR,PALESTINIAN,PSE,190,재래식 군사력 사용,19,4,-10.0,4,1,4,0.172117039586919,"Oslo, Oslo, Norway",NO,http://mondoweiss.net/2014/05/palestinian-israeli-demonstration.html
20140515,297431642,20140515,ISRAEL,ISR,PALESTINIAN,PSE,190,재래식 군사력 사용,19,4,-10.0,2,1,2,0.172117039586919,"Jerusalem, Israel (general), Israel",IS,http://mondoweiss.net/2014/05/palestinian-israeli-demonstration.html
20140515,297431643,20140515,ISRAEL,ISR,PALESTINIAN,PSE,190,재래식 군사력 사용,19,4,-10.0,8,1,8,0.0,"Hebron, Israel (general), Israel",IS,http://www.ibtimes.co.uk/two-west-bank-palestinians-killed-by-israeli-forces-nakba-day-rally-1448723
20140515,297431644,20140515,ISRAEL,ISR,PALESTINIAN,PSE,190,재래식 군사력 사용,19,4,-10.0,2,1,2,0.0,"Ramallah, West Bank (general), West Bank",WE,http://www.ibtimes.co.uk/two-west-bank-palestinians-killed-by-israeli-forces-nakba-day-rally-1448723
20140515,297431645,20140515,ISRAEL,ISR,PALESTINIAN,PSE,190,재래식 군사력 사용,19,4,-10.0,2,1,2,2.63157894736842,"Gaza, Israel (general), Israel",IS,http://www.aljazeera.com/indepth/opinion/2014/05/open-gaza-seaport-end-blockade-20145141533315444.html
20140515,297431646,20140515,ISRAELI,ISR,WEST BANK,PSE,190,재래식 군사력 사용,19,4,-10.0,6,1,6,0.4149377593361,Israel,IS,http://english.cri.cn/6966/2014/05/16/191s826726.htm
20140515,297431647,20140515,ISRAELI,ISR,PALESTINIAN,PSE,190,재래식 군사력 사용,19,4,-10.0,20,2,20,1.26582278481013,Israel,IS,http://www.ansa.it/ansamed/en/news/sections/politics/2014/05/15/medical-sources-say-2-palestinians-killed-near-ramallah_51ff1066-0f80-403b-a4b3-f7076a8e3122.html
20140515,297431648,20140515,ISRAELI,ISR,PALESTINIAN,PSE,193,소형무기·경무기를 이용한 전투,19,4,-10.0,6,1,6,0.172117039586919,"Al-Walaja, Yerushalayim, Israel",IS,http://mondoweiss.net/2014/05/palestinian-israeli-demonstration.html
20140515,297431665,20140515,ISRAEL,ISR,GAZA,PSE,190,재래식 군사력 사용,19,4,-10.0,2,1,2,0.674536256323777,Gaza Strip,GZ,http://www.allvoices.com/contributed-news/17086922-international-criminal-court-will-investigate-uk-war-crimes-in-iraq
20140515,297431666,20140515,ISRAEL,ISR,WEST BANK,PSE,190,재래식 군사력 사용,19,4,-10.0,1,1,1,0.0,"Qalandiya, West Bank (general), West Bank",WE,http://www.worldbulletin.net/haberler/136397/israeli-forces-kill-two-palestinians-on-nakba-anniversary-in-w-bank
20140515,297431667,20140515,ISRAEL,ISR,WEST BANK,PSE,190,재래식 군사력 사용,19,4,-10.0,17,2,17,0.0,"Ramallah, West Bank (general), West Bank",WE,http://www.dailysabah.com/mideast/2014/05/15/clashes-mark-nakba-anniversary-in-w-bank
20140515,297432825,20140515,JORDAN,JOR,ISRAEL,ISR,154,군 병력 동원·증강,15,4,-7.2,2,1,2,2.73722627737226,"Jerusalem, Israel (general), Israel",IS,http://www.jpost.com/Opinion/Columnists/Know-Comment-Invest-in-and-secure-the-Jordan-Valley-352441
20140515,297432826,20140515,JORDAN,JOR,ISRAEL,ISR,154,군 병력 동원·증강,15,4,-7.2,2,1,2,2.73722627737226,Jordan,JO,http://www.jpost.com/Opinion/Columnists/Know-Comment-Invest-in-and-secure-the-Jordan-Valley-352441
20140515,297432951,20140515,JORDAN,JOR,WEST BANK,PSE,192,영토 점령,19,4,-9.5,2,1,2,2.06927575348628,"Gaza, Israel (general), Israel",IS,http://www.gatestoneinstitute.org/4311/hamas-palestinian-state
20140515,297432952,20140515,JORDANIAN,JOR,WEST BANK,PSE,192,영토 점령,19,4,-9.5,6,1,6,2.06927575348628,"Gaza, Israel (general), Israel",IS,http://www.gatestoneinstitute.org/4311/hamas-palestinian-state
20140515,297432953,20140515,JORDANIAN,JOR,WEST BANK,PSE,192,영토 점령,19,4,-9.5,2,1,2,2.06927575348628,Jordan,JO,http://www.gatestoneinstitute.org/4311/hamas-palestinian-state
20140515,297433006,20140515,JORDAN,JOR,SYRIAN,SYR,190,재래식 군사력 사용,19,4,-10.0,4,1,4,3.08151093439364,"Raqqah, Ar Raqqah, Syria",SY,http://voiceofrussia.com/2014_05_15/US-unable-to-go-after-its-military-project-in-Syria-expert-5450/
20140515,297433007,20140515,JORDAN,JOR,SYRIAN,SYR,190,재래식 군사력 사용,19,4,-10.0,6,1,6,3.08151093439364,"Raqqah, Ar Raqqah, Syria",SY,http://voiceofrussia.com/2014_05_15/US-unable-to-go-after-its-military-project-in-Syria-expert-5450/
20140515,297440306,20140515,BEIRUT,LBN,SYRIAN,SYR,190,재래식 군사력 사용,19,4,-10.0,11,2,11,1.5799459560798,"Berlin, Berlin, Germany",GM,http://www.fairfieldcitizenonline.com/news/world/article/Activists-report-fierce-battles-in-eastern-Syria-5471482.php
20140515,297440307,20140515,BEIRUT,LBN,SYRIAN,SYR,190,재래식 군사력 사용,19,4,-10.0,2,1,2,1.50093808630394,"Berlin, Berlin, Germany",GM,http://www.fairfieldcitizenonline.com/news/world/article/Activists-report-fierce-battles-in-eastern-Syria-5471482.php
20140515,297440308,20140515,BEIRUT,LBN,SYRIAN,SYR,190,재래식 군사력 사용,19,4,-10.0,10,2,10,2.12231066943839,"Beirut, Beyrouth, Lebanon",LE,http://www.houstonchronicle.com/news/world/article/Activists-report-fierce-battles-in-eastern-Syria-5471482.php
20140515,297440309,20140515,LEBANON,LBN,SYRIAN,SYR,190,재래식 군사력 사용,19,4,-10.0,4,2,4,2.12231066943839,"Beirut, Beyrouth, Lebanon",LE,http://www.houstonchronicle.com/news/world/article/Activists-report-fierce-battles-in-eastern-Syria-5471482.php
20140515,297460732,20140515,PALESTINIAN,PSE,ISRAEL,ISR,138,군사력 사용 위협,13,3,-7.0,2,1,2,1.61172161172161,Israel,IS,http://www.strategypage.com/htmw/htterr/articles/20140515.aspx
20140515,297460764,20140515,PALESTINIAN,PSE,ISRAEL,ISR,190,재래식 군사력 사용,19,4,-10.0,6,1,4,3.38164251207729,"Almagor, Ha?afon, Israel",IS,http://themedialine.org/news/news_detail.asp?NewsID=39993
20140515,297460765,20140515,PALESTINIAN,PSE,ISRAEL,ISR,190,재래식 군사력 사용,19,4,-10.0,4,2,4,0.235294117647059,"Bethlehem, West Bank (general), West Bank",WE,http://mail.pnn.ps/index.php/human-rights/7517-marches-in-commemoration-of-the-nakba-met-with-violence-all-over-the-west-bank
20140515,297460766,20140515,PALESTINIAN,PSE,ISRAELI,ISR,190,재래식 군사력 사용,19,4,-10.0,49,6,47,1.3935479834814,"Hebron, Israel (general), Israel",IS,http://www.allvoices.com/contributed-news/17089113-israeli-forces-kill-two-palestinians-on-nakba-anniversary-in-the-west-bank
20140515,297460767,20140515,PALESTINIAN,PSE,ISRAELI,ISR,190,재래식 군사력 사용,19,4,-10.0,8,1,8,0.845238700493162,"Hebron, Israel (general), Israel",IS,http://www.aljazeera.com/news/middleeast/2014/05/palestinians-mark-nakba-day-amid-violence-2014515123517302113.html/RK=0
20140515,297460768,20140515,PALESTINIAN,PSE,ISRAELI,ISR,190,재래식 군사력 사용,19,4,-10.0,3,2,3,0.851203112289317,"Nablus, West Bank (general), West Bank",WE,http://www.aljazeera.com/news/middleeast/2014/05/palestinians-mark-nakba-day-amid-violence-2014515123517302113.html/RK=0
20140515,297460769,20140515,WEST BANK,PSE,ISRAEL,ISR,190,재래식 군사력 사용,19,4,-10.0,2,1,2,0.0,"Jerusalem, Israel (general), Israel",IS,http://www.shanghaidaily.com/article/article_xinhua.aspx?id=218614
20140515,297460770,20140515,WEST BANK,PSE,ISRAEL,ISR,190,재래식 군사력 사용,19,4,-10.0,4,1,4,0.523560209424084,"Hebron, Israel (general), Israel",IS,http://www.haaretz.com/news/diplomacy-defense/1.590861
20140515,297460771,20140515,PALESTINIAN,PSE,ISRAELI,ISR,190,재래식 군사력 사용,19,4,-10.0,8,1,8,2.15946843853821,"Ramallah, West Bank (general), West Bank",WE,http://www.dailystar.com.lb/News/Middle-East/2014/May-15/256555-palestinians-clash-with-israeli-forces-on-nakba-day.ashx
20140515,297460772,20140515,PALESTINIAN,PSE,ISRAEL,ISR,190,재래식 군사력 사용,19,4,-10.0,8,2,8,0.539867109634553,"Ramallah, West Bank (general), West Bank",WE,http://reliefweb.int/report/occupied-palestinian-territory/2-palestinians-killed-israel-nakba-protest
20140515,297460773,20140515,PALESTINIAN,PSE,ISRAELI,ISR,190,재래식 군사력 사용,19,4,-10.0,21,4,21,1.55403664315344,"Ramallah, West Bank (general), West Bank",WE,http://voiceofrussia.com/news/2014_05_15/Palestinian-killed-by-Israeli-troops-at-Nakba-protest-5601/
20140515,297460774,20140515,WEST BANK,PSE,JERUSALEM,ISR,190,재래식 군사력 사용,19,4,-10.0,14,2,14,0.551571980143409,"Jerusalem, Israel (general), Israel",IS,http://www.shanghaidaily.com/article/article_xinhua.aspx?id=218614
20140515,297460775,20140515,WEST BANK,PSE,ISRAEL,ISR,190,재래식 군사력 사용,19,4,-10.0,4,2,4,1.16576071884186,"Ramallah, West Bank (general), West Bank",WE,http://www.greenfieldreporter.com/view/story/45bba98e31294935b7717e25d1360eba/ML--Israel-Palestinians
20140515,297460776,20140515,WEST BANK,PSE,ISRAEL,ISR,190,재래식 군사력 사용,19,4,-10.0,1,1,1,0.0,"Qalandiya, West Bank (general), West Bank",WE,http://www.worldbulletin.net/haberler/136397/israeli-forces-kill-two-palestinians-on-nakba-anniversary-in-w-bank
20140515,297460777,20140515,PALESTINIAN,PSE,ISRAELI,ISR,190,재래식 군사력 사용,19,4,-10.0,27,5,27,0.0614722606423852,"Ramallah, West Bank (general), West Bank",WE,http://www.arabnews.com/news/571521
20140515,297460778,20140515,PALESTINIAN,PSE,ISRAEL,ISR,190,재래식 군사력 사용,19,4,-10.0,2,1,2,1.81086519114688,"Ramallah, West Bank (general), West Bank",WE,http://voiceofrussia.com/news/2014_05_15/Palestinian-killed-by-Israeli-troops-at-Nakba-protest-5601/
20140515,297460779,20140515,PALESTINIAN,PSE,ISRAELI,ISR,190,재래식 군사력 사용,19,4,-10.0,110,12,103,1.83564806981969,"Jerusalem, Israel (general), Israel",IS,http://www.dailystar.com.lb/News/Middle-East/2014/May-16/256626-two-palestinians-killed-in-nakba-day-clashes.ashx
20140515,297460780,20140515,WEST BANK,PSE,ISRAELI,ISR,190,재래식 군사력 사용,19,4,-10.0,43,9,43,1.26232183825359,"Gaza City, Israel (general), Israel",IS,http://www.greenfieldreporter.com/view/story/45bba98e31294935b7717e25d1360eba/ML--Israel-Palestinians
20140515,297460781,20140515,GAZA,PSE,ISRAEL,ISR,190,재래식 군사력 사용,19,4,-10.0,1,1,1,1.86335403726708,"Gaza City, Israel (general), Israel",IS,http://palsolidarity.org/2014/05/israeli-attacks-on-fishermen-in-the-gaza-sea/
20140515,297460782,20140515,GAZA,PSE,ISRAEL,ISR,190,재래식 군사력 사용,19,4,-10.0,1,1,1,1.86335403726708,"Rafah, Gaza Strip (general), Gaza Strip",GZ,http://palsolidarity.org/2014/05/israeli-attacks-on-fishermen-in-the-gaza-sea/
20140515,297460783,20140515,PALESTINIAN,PSE,ISRAELI,ISR,190,재래식 군사력 사용,19,4,-10.0,10,1,10,0.0,France,FR,http://www.philippinetimes.com/index.php/sid/222031679/scat/2411cd3571b4f088
20140515,297460784,20140515,PALESTINIAN,PSE,ISRAELI,ISR,190,재래식 군사력 사용,19,4,-10.0,38,7,38,0.116099071207431,Israel,IS,http://www.arabnews.com/news/571521
20140515,297460785,20140515,PALESTINIAN,PSE,ISRAELI,ISR,190,재래식 군사력 사용,19,4,-10.0,8,1,8,1.20481927710843,West Bank,WE,http://www.maannews.net/eng/ViewDetails.aspx?ID=697570
20140515,297460786,20140515,WEST BANK,PSE,ISRAELI,ISR,190,재래식 군사력 사용,19,4,-10.0,8,1,8,2.20588235294118,Israel,IS,http://themedialine.org/news/news_detail.asp?NewsID=40021
20140515,297460787,20140515,PALESTINIAN,PSE,ISRAEL,ISR,190,재래식 군사력 사용,19,4,-10.0,2,1,2,1.20481927710843,West Bank,WE,http://www.maannews.net/eng/ViewDetails.aspx?ID=697570
20140515,297460788,20140515,GAZA,PSE,ISRAEL,ISR,192,영토 점령,19,4,-9.5,6,1,6,1.67441860465116,"Gaza, Israel (general), Israel",IS,http://www.israelnationalnews.com/News/News.aspx/180654
20140515,297460789,20140515,WEST BANK,PSE,ISRAEL,ISR,193,소형무기·경무기를 이용한 전투,19,4,-10.0,4,1,4,0.0,Israel,IS,http://reliefweb.int/report/occupied-palestinian-territory/2-palestinians-killed-israel-nakba-protest
20140515,297460790,20140515,PALESTINIAN,PSE,ISRAELI,ISR,193,소형무기·경무기를 이용한 전투,19,4,-10.0,60,13,60,2.23454750103147,"Jerusalem, Israel (general), Israel",IS,http://www.naharnet.com/stories/en/130735-kerry-meets-israeli-chief-peace-negotiator-in-london
20140515,297460791,20140515,GAZA,PSE,ISRAEL,ISR,193,소형무기·경무기를 이용한 전투,19,4,-10.0,2,1,2,1.86335403726708,"Rafah, Gaza Strip (general), Gaza Strip",GZ,http://palsolidarity.org/2014/05/israeli-attacks-on-fishermen-in-the-gaza-sea/
20140515,297460792,20140515,PALESTINIAN,PSE,ISRAELI,ISR,193,소형무기·경무기를 이용한 전투,19,4,-10.0,2,1,2,0.0,Israel,IS,http://www.palestinechronicle.com/israeli-troops-kill-2-palestinians-in-nakba-day-clashes/
20140515,297460793,20140515,PALESTINIAN,PSE,ISRAELI,ISR,193,소형무기·경무기를 이용한 전투,19,4,-10.0,4,2,4,0.0,Israel,IS,http://www.palestinechronicle.com/israeli-troops-kill-2-palestinians-in-nakba-day-clashes/
20140515,297460794,20140515,PALESTINIAN,PSE,ISRAELI,ISR,193,소형무기·경무기를 이용한 전투,19,4,-10.0,2,1,2,3.50877192982456,"Jerusalem, Israel (general), Israel",IS,http://www.business-standard.com/article/pti-stories/kerry-meets-israeli-chief-peace-negotiator-in-london-114051600249_1.html
20140515,297460797,20140515,PALESTINIAN,PSE,ISRAELI,ISR,193,소형무기·경무기를 이용한 전투,19,4,-10.0,6,1,6,0.671140939597315,"Jerusalem, Israel (general), Israel",IS,http://www.jpost.com/Defense/Palestinian-killed-by-Israeli-security-forces-in-violent-clash-near-Ramallah-352387
20140515,297460813,20140515,WEST BANK,PSE,ISRAELI,ISR,190,재래식 군사력 사용,19,4,-10.0,6,1,6,0.4149377593361,Israel,IS,http://english.cri.cn/6966/2014/05/16/191s826726.htm
20140515,297460819,20140515,WEST BANK,PSE,ISRAEL,ISR,190,재래식 군사력 사용,19,4,-10.0,1,1,1,0.0,"Qalandiya, West Bank (general), West Bank",WE,http://www.worldbulletin.net/haberler/136397/israeli-forces-kill-two-palestinians-on-nakba-anniversary-in-w-bank
20140515,297460820,20140515,WEST BANK,PSE,ISRAEL,ISR,190,재래식 군사력 사용,19,4,-10.0,17,2,17,0.0,"Ramallah, West Bank (general), West Bank",WE,http://www.dailysabah.com/mideast/2014/05/15/clashes-mark-nakba-anniversary-in-w-bank
20140515,297461038,20140515,PALESTINE,PSE,ISRAEL,ISR,190,재래식 군사력 사용,19,4,-10.0,2,1,2,0.0,Israel,IS,http://www.worldbulletin.net/news/136397/clashes-mark-nakba-anniversary-in-w-bank
20140515,297461049,20140515,WEST BANK,PSE,ISRAELI,ISR,190,재래식 군사력 사용,19,4,-10.0,8,1,8,0.0,Israel,IS,http://www.techsonia.com/israeli-troops-kill-two-injure-three-palestinians-in-clash-in-a-west-bank-village/198134/
20140515,297461121,20140515,PALESTINIAN,PSE,ISRAELI,ISR,190,재래식 군사력 사용,19,4,-10.0,2,1,2,3.38164251207729,"Almagor, Ha?afon, Israel",IS,http://themedialine.org/news/news_detail.asp?NewsID=39993
20140515,297461123,20140515,PALESTINIAN,PSE,ISRAELI,ISR,190,재래식 군사력 사용,19,4,-10.0,2,1,2,3.38164251207729,"Almagor, Ha?afon, Israel",IS,http://themedialine.org/news/news_detail.asp?NewsID=39993
20140515,297461214,20140515,HAMAS,PSE,ISRAEL,ISR,192,영토 점령,19,4,-9.5,68,30,68,1.23766696958637,"Gaza, Israel (general), Israel",IS,http://www.greenfieldreporter.com/view/story/45bba98e31294935b7717e25d1360eba/ML--Israel-Palestinians
20140515,297465826,20140515,SAUDI,SAU,ISRAEL,ISR,138,군사력 사용 위협,13,3,-7.0,6,1,6,1.61172161172161,Israel,IS,http://www.strategypage.com/htmw/htterr/articles/20140515.aspx
20140515,297465932,20140515,SAUDI,SAU,PALESTINIAN,PSE,138,군사력 사용 위협,13,3,-7.0,2,1,2,1.61172161172161,Israel,IS,http://www.strategypage.com/htmw/htterr/articles/20140515.aspx
20140515,297466065,20140515,SAUDI ARABIA,SAU,YEMEN,YEM,190,재래식 군사력 사용,19,4,-10.0,2,1,2,0.444444444444444,"Arabian Peninsula, Saudi Arabia (general), Saudi Arabia",SA,http://al-shorfa.com/en_GB/articles/meii/newsbriefs/2014/05/13/newsbrief-04
20140515,297466066,20140515,SAUDI ARABIA,SAU,YEMEN,YEM,191,봉쇄·이동 제한,19,4,-9.5,10,1,10,0.37593984962406,"Haradh, ?ajjah, Yemen",YM,http://www.yementimes.com/en/1781/news/3853
20140515,297466067,20140515,SAUDI ARABIA,SAU,YEMEN,YEM,191,봉쇄·이동 제한,19,4,-9.5,10,1,10,0.37593984962406,"Haradh, ?ajjah, Yemen",YM,http://www.yementimes.com/en/1781/news/3853
20140515,297468484,20140515,SYRIAN,SYR,EGYPT,EGY,190,재래식 군사력 사용,19,4,-10.0,5,1,5,1.1864406779661,"Cairo, Al Qahirah, Egypt",EG,http://www.rightsidenews.com/2014051534287/world/terrorism/jihadis-returning-redeploying-from-syria.html
20140515,297468732,20140515,SYRIA,SYR,MOSHE YAALON,ISR,190,재래식 군사력 사용,19,4,-10.0,220,21,220,0.235095308732987,Syria,SY,http://www.greenfieldreporter.com/view/story/57f0601ed6f44b30abe7f69f223e1e16/ML--Hagel-Syria
20140515,297468770,20140515,SYRIA,SYR,BEIRUT,LBN,190,재래식 군사력 사용,19,4,-10.0,4,1,4,1.21359223300971,"Atarib, ?alab, Syria",SY,http://www.dailystar.com.lb/News/Middle-East/2014/May-15/256509-airstrikes-kill-over-40-in-northern-syria-activists.ashx
20140515,297468771,20140515,SYRIA,SYR,BEIRUT,LBN,190,재래식 군사력 사용,19,4,-10.0,1,1,1,1.21359223300971,"Idlib, Idlib, Syria",SY,http://www.dailystar.com.lb/News/Middle-East/2014/May-15/256509-airstrikes-kill-over-40-in-northern-syria-activists.ashx
20140515,297468772,20140515,SYRIA,SYR,BEIRUT,LBN,190,재래식 군사력 사용,19,4,-10.0,7,3,7,0.244516361021215,"Atarib, ?alab, Syria",SY,"http://www.ynetnews.com/articles/0,7340,L-4520091,00.html"
20140515,297468773,20140515,SYRIAN,SYR,BEIRUT,LBN,190,재래식 군사력 사용,19,4,-10.0,13,2,13,2.04576980929463,"Beirut, Beyrouth, Lebanon",LE,http://www.houstonchronicle.com/news/world/article/Activists-report-fierce-battles-in-eastern-Syria-5471482.php
20140515,297468774,20140515,SYRIA,SYR,LEBANON,LBN,190,재래식 군사력 사용,19,4,-10.0,2,1,2,0.483091787439614,"Idlib, Idlib, Syria",SY,http://www.ndtv.com/article/world/air-strikes-kill-over-40-in-northern-syria-524795
20140515,297468775,20140515,SYRIAN,SYR,LEBANON,LBN,190,재래식 군사력 사용,19,4,-10.0,4,2,4,2.12231066943839,"Beirut, Beyrouth, Lebanon",LE,http://www.houstonchronicle.com/news/world/article/Activists-report-fierce-battles-in-eastern-Syria-5471482.php
20140515,297468776,20140515,SYRIAN,SYR,BEIRUT,LBN,190,재래식 군사력 사용,19,4,-10.0,10,1,10,1.50093808630394,"Beirut, Beyrouth, Lebanon",LE,http://www.fairfieldcitizenonline.com/news/world/article/Activists-report-fierce-battles-in-eastern-Syria-5471482.php
20140515,297468777,20140515,SYRIAN,SYR,LEBANON,LBN,190,재래식 군사력 사용,19,4,-10.0,4,2,4,0.0,Syria,SY,http://www.nation.com.pk/international/16-May-2014/explosion-kills-43-at-syria-turkey-border
20140515,297468778,20140515,SYRIA,SYR,LEBANESE,LBN,192,영토 점령,19,4,-9.5,1,1,1,1.43014301430143,"Yabroud, Rif Dimashq, Syria",SY,http://www.mcclatchydc.com/2014/05/14/227468/lebanon-moves-against-what-it.html?sp=/99/117/&c=KJlgsAtA0tBZyemWHK4ASQl5C3AyfPnp8vFuGY5_Idg&mkt=en-us
20140515,297469071,20140515,SYRIAN,SYR,TURKISH,TUR,1383,비정규 폭력 사용 위협,13,3,-7.0,20,1,20,1.45867098865478,"Azaz, ?alab, Syria",SY,http://www.longwarjournal.org/threat-matrix/archives/2014/05/isis_may_be_behind_the_explosi.php?utm_source=feedburner&utm_medium=feed&utm_campaign=Feed%3A+LongWarJournalSiteWide+%28The+Long+War+Journal+%28Site-Wide%29%29
20140515,297469075,20140515,SYRIA,SYR,TURKEY,TUR,190,재래식 군사력 사용,19,4,-10.0,1,1,1,1.6597510373444,"Yerevan, Yerevan*, Armenia",AM,http://www.panorama.am/en/politics/2014/05/15/gurgen-dumanyan/
20140515,297469076,20140515,SYRIA,SYR,TURKEY,TUR,190,재래식 군사력 사용,19,4,-10.0,1,1,1,1.67890870933893,"Aleppo, ?alab, Syria",SY,http://www.panorama.am/en/politics/2014/05/15/parliament/
20140515,297469077,20140515,SYRIAN,SYR,TURKEY,TUR,190,재래식 군사력 사용,19,4,-10.0,16,1,16,0.389105058365759,"Aleppo, ?alab, Syria",SY,http://www.aljazeera.com/news/middleeast/2014/05/deadly-blast-hits-syria-turkey-border-2014515124316715258.html/RK=0
20140515,297469078,20140515,SYRIA,SYR,TURKEY,TUR,190,재래식 군사력 사용,19,4,-10.0,12,1,12,1.80950796850434,"Ankara, Ankara, Turkey",TU,http://www.panorama.am/en/politics/2014/05/15/gurgen-dumanyan/
20140515,297469079,20140515,SYRIA,SYR,TURKEY,TUR,190,재래식 군사력 사용,19,4,-10.0,1,1,1,2.08986415882968,"Baku, Baki*, Azerbaijan",AJ,http://www.panorama.am/en/law/2014/05/15/moj/
20140515,297469080,20140515,SYRIAN,SYR,TURKEY,TUR,190,재래식 군사력 사용,19,4,-10.0,10,1,10,0.396039603960396,"Idlib, Idlib, Syria",SY,http://ewn.co.za/2014/05/15/Car-bomb-kills-17-at-Syrian-border-with-Turkey
20140515,297469081,20140515,SYRIAN,SYR,TURKEY,TUR,190,재래식 군사력 사용,19,4,-10.0,27,5,27,0.0,Syria,SY,http://www.nation.com.pk/international/16-May-2014/explosion-kills-43-at-syria-turkey-border
20140515,297469082,20140515,SYRIAN,SYR,TURKEY,TUR,190,재래식 군사력 사용,19,4,-10.0,189,10,189,0.229550619541885,"Beirut, Beyrouth, Lebanon",LE,http://zeenews.india.com/news/world/explosion-kills-43-at-syrian-border-with-turkey-monitoring-group_932462.html
20140515,297469083,20140515,SYRIAN,SYR,TURKEY,TUR,190,재래식 군사력 사용,19,4,-10.0,8,1,8,0.560059214286904,Syria,SY,http://www.trust.org/item/20140515181851-8mz9p
20140515,297469084,20140515,SYRIAN,SYR,TURKEY,TUR,190,재래식 군사력 사용,19,4,-10.0,16,2,16,0.0,Turkey,TU,http://en.trend.az/regions/met/arabicr/2274561.html
20140515,297469085,20140515,SYRIAN,SYR,TURKEY,TUR,190,재래식 군사력 사용,19,4,-10.0,24,3,24,0.100401606425703,Turkey,TU,http://www.news24.com/World/News/Explosion-kills-29-at-Syrian-border-with-Turkey-20140515
20140515,297469086,20140515,SYRIAN,SYR,TURKEY,TUR,192,영토 점령,19,4,-9.5,8,1,8,0.413223140495868,"Gaziantep, Gaziantep, Turkey",TU,http://www.latimes.com/world/middleeast/la-fg-syria-turkey-blast-20140515-story.html
20140515,297469087,20140515,SYRIAN,SYR,TURKEY,TUR,192,영토 점령,19,4,-9.5,2,1,2,0.413223140495868,"Sewol, Kyongsang-bukto, South Korea",KS,http://www.latimes.com/world/middleeast/la-fg-syria-turkey-blast-20140515-story.html
20140515,297469088,20140515,SYRIA,SYR,TURKEY,TUR,193,소형무기·경무기를 이용한 전투,19,4,-10.0,2,1,2,1.52439024390244,Turkey,TU,http://www.hurriyetdailynews.com/british-journalists-shot-and-beaten-in-syria-recovering-in-turkey.aspx?pageID=238&nid=66497&NewsCatID=352
20140515,297469092,20140515,ALEPPO,SYR,TURKEY,TUR,190,재래식 군사력 사용,19,4,-10.0,8,1,8,3.73831775700935,Turkey,TU,http://www.thetimes.co.uk/tto/opinion/leaders/article4091214.ece?CMP=OTH-gnws-standard-2014_05_15
20140515,297469093,20140515,ALEPPO,SYR,TURKEY,TUR,190,재래식 군사력 사용,19,4,-10.0,2,1,2,3.73831775700935,Turkey,TU,http://www.thetimes.co.uk/tto/opinion/leaders/article4091214.ece?CMP=OTH-gnws-standard-2014_05_15
20140515,297469094,20140515,SYRIA,SYR,TURKEY,TUR,193,소형무기·경무기를 이용한 전투,19,4,-10.0,2,1,2,1.52439024390244,Turkey,TU,http://www.hurriyetdailynews.com/british-journalists-shot-and-beaten-in-syria-recovering-in-turkey.aspx?pageID=238&nid=66497&NewsCatID=352
20140515,297469325,20140515,SYRIA,SYR,EGYPT,EGY,138,군사력 사용 위협,13,3,-7.0,24,1,24,0.0,Egypt,EG,http://www.worldbulletin.net/haberler/136373/syrias-islamic-front-denies-plans-to-attack-egypt
20140515,297469326,20140515,SYRIA,SYR,EGYPT,EGY,138,군사력 사용 위협,13,3,-7.0,6,1,6,0.0,Syria,SY,http://www.worldbulletin.net/haberler/136373/syrias-islamic-front-denies-plans-to-attack-egypt
20140515,297469327,20140515,SYRIA,SYR,EGYPT,EGY,190,재래식 군사력 사용,19,4,-10.0,30,1,30,0.0,Egypt,EG,http://www.worldbulletin.net/haberler/136373/syrias-islamic-front-denies-plans-to-attack-egypt
20140515,297470863,20140515,TURKISH,TUR,IRANIAN,IRN,193,소형무기·경무기를 이용한 전투,19,4,-10.0,4,3,4,3.4246261393651,"Amsterdam, Noord-Holland, Netherlands",NL,http://www.swissinfo.ch/eng/news/international/Dutch_populist_Wilders_targets_Moroccans_in_EU_campaign.html?cid=38588116
20140515,297470864,20140515,TURKISH,TUR,IRANIAN,IRN,193,소형무기·경무기를 이용한 전투,19,4,-10.0,8,3,8,3.4246261393651,Iran,IR,http://www.swissinfo.ch/eng/news/international/Dutch_populist_Wilders_targets_Moroccans_in_EU_campaign.html?cid=38588116
20140515,297470865,20140515,TURKEY,TUR,IRAN,IRN,193,소형무기·경무기를 이용한 전투,19,4,-10.0,4,3,4,3.4246261393651,Iran,IR,http://www.swissinfo.ch/eng/news/international/Dutch_populist_Wilders_targets_Moroccans_in_EU_campaign.html?cid=38588116
20140515,297470895,20140515,TURKEY,TUR,ISRAELI,ISR,190,재래식 군사력 사용,19,4,-10.0,2,1,2,2.63157894736842,Turkey,TU,http://www.aljazeera.com/indepth/opinion/2014/05/open-gaza-seaport-end-blockade-20145141533315444.html
20140515,297471140,20140515,TURKEY,TUR,PALESTINIAN,PSE,190,재래식 군사력 사용,19,4,-10.0,3,1,3,2.47933884297521,"Gaza, Israel (general), Israel",IS,http://ejpress.org/index.php?option=com_content&view=article&id=48997&catid=19
20140515,297471220,20140515,TURKEY,TUR,ALEPPO,SYR,190,재래식 군사력 사용,19,4,-10.0,13,2,13,1.84255130185694,"Aleppo, ?alab, Syria",SY,http://thefrontierpost.com/article/172106/&c=hP2Frx8jMwTbyNl7MPTOCb3eAGkVNHvDQL_DxTGoRnc&mkt=en-us
20140515,297471221,20140515,TURKEY,TUR,SYRIA,SYR,190,재래식 군사력 사용,19,4,-10.0,2,1,2,0.0,"Aleppo, ?alab, Syria",SY,"http://www.ynetnews.com/articles/0,7340,L-4520276,00.html"
20140515,297471222,20140515,TURKEY,TUR,SYRIAN,SYR,190,재래식 군사력 사용,19,4,-10.0,8,1,8,0.0,Syria,SY,http://www.buenosairesherald.com/article/159531/car-bomb-attack-kills-43-at-syrian-border-with-turkey
20140515,297471223,20140515,TURKEY,TUR,SYRIA,SYR,190,재래식 군사력 사용,19,4,-10.0,18,9,18,0.839961057471793,Turkey,TU,http://www.blueridgenow.com/article/20140515/API/305159838
20140515,297471224,20140515,TURKEY,TUR,SYRIA,SYR,192,영토 점령,19,4,-9.5,16,7,14,1.60365853941305,"Tall Rifat, ?alab, Syria",SY,http://www.businessinsider.in/Two-Journalists-Narrowly-Escape-Syrian-Rebels-Who-Shot-And-Beat-Them-In-Kidnapping-Attempt/articleshow/35138239.cms
20140515,297471225,20140515,TURKEY,TUR,ALEPPO,SYR,192,영토 점령,19,4,-9.5,6,1,6,0.0,Turkey,TU,http://www.upi.com/Top_News/World-News/2014/05/15/Explosion-at-Turkey-Syria-border-leaves-29-dead/1021400178064/
20140515,297471226,20140515,TURKEY,TUR,SYRIA,SYR,192,영토 점령,19,4,-9.5,16,7,14,1.60365853941305,Turkey,TU,http://www.businessinsider.in/Two-Journalists-Narrowly-Escape-Syrian-Rebels-Who-Shot-And-Beat-Them-In-Kidnapping-Attempt/articleshow/35138239.cms
20140515,297471227,20140515,TURKEY,TUR,SYRIA,SYR,192,영토 점령,19,4,-9.5,4,1,4,0.0,Turkey,TU,http://www.upi.com/Top_News/World-News/2014/05/15/Explosion-at-Turkey-Syria-border-leaves-29-dead/1021400178064/
20140515,297471228,20140515,TURKEY,TUR,SYRIA,SYR,193,소형무기·경무기를 이용한 전투,19,4,-10.0,1,1,1,3.11614730878187,"Damascus, Dimashq, Syria",SY,https://au.news.yahoo.com/world/a/23556072/friends-of-syria-vow-to-ramp-up-aid-to-opposition/
20140515,297471229,20140515,TURKEY,TUR,SYRIA,SYR,193,소형무기·경무기를 이용한 전투,19,4,-10.0,1,1,1,3.38028169014084,"Damascus, Dimashq, Syria",SY,http://www.digitaljournal.com/news/world/friends-of-syria-vow-to-ramp-up-aid-to-opposition/article/383851
20140515,297471230,20140515,TURKEY,TUR,SYRIA,SYR,193,소형무기·경무기를 이용한 전투,19,4,-10.0,1,1,1,3.09734513274336,Turkey,TU,http://www.yourmiddleeast.com/news/friends-of-syria-vow-to-ramp-up-aid-to-opposition_23626
20140515,297471231,20140515,TURKEY,TUR,SYRIA,SYR,193,소형무기·경무기를 이용한 전투,19,4,-10.0,9,3,9,3.19792471055536,"Damascus, Dimashq, Syria",SY,http://www.digitaljournal.com/news/world/friends-of-syria-vow-to-ramp-up-aid-to-opposition/article/383851
20140515,297471232,20140515,TURKEY,TUR,SYRIA,SYR,193,소형무기·경무기를 이용한 전투,19,4,-10.0,3,3,3,3.19792471055536,Turkey,TU,http://www.digitaljournal.com/news/world/friends-of-syria-vow-to-ramp-up-aid-to-opposition/article/383851
20140515,297471233,20140515,TURKEY,TUR,SYRIAN,SYR,193,소형무기·경무기를 이용한 전투,19,4,-10.0,4,2,4,1.62281780181952,"Aleppo, ?alab, Syria",SY,http://www.saudigazette.com.sa/index.cfm?method=home.regcon&contentid=20140516205234
20140515,297471234,20140515,TURKEY,TUR,SYRIAN,SYR,193,소형무기·경무기를 이용한 전투,19,4,-10.0,6,2,6,1.87261890131498,Turkey,TU,http://www.ptinews.com/news/4710744_UK-journalists-shot-and-beaten-in-Syria-kidnapping-.html
20140515,297471235,20140515,TURKEY,TUR,ALEPPO,SYR,194,포병·전차를 이용한 전투,19,4,-10.0,5,1,5,0.483091787439614,"Aleppo, ?alab, Syria",SY,"Anadolu (also known as Anatolia) news agency website, Ankara/BBC Monitoring/(c) BBC"
20140515,297471236,20140515,TURKEY,TUR,SYRIA,SYR,194,포병·전차를 이용한 전투,19,4,-10.0,2,1,2,0.492610837438424,"Kilis, Kilis, Turkey",TU,http://www.turkishpress.com/news/405681/
20140515,297471237,20140515,TURKEY,TUR,SYRIA,SYR,194,포병·전차를 이용한 전투,19,4,-10.0,10,1,10,0.0,France,FR,"ANS TV, Baku/BBC Monitoring/(c) BBC"
20140515,297503444,20140515,YEMENI,YEM,ISRAEL,ISR,138,군사력 사용 위협,13,3,-7.0,6,1,6,1.61172161172161,Israel,IS,http://www.strategypage.com/htmw/htterr/articles/20140515.aspx
20140515,297503469,20140515,YEMENI,YEM,PALESTINIAN,PSE,138,군사력 사용 위협,13,3,-7.0,2,1,2,1.61172161172161,Israel,IS,http://www.strategypage.com/htmw/htterr/articles/20140515.aspx
20140515,297503472,20140515,YEMEN,YEM,SAUDI ARABIA,SAU,190,재래식 군사력 사용,19,4,-10.0,2,1,2,0.444444444444444,"Abyan, Abyan, Yemen",YM,http://al-shorfa.com/en_GB/articles/meii/newsbriefs/2014/05/13/newsbrief-04
20140516,297508564,20140509,SYRIAN,SYR,TURKEY,TUR,195,공중무기 사용,19,4,-10.0,8,1,8,5.31914893617021,"Aleppo, ?alab, Syria",SY,http://www.al-monitor.com/pulse/security/2014/05/turkey-syria-air-attack-humanitarian-convoy-lessons.html
20140516,297510030,20140515,TURKEY,TUR,SYRIA,SYR,193,소형무기·경무기를 이용한 전투,19,4,-10.0,1,1,1,2.79823269513991,"London, London, City of, United Kingdom",UK,http://thepeninsulaqatar.com/news/middle-east/283876/friends-of-syria-to-ramp-up-aid-to-oppn
20140516,297510031,20140515,TURKEY,TUR,SYRIA,SYR,193,소형무기·경무기를 이용한 전투,19,4,-10.0,3,1,3,2.79823269513991,"Idlib, Idlib, Syria",SY,http://thepeninsulaqatar.com/news/middle-east/283876/friends-of-syria-to-ramp-up-aid-to-oppn
20140516,297510032,20140515,TURKEY,TUR,SYRIA,SYR,193,소형무기·경무기를 이용한 전투,19,4,-10.0,1,1,1,2.79823269513991,Turkey,TU,http://thepeninsulaqatar.com/news/middle-east/283876/friends-of-syria-to-ramp-up-aid-to-oppn
20140516,297528364,20140516,BAHRAIN,BHR,TYRE,LBN,191,봉쇄·이동 제한,19,4,-9.5,1,1,1,0.0,"Hamad Town, Al Muhafazah ash Shamaliyah, Bahrain",BA,http://www.newstrackindia.com/newsdetails/2014/05/11/169--Bahrain-jails-six-men-to-25-years-for-terror-acts-.html
20140516,297552062,20140516,EGYPTIAN,EGY,JERUSALEM,ISR,190,재래식 군사력 사용,19,4,-10.0,8,3,8,1.68617978356346,"Cairo, Al Qahirah, Egypt",EG,http://www.businessinsider.in/How-Four-Israeli-Fighter-Pilots-Stopped-A-Massive-Arab-Invasion-In-1948/articleshow/35219299.cms
20140516,297552063,20140516,EGYPTIAN,EGY,ISRAELI,ISR,190,재래식 군사력 사용,19,4,-10.0,35,4,35,1.68962518957622,"Cairo, Al Qahirah, Egypt",EG,http://www.businessinsider.in/How-Four-Israeli-Fighter-Pilots-Stopped-A-Massive-Arab-Invasion-In-1948/articleshow/35219299.cms
20140516,297552064,20140516,EGYPTIAN,EGY,JERUSALEM,ISR,190,재래식 군사력 사용,19,4,-10.0,8,3,8,1.68617978356346,"Jerusalem, Israel (general), Israel",IS,http://www.businessinsider.in/How-Four-Israeli-Fighter-Pilots-Stopped-A-Massive-Arab-Invasion-In-1948/articleshow/35219299.cms
20140516,297552163,20140516,NASSER,EGY,PALESTINIAN,PSE,190,재래식 군사력 사용,19,4,-10.0,1,1,1,1.04947526236882,"Ramallah, West Bank (general), West Bank",WE,http://www.theepochtimes.com/n3/679093-nakba-day-2014-israeli-troops-kill-2-palestinians-in-nakba-day-clash/
20140516,297552164,20140516,NASSER,EGY,PALESTINIAN,PSE,193,소형무기·경무기를 이용한 전투,19,4,-10.0,1,1,1,1.04947526236882,"Ramallah, West Bank (general), West Bank",WE,http://www.theepochtimes.com/n3/679093-nakba-day-2014-israeli-troops-kill-2-palestinians-in-nakba-day-clash/
20140516,297552235,20140516,EGYPT,EGY,SYRIA,SYR,163,금수·보이콧·제재 부과,16,4,-8.0,2,1,2,2.72479564032698,"Arab League, Al Qahirah, Egypt",EG,http://www.aucegypt.edu/GAPP/CairoReview/Pages/articleDetails.aspx?aid=579
20140516,297552361,20140516,EGYPTIAN,EGY,JERUSALEM,ISR,190,재래식 군사력 사용,19,4,-10.0,12,3,12,1.68617978356346,"Jerusalem, Israel (general), Israel",IS,http://www.businessinsider.in/How-Four-Israeli-Fighter-Pilots-Stopped-A-Massive-Arab-Invasion-In-1948/articleshow/35219299.cms
20140516,297573531,20140516,IRAN,IRN,IRAQ,IRQ,190,재래식 군사력 사용,19,4,-10.0,8,1,8,2.84697508896797,Syria,SY,http://www.dailystar.com.lb/Opinion/Columnist/2014/May-17/256733-irans-role-in-the-middle-east-grows.ashx
20140516,297573532,20140516,IRAN,IRN,IRAQ,IRQ,190,재래식 군사력 사용,19,4,-10.0,2,1,2,2.84697508896797,Syria,SY,http://www.dailystar.com.lb/Opinion/Columnist/2014/May-17/256733-irans-role-in-the-middle-east-grows.ashx
20140516,297573558,20140516,IRANIAN,IRN,ISRAEL,ISR,138,군사력 사용 위협,13,3,-7.0,9,1,9,2.16116457332577,Israel,IS,"http://www.ynetnews.com/articles/0,7340,L-4520569,00.html"
20140516,297573559,20140516,IRANIAN,IRN,ISRAEL,ISR,138,군사력 사용 위협,13,3,-7.0,1,1,1,2.02429149797571,Israel,IS,"http://www.ynetnews.com/articles/0,7340,L-4520569,00.html"
20140516,297573582,20140516,IRAN,IRN,LEBANON,LBN,190,재래식 군사력 사용,19,4,-10.0,10,1,10,2.84697508896797,Syria,SY,http://www.dailystar.com.lb/Opinion/Columnist/2014/May-17/256733-irans-role-in-the-middle-east-grows.ashx
20140516,297573718,20140516,IRANIAN,IRN,SAUDI,SAU,190,재래식 군사력 사용,19,4,-10.0,2,1,2,3.93974507531866,"Riyadh, Ar Riya?, Saudi Arabia",SA,http://www.huffingtonpost.com/s-azmat-hassan/saudi-arabia-iran_b_5332879.html?utm_hp_ref=world
20140516,297573719,20140516,IRANIAN,IRN,SAUDI,SAU,190,재래식 군사력 사용,19,4,-10.0,2,1,2,3.93974507531866,China,CH,http://www.huffingtonpost.com/s-azmat-hassan/saudi-arabia-iran_b_5332879.html?utm_hp_ref=world
20140516,297573739,20140516,IRAN,IRN,SYRIA,SYR,190,재래식 군사력 사용,19,4,-10.0,2,1,2,2.84697508896797,Syria,SY,http://www.dailystar.com.lb/Opinion/Columnist/2014/May-17/256733-irans-role-in-the-middle-east-grows.ashx
20140516,297573740,20140516,IRAN,IRN,SYRIA,SYR,190,재래식 군사력 사용,19,4,-10.0,8,1,8,2.84697508896797,Syria,SY,http://www.dailystar.com.lb/Opinion/Columnist/2014/May-17/256733-irans-role-in-the-middle-east-grows.ashx
20140516,297573741,20140516,IRANIAN,IRN,SYRIA,SYR,190,재래식 군사력 사용,19,4,-10.0,8,1,8,1.15384615384615,"Balkh, Balkh, Afghanistan",AF,http://www.khaama.com/iran-pays-afghan-refugees-500-a-month-to-fight-in-syria-6107
20140516,297574104,20140516,IRAN,IRN,SAUDI,SAU,190,재래식 군사력 사용,19,4,-10.0,2,1,2,3.93974507531866,"Riyadh, Ar Riya?, Saudi Arabia",SA,http://www.huffingtonpost.com/s-azmat-hassan/saudi-arabia-iran_b_5332879.html?utm_hp_ref=world
20140516,297574105,20140516,IRAN,IRN,SAUDI,SAU,190,재래식 군사력 사용,19,4,-10.0,2,1,2,3.93974507531866,China,CH,http://www.huffingtonpost.com/s-azmat-hassan/saudi-arabia-iran_b_5332879.html?utm_hp_ref=world
20140516,297574106,20140516,IRANIAN,IRN,SAUDI,SAU,190,재래식 군사력 사용,19,4,-10.0,12,1,12,3.93974507531866,China,CH,http://www.huffingtonpost.com/s-azmat-hassan/saudi-arabia-iran_b_5332879.html?utm_hp_ref=world
20140516,297574267,20140516,IRAQ,IRQ,IRAN,IRN,190,재래식 군사력 사용,19,4,-10.0,8,1,8,2.84697508896797,Syria,SY,http://www.dailystar.com.lb/Opinion/Columnist/2014/May-17/256733-irans-role-in-the-middle-east-grows.ashx
20140516,297574268,20140516,IRAQ,IRQ,IRAN,IRN,190,재래식 군사력 사용,19,4,-10.0,2,1,2,2.84697508896797,Syria,SY,http://www.dailystar.com.lb/Opinion/Columnist/2014/May-17/256733-irans-role-in-the-middle-east-grows.ashx
20140516,297574311,20140516,IRAQ,IRQ,LEBANON,LBN,190,재래식 군사력 사용,19,4,-10.0,8,1,8,2.84697508896797,Syria,SY,http://www.dailystar.com.lb/Opinion/Columnist/2014/May-17/256733-irans-role-in-the-middle-east-grows.ashx
20140516,297574312,20140516,IRAQ,IRQ,LEBANON,LBN,190,재래식 군사력 사용,19,4,-10.0,2,1,2,2.84697508896797,Syria,SY,http://www.dailystar.com.lb/Opinion/Columnist/2014/May-17/256733-irans-role-in-the-middle-east-grows.ashx
20140516,297574385,20140516,IRAQ,IRQ,SYRIA,SYR,190,재래식 군사력 사용,19,4,-10.0,8,1,8,2.84697508896797,Syria,SY,http://www.dailystar.com.lb/Opinion/Columnist/2014/May-17/256733-irans-role-in-the-middle-east-grows.ashx
20140516,297574386,20140516,IRAQ,IRQ,SYRIA,SYR,190,재래식 군사력 사용,19,4,-10.0,2,1,2,2.84697508896797,Syria,SY,http://www.dailystar.com.lb/Opinion/Columnist/2014/May-17/256733-irans-role-in-the-middle-east-grows.ashx
20140516,297574942,20140516,ISRAELI,ISR,EGYPTIAN,EGY,190,재래식 군사력 사용,19,4,-10.0,5,4,5,1.68962518957622,"Tel Aviv, Tel Aviv, Israel",IS,http://www.businessinsider.in/How-Four-Israeli-Fighter-Pilots-Stopped-A-Massive-Arab-Invasion-In-1948/articleshow/35219299.cms
20140516,297574943,20140516,ISRAELI,ISR,EGYPTIAN,EGY,190,재래식 군사력 사용,19,4,-10.0,2,2,2,1.65434741059078,"Tel Aviv, Tel Aviv, Israel",IS,http://www.businessinsider.com.au/four-israeli-aircraft-stopped-a-huge-arab-army-in-1948-2014-5
20140516,297574944,20140516,ISRAELI,ISR,EGYPTIAN,EGY,190,재래식 군사력 사용,19,4,-10.0,3,2,3,1.71314370889984,"Jerusalem, Israel (general), Israel",IS,http://www.businessinsider.in/How-Four-Israeli-Fighter-Pilots-Stopped-A-Massive-Arab-Invasion-In-1948/articleshow/35219299.cms
20140516,297574948,20140516,ISRAELI,ISR,EGYPTIAN,EGY,190,재래식 군사력 사용,19,4,-10.0,20,4,20,1.68962518957622,"Tel Aviv, Tel Aviv, Israel",IS,http://www.businessinsider.in/How-Four-Israeli-Fighter-Pilots-Stopped-A-Massive-Arab-Invasion-In-1948/articleshow/35219299.cms
20140516,297574949,20140516,ISRAELI,ISR,EGYPT,EGY,190,재래식 군사력 사용,19,4,-10.0,2,2,2,1.65434741059078,"Tel Aviv, Tel Aviv, Israel",IS,http://www.businessinsider.com.au/four-israeli-aircraft-stopped-a-huge-arab-army-in-1948-2014-5
20140516,297574950,20140516,ISRAELI,ISR,EGYPT,EGY,190,재래식 군사력 사용,19,4,-10.0,3,2,3,1.71314370889984,"Jerusalem, Israel (general), Israel",IS,http://www.businessinsider.in/How-Four-Israeli-Fighter-Pilots-Stopped-A-Massive-Arab-Invasion-In-1948/articleshow/35219299.cms
20140516,297575079,20140516,ISRAEL,ISR,IRANIAN,IRN,138,군사력 사용 위협,13,3,-7.0,9,1,9,2.16116457332577,"Tehran, Tehran, Iran",IR,"http://www.ynetnews.com/articles/0,7340,L-4520569,00.html"
20140516,297575080,20140516,ISRAEL,ISR,IRANIAN,IRN,138,군사력 사용 위협,13,3,-7.0,1,1,1,2.02429149797571,Israel,IS,"http://www.ynetnews.com/articles/0,7340,L-4520569,00.html"
20140516,297575081,20140516,ISRAEL,ISR,IRANIAN,IRN,1384,재래식 군사 공격 위협,13,3,-7.0,3,2,3,3.89073808022329,"Gaza, Israel (general), Israel",IS,http://www.enewspf.com/latest-news/latest-national/military-casualties/52950-joint-press-conference-with-secretary-hagel-and-israeli-minister-of-defense-moshe-ya-alon-may-15-2014.html
20140516,297575082,20140516,ISRAEL,ISR,IRANIAN,IRN,1384,재래식 군사 공격 위협,13,3,-7.0,3,2,3,3.89073808022329,"Gaza, Israel (general), Israel",IS,http://www.enewspf.com/latest-news/latest-national/military-casualties/52950-joint-press-conference-with-secretary-hagel-and-israeli-minister-of-defense-moshe-ya-alon-may-15-2014.html
20140516,297575090,20140516,ISRAEL,ISR,IRAQ,IRQ,154,군 병력 동원·증강,15,4,-7.2,2,1,2,2.93040293040293,Israel,IS,http://www.newsday.com/long-island/suffolk/democrats-retreat-from-coward-slam-at-zeldin-1.8049195
20140516,297575091,20140516,ISRAEL,ISR,IRAQ,IRQ,154,군 병력 동원·증강,15,4,-7.2,2,1,2,2.93040293040293,Iraq,IZ,http://www.newsday.com/long-island/suffolk/democrats-retreat-from-coward-slam-at-zeldin-1.8049195
20140516,297575258,20140516,ISRAEL,ISR,JORDAN,JOR,154,군 병력 동원·증강,15,4,-7.2,2,1,2,2.74473924977127,"Jerusalem, Israel (general), Israel",IS,http://www.israelhayom.com/site/newsletter_opinion.php?id=8419
20140516,297575259,20140516,ISRAEL,ISR,JORDAN,JOR,154,군 병력 동원·증강,15,4,-7.2,14,1,8,2.74473924977127,"Jerusalem, Israel (general), Israel",IS,http://www.israelhayom.com/site/newsletter_opinion.php?id=8419
20140516,297575542,20140516,ISRAEL,ISR,PALESTINIAN,PSE,190,재래식 군사력 사용,19,4,-10.0,2,1,2,0.448430493273543,"Hebron, Israel (general), Israel",IS,http://www.imemc.org/article/67825
20140516,297575543,20140516,ISRAEL,ISR,PALESTINIAN,PSE,190,재래식 군사력 사용,19,4,-10.0,4,1,4,0.448430493273543,"Jerusalem, Israel (general), Israel",IS,http://www.imemc.org/article/67825
20140516,297575544,20140516,JERUSALEM,ISR,PALESTINIAN,PSE,190,재래식 군사력 사용,19,4,-10.0,3,1,3,0.448430493273543,"Jerusalem, Israel (general), Israel",IS,http://www.imemc.org/article/67825
20140516,297575545,20140516,ISRAEL,ISR,PALESTINIAN,PSE,190,재래식 군사력 사용,19,4,-10.0,4,1,2,1.02389078498294,"Beitunia, West Bank (general), West Bank",WE,http://www.dailystar.com.lb/News/Middle-East/2014/May-17/256752-thousands-mourn-killing-of-two-palestinians.ashx
20140516,297575546,20140516,ISRAELI,ISR,PALESTINIAN,PSE,190,재래식 군사력 사용,19,4,-10.0,8,1,4,1.02389078498294,"Jerusalem, Israel (general), Israel",IS,http://www.dailystar.com.lb/News/Middle-East/2014/May-17/256752-thousands-mourn-killing-of-two-palestinians.ashx
20140516,297575547,20140516,ISRAEL,ISR,PALESTINIAN,PSE,190,재래식 군사력 사용,19,4,-10.0,4,2,4,0.450487012987013,"Ramallah, West Bank (general), West Bank",WE,http://www.gulf-times.com/region/216/details/392372/thousands-mourn-killing-of-palestinians-in-west-bank
20140516,297575548,20140516,ISRAELI,ISR,PALESTINIAN,PSE,190,재래식 군사력 사용,19,4,-10.0,8,2,8,0.450487012987013,"Jerusalem, Israel (general), Israel",IS,http://www.gulf-times.com/region/216/details/392372/thousands-mourn-killing-of-palestinians-in-west-bank
20140516,297575549,20140516,ISRAEL,ISR,PALESTINIAN,PSE,190,재래식 군사력 사용,19,4,-10.0,38,7,34,0.895422525244324,"Jerusalem, Israel (general), Israel",IS,http://www.camera.org/index.asp?x_context=2&x_outlet=35&x_article=2713
20140516,297575550,20140516,ISRAELI,ISR,PALESTINIAN,PSE,190,재래식 군사력 사용,19,4,-10.0,7,2,7,0.856846981516606,"Ramallah, West Bank (general), West Bank",WE,http://www.philly.com/philly/news/nation_world/20140516_Israeli_troops_kill_two_Palestinians_in_clash.html
20140516,297575551,20140516,ISRAEL,ISR,PALESTINIAN,PSE,190,재래식 군사력 사용,19,4,-10.0,2,1,2,0.824742268041237,"Ramallah, West Bank (general), West Bank",WE,http://www.philly.com/philly/news/nation_world/20140516_Israeli_troops_kill_two_Palestinians_in_clash.html
20140516,297575552,20140516,ISRAELI,ISR,PALESTINIAN,PSE,190,재래식 군사력 사용,19,4,-10.0,3,2,3,0.899653266150431,"Gaza, Israel (general), Israel",IS,http://www.philly.com/philly/news/nation_world/20140516_Israeli_troops_kill_two_Palestinians_in_clash.html
20140516,297575553,20140516,ISRAEL,ISR,PALESTINIAN,PSE,190,재래식 군사력 사용,19,4,-10.0,2,1,2,0.314465408805031,"Ramallah, West Bank (general), West Bank",WE,http://main.omanobserver.om/?p=81658
20140516,297575554,20140516,ISRAELI,ISR,PALESTINIAN,PSE,190,재래식 군사력 사용,19,4,-10.0,4,1,4,0.314465408805031,Israel,IS,http://main.omanobserver.om/?p=81658
20140516,297575555,20140516,ISRAELI,ISR,PALESTINIAN,PSE,190,재래식 군사력 사용,19,4,-10.0,24,7,24,0.674674010894378,Israel,IS,http://www.maannews.net/eng/ViewDetails.aspx?ID=697903
20140516,297575556,20140516,ISRAELI,ISR,PALESTINIAN,PSE,190,재래식 군사력 사용,19,4,-10.0,1,1,1,2.4896265560166,Israel,IS,"Voice of the Islamic Republic of Iran, Gorgan/BBC Monitoring/(c) BBC"
20140516,297575557,20140516,ISRAEL,ISR,PALESTINIAN,PSE,192,영토 점령,19,4,-9.5,10,1,10,2.66666666666667,"Jerusalem, Israel (general), Israel",IS,http://www.umcmission.org/Learn-About-Us/News-and-Stories/2014/May/0516whyjusticeinpalestine
20140516,297575558,20140516,ISRAELI,ISR,PALESTINIAN,PSE,193,소형무기·경무기를 이용한 전투,19,4,-10.0,24,3,24,2.80748243741064,"Jerusalem, Israel (general), Israel",IS,http://www.middle-east-online.com/english/?id=65984
20140516,297575559,20140516,ISRAELI,ISR,PALESTINIAN,PSE,193,소형무기·경무기를 이용한 전투,19,4,-10.0,10,1,10,2.00772200772201,"Ramallah, West Bank (general), West Bank",WE,http://www.imemc.org/article/67823
20140516,297575560,20140516,ISRAELI,ISR,PALESTINIAN,PSE,193,소형무기·경무기를 이용한 전투,19,4,-10.0,8,1,8,0.824742268041237,"Gaza, Israel (general), Israel",IS,http://www.philly.com/philly/news/nation_world/20140516_Israeli_troops_kill_two_Palestinians_in_clash.html
20140516,297575561,20140516,ISRAELI,ISR,PALESTINIAN,PSE,193,소형무기·경무기를 이용한 전투,19,4,-10.0,8,1,8,0.45045045045045,Israel,IS,"Ma'an News Agency website, Bethlehem/BBC Monitoring/(c) BBC"
20140516,297575569,20140516,ISRAEL,ISR,PALESTINIAN,PSE,190,재래식 군사력 사용,19,4,-10.0,4,1,4,2.00772200772201,"Jerusalem, Israel (general), Israel",IS,http://www.imemc.org/article/67823
20140516,297575570,20140516,ISRAELI,ISR,WEST BANK,PSE,190,재래식 군사력 사용,19,4,-10.0,13,1,10,2.00772200772201,"Gaza, Israel (general), Israel",IS,http://www.imemc.org/article/67823
20140516,297575571,20140516,ISRAELI,ISR,WEST BANK,PSE,190,재래식 군사력 사용,19,4,-10.0,2,1,2,2.00772200772201,"Gaza, Israel (general), Israel",IS,http://www.imemc.org/article/67823
20140516,297575578,20140516,ISRAELI,ISR,PALESTINIAN,PSE,190,재래식 군사력 사용,19,4,-10.0,2,1,2,2.4896265560166,Israel,IS,"Voice of the Islamic Republic of Iran, Gorgan/BBC Monitoring/(c) BBC"
20140516,297575591,20140516,ISRAEL,ISR,HAMAS,PSE,190,재래식 군사력 사용,19,4,-10.0,4,1,4,2.00445434298441,Israel,IS,http://www.israelnationalnews.com/News/News.aspx/180715
20140516,297575658,20140516,ISRAEL,ISR,SYRIA,SYR,195,공중무기 사용,19,4,-10.0,6,1,6,2.72479564032698,"Aleppo, ?alab, Syria",SY,http://www.aucegypt.edu/GAPP/CairoReview/Pages/articleDetails.aspx?aid=579
20140516,297575659,20140516,ISRAEL,ISR,SYRIA,SYR,195,공중무기 사용,19,4,-10.0,2,1,2,2.72479564032698,Israel,IS,http://www.aucegypt.edu/GAPP/CairoReview/Pages/articleDetails.aspx?aid=579
20140516,297575660,20140516,ISRAEL,ISR,SYRIA,SYR,195,공중무기 사용,19,4,-10.0,2,1,2,2.72479564032698,"New York, United States",US,http://www.aucegypt.edu/GAPP/CairoReview/Pages/articleDetails.aspx?aid=579
20140516,297575958,20140516,JERUSALEM,ISR,PALESTINIAN,PSE,190,재래식 군사력 사용,19,4,-10.0,6,1,6,0.0,"Jerusalem, Israel (general), Israel",IS,http://www.maannews.net/eng/ViewDetails.aspx?ID=697922
20140516,297576119,20140516,MOSHE YAALON,ISR,SYRIA,SYR,190,재래식 군사력 사용,19,4,-10.0,2,1,2,0.636942675159236,Syria,SY,http://www.israelhayom.com/site/newsletter_article.php?id=17561
20140516,297576120,20140516,MOSHE YAALON,ISR,SYRIA,SYR,190,재래식 군사력 사용,19,4,-10.0,8,1,8,0.636942675159236,Syria,SY,http://www.israelhayom.com/site/newsletter_article.php?id=17561
20140516,297576215,20140516,ISRAELI,ISR,SYRIA,SYR,138,군사력 사용 위협,13,3,-7.0,3,1,3,1.51975683890578,"Tehran, Tehran, Iran",IR,http://www.thejc.com/news/world-news/118027/possible-iran-saudi-deal-syria-prompts-deep-concern
20140516,297576218,20140516,ISRAEL,ISR,WEST BANK,PSE,190,재래식 군사력 사용,19,4,-10.0,4,1,4,2.08955223880597,Israel,IS,http://www.jpost.com/National-News/Four-homes-demolished-in-Givat-Assaf-outpost-352517
20140516,297576219,20140516,ISRAELI,ISR,PALESTINIAN,PSE,190,재래식 군사력 사용,19,4,-10.0,6,1,6,1.01522842639594,Israel,IS,http://angryarab.blogspot.com/2014/05/whenever-israel-kills-palestinians-new.html
20140516,297577249,20140516,JORDANIAN,JOR,PALESTINE,PSE,190,재래식 군사력 사용,19,4,-10.0,2,1,2,1.6220600162206,"Jenin, Jordan (general), Jordan",JO,http://weekly.ahram.org.eg/News/6211/31/How-we-lost-Palestine-.aspx
20140516,297577250,20140516,JORDANIAN,JOR,PALESTINE,PSE,190,재래식 군사력 사용,19,4,-10.0,2,1,2,1.6220600162206,"Jenin, Jordan (general), Jordan",JO,http://weekly.ahram.org.eg/News/6211/31/How-we-lost-Palestine-.aspx
20140516,297577251,20140516,JORDANIAN,JOR,PALESTINE,PSE,192,영토 점령,19,4,-9.5,2,1,2,1.6220600162206,"Gaza, Israel (general), Israel",IS,http://weekly.ahram.org.eg/News/6211/31/How-we-lost-Palestine-.aspx
20140516,297577252,20140516,JORDANIAN,JOR,PALESTINE,PSE,192,영토 점령,19,4,-9.5,2,1,2,1.6220600162206,"Jenin, Jordan (general), Jordan",JO,http://weekly.ahram.org.eg/News/6211/31/How-we-lost-Palestine-.aspx
20140516,297577274,20140516,JORDANIAN,JOR,SYRIAN,SYR,190,재래식 군사력 사용,19,4,-10.0,1,1,1,2.72479564032698,"Damascus, Dimashq, Syria",SY,http://www.aucegypt.edu/GAPP/CairoReview/Pages/articleDetails.aspx?aid=579
20140516,297577275,20140516,JORDANIAN,JOR,SYRIAN,SYR,190,재래식 군사력 사용,19,4,-10.0,1,1,1,2.72479564032698,"Amman, (JO11), Jordan",JO,http://www.aucegypt.edu/GAPP/CairoReview/Pages/articleDetails.aspx?aid=579
20140516,297577440,20140516,JORDANIAN,JOR,PALESTINE,PSE,190,재래식 군사력 사용,19,4,-10.0,6,1,6,1.6220600162206,"Jenin, Jordan (general), Jordan",JO,http://weekly.ahram.org.eg/News/6211/31/How-we-lost-Palestine-.aspx
20140516,297577441,20140516,JORDANIAN,JOR,PALESTINE,PSE,192,영토 점령,19,4,-9.5,12,1,12,1.6220600162206,"Jenin, Jordan (general), Jordan",JO,http://weekly.ahram.org.eg/News/6211/31/How-we-lost-Palestine-.aspx
20140516,297577442,20140516,JORDANIAN,JOR,SYRIAN,SYR,190,재래식 군사력 사용,19,4,-10.0,3,1,3,2.72479564032698,"Amman, (JO11), Jordan",JO,http://www.aucegypt.edu/GAPP/CairoReview/Pages/articleDetails.aspx?aid=579
20140516,297583824,20140516,LEBANON,LBN,IRAN,IRN,190,재래식 군사력 사용,19,4,-10.0,10,1,10,2.84697508896797,Syria,SY,http://www.dailystar.com.lb/Opinion/Columnist/2014/May-17/256733-irans-role-in-the-middle-east-grows.ashx
20140516,297583829,20140516,LEBANON,LBN,IRAQ,IRQ,190,재래식 군사력 사용,19,4,-10.0,8,1,8,2.84697508896797,Syria,SY,http://www.dailystar.com.lb/Opinion/Columnist/2014/May-17/256733-irans-role-in-the-middle-east-grows.ashx
20140516,297583830,20140516,LEBANON,LBN,IRAQ,IRQ,190,재래식 군사력 사용,19,4,-10.0,2,1,2,2.84697508896797,Syria,SY,http://www.dailystar.com.lb/Opinion/Columnist/2014/May-17/256733-irans-role-in-the-middle-east-grows.ashx
20140516,297584020,20140516,LEBANON,LBN,SYRIA,SYR,190,재래식 군사력 사용,19,4,-10.0,10,1,10,2.84697508896797,"Tehran, Tehran, Iran",IR,http://www.dailystar.com.lb/Opinion/Columnist/2014/May-17/256733-irans-role-in-the-middle-east-grows.ashx
20140516,297584021,20140516,BEIRUT,LBN,SYRIA,SYR,194,포병·전차를 이용한 전투,19,4,-10.0,21,3,21,1.42857142857143,"Binnish, Idlib, Syria",SY,http://www.adn.com/2014/05/16/3472902/report-rocket-attack-kills-13.html
20140516,297584022,20140516,BEIRUT,LBN,SYRIA,SYR,194,포병·전차를 이용한 전투,19,4,-10.0,18,6,18,0.952708719637157,"Aleppo, ?alab, Syria",SY,http://www.pantagraph.com/news/world/middle-east/report-rocket-attack-kills-in-syria-s-aleppo/article_79966855-a84d-5593-b371-1e088a28b34c.html
20140516,297584023,20140516,BEIRUT,LBN,SYRIA,SYR,194,포병·전차를 이용한 전투,19,4,-10.0,3,1,3,0.0,"Achrafieh, Beyrouth, Lebanon",LE,"http://www.ynetnews.com/articles/0,7340,L-4520517,00.html"
20140516,297584024,20140516,BEIRUT,LBN,ALEPPO,SYR,194,포병·전차를 이용한 전투,19,4,-10.0,22,8,22,0.258222015411072,"Aleppo, ?alab, Syria",SY,http://www.tribtown.com/view/story/fd3b7680fff546e9ac214f02c7b42063/ML--Syria
20140516,297584025,20140516,BEIRUT,LBN,SYRIA,SYR,194,포병·전차를 이용한 전투,19,4,-10.0,13,5,13,0.907808962943417,"Beirut, Beyrouth, Lebanon",LE,http://www.startribune.com/world/259510851.html
20140516,297584026,20140516,BEIRUT,LBN,SYRIA,SYR,194,포병·전차를 이용한 전투,19,4,-10.0,25,4,25,1.283635631983,"Beirut, Beyrouth, Lebanon",LE,http://www.modbee.com/2014/05/16/3342893/report-rocket-attack-kills-13.html
20140516,297584027,20140516,BEIRUT,LBN,SYRIA,SYR,194,포병·전차를 이용한 전투,19,4,-10.0,7,1,7,1.2962962962963,"Miami, Florida, United States",US,http://www.miamiherald.com/2014/05/16/4120601/report-rocket-attack-kills-13.html
20140516,297584028,20140516,LEBANON,LBN,SYRIA,SYR,194,포병·전차를 이용한 전투,19,4,-10.0,1,1,1,0.37593984962406,"Beirut, Beyrouth, Lebanon",LE,http://www.washingtonpost.com/world/middle_east/report-rocket-attack-kills-13-in-syrias-aleppo/2014/05/16/190027a8-dcf0-11e3-a837-8835df6c12c4_story.html
20140516,297584029,20140516,BEIRUT,LBN,SYRIA,SYR,194,포병·전차를 이용한 전투,19,4,-10.0,10,1,10,1.26984126984127,"Idaho, United States",US,http://www.idahostatesman.com/2014/05/16/3187705/report-rocket-attack-kills-13.html
20140516,297602980,20140516,PALESTINIAN,PSE,ISRAEL,ISR,1382,점령 위협,13,3,-7.0,2,1,2,3.65217391304348,"Jerusalem, Israel (general), Israel",IS,http://www.kwch.com/news/politics-elections/Christie-to-speak-at-Jewish-event-weeks-after-occupied-territories-comment/26023870
20140516,297602999,20140516,PALESTINIAN,PSE,ISRAEL,ISR,190,재래식 군사력 사용,19,4,-10.0,2,1,2,0.448430493273543,"Hebron, Israel (general), Israel",IS,http://www.imemc.org/article/67825
20140516,297603000,20140516,PALESTINIAN,PSE,ISRAEL,ISR,190,재래식 군사력 사용,19,4,-10.0,4,1,4,0.448430493273543,"Jerusalem, Israel (general), Israel",IS,http://www.imemc.org/article/67825
20140516,297603001,20140516,PALESTINIAN,PSE,JERUSALEM,ISR,190,재래식 군사력 사용,19,4,-10.0,3,1,3,0.448430493273543,"Jerusalem, Israel (general), Israel",IS,http://www.imemc.org/article/67825
20140516,297603002,20140516,WEST BANK,PSE,ISRAEL,ISR,190,재래식 군사력 사용,19,4,-10.0,1,1,1,1.04947526236882,"Ramallah, West Bank (general), West Bank",WE,http://www.theepochtimes.com/n3/679093-nakba-day-2014-israeli-troops-kill-2-palestinians-in-nakba-day-clash/
20140516,297603003,20140516,WEST BANK,PSE,ISRAEL,ISR,190,재래식 군사력 사용,19,4,-10.0,4,1,4,2.85714285714286,"Ramallah, West Bank (general), West Bank",WE,http://www.jpost.com/Breaking-News/Report-PA-fears-violent-protests-after-2-Palestinian-youths-killed-352476
20140516,297603004,20140516,WEST BANK,PSE,ISRAEL,ISR,190,재래식 군사력 사용,19,4,-10.0,2,1,2,2.42024202420242,Israel,IS,http://www.timesofisrael.com/olmerts-aide-tells-all/
20140516,297603005,20140516,PALESTINIAN,PSE,ISRAEL,ISR,190,재래식 군사력 사용,19,4,-10.0,2,1,2,0.961538461538462,"Ramallah, West Bank (general), West Bank",WE,http://www.jpost.com/Breaking-News/Minor-clashes-as-mourners-bury-Palestinians-slain-in-Nakba-Day-clashes-352498
20140516,297603006,20140516,PALESTINIAN,PSE,ISRAEL,ISR,190,재래식 군사력 사용,19,4,-10.0,29,5,29,1.3177952629112,"Jerusalem, Israel (general), Israel",IS,http://www.camera.org/index.asp?x_context=2&x_outlet=35&x_article=2713
20140516,297603007,20140516,WEST BANK,PSE,ISRAEL,ISR,190,재래식 군사력 사용,19,4,-10.0,2,1,2,0.824742268041237,"Gaza, Israel (general), Israel",IS,http://www.philly.com/philly/news/nation_world/20140516_Israeli_troops_kill_two_Palestinians_in_clash.html
20140516,297603008,20140516,PALESTINIAN,PSE,ISRAEL,ISR,190,재래식 군사력 사용,19,4,-10.0,1,1,1,2.14455917394758,"Jerusalem, Israel (general), Israel",IS,http://www.al-monitor.com/pulse/originals/2014/05/west-bank-demonstrations-crossing-point-security-cooperation.html
20140516,297603009,20140516,PALESTINIAN,PSE,ISRAEL,ISR,190,재래식 군사력 사용,19,4,-10.0,8,1,8,1.99036918138042,"Ramallah, West Bank (general), West Bank",WE,http://www.jpost.com/Breaking-News/Report-PA-fears-violent-protests-after-2-Palestinian-youths-killed-352476
20140516,297603010,20140516,PALESTINIAN,PSE,ISRAELI,ISR,190,재래식 군사력 사용,19,4,-10.0,55,5,55,0.447026153428398,Israel,IS,http://www.maannews.net/eng/ViewDetails.aspx?ID=697903
20140516,297603011,20140516,WEST BANK,PSE,ISRAELI,ISR,193,소형무기·경무기를 이용한 전투,19,4,-10.0,3,3,3,0.597964550925869,"Jerusalem, Israel (general), Israel",IS,http://www.gulf-times.com/region/216/details/392372/thousands-mourn-killing-of-palestinians-in-west-bank
20140516,297603012,20140516,WEST BANK,PSE,ISRAELI,ISR,193,소형무기·경무기를 이용한 전투,19,4,-10.0,1,1,1,0.314465408805031,Israel,IS,http://main.omanobserver.om/?p=81658
20140516,297603013,20140516,WEST BANK,PSE,ISRAEL,ISR,193,소형무기·경무기를 이용한 전투,19,4,-10.0,1,1,1,1.04947526236882,"Ramallah, West Bank (general), West Bank",WE,http://www.theepochtimes.com/n3/679093-nakba-day-2014-israeli-troops-kill-2-palestinians-in-nakba-day-clash/
20140516,297603014,20140516,WEST BANK,PSE,ISRAELI,ISR,193,소형무기·경무기를 이용한 전투,19,4,-10.0,1,1,1,1.02389078498294,"Beitunia, West Bank (general), West Bank",WE,http://www.dailystar.com.lb/News/Middle-East/2014/May-17/256752-thousands-mourn-killing-of-two-palestinians.ashx
20140516,297603015,20140516,WEST BANK,PSE,ISRAELI,ISR,193,소형무기·경무기를 이용한 전투,19,4,-10.0,22,8,22,1.86037576316967,"Jerusalem, Israel (general), Israel",IS,http://www.dailytimes.com.pk/foreign/17-May-2014/thousands-mourn-killing-of-2-palestinians-in-west-bank
20140516,297603016,20140516,WEST BANK,PSE,ISRAELI,ISR,193,소형무기·경무기를 이용한 전투,19,4,-10.0,1,1,1,0.314465408805031,"Ramallah, West Bank (general), West Bank",WE,http://main.omanobserver.om/?p=81658
20140516,297603017,20140516,PALESTINIAN,PSE,ISRAELI,ISR,193,소형무기·경무기를 이용한 전투,19,4,-10.0,2,1,2,3.46820809248555,"Jerusalem, Israel (general), Israel",IS,http://www.dayandnightnews.com/2014/05/kerry-meets-israeli-chief-peace-negotiator-in-london/
20140516,297603018,20140516,GAZA,PSE,ISRAELI,ISR,194,포병·전차를 이용한 전투,19,4,-10.0,4,1,4,2.90771175726928,"Gaza, Israel (general), Israel",IS,http://voiceofrussia.com/2014_05_16/Israel-Palestine-talks-unlikely-to-resume-soon-analyst-0279/
20140516,297603022,20140516,PALESTINIAN,PSE,ISRAEL,ISR,190,재래식 군사력 사용,19,4,-10.0,3,1,3,2.14455917394758,"Jerusalem, Israel (general), Israel",IS,http://www.al-monitor.com/pulse/originals/2014/05/west-bank-demonstrations-crossing-point-security-cooperation.html
20140516,297603023,20140516,PALESTINIAN,PSE,ISRAEL,ISR,190,재래식 군사력 사용,19,4,-10.0,1,1,1,2.14455917394758,"Pennsylvania, United States",US,http://www.al-monitor.com/pulse/originals/2014/05/west-bank-demonstrations-crossing-point-security-cooperation.html
20140516,297603024,20140516,PALESTINIAN,PSE,JERUSALEM,ISR,190,재래식 군사력 사용,19,4,-10.0,6,1,6,0.0,"Jerusalem, Israel (general), Israel",IS,http://www.maannews.net/eng/ViewDetails.aspx?ID=697922
20140516,297603034,20140516,PALESTINIAN,PSE,ISRAEL,ISR,190,재래식 군사력 사용,19,4,-10.0,2,1,2,0.28328611898017,"Birzeit, West Bank (general), West Bank",WE,http://www.israelnationalnews.com/News/News.aspx/180707
20140516,297603035,20140516,PALESTINIAN,PSE,ISRAELI,ISR,190,재래식 군사력 사용,19,4,-10.0,2,1,2,0.28328611898017,"Birzeit, West Bank (general), West Bank",WE,http://www.israelnationalnews.com/News/News.aspx/180707
20140516,297603036,20140516,WEST BANK,PSE,ISRAEL,ISR,190,재래식 군사력 사용,19,4,-10.0,6,1,6,0.609756097560976,"Ramallah, West Bank (general), West Bank",WE,http://www.jpost.com/National-News/Two-Israeli-journalists-attacked-by-Palestinian-mob-near-Ramallah-352510
20140516,297603037,20140516,WEST BANK,PSE,ISRAELI,ISR,190,재래식 군사력 사용,19,4,-10.0,18,4,18,1.92170453769817,Israel,IS,http://www.haaretz.com/news/diplomacy-defense/1.591104
20140516,297603039,20140516,WEST BANK,PSE,ISRAEL,ISR,190,재래식 군사력 사용,19,4,-10.0,2,1,2,0.0,Israel,IS,"Ma'an News Agency website, Bethlehem/BBC Monitoring/(c) BBC"
20140516,297603045,20140516,PALESTINIAN,PSE,ISRAEL,ISR,193,소형무기·경무기를 이용한 전투,19,4,-10.0,2,1,2,0.890207715133531,Israel,IS,http://palsolidarity.org/2014/05/three-more-martyrs-as-the-nakba-continues/
20140516,297603046,20140516,PALESTINIAN,PSE,ISRAEL,ISR,193,소형무기·경무기를 이용한 전투,19,4,-10.0,6,2,6,0.694745855293266,Israel,IS,http://palsolidarity.org/2014/05/three-more-martyrs-as-the-nakba-continues/
20140516,297603055,20140516,WEST BANK,PSE,ISRAEL,ISR,193,소형무기·경무기를 이용한 전투,19,4,-10.0,5,1,5,2.08955223880597,Israel,IS,http://www.jpost.com/National-News/Four-homes-demolished-in-Givat-Assaf-outpost-352517
20140516,297603056,20140516,WEST BANK,PSE,ISRAEL,ISR,193,소형무기·경무기를 이용한 전투,19,4,-10.0,1,1,1,2.08955223880597,"Ofra, West Bank (general), West Bank",WE,http://www.jpost.com/National-News/Four-homes-demolished-in-Givat-Assaf-outpost-352517
20140516,297603067,20140516,PALESTINE,PSE,JORDANIAN,JOR,190,재래식 군사력 사용,19,4,-10.0,2,1,2,1.6220600162206,"Jenin, Jordan (general), Jordan",JO,http://weekly.ahram.org.eg/News/6211/31/How-we-lost-Palestine-.aspx
20140516,297603068,20140516,PALESTINE,PSE,JORDANIAN,JOR,190,재래식 군사력 사용,19,4,-10.0,2,1,2,1.6220600162206,"Jenin, Jordan (general), Jordan",JO,http://weekly.ahram.org.eg/News/6211/31/How-we-lost-Palestine-.aspx
20140516,297603069,20140516,PALESTINE,PSE,JORDANIAN,JOR,190,재래식 군사력 사용,19,4,-10.0,6,1,6,1.6220600162206,"Jenin, Jordan (general), Jordan",JO,http://weekly.ahram.org.eg/News/6211/31/How-we-lost-Palestine-.aspx
20140516,297603156,20140516,PALESTINE,PSE,TURKISH,TUR,190,재래식 군사력 사용,19,4,-10.0,16,1,16,3.78378378378378,Turkey,TU,http://www.imemc.org/article/67828&c=sJdgTxkwyoxlG4hG38Uh12ohbs6VtiWFhps-w_xSY0c&mkt=en-us
20140516,297603266,20140516,HAMAS,PSE,ISRAEL,ISR,192,영토 점령,19,4,-9.5,2,1,2,1.04947526236882,"Gaza, Israel (general), Israel",IS,http://www.theepochtimes.com/n3/679093-nakba-day-2014-israeli-troops-kill-2-palestinians-in-nakba-day-clash/
20140516,297603788,20140516,QATAR,QAT,ALEPPO,SYR,194,포병·전차를 이용한 전투,19,4,-10.0,10,1,10,0.0,"Aleppo, ?alab, Syria",SY,http://thepeninsulaqatar.com/news/latest-news/283931/syria-rebel-rocket-fire-kills-13-in-aleppo
20140516,297607260,20140516,SAUDI ARABIA,SAU,BAHRAIN,BHR,190,재래식 군사력 사용,19,4,-10.0,16,1,16,3.02000755001887,"Khobar, Ash Sharqiyah, Saudi Arabia",SA,http://weekly.ahram.org.eg/News/6203/23/In-Iran%e2%80%99s-shadow.aspx/RK=0
20140516,297607261,20140516,SAUDI,SAU,BAHRAIN,BHR,190,재래식 군사력 사용,19,4,-10.0,4,1,4,3.02000755001887,"Beirut, Beyrouth, Lebanon",LE,http://weekly.ahram.org.eg/News/6203/23/In-Iran%e2%80%99s-shadow.aspx/RK=0
20140516,297607441,20140516,SAUDI,SAU,IRANIAN,IRN,190,재래식 군사력 사용,19,4,-10.0,2,1,2,3.93974507531866,"Riyadh, Ar Riya?, Saudi Arabia",SA,http://www.huffingtonpost.com/s-azmat-hassan/saudi-arabia-iran_b_5332879.html?utm_hp_ref=world
20140516,297607442,20140516,SAUDI,SAU,IRANIAN,IRN,190,재래식 군사력 사용,19,4,-10.0,2,1,2,3.93974507531866,"Tehran, Tehran, Iran",IR,http://www.huffingtonpost.com/s-azmat-hassan/saudi-arabia-iran_b_5332879.html?utm_hp_ref=world
20140516,297607448,20140516,SAUDI,SAU,IRAN,IRN,190,재래식 군사력 사용,19,4,-10.0,2,1,2,3.93974507531866,"Riyadh, Ar Riya?, Saudi Arabia",SA,http://www.huffingtonpost.com/s-azmat-hassan/saudi-arabia-iran_b_5332879.html?utm_hp_ref=world
20140516,297607449,20140516,SAUDI,SAU,IRAN,IRN,190,재래식 군사력 사용,19,4,-10.0,2,1,2,3.93974507531866,"Tehran, Tehran, Iran",IR,http://www.huffingtonpost.com/s-azmat-hassan/saudi-arabia-iran_b_5332879.html?utm_hp_ref=world
20140516,297607643,20140516,SAUDI,SAU,IRANIAN,IRN,190,재래식 군사력 사용,19,4,-10.0,12,1,12,3.93974507531866,"Riyadh, Ar Riya?, Saudi Arabia",SA,http://www.huffingtonpost.com/s-azmat-hassan/saudi-arabia-iran_b_5332879.html?utm_hp_ref=world
20140516,297609730,20140516,SYRIA,SYR,IRAN,IRN,190,재래식 군사력 사용,19,4,-10.0,2,1,2,2.84697508896797,Syria,SY,http://www.dailystar.com.lb/Opinion/Columnist/2014/May-17/256733-irans-role-in-the-middle-east-grows.ashx
20140516,297609731,20140516,SYRIA,SYR,IRAN,IRN,190,재래식 군사력 사용,19,4,-10.0,8,1,8,2.84697508896797,Syria,SY,http://www.dailystar.com.lb/Opinion/Columnist/2014/May-17/256733-irans-role-in-the-middle-east-grows.ashx
20140516,297609741,20140516,SYRIA,SYR,IRAQ,IRQ,190,재래식 군사력 사용,19,4,-10.0,2,1,2,2.84697508896797,Syria,SY,http://www.dailystar.com.lb/Opinion/Columnist/2014/May-17/256733-irans-role-in-the-middle-east-grows.ashx
20140516,297609742,20140516,SYRIA,SYR,IRAQ,IRQ,190,재래식 군사력 사용,19,4,-10.0,8,1,8,2.84697508896797,Syria,SY,http://www.dailystar.com.lb/Opinion/Columnist/2014/May-17/256733-irans-role-in-the-middle-east-grows.ashx
20140516,297609758,20140516,SYRIA,SYR,ISRAEL,ISR,190,재래식 군사력 사용,19,4,-10.0,7,1,7,0.0,"Achrafieh, Beyrouth, Lebanon",LE,"http://www.ynetnews.com/articles/0,7340,L-4520517,00.html"
20140516,297609759,20140516,SYRIA,SYR,ISRAEL,ISR,194,포병·전차를 이용한 전투,19,4,-10.0,1,1,1,0.0,"Aleppo, ?alab, Syria",SY,"http://www.ynetnews.com/articles/0,7340,L-4520517,00.html"
20140516,297609760,20140516,SYRIA,SYR,ISRAEL,ISR,194,포병·전차를 이용한 전투,19,4,-10.0,4,1,4,0.0,"Aleppo, ?alab, Syria",SY,"http://www.ynetnews.com/articles/0,7340,L-4520517,00.html"
20140516,297609761,20140516,SYRIA,SYR,MOSHE YAALON,ISR,190,재래식 군사력 사용,19,4,-10.0,2,1,2,0.636942675159236,Syria,SY,http://www.israelhayom.com/site/newsletter_article.php?id=17561
20140516,297609762,20140516,SYRIA,SYR,MOSHE YAALON,ISR,190,재래식 군사력 사용,19,4,-10.0,8,1,8,0.636942675159236,Syria,SY,http://www.israelhayom.com/site/newsletter_article.php?id=17561
20140516,297609781,20140516,SYRIAN,SYR,JORDANIAN,JOR,190,재래식 군사력 사용,19,4,-10.0,1,1,1,2.72479564032698,"Amman, (JO11), Jordan",JO,http://www.aucegypt.edu/GAPP/CairoReview/Pages/articleDetails.aspx?aid=579
20140516,297609782,20140516,SYRIAN,SYR,JORDANIAN,JOR,190,재래식 군사력 사용,19,4,-10.0,1,1,1,2.72479564032698,"Damascus, Dimashq, Syria",SY,http://www.aucegypt.edu/GAPP/CairoReview/Pages/articleDetails.aspx?aid=579
20140516,297609785,20140516,SYRIAN,SYR,JORDANIAN,JOR,190,재래식 군사력 사용,19,4,-10.0,3,1,3,2.72479564032698,"Amman, (JO11), Jordan",JO,http://www.aucegypt.edu/GAPP/CairoReview/Pages/articleDetails.aspx?aid=579
20140516,297609812,20140516,SYRIA,SYR,BEIRUT,LBN,190,재래식 군사력 사용,19,4,-10.0,58,9,58,1.39819240823722,"Aleppo, ?alab, Syria",SY,http://www.idahostatesman.com/2014/05/16/3187705/report-rocket-attack-kills-13.html
20140516,297609813,20140516,SYRIAN,SYR,LEBANON,LBN,190,재래식 군사력 사용,19,4,-10.0,13,10,13,0.943870898547653,"Beirut, Beyrouth, Lebanon",LE,http://www.firstpost.com/world/rocket-attack-kills-13-in-syrias-aleppo-17-others-injured-1528409.html
20140516,297609814,20140516,SYRIAN,SYR,BEIRUT,LBN,190,재래식 군사력 사용,19,4,-10.0,3,1,3,0.403225806451613,Norway,NO,http://www.pardaphash.com/news/car-bomb-explosion-kills-40-dozens-injured-on-syrian-border-crossing/758829.html
20140516,297609815,20140516,SYRIA,SYR,LEBANON,LBN,190,재래식 군사력 사용,19,4,-10.0,2,1,2,2.84697508896797,Syria,SY,http://www.dailystar.com.lb/Opinion/Columnist/2014/May-17/256733-irans-role-in-the-middle-east-grows.ashx
20140516,297609816,20140516,SYRIAN,SYR,LEBANON,LBN,190,재래식 군사력 사용,19,4,-10.0,4,2,4,0.0,"Beirut, Beyrouth, Lebanon",LE,http://thehimalayantimes.com/rssReference.php?headline=Explosion+kills+43+at+Syrian+border+with+Turkey%3A+monitoring+group&NewsID=415004
20140516,297609817,20140516,SYRIA,SYR,LEBANON,LBN,190,재래식 군사력 사용,19,4,-10.0,8,1,8,2.84697508896797,Syria,SY,http://www.dailystar.com.lb/Opinion/Columnist/2014/May-17/256733-irans-role-in-the-middle-east-grows.ashx
20140516,297609818,20140516,SYRIA,SYR,LEBANESE,LBN,192,영토 점령,19,4,-9.5,1,1,1,1.43014301430143,"Yabroud, Rif Dimashq, Syria",SY,http://www.kentucky.com/2014/05/14/3242917/lebanon-moves-against-what-it.html
20140516,297609932,20140516,SYRIAN,SYR,SAUDI ARABIA,SAU,192,영토 점령,19,4,-9.5,1,1,1,2.72479564032698,"Qusair, Saudi Arabia (general), Saudi Arabia",SA,http://www.aucegypt.edu/GAPP/CairoReview/Pages/articleDetails.aspx?aid=579
20140516,297609933,20140516,SYRIA,SYR,SAUDI ARABIA,SAU,192,영토 점령,19,4,-9.5,2,1,2,2.72479564032698,"Hatlah, Dayr az Zawr, Syria",SY,http://www.aucegypt.edu/GAPP/CairoReview/Pages/articleDetails.aspx?aid=579
20140516,297609934,20140516,SYRIA,SYR,SAUDI ARABIA,SAU,192,영토 점령,19,4,-9.5,2,1,2,2.72479564032698,"Qusair, Saudi Arabia (general), Saudi Arabia",SA,http://www.aucegypt.edu/GAPP/CairoReview/Pages/articleDetails.aspx?aid=579
20140516,297609935,20140516,SYRIAN,SYR,SAUDI ARABIA,SAU,192,영토 점령,19,4,-9.5,1,1,1,2.72479564032698,"Beirut, Beyrouth, Lebanon",LE,http://www.aucegypt.edu/GAPP/CairoReview/Pages/articleDetails.aspx?aid=579
20140516,297609995,20140516,SYRIA,SYR,TURKEY,TUR,190,재래식 군사력 사용,19,4,-10.0,5,1,5,0.854700854700855,"Kessab, Al Ladhiqiyah, Syria",SY,http://armenpress.am/eng/news/762106/
20140516,297609996,20140516,SYRIAN,SYR,TURKEY,TUR,190,재래식 군사력 사용,19,4,-10.0,14,3,14,0.0,Syria,SY,http://thehimalayantimes.com/rssReference.php?headline=Explosion+kills+43+at+Syrian+border+with+Turkey%3A+monitoring+group&NewsID=415004
20140516,297609997,20140516,SYRIAN,SYR,TURKEY,TUR,190,재래식 군사력 사용,19,4,-10.0,10,2,10,0.0,"Beirut, Beyrouth, Lebanon",LE,http://thehimalayantimes.com/rssReference.php?headline=Explosion+kills+43+at+Syrian+border+with+Turkey%3A+monitoring+group&NewsID=415004
20140516,297609998,20140516,SYRIAN,SYR,TURKISH,TUR,193,소형무기·경무기를 이용한 전투,19,4,-10.0,1,1,1,2.72479564032698,"Istanbul, Istanbul, Turkey",TU,http://www.aucegypt.edu/GAPP/CairoReview/Pages/articleDetails.aspx?aid=579
20140516,297609999,20140516,SYRIAN,SYR,TURKISH,TUR,193,소형무기·경무기를 이용한 전투,19,4,-10.0,1,1,1,2.72479564032698,"Damascus, Dimashq, Syria",SY,http://www.aucegypt.edu/GAPP/CairoReview/Pages/articleDetails.aspx?aid=579
20140516,297610000,20140516,SYRIAN,SYR,TURKEY,TUR,195,공중무기 사용,19,4,-10.0,2,1,2,5.31914893617021,"Aleppo, ?alab, Syria",SY,http://www.al-monitor.com/pulse/security/2014/05/turkey-syria-air-attack-humanitarian-convoy-lessons.html
20140516,297610003,20140516,ALEPPO,SYR,TURKEY,TUR,190,재래식 군사력 사용,19,4,-10.0,8,1,8,3.73831775700935,Turkey,TU,http://www.thetimes.co.uk/tto/opinion/leaders/article4091214.ece
20140516,297610004,20140516,ALEPPO,SYR,TURKEY,TUR,190,재래식 군사력 사용,19,4,-10.0,2,1,2,3.73831775700935,Turkey,TU,http://www.thetimes.co.uk/tto/opinion/leaders/article4091214.ece
20140516,297610005,20140516,SYRIAN,SYR,TURKISH,TUR,193,소형무기·경무기를 이용한 전투,19,4,-10.0,6,1,6,2.72479564032698,"Damascus, Dimashq, Syria",SY,http://www.aucegypt.edu/GAPP/CairoReview/Pages/articleDetails.aspx?aid=579
20140516,297610065,20140516,HOMS,SYR,JORDAN,JOR,192,영토 점령,19,4,-9.5,4,1,4,2.72479564032698,"Khalid Ibn Al-Walid, , Jordan",JO,http://www.aucegypt.edu/GAPP/CairoReview/Pages/articleDetails.aspx?aid=579
20140516,297611577,20140516,TURKEY,TUR,SYRIA,SYR,190,재래식 군사력 사용,19,4,-10.0,5,1,5,0.854700854700855,"Kessab, Al Ladhiqiyah, Syria",SY,http://armenpress.am/eng/news/762106/
20140516,297611578,20140516,TURKEY,TUR,SYRIA,SYR,193,소형무기·경무기를 이용한 전투,19,4,-10.0,1,1,1,3.15638450502152,"Damascus, Dimashq, Syria",SY,http://www.digitaljournal.com/news/world/friends-of-syria-vow-to-ramp-up-aid-to-opposition/article/383845
20140516,297611579,20140516,TURKEY,TUR,SYRIA,SYR,193,소형무기·경무기를 이용한 전투,19,4,-10.0,1,1,1,3.32871012482663,"Damascus, Dimashq, Syria",SY,https://au.news.yahoo.com/thewest/world/a/23557765/friends-of-syria-vow-to-ramp-up-aid-to-opposition/
20140516,297611580,20140516,TURKISH,TUR,SYRIAN,SYR,193,소형무기·경무기를 이용한 전투,19,4,-10.0,1,1,1,2.72479564032698,"Aleppo, ?alab, Syria",SY,http://www.aucegypt.edu/GAPP/CairoReview/Pages/articleDetails.aspx?aid=579
20140516,297611581,20140516,TURKISH,TUR,SYRIAN,SYR,193,소형무기·경무기를 이용한 전투,19,4,-10.0,1,1,1,2.72479564032698,"Damascus, Dimashq, Syria",SY,http://www.aucegypt.edu/GAPP/CairoReview/Pages/articleDetails.aspx?aid=579
20140516,297611582,20140516,TURKEY,TUR,SYRIA,SYR,193,소형무기·경무기를 이용한 전투,19,4,-10.0,6,2,6,3.24254731492407,"Damascus, Dimashq, Syria",SY,https://au.news.yahoo.com/thewest/world/a/23557765/friends-of-syria-vow-to-ramp-up-aid-to-opposition/
20140516,297611583,20140516,TURKEY,TUR,SYRIA,SYR,193,소형무기·경무기를 이용한 전투,19,4,-10.0,2,2,2,3.24254731492407,Turkey,TU,https://au.news.yahoo.com/thewest/world/a/23557765/friends-of-syria-vow-to-ramp-up-aid-to-opposition/
20140516,297611584,20140516,TURKISH,TUR,SYRIAN,SYR,194,포병·전차를 이용한 전투,19,4,-10.0,5,1,5,1.11464968152866,"Aleppo, ?alab, Syria",SY,http://www.dailysabah.com/mideast/2014/05/17/death-toll-of-car-bombing-at-syrianturkish-border-rises-to-64
20140516,297611585,20140516,TURKEY,TUR,SYRIAN,SYR,194,포병·전차를 이용한 전투,19,4,-10.0,2,1,2,1.11464968152866,"Aleppo, ?alab, Syria",SY,http://www.dailysabah.com/mideast/2014/05/17/death-toll-of-car-bombing-at-syrianturkish-border-rises-to-64
20140516,297612045,20140516,TURKISH,TUR,SYRIAN,SYR,193,소형무기·경무기를 이용한 전투,19,4,-10.0,6,1,6,2.72479564032698,"Reyhanli, Hatay, Turkey",TU,http://www.aucegypt.edu/GAPP/CairoReview/Pages/articleDetails.aspx?aid=579
20140516,297641057,20140516,SANA,YEM,LEBANON,LBN,194,포병·전차를 이용한 전투,19,4,-10.0,46,23,46,0.833320059415795,"Achrafieh, Beyrouth, Lebanon",LE,http://www.modbee.com/2014/05/16/3342893/report-rocket-attack-kills-13.html
20140516,297641058,20140516,SANA,YEM,LEBANON,LBN,194,포병·전차를 이용한 전투,19,4,-10.0,46,23,46,0.833320059415795,Turkey,TU,http://www.modbee.com/2014/05/16/3342893/report-rocket-attack-kills-13.html
20140516,297641059,20140516,SANA,YEM,ALEPPO,SYR,194,포병·전차를 이용한 전투,19,4,-10.0,95,10,95,0.676463501617295,"Aleppo, ?alab, Syria",SY,"http://www.ynetnews.com/articles/0,7340,L-4520517,00.html"
20140516,297641060,20140516,SANA,YEM,ALEPPO,SYR,194,포병·전차를 이용한 전투,19,4,-10.0,5,1,5,1.99764982373678,Turkey,TU,http://www.todayszaman.com/news-347965-rocket-attack-kills-13-in-battle-ravaged-syrian-city-of-aleppo.html
20140517,297686073,20140517,IRAN,IRN,IRAQ,IRQ,190,재래식 군사력 사용,19,4,-10.0,14,2,14,2.9713128748589,Syria,SY,http://www.albawaba.com/opinions-editorials/iran-middle-east-576824
20140517,297686074,20140517,IRAN,IRN,IRAQ,IRQ,190,재래식 군사력 사용,19,4,-10.0,4,2,4,2.96265571834313,Syria,SY,http://www.albawaba.com/opinions-editorials/iran-middle-east-576824
20140517,297686075,20140517,IRAN,IRN,IRAQ,IRQ,190,재래식 군사력 사용,19,4,-10.0,2,1,2,2.90205562273277,Syria,SY,http://www.albawaba.com/opinions-editorials/iran-middle-east-576824
20140517,297686122,20140517,IRAN,IRN,LEBANON,LBN,190,재래식 군사력 사용,19,4,-10.0,18,2,18,2.96938906229984,Syria,SY,http://www.albawaba.com/opinions-editorials/iran-middle-east-576824
20140517,297686123,20140517,IRAN,IRN,LEBANON,LBN,190,재래식 군사력 사용,19,4,-10.0,2,1,2,2.90205562273277,Syria,SY,http://www.albawaba.com/opinions-editorials/iran-middle-east-576824
20140517,297686255,20140517,IRAN,IRN,SYRIA,SYR,190,재래식 군사력 사용,19,4,-10.0,4,2,4,2.96265571834313,Syria,SY,http://www.albawaba.com/opinions-editorials/iran-middle-east-576824
20140517,297686256,20140517,IRAN,IRN,SYRIA,SYR,190,재래식 군사력 사용,19,4,-10.0,14,2,14,2.9713128748589,Syria,SY,http://www.albawaba.com/opinions-editorials/iran-middle-east-576824
20140517,297686257,20140517,IRAN,IRN,SYRIA,SYR,190,재래식 군사력 사용,19,4,-10.0,2,1,2,2.90205562273277,Syria,SY,http://www.albawaba.com/opinions-editorials/iran-middle-east-576824
20140517,297686289,20140517,KURDISTAN,IRN,TURKISH,TUR,193,소형무기·경무기를 이용한 전투,19,4,-10.0,2,1,2,1.18343195266272,"Kurdistan, Khuzestan, Iran",IR,"NRT TV, Sulaymaniyah/BBC Monitoring/(c) BBC"
20140517,297686438,20140517,IRAN,IRN,TURKEY,TUR,193,소형무기·경무기를 이용한 전투,19,4,-10.0,4,1,4,1.18343195266272,"Kurdistan, Khuzestan, Iran",IR,"NRT TV, Sulaymaniyah/BBC Monitoring/(c) BBC"
20140517,297686566,20140517,IRAQ,IRQ,IRAN,IRN,190,재래식 군사력 사용,19,4,-10.0,2,1,2,2.90205562273277,Syria,SY,http://www.albawaba.com/opinions-editorials/iran-middle-east-576824
20140517,297686567,20140517,IRAQ,IRQ,IRAN,IRN,190,재래식 군사력 사용,19,4,-10.0,14,2,14,2.9713128748589,Syria,SY,http://www.albawaba.com/opinions-editorials/iran-middle-east-576824
20140517,297686568,20140517,IRAQ,IRQ,IRAN,IRN,190,재래식 군사력 사용,19,4,-10.0,4,2,4,2.96265571834313,Syria,SY,http://www.albawaba.com/opinions-editorials/iran-middle-east-576824
20140517,297686592,20140517,IRAQ,IRQ,LEBANON,LBN,190,재래식 군사력 사용,19,4,-10.0,2,1,2,2.90205562273277,Syria,SY,http://www.albawaba.com/opinions-editorials/iran-middle-east-576824
20140517,297686593,20140517,IRAQ,IRQ,LEBANON,LBN,190,재래식 군사력 사용,19,4,-10.0,14,2,14,2.9713128748589,Syria,SY,http://www.albawaba.com/opinions-editorials/iran-middle-east-576824
20140517,297686594,20140517,IRAQ,IRQ,LEBANON,LBN,190,재래식 군사력 사용,19,4,-10.0,4,2,4,2.96265571834313,Syria,SY,http://www.albawaba.com/opinions-editorials/iran-middle-east-576824
20140517,297686634,20140517,IRAQ,IRQ,SYRIA,SYR,190,재래식 군사력 사용,19,4,-10.0,2,1,2,2.90205562273277,Syria,SY,http://www.albawaba.com/opinions-editorials/iran-middle-east-576824
20140517,297686635,20140517,IRAQ,IRQ,SYRIA,SYR,190,재래식 군사력 사용,19,4,-10.0,14,2,14,2.9713128748589,Syria,SY,http://www.albawaba.com/opinions-editorials/iran-middle-east-576824
20140517,297686636,20140517,IRAQ,IRQ,SYRIA,SYR,190,재래식 군사력 사용,19,4,-10.0,4,2,4,2.96265571834313,Syria,SY,http://www.albawaba.com/opinions-editorials/iran-middle-east-576824
20140517,297687208,20140517,ISRAEL,ISR,LEBANON,LBN,138,군사력 사용 위협,13,3,-7.0,1,1,1,2.71381578947368,"Gaza, Israel (general), Israel",IS,http://syds-blog.blogspot.com/2014/05/patrick-martin-thinks-this-may-really.html
20140517,297687209,20140517,ISRAEL,ISR,LEBANON,LBN,138,군사력 사용 위협,13,3,-7.0,8,1,8,2.71381578947368,"Jerusalem, Israel (general), Israel",IS,http://syds-blog.blogspot.com/2014/05/patrick-martin-thinks-this-may-really.html
20140517,297687210,20140517,ISRAEL,ISR,LEBANON,LBN,138,군사력 사용 위협,13,3,-7.0,1,1,1,2.71381578947368,Lebanon,LE,http://syds-blog.blogspot.com/2014/05/patrick-martin-thinks-this-may-really.html
20140517,297687218,20140517,ISRAELI,ISR,LEBANESE,LBN,192,영토 점령,19,4,-9.5,4,1,4,0.961538461538462,"Beirut, Beyrouth, Lebanon",LE,http://www.newindianexpress.com/world/Lebanon-Complains-to-UN-Against-Blatant-Israeli-Incursion/2014/05/18/article2230564.ece
20140517,297687219,20140517,ISRAELI,ISR,LEBANESE,LBN,192,영토 점령,19,4,-9.5,12,3,12,0.788972770680088,Lebanon,LE,http://www.philippinetimes.com/index.php/sid/222083245/scat/2411cd3571b4f088
20140517,297687345,20140517,ISRAEL,ISR,PALESTINE,PSE,163,금수·보이콧·제재 부과,16,4,-8.0,2,1,2,3.35689045936396,"Gaza, Israel (general), Israel",IS,http://www.worldbulletin.net/news/136542/palestinian-official-eu-can-boycott-israel
20140517,297687358,20140517,ISRAEL,ISR,GAZA,PSE,190,재래식 군사력 사용,19,4,-10.0,2,1,2,0.909090909090909,"Shifa, Ha?afon, Israel",IS,http://www.imemc.org/article/67833
20140517,297687359,20140517,JERUSALEM,ISR,WEST BANK,PSE,190,재래식 군사력 사용,19,4,-10.0,1,1,1,1.69526781071243,"Tel Aviv, Tel Aviv, Israel",IS,http://mondoweiss.net/2014/05/minister-predicts-population.html
20140517,297687360,20140517,JERUSALEM,ISR,PALESTINIAN,PSE,190,재래식 군사력 사용,19,4,-10.0,1,1,1,1.69526781071243,"Tel Aviv, Tel Aviv, Israel",IS,http://mondoweiss.net/2014/05/minister-predicts-population.html
20140517,297687361,20140517,ISRAELI,ISR,PALESTINIAN,PSE,190,재래식 군사력 사용,19,4,-10.0,8,1,8,1.2987012987013,"Ramallah, West Bank (general), West Bank",WE,http://www.intifada-palestine.com/2014/05/video-israeli-forces-kill-two-palestinian-youth-ramallah/
20140517,297687362,20140517,JERUSALEM,ISR,WEST BANK,PSE,190,재래식 군사력 사용,19,4,-10.0,1,1,1,1.69526781071243,"Jerusalem, Israel (general), Israel",IS,http://mondoweiss.net/2014/05/minister-predicts-population.html
20140517,297687363,20140517,JERUSALEM,ISR,PALESTINIAN,PSE,190,재래식 군사력 사용,19,4,-10.0,5,1,5,2.53623188405797,"Beitunia, West Bank (general), West Bank",WE,http://www.israellycool.com/2014/05/18/nakba-day-not-about-cute-children/
20140517,297687364,20140517,JERUSALEM,ISR,PALESTINIAN,PSE,190,재래식 군사력 사용,19,4,-10.0,9,3,9,1.31557726077159,"Jerusalem, Israel (general), Israel",IS,"Ma'an News Agency website, Bethlehem/BBC Monitoring/(c) BBC"
20140517,297687365,20140517,ISRAEL,ISR,PALESTINIAN,PSE,190,재래식 군사력 사용,19,4,-10.0,1,1,1,2.20264317180617,"Jerusalem, Israel (general), Israel",IS,http://paltelegraph.com/portal/?p=4197
20140517,297687366,20140517,ISRAEL,ISR,GAZA,PSE,190,재래식 군사력 사용,19,4,-10.0,2,1,2,0.909090909090909,"Shifa, Ha?afon, Israel",IS,http://www.imemc.org/article/67833
20140517,297687367,20140517,ISRAELI,ISR,PALESTINIAN,PSE,190,재래식 군사력 사용,19,4,-10.0,4,2,4,0.460122699386503,"Gaza, Israel (general), Israel",IS,http://www.kokomotribune.com/bonus/x2117400916/Israeli-troops-kill-2-Palestinians-in-Nakba-clash
20140517,297687368,20140517,ISRAEL,ISR,PALESTINIAN,PSE,190,재래식 군사력 사용,19,4,-10.0,1,1,1,2.20264317180617,"Jerusalem, Israel (general), Israel",IS,http://paltelegraph.com/portal/?p=4197
20140517,297687369,20140517,ISRAEL,ISR,PALESTINIAN,PSE,192,영토 점령,19,4,-9.5,2,1,2,0.32258064516129,"Jerusalem, Israel (general), Israel",IS,"Ma'an News Agency website, Bethlehem/BBC Monitoring/(c) BBC"
20140517,297687370,20140517,ISRAEL,ISR,PALESTINIAN,PSE,193,소형무기·경무기를 이용한 전투,19,4,-10.0,3,2,3,1.56307897337539,"Ramallah, West Bank (general), West Bank",WE,http://www.intifada-palestine.com/2014/05/video-israeli-forces-kill-two-palestinian-youth-ramallah/
20140517,297687371,20140517,ISRAELI,ISR,PALESTINIAN,PSE,193,소형무기·경무기를 이용한 전투,19,4,-10.0,10,1,10,2.09846650524617,"Nilin, West Bank (general), West Bank",WE,http://www.indybay.org/newsitems/2014/05/16/18755879.php
20140517,297687372,20140517,ISRAELI,ISR,PALESTINIAN,PSE,193,소형무기·경무기를 이용한 전투,19,4,-10.0,41,5,35,0.554783825411434,"Gaza, Israel (general), Israel",IS,http://www.globalpost.com/dispatch/news/afp/140517/israel-troops-wound-2-palestinians-gaza
20140517,297687373,20140517,ISRAELI,ISR,PALESTINIAN,PSE,193,소형무기·경무기를 이용한 전투,19,4,-10.0,7,1,7,0.920245398773006,"Indiana, United States",US,http://www.kokomotribune.com/bonus/x2117400916/Israeli-troops-kill-2-Palestinians-in-Nakba-clash
20140517,297687374,20140517,ISRAEL,ISR,PALESTINIAN,PSE,193,소형무기·경무기를 이용한 전투,19,4,-10.0,1,1,1,1.2987012987013,Israel,IS,http://www.intifada-palestine.com/2014/05/video-israeli-forces-kill-two-palestinian-youth-ramallah/
20140517,297687382,20140517,ISRAELI,ISR,WEST BANK,PSE,190,재래식 군사력 사용,19,4,-10.0,15,1,10,2.09846650524617,"Gaza, Israel (general), Israel",IS,http://www.indybay.org/newsitems/2014/05/16/18755879.php
20140517,297687383,20140517,ISRAELI,ISR,PALESTINIAN,PSE,190,재래식 군사력 사용,19,4,-10.0,4,1,4,2.09846650524617,"Gaza, Israel (general), Israel",IS,http://www.indybay.org/newsitems/2014/05/16/18755879.php
20140517,297687559,20140517,JERUSALEM,ISR,PALESTINIAN,PSE,190,재래식 군사력 사용,19,4,-10.0,9,2,9,0.565089270237477,"Jerusalem, Israel (general), Israel",IS,"Ma'an News Agency website, Bethlehem/BBC Monitoring/(c) BBC"
20140517,297687560,20140517,ISRAEL,ISR,WEST BANK,PSE,190,재래식 군사력 사용,19,4,-10.0,2,1,2,1.69526781071243,"Jerusalem, Israel (general), Israel",IS,http://mondoweiss.net/2014/05/minister-predicts-population.html
20140517,297687561,20140517,ISRAEL,ISR,WEST BANK,PSE,190,재래식 군사력 사용,19,4,-10.0,2,1,2,1.69526781071243,"Jerusalem, Israel (general), Israel",IS,http://mondoweiss.net/2014/05/minister-predicts-population.html
20140517,297687704,20140517,ISRAELI,ISR,WEST BANK,PSE,190,재래식 군사력 사용,19,4,-10.0,3,1,3,1.69526781071243,"Beitunia, West Bank (general), West Bank",WE,http://mondoweiss.net/2014/05/minister-predicts-population.html
20140517,297687713,20140517,ISRAELI,ISR,LEBANESE,LBN,192,영토 점령,19,4,-9.5,6,1,6,0.961538461538462,"Beirut, Beyrouth, Lebanon",LE,http://www.newindianexpress.com/world/Lebanon-Complains-to-UN-Against-Blatant-Israeli-Incursion/2014/05/18/article2230564.ece
20140517,297687714,20140517,ISRAELI,ISR,LEBANESE,LBN,192,영토 점령,19,4,-9.5,18,3,18,0.788972770680088,Lebanon,LE,http://www.philippinetimes.com/index.php/sid/222083245/scat/2411cd3571b4f088
20140517,297687722,20140517,ISRAELI,ISR,GAZA,PSE,190,재래식 군사력 사용,19,4,-10.0,1,1,1,0.909090909090909,"Shifa, Ha?afon, Israel",IS,http://www.imemc.org/article/67833
20140517,297687723,20140517,ISRAELI,ISR,PALESTINIAN,PSE,193,소형무기·경무기를 이용한 전투,19,4,-10.0,2,1,2,0.909090909090909,"Shifa, Ha?afon, Israel",IS,http://www.imemc.org/article/67833
20140517,297687724,20140517,ISRAELI,ISR,PALESTINIAN,PSE,190,재래식 군사력 사용,19,4,-10.0,6,1,6,2.09846650524617,"Jerusalem, Israel (general), Israel",IS,http://www.indybay.org/newsitems/2014/05/16/18755879.php
20140517,297688306,20140517,JORDANIAN,JOR,SYRIAN,SYR,190,재래식 군사력 사용,19,4,-10.0,2,1,2,1.82648401826484,Saudi Arabia,SA,"http://www.ynetnews.com/articles/0,7340,L-4520740,00.html"
20140517,297691674,20140517,LEBANON,LBN,IRAN,IRN,190,재래식 군사력 사용,19,4,-10.0,18,2,18,2.96938906229984,Syria,SY,http://www.albawaba.com/opinions-editorials/iran-middle-east-576824
20140517,297691675,20140517,LEBANON,LBN,IRAN,IRN,190,재래식 군사력 사용,19,4,-10.0,2,1,2,2.90205562273277,Syria,SY,http://www.albawaba.com/opinions-editorials/iran-middle-east-576824
20140517,297691679,20140517,LEBANON,LBN,IRAQ,IRQ,190,재래식 군사력 사용,19,4,-10.0,2,1,2,2.90205562273277,Syria,SY,http://www.albawaba.com/opinions-editorials/iran-middle-east-576824
20140517,297691680,20140517,LEBANON,LBN,IRAQ,IRQ,190,재래식 군사력 사용,19,4,-10.0,14,2,14,2.9713128748589,Syria,SY,http://www.albawaba.com/opinions-editorials/iran-middle-east-576824
20140517,297691681,20140517,LEBANON,LBN,IRAQ,IRQ,190,재래식 군사력 사용,19,4,-10.0,4,2,4,2.96265571834313,Syria,SY,http://www.albawaba.com/opinions-editorials/iran-middle-east-576824
20140517,297691769,20140517,LEBANON,LBN,SAUDI,SAU,190,재래식 군사력 사용,19,4,-10.0,1,1,1,0.732600732600733,Lebanon,LE,http://www.naharnet.com/stories/en/130939-report-qahwaji-heads-to-saudi-before-month-s-end-to-sign-army-grant-protocol
20140517,297691770,20140517,LEBANON,LBN,SAUDI,SAU,190,재래식 군사력 사용,19,4,-10.0,1,1,1,0.732600732600733,"Riyadh, Ar Riya?, Saudi Arabia",SA,http://www.naharnet.com/stories/en/130939-report-qahwaji-heads-to-saudi-before-month-s-end-to-sign-army-grant-protocol
20140517,297691777,20140517,LEBANON,LBN,SAUDI,SAU,190,재래식 군사력 사용,19,4,-10.0,3,1,3,0.732600732600733,"Riyadh, Ar Riya?, Saudi Arabia",SA,http://www.naharnet.com/stories/en/130939-report-qahwaji-heads-to-saudi-before-month-s-end-to-sign-army-grant-protocol
20140517,297691803,20140517,LEBANON,LBN,SYRIA,SYR,190,재래식 군사력 사용,19,4,-10.0,20,2,20,2.96265571834313,United States,US,http://www.albawaba.com/opinions-editorials/iran-middle-east-576824
20140517,297691804,20140517,BEIRUT,LBN,SYRIA,SYR,194,포병·전차를 이용한 전투,19,4,-10.0,7,1,7,1.11111111111111,"Beirut, Beyrouth, Lebanon",LE,http://www.myrtlebeachonline.com/2014/05/16/4231519/report-rocket-attack-kills-13.html?sp=/99/134/253/
20140517,297704479,20140517,PALESTINIAN,PSE,ISRAEL,ISR,1382,점령 위협,13,3,-7.0,2,1,2,3.64583333333333,"Jerusalem, Israel (general), Israel",IS,http://www.kcra.com/politics/Christie-to-speak-at-Jewish-event-weeks-after-occupied-territories-comment/26023870
20140517,297704486,20140517,PALESTINIAN,PSE,ISRAEL,ISR,163,금수·보이콧·제재 부과,16,4,-8.0,5,1,5,3.35689045936396,"Gaza, Israel (general), Israel",IS,http://www.worldbulletin.net/news/136542/palestinian-official-eu-can-boycott-israel
20140517,297704494,20140517,GAZA,PSE,ISRAEL,ISR,190,재래식 군사력 사용,19,4,-10.0,2,1,2,0.909090909090909,"Shifa, Ha?afon, Israel",IS,http://www.imemc.org/article/67833
20140517,297704495,20140517,WEST BANK,PSE,JERUSALEM,ISR,190,재래식 군사력 사용,19,4,-10.0,1,1,1,1.69526781071243,"Tel Aviv, Tel Aviv, Israel",IS,http://mondoweiss.net/2014/05/minister-predicts-population.html
20140517,297704496,20140517,WEST BANK,PSE,JERUSALEM,ISR,190,재래식 군사력 사용,19,4,-10.0,1,1,1,1.69526781071243,"Jerusalem, Israel (general), Israel",IS,http://mondoweiss.net/2014/05/minister-predicts-population.html
20140517,297704497,20140517,WEST BANK,PSE,ISRAEL,ISR,190,재래식 군사력 사용,19,4,-10.0,2,1,2,2.53623188405797,"Beitunia, West Bank (general), West Bank",WE,http://www.israellycool.com/2014/05/18/nakba-day-not-about-cute-children/
20140517,297704498,20140517,WEST BANK,PSE,ISRAEL,ISR,190,재래식 군사력 사용,19,4,-10.0,2,1,2,2.53623188405797,"Jerusalem, Israel (general), Israel",IS,http://www.israellycool.com/2014/05/18/nakba-day-not-about-cute-children/
20140517,297704499,20140517,PALESTINIAN,PSE,JERUSALEM,ISR,190,재래식 군사력 사용,19,4,-10.0,15,5,15,1.67311092019889,"Jerusalem, Israel (general), Israel",IS,http://www.israellycool.com/2014/05/18/nakba-day-not-about-cute-children/
20140517,297704500,20140517,PALESTINIAN,PSE,ISRAEL,ISR,190,재래식 군사력 사용,19,4,-10.0,2,1,2,1.52046783625731,"Presbyterian Church, New York, United States",US,http://www.israelnationalnews.com/Articles/Article.aspx/15018
20140517,297704501,20140517,PALESTINIAN,PSE,ISRAEL,ISR,190,재래식 군사력 사용,19,4,-10.0,1,1,1,2.20264317180617,"Jerusalem, Israel (general), Israel",IS,http://paltelegraph.com/portal/?p=4197
20140517,297704502,20140517,WEST BANK,PSE,ISRAEL,ISR,190,재래식 군사력 사용,19,4,-10.0,1,1,1,0.920245398773006,"Gaza, Israel (general), Israel",IS,http://www.kokomotribune.com/bonus/x2117400916/Israeli-troops-kill-2-Palestinians-in-Nakba-clash
20140517,297704503,20140517,PALESTINIAN,PSE,JERUSALEM,ISR,190,재래식 군사력 사용,19,4,-10.0,1,1,1,1.69526781071243,"Tel Aviv, Tel Aviv, Israel",IS,http://mondoweiss.net/2014/05/minister-predicts-population.html
20140517,297704504,20140517,WEST BANK,PSE,ISRAEL,ISR,190,재래식 군사력 사용,19,4,-10.0,1,1,1,0.920245398773006,"Gaza, Israel (general), Israel",IS,http://www.kokomotribune.com/bonus/x2117400916/Israeli-troops-kill-2-Palestinians-in-Nakba-clash
20140517,297704505,20140517,PALESTINIAN,PSE,ISRAEL,ISR,190,재래식 군사력 사용,19,4,-10.0,1,1,1,2.20264317180617,"Jerusalem, Israel (general), Israel",IS,http://paltelegraph.com/portal/?p=4197
20140517,297704506,20140517,PALESTINIAN,PSE,ISRAEL,ISR,193,소형무기·경무기를 이용한 전투,19,4,-10.0,2,1,2,3.07941653160454,"Jerusalem, Israel (general), Israel",IS,http://www.timesofisrael.com/liberman-us-mistaken-for-blaming-settlements-for-failed-peace-talks/
20140517,297704507,20140517,GAZA,PSE,ISRAEL,ISR,193,소형무기·경무기를 이용한 전투,19,4,-10.0,10,2,9,0.930798342043612,"Gaza, Israel (general), Israel",IS,http://www.jpost.com/Breaking-News/Palestinian-reports-IDF-forces-fired-shots-wounding-two-in-Gaza-352571
20140517,297704508,20140517,PALESTINIAN,PSE,ISRAEL,ISR,193,소형무기·경무기를 이용한 전투,19,4,-10.0,2,1,2,1.2987012987013,"Ramallah, West Bank (general), West Bank",WE,http://www.intifada-palestine.com/2014/05/video-israeli-forces-kill-two-palestinian-youth-ramallah/
20140517,297704512,20140517,PALESTINIAN,PSE,JERUSALEM,ISR,190,재래식 군사력 사용,19,4,-10.0,9,2,9,0.565089270237477,"Jerusalem, Israel (general), Israel",IS,"Ma'an News Agency website, Bethlehem/BBC Monitoring/(c) BBC"
20140517,297704520,20140517,WEST BANK,PSE,ISRAELI,ISR,190,재래식 군사력 사용,19,4,-10.0,3,1,3,1.69526781071243,"Beitunia, West Bank (general), West Bank",WE,http://mondoweiss.net/2014/05/minister-predicts-population.html
20140517,297704537,20140517,PALESTINIAN,PSE,LEBANON,LBN,193,소형무기·경무기를 이용한 전투,19,4,-10.0,8,2,8,1.13636363636363,"Haret Hreik, Mont-Liban, Lebanon",LE,"The Daily Star website, Beirut/BBC Monitoring/(c) BBC"
20140517,297704583,20140517,PALESTINIAN,PSE,SYRIA,SYR,193,소형무기·경무기를 이용한 전투,19,4,-10.0,1,1,1,1.31147540983607,"Damascus, Dimashq, Syria",SY,http://www.naharnet.com/stories/en/131057-palestinian-refugee-from-syria-shoots-himself-dead-in-burj-shamali-camp
20140517,297704584,20140517,WEST BANK,PSE,SYRIA,SYR,138,군사력 사용 위협,13,3,-7.0,4,1,4,1.69526781071243,"Al-Bustan, Al ?asakah, Syria",SY,http://mondoweiss.net/2014/05/minister-predicts-population.html
20140517,297704623,20140517,WEST BANK,PSE,ISRAEL,ISR,190,재래식 군사력 사용,19,4,-10.0,2,1,2,1.69526781071243,"Jerusalem, Israel (general), Israel",IS,http://mondoweiss.net/2014/05/minister-predicts-population.html
20140517,297704624,20140517,WEST BANK,PSE,ISRAEL,ISR,190,재래식 군사력 사용,19,4,-10.0,2,1,2,1.69526781071243,"Jerusalem, Israel (general), Israel",IS,http://mondoweiss.net/2014/05/minister-predicts-population.html
20140517,297704650,20140517,PALESTINIAN,PSE,ISRAELI,ISR,190,재래식 군사력 사용,19,4,-10.0,1,1,1,3.07941653160454,"Jerusalem, Israel (general), Israel",IS,http://www.timesofisrael.com/liberman-us-mistaken-for-blaming-settlements-for-failed-peace-talks/
20140517,297707115,20140517,SAUDI,SAU,IRAQI,IRQ,192,영토 점령,19,4,-9.5,1,1,1,2.8735632183908,"Baghdad, Baghdad, Iraq",IZ,http://www.arabnews.com/news/572416
20140517,297707116,20140517,SAUDI,SAU,IRAQI,IRQ,192,영토 점령,19,4,-9.5,6,1,6,2.8735632183908,Saudi Arabia,SA,http://www.arabnews.com/news/572416
20140517,297707117,20140517,SAUDI,SAU,IRAQI,IRQ,192,영토 점령,19,4,-9.5,1,1,1,2.8735632183908,Saudi Arabia,SA,http://www.arabnews.com/news/572416
20140517,297708716,20140517,SYRIA,SYR,IRAN,IRN,190,재래식 군사력 사용,19,4,-10.0,4,2,4,2.96265571834313,Syria,SY,http://www.albawaba.com/opinions-editorials/iran-middle-east-576824
20140517,297708717,20140517,SYRIA,SYR,IRAN,IRN,190,재래식 군사력 사용,19,4,-10.0,2,1,2,2.90205562273277,Syria,SY,http://www.albawaba.com/opinions-editorials/iran-middle-east-576824
20140517,297708718,20140517,SYRIA,SYR,IRAN,IRN,190,재래식 군사력 사용,19,4,-10.0,14,2,14,2.9713128748589,Syria,SY,http://www.albawaba.com/opinions-editorials/iran-middle-east-576824
20140517,297708720,20140517,SYRIA,SYR,IRAQ,IRQ,190,재래식 군사력 사용,19,4,-10.0,2,1,2,2.90205562273277,Syria,SY,http://www.albawaba.com/opinions-editorials/iran-middle-east-576824
20140517,297708721,20140517,SYRIA,SYR,IRAQ,IRQ,190,재래식 군사력 사용,19,4,-10.0,4,2,4,2.96265571834313,Syria,SY,http://www.albawaba.com/opinions-editorials/iran-middle-east-576824
20140517,297708722,20140517,SYRIA,SYR,IRAQ,IRQ,190,재래식 군사력 사용,19,4,-10.0,14,2,14,2.9713128748589,Syria,SY,http://www.albawaba.com/opinions-editorials/iran-middle-east-576824
20140517,297708724,20140517,SYRIAN,SYR,ISRAELI,ISR,190,재래식 군사력 사용,19,4,-10.0,2,1,2,1.82648401826484,Saudi Arabia,SA,"http://www.ynetnews.com/articles/0,7340,L-4520740,00.html"
20140517,297708725,20140517,SYRIAN,SYR,ISRAEL,ISR,194,포병·전차를 이용한 전투,19,4,-10.0,2,1,2,0.970873786407767,Syria,SY,http://www.israelnationalnews.com/News/News.aspx/180723
20140517,297708751,20140517,SYRIA,SYR,BEIRUT,LBN,190,재래식 군사력 사용,19,4,-10.0,6,1,6,1.11111111111111,"Aleppo, ?alab, Syria",SY,http://www.myrtlebeachonline.com/2014/05/16/4231519/report-rocket-attack-kills-13.html?sp=/99/134/253/
20140517,297708752,20140517,SYRIA,SYR,LEBANON,LBN,190,재래식 군사력 사용,19,4,-10.0,1,1,1,1.11111111111111,"Beirut, Beyrouth, Lebanon",LE,http://www.myrtlebeachonline.com/2014/05/16/4231519/report-rocket-attack-kills-13.html?sp=/99/134/253/
20140517,297708753,20140517,SYRIA,SYR,LEBANON,LBN,190,재래식 군사력 사용,19,4,-10.0,6,2,6,2.94245568647301,Syria,SY,http://www.albawaba.com/opinions-editorials/iran-middle-east-576824
20140517,297708754,20140517,SYRIA,SYR,LEBANON,LBN,190,재래식 군사력 사용,19,4,-10.0,14,2,14,2.9713128748589,Syria,SY,http://www.albawaba.com/opinions-editorials/iran-middle-east-576824
20140517,297708755,20140517,SYRIA,SYR,LEBANESE,LBN,192,영토 점령,19,4,-9.5,1,1,1,1.43014301430143,"Yabroud, Rif Dimashq, Syria",SY,http://www.mcclatchydc.com/2014/05/14/227468/lebanon-moves-against-what-it.html
20140517,297708885,20140517,SYRIA,SYR,SANA,YEM,190,재래식 군사력 사용,19,4,-10.0,2,1,2,0.0,"Bab Al-Faraj, Al ?asakah, Syria",SY,"SANA news agency website, Damascus/BBC Monitoring/(c) BBC"
20140517,297708928,20140517,SYRIAN,SYR,ISRAELI,ISR,190,재래식 군사력 사용,19,4,-10.0,6,1,6,1.82648401826484,Saudi Arabia,SA,"http://www.ynetnews.com/articles/0,7340,L-4520740,00.html"
20140517,297708934,20140517,SYRIAN,SYR,ISRAEL,ISR,194,포병·전차를 이용한 전투,19,4,-10.0,6,1,6,0.970873786407767,Syria,SY,http://www.israelnationalnews.com/News/News.aspx/180723
20140517,297710086,20140517,TURKISH,TUR,SYRIA,SYR,192,영토 점령,19,4,-9.5,1,1,1,0.983606557377049,Syria,SY,http://centralasiaonline.com/en_GB/articles/caii/features/main/2014/05/16/feature-01
20140517,297710087,20140517,TURKISH,TUR,SYRIA,SYR,192,영토 점령,19,4,-9.5,7,1,7,0.983606557377049,Turkey,TU,http://centralasiaonline.com/en_GB/articles/caii/features/main/2014/05/16/feature-01
20140517,297728107,20140517,YEMENI,YEM,SAUDI,SAU,190,재래식 군사력 사용,19,4,-10.0,10,1,10,0.0,"Al-Manar, Al ?udaydah, Yemen",YM,http://www.almanar.com.lb/english/adetails.php?eid=151963&cid=23&fromval=1
20140517,297728108,20140517,YEMENI,YEM,SAUDI,SAU,190,재래식 군사력 사용,19,4,-10.0,10,2,10,1.09664198836594,"Mahfad, Sana', Yemen",YM,http://www.globalpost.com/dispatch/news/afp/140517/yemeni-troops-kill-2-saudi-qaeda-militants
20140517,297728109,20140517,YEMEN,YEM,SAUDI,SAU,190,재래식 군사력 사용,19,4,-10.0,10,1,10,0.806451612903226,"Shabwah, Shabwah, Yemen",YM,http://www.turkishpress.com/news/406713/
20140517,297728153,20140517,SANA,YEM,LEBANON,LBN,194,포병·전차를 이용한 전투,19,4,-10.0,4,2,4,0.555555555555555,"Achrafieh, Beyrouth, Lebanon",LE,http://the-japan-news.com/news/article/0001287977
20140517,297728154,20140517,SANA,YEM,LEBANON,LBN,194,포병·전차를 이용한 전투,19,4,-10.0,4,2,4,0.555555555555555,Turkey,TU,http://the-japan-news.com/news/article/0001287977
20140517,297728168,20140517,YEMENI,YEM,SAUDI,SAU,190,재래식 군사력 사용,19,4,-10.0,39,5,39,1.43220270584419,"Arabian Peninsula, Saudi Arabia (general), Saudi Arabia",SA,http://twocircles.net/2014may17/yemeni_army_kills_two_alqaida_militants.html
20140517,297728169,20140517,YEMENI,YEM,SAUDI,SAU,190,재래식 군사력 사용,19,4,-10.0,11,2,11,1.1959566834319,"Arabian Peninsula, Saudi Arabia (general), Saudi Arabia",SA,http://www.philippinetimes.com/index.php/sid/222083227/scat/2411cd3571b4f088
20140517,297728170,20140517,YEMEN,YEM,SAUDI ARABIA,SAU,190,재래식 군사력 사용,19,4,-10.0,4,2,4,1.20382050819968,"Shabwa, La?ij, Yemen",YM,http://www.philippinetimes.com/index.php/sid/222083227/scat/2411cd3571b4f088
20140518,297758142,20140518,EGYPT,EGY,ISRAELI,ISR,192,영토 점령,19,4,-9.5,6,3,6,6.29042855741885,"Gaza, Israel (general), Israel",IS,http://www.brecorder.com/world/middle-east/173030.html
20140518,297758143,20140518,EGYPT,EGY,ISRAELI,ISR,192,영토 점령,19,4,-9.5,18,3,18,6.29042855741885,"Gaza, Israel (general), Israel",IS,http://www.brecorder.com/world/middle-east/173030.html
20140518,297758144,20140518,EGYPT,EGY,ISRAELI,ISR,192,영토 점령,19,4,-9.5,4,1,4,6.34005763688761,Jordan,JO,http://www.dailystar.com.lb/News/Middle-East/2014/May-18/256890-arab-aid-convoys-reach-gaza-strip.ashx
20140518,297758145,20140518,EGYPT,EGY,ISRAELI,ISR,192,영토 점령,19,4,-9.5,4,1,4,6.34005763688761,Jordan,JO,http://www.dailystar.com.lb/News/Middle-East/2014/May-18/256890-arab-aid-convoys-reach-gaza-strip.ashx
20140518,297758239,20140518,EGYPT,EGY,PALESTINIAN,PSE,190,재래식 군사력 사용,19,4,-10.0,10,1,10,2.75229357798165,"Rafah, Shamal Sina', Egypt",EG,http://www.imemc.org/article/67840&c=WqESixLojllHSJ_dvHTQkfLOfUeSRmqZ9VWt8KEUzT8&mkt=en-us
20140518,297771915,20140518,IRANIAN,IRN,IRAQ,IRQ,190,재래식 군사력 사용,19,4,-10.0,30,2,30,2.49417487286766,"Kurdistan, Khuzestan, Iran",IR,http://mwcnews.net/news/middle-east/40818-iran-arrest.html
20140518,297771927,20140518,IRANIAN,IRN,ISRAEL,ISR,194,포병·전차를 이용한 전투,19,4,-10.0,6,1,6,2.00892857142857,Iran,IR,http://www.thetower.org/0349-us-israel-team-up-for-biannual-juniper-cobra-military-exercise/
20140518,297771928,20140518,IRAN,IRN,ISRAEL,ISR,194,포병·전차를 이용한 전투,19,4,-10.0,4,1,4,2.00892857142857,Israel,IS,http://www.thetower.org/0349-us-israel-team-up-for-biannual-juniper-cobra-military-exercise/
20140518,297772084,20140518,IRANIAN,IRN,SYRIA,SYR,190,재래식 군사력 사용,19,4,-10.0,8,1,8,0.900900900900901,Afghanistan,AF,http://www.khaama.com/afghan-senate-orders-probe-into-recruitment-of-afghans-by-iran-to-fight-in-syria-8108
20140518,297772476,20140518,IRAQ,IRQ,SAUDI ARABIA,SAU,190,재래식 군사력 사용,19,4,-10.0,20,1,20,1.19521912350598,"Baghdad, Baghdad, Iraq",IZ,http://www.arabnews.com/node/573051/RK=0
20140518,297772930,20140518,ISRAEL,ISR,IRAN,IRN,194,포병·전차를 이용한 전투,19,4,-10.0,4,1,4,0.614844093104962,"Jerusalem, Israel (general), Israel",IS,http://www.haaretz.com/news/diplomacy-defense/1.591253
20140518,297772931,20140518,ISRAEL,ISR,IRAN,IRN,194,포병·전차를 이용한 전투,19,4,-10.0,16,1,16,0.614844093104962,"Jerusalem, Israel (general), Israel",IS,http://www.haaretz.com/news/diplomacy-defense/1.591253
20140518,297773065,20140518,ISRAELI,ISR,LEBANESE,LBN,192,영토 점령,19,4,-9.5,8,2,8,1.17668113283522,"Beirut, Beyrouth, Lebanon",LE,http://www.philstar.com/world/2014/05/18/1324565/lebanon-files-complaints-un-over-israels-violations
20140518,297773230,20140518,ISRAELI,ISR,PALESTINIAN,PSE,163,금수·보이콧·제재 부과,16,4,-8.0,2,1,2,3.23159784560144,Israel,IS,http://www.channelnewsasia.com/news/world/israeli-settlement/1111248.html
20140518,297773242,20140518,ISRAEL,ISR,PALESTINIAN,PSE,190,재래식 군사력 사용,19,4,-10.0,2,1,2,3.57142857142857,"Hatzor, HaDarom, Israel",IS,http://groundreport.com/despite-abysmal-human-rights-record-and-espionage-activities-us-provided-israel-with-3-1-billion-dollars-in-foreign-military-aid/
20140518,297773243,20140518,JERUSALEM,ISR,PALESTINIAN,PSE,190,재래식 군사력 사용,19,4,-10.0,3,1,3,2.38095238095238,"Beitunia, West Bank (general), West Bank",WE,http://israelmatzav.blogspot.com/2014/05/israeli-reporter-nearly-lynched-in.html
20140518,297773244,20140518,ISRAEL,ISR,PALESTINIAN,PSE,190,재래식 군사력 사용,19,4,-10.0,16,2,16,1.55213984327909,"Jerusalem, Israel (general), Israel",IS,http://mondoweiss.net/2014/05/palestinians-reporter-flashes.html
20140518,297773245,20140518,ISRAELI,ISR,PALESTINIAN,PSE,190,재래식 군사력 사용,19,4,-10.0,2,1,2,2.75319567354966,West Bank,WE,http://www.isracast.com/article.aspx?ID=1514&t=ISRAEL&apos
20140518,297773246,20140518,ISRAELI,ISR,PALESTINIAN,PSE,190,재래식 군사력 사용,19,4,-10.0,2,1,2,2.75229357798165,"Gaza, Israel (general), Israel",IS,http://www.imemc.org/article/67840&c=WqESixLojllHSJ_dvHTQkfLOfUeSRmqZ9VWt8KEUzT8&mkt=en-us
20140518,297773247,20140518,ISRAELI,ISR,WEST BANK,PSE,190,재래식 군사력 사용,19,4,-10.0,16,1,16,0.271739130434782,"Ramallah, West Bank (general), West Bank",WE,http://www.worldbulletin.net/news/136618/israel-detains-13-palestinians-in-west-bank
20140518,297773248,20140518,ISRAEL,ISR,WEST BANK,PSE,190,재래식 군사력 사용,19,4,-10.0,4,1,4,0.271739130434782,Israel,IS,http://www.worldbulletin.net/news/136618/israel-detains-13-palestinians-in-west-bank
20140518,297773249,20140518,ISRAELI,ISR,PALESTINIAN,PSE,190,재래식 군사력 사용,19,4,-10.0,2,1,2,1.16279069767442,Israel,IS,http://www.maannews.net/eng/ViewDetails.aspx?ID=698157
20140518,297773250,20140518,ISRAELI,ISR,PALESTINIAN,PSE,190,재래식 군사력 사용,19,4,-10.0,2,1,2,2.75319567354966,"Jerusalem, Israel (general), Israel",IS,http://www.isracast.com/article.aspx?ID=1514&t=ISRAEL&apos
20140518,297773251,20140518,ISRAEL,ISR,WEST BANK,PSE,192,영토 점령,19,4,-9.5,8,2,8,0.0,"Hebron, Israel (general), Israel",IS,"Petra-JNA website, Amman/BBC Monitoring/(c) BBC"
20140518,297773252,20140518,ISRAELI,ISR,WEST BANK,PSE,192,영토 점령,19,4,-9.5,4,2,4,0.0,"Nablus, West Bank (general), West Bank",WE,"Petra-JNA website, Amman/BBC Monitoring/(c) BBC"
20140518,297773253,20140518,ISRAELI,ISR,WEST BANK,PSE,192,영토 점령,19,4,-9.5,1,1,1,0.0,"Nablus, West Bank (general), West Bank",WE,http://petra.gov.jo/Public_News/Nws_NewsDetails.aspx?Site_Id=1&lang=2&NewsID=151646&CatID=-1
20140518,297773254,20140518,ISRAELI,ISR,WEST BANK,PSE,192,영토 점령,19,4,-9.5,1,1,1,0.0,"Nablus, West Bank (general), West Bank",WE,"Petra-JNA website, Amman/BBC Monitoring/(c) BBC"
20140518,297773255,20140518,ISRAEL,ISR,PALESTINIAN,PSE,193,소형무기·경무기를 이용한 전투,19,4,-10.0,2,1,2,1.11436950146628,"Sederot, HaDarom, Israel",IS,http://www.palestinechronicle.com/on-gazas-embattled-margins-farmers-wage-a-quiet-struggle-to-reclaim-the-land/
20140518,297773256,20140518,ISRAELI,ISR,PALESTINIAN,PSE,193,소형무기·경무기를 이용한 전투,19,4,-10.0,10,1,10,2.13414634146341,"Hebron, Israel (general), Israel",IS,http://english.wafa.ps/index.php?action=detail&id=25207
20140518,297773257,20140518,ISRAELI,ISR,PALESTINIAN,PSE,193,소형무기·경무기를 이용한 전투,19,4,-10.0,9,3,9,0.72485635001647,"Gaza, Israel (general), Israel",IS,http://www.maannews.net/eng/ViewDetails.aspx?ID=698307
20140518,297773258,20140518,ISRAEL,ISR,GAZA,PSE,193,소형무기·경무기를 이용한 전투,19,4,-10.0,4,1,4,0.29940119760479,"Gaza, Israel (general), Israel",IS,http://www.maannews.net/eng/ViewDetails.aspx?ID=698307
20140518,297773259,20140518,ISRAELI,ISR,GAZA,PSE,193,소형무기·경무기를 이용한 전투,19,4,-10.0,12,1,10,1.16279069767442,Israel,IS,http://www.maannews.net/eng/ViewDetails.aspx?ID=698157
20140518,297773260,20140518,ISRAEL,ISR,GAZA,PSE,194,포병·전차를 이용한 전투,19,4,-10.0,2,1,2,1.11436950146628,"Sederot, HaDarom, Israel",IS,http://www.palestinechronicle.com/on-gazas-embattled-margins-farmers-wage-a-quiet-struggle-to-reclaim-the-land/
20140518,297773261,20140518,ISRAEL,ISR,GAZA,PSE,194,포병·전차를 이용한 전투,19,4,-10.0,2,1,2,1.11436950146628,"Sederot, HaDarom, Israel",IS,http://www.palestinechronicle.com/on-gazas-embattled-margins-farmers-wage-a-quiet-struggle-to-reclaim-the-land/
20140518,297773262,20140518,ISRAELI,ISR,GAZA,PSE,194,포병·전차를 이용한 전투,19,4,-10.0,4,1,4,1.11436950146628,"Ministry Of Agriculture, Al Jizah, Egypt",EG,http://www.palestinechronicle.com/on-gazas-embattled-margins-farmers-wage-a-quiet-struggle-to-reclaim-the-land/
20140518,297773263,20140518,ISRAELI,ISR,GAZA,PSE,194,포병·전차를 이용한 전투,19,4,-10.0,8,2,8,1.02402457878914,"Gaza, Israel (general), Israel",IS,http://www.eurasiareview.com/18052014-gazas-embattled-margins-farmers-wage-quiet-struggle-reclaim-land-oped/
20140518,297773264,20140518,ISRAELI,ISR,GAZA,PSE,193,소형무기·경무기를 이용한 전투,19,4,-10.0,2,1,2,0.581395348837209,"Gaza, Israel (general), Israel",IS,http://www.worldbulletin.net/news/136658/gaza-worker-wounded-by-israeli-gunfire
20140518,297773268,20140518,ISRAELI,ISR,PALESTINIAN,PSE,190,재래식 군사력 사용,19,4,-10.0,1,1,1,3.57142857142857,"Hatzor, HaDarom, Israel",IS,http://groundreport.com/despite-abysmal-human-rights-record-and-espionage-activities-us-provided-israel-with-3-1-billion-dollars-in-foreign-military-aid/
20140518,297773285,20140518,ISRAELI,ISR,GAZA,PSE,193,소형무기·경무기를 이용한 전투,19,4,-10.0,2,1,2,0.581395348837209,"Gaza, Israel (general), Israel",IS,http://www.worldbulletin.net/news/136658/gaza-worker-wounded-by-israeli-gunfire
20140518,297773303,20140518,ISRAELI,ISR,PALESTINIAN,PSE,194,포병·전차를 이용한 전투,19,4,-10.0,4,1,4,1.11618467782851,"Gaza, Israel (general), Israel",IS,http://www.uruknet.info/?p=m107041&hd=&c=_As4DhlDKX57gQ2XosgxiWVH7SQhfpBs3bdT0myBkcc&mkt=en-us
20140518,297773337,20140518,ISRAELI,ISR,BASHAR AL ASSAD,SYR,193,소형무기·경무기를 이용한 전투,19,4,-10.0,10,1,10,2.41850683491062,Israel,IS,http://www.buenosairesherald.com/article/159696/antisemitism-refuses-to-wither-away-
20140518,297773338,20140518,ISRAELI,ISR,SYRIA,SYR,190,재래식 군사력 사용,19,4,-10.0,2,1,2,2.35371036286368,"Golan Heights, Syria (general), Syria",SY,http://www.israelnationalnews.com/News/News.aspx/180622
20140518,297773339,20140518,ISRAELI,ISR,SYRIA,SYR,190,재래식 군사력 사용,19,4,-10.0,8,1,8,2.35371036286368,"Gaza, Israel (general), Israel",IS,http://www.israelnationalnews.com/News/News.aspx/180622
20140518,297773346,20140518,ISRAEL,ISR,TURKEY,TUR,193,소형무기·경무기를 이용한 전투,19,4,-10.0,10,1,10,4.90956072351421,Turkey,TU,http://cyprus-mail.com/2014/05/18/the-true-value-of-leaning-westwards/
20140518,297773493,20140518,ISRAELI,ISR,PALESTINIAN,PSE,163,금수·보이콧·제재 부과,16,4,-8.0,6,1,6,3.23159784560144,Israel,IS,http://www.channelnewsasia.com/news/world/israeli-settlement/1111248.html
20140518,297773494,20140518,ISRAELI,ISR,PALESTINIAN,PSE,190,재래식 군사력 사용,19,4,-10.0,3,1,3,5.39772727272727,"Jerusalem, Israel (general), Israel",IS,http://bangordailynews.com/2014/05/18/opinion/contributors/a-united-palestinian-government-could-usher-in-a-fresh-round-of-talks/
20140518,297773496,20140518,ISRAELI,ISR,PALESTINIAN,PSE,194,포병·전차를 이용한 전투,19,4,-10.0,6,1,6,1.11618467782851,"Gaza, Israel (general), Israel",IS,http://www.uruknet.info/?p=m107041&hd=&c=_As4DhlDKX57gQ2XosgxiWVH7SQhfpBs3bdT0myBkcc&mkt=en-us
20140518,297773595,20140518,ISRAELI,ISR,PALESTINIAN,PSE,190,재래식 군사력 사용,19,4,-10.0,3,1,3,2.75319567354966,West Bank,WE,http://www.isracast.com/article.aspx?ID=1514&t=ISRAEL&apos
20140518,297773634,20140518,ISRAELI,ISR,WEST BANK,PSE,138,군사력 사용 위협,13,3,-7.0,3,1,3,0.732600732600733,Israel,IS,http://www.stljewishlight.com/news/world/article_ab24061f-3ad8-5194-94a5-219578f9b5ed.html
20140518,297773656,20140518,ISRAELI,ISR,LEBANESE,LBN,192,영토 점령,19,4,-9.5,12,2,12,1.17668113283522,"Beirut, Beyrouth, Lebanon",LE,http://www.philstar.com/world/2014/05/18/1324565/lebanon-files-complaints-un-over-israels-violations
20140518,297773671,20140518,ISRAELI,ISR,GAZA,PSE,190,재래식 군사력 사용,19,4,-10.0,3,2,3,1.26495645188567,"Gaza, Israel (general), Israel",IS,http://www.uruknet.info/?p=m107041&hd=&c=_As4DhlDKX57gQ2XosgxiWVH7SQhfpBs3bdT0myBkcc&mkt=en-us
20140518,297773672,20140518,ISRAELI,ISR,PALESTINIAN,PSE,190,재래식 군사력 사용,19,4,-10.0,2,1,2,1.16279069767442,Israel,IS,http://www.maannews.net/eng/ViewDetails.aspx?ID=698157
20140518,297773673,20140518,ISRAELI,ISR,PALESTINIAN,PSE,193,소형무기·경무기를 이용한 전투,19,4,-10.0,1,1,1,1.5625,"Gaza, Israel (general), Israel",IS,http://english.farsnews.com/newstext.aspx?nn=13930228000578
20140518,297773674,20140518,ISRAELI,ISR,PALESTINIAN,PSE,193,소형무기·경무기를 이용한 전투,19,4,-10.0,2,1,2,1.16279069767442,Israel,IS,http://www.maannews.net/eng/ViewDetails.aspx?ID=698157
20140518,297774451,20140518,JORDAN,JOR,EGYPT,EGY,192,영토 점령,19,4,-9.5,1,1,1,6.34005763688761,Jordan,JO,http://www.dailystar.com.lb/News/Middle-East/2014/May-18/256890-arab-aid-convoys-reach-gaza-strip.ashx
20140518,297774452,20140518,JORDAN,JOR,EGYPT,EGY,192,영토 점령,19,4,-9.5,4,3,4,6.1738022795325,Jordan,JO,http://www.haaretz.com/news/middle-east/1.591366
20140518,297774453,20140518,JORDAN,JOR,EGYPT,EGY,192,영토 점령,19,4,-9.5,1,1,1,6.34005763688761,Algeria,AG,http://www.dailystar.com.lb/News/Middle-East/2014/May-18/256890-arab-aid-convoys-reach-gaza-strip.ashx
20140518,297774454,20140518,JORDAN,JOR,EGYPT,EGY,192,영토 점령,19,4,-9.5,2,1,2,6.06060606060606,Algeria,AG,http://www.middle-east-online.com/english/?id=66016
20140518,297774455,20140518,JORDAN,JOR,EGYPT,EGY,192,영토 점령,19,4,-9.5,3,1,3,6.34005763688761,Jordan,JO,http://www.dailystar.com.lb/News/Middle-East/2014/May-18/256890-arab-aid-convoys-reach-gaza-strip.ashx
20140518,297774456,20140518,JORDAN,JOR,EGYPT,EGY,192,영토 점령,19,4,-9.5,21,6,21,6.22582158727184,Jordan,JO,http://www.brecorder.com/world/middle-east/173030.html
20140518,297774551,20140518,JORDAN,JOR,YEMEN,YEM,190,재래식 군사력 사용,19,4,-10.0,4,1,4,3.37171052631579,"Al-Qaidah, ?ajjah, Yemen",YM,"Al-Quds al-Arabi website, London/BBC Monitoring/(c) BBC"
20140518,297777600,20140518,LEBANON,LBN,SYRIA,SYR,190,재래식 군사력 사용,19,4,-10.0,1,1,1,1.20481927710843,Lebanon,LE,http://www.ntd.tv/en/news/world/middle-east-/-africa/20140518/144611-syria-general-killed-in-combat-near-damascus.html
20140518,297777601,20140518,BEIRUT,LBN,DAMASCUS,SYR,190,재래식 군사력 사용,19,4,-10.0,90,7,90,0.558709789877925,"Damascus, Dimashq, Syria",SY,http://www.theage.com.au/world/syria-air-defence-chief-killed-20140519-zrglw.html
20140518,297777602,20140518,LEBANON,LBN,SYRIA,SYR,190,재래식 군사력 사용,19,4,-10.0,14,12,14,1.13832451647946,"Mleiha, Dimashq, Syria",SY,"Aljazeera.net website, Doha/BBC Monitoring/(c) BBC"
20140518,297777603,20140518,LEBANON,LBN,SYRIA,SYR,190,재래식 군사력 사용,19,4,-10.0,13,11,13,1.13320953489262,Lebanon,LE,"Aljazeera.net website, Doha/BBC Monitoring/(c) BBC"
20140518,297777604,20140518,LEBANON,LBN,SYRIA,SYR,192,영토 점령,19,4,-9.5,1,1,1,1.20481927710843,Lebanon,LE,http://www.ntd.tv/en/news/world/middle-east-/-africa/20140518/144611-syria-general-killed-in-combat-near-damascus.html
20140518,297777605,20140518,LEBANON,LBN,SYRIA,SYR,192,영토 점령,19,4,-9.5,14,12,14,1.13832451647946,"Mleiha, Dimashq, Syria",SY,"Aljazeera.net website, Doha/BBC Monitoring/(c) BBC"
20140518,297777606,20140518,LEBANON,LBN,SYRIA,SYR,192,영토 점령,19,4,-9.5,13,11,13,1.13320953489262,Lebanon,LE,"Aljazeera.net website, Doha/BBC Monitoring/(c) BBC"
20140518,297777607,20140518,BEIRUT,LBN,DAMASCUS,SYR,193,소형무기·경무기를 이용한 전투,19,4,-10.0,2,1,2,0.434782608695652,"Mleiha, Dimashq, Syria",SY,http://www.japantimes.co.jp/news/2014/05/18/world/syrias-air-defense-chief-killed-near-damascus-rebels-activists-say/
20140518,297777608,20140518,BEIRUT,LBN,DAMASCUS,SYR,193,소형무기·경무기를 이용한 전투,19,4,-10.0,48,5,48,0.751663941991187,"Mleiha, Dimashq, Syria",SY,http://www.theage.com.au/world/syria-air-defence-chief-killed-20140519-zrglw.html
20140518,297777609,20140518,BEIRUT,LBN,DAMASCUS,SYR,193,소형무기·경무기를 이용한 전투,19,4,-10.0,50,3,50,0.35364545486003,"Damascus, Dimashq, Syria",SY,http://www.zawya.com/story/Syrian_air_defence_head_killed_near_Damascus__monitoring_group-TR20140518nL6N0O40K82/
20140518,297777610,20140518,BEIRUT,LBN,SYRIA,SYR,193,소형무기·경무기를 이용한 전투,19,4,-10.0,2,1,2,0.794438927507448,"Damascus, Dimashq, Syria",SY,http://www.dailystar.com.lb/News/Middle-East/2014/May-19/256946-syrian-air-defense-chief-killed-as-rebels-make-gains-in-hama.ashx
20140518,297789699,20140518,PALESTINIAN,PSE,EGYPT,EGY,192,영토 점령,19,4,-9.5,1,1,1,6.34005763688761,Jordan,JO,http://www.dailystar.com.lb/News/Middle-East/2014/May-18/256890-arab-aid-convoys-reach-gaza-strip.ashx
20140518,297789773,20140518,WEST BANK,PSE,ISRAELI,ISR,138,군사력 사용 위협,13,3,-7.0,2,2,2,0.755405424666125,"Ramallah, West Bank (general), West Bank",WE,http://www.stljewishlight.com/news/world/article_ab24061f-3ad8-5194-94a5-219578f9b5ed.html
20140518,297789774,20140518,WEST BANK,PSE,ISRAELI,ISR,138,군사력 사용 위협,13,3,-7.0,2,2,2,0.755405424666125,Israel,IS,http://www.stljewishlight.com/news/world/article_ab24061f-3ad8-5194-94a5-219578f9b5ed.html
20140518,297789793,20140518,WEST BANK,PSE,ISRAEL,ISR,190,재래식 군사력 사용,19,4,-10.0,2,1,2,2.09150326797386,"Hebron, Israel (general), Israel",IS,http://elderofziyon.blogspot.com/2014/05/0518-links-villainization-of-ayaan.html
20140518,297789794,20140518,WEST BANK,PSE,ISRAEL,ISR,190,재래식 군사력 사용,19,4,-10.0,3,1,3,2.09150326797386,"Beitunia, West Bank (general), West Bank",WE,http://elderofziyon.blogspot.com/2014/05/0518-links-villainization-of-ayaan.html
20140518,297789795,20140518,WEST BANK,PSE,ISRAEL,ISR,190,재래식 군사력 사용,19,4,-10.0,2,1,2,2.38095238095238,"Beitunia, West Bank (general), West Bank",WE,http://israelmatzav.blogspot.com/2014/05/israeli-reporter-nearly-lynched-in.html
20140518,297789796,20140518,WEST BANK,PSE,ISRAEL,ISR,190,재래식 군사력 사용,19,4,-10.0,2,1,2,2.38095238095238,"Jerusalem, Israel (general), Israel",IS,http://israelmatzav.blogspot.com/2014/05/israeli-reporter-nearly-lynched-in.html
20140518,297789797,20140518,PALESTINIAN,PSE,ISRAELI,ISR,190,재래식 군사력 사용,19,4,-10.0,9,1,8,1.05485232067511,"Jerusalem, Israel (general), Israel",IS,http://mondoweiss.net/2014/05/palestinians-reporter-flashes.html
20140518,297789798,20140518,PALESTINIAN,PSE,ISRAEL,ISR,190,재래식 군사력 사용,19,4,-10.0,1,1,1,1.05485232067511,West Bank,WE,http://mondoweiss.net/2014/05/palestinians-reporter-flashes.html
20140518,297789799,20140518,PALESTINIAN,PSE,JERUSALEM,ISR,190,재래식 군사력 사용,19,4,-10.0,5,1,5,2.38095238095238,"Jerusalem, Israel (general), Israel",IS,http://israelmatzav.blogspot.com/2014/05/israeli-reporter-nearly-lynched-in.html
20140518,297789800,20140518,GAZA,PSE,ISRAEL,ISR,190,재래식 군사력 사용,19,4,-10.0,14,2,14,0.194033470773709,"Gaza, Israel (general), Israel",IS,http://www.maannews.net/eng/ViewDetails.aspx?ID=698244
20140518,297789801,20140518,WEST BANK,PSE,ISRAEL,ISR,190,재래식 군사력 사용,19,4,-10.0,1,1,1,2.09150326797386,Egypt,EG,http://elderofziyon.blogspot.com/2014/05/0518-links-villainization-of-ayaan.html
20140518,297789802,20140518,PALESTINIAN,PSE,ISRAELI,ISR,190,재래식 군사력 사용,19,4,-10.0,4,2,4,0.837538547799271,Israel,IS,http://www.israelhayom.com/site/newsletter_article.php?id=17581
20140518,297789803,20140518,WEST BANK,PSE,ISRAEL,ISR,190,재래식 군사력 사용,19,4,-10.0,8,1,8,1.35823429541596,"Gaza, Israel (general), Israel",IS,http://elderofziyon.blogspot.com/2014/05/admitted-palestinian-terrorist-may-be.html
20140518,297789804,20140518,GAZA,PSE,ISRAEL,ISR,192,영토 점령,19,4,-9.5,5,1,5,5.91133004926108,"Gaza, Israel (general), Israel",IS,http://www.haaretz.com/news/middle-east/1.591366
20140518,297789805,20140518,PALESTINIAN,PSE,ISRAEL,ISR,193,소형무기·경무기를 이용한 전투,19,4,-10.0,2,1,2,1.11436950146628,"Sederot, HaDarom, Israel",IS,http://www.palestinechronicle.com/on-gazas-embattled-margins-farmers-wage-a-quiet-struggle-to-reclaim-the-land/
20140518,297789806,20140518,GAZA,PSE,ISRAELI,ISR,193,소형무기·경무기를 이용한 전투,19,4,-10.0,10,2,10,0.625912004528818,"Gaza, Israel (general), Israel",IS,http://www.maannews.net/eng/ViewDetails.aspx?ID=698307
20140518,297789807,20140518,GAZA,PSE,ISRAEL,ISR,193,소형무기·경무기를 이용한 전투,19,4,-10.0,2,1,2,2.79329608938547,Gaza Strip,GZ,http://themedialine.org/news/news_detail.asp?NewsID=40027
20140518,297789808,20140518,GAZA,PSE,ISRAEL,ISR,193,소형무기·경무기를 이용한 전투,19,4,-10.0,12,2,12,2.06421759494385,Israel,IS,http://www.albawaba.com/node/577126/RK%3D0
20140518,297789809,20140518,GAZA,PSE,ISRAELI,ISR,193,소형무기·경무기를 이용한 전투,19,4,-10.0,8,2,8,1.09319943622269,Israel,IS,http://www.maannews.net/eng/ViewDetails.aspx?ID=698157
20140518,297789810,20140518,GAZA,PSE,ISRAEL,ISR,194,포병·전차를 이용한 전투,19,4,-10.0,2,1,2,0.662251655629139,"Gaza, Israel (general), Israel",IS,"http://www.ynetnews.com/articles/0,7340,L-4520858,00.html"
20140518,297789811,20140518,GAZA,PSE,ISRAEL,ISR,194,포병·전차를 이용한 전투,19,4,-10.0,1,1,1,0.749063670411985,"Sderot, HaDarom, Israel",IS,http://www.israelnationalnews.com/News/News.aspx/180764
20140518,297789812,20140518,GAZA,PSE,ISRAEL,ISR,194,포병·전차를 이용한 전투,19,4,-10.0,1,1,1,0.749063670411985,"Gaza, Israel (general), Israel",IS,http://www.israelnationalnews.com/News/News.aspx/180764
20140518,297789813,20140518,GAZA,PSE,ISRAEL,ISR,194,포병·전차를 이용한 전투,19,4,-10.0,1,1,1,0.749063670411985,"Sderot, HaDarom, Israel",IS,http://www.israelnationalnews.com/News/News.aspx/180764
20140518,297789814,20140518,GAZA,PSE,ISRAEL,ISR,194,포병·전차를 이용한 전투,19,4,-10.0,5,2,5,0.679614058585708,"Gaza, Israel (general), Israel",IS,"http://www.ynetnews.com/articles/0,7340,L-4520858,00.html"
20140518,297789822,20140518,GAZA,PSE,ISRAEL,ISR,193,소형무기·경무기를 이용한 전투,19,4,-10.0,2,1,2,0.581395348837209,"Gaza, Israel (general), Israel",IS,http://www.worldbulletin.net/news/136658/gaza-worker-wounded-by-israeli-gunfire
20140518,297789823,20140518,GAZA,PSE,ISRAEL,ISR,193,소형무기·경무기를 이용한 전투,19,4,-10.0,6,1,6,0.581395348837209,"Gaza, Israel (general), Israel",IS,http://www.worldbulletin.net/news/136658/gaza-worker-wounded-by-israeli-gunfire
20140518,297789826,20140518,PALESTINIAN,PSE,ISRAELI,ISR,190,재래식 군사력 사용,19,4,-10.0,4,2,4,0.837538547799271,Israel,IS,http://www.israelhayom.com/site/newsletter_article.php?id=17581
20140518,297789894,20140518,PALESTINIAN,PSE,SYRIA,SYR,193,소형무기·경무기를 이용한 전투,19,4,-10.0,1,1,1,1.31147540983607,"Damascus, Dimashq, Syria",SY,http://www.naharnet.com/stories/en/131057
20140518,297790007,20140518,PALESTINIAN,PSE,ISRAELI,ISR,190,재래식 군사력 사용,19,4,-10.0,2,1,2,1.05485232067511,West Bank,WE,http://mondoweiss.net/2014/05/palestinians-reporter-flashes.html
20140518,297790008,20140518,PALESTINIAN,PSE,ISRAELI,ISR,190,재래식 군사력 사용,19,4,-10.0,10,1,10,1.11618467782851,"Gaza, Israel (general), Israel",IS,http://www.uruknet.info/?p=m107041&hd=&c=_As4DhlDKX57gQ2XosgxiWVH7SQhfpBs3bdT0myBkcc&mkt=en-us
20140518,297790396,20140518,QATAR,QAT,IRAQ,IRQ,190,재래식 군사력 사용,19,4,-10.0,10,1,10,0.980392156862745,Syria,SY,http://thepeninsulaqatar.com/news/latest-news/284144/iraq-election-candidate-kidnapped-as-attacks-kill-nine
20140518,297792743,20140518,ABDULLAH,SAU,DAMASCUS,SYR,191,봉쇄·이동 제한,19,4,-9.5,9,1,9,0.858369098712446,"Mleiha, Dimashq, Syria",SY,http://www.trust.org/item/20140518155950-jkyhq/?source=fiTheWire
20140518,297794032,20140518,SYRIAN,SYR,ISRAEL,ISR,190,재래식 군사력 사용,19,4,-10.0,8,3,8,1.22663466903635,Israel,IS,http://www.malaysiasun.com/index.php/sid/222083319/scat/b8de8e630faf3631/ht/Syrian-army-brings-war-close-to-Israel-border
20140518,297794037,20140518,SYRIAN,SYR,JORDAN,JOR,192,영토 점령,19,4,-9.5,1,1,1,2.1398002853067,"Mafraq, Jordan (general), Jordan",JO,http://www.trust.org/item/20140518092120-bk4pt/
20140518,297794038,20140518,SYRIAN,SYR,JORDAN,JOR,192,영토 점령,19,4,-9.5,1,1,1,2.84552845528455,Jordan,JO,http://www.icrc.org/eng/resources/documents/update/2014/05-18-jordan-syrian-refugees.htm
20140518,297794039,20140518,SYRIAN,SYR,JORDAN,JOR,192,영토 점령,19,4,-9.5,10,2,9,2.77495563828677,Syria,SY,http://www.icrc.org/eng/resources/documents/update/2014/05-18-jordan-syrian-refugees.htm
20140518,297794066,20140518,SYRIA,SYR,LEBANON,LBN,190,재래식 군사력 사용,19,4,-10.0,14,12,14,1.13832451647946,"Mleiha, Dimashq, Syria",SY,"Aljazeera.net website, Doha/BBC Monitoring/(c) BBC"
20140518,297794067,20140518,SYRIA,SYR,LEBANON,LBN,190,재래식 군사력 사용,19,4,-10.0,1,1,1,1.20481927710843,Lebanon,LE,http://www.ntd.tv/en/news/world/middle-east-/-africa/20140518/144611-syria-general-killed-in-combat-near-damascus.html
20140518,297794068,20140518,SYRIA,SYR,LEBANON,LBN,190,재래식 군사력 사용,19,4,-10.0,13,11,13,1.13320953489262,Lebanon,LE,"Aljazeera.net website, Doha/BBC Monitoring/(c) BBC"
20140518,297794069,20140518,SYRIAN,SYR,LEBANON,LBN,192,영토 점령,19,4,-9.5,6,1,6,0.23696682464455,"Beirut, Beyrouth, Lebanon",LE,http://www.arabtimesonline.com/NewsDetails/tabid/96/smid/414/ArticleID/206156/reftab/69/Default.aspx
20140518,297794070,20140518,SYRIA,SYR,LEBANESE,LBN,194,포병·전차를 이용한 전투,19,4,-10.0,1,1,1,0.418410041841004,"Baalbek, Mohafazat Baalbek-Hermel, Lebanon",LE,http://www.albawaba.com/lebanon-syria/lebanon-syria-rockets-576965
20140518,297794071,20140518,SYRIAN,SYR,LEBANESE,LBN,194,포병·전차를 이용한 전투,19,4,-10.0,7,1,7,0.418410041841004,"Britel, Mohafazat Baalbek-Hermel, Lebanon",LE,http://www.albawaba.com/lebanon-syria/lebanon-syria-rockets-576965
20140518,297794138,20140518,SYRIAN,SYR,AL JAZEERA,QAT,190,재래식 군사력 사용,19,4,-10.0,4,1,4,1.15830115830116,"Mleiha, Dimashq, Syria",SY,http://www.aljazeera.com/news/middleeast/2014/05/syrian-air-force-chief-dies-combat-2014518131850914750.html
20140518,297794139,20140518,SYRIAN,SYR,AL JAZEERA,QAT,190,재래식 군사력 사용,19,4,-10.0,4,1,4,1.15830115830116,"Damascus, Dimashq, Syria",SY,http://www.aljazeera.com/news/middleeast/2014/05/syrian-air-force-chief-dies-combat-2014518131850914750.html
20140518,297794185,20140518,SYRIA,SYR,SAUDI ARABIA,SAU,190,재래식 군사력 사용,19,4,-10.0,10,1,10,2.59285213735109,Syria,SY,http://www.moderntokyotimes.com/2014/05/18/the-distorted-civilisational-war-syria-nigeria-and-elitist-intrigues/
20140518,297794267,20140518,SYRIA,SYR,SANA,YEM,190,재래식 군사력 사용,19,4,-10.0,4,1,4,0.458715596330275,"Damascus, Dimashq, Syria",SY,http://news.xinhuanet.com/english/world/2014-05/18/c_133342975.htm
20140518,297794268,20140518,SYRIA,SYR,SANA,YEM,190,재래식 군사력 사용,19,4,-10.0,6,1,6,0.458715596330275,"Mlaiha, Al ?asakah, Syria",SY,http://news.xinhuanet.com/english/world/2014-05/18/c_133342975.htm
20140518,297794331,20140518,SYRIAN,SYR,AL JAZEERA,QAT,190,재래식 군사력 사용,19,4,-10.0,12,1,12,1.15830115830116,"Damascus, Dimashq, Syria",SY,http://www.aljazeera.com/news/middleeast/2014/05/syrian-air-force-chief-dies-combat-2014518131850914750.html
20140518,297794366,20140518,SYRIAN,SYR,JORDAN,JOR,192,영토 점령,19,4,-9.5,6,1,6,2.1398002853067,Syria,SY,http://www.trust.org/item/20140518092120-bk4pt/
20140518,297794367,20140518,SYRIAN,SYR,JORDAN,JOR,192,영토 점령,19,4,-9.5,6,1,6,2.84552845528455,Syria,SY,http://www.icrc.org/eng/resources/documents/update/2014/05-18-jordan-syrian-refugees.htm
20140518,297811084,20140518,YEMEN,YEM,JORDAN,JOR,190,재래식 군사력 사용,19,4,-10.0,4,1,4,3.37171052631579,"Al-Qaidah, ?ajjah, Yemen",YM,"Al-Quds al-Arabi website, London/BBC Monitoring/(c) BBC"
20140518,297811102,20140518,YEMENI,YEM,SAUDI,SAU,190,재래식 군사력 사용,19,4,-10.0,5,1,5,0.0,"Al-Manar, Al ?udaydah, Yemen",YM,http://www.almanar.com.lb/english/adetails.php?eid=151963&frid=23&seccatid=31&cid=23&fromval=1
20140518,297811103,20140518,YEMEN,YEM,SAUDI,SAU,190,재래식 군사력 사용,19,4,-10.0,1,1,1,0.0,"Arabian Peninsula, Saudi Arabia (general), Saudi Arabia",SA,http://english.farsnews.com/newstext.aspx?nn=13930228000793
20140518,297811104,20140518,YEMEN,YEM,SAUDI,SAU,190,재래식 군사력 사용,19,4,-10.0,2,2,2,0.78125,Saudi Arabia,SA,http://nationalyemen.com/2014/05/18/yemen-army-kills-saudi-terrorists-in-shabwah/
20140518,297811108,20140518,YEMEN,YEM,SAUDI ARABIA,SAU,190,재래식 군사력 사용,19,4,-10.0,4,1,4,0.78125,"Shabwah, Shabwah, Yemen",YM,http://english.farsnews.com/newstext.aspx?nn=13930228000793&c=gvvVN6DEQtfqJSHNSwkfmnNIy_ltJbgzH0xWU29MVmk&mkt=en-us
20140518,297811109,20140518,SANA,YEM,SYRIA,SYR,190,재래식 군사력 사용,19,4,-10.0,4,1,4,0.458715596330275,"Damascus, Dimashq, Syria",SY,http://news.xinhuanet.com/english/world/2014-05/18/c_133342975.htm
20140518,297811110,20140518,SANA,YEM,SYRIA,SYR,190,재래식 군사력 사용,19,4,-10.0,6,1,6,0.458715596330275,"Mlaiha, Al ?asakah, Syria",SY,http://news.xinhuanet.com/english/world/2014-05/18/c_133342975.htm
20140518,297811152,20140518,SANA,YEM,LEBANON,LBN,194,포병·전차를 이용한 전투,19,4,-10.0,4,1,4,0.690846286701209,"Achrafieh, Beyrouth, Lebanon",LE,http://www.newsday.com/news/world/rocket-attack-kills-13-in-syria-s-aleppo-1.8042000
20140518,297811153,20140518,SANA,YEM,LEBANON,LBN,194,포병·전차를 이용한 전투,19,4,-10.0,4,1,4,0.690846286701209,Turkey,TU,http://www.newsday.com/news/world/rocket-attack-kills-13-in-syria-s-aleppo-1.8042000
20140518,297811165,20140518,YEMENI,YEM,SAUDI,SAU,190,재래식 군사력 사용,19,4,-10.0,7,1,7,1.30890052356021,"Arabian Peninsula, Saudi Arabia (general), Saudi Arabia",SA,http://english.cri.cn/6966/2014/05/18/191s827004.htm
20140518,297811166,20140518,YEMEN,YEM,SAUDI ARABIA,SAU,190,재래식 군사력 사용,19,4,-10.0,1,1,1,0.0,"Shabwah, Shabwah, Yemen",YM,http://nationalyemen.com/2014/05/18/yemen-army-kills-saudi-terrorists-in-shabwah/
20140518,297811167,20140518,YEMEN,YEM,SAUDI,SAU,190,재래식 군사력 사용,19,4,-10.0,3,1,3,0.0,Saudi Arabia,SA,http://nationalyemen.com/2014/05/18/yemen-army-kills-saudi-terrorists-in-shabwah/
20140518,297811168,20140518,YEMENI,YEM,SAUDI,SAU,190,재래식 군사력 사용,19,4,-10.0,1,1,1,0.0,Afghanistan,AF,http://nationalyemen.com/2014/05/18/yemen-army-kills-saudi-terrorists-in-shabwah/
20140518,297811169,20140518,YEMEN,YEM,SAUDI,SAU,190,재래식 군사력 사용,19,4,-10.0,2,1,2,0.0,Afghanistan,AF,http://nationalyemen.com/2014/05/18/yemen-army-kills-saudi-terrorists-in-shabwah/
20140518,297811170,20140518,YEMEN,YEM,SAUDI,SAU,190,재래식 군사력 사용,19,4,-10.0,2,1,2,0.0,Somalia,SO,http://nationalyemen.com/2014/05/18/yemen-army-kills-saudi-terrorists-in-shabwah/
20140518,297811171,20140518,YEMEN,YEM,SAUDI ARABIA,SAU,190,재래식 군사력 사용,19,4,-10.0,4,1,4,0.0,Afghanistan,AF,http://nationalyemen.com/2014/05/18/yemen-army-kills-saudi-terrorists-in-shabwah/
20140519,297817443,20140518,EGYPT,EGY,ISRAELI,ISR,192,영토 점령,19,4,-9.5,2,1,2,4.53172205438066,United Kingdom,UK,http://thepeninsulaqatar.com/news/middle-east/284199/arab-aid-convoys-reach-gaza-strip
20140519,297817444,20140518,EGYPT,EGY,ISRAELI,ISR,192,영토 점령,19,4,-9.5,2,1,2,4.53172205438066,United States,US,http://thepeninsulaqatar.com/news/middle-east/284199/arab-aid-convoys-reach-gaza-strip
20140519,297817445,20140518,EGYPT,EGY,ISRAELI,ISR,192,영토 점령,19,4,-9.5,2,1,2,4.53172205438066,United States,US,http://thepeninsulaqatar.com/news/middle-east/284199/arab-aid-convoys-reach-gaza-strip
20140519,297817446,20140518,EGYPT,EGY,ISRAELI,ISR,192,영토 점령,19,4,-9.5,2,1,2,4.53172205438066,United States,US,http://thepeninsulaqatar.com/news/middle-east/284199/arab-aid-convoys-reach-gaza-strip
20140519,297817686,20140518,JORDAN,JOR,EGYPT,EGY,192,영토 점령,19,4,-9.5,2,1,2,4.53172205438066,"Amman, (JO11), Jordan",JO,http://thepeninsulaqatar.com/news/middle-east/284199/arab-aid-convoys-reach-gaza-strip
20140519,297836192,20140519,BAHRAINI,BHR,SYRIA,SYR,138,군사력 사용 위협,13,3,-7.0,1,1,1,0.277777777777778,Bahrain,BA,http://www.gulf-daily-news.com/NewsDetails.aspx?storyid=377402
20140519,297836193,20140519,BAHRAINI,BHR,SYRIA,SYR,138,군사력 사용 위협,13,3,-7.0,1,1,1,0.277777777777778,Lebanon,LE,http://www.gulf-daily-news.com/NewsDetails.aspx?storyid=377402
20140519,297836194,20140519,BAHRAINI,BHR,SYRIA,SYR,190,재래식 군사력 사용,19,4,-10.0,6,1,6,0.277777777777778,Bahrain,BA,http://www.gulf-daily-news.com/NewsDetails.aspx?storyid=377402
20140519,297836195,20140519,BAHRAINI,BHR,SYRIA,SYR,190,재래식 군사력 사용,19,4,-10.0,4,1,4,0.277777777777778,Syria,SY,http://www.gulf-daily-news.com/NewsDetails.aspx?storyid=377402
20140519,297860906,20140519,EGYPT,EGY,ISRAELI,ISR,192,영토 점령,19,4,-9.5,2,1,2,6.16113744075829,"Gaza, Israel (general), Israel",IS,http://reliefweb.int/report/occupied-palestinian-territory/arab-aid-convoys-reach-gaza-strip
20140519,297860907,20140519,EGYPT,EGY,ISRAELI,ISR,192,영토 점령,19,4,-9.5,6,1,6,6.16113744075829,"Gaza, Israel (general), Israel",IS,http://reliefweb.int/report/occupied-palestinian-territory/arab-aid-convoys-reach-gaza-strip
20140519,297861051,20140519,EGYPT,EGY,GAZA,PSE,154,군 병력 동원·증강,15,4,-7.2,1,1,1,3.39142722562412,"Ramallah, West Bank (general), West Bank",WE,http://www.kansascity.com/2014/05/19/5032754/palestinian-rivals-closer-to-ending.html
20140519,297861052,20140519,EGYPT,EGY,GAZA,PSE,191,봉쇄·이동 제한,19,4,-9.5,1,1,1,3.39142722562412,"Cairo, Al Qahirah, Egypt",EG,http://www.kansascity.com/2014/05/19/5032754/palestinian-rivals-closer-to-ending.html
20140519,297861053,20140519,EGYPT,EGY,GAZA,PSE,191,봉쇄·이동 제한,19,4,-9.5,2,2,2,3.43040749036308,"Cairo, Al Qahirah, Egypt",EG,http://www.kansascity.com/2014/05/19/5032754/palestinian-rivals-closer-to-ending.html
20140519,297861054,20140519,EGYPT,EGY,GAZA,PSE,191,봉쇄·이동 제한,19,4,-9.5,1,1,1,3.46938775510204,"Gaza, Israel (general), Israel",IS,http://www.utsandiego.com/news/2014/may/19/palestinian-rivals-closer-to-ending-7-year-rift/
20140519,297861055,20140519,EGYPT,EGY,GAZA,PSE,191,봉쇄·이동 제한,19,4,-9.5,33,15,33,2.71903703755532,Egypt,EG,http://tribune-chronicle.com/page/content.detail/id/507229/Palestinian-rivals-closer-to-ending-7-year-rift.html?isap=1&nav=5030
20140519,297861056,20140519,EGYPT,EGY,GAZA,PSE,191,봉쇄·이동 제한,19,4,-9.5,1,1,1,2.59109311740891,Egypt,EG,http://washingtonexaminer.com/palestinian-rivals-closer-to-ending-7-year-rift/article/feed/2135056/RK=0
20140519,297861247,20140519,EGYPT,EGY,ISRAELI,ISR,190,재래식 군사력 사용,19,4,-10.0,2,1,2,3.39142722562412,"Ramallah, West Bank (general), West Bank",WE,http://www.kansascity.com/2014/05/19/5032754/palestinian-rivals-closer-to-ending.html
20140519,297882678,20140519,IRANIAN,IRN,ISRAEL,ISR,138,군사력 사용 위협,13,3,-7.0,2,1,2,2.67737617135207,"Tel Aviv, Tel Aviv, Israel",IS,http://www.jpost.com/Defense/Israeli-defense-official-Iran-can-break-out-to-nuclear-weapons-very-quickly-352745
20140519,297882679,20140519,IRANIAN,IRN,ISRAEL,ISR,138,군사력 사용 위협,13,3,-7.0,2,1,2,2.67737617135207,"Tel Aviv, Tel Aviv, Israel",IS,http://www.jpost.com/Defense/Israeli-defense-official-Iran-can-break-out-to-nuclear-weapons-very-quickly-352745
20140519,297883028,20140519,IRANIAN,IRN,ISRAEL,ISR,138,군사력 사용 위협,13,3,-7.0,6,1,6,2.67737617135207,"Tel Aviv, Tel Aviv, Israel",IS,http://www.jpost.com/Defense/Israeli-defense-official-Iran-can-break-out-to-nuclear-weapons-very-quickly-352745
20140519,297883509,20140519,IRAQI,IRQ,PALESTINE,PSE,190,재래식 군사력 사용,19,4,-10.0,5,1,5,2.53807106598985,Iraq,IZ,http://www.dailysabah.com/nation/2014/05/19/erdogan-slams-ozdils-hate-speech-against-soma-victims
20140519,297883510,20140519,IRAQI,IRQ,PALESTINE,PSE,190,재래식 군사력 사용,19,4,-10.0,1,1,1,2.53807106598985,Syria,SY,http://www.dailysabah.com/nation/2014/05/19/erdogan-slams-ozdils-hate-speech-against-soma-victims
20140519,297883511,20140519,IRAQ,IRQ,PALESTINE,PSE,190,재래식 군사력 사용,19,4,-10.0,2,1,2,2.53807106598985,Iraq,IZ,http://www.dailysabah.com/nation/2014/05/19/erdogan-slams-ozdils-hate-speech-against-soma-victims
20140519,297883526,20140519,IRAQI,IRQ,SYRIA,SYR,190,재래식 군사력 사용,19,4,-10.0,5,1,5,2.53807106598985,Iraq,IZ,http://www.dailysabah.com/nation/2014/05/19/erdogan-slams-ozdils-hate-speech-against-soma-victims
20140519,297883527,20140519,IRAQI,IRQ,SYRIA,SYR,190,재래식 군사력 사용,19,4,-10.0,1,1,1,2.53807106598985,Syria,SY,http://www.dailysabah.com/nation/2014/05/19/erdogan-slams-ozdils-hate-speech-against-soma-victims
20140519,297883528,20140519,IRAQ,IRQ,SYRIA,SYR,190,재래식 군사력 사용,19,4,-10.0,2,1,2,2.53807106598985,Iraq,IZ,http://www.dailysabah.com/nation/2014/05/19/erdogan-slams-ozdils-hate-speech-against-soma-victims
20140519,297884439,20140519,ISRAEL,ISR,PALESTINIAN,PSE,190,재래식 군사력 사용,19,4,-10.0,6,1,6,2.02702702702703,"Gaza, Israel (general), Israel",IS,http://www.turkishpress.com/news/406890/
20140519,297884440,20140519,ISRAELI,ISR,PALESTINE,PSE,190,재래식 군사력 사용,19,4,-10.0,10,2,10,0.35483870967742,"Jerusalem, Israel (general), Israel",IS,http://www.worldbulletin.net/haberler/136693/israeli-w-bank-raid-leaves-scores-injured
20140519,297884441,20140519,ISRAEL,ISR,PALESTINIAN,PSE,190,재래식 군사력 사용,19,4,-10.0,1,1,1,2.20264317180617,"Jerusalem, Israel (general), Israel",IS,http://paltelegraph.com/?p=4197
20140519,297884442,20140519,ISRAEL,ISR,PALESTINIAN,PSE,190,재래식 군사력 사용,19,4,-10.0,1,1,1,2.20264317180617,"Jerusalem, Israel (general), Israel",IS,http://paltelegraph.com/?p=4197
20140519,297884443,20140519,ISRAEL,ISR,PALESTINIAN,PSE,190,재래식 군사력 사용,19,4,-10.0,4,1,4,1.54241645244216,"Ben Gurion, HaMerkaz, Israel",IS,http://www.trust.org/item/20140519091528-wsnw1/
20140519,297884444,20140519,ISRAELI,ISR,PALESTINIAN,PSE,190,재래식 군사력 사용,19,4,-10.0,12,2,8,1.52417794970986,Israel,IS,http://www.alternativenews.org/english/index.php/features/human-rights/8058-video-unlawful-killing-of-two-palestinian-teens
20140519,297884445,20140519,ISRAELI,ISR,PALESTINIAN,PSE,193,소형무기·경무기를 이용한 전투,19,4,-10.0,2,1,2,0.460829493087558,"Hebron, Israel (general), Israel",IS,http://www.imemc.org/article/67854
20140519,297884446,20140519,ISRAELI,ISR,PALESTINIAN,PSE,193,소형무기·경무기를 이용한 전투,19,4,-10.0,3,1,3,0.335570469798658,"Gaza, Israel (general), Israel",IS,http://www.maannews.net/eng/ViewDetails.aspx?ID=698497
20140519,297884477,20140519,ISRAEL,ISR,HAMAS,PSE,193,소형무기·경무기를 이용한 전투,19,4,-10.0,2,1,2,3.04506699147381,"Jerusalem, Israel (general), Israel",IS,http://www.haaretz.com/business/.premium-1.591563
20140519,297884544,20140519,ISRAELI,ISR,TURKEY,TUR,190,재래식 군사력 사용,19,4,-10.0,2,1,2,3.77358490566038,"Gaza, Israel (general), Israel",IS,http://www.maannews.net/eng/ViewDetails.aspx?ID=698468
20140519,297884809,20140519,ISRAEL,ISR,IRAN,IRN,190,재래식 군사력 사용,19,4,-10.0,2,1,2,2.82485875706215,"Tehran, Tehran, Iran",IR,http://www.thenewamerican.com/usnews/foreign-policy/item/18293-christie-promotes-interventionist-u-s-foreign-policy
20140519,297884810,20140519,ISRAEL,ISR,IRAN,IRN,190,재래식 군사력 사용,19,4,-10.0,2,1,2,2.82485875706215,"Tehran, Tehran, Iran",IR,http://www.thenewamerican.com/usnews/foreign-policy/item/18293-christie-promotes-interventionist-u-s-foreign-policy
20140519,297884811,20140519,ISRAELI,ISR,IRAN,IRN,190,재래식 군사력 사용,19,4,-10.0,6,1,6,2.82485875706215,Israel,IS,http://www.thenewamerican.com/usnews/foreign-policy/item/18293-christie-promotes-interventionist-u-s-foreign-policy
20140519,297884826,20140519,ISRAELI,ISR,PALESTINIAN,PSE,190,재래식 군사력 사용,19,4,-10.0,2,1,2,1.94552529182879,Israel,IS,"Voice of the Islamic Republic of Iran External Service, Mashhad/BBC Monitoring/(c) BBC"
20140519,297884829,20140519,ISRAELI,ISR,PALESTINIAN,PSE,190,재래식 군사력 사용,19,4,-10.0,2,1,2,1.94552529182879,Israel,IS,"Voice of the Islamic Republic of Iran External Service, Mashhad/BBC Monitoring/(c) BBC"
20140519,297884830,20140519,ISRAELI,ISR,TURKISH,TUR,190,재래식 군사력 사용,19,4,-10.0,4,1,4,3.77358490566038,"Gaza, Israel (general), Israel",IS,http://www.maannews.net/eng/ViewDetails.aspx?ID=698468
20140519,297884831,20140519,ISRAEL,ISR,TURKEY,TUR,190,재래식 군사력 사용,19,4,-10.0,2,1,2,3.77358490566038,Turkey,TU,http://www.maannews.net/eng/ViewDetails.aspx?ID=698468
20140519,297885745,20140519,JORDAN,JOR,EGYPT,EGY,192,영토 점령,19,4,-9.5,4,2,4,6.84941294148467,Jordan,JO,http://reliefweb.int/report/occupied-palestinian-territory/arab-aid-convoys-reach-gaza-strip
20140519,297885746,20140519,JORDAN,JOR,EGYPT,EGY,192,영토 점령,19,4,-9.5,8,1,8,7.53768844221105,Jordan,JO,http://www.worldbulletin.net/haberler/136703/arab-aid-convoys-reach-gaza-strip
20140519,297885772,20140519,JORDAN,JOR,ISRAEL,ISR,192,영토 점령,19,4,-9.5,3,2,3,5.43061884948154,Jordan,JO,http://mwcnews.net/news/middle-east/40849-aid-convoys.html
20140519,297885773,20140519,JORDAN,JOR,ISRAEL,ISR,192,영토 점령,19,4,-9.5,3,2,3,5.43061884948154,Jordan,JO,http://mwcnews.net/news/middle-east/40849-aid-convoys.html
20140519,297885836,20140519,JORDAN,JOR,GAZA,PSE,192,영토 점령,19,4,-9.5,9,2,9,5.43061884948154,Jordan,JO,http://mwcnews.net/news/middle-east/40849-aid-convoys.html
20140519,297885855,20140519,JORDAN,JOR,SYRIAN,SYR,192,영토 점령,19,4,-9.5,8,1,8,2.95454545454545,"Damascus, Dimashq, Syria",SY,http://articles.chicagotribune.com/2014-05-04/news/sns-rt-us-syria-crisis-refugees-20140504_1_aid-access-zaatari-syrian-refugees
20140519,297885856,20140519,JORDAN,JOR,SYRIA,SYR,192,영토 점령,19,4,-9.5,2,1,2,2.95454545454545,"Damascus, Dimashq, Syria",SY,http://articles.chicagotribune.com/2014-05-04/news/sns-rt-us-syria-crisis-refugees-20140504_1_aid-access-zaatari-syrian-refugees
20140519,297885857,20140519,JORDANIAN,JOR,SYRIA,SYR,193,소형무기·경무기를 이용한 전투,19,4,-10.0,1,1,1,0.0,"Amman, (JO11), Jordan",JO,"Jordan Times website, Amman/BBC Monitoring/(c) BBC"
20140519,297885858,20140519,JORDANIAN,JOR,SYRIA,SYR,193,소형무기·경무기를 이용한 전투,19,4,-10.0,4,1,4,0.0,Syria,SY,"Jordan Times website, Amman/BBC Monitoring/(c) BBC"
20140519,297892046,20140519,BEIRUT,LBN,DAMASCUS,SYR,190,재래식 군사력 사용,19,4,-10.0,10,1,10,1.16279069767442,"Damascus, Dimashq, Syria",SY,http://www.brisbanetimes.com.au/world/syria-air-defence-chief-killed-20140519-zrglw.html
20140519,297892047,20140519,LEBANON,LBN,SYRIA,SYR,190,재래식 군사력 사용,19,4,-10.0,1,1,1,1.2779552715655,"Mleiha, Dimashq, Syria",SY,http://www.bangkokpost.com/news/world/410435/syria-general-killed-in-combat-near-damascus
20140519,297892048,20140519,LEBANON,LBN,SYRIA,SYR,190,재래식 군사력 사용,19,4,-10.0,1,1,1,1.2779552715655,Lebanon,LE,http://www.bangkokpost.com/news/world/410435/syria-general-killed-in-combat-near-damascus
20140519,297892049,20140519,LEBANON,LBN,SYRIA,SYR,192,영토 점령,19,4,-9.5,1,1,1,1.2779552715655,"Mleiha, Dimashq, Syria",SY,http://www.bangkokpost.com/news/world/410435/syria-general-killed-in-combat-near-damascus
20140519,297892050,20140519,LEBANON,LBN,SYRIA,SYR,192,영토 점령,19,4,-9.5,1,1,1,1.2779552715655,Lebanon,LE,http://www.bangkokpost.com/news/world/410435/syria-general-killed-in-combat-near-damascus
20140519,297892051,20140519,BEIRUT,LBN,DAMASCUS,SYR,193,소형무기·경무기를 이용한 전투,19,4,-10.0,10,1,10,1.16279069767442,"Mleiha, Dimashq, Syria",SY,http://www.brisbanetimes.com.au/world/syria-air-defence-chief-killed-20140519-zrglw.html
20140519,297892052,20140519,BEIRUT,LBN,SYRIA,SYR,193,소형무기·경무기를 이용한 전투,19,4,-10.0,2,1,2,0.527704485488127,"Damascus, Dimashq, Syria",SY,http://www.zawya.com/story/Syrian_air_defense_chief_killed_as_rebels_make_gains_in_Hama-DS19052014_dsart*256946/
20140519,297892132,20140519,LEBANON,LBN,SAUDI ARABIA,SAU,190,재래식 군사력 사용,19,4,-10.0,6,2,6,2.42617270648138,"Arsal, Mohafazat Baalbek-Hermel, Lebanon",LE,http://www.aina.org/news/20140519171526.htm&c=DeBtwbFYKkEeIypVXW6w0IwjUbsIhalmoMu-_LvsGKM&mkt=en-us
20140519,297911566,20140519,PALESTINE,PSE,IRAQI,IRQ,190,재래식 군사력 사용,19,4,-10.0,1,1,1,2.53807106598985,Syria,SY,http://www.dailysabah.com/nation/2014/05/19/erdogan-slams-ozdils-hate-speech-against-soma-victims
20140519,297911567,20140519,PALESTINE,PSE,IRAQ,IRQ,190,재래식 군사력 사용,19,4,-10.0,2,1,2,2.53807106598985,Iraq,IZ,http://www.dailysabah.com/nation/2014/05/19/erdogan-slams-ozdils-hate-speech-against-soma-victims
20140519,297911568,20140519,PALESTINE,PSE,IRAQI,IRQ,190,재래식 군사력 사용,19,4,-10.0,5,1,5,2.53807106598985,Iraq,IZ,http://www.dailysabah.com/nation/2014/05/19/erdogan-slams-ozdils-hate-speech-against-soma-victims
20140519,297911641,20140519,PALESTINIAN,PSE,ISRAEL,ISR,154,군 병력 동원·증강,15,4,-7.2,1,1,1,3.39142722562412,"Gaza, Israel (general), Israel",IS,http://www.kansascity.com/2014/05/19/5032754/palestinian-rivals-closer-to-ending.html
20140519,297911642,20140519,PALESTINIAN,PSE,ISRAEL,ISR,154,군 병력 동원·증강,15,4,-7.2,4,1,4,3.39142722562412,"Gaza, Israel (general), Israel",IS,http://www.kansascity.com/2014/05/19/5032754/palestinian-rivals-closer-to-ending.html
20140519,297911645,20140519,PALESTINIAN,PSE,ISRAEL,ISR,163,금수·보이콧·제재 부과,16,4,-8.0,2,2,2,1.89427160628204,"Tel Aviv, Tel Aviv, Israel",IS,http://www.eurasiareview.com/19052014-palestine-action-assault-police-says-hrw/
20140519,297911646,20140519,GAZA,PSE,ISRAEL,ISR,163,금수·보이콧·제재 부과,16,4,-8.0,2,1,2,1.94174757281553,"Gaza, Israel (general), Israel",IS,http://www.imemc.org/article/67849
20140519,297911655,20140519,PALESTINIAN,PSE,ISRAEL,ISR,190,재래식 군사력 사용,19,4,-10.0,2,1,2,3.13924050632911,"Uttar Pradesh, Uttar Pradesh, India",IN,http://www.americanthinker.com/2014/05/indias_new_prime_minister_bodes_well_for_us.html
20140519,297911656,20140519,PALESTINIAN,PSE,ISRAELI,ISR,190,재래식 군사력 사용,19,4,-10.0,8,1,8,3.39142722562412,"Gaza, Israel (general), Israel",IS,http://www.kansascity.com/2014/05/19/5032754/palestinian-rivals-closer-to-ending.html
20140519,297911657,20140519,PALESTINIAN,PSE,ISRAEL,ISR,190,재래식 군사력 사용,19,4,-10.0,1,1,1,2.20264317180617,"Jerusalem, Israel (general), Israel",IS,http://paltelegraph.com/?p=4197
20140519,297911658,20140519,PALESTINE,PSE,ISRAEL,ISR,190,재래식 군사력 사용,19,4,-10.0,4,1,4,1.54241645244216,"Ben Gurion, HaMerkaz, Israel",IS,http://www.trust.org/item/20140519091528-wsnw1/
20140519,297911659,20140519,PALESTINIAN,PSE,ISRAELI,ISR,190,재래식 군사력 사용,19,4,-10.0,16,4,14,1.97472695965862,Israel,IS,http://www.alternativenews.org/english/index.php/features/human-rights/8058-video-unlawful-killing-of-two-palestinian-teens
20140519,297911660,20140519,PALESTINIAN,PSE,ISRAEL,ISR,190,재래식 군사력 사용,19,4,-10.0,1,1,1,2.20264317180617,"Jerusalem, Israel (general), Israel",IS,http://paltelegraph.com/?p=4197
20140519,297911661,20140519,PALESTINIAN,PSE,ISRAELI,ISR,193,소형무기·경무기를 이용한 전투,19,4,-10.0,2,1,2,0.460829493087558,"Hebron, Israel (general), Israel",IS,http://www.imemc.org/article/67854
20140519,297911662,20140519,PALESTINIAN,PSE,ISRAELI,ISR,193,소형무기·경무기를 이용한 전투,19,4,-10.0,8,2,8,0.366885225620883,"Gaza, Israel (general), Israel",IS,http://www.imemc.org/article/67854
20140519,297911765,20140519,PALESTINE,PSE,SYRIA,SYR,190,재래식 군사력 사용,19,4,-10.0,1,1,1,2.53807106598985,Syria,SY,http://www.dailysabah.com/nation/2014/05/19/erdogan-slams-ozdils-hate-speech-against-soma-victims
20140519,297911766,20140519,PALESTINE,PSE,SYRIA,SYR,190,재래식 군사력 사용,19,4,-10.0,2,1,2,2.53807106598985,Iraq,IZ,http://www.dailysabah.com/nation/2014/05/19/erdogan-slams-ozdils-hate-speech-against-soma-victims
20140519,297911767,20140519,PALESTINE,PSE,SYRIA,SYR,190,재래식 군사력 사용,19,4,-10.0,5,1,5,2.53807106598985,Iraq,IZ,http://www.dailysabah.com/nation/2014/05/19/erdogan-slams-ozdils-hate-speech-against-soma-victims
20140519,297911864,20140519,HAMAS,PSE,ISRAEL,ISR,154,군 병력 동원·증강,15,4,-7.2,60,13,60,2.70324867741953,"Gaza, Israel (general), Israel",IS,http://tribune-chronicle.com/page/content.detail/id/507229/Palestinian-rivals-closer-to-ending-7-year-rift.html?isap=1&nav=5030
20140519,297911865,20140519,HAMAS,PSE,ISRAELI,ISR,194,포병·전차를 이용한 전투,19,4,-10.0,4,1,4,1.74383644016837,"Jerusalem, Israel (general), Israel",IS,"Javan, Tehran/BBC Monitoring/(c) BBC"
20140519,297911866,20140519,HAMAS,PSE,ISRAELI,ISR,194,포병·전차를 이용한 전투,19,4,-10.0,6,1,6,1.74383644016837,"Gaza, Israel (general), Israel",IS,"Javan, Tehran/BBC Monitoring/(c) BBC"
20140519,297911877,20140519,HAMAS,PSE,ISRAELI,ISR,190,재래식 군사력 사용,19,4,-10.0,160,14,160,2.73282504684552,"Gaza, Israel (general), Israel",IS,http://tribune-chronicle.com/page/content.detail/id/507229/Palestinian-rivals-closer-to-ending-7-year-rift.html?isap=1&nav=5030
20140519,297912386,20140519,QATAR,QAT,IRAQ,IRQ,190,재래식 군사력 사용,19,4,-10.0,10,1,10,0.0,"Baghdad, Baghdad, Iraq",IZ,http://thepeninsulaqatar.com/news/middle-east/284197/candidate-kidnapped-as-attacks-kill-nine-in-iraq
20140519,297912462,20140519,QATAR,QAT,SYRIA,SYR,195,공중무기 사용,19,4,-10.0,4,1,4,0.448430493273543,"Latakia, Al Ladhiqiyah, Syria",SY,http://thepeninsulaqatar.com/news/middle-east/284204/syria-s-air-defence-chief-killed-in-attack
20140519,297912463,20140519,QATAR,QAT,SYRIA,SYR,195,공중무기 사용,19,4,-10.0,6,1,6,0.448430493273543,"Damascus, Dimashq, Syria",SY,http://thepeninsulaqatar.com/news/middle-east/284204/syria-s-air-defence-chief-killed-in-attack
20140519,297917527,20140519,SAUDI ARABIA,SAU,SYRIA,SYR,190,재래식 군사력 사용,19,4,-10.0,1,1,1,2.06185567010309,"Damascus, Dimashq, Syria",SY,http://mideastafrica.foreignpolicy.com/posts/2014/05/19/libyan_authorities_claim_control_after_attack_on_parliament
20140519,297917528,20140519,SAUDI ARABIA,SAU,SYRIA,SYR,190,재래식 군사력 사용,19,4,-10.0,5,1,5,2.06185567010309,"Mleha, ?a'il, Saudi Arabia",SA,http://mideastafrica.foreignpolicy.com/posts/2014/05/19/libyan_authorities_claim_control_after_attack_on_parliament
20140519,297919903,20140519,SYRIA,SYR,BAHRAIN,BHR,190,재래식 군사력 사용,19,4,-10.0,2,1,2,0.538599640933573,Bahrain,BA,http://www.gulf-daily-news.com/NewsDetails.aspx?storyid=377320
20140519,297919904,20140519,SYRIA,SYR,BAHRAIN,BHR,190,재래식 군사력 사용,19,4,-10.0,2,1,2,0.538599640933573,Bahrain,BA,http://www.gulf-daily-news.com/NewsDetails.aspx?storyid=377320
20140519,297919905,20140519,SYRIA,SYR,BAHRAINI,BHR,190,재래식 군사력 사용,19,4,-10.0,6,1,6,0.538599640933573,Syria,SY,http://www.gulf-daily-news.com/NewsDetails.aspx?storyid=377320
20140519,297920033,20140519,SYRIA,SYR,IRAQI,IRQ,190,재래식 군사력 사용,19,4,-10.0,1,1,1,2.53807106598985,Syria,SY,http://www.dailysabah.com/nation/2014/05/19/erdogan-slams-ozdils-hate-speech-against-soma-victims
20140519,297920034,20140519,SYRIA,SYR,IRAQI,IRQ,190,재래식 군사력 사용,19,4,-10.0,5,1,5,2.53807106598985,Iraq,IZ,http://www.dailysabah.com/nation/2014/05/19/erdogan-slams-ozdils-hate-speech-against-soma-victims
20140519,297920035,20140519,SYRIA,SYR,IRAQ,IRQ,190,재래식 군사력 사용,19,4,-10.0,2,1,2,2.53807106598985,Iraq,IZ,http://www.dailysabah.com/nation/2014/05/19/erdogan-slams-ozdils-hate-speech-against-soma-victims
20140519,297920046,20140519,SYRIA,SYR,ISRAEL,ISR,190,재래식 군사력 사용,19,4,-10.0,6,1,6,0.0,Syria,SY,http://palestinianpundit.blogspot.com/2014/05/at-least-162000-killed-in-syria.html
20140519,297920056,20140519,SYRIAN,SYR,JORDAN,JOR,192,영토 점령,19,4,-9.5,1,1,1,2.10970464135021,Syria,SY,http://www.rttnews.com/2323914/syrian-refugees-in-jordan-nearing-600000.aspx?type=gn
20140519,297920057,20140519,SYRIAN,SYR,JORDAN,JOR,192,영토 점령,19,4,-9.5,1,1,1,2.68199233716475,"Amman, (JO11), Jordan",JO,http://reliefweb.int/report/jordan/scaling-aid-syrian-refugees
20140519,297920058,20140519,SYRIAN,SYR,JORDAN,JOR,192,영토 점령,19,4,-9.5,3,1,2,2.10970464135021,Jordan,JO,http://www.rttnews.com/2323914/syrian-refugees-in-jordan-nearing-600000.aspx?type=gn
20140519,297920059,20140519,SYRIAN,SYR,JORDAN,JOR,192,영토 점령,19,4,-9.5,9,1,8,2.68199233716475,Syria,SY,http://reliefweb.int/report/jordan/scaling-aid-syrian-refugees
20140519,297920077,20140519,SYRIA,SYR,LEBANON,LBN,190,재래식 군사력 사용,19,4,-10.0,1,1,1,1.2779552715655,"Mleiha, Dimashq, Syria",SY,http://www.bangkokpost.com/news/world/410435/syria-general-killed-in-combat-near-damascus
20140519,297920078,20140519,SYRIA,SYR,BEIRUT,LBN,190,재래식 군사력 사용,19,4,-10.0,8,1,8,0.377358490566038,"Aleppo, ?alab, Syria",SY,http://www.echo.net.au/2014/05/syria-war-toll-162000-growing/
20140519,297920079,20140519,SYRIA,SYR,LEBANON,LBN,190,재래식 군사력 사용,19,4,-10.0,1,1,1,1.2779552715655,Lebanon,LE,http://www.bangkokpost.com/news/world/410435/syria-general-killed-in-combat-near-damascus
20140519,297920080,20140519,SYRIA,SYR,BEIRUT,LBN,190,재래식 군사력 사용,19,4,-10.0,10,1,10,0.340715502555366,Syria,SY,http://www.echo.net.au/2014/05/colombia-arrests-school-bus-driver-31-children-killed/
20140519,297920081,20140519,SYRIAN,SYR,LEBANON,LBN,192,영토 점령,19,4,-9.5,2,2,2,0.279331788425677,Syria,SY,http://news.yahoo.com/un-lebanon-1-5m-refugees-years-end-182515475.html
20140519,297920082,20140519,SYRIAN,SYR,LEBANON,LBN,192,영토 점령,19,4,-9.5,2,2,2,0.279331788425677,"Bekaa Valley, Béa, Lebanon",LE,http://news.yahoo.com/un-lebanon-1-5m-refugees-years-end-182515475.html
20140519,297920083,20140519,SYRIAN,SYR,LEBANON,LBN,192,영토 점령,19,4,-9.5,12,2,12,0.279331788425677,Syria,SY,http://news.yahoo.com/un-lebanon-1-5m-refugees-years-end-182515475.html
20140519,297920084,20140519,SYRIAN,SYR,LEBANON,LBN,190,재래식 군사력 사용,19,4,-10.0,2,1,2,2.21703919133826,"Damascus, Dimashq, Syria",SY,http://www.csmonitor.com/World/Security-Watch/terrorism-security/2014/0519/As-Syrian-war-death-toll-rises-senior-air-force-general-dies-in-rebel-attack-video
20140519,297920085,20140519,SYRIAN,SYR,LEBANON,LBN,190,재래식 군사력 사용,19,4,-10.0,1,1,1,2.48366013071895,Lebanon,LE,http://news.yahoo.com/syrian-war-death-toll-rises-senior-air-force-124032649.html
20140519,297920136,20140519,SYRIA,SYR,PALESTINE,PSE,190,재래식 군사력 사용,19,4,-10.0,1,1,1,2.53807106598985,Syria,SY,http://www.dailysabah.com/nation/2014/05/19/erdogan-slams-ozdils-hate-speech-against-soma-victims
20140519,297920137,20140519,SYRIA,SYR,PALESTINE,PSE,190,재래식 군사력 사용,19,4,-10.0,2,1,2,2.53807106598985,Iraq,IZ,http://www.dailysabah.com/nation/2014/05/19/erdogan-slams-ozdils-hate-speech-against-soma-victims
20140519,297920138,20140519,SYRIA,SYR,PALESTINE,PSE,190,재래식 군사력 사용,19,4,-10.0,5,1,5,2.53807106598985,Iraq,IZ,http://www.dailysabah.com/nation/2014/05/19/erdogan-slams-ozdils-hate-speech-against-soma-victims
20140519,297920139,20140519,SYRIA,SYR,PALESTINIAN,PSE,190,재래식 군사력 사용,19,4,-10.0,2,1,2,0.0,Syria,SY,http://palestinianpundit.blogspot.com/2014/05/at-least-162000-killed-in-syria.html
20140519,297920203,20140519,SYRIA,SYR,SAUDI ARABIA,SAU,190,재래식 군사력 사용,19,4,-10.0,1,1,1,2.06185567010309,"Damascus, Dimashq, Syria",SY,http://mideastafrica.foreignpolicy.com/posts/2014/05/19/libyan_authorities_claim_control_after_attack_on_parliament
20140519,297920204,20140519,SYRIA,SYR,SAUDI ARABIA,SAU,190,재래식 군사력 사용,19,4,-10.0,5,1,5,2.06185567010309,"Mleha, ?a'il, Saudi Arabia",SA,http://mideastafrica.foreignpolicy.com/posts/2014/05/19/libyan_authorities_claim_control_after_attack_on_parliament
20140519,297920394,20140519,SYRIA,SYR,BAHRAINI,BHR,190,재래식 군사력 사용,19,4,-10.0,10,1,10,0.277777777777778,Bahrain,BA,http://www.gulf-daily-news.com/NewsDetails.aspx?storyid=377402
20140519,297920396,20140519,SYRIA,SYR,JORDANIAN,JOR,190,재래식 군사력 사용,19,4,-10.0,2,1,2,1.81311018131102,"Amman, (JO11), Jordan",JO,http://www.jpost.com/Middle-East/Report-Jordan-redeploys-military-along-border-with-Syria-352676
20140519,297920397,20140519,SYRIAN,SYR,JORDANIAN,JOR,190,재래식 군사력 사용,19,4,-10.0,3,1,3,1.81311018131102,"Amman, (JO11), Jordan",JO,http://www.jpost.com/Middle-East/Report-Jordan-redeploys-military-along-border-with-Syria-352676
20140519,297920398,20140519,SYRIAN,SYR,JORDANIAN,JOR,190,재래식 군사력 사용,19,4,-10.0,3,1,3,1.81311018131102,"Damascus, Dimashq, Syria",SY,http://www.jpost.com/Middle-East/Report-Jordan-redeploys-military-along-border-with-Syria-352676
20140519,297920438,20140519,SYRIAN,SYR,JORDAN,JOR,192,영토 점령,19,4,-9.5,6,1,6,2.68199233716475,Syria,SY,http://reliefweb.int/report/jordan/scaling-aid-syrian-refugees
20140519,297920439,20140519,SYRIAN,SYR,JORDAN,JOR,192,영토 점령,19,4,-9.5,9,1,6,2.10970464135021,Syria,SY,http://www.rttnews.com/2323914/syrian-refugees-in-jordan-nearing-600000.aspx?type=gn
20140519,297920440,20140519,SYRIAN,SYR,JORDAN,JOR,192,영토 점령,19,4,-9.5,3,1,3,2.10970464135021,Syria,SY,http://www.rttnews.com/2323914/syrian-refugees-in-jordan-nearing-600000.aspx?type=gn
20140519,297921498,20140519,TURKISH,TUR,KURDISTAN,IRN,193,소형무기·경무기를 이용한 전투,19,4,-10.0,2,1,2,0.675675675675676,"Derik, Al ?asakah, Syria",SY,http://www.ekurd.net/mismas/articles/misc2014/5/syriakurd1191.htm
20140519,297921499,20140519,TURKISH,TUR,KURDISTAN,IRN,193,소형무기·경무기를 이용한 전투,19,4,-10.0,3,1,3,0.675675675675676,"Cizre, Sirnak, Turkey",TU,http://www.ekurd.net/mismas/articles/misc2014/5/syriakurd1191.htm
20140519,297921502,20140519,ANKARA,TUR,IRAN,IRN,190,재래식 군사력 사용,19,4,-10.0,1,1,1,2.62295081967213,"Moscow, Moskva, Russia",RS,http://www.renewamerica.com/columns/marielena/140519
20140519,297921503,20140519,ANKARA,TUR,IRAN,IRN,190,재래식 군사력 사용,19,4,-10.0,1,1,1,2.62295081967213,"Ankara, Ankara, Turkey",TU,http://www.renewamerica.com/columns/marielena/140519
20140519,297921666,20140519,TURKEY,TUR,SYRIAN,SYR,190,재래식 군사력 사용,19,4,-10.0,10,1,10,2.0,Syria,SY,http://www.globalresearch.ca/some-100-syrians-abandoned-in-the-ruble-of-turkeys-mine-disaster/5382832
20140519,297921922,20140519,TURKISH,TUR,ISRAEL,ISR,190,재래식 군사력 사용,19,4,-10.0,2,1,2,2.02702702702703,"Anadolu, Turkey (general), Turkey",TU,http://www.turkishpress.com/news/406890/
20140519,297921923,20140519,TURKEY,TUR,ISRAEL,ISR,190,재래식 군사력 사용,19,4,-10.0,4,1,4,2.02702702702703,"Gaza, Israel (general), Israel",IS,http://www.turkishpress.com/news/406890/
20140519,297921924,20140519,TURKEY,TUR,ISRAEL,ISR,190,재래식 군사력 사용,19,4,-10.0,2,1,2,2.02702702702703,"Gaza, Israel (general), Israel",IS,http://www.turkishpress.com/news/406890/
20140519,297921925,20140519,TURKEY,TUR,ISRAEL,ISR,190,재래식 군사력 사용,19,4,-10.0,2,1,2,2.02702702702703,"Gaza, Israel (general), Israel",IS,http://www.turkishpress.com/news/406890/
20140520,297955838,20140513,JERUSALEM,ISR,PALESTINIAN,PSE,190,재래식 군사력 사용,19,4,-10.0,24,5,24,0.999596064576223,West Bank,WE,http://www.arabnews.com/news/573791
20140520,297955839,20140513,JERUSALEM,ISR,WEST BANK,PSE,190,재래식 군사력 사용,19,4,-10.0,24,6,24,0.961376175049144,West Bank,WE,http://www.stripes.com/news/middle-east/rights-group-says-israeli-troops-killed-2-palestinians-without-cause-1.284043
20140520,297955840,20140513,ISRAEL,ISR,WEST BANK,PSE,190,재래식 군사력 사용,19,4,-10.0,2,1,2,0.617283950617284,West Bank,WE,http://www.washingtonpost.com/world/middle_east/group-troops-kill-2-palestinians-without-cause/2014/05/20/d0106b68-e012-11e3-9442-54189bf1a809_story.html
20140520,297955841,20140513,JERUSALEM,ISR,PALESTINIAN,PSE,190,재래식 군사력 사용,19,4,-10.0,3,1,3,0.709219858156028,West Bank,WE,http://cnsnews.com/news/article/group-troops-kill-2-palestinians-without-cause
20140520,297955842,20140513,JERUSALEM,ISR,WEST BANK,PSE,190,재래식 군사력 사용,19,4,-10.0,7,1,7,0.709219858156028,West Bank,WE,http://cnsnews.com/news/article/group-troops-kill-2-palestinians-without-cause
20140520,297955843,20140513,ISRAEL,ISR,WEST BANK,PSE,190,재래식 군사력 사용,19,4,-10.0,2,1,2,2.27272727272727,West Bank,WE,http://www.kentucky.com/2014/05/20/3250118/group-troops-kill-2-palestinians.html
20140520,297955844,20140513,JERUSALEM,ISR,WEST BANK,PSE,193,소형무기·경무기를 이용한 전투,19,4,-10.0,48,5,48,0.999029171152186,"Jerusalem, Israel (general), Israel",IS,http://www.arabnews.com/news/573791
20140520,297955845,20140513,JERUSALEM,ISR,WEST BANK,PSE,193,소형무기·경무기를 이용한 전투,19,4,-10.0,2,1,2,0.680272108843537,"Jerusalem, Israel (general), Israel",IS,http://www.foxnews.com/world/2014/05/20/israeli-rights-group-says-2-palestinian-teens-were-killed-by-israeli-troops/?utm_source=feedburner&utm_medium=feed&utm_campaign=Feed%3A+foxnews%2Fworld+%28Internal+-+World+Latest+-+Text%29
20140520,297955846,20140513,ISRAEL,ISR,WEST BANK,PSE,193,소형무기·경무기를 이용한 전투,19,4,-10.0,2,1,2,1.76470588235294,"Miami, Florida, United States",US,http://www.miamiherald.com/2014/05/20/4126060/group-troops-kill-2-palestinians.html
20140520,297955847,20140513,JERUSALEM,ISR,WEST BANK,PSE,193,소형무기·경무기를 이용한 전투,19,4,-10.0,14,3,14,0.62752475327218,Israel,IS,http://cnsnews.com/news/article/group-troops-kill-2-palestinians-without-cause
20140520,297955855,20140513,ISRAELI,ISR,PALESTINIAN,PSE,193,소형무기·경무기를 이용한 전투,19,4,-10.0,12,2,12,0.423286991062562,Israel,IS,http://www.bbc.co.uk/news/world-middle-east-27488135
20140520,297956267,20140513,PALESTINIAN,PSE,ISRAEL,ISR,190,재래식 군사력 사용,19,4,-10.0,28,11,28,0.720014945174503,"Jerusalem, Israel (general), Israel",IS,http://hosted2.ap.org/APDEFAULT/cae69a7523db45408eeb2b3a98c0c9c5/Article_2014-05-20-ML-Israel-Palestinians/id-764c48a3d72943a1aa430f9f4c313ea2
20140520,297956269,20140513,PALESTINIAN,PSE,ISRAEL,ISR,190,재래식 군사력 사용,19,4,-10.0,26,9,26,0.445927156078327,West Bank,WE,http://www.nzherald.co.nz/world/news/article.cfm?c_id=2&objectid=11258825
20140520,297956270,20140513,WEST BANK,PSE,ISRAEL,ISR,193,소형무기·경무기를 이용한 전투,19,4,-10.0,6,1,6,0.187617260787992,Israel,IS,http://972mag.com/watch-footage-shows-israeli-armys-killing-of-two-palestinian-teens/91084/
20140520,297956271,20140513,WEST BANK,PSE,ISRAEL,ISR,193,소형무기·경무기를 이용한 전투,19,4,-10.0,2,1,2,0.187617260787992,Israel,IS,http://972mag.com/watch-footage-shows-israeli-armys-killing-of-two-palestinian-teens/91084/
20140520,297956272,20140513,PALESTINIAN,PSE,ISRAELI,ISR,190,재래식 군사력 사용,19,4,-10.0,3,1,3,0.657894736842105,Israel,IS,http://www.morningstaronline.co.uk/a-44a7-Palestinian-teens-killed-unlawfully/RK=0
20140520,297977646,20140520,BAHRAIN,BHR,IRAN,IRN,190,재래식 군사력 사용,19,4,-10.0,2,1,2,2.90909090909091,"Tehran, Tehran, Iran",IR,http://www.thenational.ae/world/middle-east/emirs-visit-a-new-page-in-kuwait-iran-relations
20140520,297977647,20140520,BAHRAIN,BHR,IRAN,IRN,190,재래식 군사력 사용,19,4,-10.0,8,1,8,2.90909090909091,"Riyadh, Ar Riya?, Saudi Arabia",SA,http://www.thenational.ae/world/middle-east/emirs-visit-a-new-page-in-kuwait-iran-relations
20140520,297977684,20140520,BAHRAIN,BHR,SAUDI ARABIA,SAU,190,재래식 군사력 사용,19,4,-10.0,2,1,2,2.90909090909091,"Tehran, Tehran, Iran",IR,http://www.thenational.ae/world/middle-east/emirs-visit-a-new-page-in-kuwait-iran-relations
20140520,297977685,20140520,BAHRAIN,BHR,SAUDI ARABIA,SAU,190,재래식 군사력 사용,19,4,-10.0,6,1,6,2.90909090909091,"Riyadh, Ar Riya?, Saudi Arabia",SA,http://www.thenational.ae/world/middle-east/emirs-visit-a-new-page-in-kuwait-iran-relations
20140520,297977686,20140520,BAHRAIN,BHR,SAUDI ARABIA,SAU,190,재래식 군사력 사용,19,4,-10.0,2,1,2,2.90909090909091,"Riyadh, Ar Riya?, Saudi Arabia",SA,http://www.thenational.ae/world/middle-east/emirs-visit-a-new-page-in-kuwait-iran-relations
20140520,297977691,20140520,BAHRAINI,BHR,SYRIA,SYR,138,군사력 사용 위협,13,3,-7.0,2,1,2,0.280112044817927,Bahrain,BA,http://freedetainees.org/2014/05/20/syria-jihad-mission-teenager-shot-dead/?utm_source=feedburner&utm_medium=feed&utm_campaign=Feed%3A+freedetainees%2FONEi+%28freedetainees.org%29
20140520,298004647,20140520,EGYPT,EGY,ISRAEL,ISR,191,봉쇄·이동 제한,19,4,-9.5,2,1,2,4.40251572327044,"Washington, District of Columbia, United States",US,http://shadow.foreignpolicy.com/posts/2014/05/20/why_egypts_elections_are_a_chance_for_the_united_states_to_hit_reset
20140520,298004782,20140520,EGYPT,EGY,GAZA,PSE,191,봉쇄·이동 제한,19,4,-9.5,2,1,2,4.40251572327044,"Cairo, Al Qahirah, Egypt",EG,http://shadow.foreignpolicy.com/posts/2014/05/20/why_egypts_elections_are_a_chance_for_the_united_states_to_hit_reset
20140520,298004783,20140520,EGYPT,EGY,GAZA,PSE,191,봉쇄·이동 제한,19,4,-9.5,2,1,2,4.40251572327044,"Cairo, Al Qahirah, Egypt",EG,http://shadow.foreignpolicy.com/posts/2014/05/20/why_egypts_elections_are_a_chance_for_the_united_states_to_hit_reset
20140520,298004784,20140520,EGYPT,EGY,GAZA,PSE,191,봉쇄·이동 제한,19,4,-9.5,1,1,1,4.40251572327044,"Washington, District of Columbia, United States",US,http://shadow.foreignpolicy.com/posts/2014/05/20/why_egypts_elections_are_a_chance_for_the_united_states_to_hit_reset
20140520,298004785,20140520,EGYPT,EGY,GAZA,PSE,191,봉쇄·이동 제한,19,4,-9.5,2,1,2,2.710027100271,Egypt,EG,http://www.greenfieldreporter.com/view/story/2d874cd07fa646448335747ee386f4ed/ML--Palestinians-Unity-Q-and-A
20140520,298004804,20140520,EGYPT,EGY,AL JAZEERA,QAT,138,군사력 사용 위협,13,3,-7.0,20,1,20,2.36220472440945,"Cairo, Al Qahirah, Egypt",EG,http://www.aljazeera.com/news/middleeast/2014/05/egypt-media-one-sided-201451712956403903.html
20140520,298004836,20140520,EGYPT,EGY,SAUDI ARABIA,SAU,192,영토 점령,19,4,-9.5,2,1,2,2.9585798816568,"Cairo, Al Qahirah, Egypt",EG,http://www.ibtimes.co.uk/egypt-sisi-backs-marshall-plan-ahead-presidential-election-1449288
20140520,298004953,20140520,CAIRO,EGY,TYRE,LBN,190,재래식 군사력 사용,19,4,-10.0,6,1,6,1.57303370786517,"Cairo, Al Qahirah, Egypt",EG,http://news.iafrica.com/worldnews/939356.html
20140520,298027503,20140520,IRAN,IRN,BAHRAIN,BHR,190,재래식 군사력 사용,19,4,-10.0,2,1,2,2.90909090909091,"Tehran, Tehran, Iran",IR,http://www.thenational.ae/world/middle-east/emirs-visit-a-new-page-in-kuwait-iran-relations
20140520,298027504,20140520,IRAN,IRN,BAHRAIN,BHR,190,재래식 군사력 사용,19,4,-10.0,8,1,8,2.90909090909091,"Riyadh, Ar Riya?, Saudi Arabia",SA,http://www.thenational.ae/world/middle-east/emirs-visit-a-new-page-in-kuwait-iran-relations
20140520,298027838,20140520,IRANIAN,IRN,ISRAEL,ISR,138,군사력 사용 위협,13,3,-7.0,1,1,1,2.58152173913043,"Tel Aviv, Tel Aviv, Israel",IS,http://www.turkishweekly.net/news/166992/israeli-defense-official-iran-can-break-out-to-nuclear-weapons-39-very-quickly-39.html
20140520,298027839,20140520,IRANIAN,IRN,ISRAEL,ISR,138,군사력 사용 위협,13,3,-7.0,3,2,3,2.72220937403638,"Tel Aviv, Tel Aviv, Israel",IS,"The Jerusalem Post website, Jerusalem/BBC Monitoring/(c) BBC"
20140520,298027840,20140520,IRANIAN,IRN,ISRAEL,ISR,138,군사력 사용 위협,13,3,-7.0,3,2,3,2.72220937403638,"Tel Aviv, Tel Aviv, Israel",IS,"The Jerusalem Post website, Jerusalem/BBC Monitoring/(c) BBC"
20140520,298027841,20140520,IRANIAN,IRN,ISRAEL,ISR,138,군사력 사용 위협,13,3,-7.0,2,1,2,3.02013422818792,Israel,IS,http://www.dailytimes.com.pk/foreign/20-May-2014/iran-can-break-out-to-nuclear-weapons-israeli-official
20140520,298027842,20140520,IRANIAN,IRN,ISRAEL,ISR,138,군사력 사용 위협,13,3,-7.0,2,1,2,3.02013422818792,Israel,IS,http://www.dailytimes.com.pk/foreign/20-May-2014/iran-can-break-out-to-nuclear-weapons-israeli-official
20140520,298027843,20140520,IRANIAN,IRN,ISRAEL,ISR,138,군사력 사용 위협,13,3,-7.0,1,1,1,2.58152173913043,Jordan,JO,http://www.turkishweekly.net/news/166992/israeli-defense-official-iran-can-break-out-to-nuclear-weapons-39-very-quickly-39.html
20140520,298027846,20140520,IRAN,IRN,ISRAEL,ISR,190,재래식 군사력 사용,19,4,-10.0,5,1,5,3.02593659942363,"Pasdaran, Kohgiluyeh va Buyer A?mad, Iran",IR,"Gardab, Kandahar/BBC Monitoring/(c) BBC"
20140520,298027918,20140520,IRANIAN,IRN,LEBANON,LBN,190,재래식 군사력 사용,19,4,-10.0,1,1,1,3.40531561461794,"Tripoli, Tarabulus, Libya",LY,http://yalibnan.com/2014/05/21/strange-bedfellows-strange-calm-lebanon/
20140520,298027919,20140520,IRANIAN,IRN,LEBANON,LBN,190,재래식 군사력 사용,19,4,-10.0,1,1,1,3.37837837837838,"Beirut, Beyrouth, Lebanon",LE,http://www.foreignpolicy.com/articles/2014/05/20/strange_bedfellows_and_a_strange_calm_in_lebanon_hezbollah_syria
20140520,298027920,20140520,IRANIAN,IRN,LEBANON,LBN,190,재래식 군사력 사용,19,4,-10.0,2,2,2,3.39184699649816,"Beirut, Beyrouth, Lebanon",LE,http://yalibnan.com/2014/05/21/strange-bedfellows-strange-calm-lebanon/
20140520,298028202,20140520,IRAN,IRN,YEMEN,YEM,190,재래식 군사력 사용,19,4,-10.0,2,1,2,2.90909090909091,"Tehran, Tehran, Iran",IR,http://www.thenational.ae/world/middle-east/emirs-visit-a-new-page-in-kuwait-iran-relations
20140520,298028203,20140520,IRAN,IRN,YEMEN,YEM,190,재래식 군사력 사용,19,4,-10.0,2,1,2,2.90909090909091,"Riyadh, Ar Riya?, Saudi Arabia",SA,http://www.thenational.ae/world/middle-east/emirs-visit-a-new-page-in-kuwait-iran-relations
20140520,298028204,20140520,IRAN,IRN,YEMEN,YEM,190,재래식 군사력 사용,19,4,-10.0,6,1,6,2.90909090909091,"Riyadh, Ar Riya?, Saudi Arabia",SA,http://www.thenational.ae/world/middle-east/emirs-visit-a-new-page-in-kuwait-iran-relations
20140520,298028226,20140520,IRANIAN,IRN,ISRAEL,ISR,138,군사력 사용 위협,13,3,-7.0,3,1,3,2.58152173913043,"Tel Aviv, Tel Aviv, Israel",IS,http://www.turkishweekly.net/news/166992/israeli-defense-official-iran-can-break-out-to-nuclear-weapons-39-very-quickly-39.html
20140520,298028227,20140520,IRANIAN,IRN,ISRAEL,ISR,138,군사력 사용 위협,13,3,-7.0,9,2,9,2.72220937403638,"Tel Aviv, Tel Aviv, Israel",IS,"The Jerusalem Post website, Jerusalem/BBC Monitoring/(c) BBC"
20140520,298028228,20140520,IRANIAN,IRN,ISRAEL,ISR,138,군사력 사용 위협,13,3,-7.0,6,1,6,3.02013422818792,Israel,IS,http://www.dailytimes.com.pk/foreign/20-May-2014/iran-can-break-out-to-nuclear-weapons-israeli-official
20140520,298028313,20140520,IRAN,IRN,LEBANON,LBN,190,재래식 군사력 사용,19,4,-10.0,1,1,1,3.40531561461794,"Tripoli, Tarabulus, Libya",LY,http://yalibnan.com/2014/05/21/strange-bedfellows-strange-calm-lebanon/
20140520,298028314,20140520,IRAN,IRN,LEBANON,LBN,190,재래식 군사력 사용,19,4,-10.0,2,2,2,3.39184699649816,"Beirut, Beyrouth, Lebanon",LE,http://yalibnan.com/2014/05/21/strange-bedfellows-strange-calm-lebanon/
20140520,298028315,20140520,IRAN,IRN,LEBANON,LBN,190,재래식 군사력 사용,19,4,-10.0,1,1,1,3.37837837837838,"Beirut, Beyrouth, Lebanon",LE,http://www.foreignpolicy.com/articles/2014/05/20/strange_bedfellows_and_a_strange_calm_in_lebanon_hezbollah_syria
20140520,298028317,20140520,IRANIAN,IRN,BEIRUT,LBN,190,재래식 군사력 사용,19,4,-10.0,12,2,12,3.39184699649816,"Beirut, Beyrouth, Lebanon",LE,http://yalibnan.com/2014/05/21/strange-bedfellows-strange-calm-lebanon/
20140520,298028573,20140520,KIRKUK,IRQ,IRAN,IRN,190,재래식 군사력 사용,19,4,-10.0,1,1,1,3.1843233312921,"Kirkuk, At Ta'mim, Iraq",IZ,http://www.veteranstoday.com/2014/05/20/iraqs-revolutionary-history/
20140520,298028574,20140520,IRAQI,IRQ,KURDISTAN,IRN,192,영토 점령,19,4,-9.5,5,1,5,2.9585798816568,"Baghdad, Baghdad, Iraq",IZ,http://reliefweb.int/report/iraq/iraq-conflict-emergency-response
20140520,298028576,20140520,KIRKUK,IRQ,IRAN,IRN,190,재래식 군사력 사용,19,4,-10.0,1,1,1,3.1843233312921,Germany,GM,http://www.veteranstoday.com/2014/05/20/iraqs-revolutionary-history/
20140520,298028725,20140520,IRAQ,IRQ,SYRIA,SYR,190,재래식 군사력 사용,19,4,-10.0,2,1,2,1.72413793103448,"Jerusalem, Israel (general), Israel",IS,http://www.israelnationalnews.com/News/News.aspx/180841
20140520,298028726,20140520,IRAQ,IRQ,SYRIA,SYR,190,재래식 군사력 사용,19,4,-10.0,2,1,2,1.72413793103448,"Jerusalem, Israel (general), Israel",IS,http://www.israelnationalnews.com/News/News.aspx/180841
20140520,298028727,20140520,IRAQ,IRQ,SYRIA,SYR,190,재래식 군사력 사용,19,4,-10.0,6,1,6,1.72413793103448,Syria,SY,http://www.israelnationalnews.com/News/News.aspx/180841
20140520,298029235,20140520,ISRAEL,ISR,EGYPTIAN,EGY,154,군 병력 동원·증강,15,4,-7.2,3,1,3,2.3728813559322,"Cairo, Al Qahirah, Egypt",EG,"http://www.ynetnews.com/articles/0,7340,L-4521754,00.html"
20140520,298029337,20140520,ISRAELI,ISR,IRAN,IRN,190,재래식 군사력 사용,19,4,-10.0,7,1,7,4.96894409937888,"Jerusalem, Israel (general), Israel",IS,http://www.timesofisrael.com/hamas-may-mellow-on-israel-former-turkish-fm-predicts/
20140520,298029338,20140520,ISRAEL,ISR,IRAN,IRN,190,재래식 군사력 사용,19,4,-10.0,1,1,1,4.96894409937888,"Jerusalem, Israel (general), Israel",IS,http://www.timesofisrael.com/hamas-may-mellow-on-israel-former-turkish-fm-predicts/
20140520,298029705,20140520,ISRAEL,ISR,PALESTINIAN,PSE,163,금수·보이콧·제재 부과,16,4,-8.0,2,1,2,4.29447852760736,"Gaza, Israel (general), Israel",IS,http://themedialine.org/news/news_detail.asp?NewsID=40034
20140520,298029721,20140520,ISRAELI,ISR,PALESTINIAN,PSE,190,재래식 군사력 사용,19,4,-10.0,15,3,15,0.701108014939352,"Hebron, Israel (general), Israel",IS,http://www.imemc.org/article/67869
20140520,298029722,20140520,ISRAEL,ISR,WEST BANK,PSE,190,재래식 군사력 사용,19,4,-10.0,6,1,6,1.62412993039443,"Hebron, Israel (general), Israel",IS,http://www.imemc.org/article/67869
20140520,298029723,20140520,ISRAELI,ISR,PALESTINIAN,PSE,190,재래식 군사력 사용,19,4,-10.0,60,7,60,0.0916989754370728,"Jerusalem, Israel (general), Israel",IS,http://www.greenfieldreporter.com/view/story/34fe59d8bfdd4ade8901192d8ae1160d/ML--Israel-Palestinians
20140520,298029724,20140520,ISRAEL,ISR,PALESTINE,PSE,190,재래식 군사력 사용,19,4,-10.0,1,1,1,3.14875135722041,"Gaza, Israel (general), Israel",IS,http://www.bloomberg.com/news/2014-05-19/peace-bust-up-imperils-2-2-billion-for-aid-reliant-palestinians.html
20140520,298029725,20140520,ISRAELI,ISR,PALESTINIAN,PSE,190,재래식 군사력 사용,19,4,-10.0,14,3,10,1.18801432397682,"Gaza, Israel (general), Israel",IS,http://palsolidarity.org/2014/05/israeli-forces-shoot-and-kill-two-palestinian-teens-near-ramallah-2/
20140520,298029726,20140520,ISRAEL,ISR,PALESTINIAN,PSE,190,재래식 군사력 사용,19,4,-10.0,1,1,1,1.99335548172757,West Bank,WE,http://en.trend.az/regions/met/arabicr/2275919.html
20140520,298029727,20140520,ISRAEL,ISR,PALESTINIAN,PSE,190,재래식 군사력 사용,19,4,-10.0,8,1,8,2.64754550468836,"The White House, District of Columbia, United States",US,http://news.firedoglake.com/2014/05/20/white-house-promises-no-more-cia-staged-vaccinations-after-polio-outbreak/
20140520,298029728,20140520,ISRAELI,ISR,WEST BANK,PSE,190,재래식 군사력 사용,19,4,-10.0,2,1,2,0.0,"Jenin, West Bank (general), West Bank",WE,http://www.maannews.net/eng/ViewDetails.aspx?ID=698650
20140520,298029729,20140520,ISRAEL,ISR,WEST BANK,PSE,190,재래식 군사력 사용,19,4,-10.0,2,1,2,0.668896321070234,"Yatta, West Bank (general), West Bank",WE,http://www.imemc.org/article/67864
20140520,298029730,20140520,ISRAEL,ISR,WEST BANK,PSE,190,재래식 군사력 사용,19,4,-10.0,4,1,4,0.668896321070234,Israel,IS,http://www.imemc.org/article/67864
20140520,298029731,20140520,ISRAEL,ISR,PALESTINIAN,PSE,190,재래식 군사력 사용,19,4,-10.0,2,1,2,0.668896321070234,"Yatta, West Bank (general), West Bank",WE,http://www.imemc.org/article/67864
20140520,298029732,20140520,ISRAELI,ISR,PALESTINIAN,PSE,190,재래식 군사력 사용,19,4,-10.0,61,13,57,1.2604677141055,Israel,IS,http://humanitariannews.org/20140521/occupied-palestinian-territory-israeli-forces-shoot-kill-two-palestinian-teens-near-ramalla
20140520,298029733,20140520,ISRAEL,ISR,PALESTINE,PSE,190,재래식 군사력 사용,19,4,-10.0,1,1,1,3.14875135722041,"Pennsylvania, United States",US,http://www.bloomberg.com/news/2014-05-19/peace-bust-up-imperils-2-2-billion-for-aid-reliant-palestinians.html
20140520,298029734,20140520,ISRAEL,ISR,PALESTINIAN,PSE,190,재래식 군사력 사용,19,4,-10.0,2,1,2,2.64754550468836,"The White House, District of Columbia, United States",US,http://news.firedoglake.com/2014/05/20/white-house-promises-no-more-cia-staged-vaccinations-after-polio-outbreak/
20140520,298029735,20140520,ISRAEL,ISR,PALESTINIAN,PSE,190,재래식 군사력 사용,19,4,-10.0,4,1,4,1.48619957537155,United Kingdom,UK,http://www.worldbulletin.net/haberler/136740/mavi-marmara-victims-wont-be-forgotten-haniyeh
20140520,298029736,20140520,ISRAELI,ISR,WEST BANK,PSE,193,소형무기·경무기를 이용한 전투,19,4,-10.0,6,2,6,0.858597922276183,"Jalazoun, West Bank (general), West Bank",WE,http://reliefweb.int/report/occupied-palestinian-territory/israeli-forces-shoot-and-kill-two-palestinian-teens-near
20140520,298029737,20140520,ISRAEL,ISR,WEST BANK,PSE,193,소형무기·경무기를 이용한 전투,19,4,-10.0,33,3,17,0.690914360449811,"Jerusalem, Israel (general), Israel",IS,http://hosted2.ap.org/APDEFAULT/cae69a7523db45408eeb2b3a98c0c9c5/Article_2014-05-20-Israel-Palestinians/id-6d1a5cd9eab44b86965c12591ce7ddac
20140520,298029738,20140520,ISRAELI,ISR,PALESTINIAN,PSE,193,소형무기·경무기를 이용한 전투,19,4,-10.0,19,2,11,0.644914221597037,"Jerusalem, Israel (general), Israel",IS,http://hosted2.ap.org/APDEFAULT/cae69a7523db45408eeb2b3a98c0c9c5/Article_2014-05-20-Israel-Palestinians/id-6d1a5cd9eab44b86965c12591ce7ddac
20140520,298029739,20140520,ISRAELI,ISR,WEST BANK,PSE,193,소형무기·경무기를 이용한 전투,19,4,-10.0,6,1,6,0.943396226415094,"Ramallah, West Bank (general), West Bank",WE,http://palsolidarity.org/2014/05/israeli-forces-shoot-and-kill-two-palestinian-teens-near-ramallah-2/
20140520,298029740,20140520,ISRAELI,ISR,WEST BANK,PSE,193,소형무기·경무기를 이용한 전투,19,4,-10.0,2,1,2,0.943396226415094,"Gaza, Israel (general), Israel",IS,http://palsolidarity.org/2014/05/israeli-forces-shoot-and-kill-two-palestinian-teens-near-ramallah-2/
20140520,298029741,20140520,ISRAELI,ISR,WEST BANK,PSE,193,소형무기·경무기를 이용한 전투,19,4,-10.0,12,2,12,0.816198770206728,"Ramallah, West Bank (general), West Bank",WE,http://reliefweb.int/report/occupied-palestinian-territory/israeli-forces-shoot-and-kill-two-palestinian-teens-near
20140520,298029742,20140520,ISRAELI,ISR,WEST BANK,PSE,193,소형무기·경무기를 이용한 전투,19,4,-10.0,4,2,4,0.816198770206728,Israel,IS,http://reliefweb.int/report/occupied-palestinian-territory/israeli-forces-shoot-and-kill-two-palestinian-teens-near
20140520,298029743,20140520,ISRAEL,ISR,PALESTINIAN,PSE,193,소형무기·경무기를 이용한 전투,19,4,-10.0,24,6,20,0.484824431260939,Israel,IS,http://rt.com/news/160332-un-israel-palestinian-killed/
20140520,298029744,20140520,ISRAEL,ISR,PALESTINIAN,PSE,193,소형무기·경무기를 이용한 전투,19,4,-10.0,4,1,4,2.82134433962264,United States,US,http://www.jewishjournal.com/opinion/article/bds_is_backfiring_at_ucla/RK=0
20140520,298029745,20140520,ISRAEL,ISR,GAZA,PSE,194,포병·전차를 이용한 전투,19,4,-10.0,4,1,4,5.19125683060109,"Sderot, HaDarom, Israel",IS,http://www.israelnationalnews.com/News/News.aspx/180842
20140520,298029746,20140520,ISRAEL,ISR,PALESTINIAN,PSE,194,포병·전차를 이용한 전투,19,4,-10.0,2,1,2,2.03045685279188,"Gaza, Israel (general), Israel",IS,http://www.algemeiner.com/2014/05/20/secret-video-shows-hamas-targeting-commuter-train-line/
20140520,298029747,20140520,ISRAEL,ISR,GAZA,PSE,194,포병·전차를 이용한 전투,19,4,-10.0,10,1,10,2.03045685279188,"Pennsylvania, United States",US,http://www.algemeiner.com/2014/05/20/secret-video-shows-hamas-targeting-commuter-train-line/
20140520,298029749,20140520,ISRAELI,ISR,PALESTINIAN,PSE,190,재래식 군사력 사용,19,4,-10.0,1,1,1,0.919117647058824,Israel,IS,http://mondoweiss.net/2014/05/palestinian-israeli-soldiers.html
20140520,298029754,20140520,ISRAEL,ISR,PALESTINIAN,PSE,190,재래식 군사력 사용,19,4,-10.0,2,1,2,1.62412993039443,"Jerusalem, Israel (general), Israel",IS,http://www.imemc.org/article/67869
20140520,298029812,20140520,ISRAELI,ISR,TURKEY,TUR,190,재래식 군사력 사용,19,4,-10.0,1,1,1,1.85004868549172,Turkey,TU,"Milli Gazete website, Istanbul/BBC Monitoring/(c) BBC"
20140520,298029813,20140520,ISRAELI,ISR,TURKEY,TUR,190,재래식 군사력 사용,19,4,-10.0,1,1,1,1.85004868549172,Turkey,TU,"Milli Gazete website, Istanbul/BBC Monitoring/(c) BBC"
20140520,298029882,20140520,ISRAEL,ISR,YEMEN,YEM,190,재래식 군사력 사용,19,4,-10.0,8,1,8,0.0,Yemen,YM,"http://www.ynetnews.com/articles/0,7340,L-4521961,00.html"
20140520,298029883,20140520,ISRAEL,ISR,YEMEN,YEM,190,재래식 군사력 사용,19,4,-10.0,2,1,2,0.0,Yemen,YM,"http://www.ynetnews.com/articles/0,7340,L-4521961,00.html"
20140520,298030023,20140520,ISRAELI,ISR,TURKEY,TUR,190,재래식 군사력 사용,19,4,-10.0,6,1,6,1.85004868549172,Turkey,TU,"Milli Gazete website, Istanbul/BBC Monitoring/(c) BBC"
20140520,298030095,20140520,ISRAEL,ISR,WEST BANK,PSE,190,재래식 군사력 사용,19,4,-10.0,2,1,2,2.01005025125628,"Hebron, Israel (general), Israel",IS,http://english.wafa.ps/index.php?action=detail&id=25241
20140520,298030096,20140520,ISRAEL,ISR,WEST BANK,PSE,190,재래식 군사력 사용,19,4,-10.0,1,1,1,2.01005025125628,"Hebron, Israel (general), Israel",IS,http://english.wafa.ps/index.php?action=detail&id=25241
20140520,298030097,20140520,ISRAEL,ISR,WEST BANK,PSE,190,재래식 군사력 사용,19,4,-10.0,1,1,1,2.01005025125628,"Beit Ummar, West Bank (general), West Bank",WE,http://english.wafa.ps/index.php?action=detail&id=25241
20140520,298030098,20140520,ISRAEL,ISR,PALESTINIAN,PSE,193,소형무기·경무기를 이용한 전투,19,4,-10.0,6,1,6,0.0,Israel,IS,http://stream.aljazeera.com/story/201405201257-0023747
20140520,298030099,20140520,ISRAEL,ISR,WEST BANK,PSE,190,재래식 군사력 사용,19,4,-10.0,1,1,1,0.0,"Jenin, West Bank (general), West Bank",WE,http://www.maannews.net/eng/ViewDetails.aspx?ID=698650
20140520,298030100,20140520,ISRAEL,ISR,WEST BANK,PSE,190,재래식 군사력 사용,19,4,-10.0,1,1,1,0.0,Israel,IS,http://www.maannews.net/eng/ViewDetails.aspx?ID=698650
20140520,298030135,20140520,ISRAEL,ISR,LEBANON,LBN,190,재래식 군사력 사용,19,4,-10.0,2,1,2,3.71944739638682,"Beirut, Beyrouth, Lebanon",LE,http://www.zawya.com/story/Six_troubled_years_ahead_for_Lebanon-GN_20052014_210565/
20140520,298031022,20140520,JORDANIAN,JOR,SYRIA,SYR,190,재래식 군사력 사용,19,4,-10.0,2,1,2,0.622406639004149,"Quneitra, Al Qunaytirah, Syria",SY,http://www.debka.com/article/23932/Jordan-army%e2%80%99s-2nd-Mechanized-Division-is-deployed-along-Syrian-border-army-leaves-cut/RK=0
20140520,298031023,20140520,JORDANIAN,JOR,SYRIA,SYR,190,재래식 군사력 사용,19,4,-10.0,4,1,4,1.11731843575419,"Amman, (JO11), Jordan",JO,"Al-Hayat website, London/BBC Monitoring/(c) BBC"
20140520,298031024,20140520,JORDAN,JOR,SYRIAN,SYR,190,재래식 군사력 사용,19,4,-10.0,4,1,4,4.70588235294118,Syria,SY,http://www.thetimes.co.uk/tto/news/world/middleeast/article4095465.ece
20140520,298031025,20140520,JORDANIAN,JOR,SYRIA,SYR,193,소형무기·경무기를 이용한 전투,19,4,-10.0,1,1,1,0.207900207900208,Jordan,JO,http://www.albawaba.com/main-headlines/jordan-syria-border-577250
20140520,298031026,20140520,JORDANIAN,JOR,SYRIA,SYR,193,소형무기·경무기를 이용한 전투,19,4,-10.0,4,1,4,0.207900207900208,Syria,SY,http://www.albawaba.com/main-headlines/jordan-syria-border-577250
20140520,298031027,20140520,JORDANIAN,JOR,SYRIA,SYR,195,공중무기 사용,19,4,-10.0,10,1,10,0.485436893203883,"Amman, (JO11), Jordan",JO,http://en.apa.az/xeber_jordan_redeploys_soldiers_along_border_w_211585.html
20140520,298031122,20140520,HASSAN,JOR,IRAN,IRN,190,재래식 군사력 사용,19,4,-10.0,2,1,2,0.0,"Tehran, Tehran, Iran",IR,http://english.farsnews.com/newstext.aspx?nn=13930230001154
20140520,298031209,20140520,JORDANIAN,JOR,SYRIAN,SYR,190,재래식 군사력 사용,19,4,-10.0,3,1,3,0.622406639004149,"Quneitra, Al Qunaytirah, Syria",SY,http://www.debka.com/article/23932/Jordan-army%e2%80%99s-2nd-Mechanized-Division-is-deployed-along-Syrian-border-army-leaves-cut/RK=0
20140520,298031210,20140520,JORDANIAN,JOR,SYRIA,SYR,190,재래식 군사력 사용,19,4,-10.0,3,1,3,1.11731843575419,"Amman, (JO11), Jordan",JO,"Al-Hayat website, London/BBC Monitoring/(c) BBC"
20140520,298037627,20140520,TYRE,LBN,CAIRO,EGY,190,재래식 군사력 사용,19,4,-10.0,6,1,6,1.57303370786517,"Cairo, Al Qahirah, Egypt",EG,http://news.iafrica.com/worldnews/939356.html
20140520,298037721,20140520,BEIRUT,LBN,ISRAEL,ISR,190,재래식 군사력 사용,19,4,-10.0,1,1,1,4.20962199312715,"Beirut, Beyrouth, Lebanon",LE,http://www.csmonitor.com/Books/Book-Reviews/2014/0520/The-Good-Spy-by-Kai-Bird-makes-the-case-for-a-more-humane-form-of-espionage
20140520,298037722,20140520,BEIRUT,LBN,ISRAEL,ISR,190,재래식 군사력 사용,19,4,-10.0,2,1,2,4.20962199312715,Israel,IS,http://www.csmonitor.com/Books/Book-Reviews/2014/0520/The-Good-Spy-by-Kai-Bird-makes-the-case-for-a-more-humane-form-of-espionage
20140520,298037732,20140520,LEBANON,LBN,ISRAELI,ISR,154,군 병력 동원·증강,15,4,-7.2,20,1,10,3.92749244712991,Israel,IS,http://www.dailystar.com.lb/News/Lebanon-News/2014/May-20/257188-israel-mobilizes-along-lebanese-border.ashx
20140520,298037735,20140520,BEIRUT,LBN,HASSAN,JOR,190,재래식 군사력 사용,19,4,-10.0,6,1,6,4.20962199312715,"Beirut, Beyrouth, Lebanon",LE,http://www.csmonitor.com/Books/Book-Reviews/2014/0520/The-Good-Spy-by-Kai-Bird-makes-the-case-for-a-more-humane-form-of-espionage
20140520,298037793,20140520,LEBANESE,LBN,PALESTINIAN,PSE,190,재래식 군사력 사용,19,4,-10.0,1,1,1,3.71944739638682,"Beirut, Beyrouth, Lebanon",LE,http://www.zawya.com/story/Six_troubled_years_ahead_for_Lebanon-GN_20052014_210565/
20140520,298037794,20140520,LEBANESE,LBN,PALESTINIAN,PSE,190,재래식 군사력 사용,19,4,-10.0,1,1,1,3.71944739638682,"Beirut, Beyrouth, Lebanon",LE,http://www.zawya.com/story/Six_troubled_years_ahead_for_Lebanon-GN_20052014_210565/
20140520,298037882,20140520,LEBANON,LBN,SYRIAN,SYR,138,군사력 사용 위협,13,3,-7.0,6,2,6,3.11132561132561,"Baabda, Mont-Liban, Lebanon",LE,http://www.lebanonews.net/content/suleiman-warns-vengeance-scenario-does-not-regret-stance-hizbullah
20140520,298037886,20140520,LEBANON,LBN,SYRIA,SYR,190,재래식 군사력 사용,19,4,-10.0,2,1,2,1.67597765363128,Lebanon,LE,http://www.thetower.org/0361oc-top-iranian-officials-syrian-campaign-an-extension-of-irans-war-with-u-s/
20140520,298037887,20140520,LEBANON,LBN,SYRIA,SYR,190,재래식 군사력 사용,19,4,-10.0,2,1,2,1.67597765363128,Lebanon,LE,http://www.thetower.org/0361oc-top-iranian-officials-syrian-campaign-an-extension-of-irans-war-with-u-s/
20140520,298037888,20140520,BEIRUT,LBN,SYRIAN,SYR,190,재래식 군사력 사용,19,4,-10.0,58,9,58,1.43162626269325,"Bureij, ?ims, Syria",SY,http://zeenews.india.com/news/world/syrian-army-air-strike-kills-23-including-8-kids_933604.html
20140520,298037889,20140520,BEIRUT,LBN,SYRIAN,SYR,190,재래식 군사력 사용,19,4,-10.0,15,3,15,1.26853551223083,"Aleppo, ?alab, Syria",SY,http://newsinfo.inquirer.net/603829/syrian-army-missile-kills-23-including-8-kids
20140520,298037890,20140520,LEBANON,LBN,SYRIA,SYR,190,재래식 군사력 사용,19,4,-10.0,2,1,2,1.31578947368421,"Bureij, ?ims, Syria",SY,http://www.chron.com/news/world/article/Syrian-army-missile-kills-13-including-8-kids-5491256.php&c=4e_agMlKEmZNhckbRHKOfdah5Sj8x6e2B-_dZCDNXH4&mkt=en-us
20140520,298037891,20140520,LEBANON,LBN,SYRIA,SYR,190,재래식 군사력 사용,19,4,-10.0,6,1,6,1.67597765363128,Lebanon,LE,http://www.thetower.org/0361oc-top-iranian-officials-syrian-campaign-an-extension-of-irans-war-with-u-s/
20140520,298037892,20140520,LEBANON,LBN,SYRIAN,SYR,192,영토 점령,19,4,-9.5,10,1,10,0.279329608938547,Syria,SY,http://www.timesofisrael.com/un-lebanon-to-host-1-5m-syrian-refugees-by-years-end/
20140520,298037893,20140520,BEIRUT,LBN,SYRIAN,SYR,194,포병·전차를 이용한 전투,19,4,-10.0,4,1,4,0.0,"Aleppo, ?alab, Syria",SY,http://www.ndtv.com/article/world/air-strike-kills-ten-in-northern-syria-monitor-527557
20140520,298037894,20140520,BEIRUT,LBN,SYRIAN,SYR,194,포병·전차를 이용한 전투,19,4,-10.0,14,3,14,0.0,"Azaz, ?alab, Syria",SY,http://www.thenews.com.pk/article-148297-Air-strike-kills-10-in-northern-Syria
20140520,298037895,20140520,BEIRUT,LBN,SYRIA,SYR,195,공중무기 사용,19,4,-10.0,38,4,38,0.0,"Azaz, ?alab, Syria",SY,http://www.thenews.com.pk/article-148297-Air-strike-kills-10-in-northern-Syria
20140520,298037896,20140520,BEIRUT,LBN,SYRIAN,SYR,194,포병·전차를 이용한 전투,19,4,-10.0,6,1,6,0.0,"Aleppo, ?alab, Syria",SY,http://www.ndtv.com/article/world/air-strike-kills-ten-in-northern-syria-monitor-527557
20140520,298037897,20140520,BEIRUT,LBN,SYRIAN,SYR,194,포병·전차를 이용한 전투,19,4,-10.0,16,3,16,0.0,"Azaz, ?alab, Syria",SY,http://news.yahoo.com/air-strike-kills-10-northern-syria-170256265.html
20140520,298037898,20140520,LEBANON,LBN,SYRIA,SYR,194,포병·전차를 이용한 전투,19,4,-10.0,8,3,8,0.0,"Beirut, Beyrouth, Lebanon",LE,http://news.yahoo.com/air-strike-kills-10-northern-syria-170256265.html
20140520,298037899,20140520,BEIRUT,LBN,SYRIAN,SYR,195,공중무기 사용,19,4,-10.0,12,4,12,0.0,"Azaz, ?alab, Syria",SY,http://news.yahoo.com/air-strike-kills-10-northern-syria-170256265.html
20140520,298037996,20140520,LEBANON,LBN,ISRAEL,ISR,190,재래식 군사력 사용,19,4,-10.0,2,1,2,3.71944739638682,"Beirut, Beyrouth, Lebanon",LE,http://www.zawya.com/story/Six_troubled_years_ahead_for_Lebanon-GN_20052014_210565/
20140520,298038002,20140520,LEBANESE,LBN,PALESTINIAN,PSE,190,재래식 군사력 사용,19,4,-10.0,1,1,1,3.71944739638682,"Beirut, Beyrouth, Lebanon",LE,http://www.zawya.com/story/Six_troubled_years_ahead_for_Lebanon-GN_20052014_210565/
20140520,298038015,20140520,LEBANON,LBN,SAUDI ARABIA,SAU,190,재래식 군사력 사용,19,4,-10.0,2,1,2,2.4978466838932,"Arsal, Mohafazat Baalbek-Hermel, Lebanon",LE,http://www.zawya.com/story/Has_Lebanon_ended_AlQaeda_attacks-DS20052014_dsart*257054/
20140520,298058795,20140520,PALESTINIAN,PSE,ISRAEL,ISR,138,군사력 사용 위협,13,3,-7.0,2,1,2,1.82590233545648,Israel,IS,http://www.strategypage.com/qnd/iraq/articles/20140520.aspx
20140520,298058796,20140520,PALESTINIAN,PSE,ISRAEL,ISR,138,군사력 사용 위협,13,3,-7.0,2,1,2,1.82590233545648,Saudi Arabia,SA,http://www.strategypage.com/qnd/iraq/articles/20140520.aspx
20140520,298058816,20140520,PALESTINIAN,PSE,ISRAELI,ISR,190,재래식 군사력 사용,19,4,-10.0,10,2,10,0.649651972157772,"Hebron, Israel (general), Israel",IS,http://www.imemc.org/article/67869
20140520,298058817,20140520,WEST BANK,PSE,ISRAEL,ISR,190,재래식 군사력 사용,19,4,-10.0,2,1,2,0.0,"Jenin, West Bank (general), West Bank",WE,http://www.maannews.net/eng/ViewDetails.aspx?ID=698650
20140520,298058818,20140520,PALESTINIAN,PSE,ISRAEL,ISR,190,재래식 군사력 사용,19,4,-10.0,6,2,6,0.0,"Jenin, West Bank (general), West Bank",WE,"http://www.ynetnews.com/articles/0,7340,L-4521679,00.html"
20140520,298058819,20140520,PALESTINIAN,PSE,ISRAEL,ISR,190,재래식 군사력 사용,19,4,-10.0,1,1,1,2.42424242424242,"Ramallah, West Bank (general), West Bank",WE,http://electronicintifada.net/blogs/ali-abunimah/university-cincinnati-pays-presidents-propaganda-junket-israel
20140520,298058820,20140520,WEST BANK,PSE,ISRAEL,ISR,190,재래식 군사력 사용,19,4,-10.0,9,2,9,1.08275328692962,"Hebron, Israel (general), Israel",IS,http://www.imemc.org/article/67869
20140520,298058821,20140520,WEST BANK,PSE,ISRAEL,ISR,190,재래식 군사력 사용,19,4,-10.0,2,1,2,0.668896321070234,"Yatta, West Bank (general), West Bank",WE,http://www.imemc.org/article/67864
20140520,298058822,20140520,WEST BANK,PSE,ISRAEL,ISR,190,재래식 군사력 사용,19,4,-10.0,6,1,6,0.668896321070234,Israel,IS,http://www.imemc.org/article/67864
20140520,298058823,20140520,PALESTINIAN,PSE,ISRAEL,ISR,190,재래식 군사력 사용,19,4,-10.0,45,4,45,0.0800214791594101,"Jerusalem, Israel (general), Israel",IS,http://uk.reuters.com/article/2014/05/20/uk-palestinian-israel-shooting-idUKKBN0E01U320140520
20140520,298058824,20140520,PALESTINIAN,PSE,ISRAELI,ISR,190,재래식 군사력 사용,19,4,-10.0,1,1,1,0.943396226415094,"Gaza, Israel (general), Israel",IS,http://palsolidarity.org/2014/05/israeli-forces-shoot-and-kill-two-palestinian-teens-near-ramallah-2/
20140520,298058825,20140520,PALESTINIAN,PSE,ISRAEL,ISR,190,재래식 군사력 사용,19,4,-10.0,2,1,2,0.668896321070234,"Yatta, West Bank (general), West Bank",WE,http://www.imemc.org/article/67864
20140520,298058826,20140520,PALESTINIAN,PSE,ISRAELI,ISR,190,재래식 군사력 사용,19,4,-10.0,66,15,64,1.13545345322688,Israel,IS,http://humanitariannews.org/20140521/occupied-palestinian-territory-israeli-forces-shoot-kill-two-palestinian-teens-near-ramalla
20140520,298058827,20140520,PALESTINIAN,PSE,ISRAELI,ISR,190,재래식 군사력 사용,19,4,-10.0,1,1,1,4.20962199312715,"New York, United States",US,http://www.csmonitor.com/Books/Book-Reviews/2014/0520/The-Good-Spy-by-Kai-Bird-makes-the-case-for-a-more-humane-form-of-espionage
20140520,298058828,20140520,PALESTINIAN,PSE,ISRAEL,ISR,192,영토 점령,19,4,-9.5,2,1,2,1.91972076788831,"Jerusalem, Israel (general), Israel",IS,http://www.jewishpress.com/news/breaking-news/idf-forces-arrest-terror-fugitives-in-judea-samaria/2014/05/20/
20140520,298058829,20140520,WEST BANK,PSE,ISRAEL,ISR,193,소형무기·경무기를 이용한 전투,19,4,-10.0,3,2,3,0.473456613907656,"Ramallah, West Bank (general), West Bank",WE,http://hosted2.ap.org/APDEFAULT/cae69a7523db45408eeb2b3a98c0c9c5/Article_2014-05-20-Israel-Palestinians/id-daf6f022d8dd48aa9d9fb8ff9876dabb
20140520,298058830,20140520,PALESTINE,PSE,ISRAEL,ISR,193,소형무기·경무기를 이용한 전투,19,4,-10.0,1,1,1,0.943396226415094,"Gaza, Israel (general), Israel",IS,http://palsolidarity.org/2014/05/israeli-forces-shoot-and-kill-two-palestinian-teens-near-ramallah-2/
20140520,298058831,20140520,PALESTINE,PSE,ISRAEL,ISR,193,소형무기·경무기를 이용한 전투,19,4,-10.0,1,1,1,1.10236220472441,Israel,IS,http://palsolidarity.org/2014/05/israeli-forces-shoot-and-kill-two-palestinian-teens-near-ramallah/
20140520,298058832,20140520,WEST BANK,PSE,ISRAELI,ISR,193,소형무기·경무기를 이용한 전투,19,4,-10.0,67,2,32,0.627894171524741,"Jerusalem, Israel (general), Israel",IS,http://hosted2.ap.org/APDEFAULT/cae69a7523db45408eeb2b3a98c0c9c5/Article_2014-05-20-Israel-Palestinians/id-6d1a5cd9eab44b86965c12591ce7ddac
20140520,298058833,20140520,WEST BANK,PSE,ISRAEL,ISR,193,소형무기·경무기를 이용한 전투,19,4,-10.0,1,1,1,0.3584229390681,"Ramallah, West Bank (general), West Bank",WE,http://cnsnews.com/news/article/video-prompts-look-killing-palestinian-teens
20140520,298058834,20140520,PALESTINIAN,PSE,ISRAEL,ISR,193,소형무기·경무기를 이용한 전투,19,4,-10.0,55,7,42,0.339234959862038,"Jerusalem, Israel (general), Israel",IS,http://www.saudigazette.com.sa/index.cfm?method=home.regcon&contentid=20140521205857
20140520,298058835,20140520,PALESTINE,PSE,ISRAEL,ISR,193,소형무기·경무기를 이용한 전투,19,4,-10.0,1,1,1,0.943396226415094,"Gaza, Israel (general), Israel",IS,http://palsolidarity.org/2014/05/israeli-forces-shoot-and-kill-two-palestinian-teens-near-ramallah-2/
20140520,298058836,20140520,WEST BANK,PSE,ISRAEL,ISR,193,소형무기·경무기를 이용한 전투,19,4,-10.0,1,1,1,0.195503421309873,"Gaza, Israel (general), Israel",IS,"http://www.ynetnews.com/articles/0,7340,L-4521979,00.html"
20140520,298058837,20140520,WEST BANK,PSE,ISRAEL,ISR,193,소형무기·경무기를 이용한 전투,19,4,-10.0,1,1,1,0.195503421309873,"Ramallah Hospital, West Bank (general), West Bank",WE,"http://www.ynetnews.com/articles/0,7340,L-4521979,00.html"
20140520,298058838,20140520,WEST BANK,PSE,ISRAEL,ISR,193,소형무기·경무기를 이용한 전투,19,4,-10.0,2,1,2,0.527549824150059,"Washington, District of Columbia, United States",US,http://hosted2.ap.org/APDEFAULT/cae69a7523db45408eeb2b3a98c0c9c5/Article_2014-05-20-Israel-Palestinians/id-6d1a5cd9eab44b86965c12591ce7ddac
20140520,298058839,20140520,PALESTINIAN,PSE,ISRAEL,ISR,193,소형무기·경무기를 이용한 전투,19,4,-10.0,2,1,2,0.0,Israel,IS,"http://www.ynetnews.com/articles/0,7340,L-4521679,00.html"
20140520,298058840,20140520,PALESTINIAN,PSE,ISRAELI,ISR,193,소형무기·경무기를 이용한 전투,19,4,-10.0,1,1,1,0.919117647058824,"Ramallah, West Bank (general), West Bank",WE,http://mondoweiss.net/2014/05/palestinian-israeli-soldiers.html
20140520,298058841,20140520,PALESTINIAN,PSE,ISRAELI,ISR,193,소형무기·경무기를 이용한 전투,19,4,-10.0,48,19,44,0.508626124028291,Israel,IS,http://humanitariannews.org/20140521/occupied-palestinian-territory-israeli-forces-shoot-kill-two-palestinian-teens-near-ramalla
20140520,298058842,20140520,GAZA,PSE,ISRAEL,ISR,194,포병·전차를 이용한 전투,19,4,-10.0,1,1,1,2.03045685279188,"Gaza, Israel (general), Israel",IS,http://www.algemeiner.com/2014/05/20/secret-video-shows-hamas-targeting-commuter-train-line/
20140520,298058855,20140520,PALESTINIAN,PSE,ISRAEL,ISR,193,소형무기·경무기를 이용한 전투,19,4,-10.0,2,1,2,0.688468158347676,"Jerusalem, Israel (general), Israel",IS,http://hosted2.ap.org/APDEFAULT/cae69a7523db45408eeb2b3a98c0c9c5/Article_2014-05-20-ML-Israel-Palestinians/id-764c48a3d72943a1aa430f9f4c313ea2
20140520,298058856,20140520,PALESTINIAN,PSE,ISRAEL,ISR,193,소형무기·경무기를 이용한 전투,19,4,-10.0,2,1,2,0.588235294117647,Israel,IS,http://www.haaretz.com/news/diplomacy-defense/1.591855
20140520,298058857,20140520,PALESTINIAN,PSE,ISRAEL,ISR,193,소형무기·경무기를 이용한 전투,19,4,-10.0,52,13,52,0.584184388581293,"Jerusalem, Israel (general), Israel",IS,http://www.nzherald.co.nz/world/news/article.cfm?c_id=2&objectid=11258825
20140520,298058858,20140520,PALESTINIAN,PSE,ISRAEL,ISR,193,소형무기·경무기를 이용한 전투,19,4,-10.0,4,2,4,0.694117647058824,Israel,IS,http://www.staradvertiser.com/news/apnews/international/article/?ID=7015441
20140520,298058863,20140520,PALESTINIAN,PSE,ISRAEL,ISR,190,재래식 군사력 사용,19,4,-10.0,4,1,4,2.5705329153605,"Gaza, Israel (general), Israel",IS,http://mondoweiss.net/2014/05/palestinian-journalists-colleagues.html
20140520,298058864,20140520,PALESTINIAN,PSE,ISRAELI,ISR,193,소형무기·경무기를 이용한 전투,19,4,-10.0,2,1,2,0.919117647058824,"Ramallah, West Bank (general), West Bank",WE,http://mondoweiss.net/2014/05/palestinian-israeli-soldiers.html
20140520,298058865,20140520,PALESTINIAN,PSE,ISRAEL,ISR,193,소형무기·경무기를 이용한 전투,19,4,-10.0,1,1,1,0.919117647058824,Israel,IS,http://mondoweiss.net/2014/05/palestinian-israeli-soldiers.html
20140520,298058890,20140520,PALESTINIAN,PSE,JORDAN,JOR,192,영토 점령,19,4,-9.5,2,1,2,1.91972076788831,"Jerusalem, Israel (general), Israel",IS,http://www.jewishpress.com/news/breaking-news/idf-forces-arrest-terror-fugitives-in-judea-samaria/2014/05/20/
20140520,298058899,20140520,PALESTINIAN,PSE,LEBANESE,LBN,190,재래식 군사력 사용,19,4,-10.0,1,1,1,3.71944739638682,"Beirut, Beyrouth, Lebanon",LE,http://www.zawya.com/story/Six_troubled_years_ahead_for_Lebanon-GN_20052014_210565/
20140520,298058900,20140520,PALESTINIAN,PSE,LEBANESE,LBN,190,재래식 군사력 사용,19,4,-10.0,1,1,1,3.71944739638682,"Beirut, Beyrouth, Lebanon",LE,http://www.zawya.com/story/Six_troubled_years_ahead_for_Lebanon-GN_20052014_210565/
20140520,298058995,20140520,WEST BANK,PSE,ISRAEL,ISR,193,소형무기·경무기를 이용한 전투,19,4,-10.0,2,1,2,0.943396226415094,"Gaza, Israel (general), Israel",IS,http://palsolidarity.org/2014/05/israeli-forces-shoot-and-kill-two-palestinian-teens-near-ramallah-2/
20140520,298058996,20140520,WEST BANK,PSE,ISRAEL,ISR,193,소형무기·경무기를 이용한 전투,19,4,-10.0,4,2,4,0.816198770206728,Israel,IS,http://reliefweb.int/report/occupied-palestinian-territory/israeli-forces-shoot-and-kill-two-palestinian-teens-near
20140520,298059013,20140520,PALESTINIAN,PSE,ISRAEL,ISR,190,재래식 군사력 사용,19,4,-10.0,22,3,22,0.0267437304075235,"Jerusalem, Israel (general), Israel",IS,http://uk.reuters.com/article/2014/05/20/uk-palestinian-israel-shooting-idUKKBN0E01U320140520
20140520,298059014,20140520,PALESTINIAN,PSE,ISRAEL,ISR,190,재래식 군사력 사용,19,4,-10.0,16,6,16,0.39899216065943,Israel,IS,http://www.jewishjournal.com/israel/article/rights_group_says_video_shows_israel_killed_two_palestinians_unlawfully/RK=0
20140520,298059042,20140520,PALESTINIAN,PSE,ISRAEL,ISR,190,재래식 군사력 사용,19,4,-10.0,2,1,2,0.0,Israel,IS,http://www.themalaysianinsider.com/world/article/rights-group-says-video-shows-israel-killed-2-palestinians-unlawfully
20140520,298059079,20140520,HAMAS,PSE,ISRAEL,ISR,154,군 병력 동원·증강,15,4,-7.2,4,1,4,2.710027100271,"Gaza, Israel (general), Israel",IS,http://www.greenfieldreporter.com/view/story/2d874cd07fa646448335747ee386f4ed/ML--Palestinians-Unity-Q-and-A
20140520,298059081,20140520,HAMAS,PSE,ISRAEL,ISR,194,포병·전차를 이용한 전투,19,4,-10.0,10,1,10,1.70316301703163,"Jerusalem, Israel (general), Israel",IS,http://www.timesofisrael.com/in-the-chief-of-staffs-warnings-bitter-memories-of-2006/
20140520,298059096,20140520,HAMAS,PSE,ISRAELI,ISR,190,재래식 군사력 사용,19,4,-10.0,10,1,10,2.710027100271,"Gaza, Israel (general), Israel",IS,http://www.greenfieldreporter.com/view/story/2d874cd07fa646448335747ee386f4ed/ML--Palestinians-Unity-Q-and-A
20140520,298059105,20140520,PALESTINIAN,PSE,LEBANESE,LBN,190,재래식 군사력 사용,19,4,-10.0,1,1,1,3.71944739638682,"Beirut, Beyrouth, Lebanon",LE,http://www.zawya.com/story/Six_troubled_years_ahead_for_Lebanon-GN_20052014_210565/
20140520,298059782,20140520,AL JAZEERA,QAT,YEMEN,YEM,190,재래식 군사력 사용,19,4,-10.0,10,1,10,2.03252032520325,"Shabwa, La?ij, Yemen",YM,"Yemen Times website, Sanaa/BBC Monitoring/(c) BBC"
20140520,298064676,20140520,SAUDI ARABIA,SAU,BAHRAIN,BHR,190,재래식 군사력 사용,19,4,-10.0,6,1,6,2.90909090909091,"Riyadh, Ar Riya?, Saudi Arabia",SA,http://www.thenational.ae/world/middle-east/emirs-visit-a-new-page-in-kuwait-iran-relations
20140520,298064677,20140520,SAUDI ARABIA,SAU,BAHRAIN,BHR,190,재래식 군사력 사용,19,4,-10.0,2,1,2,2.90909090909091,"Tehran, Tehran, Iran",IR,http://www.thenational.ae/world/middle-east/emirs-visit-a-new-page-in-kuwait-iran-relations
20140520,298064678,20140520,SAUDI ARABIA,SAU,BAHRAIN,BHR,190,재래식 군사력 사용,19,4,-10.0,2,1,2,2.90909090909091,"Riyadh, Ar Riya?, Saudi Arabia",SA,http://www.thenational.ae/world/middle-east/emirs-visit-a-new-page-in-kuwait-iran-relations
20140520,298064827,20140520,SAUDI ARABIA,SAU,ISRAEL,ISR,138,군사력 사용 위협,13,3,-7.0,6,1,6,1.82590233545648,Israel,IS,http://www.strategypage.com/qnd/iraq/articles/20140520.aspx
20140520,298064828,20140520,SAUDI,SAU,ISRAEL,ISR,138,군사력 사용 위협,13,3,-7.0,2,1,2,1.82590233545648,Saudi Arabia,SA,http://www.strategypage.com/qnd/iraq/articles/20140520.aspx
20140520,298064956,20140520,SAUDI,SAU,PALESTINIAN,PSE,138,군사력 사용 위협,13,3,-7.0,2,1,2,1.82590233545648,Israel,IS,http://www.strategypage.com/qnd/iraq/articles/20140520.aspx
20140520,298065043,20140520,SAUDI ARABIA,SAU,YEMEN,YEM,190,재래식 군사력 사용,19,4,-10.0,6,1,6,2.90909090909091,"Riyadh, Ar Riya?, Saudi Arabia",SA,http://www.thenational.ae/world/middle-east/emirs-visit-a-new-page-in-kuwait-iran-relations
20140520,298065044,20140520,SAUDI ARABIA,SAU,YEMEN,YEM,190,재래식 군사력 사용,19,4,-10.0,2,1,2,2.90909090909091,"Tehran, Tehran, Iran",IR,http://www.thenational.ae/world/middle-east/emirs-visit-a-new-page-in-kuwait-iran-relations
20140520,298065045,20140520,SAUDI ARABIA,SAU,YEMEN,YEM,190,재래식 군사력 사용,19,4,-10.0,2,1,2,2.90909090909091,"Riyadh, Ar Riya?, Saudi Arabia",SA,http://www.thenational.ae/world/middle-east/emirs-visit-a-new-page-in-kuwait-iran-relations
20140520,298065169,20140520,ABDULLAH,SAU,SYRIA,SYR,190,재래식 군사력 사용,19,4,-10.0,2,1,2,1.70575692963753,Syria,SY,http://www.bbc.co.uk/news/uk-england-sussex-27487245
20140520,298067468,20140520,SYRIA,SYR,IRAQ,IRQ,192,영토 점령,19,4,-9.5,2,1,2,2.36220472440945,"Anbar, Al Anbar, Iraq",IZ,http://www.bignewsnetwork.com/index.php/sid/222128739/scat/b8de8e630faf3631/ht/Iraqi-PM-Maliki-set-for-third-term
20140520,298067469,20140520,SYRIA,SYR,IRAQ,IRQ,192,영토 점령,19,4,-9.5,4,2,4,2.3028972339996,Syria,SY,http://www.bignewsnetwork.com/index.php/sid/222128739/scat/b8de8e630faf3631/ht/Iraqi-PM-Maliki-set-for-third-term
20140520,298067470,20140520,SYRIA,SYR,IRAQ,IRQ,192,영토 점령,19,4,-9.5,2,1,2,2.24358974358974,"Falluja, Al Anbar, Iraq",IZ,http://www.malaysiasun.com/index.php/sid/222128739/scat/b8de8e630faf3631/ht/Maliki-bags-most-seats-set-for-third-term-as-Iraqi-PM
20140520,298067471,20140520,SYRIA,SYR,IRAQ,IRQ,192,영토 점령,19,4,-9.5,8,2,8,2.30289723399959,Syria,SY,http://www.bignewsnetwork.com/index.php/sid/222128739/scat/b8de8e630faf3631/ht/Iraqi-PM-Maliki-set-for-third-term
20140520,298067479,20140520,SYRIA,SYR,ISRAEL,ISR,190,재래식 군사력 사용,19,4,-10.0,6,1,6,0.691244239631336,"Damascus, Dimashq, Syria",SY,http://www.allvoices.com/contributed-news/17113140-syria-death-toll-exceeds-162000---ngo-report
20140520,298067498,20140520,SYRIA,SYR,JORDANIAN,JOR,190,재래식 군사력 사용,19,4,-10.0,2,1,2,0.622406639004149,"Quneitra, Al Qunaytirah, Syria",SY,http://www.debka.com/article/23932/Jordan-army%e2%80%99s-2nd-Mechanized-Division-is-deployed-along-Syrian-border-army-leaves-cut/RK=0
20140520,298067499,20140520,SYRIA,SYR,JORDANIAN,JOR,190,재래식 군사력 사용,19,4,-10.0,4,1,4,1.11731843575419,"Al-Hayat, As Suwayda', Syria",SY,"Al-Hayat website, London/BBC Monitoring/(c) BBC"
20140520,298067500,20140520,SYRIAN,SYR,JORDAN,JOR,190,재래식 군사력 사용,19,4,-10.0,2,1,2,4.70588235294118,Syria,SY,http://www.thetimes.co.uk/tto/news/world/middleeast/article4095465.ece
20140520,298067501,20140520,SYRIAN,SYR,JORDANIAN,JOR,190,재래식 군사력 사용,19,4,-10.0,2,1,2,4.70588235294118,United States,US,http://www.thetimes.co.uk/tto/news/world/middleeast/article4095465.ece
20140520,298067504,20140520,SYRIAN,SYR,JORDANIAN,JOR,190,재래식 군사력 사용,19,4,-10.0,3,1,3,0.622406639004149,"Quneitra, Al Qunaytirah, Syria",SY,http://www.debka.com/article/23932/Jordan-army%e2%80%99s-2nd-Mechanized-Division-is-deployed-along-Syrian-border-army-leaves-cut/RK=0
20140520,298067505,20140520,SYRIA,SYR,JORDANIAN,JOR,190,재래식 군사력 사용,19,4,-10.0,2,1,2,1.11731843575419,"Al-Hayat, As Suwayda', Syria",SY,"Al-Hayat website, London/BBC Monitoring/(c) BBC"
20140520,298067506,20140520,SYRIA,SYR,JORDAN,JOR,190,재래식 군사력 사용,19,4,-10.0,1,1,1,1.11731843575419,"Amman, (JO11), Jordan",JO,"Al-Hayat website, London/BBC Monitoring/(c) BBC"
20140520,298067539,20140520,SYRIAN,SYR,LEBANON,LBN,138,군사력 사용 위협,13,3,-7.0,2,2,2,3.11132561132561,"Baabda, Mont-Liban, Lebanon",LE,http://www.lebanonews.net/content/suleiman-warns-vengeance-scenario-does-not-regret-stance-hizbullah
20140520,298067540,20140520,SYRIAN,SYR,LEBANON,LBN,138,군사력 사용 위협,13,3,-7.0,2,2,2,3.11132561132561,Syria,SY,http://www.lebanonews.net/content/suleiman-warns-vengeance-scenario-does-not-regret-stance-hizbullah
20140520,298067542,20140520,SYRIA,SYR,LEBANON,LBN,190,재래식 군사력 사용,19,4,-10.0,2,1,2,1.67597765363128,United States,US,http://www.thetower.org/0361oc-top-iranian-officials-syrian-campaign-an-extension-of-irans-war-with-u-s/
20140520,298067543,20140520,SYRIA,SYR,LEBANON,LBN,190,재래식 군사력 사용,19,4,-10.0,8,1,8,1.67597765363128,United States,US,http://www.thetower.org/0361oc-top-iranian-officials-syrian-campaign-an-extension-of-irans-war-with-u-s/
20140520,298067544,20140520,SYRIAN,SYR,LEBANON,LBN,192,영토 점령,19,4,-9.5,2,2,2,1.42930524439604,Syria,SY,http://www.naharnet.com/stories/en/131309-u-n-lebanon-will-have-1-5m-refugees-by-year-s-end
20140520,298067545,20140520,SYRIAN,SYR,LEBANON,LBN,192,영토 점령,19,4,-9.5,2,2,2,1.42930524439604,"Bekaa Valley, Béa, Lebanon",LE,http://www.naharnet.com/stories/en/131309-u-n-lebanon-will-have-1-5m-refugees-by-year-s-end
20140520,298067546,20140520,SYRIAN,SYR,LEBANON,LBN,192,영토 점령,19,4,-9.5,12,2,12,1.42930524439604,Syria,SY,http://www.naharnet.com/stories/en/131309-u-n-lebanon-will-have-1-5m-refugees-by-year-s-end
20140520,298067623,20140520,SYRIA,SYR,PALESTINIAN,PSE,190,재래식 군사력 사용,19,4,-10.0,2,1,2,0.691244239631336,"Damascus, Dimashq, Syria",SY,http://www.allvoices.com/contributed-news/17113140-syria-death-toll-exceeds-162000---ngo-report
20140520,298067718,20140520,ALEPPO,SYR,TURKEY,TUR,195,공중무기 사용,19,4,-10.0,5,1,5,0.674157303370786,"Azaz, ?alab, Syria",SY,http://www.bbc.co.uk/news/world-middle-east-27488133
20140520,298067808,20140520,SYRIAN,SYR,JORDANIAN,JOR,190,재래식 군사력 사용,19,4,-10.0,6,1,6,4.70588235294118,United States,US,http://www.thetimes.co.uk/tto/news/world/middleeast/article4095465.ece
20140520,298067810,20140520,SYRIAN,SYR,LEBANON,LBN,138,군사력 사용 위협,13,3,-7.0,8,2,8,3.11132561132561,"Baabda, Mont-Liban, Lebanon",LE,http://www.lebanonews.net/content/suleiman-warns-vengeance-scenario-does-not-regret-stance-hizbullah
20140520,298067811,20140520,SYRIA,SYR,LEBANON,LBN,138,군사력 사용 위협,13,3,-7.0,2,2,2,3.11132561132561,Syria,SY,http://www.lebanonews.net/content/suleiman-warns-vengeance-scenario-does-not-regret-stance-hizbullah
20140520,298069753,20140520,TURKEY,TUR,ALEPPO,SYR,193,소형무기·경무기를 이용한 전투,19,4,-10.0,5,1,5,0.674157303370786,"Azaz, ?alab, Syria",SY,http://www.bbc.co.uk/news/world-middle-east-27488133
20140520,298069967,20140520,TURKEY,TUR,ISRAEL,ISR,190,재래식 군사력 사용,19,4,-10.0,6,1,6,1.99335548172757,"Gaza, Israel (general), Israel",IS,http://en.trend.az/regions/met/arabicr/2275919.html
20140520,298069968,20140520,TURKEY,TUR,ISRAEL,ISR,190,재래식 군사력 사용,19,4,-10.0,4,2,4,1.73977752854956,"Gaza, Israel (general), Israel",IS,http://www.worldbulletin.net/haberler/136740/mavi-marmara-victims-wont-be-forgotten-haniyeh
20140520,298069969,20140520,TURKISH,TUR,ISRAEL,ISR,190,재래식 군사력 사용,19,4,-10.0,4,2,4,1.73977752854956,Turkey,TU,http://www.worldbulletin.net/haberler/136740/mavi-marmara-victims-wont-be-forgotten-haniyeh
20140520,298069970,20140520,TURKEY,TUR,ISRAEL,ISR,190,재래식 군사력 사용,19,4,-10.0,6,1,6,1.48619957537155,United Kingdom,UK,http://www.worldbulletin.net/haberler/136740/mavi-marmara-victims-wont-be-forgotten-haniyeh
20140520,298100361,20140520,YEMEN,YEM,IRAN,IRN,190,재래식 군사력 사용,19,4,-10.0,2,1,2,2.90909090909091,"Tehran, Tehran, Iran",IR,http://www.thenational.ae/world/middle-east/emirs-visit-a-new-page-in-kuwait-iran-relations
20140520,298100362,20140520,YEMEN,YEM,IRAN,IRN,190,재래식 군사력 사용,19,4,-10.0,2,1,2,2.90909090909091,"Riyadh, Ar Riya?, Saudi Arabia",SA,http://www.thenational.ae/world/middle-east/emirs-visit-a-new-page-in-kuwait-iran-relations
20140520,298100363,20140520,YEMEN,YEM,IRAN,IRN,190,재래식 군사력 사용,19,4,-10.0,6,1,6,2.90909090909091,"Riyadh, Ar Riya?, Saudi Arabia",SA,http://www.thenational.ae/world/middle-east/emirs-visit-a-new-page-in-kuwait-iran-relations
20140520,298100365,20140520,YEMENI,YEM,ISRAEL,ISR,138,군사력 사용 위협,13,3,-7.0,2,1,2,1.82590233545648,Saudi Arabia,SA,http://www.strategypage.com/qnd/iraq/articles/20140520.aspx
20140520,298100366,20140520,YEMEN,YEM,ISRAEL,ISR,138,군사력 사용 위협,13,3,-7.0,6,1,6,1.82590233545648,Israel,IS,http://www.strategypage.com/qnd/iraq/articles/20140520.aspx
20140520,298100367,20140520,YEMEN,YEM,ISRAEL,ISR,190,재래식 군사력 사용,19,4,-10.0,10,1,10,0.0,Israel,IS,"http://www.ynetnews.com/articles/0,7340,L-4521961,00.html"
20140520,298100396,20140520,YEMENI,YEM,PALESTINIAN,PSE,138,군사력 사용 위협,13,3,-7.0,2,1,2,1.82590233545648,Israel,IS,http://www.strategypage.com/qnd/iraq/articles/20140520.aspx
20140520,298100403,20140520,YEMEN,YEM,AL JAZEERA,QAT,190,재래식 군사력 사용,19,4,-10.0,10,1,10,2.03252032520325,"Shabwa, La?ij, Yemen",YM,"Yemen Times website, Sanaa/BBC Monitoring/(c) BBC"
20140520,298100410,20140520,YEMEN,YEM,SAUDI ARABIA,SAU,190,재래식 군사력 사용,19,4,-10.0,2,1,2,2.90909090909091,"Tehran, Tehran, Iran",IR,http://www.thenational.ae/world/middle-east/emirs-visit-a-new-page-in-kuwait-iran-relations
20140520,298100411,20140520,YEMEN,YEM,SAUDI ARABIA,SAU,190,재래식 군사력 사용,19,4,-10.0,2,1,2,2.90909090909091,"Riyadh, Ar Riya?, Saudi Arabia",SA,http://www.thenational.ae/world/middle-east/emirs-visit-a-new-page-in-kuwait-iran-relations
20140520,298100412,20140520,YEMEN,YEM,SAUDI ARABIA,SAU,190,재래식 군사력 사용,19,4,-10.0,6,1,6,2.90909090909091,"Riyadh, Ar Riya?, Saudi Arabia",SA,http://www.thenational.ae/world/middle-east/emirs-visit-a-new-page-in-kuwait-iran-relations
20140520,298100524,20140520,SANA,YEM,HASSAN,JOR,190,재래식 군사력 사용,19,4,-10.0,32,7,32,0.0,"Aleppo, ?alab, Syria",SY,http://en.trend.az/regions/met/arabicr/2276372.html
20140520,298100525,20140520,SANA,YEM,HASSAN,JOR,190,재래식 군사력 사용,19,4,-10.0,16,7,16,0.0,"Aleppo, ?alab, Syria",SY,http://en.trend.az/regions/met/arabicr/2276372.html
20140520,298100526,20140520,SANA,YEM,SYRIA,SYR,190,재래식 군사력 사용,19,4,-10.0,24,7,24,0.0,"Aleppo, ?alab, Syria",SY,http://en.trend.az/regions/met/arabicr/2276372.html
20140520,298100527,20140520,SANA,YEM,SYRIA,SYR,190,재래식 군사력 사용,19,4,-10.0,8,7,8,0.0,"Aleppo, ?alab, Syria",SY,http://en.trend.az/regions/met/arabicr/2276372.html
20140521,298128518,20140521,BAHRAIN,BHR,SAUDI ARABIA,SAU,190,재래식 군사력 사용,19,4,-10.0,2,1,2,6.76328502415459,Saudi Arabia,SA,http://www.bna.bh/portal/en/news/618912
20140521,298128519,20140521,BAHRAIN,BHR,SAUDI ARABIA,SAU,190,재래식 군사력 사용,19,4,-10.0,8,1,8,6.76328502415459,"Geneva, Genè, Switzerland",SZ,http://www.bna.bh/portal/en/news/618912
20140521,298155003,20140521,EGYPTIAN,EGY,ISRAEL,ISR,190,재래식 군사력 사용,19,4,-10.0,8,1,8,0.0,"Cairo, Al Qahirah, Egypt",EG,"http://www.ynetnews.com/articles/0,7340,L-4522379,00.html"
20140521,298155004,20140521,EGYPTIAN,EGY,ISRAEL,ISR,190,재래식 군사력 사용,19,4,-10.0,8,1,8,0.99009900990099,Egypt,EG,http://www.jpost.com/Breaking-News/One-killed-six-wounded-in-bomb-attack-on-Egyptian-security-vehicle-352987
20140521,298155005,20140521,EGYPTIAN,EGY,ISRAEL,ISR,194,포병·전차를 이용한 전투,19,4,-10.0,8,1,8,0.0,"Cairo, Al Qahirah, Egypt",EG,"http://www.ynetnews.com/articles/0,7340,L-4522379,00.html"
20140521,298155006,20140521,EGYPTIAN,EGY,ISRAEL,ISR,194,포병·전차를 이용한 전투,19,4,-10.0,8,1,8,0.99009900990099,Egypt,EG,http://www.jpost.com/Breaking-News/One-killed-six-wounded-in-bomb-attack-on-Egyptian-security-vehicle-352987
20140521,298155033,20140521,EGYPT,EGY,LEBANON,LBN,193,소형무기·경무기를 이용한 전투,19,4,-10.0,2,1,2,1.44927536231884,"Ketermaya, Mont-Liban, Lebanon",LE,http://theamericanmuslim.org/tam.php/features/articles/jews-news-spreads-false-story-about-lynched-mutilated-corpse/0020183
20140521,298155034,20140521,EGYPT,EGY,LEBANON,LBN,193,소형무기·경무기를 이용한 전투,19,4,-10.0,6,1,6,1.44927536231884,"Ketermaya, Mont-Liban, Lebanon",LE,http://theamericanmuslim.org/tam.php/features/articles/jews-news-spreads-false-story-about-lynched-mutilated-corpse/0020183
20140521,298177808,20140521,IRANIAN,IRN,ISRAEL,ISR,138,군사력 사용 위협,13,3,-7.0,4,1,4,2.33160621761658,"Jerusalem, Israel (general), Israel",IS,http://www.thetower.org/0366-senior-defense-ministry-official-iran-nuclear-threat-storm-on-horizon/
20140521,298178223,20140521,IRANIAN,IRN,ISRAEL,ISR,138,군사력 사용 위협,13,3,-7.0,6,1,6,2.33160621761658,Iran,IR,http://www.thetower.org/0366-senior-defense-ministry-official-iran-nuclear-threat-storm-on-horizon/
20140521,298178337,20140521,IRAN,IRN,BEIRUT,LBN,190,재래식 군사력 사용,19,4,-10.0,2,1,2,5.16666666666667,"Beirut, Beyrouth, Lebanon",LE,http://www.dailystar.com.lb/News/Lebanon-News/2014/May-22/257356-new-iran-envoy-eager-to-boost-bilateral-ties.ashx
20140521,298178338,20140521,IRAN,IRN,BEIRUT,LBN,190,재래식 군사력 사용,19,4,-10.0,8,1,8,5.16666666666667,"Tehran, Tehran, Iran",IR,http://www.dailystar.com.lb/News/Lebanon-News/2014/May-22/257356-new-iran-envoy-eager-to-boost-bilateral-ties.ashx
20140521,298178647,20140521,IRAQ,IRQ,QATAR,QAT,190,재래식 군사력 사용,19,4,-10.0,10,1,10,0.0,"Baghdad, Baghdad, Iraq",IZ,http://thepeninsulaqatar.com/news/middle-east/284652/11-soldiers-killed-in-iraq-attacks
20140521,298179238,20140521,ISRAEL,ISR,EGYPT,EGY,190,재래식 군사력 사용,19,4,-10.0,2,1,2,1.94174757281553,"Cairo, Al Qahirah, Egypt",EG,http://www.dailystar.com.lb/News/Middle-East/2014/May-21/257352-one-killed-six-wounded-in-bomb-attack-on-egyptian-security-vehicle.ashx
20140521,298179239,20140521,ISRAEL,ISR,EGYPT,EGY,190,재래식 군사력 사용,19,4,-10.0,5,1,5,1.94174757281553,"Nile Delta, Egypt (general), Egypt",EG,http://www.dailystar.com.lb/News/Middle-East/2014/May-21/257352-one-killed-six-wounded-in-bomb-attack-on-egyptian-security-vehicle.ashx
20140521,298179240,20140521,ISRAEL,ISR,EGYPT,EGY,190,재래식 군사력 사용,19,4,-10.0,2,1,2,0.99009900990099,Egypt,EG,http://www.jpost.com/Breaking-News/One-killed-six-wounded-in-bomb-attack-on-Egyptian-security-vehicle-352987
20140521,298179241,20140521,ISRAEL,ISR,EGYPT,EGY,190,재래식 군사력 사용,19,4,-10.0,15,2,11,1.29449838187702,"Cairo, Al Qahirah, Egypt",EG,http://www.dailystar.com.lb/News/Middle-East/2014/May-21/257352-one-killed-six-wounded-in-bomb-attack-on-egyptian-security-vehicle.ashx
20140521,298179242,20140521,ISRAEL,ISR,EGYPT,EGY,190,재래식 군사력 사용,19,4,-10.0,5,1,5,0.99009900990099,Egypt,EG,http://www.jpost.com/Breaking-News/One-killed-six-wounded-in-bomb-attack-on-Egyptian-security-vehicle-352987
20140521,298179366,20140521,ISRAELI,ISR,IRANIAN,IRN,190,재래식 군사력 사용,19,4,-10.0,6,1,6,1.39664804469274,"Bushehr, Bushehr, Iran",IR,http://www.conservativehome.com/platform/2014/05/olivier-guitta.html
20140521,298179367,20140521,ISRAEL,ISR,IRANIAN,IRN,190,재래식 군사력 사용,19,4,-10.0,1,1,1,1.39664804469274,"Bushehr, Bushehr, Iran",IR,http://www.conservativehome.com/platform/2014/05/olivier-guitta.html
20140521,298179368,20140521,ISRAEL,ISR,IRANIAN,IRN,190,재래식 군사력 사용,19,4,-10.0,1,1,1,1.39664804469274,Israel,IS,http://www.conservativehome.com/platform/2014/05/olivier-guitta.html
20140521,298179558,20140521,ISRAELI,ISR,LEBANESE,LBN,192,영토 점령,19,4,-9.5,1,1,1,1.71673819742489,"Arqoub, Liban-Sud, Lebanon",LE,http://www.lebanonews.net/content/israel-kick-starts-road-rehabilitation-along-border-lebanon
20140521,298179559,20140521,ISRAELI,ISR,LEBANESE,LBN,192,영토 점령,19,4,-9.5,1,1,1,1.71673819742489,"Arqoub, Liban-Sud, Lebanon",LE,http://www.lebanonews.net/content/israel-kick-starts-road-rehabilitation-along-border-lebanon
20140521,298179560,20140521,ISRAELI,ISR,LEBANESE,LBN,192,영토 점령,19,4,-9.5,1,1,1,2.07667731629393,Saudi Arabia,SA,http://www.naharnet.com/stories/en/131508-israel-kick-starts-road-rehabilitation-along-border-with-lebanon
20140521,298179561,20140521,ISRAELI,ISR,LEBANESE,LBN,192,영토 점령,19,4,-9.5,1,1,1,2.07667731629393,Syria,SY,http://www.naharnet.com/stories/en/131508-israel-kick-starts-road-rehabilitation-along-border-with-lebanon
20140521,298179562,20140521,ISRAELI,ISR,LEBANESE,LBN,193,소형무기·경무기를 이용한 전투,19,4,-10.0,2,1,2,1.38504155124654,"Bayka, Zabaykal'skiy Kray, Russia",RS,http://www.naharnet.com/stories/en/131605-israeli-troops-point-guns-at-lebanese-army-border-post
20140521,298179563,20140521,ISRAELI,ISR,LEBANESE,LBN,193,소형무기·경무기를 이용한 전투,19,4,-10.0,2,1,2,1.38504155124654,"Kfarshouba, Nabatî, Lebanon",LE,http://www.naharnet.com/stories/en/131605-israeli-troops-point-guns-at-lebanese-army-border-post
20140521,298179564,20140521,ISRAELI,ISR,LEBANESE,LBN,193,소형무기·경무기를 이용한 전투,19,4,-10.0,6,1,6,1.38504155124654,"Kfarshouba, Nabatî, Lebanon",LE,http://www.naharnet.com/stories/en/131605-israeli-troops-point-guns-at-lebanese-army-border-post
20140521,298179810,20140521,ISRAELI,ISR,PALESTINIAN,PSE,163,금수·보이콧·제재 부과,16,4,-8.0,2,1,2,5.0561797752809,Israel,IS,"Ma'an News Agency website, Bethlehem/BBC Monitoring/(c) BBC"
20140521,298179824,20140521,JERUSALEM,ISR,PALESTINIAN,PSE,190,재래식 군사력 사용,19,4,-10.0,15,3,15,0.039273441335297,"Jerusalem, Israel (general), Israel",IS,"Al-Aqsa Satellite TV, Gaza/BBC Monitoring/(c) BBC"
20140521,298179825,20140521,ISRAEL,ISR,PALESTINE,PSE,190,재래식 군사력 사용,19,4,-10.0,2,1,2,2.57558790593505,"Jerusalem, Israel (general), Israel",IS,http://www.algemeiner.com/2014/05/21/how-unrwa-perpetuates-the-palestinian-crisis-review/
20140521,298179826,20140521,ISRAEL,ISR,PALESTINIAN,PSE,190,재래식 군사력 사용,19,4,-10.0,33,12,32,1.6116829573975,"Gaza, Israel (general), Israel",IS,http://electronicintifada.net/blogs/ali-abunimah/us-complicit-israels-videotaped-murder-palestinian-boys
20140521,298179827,20140521,ISRAELI,ISR,GAZA,PSE,190,재래식 군사력 사용,19,4,-10.0,2,1,2,0.0,"Gaza, Israel (general), Israel",IS,http://www.maannews.net/eng/ViewDetails.aspx?ID=699013
20140521,298179828,20140521,ISRAELI,ISR,PALESTINIAN,PSE,190,재래식 군사력 사용,19,4,-10.0,1,1,1,2.11161387631976,"Gaza, Israel (general), Israel",IS,http://www.usnews.com/news/world/articles/2014/05/21/family-of-slain-us-activist-appeals-israel-verdict
20140521,298179829,20140521,ISRAELI,ISR,PALESTINIAN,PSE,190,재래식 군사력 사용,19,4,-10.0,2,1,2,1.56695156695157,"Ben Gurion, HaMerkaz, Israel",IS,"http://en.rsf.org/palestine-israeli-army-issues-raid-threat-to-19-05-2014,46296.html"
20140521,298179830,20140521,ISRAELI,ISR,PALESTINIAN,PSE,190,재래식 군사력 사용,19,4,-10.0,1,1,1,0.704225352112676,"Ramallah, West Bank (general), West Bank",WE,http://www.presstv.ir/detail/2014/05/22/363645/anger-grows-over-palestine-teens-deaths/
20140521,298179831,20140521,ISRAELI,ISR,PALESTINIAN,PSE,190,재래식 군사력 사용,19,4,-10.0,20,7,16,1.09249403129734,Israel,IS,http://sabbah.biz/mt/archives/2014/05/21/video-palestinians-shot-dead-nakba-day-no-threat-israeli/
20140521,298179832,20140521,ISRAELI,ISR,PALESTINIAN,PSE,193,소형무기·경무기를 이용한 전투,19,4,-10.0,11,3,11,1.54398489385406,"Hebron, Israel (general), Israel",IS,http://www.commondreams.org/view/2014/05/21-7&c=GCDjNEytnPwfBEUkn3MvERLzq_iE-J3Ay1XWnti1QmY&mkt=en-us
20140521,298179833,20140521,ISRAELI,ISR,WEST BANK,PSE,193,소형무기·경무기를 이용한 전투,19,4,-10.0,2,1,2,0.484261501210654,"Jalazoun, West Bank (general), West Bank",WE,http://sabbah.biz/mt/archives/2014/05/21/video-palestinians-shot-dead-nakba-day-no-threat-israeli/
20140521,298179834,20140521,ISRAEL,ISR,WEST BANK,PSE,193,소형무기·경무기를 이용한 전투,19,4,-10.0,8,1,4,0.527859237536657,"Jerusalem, Israel (general), Israel",IS,http://hosted2.ap.org/APDEFAULT/cae69a7523db45408eeb2b3a98c0c9c5/Article_2014-05-20-Israel-Palestinians/id-10e03abdc10b445ba3fe943bb3df99f9
20140521,298179835,20140521,ISRAEL,ISR,PALESTINIAN,PSE,193,소형무기·경무기를 이용한 전투,19,4,-10.0,26,4,24,0.314696811159477,"Jerusalem, Israel (general), Israel",IS,http://www.newspakistan.pk/2014/05/22/video-shows-shooting-deaths-palestinians-west-bank/
20140521,298179836,20140521,ISRAELI,ISR,PALESTINIAN,PSE,193,소형무기·경무기를 이용한 전투,19,4,-10.0,10,1,10,0.589101620029455,Micronesia,FM,http://www.dailystar.com.lb/News/Middle-East/2014/May-21/257269-israeli-fm-rejects-criticism-over-shot-palestinians.ashx
20140521,298179837,20140521,ISRAEL,ISR,PALESTINIAN,PSE,193,소형무기·경무기를 이용한 전투,19,4,-10.0,3,2,3,0.487125956854557,"Gaza, Israel (general), Israel",IS,http://www.countercurrents.org/abunimah210514.htm
20140521,298179838,20140521,ISRAELI,ISR,WEST BANK,PSE,193,소형무기·경무기를 이용한 전투,19,4,-10.0,6,1,6,0.484261501210654,"Ramallah, West Bank (general), West Bank",WE,http://sabbah.biz/mt/archives/2014/05/21/video-palestinians-shot-dead-nakba-day-no-threat-israeli/
20140521,298179839,20140521,ISRAELI,ISR,WEST BANK,PSE,193,소형무기·경무기를 이용한 전투,19,4,-10.0,2,1,2,0.484261501210654,Israel,IS,http://sabbah.biz/mt/archives/2014/05/21/video-palestinians-shot-dead-nakba-day-no-threat-israeli/
20140521,298179840,20140521,ISRAELI,ISR,PALESTINIAN,PSE,193,소형무기·경무기를 이용한 전투,19,4,-10.0,12,2,12,0.209023686794305,Micronesia,FM,http://english.ahram.org.eg/NewsContent/2/8/101883/World/Region/Israeli-FM-rejects-criticism-over-shot-Palestinian.aspx
20140521,298179841,20140521,ISRAELI,ISR,PALESTINIAN,PSE,193,소형무기·경무기를 이용한 전투,19,4,-10.0,10,2,10,0.178571428571429,Micronesia,FM,http://en.trend.az/news/arisc/2276706.html
20140521,298179842,20140521,ISRAELI,ISR,PALESTINIAN,PSE,193,소형무기·경무기를 이용한 전투,19,4,-10.0,35,6,35,0.321224327140482,Israel,IS,http://www.globalpost.com/dispatch/news/afp/140521/israeli-fm-rejects-criticism-over-shot-palestinians
20140521,298179844,20140521,ISRAELI,ISR,GAZA,PSE,193,소형무기·경무기를 이용한 전투,19,4,-10.0,2,1,2,0.0,"Gaza, Israel (general), Israel",IS,http://english.al-akhbar.com/content/israeli-forces-shoot-gaza-farmer-destroy-fields?utm_source=feedburner&utm_medium=feed&utm_campaign=Feed%3A+AlAkhbarEnglish+%28Al+Akhbar+English%29
20140521,298179861,20140521,ISRAELI,ISR,PALESTINIAN,PSE,163,금수·보이콧·제재 부과,16,4,-8.0,2,1,2,5.0561797752809,Israel,IS,"Ma'an News Agency website, Bethlehem/BBC Monitoring/(c) BBC"
20140521,298179887,20140521,ISRAELI,ISR,PALESTINIAN,PSE,190,재래식 군사력 사용,19,4,-10.0,8,1,6,0.0,"Gaza, Israel (general), Israel",IS,http://www.maannews.net/eng/ViewDetails.aspx?ID=698924
20140521,298180258,20140521,ISRAEL,ISR,PALESTINIAN,PSE,190,재래식 군사력 사용,19,4,-10.0,4,1,4,1.58730158730159,"Jerusalem, Israel (general), Israel",IS,Multiple Sources/BBC Monitoring/(c) BBC
20140521,298180340,20140521,ISRAELI,ISR,PALESTINIAN,PSE,190,재래식 군사력 사용,19,4,-10.0,2,1,2,4.21052631578947,"Gaza, Israel (general), Israel",IS,http://www.jns.org/news-briefs/2014/5/21/pro-palestinian-activist-corries-family-takes-legal-battle-to-israeli-supreme-court
20140521,298180405,20140521,ISRAELI,ISR,LEBANESE,LBN,192,영토 점령,19,4,-9.5,3,1,3,1.71673819742489,"Arqoub, Liban-Sud, Lebanon",LE,http://www.lebanonews.net/content/israel-kick-starts-road-rehabilitation-along-border-lebanon
20140521,298180406,20140521,ISRAELI,ISR,LEBANESE,LBN,192,영토 점령,19,4,-9.5,2,1,2,2.07667731629393,Saudi Arabia,SA,http://www.naharnet.com/stories/en/131508-israel-kick-starts-road-rehabilitation-along-border-with-lebanon
20140521,298180407,20140521,ISRAEL,ISR,LEBANON,LBN,192,영토 점령,19,4,-9.5,1,1,1,2.07667731629393,Saudi Arabia,SA,http://www.naharnet.com/stories/en/131508-israel-kick-starts-road-rehabilitation-along-border-with-lebanon
20140521,298180419,20140521,ISRAELI,ISR,GAZA,PSE,190,재래식 군사력 사용,19,4,-10.0,6,2,6,0.687285223367697,"Gaza, Israel (general), Israel",IS,http://www.maannews.net/eng/ViewDetails.aspx?ID=699013
20140521,298180420,20140521,ISRAELI,ISR,GAZA,PSE,190,재래식 군사력 사용,19,4,-10.0,3,1,3,0.0,"Gaza, Israel (general), Israel",IS,http://www.maannews.net/eng/ViewDetails.aspx?ID=699013
20140521,298180421,20140521,ISRAELI,ISR,PALESTINIAN,PSE,190,재래식 군사력 사용,19,4,-10.0,2,1,2,1.56695156695157,"Ben Gurion, HaMerkaz, Israel",IS,"http://en.rsf.org/palestine-israeli-army-issues-raid-threat-to-19-05-2014,46296.html"
20140521,298180422,20140521,ISRAELI,ISR,PALESTINIAN,PSE,190,재래식 군사력 사용,19,4,-10.0,2,1,2,0.704225352112676,Israel,IS,http://www.presstv.ir/detail/2014/05/22/363645/anger-grows-over-palestine-teens-deaths/
20140521,298180423,20140521,ISRAEL,ISR,WEST BANK,PSE,193,소형무기·경무기를 이용한 전투,19,4,-10.0,4,2,4,0.357512225641287,"Jerusalem, Israel (general), Israel",IS,http://www.stljewishlight.com/news/world/article_f7778b53-ccdd-5b80-a450-99456171a731.html
20140521,298180424,20140521,ISRAEL,ISR,PALESTINIAN,PSE,193,소형무기·경무기를 이용한 전투,19,4,-10.0,2,1,2,2.06185567010309,"Gaza, Israel (general), Israel",IS,http://www.spa.gov.sa/english/details.php?id=1234950
20140521,298180425,20140521,ISRAELI,ISR,PALESTINIAN,PSE,193,소형무기·경무기를 이용한 전투,19,4,-10.0,2,1,2,2.63157894736842,China,CH,http://www.albawaba.com/blog_roundup/video-palestinian-dead-578019
20140521,298180452,20140521,ISRAEL,ISR,LEBANON,LBN,190,재래식 군사력 사용,19,4,-10.0,4,1,4,3.82096069868996,"Beirut, Beyrouth, Lebanon",LE,http://gulfnews.com/opinions/columnists/a-troubled-legacy-in-lebanon-1.1336472
20140521,298180459,20140521,ISRAEL,ISR,SYRIA,SYR,191,봉쇄·이동 제한,19,4,-9.5,2,1,2,2.48380129589633,"Jerusalem, Israel (general), Israel",IS,http://www.dailystar.com.lb/News/Lebanon-News/2014/May-22/257357-hamas-supports-new-elite-forces-in-ain-al-hilweh.ashx
20140521,298181434,20140521,JORDAN,JOR,EGYPT,EGY,192,영토 점령,19,4,-9.5,1,1,1,7.53768844221105,Jordan,JO,http://www.worldbulletin.net/todays-news/136703/arab-aid-convoys-reach-gaza-strip
20140521,298181435,20140521,JORDAN,JOR,EGYPT,EGY,192,영토 점령,19,4,-9.5,4,1,4,7.53768844221105,Jordan,JO,http://www.worldbulletin.net/todays-news/136703/arab-aid-convoys-reach-gaza-strip
20140521,298181578,20140521,JORDANIAN,JOR,SYRIA,SYR,190,재래식 군사력 사용,19,4,-10.0,4,1,4,0.6765899864682,"Quneitra, Al Qunaytirah, Syria",SY,http://www.debka.com/article/23932/US-assigns-13-000-servicemen-to-first-ever-combined-US-Jordan-Israeli-exercise-Hizballah-heads-for-Golan/RK=0
20140521,298181876,20140521,JORDANIAN,JOR,SYRIAN,SYR,190,재래식 군사력 사용,19,4,-10.0,6,1,6,0.6765899864682,"Quneitra, Al Qunaytirah, Syria",SY,http://www.debka.com/article/23932/US-assigns-13-000-servicemen-to-first-ever-combined-US-Jordan-Israeli-exercise-Hizballah-heads-for-Golan/RK=0
20140521,298187993,20140521,LEBANON,LBN,HAIFA,ISR,194,포병·전차를 이용한 전투,19,4,-10.0,1,1,1,1.54639175257732,Lebanon,LE,http://www.theyeshivaworld.com/news/headlines-breaking-stories/232703/haifa-mayor-warns-carmel-tunnels-a-death-trap.html
20140521,298188059,20140521,LEBANESE,LBN,PALESTINIAN,PSE,190,재래식 군사력 사용,19,4,-10.0,2,1,2,3.82096069868996,"Beirut, Beyrouth, Lebanon",LE,http://gulfnews.com/opinions/columnists/a-troubled-legacy-in-lebanon-1.1336472
20140521,298188060,20140521,LEBANESE,LBN,PALESTINIAN,PSE,190,재래식 군사력 사용,19,4,-10.0,2,1,2,3.82096069868996,"Beirut, Beyrouth, Lebanon",LE,http://gulfnews.com/opinions/columnists/a-troubled-legacy-in-lebanon-1.1336472
20140521,298188199,20140521,LEBANON,LBN,ISRAEL,ISR,190,재래식 군사력 사용,19,4,-10.0,4,1,4,3.82096069868996,"Beirut, Beyrouth, Lebanon",LE,http://gulfnews.com/opinions/columnists/a-troubled-legacy-in-lebanon-1.1336472
20140521,298188202,20140521,LEBANESE,LBN,PALESTINIAN,PSE,190,재래식 군사력 사용,19,4,-10.0,2,1,2,3.82096069868996,"Beirut, Beyrouth, Lebanon",LE,http://gulfnews.com/opinions/columnists/a-troubled-legacy-in-lebanon-1.1336472
20140521,298209818,20140521,PALESTINIAN,PSE,ISRAEL,ISR,138,군사력 사용 위협,13,3,-7.0,2,1,2,1.82590233545648,Israel,IS,http://www.strategypage.com/%5Cqnd%5Ciraq%5Carticles%5C20140520.aspx
20140521,298209819,20140521,PALESTINIAN,PSE,ISRAEL,ISR,138,군사력 사용 위협,13,3,-7.0,2,1,2,1.82590233545648,Saudi Arabia,SA,http://www.strategypage.com/%5Cqnd%5Ciraq%5Carticles%5C20140520.aspx
20140521,298209846,20140521,WEST BANK,PSE,ISRAEL,ISR,190,재래식 군사력 사용,19,4,-10.0,4,1,4,0.589101620029455,"Jerusalem, Israel (general), Israel",IS,http://www.dailystar.com.lb/News/Middle-East/2014/May-21/257269-israeli-fm-rejects-criticism-over-shot-palestinians.ashx
20140521,298209847,20140521,PALESTINIAN,PSE,JERUSALEM,ISR,190,재래식 군사력 사용,19,4,-10.0,16,3,16,0.112323491655969,"Jerusalem, Israel (general), Israel",IS,"Al-Aqsa Satellite TV, Gaza/BBC Monitoring/(c) BBC"
20140521,298209848,20140521,PALESTINIAN,PSE,ISRAELI,ISR,190,재래식 군사력 사용,19,4,-10.0,25,12,23,2.42865671189034,"Gaza, Israel (general), Israel",IS,http://www.seattlepi.com/news/world/article/Family-of-slain-US-activist-appeals-Israel-verdict-5494817.php
20140521,298209849,20140521,PALESTINIAN,PSE,ISRAELI,ISR,190,재래식 군사력 사용,19,4,-10.0,23,7,23,1.14914759702037,Israel,IS,http://sabbah.biz/mt/archives/2014/05/21/video-palestinians-shot-dead-nakba-day-no-threat-israeli/
20140521,298209850,20140521,PALESTINIAN,PSE,ISRAELI,ISR,190,재래식 군사력 사용,19,4,-10.0,1,1,1,2.11161387631976,"Gaza, Israel (general), Israel",IS,http://www.usnews.com/news/world/articles/2014/05/21/family-of-slain-us-activist-appeals-israel-verdict
20140521,298209851,20140521,WEST BANK,PSE,ISRAELI,ISR,192,영토 점령,19,4,-9.5,4,1,4,2.83630470016207,"Jerusalem, Israel (general), Israel",IS,http://www.al-monitor.com/pulse/originals/2014/05/israel-hamas-palestinian-authority-economy-collapse-boycott.html
20140521,298209852,20140521,PALESTINIAN,PSE,ISRAELI,ISR,193,소형무기·경무기를 이용한 전투,19,4,-10.0,5,3,5,1.5522455961831,"Hebron, Israel (general), Israel",IS,http://www.commondreams.org/view/2014/05/21-7&c=GCDjNEytnPwfBEUkn3MvERLzq_iE-J3Ay1XWnti1QmY&mkt=en-us
20140521,298209853,20140521,WEST BANK,PSE,ISRAEL,ISR,193,소형무기·경무기를 이용한 전투,19,4,-10.0,12,3,12,1.53710097524653,"Hebron, Israel (general), Israel",IS,http://www.commondreams.org/view/2014/05/21-7&c=GCDjNEytnPwfBEUkn3MvERLzq_iE-J3Ay1XWnti1QmY&mkt=en-us
20140521,298209854,20140521,PALESTINE,PSE,ISRAEL,ISR,193,소형무기·경무기를 이용한 전투,19,4,-10.0,1,1,1,0.484261501210654,"Ramallah, West Bank (general), West Bank",WE,http://sabbah.biz/mt/archives/2014/05/21/video-palestinians-shot-dead-nakba-day-no-threat-israeli/
20140521,298209855,20140521,WEST BANK,PSE,ISRAELI,ISR,193,소형무기·경무기를 이용한 전투,19,4,-10.0,18,1,8,0.527859237536657,"Jerusalem, Israel (general), Israel",IS,http://hosted2.ap.org/APDEFAULT/cae69a7523db45408eeb2b3a98c0c9c5/Article_2014-05-20-Israel-Palestinians/id-10e03abdc10b445ba3fe943bb3df99f9
20140521,298209856,20140521,PALESTINIAN,PSE,ISRAEL,ISR,193,소형무기·경무기를 이용한 전투,19,4,-10.0,1,1,1,1.12903225806452,Israel,IS,http://www.latimes.com/world/middleeast/la-fg-video-palestinian-teens-death-20140521-story.html
20140521,298209857,20140521,PALESTINIAN,PSE,ISRAEL,ISR,193,소형무기·경무기를 이용한 전투,19,4,-10.0,8,2,4,0.395894428152493,"Jerusalem, Israel (general), Israel",IS,http://www.thenational.ae/world/middle-east/video-shows-israel-killed-two-palestinians-unlawfully-rights-group
20140521,298209858,20140521,PALESTINIAN,PSE,ISRAELI,ISR,193,소형무기·경무기를 이용한 전투,19,4,-10.0,1,1,1,1.46137787056367,"Gaza, Israel (general), Israel",IS,http://www.countercurrents.org/abunimah210514.htm
20140521,298209859,20140521,WEST BANK,PSE,ISRAEL,ISR,193,소형무기·경무기를 이용한 전투,19,4,-10.0,2,1,2,0.527859237536657,"Washington, District of Columbia, United States",US,http://hosted2.ap.org/APDEFAULT/cae69a7523db45408eeb2b3a98c0c9c5/Article_2014-05-20-Israel-Palestinians/id-10e03abdc10b445ba3fe943bb3df99f9
20140521,298209860,20140521,PALESTINE,PSE,ISRAEL,ISR,193,소형무기·경무기를 이용한 전투,19,4,-10.0,8,1,8,0.0,"Washington, District of Columbia, United States",US,http://www.turkishpress.com/news/407876&c=2CVT-pGjHukwV7vOdqmsqEk1XXsj30z9zgZ_1GZN4Go&mkt=en-us
20140521,298209861,20140521,PALESTINE,PSE,ISRAELI,ISR,193,소형무기·경무기를 이용한 전투,19,4,-10.0,10,6,10,0.529403468035716,Israel,IS,http://www.ansa.it/ansamed/en/news/sections/generalnews/2014/05/21/palestinian-teen-killings-covered-by-four-security-cams_60497ecb-ad78-4cca-ad0f-da4b3c85d62e.html
20140521,298209866,20140521,GAZA,PSE,ISRAEL,ISR,193,소형무기·경무기를 이용한 전투,19,4,-10.0,2,1,2,0.0,"Gaza, Israel (general), Israel",IS,http://www.maannews.net/eng/ViewDetails.aspx?ID=698924
20140521,298209867,20140521,GAZA,PSE,ISRAEL,ISR,193,소형무기·경무기를 이용한 전투,19,4,-10.0,2,1,2,0.0,"Gaza, Israel (general), Israel",IS,http://www.maannews.net/eng/ViewDetails.aspx?ID=698924
20140521,298209944,20140521,PALESTINIAN,PSE,LEBANESE,LBN,190,재래식 군사력 사용,19,4,-10.0,2,1,2,3.82096069868996,"Beirut, Beyrouth, Lebanon",LE,http://gulfnews.com/opinions/columnists/a-troubled-legacy-in-lebanon-1.1336472
20140521,298209945,20140521,PALESTINIAN,PSE,LEBANESE,LBN,190,재래식 군사력 사용,19,4,-10.0,2,1,2,3.82096069868996,"Beirut, Beyrouth, Lebanon",LE,http://gulfnews.com/opinions/columnists/a-troubled-legacy-in-lebanon-1.1336472
20140521,298210067,20140521,PALESTINIAN,PSE,ISRAELI,ISR,190,재래식 군사력 사용,19,4,-10.0,2,1,2,0.898587933247754,"Jerusalem, Israel (general), Israel",IS,http://www.newspakistan.pk/2014/05/22/video-shows-shooting-deaths-palestinians-west-bank/
20140521,298210068,20140521,WEST BANK,PSE,ISRAEL,ISR,193,소형무기·경무기를 이용한 전투,19,4,-10.0,2,1,2,0.484261501210654,Israel,IS,http://sabbah.biz/mt/archives/2014/05/21/video-palestinians-shot-dead-nakba-day-no-threat-israeli/
20140521,298210088,20140521,PALESTINIAN,PSE,ISRAEL,ISR,190,재래식 군사력 사용,19,4,-10.0,2,1,2,0.0,"Jerusalem, Israel (general), Israel",IS,http://www.thenational.ae/world/middle-east/video-shows-israel-killed-two-palestinians-unlawfully-rights-group
20140521,298210089,20140521,PALESTINIAN,PSE,ISRAEL,ISR,190,재래식 군사력 사용,19,4,-10.0,2,1,2,0.323101777059774,Israel,IS,http://malaysiandigest.com/world/501722-with-vid-video-shows-fatal-shooting-of-palestinians.html
20140521,298210109,20140521,PALESTINIAN,PSE,ISRAELI,ISR,190,재래식 군사력 사용,19,4,-10.0,1,1,1,0.0,"Gaza, Israel (general), Israel",IS,http://english.al-akhbar.com/content/israeli-forces-shoot-gaza-farmer-destroy-fields?utm_source=feedburner&utm_medium=feed&utm_campaign=Feed%3A+AlAkhbarEnglish+%28Al+Akhbar+English%29
20140521,298210118,20140521,PALESTINIAN,PSE,ISRAELI,ISR,190,재래식 군사력 사용,19,4,-10.0,2,1,2,4.21052631578947,"Gaza, Israel (general), Israel",IS,http://www.jns.org/news-briefs/2014/5/21/pro-palestinian-activist-corries-family-takes-legal-battle-to-israeli-supreme-court
20140521,298210187,20140521,PALESTINE,PSE,ISRAELI,ISR,190,재래식 군사력 사용,19,4,-10.0,4,1,2,1.15384615384615,"Jerusalem, Israel (general), Israel",IS,http://mondoweiss.net/2014/05/increase-palestinian-refugees.html
20140521,298210188,20140521,PALESTINE,PSE,ISRAELI,ISR,190,재래식 군사력 사용,19,4,-10.0,12,1,6,1.15384615384615,"Jerusalem, Israel (general), Israel",IS,http://mondoweiss.net/2014/05/increase-palestinian-refugees.html
20140521,298210189,20140521,PALESTINIAN,PSE,LEBANESE,LBN,190,재래식 군사력 사용,19,4,-10.0,2,1,2,3.82096069868996,"Beirut, Beyrouth, Lebanon",LE,http://gulfnews.com/opinions/columnists/a-troubled-legacy-in-lebanon-1.1336472
20140521,298210194,20140521,PALESTINIAN,PSE,SYRIA,SYR,191,봉쇄·이동 제한,19,4,-9.5,1,1,1,2.48380129589633,"Jerusalem, Israel (general), Israel",IS,http://www.dailystar.com.lb/News/Lebanon-News/2014/May-22/257357-hamas-supports-new-elite-forces-in-ain-al-hilweh.ashx
20140521,298210196,20140521,GAZA,PSE,ISRAELI,ISR,190,재래식 군사력 사용,19,4,-10.0,2,1,2,0.0,"Gaza, Israel (general), Israel",IS,http://www.maannews.net/eng/ViewDetails.aspx?ID=698924
20140521,298215833,20140521,SAUDI ARABIA,SAU,BAHRAINI,BHR,192,영토 점령,19,4,-9.5,2,1,2,1.04712041884817,Saudi Arabia,SA,http://www.albawaba.com/main-headlines/bahrain-mp-fired-577893
20140521,298215834,20140521,SAUDI ARABIA,SAU,BAHRAINI,BHR,192,영토 점령,19,4,-9.5,2,1,2,1.04712041884817,United Arab Emirates,AE,http://www.albawaba.com/main-headlines/bahrain-mp-fired-577893
20140521,298215836,20140521,SAUDI ARABIA,SAU,BAHRAINI,BHR,192,영토 점령,19,4,-9.5,6,1,6,1.04712041884817,Bahrain,BA,http://www.albawaba.com/main-headlines/bahrain-mp-fired-577893
20140521,298215923,20140521,SAUDI ARABIA,SAU,ISRAEL,ISR,138,군사력 사용 위협,13,3,-7.0,6,1,6,1.82590233545648,Israel,IS,http://www.strategypage.com/%5Cqnd%5Ciraq%5Carticles%5C20140520.aspx
20140521,298215924,20140521,SAUDI,SAU,ISRAEL,ISR,138,군사력 사용 위협,13,3,-7.0,2,1,2,1.82590233545648,Saudi Arabia,SA,http://www.strategypage.com/%5Cqnd%5Ciraq%5Carticles%5C20140520.aspx
20140521,298215989,20140521,SAUDI,SAU,PALESTINIAN,PSE,138,군사력 사용 위협,13,3,-7.0,2,1,2,1.82590233545648,Israel,IS,http://www.strategypage.com/%5Cqnd%5Ciraq%5Carticles%5C20140520.aspx
20140521,298216022,20140521,SAUDI ARABIA,SAU,SYRIA,SYR,190,재래식 군사력 사용,19,4,-10.0,2,1,2,2.90215588723051,Saudi Arabia,SA,Quotes package from BBC Monitoring/BBC Monitoring/(c) BBC
20140521,298216023,20140521,SAUDI ARABIA,SAU,SYRIA,SYR,190,재래식 군사력 사용,19,4,-10.0,8,1,8,2.90215588723051,Syria,SY,Quotes package from BBC Monitoring/BBC Monitoring/(c) BBC
20140521,298218287,20140521,SYRIA,SYR,IRAQ,IRQ,190,재래식 군사력 사용,19,4,-10.0,4,1,4,0.67911714770798,"Khawabi, Tartus, Syria",SY,http://www.aina.org/news/20140521062241.htm
20140521,298218288,20140521,SYRIA,SYR,IRAQ,IRQ,190,재래식 군사력 사용,19,4,-10.0,2,1,2,1.15830115830116,"Tehran, Tehran, Iran",IR,http://english.farsnews.com/newstext.aspx?nn=13930231000409
20140521,298218289,20140521,SYRIA,SYR,IRAQ,IRQ,190,재래식 군사력 사용,19,4,-10.0,2,1,2,1.15830115830116,Ukraine,UP,http://english.farsnews.com/newstext.aspx?nn=13930231000409
20140521,298218297,20140521,SYRIA,SYR,JORDANIAN,JOR,190,재래식 군사력 사용,19,4,-10.0,4,1,4,0.6765899864682,"Quneitra, Al Qunaytirah, Syria",SY,http://www.debka.com/article/23932/US-assigns-13-000-servicemen-to-first-ever-combined-US-Jordan-Israeli-exercise-Hizballah-heads-for-Golan/RK=0
20140521,298218298,20140521,SYRIAN,SYR,JORDAN,JOR,192,영토 점령,19,4,-9.5,1,1,1,2.10970464135021,Syria,SY,http://www.rttnews.com/2323914/syrian-refugees-in-jordan-nearing-600000.aspx
20140521,298218299,20140521,SYRIAN,SYR,JORDAN,JOR,192,영토 점령,19,4,-9.5,3,1,2,2.10970464135021,Jordan,JO,http://www.rttnews.com/2323914/syrian-refugees-in-jordan-nearing-600000.aspx
20140521,298218301,20140521,SYRIAN,SYR,JORDANIAN,JOR,190,재래식 군사력 사용,19,4,-10.0,6,1,6,0.6765899864682,"Quneitra, Al Qunaytirah, Syria",SY,http://www.debka.com/article/23932/US-assigns-13-000-servicemen-to-first-ever-combined-US-Jordan-Israeli-exercise-Hizballah-heads-for-Golan/RK=0
20140521,298218487,20140521,SYRIA,SYR,SAUDI ARABIA,SAU,190,재래식 군사력 사용,19,4,-10.0,2,1,2,2.90215588723051,Saudi Arabia,SA,Quotes package from BBC Monitoring/BBC Monitoring/(c) BBC
20140521,298218488,20140521,SYRIA,SYR,SAUDI ARABIA,SAU,190,재래식 군사력 사용,19,4,-10.0,8,1,8,2.90215588723051,Syria,SY,Quotes package from BBC Monitoring/BBC Monitoring/(c) BBC
20140521,298218548,20140521,SYRIA,SYR,TURKEY,TUR,190,재래식 군사력 사용,19,4,-10.0,1,1,1,2.67857142857143,"Kessab, Al Ladhiqiyah, Syria",SY,http://armenpress.am/eng/news/762631/
20140521,298218549,20140521,SYRIA,SYR,TURKEY,TUR,190,재래식 군사력 사용,19,4,-10.0,4,1,4,2.67857142857143,"Kessab, Al Ladhiqiyah, Syria",SY,http://armenpress.am/eng/news/762631/
20140521,298218550,20140521,SYRIA,SYR,TURKEY,TUR,192,영토 점령,19,4,-9.5,2,1,2,0.756143667296786,"Aleppo, ?alab, Syria",SY,"Zaman website, Istanbul/BBC Monitoring/(c) BBC"
20140521,298218551,20140521,SYRIA,SYR,TURKEY,TUR,192,영토 점령,19,4,-9.5,2,1,2,0.891089108910891,"Aleppo, ?alab, Syria",SY,http://www.al-monitor.com/pulse/originals/2014/05/syrian-kurdish-mother-killed-turkish-border.html
20140521,298218552,20140521,SYRIAN,SYR,TURKEY,TUR,192,영토 점령,19,4,-9.5,6,1,6,0.891089108910891,"Suruc, Konya, Turkey",TU,http://www.al-monitor.com/pulse/originals/2014/05/syrian-kurdish-mother-killed-turkish-border.html
20140521,298218553,20140521,SYRIAN,SYR,TURKEY,TUR,192,영토 점령,19,4,-9.5,5,1,5,0.756143667296786,"Kustepe, Adiyaman, Turkey",TU,"Zaman website, Istanbul/BBC Monitoring/(c) BBC"
20140521,298218554,20140521,SYRIAN,SYR,TURKEY,TUR,192,영토 점령,19,4,-9.5,7,1,7,0.756143667296786,"Senyurt, Kilis, Turkey",TU,"Zaman website, Istanbul/BBC Monitoring/(c) BBC"
20140521,298218555,20140521,SYRIA,SYR,TURKEY,TUR,192,영토 점령,19,4,-9.5,2,1,2,0.891089108910891,"Diyarbakir, Diyarbakir, Turkey",TU,http://www.al-monitor.com/pulse/originals/2014/05/syrian-kurdish-mother-killed-turkish-border.html
20140521,298218556,20140521,SYRIAN,SYR,TURKEY,TUR,192,영토 점령,19,4,-9.5,1,1,1,0.756143667296786,"Aleppo, ?alab, Syria",SY,"Zaman website, Istanbul/BBC Monitoring/(c) BBC"
20140521,298218557,20140521,SYRIA,SYR,TURKISH,TUR,193,소형무기·경무기를 이용한 전투,19,4,-10.0,1,1,1,0.756143667296786,"Aleppo, ?alab, Syria",SY,"Zaman website, Istanbul/BBC Monitoring/(c) BBC"
20140521,298218558,20140521,SYRIA,SYR,TURKISH,TUR,193,소형무기·경무기를 이용한 전투,19,4,-10.0,2,1,2,0.756143667296786,"Kiziltepe, Yozgat, Turkey",TU,"Zaman website, Istanbul/BBC Monitoring/(c) BBC"
20140521,298218559,20140521,SYRIA,SYR,TURKISH,TUR,193,소형무기·경무기를 이용한 전투,19,4,-10.0,1,1,1,0.756143667296786,"Sirnak, Sirnak, Turkey",TU,"Zaman website, Istanbul/BBC Monitoring/(c) BBC"
20140521,298218560,20140521,SYRIA,SYR,TURKEY,TUR,194,포병·전차를 이용한 전투,19,4,-10.0,5,1,5,0.756143667296786,"Aleppo, ?alab, Syria",SY,"Zaman website, Istanbul/BBC Monitoring/(c) BBC"
20140521,298218561,20140521,SYRIAN,SYR,TURKEY,TUR,194,포병·전차를 이용한 전투,19,4,-10.0,1,1,1,0.756143667296786,"Yayladagi, Hatay, Turkey",TU,"Zaman website, Istanbul/BBC Monitoring/(c) BBC"
20140521,298218562,20140521,ALEPPO,SYR,TURKEY,TUR,195,공중무기 사용,19,4,-10.0,5,1,5,0.0,"Azaz, ?alab, Syria",SY,http://www.bayoubuzz.com/top-stories/item/671698-deadly-missile-strike-in-north-syria
20140521,298218782,20140521,SYRIAN,SYR,JORDAN,JOR,192,영토 점령,19,4,-9.5,9,1,6,2.10970464135021,Syria,SY,http://www.rttnews.com/2323914/syrian-refugees-in-jordan-nearing-600000.aspx
20140521,298218783,20140521,SYRIAN,SYR,JORDAN,JOR,192,영토 점령,19,4,-9.5,3,1,3,2.10970464135021,Syria,SY,http://www.rttnews.com/2323914/syrian-refugees-in-jordan-nearing-600000.aspx
20140521,298220602,20140521,TURKEY,TUR,SYRIA,SYR,190,재래식 군사력 사용,19,4,-10.0,1,1,1,2.67857142857143,"Kessab, Al Ladhiqiyah, Syria",SY,http://armenpress.am/eng/news/762631/
20140521,298220603,20140521,TURKEY,TUR,SYRIA,SYR,190,재래식 군사력 사용,19,4,-10.0,4,1,4,2.67857142857143,"Kessab, Al Ladhiqiyah, Syria",SY,http://armenpress.am/eng/news/762631/
20140521,298220604,20140521,TURKISH,TUR,SYRIA,SYR,192,영토 점령,19,4,-9.5,2,1,2,0.941915227629513,"Aleppo, ?alab, Syria",SY,http://al-shorfa.com/en_GB/articles/meii/features/2014/05/21/feature-02?change_locale=true&c=dvZ8oqfIRSv6-6vAjZ2xIFZVNs0s6jf-JG1fCLhbV3c&mkt=en-us
20140521,298220605,20140521,TURKISH,TUR,SYRIAN,SYR,192,영토 점령,19,4,-9.5,10,1,10,3.08788598574822,Syria,SY,http://www.umcor.org/UMCOR/Resources/News-Stories/2012/August/Marking-World-Humanitarian-Day
20140521,298220606,20140521,TURKISH,TUR,SYRIA,SYR,192,영토 점령,19,4,-9.5,14,1,14,0.941915227629513,Turkey,TU,http://al-shorfa.com/en_GB/articles/meii/features/2014/05/21/feature-02?change_locale=true&c=dvZ8oqfIRSv6-6vAjZ2xIFZVNs0s6jf-JG1fCLhbV3c&mkt=en-us
20140521,298220607,20140521,TURKISH,TUR,SYRIA,SYR,193,소형무기·경무기를 이용한 전투,19,4,-10.0,1,1,1,0.756143667296786,"Aleppo, ?alab, Syria",SY,"Zaman website, Istanbul/BBC Monitoring/(c) BBC"
20140521,298220608,20140521,TURKISH,TUR,SYRIAN,SYR,193,소형무기·경무기를 이용한 전투,19,4,-10.0,1,1,1,0.756143667296786,"Sirnak, Sirnak, Turkey",TU,"Zaman website, Istanbul/BBC Monitoring/(c) BBC"
20140521,298220609,20140521,TURKISH,TUR,SYRIAN,SYR,193,소형무기·경무기를 이용한 전투,19,4,-10.0,5,1,5,0.756143667296786,"Sirnak, Sirnak, Turkey",TU,"Zaman website, Istanbul/BBC Monitoring/(c) BBC"
20140521,298220610,20140521,TURKEY,TUR,SYRIA,SYR,193,소형무기·경무기를 이용한 전투,19,4,-10.0,2,1,2,0.756143667296786,"Sirnak, Sirnak, Turkey",TU,"Zaman website, Istanbul/BBC Monitoring/(c) BBC"
20140521,298220611,20140521,TURKISH,TUR,SYRIAN,SYR,193,소형무기·경무기를 이용한 전투,19,4,-10.0,4,1,4,0.756143667296786,"Kustepe, Adiyaman, Turkey",TU,"Zaman website, Istanbul/BBC Monitoring/(c) BBC"
20140521,298220612,20140521,TURKEY,TUR,ALEPPO,SYR,193,소형무기·경무기를 이용한 전투,19,4,-10.0,5,1,5,0.0,"Azaz, ?alab, Syria",SY,http://www.bayoubuzz.com/top-stories/item/671698-deadly-missile-strike-in-north-syria
20140521,298252201,20140521,YEMENI,YEM,ISRAEL,ISR,138,군사력 사용 위협,13,3,-7.0,2,1,2,1.82590233545648,Saudi Arabia,SA,http://www.strategypage.com/%5Cqnd%5Ciraq%5Carticles%5C20140520.aspx
20140521,298252202,20140521,YEMEN,YEM,ISRAEL,ISR,138,군사력 사용 위협,13,3,-7.0,6,1,6,1.82590233545648,Israel,IS,http://www.strategypage.com/%5Cqnd%5Ciraq%5Carticles%5C20140520.aspx
20140521,298252227,20140521,YEMENI,YEM,PALESTINIAN,PSE,138,군사력 사용 위협,13,3,-7.0,2,1,2,1.82590233545648,Israel,IS,http://www.strategypage.com/%5Cqnd%5Ciraq%5Carticles%5C20140520.aspx
20140522,298257377,20140515,ISRAELI,ISR,PALESTINIAN,PSE,193,소형무기·경무기를 이용한 전투,19,4,-10.0,8,2,8,1.56259537325276,Israel,IS,http://www.jns.org/news-briefs/2014/5/22/israeli-fm-lieberman-rejects-calls-to-probe-shooting-questions-videos-authenticity
20140522,298257386,20140515,ISRAELI,ISR,PALESTINIAN,PSE,193,소형무기·경무기를 이용한 전투,19,4,-10.0,10,3,10,1.35478834048702,Israel,IS,http://www.jns.org/news-briefs/2014/5/22/israeli-fm-lieberman-rejects-calls-to-probe-shooting-questions-videos-authenticity
20140522,298257387,20140515,ISRAEL,ISR,PALESTINIAN,PSE,193,소형무기·경무기를 이용한 전투,19,4,-10.0,5,3,5,1.35478834048702,Israel,IS,http://www.jns.org/news-briefs/2014/5/22/israeli-fm-lieberman-rejects-calls-to-probe-shooting-questions-videos-authenticity
20140522,298306187,20140522,SINAI,EGY,ISRAEL,ISR,194,포병·전차를 이용한 전투,19,4,-10.0,2,1,2,1.91780821917808,Egypt,EG,http://www.haaretz.com/news/middle-east/1.592376
20140522,298306188,20140522,SINAI,EGY,ISRAEL,ISR,194,포병·전차를 이용한 전투,19,4,-10.0,8,1,8,1.91780821917808,United States,US,http://www.haaretz.com/news/middle-east/1.592376
20140522,298329528,20140522,IRAN,IRN,ISRAELI,ISR,190,재래식 군사력 사용,19,4,-10.0,4,1,4,1.86046511627907,"Tehran, Tehran, Iran",IR,http://www.thetower.org/0376-animated-video-spells-out-iranian-path-to-a-bomb/
20140522,298329529,20140522,IRAN,IRN,ISRAELI,ISR,190,재래식 군사력 사용,19,4,-10.0,6,1,6,1.86046511627907,"Tehran, Tehran, Iran",IR,http://www.thetower.org/0376-animated-video-spells-out-iranian-path-to-a-bomb/
20140522,298329676,20140522,IRANIAN,IRN,SAUDI,SAU,190,재래식 군사력 사용,19,4,-10.0,14,1,14,2.75985663082437,Syria,SY,http://therealnews.com/t2/index.php?option=com_content&task=view&id=767&Itemid=74&jumival=11891
20140522,298329677,20140522,IRANIAN,IRN,SAUDI,SAU,190,재래식 군사력 사용,19,4,-10.0,2,1,2,2.75985663082437,Syria,SY,http://therealnews.com/t2/index.php?option=com_content&task=view&id=767&Itemid=74&jumival=11891
20140522,298329690,20140522,IRANIAN,IRN,SYRIA,SYR,190,재래식 군사력 사용,19,4,-10.0,1,1,1,3.10981535471331,Iran,IR,http://www.al-monitor.com/pulse/originals/2014/05/syria-bashar-al-assad-curveball.html
20140522,298329691,20140522,IRANIAN,IRN,SYRIA,SYR,190,재래식 군사력 사용,19,4,-10.0,1,1,1,3.10981535471331,"Aleppo, ?alab, Syria",SY,http://www.al-monitor.com/pulse/originals/2014/05/syria-bashar-al-assad-curveball.html
20140522,298329971,20140522,IRAN,IRN,BEIRUT,LBN,190,재래식 군사력 사용,19,4,-10.0,4,2,4,5.07622138213286,"Beirut, Beyrouth, Lebanon",LE,"The Daily Star website, Beirut/BBC Monitoring/(c) BBC"
20140522,298329972,20140522,IRAN,IRN,BEIRUT,LBN,190,재래식 군사력 사용,19,4,-10.0,16,2,16,5.07622138213286,"Tehran, Tehran, Iran",IR,"The Daily Star website, Beirut/BBC Monitoring/(c) BBC"
20140522,298330261,20140522,IRAQ,IRQ,SYRIA,SYR,192,영토 점령,19,4,-9.5,2,1,2,2.1398002853067,Israel,IS,http://www.timesofisrael.com/radical-islamists-take-hammer-to-syrian-artifacts/
20140522,298330262,20140522,IRAQI,IRQ,SYRIA,SYR,192,영토 점령,19,4,-9.5,6,1,6,2.1398002853067,"Aleppo, ?alab, Syria",SY,http://www.timesofisrael.com/radical-islamists-take-hammer-to-syrian-artifacts/
20140522,298330263,20140522,IRAQ,IRQ,SYRIA,SYR,192,영토 점령,19,4,-9.5,2,1,2,2.1398002853067,"Aleppo, ?alab, Syria",SY,http://www.timesofisrael.com/radical-islamists-take-hammer-to-syrian-artifacts/
20140522,298330901,20140522,ISRAEL,ISR,EGYPT,EGY,190,재래식 군사력 사용,19,4,-10.0,4,1,4,0.0,Egypt,EG,http://www.defenceweb.co.za/index.php?option=com_content&view=article&id=34796:one-killed-six-wounded-in-bomb-attack-on-egyptian-security-vehicle&catid=3:Civil%20Security&Itemid=113
20140522,298330902,20140522,ISRAEL,ISR,EGYPT,EGY,190,재래식 군사력 사용,19,4,-10.0,10,1,10,0.0,Egypt,EG,http://www.defenceweb.co.za/index.php?option=com_content&view=article&id=34796:one-killed-six-wounded-in-bomb-attack-on-egyptian-security-vehicle&catid=3:Civil%20Security&Itemid=113
20140522,298330903,20140522,JERUSALEM,ISR,EGYPT,EGY,190,재래식 군사력 사용,19,4,-10.0,5,1,5,0.389105058365759,"Rafah, Shamal Sina', Egypt",EG,http://uk.reuters.com/article/2014/05/23/uk-egypt-militant-idUKKBN0E303T20140523?feedType=RSS&feedName=worldNews&utm_source=feedburner&utm_medium=feed&utm_campaign=Feed%3A+Reuters%2FUKWorldNews+%28News+%2F+UK+%2F+World+News%29
20140522,298330904,20140522,JERUSALEM,ISR,EGYPT,EGY,190,재래식 군사력 사용,19,4,-10.0,4,1,4,0.649350649350649,"Cairo, Al Qahirah, Egypt",EG,http://af.reuters.com/article/worldNews/idAFKBN0E303T20140523
20140522,298330905,20140522,JERUSALEM,ISR,EGYPT,EGY,190,재래식 군사력 사용,19,4,-10.0,1,1,1,0.649350649350649,"Jerusalem, Israel (general), Israel",IS,http://af.reuters.com/article/worldNews/idAFKBN0E303T20140523
20140522,298331005,20140522,ISRAELI,ISR,IRAN,IRN,190,재래식 군사력 사용,19,4,-10.0,4,1,4,1.86046511627907,"Tehran, Tehran, Iran",IR,http://www.thetower.org/0376-animated-video-spells-out-iranian-path-to-a-bomb/
20140522,298331457,20140522,ISRAELI,ISR,PALESTINIAN,PSE,190,재래식 군사력 사용,19,4,-10.0,1,1,1,2.19435736677116,"Jerusalem, Israel (general), Israel",IS,http://www.maannews.net/eng/ViewDetails.aspx?ID=699237
20140522,298331458,20140522,ISRAELI,ISR,PALESTINIAN,PSE,190,재래식 군사력 사용,19,4,-10.0,1,1,1,2.19435736677116,"Jerusalem, Israel (general), Israel",IS,http://www.maannews.net/eng/ViewDetails.aspx?ID=699237
20140522,298331459,20140522,ISRAELI,ISR,PALESTINIAN,PSE,190,재래식 군사력 사용,19,4,-10.0,10,3,8,0.816172303041752,"Gaza, Israel (general), Israel",IS,"Ma'an News Agency website, Bethlehem/BBC Monitoring/(c) BBC"
20140522,298331460,20140522,ISRAELI,ISR,GAZA,PSE,190,재래식 군사력 사용,19,4,-10.0,16,2,16,1.54839545631236,"Gaza, Israel (general), Israel",IS,http://www.turkishpress.com/news/407994/
20140522,298331461,20140522,ISRAEL,ISR,GAZA,PSE,190,재래식 군사력 사용,19,4,-10.0,8,4,8,2.26331292247144,Gaza Strip,GZ,http://www.globalpost.com/dispatch/news/afp/140522/ex-gaza-strongman-says-verdict-against-him-political
20140522,298331462,20140522,ISRAELI,ISR,GAZA,PSE,190,재래식 군사력 사용,19,4,-10.0,2,1,2,0.72992700729927,Gaza Strip,GZ,http://www.turkishpress.com/news/407994/
20140522,298331463,20140522,ISRAELI,ISR,PALESTINIAN,PSE,190,재래식 군사력 사용,19,4,-10.0,1,1,1,1.02040816326531,Israel,IS,http://972mag.com/photos-of-the-week-mourning-in-ramallah/91197/
20140522,298331464,20140522,ISRAEL,ISR,PALESTINIAN,PSE,190,재래식 군사력 사용,19,4,-10.0,1,1,1,0.0,Gaza Strip,GZ,http://www.spa.gov.sa/english/details.php?id=1235530
20140522,298331465,20140522,ISRAELI,ISR,PALESTINIAN,PSE,190,재래식 군사력 사용,19,4,-10.0,30,5,22,1.28955309200143,Israel,IS,http://972mag.com/photos-of-the-week-mourning-in-ramallah/91197/
20140522,298331466,20140522,ISRAEL,ISR,GAZA,PSE,193,소형무기·경무기를 이용한 전투,19,4,-10.0,4,1,4,2.17076700434153,Israel,IS,http://www.pchrgaza.org/portal/en/index.php?option=com_content&view=article&id=10329:israeli-naval-forces-arrest-2-fishermen-wound-one-and-confiscate-fishing-boat-in-gaza-sea&catid=36:pchrpressreleases&Itemid=194
20140522,298331467,20140522,ISRAELI,ISR,PALESTINIAN,PSE,193,소형무기·경무기를 이용한 전투,19,4,-10.0,18,5,18,1.25342032284007,Israel,IS,http://www.pchrgaza.org/portal/en/index.php?option=com_content&view=article&id=10329:israeli-naval-forces-arrest-2-fishermen-wound-one-and-confiscate-fishing-boat-in-gaza-sea&catid=36:pchrpressreleases&Itemid=194
20140522,298331468,20140522,ISRAELI,ISR,WEST BANK,PSE,193,소형무기·경무기를 이용한 전투,19,4,-10.0,2,1,2,0.72463768115942,Israel,IS,http://www.janes.com/article/38255/pressure-increases-on-palestinian-authority-to-reduce-security-co-operation-with-israeli-authorities?from_rss=1
20140522,298331469,20140522,JERUSALEM,ISR,PALESTINIAN,PSE,193,소형무기·경무기를 이용한 전투,19,4,-10.0,8,2,8,0.834260289210234,"Jerusalem, Israel (general), Israel",IS,http://www.stljewishlight.com/news/world/article_1c9b8a85-8998-5b57-9d02-483bbed6fd1c.html
20140522,298331481,20140522,ISRAELI,ISR,PALESTINIAN,PSE,190,재래식 군사력 사용,19,4,-10.0,2,1,2,0.0,Israel,IS,"Ma'an News Agency website, Bethlehem/BBC Monitoring/(c) BBC"
20140522,298331491,20140522,ISRAEL,ISR,HAMAS,PSE,190,재래식 군사력 사용,19,4,-10.0,16,4,16,2.13801485658784,"Gaza, Israel (general), Israel",IS,http://www.globalpost.com/dispatch/news/afp/140522/ex-gaza-strongman-says-verdict-against-him-political
20140522,298331492,20140522,ISRAEL,ISR,HAMAS,PSE,190,재래식 군사력 사용,19,4,-10.0,4,1,4,1.51515151515152,"Gaza, Israel (general), Israel",IS,http://www.timesofisrael.com/poll-barghouti-top-palestinian-presidential-candidate/
20140522,298331499,20140522,ISRAELI,ISR,PALESTINIAN,PSE,190,재래식 군사력 사용,19,4,-10.0,2,1,2,0.0,"Gaza, Israel (general), Israel",IS,"Ma'an News Agency website, Bethlehem/BBC Monitoring/(c) BBC"
20140522,298331804,20140522,ISRAELI,ISR,IRAN,IRN,190,재래식 군사력 사용,19,4,-10.0,6,1,6,1.86046511627907,"Tehran, Tehran, Iran",IR,http://www.thetower.org/0376-animated-video-spells-out-iranian-path-to-a-bomb/
20140522,298331872,20140522,AVIGDOR LIEBERMAN,ISR,PALESTINIAN,PSE,193,소형무기·경무기를 이용한 전투,19,4,-10.0,2,1,2,0.523560209424084,Israel,IS,http://972mag.com/liberman-rejects-probe-of-killings-as-idf-probes-killings/91251/
20140522,298331939,20140522,ISRAELI,ISR,PALESTINIAN,PSE,190,재래식 군사력 사용,19,4,-10.0,2,1,2,2.17076700434153,Israel,IS,http://www.pchrgaza.org/portal/en/index.php?option=com_content&view=article&id=10329:israeli-naval-forces-arrest-2-fishermen-wound-one-and-confiscate-fishing-boat-in-gaza-sea&catid=36:pchrpressreleases&Itemid=194
20140522,298331940,20140522,ISRAELI,ISR,PALESTINIAN,PSE,193,소형무기·경무기를 이용한 전투,19,4,-10.0,2,1,2,2.63504611330698,Israel,IS,http://972mag.com/truth-tapes-and-two-dead-palestinians/91215/
20140522,298331958,20140522,ISRAEL,ISR,SYRIA,SYR,191,봉쇄·이동 제한,19,4,-9.5,2,1,2,2.26950354609929,"Jerusalem, Israel (general), Israel",IS,http://www.zawya.com/story/Hamas_supports_new_elite_forces_in_Ain_alHilweh-DS22052014_dsart*257357/
20140522,298339390,20140522,LEBANON,LBN,SYRIA,SYR,190,재래식 군사력 사용,19,4,-10.0,4,1,4,2.75985663082437,"Capitol Hill, District of Columbia, United States",US,http://therealnews.com/t2/index.php?option=com_content&task=view&id=767&Itemid=74&jumival=11891
20140522,298339391,20140522,LEBANON,LBN,SYRIA,SYR,190,재래식 군사력 사용,19,4,-10.0,12,1,12,2.75985663082437,Syria,SY,http://therealnews.com/t2/index.php?option=com_content&task=view&id=767&Itemid=74&jumival=11891
20140522,298339392,20140522,LEBANON,LBN,SYRIA,SYR,190,재래식 군사력 사용,19,4,-10.0,4,1,4,2.75985663082437,Syria,SY,http://therealnews.com/t2/index.php?option=com_content&task=view&id=767&Itemid=74&jumival=11891
20140522,298360696,20140522,PALESTINIAN,PSE,CAIRO,EGY,190,재래식 군사력 사용,19,4,-10.0,5,1,5,0.0,"Cairo, Al Qahirah, Egypt",EG,"MENA news agency, Cairo/BBC Monitoring/(c) BBC"
20140522,298360881,20140522,WEST BANK,PSE,ISRAELI,ISR,190,재래식 군사력 사용,19,4,-10.0,2,1,2,1.58878504672897,"Jerusalem, Israel (general), Israel",IS,http://www.aljazeera.com/news/middleeast/2014/05/pope-visit-holy-land-amid-tensions-2014520980371340.html
20140522,298360882,20140522,WEST BANK,PSE,ISRAELI,ISR,190,재래식 군사력 사용,19,4,-10.0,2,1,2,1.58878504672897,"Beit Jala, West Bank (general), West Bank",WE,http://www.aljazeera.com/news/middleeast/2014/05/pope-visit-holy-land-amid-tensions-2014520980371340.html
20140522,298360883,20140522,PALESTINIAN,PSE,ISRAEL,ISR,190,재래식 군사력 사용,19,4,-10.0,2,2,2,0.821814637604112,"Tel Aviv, Tel Aviv, Israel",IS,"The Jerusalem Post website, Jerusalem/BBC Monitoring/(c) BBC"
20140522,298360884,20140522,PALESTINIAN,PSE,ISRAELI,ISR,190,재래식 군사력 사용,19,4,-10.0,8,3,8,1.27733563196675,"Gaza, Israel (general), Israel",IS,"Ma'an News Agency website, Bethlehem/BBC Monitoring/(c) BBC"
20140522,298360885,20140522,GAZA,PSE,ISRAEL,ISR,190,재래식 군사력 사용,19,4,-10.0,6,3,6,2.22879592818678,Gaza Strip,GZ,http://www.globalpost.com/dispatch/news/afp/140522/ex-gaza-strongman-says-verdict-against-him-political
20140522,298360886,20140522,PALESTINIAN,PSE,ISRAELI,ISR,190,재래식 군사력 사용,19,4,-10.0,21,2,19,1.19970521858385,Israel,IS,http://972mag.com/photos-of-the-week-mourning-in-ramallah/91197/
20140522,298360887,20140522,PALESTINIAN,PSE,ISRAELI,ISR,193,소형무기·경무기를 이용한 전투,19,4,-10.0,2,1,2,0.517464424320828,"Tel Aviv, Tel Aviv, Israel",IS,http://www.theguardian.com/world/2014/may/22/footage-palestinian-boys-shot-genuine-btselem
20140522,298360888,20140522,PALESTINIAN,PSE,ISRAEL,ISR,193,소형무기·경무기를 이용한 전투,19,4,-10.0,10,3,10,1.2741009762719,Israel,IS,http://www.palestinechronicle.com/israel-dubs-us-and-un-probe-demands-hypocrisy/
20140522,298360889,20140522,WEST BANK,PSE,ISRAEL,ISR,193,소형무기·경무기를 이용한 전투,19,4,-10.0,2,1,2,1.51898734177215,"Hebron, Israel (general), Israel",IS,http://www.businessweek.com/news/2014-05-22/israeli-vandals-taking-aim-at-mosques-pope-put-arabs-on-edge
20140522,298360890,20140522,GAZA,PSE,ISRAEL,ISR,193,소형무기·경무기를 이용한 전투,19,4,-10.0,6,1,6,0.0,"Gaza, Israel (general), Israel",IS,"Ma'an News Agency website, Bethlehem/BBC Monitoring/(c) BBC"
20140522,298360899,20140522,WEST BANK,PSE,ISRAELI,ISR,190,재래식 군사력 사용,19,4,-10.0,4,1,4,1.58878504672897,"Beit Jala, West Bank (general), West Bank",WE,http://www.aljazeera.com/news/middleeast/2014/05/pope-visit-holy-land-amid-tensions-2014520980371340.html
20140522,298360900,20140522,WEST BANK,PSE,ISRAEL,ISR,190,재래식 군사력 사용,19,4,-10.0,2,1,2,1.58878504672897,"Jerusalem, Israel (general), Israel",IS,http://www.aljazeera.com/news/middleeast/2014/05/pope-visit-holy-land-amid-tensions-2014520980371340.html
20140522,298360902,20140522,PALESTINIAN,PSE,ISRAELI,ISR,193,소형무기·경무기를 이용한 전투,19,4,-10.0,1,1,1,0.517464424320828,"Tel Aviv, Tel Aviv, Israel",IS,http://www.theguardian.com/world/2014/may/22/footage-palestinian-boys-shot-genuine-btselem
20140522,298360908,20140522,WEST BANK,PSE,ISRAEL,ISR,193,소형무기·경무기를 이용한 전투,19,4,-10.0,2,1,2,1.51898734177215,"Hebron, Israel (general), Israel",IS,http://www.businessweek.com/news/2014-05-22/israeli-vandals-taking-aim-at-mosques-pope-put-arabs-on-edge
20140522,298361107,20140522,PALESTINIAN,PSE,ISRAELI,ISR,193,소형무기·경무기를 이용한 전투,19,4,-10.0,3,1,3,0.0,Israel,IS,http://www.maannews.net/eng/ViewDetails.aspx?ID=699225
20140522,298361110,20140522,WEST BANK,PSE,ISRAEL,ISR,190,재래식 군사력 사용,19,4,-10.0,4,1,4,1.38461538461538,Israel,IS,http://electronicintifada.net/blogs/ali-abunimah/after-snipers-kill-children-us-affirms-deep-respect-israeli-armys-moral-code
20140522,298361196,20140522,HAMAS,PSE,ISRAEL,ISR,190,재래식 군사력 사용,19,4,-10.0,14,4,14,2.06164472315098,"Gaza, Israel (general), Israel",IS,http://www.globalpost.com/dispatch/news/afp/140522/ex-gaza-strongman-says-verdict-against-him-political
20140522,298361197,20140522,HAMAS,PSE,ISRAEL,ISR,190,재래식 군사력 사용,19,4,-10.0,2,1,2,2.67260579064588,Gaza Strip,GZ,http://www.dailystar.com.lb/News/Middle-East/2014/May-22/257399-ex-gaza-strongman-says-verdict-against-him-political.ashx
20140522,298361223,20140522,WEST BANK,PSE,ISRAEL,ISR,190,재래식 군사력 사용,19,4,-10.0,1,1,1,1.85185185185185,"Unrwa, West Bank (general), West Bank",WE,http://www.timesofisrael.com/palestinian-refugees-hope-popes-visit-raises-profile/
20140522,298361226,20140522,PALESTINIAN,PSE,SYRIA,SYR,191,봉쇄·이동 제한,19,4,-9.5,1,1,1,2.26950354609929,"Jerusalem, Israel (general), Israel",IS,http://www.zawya.com/story/Hamas_supports_new_elite_forces_in_Ain_alHilweh-DS22052014_dsart*257357/
20140522,298367333,20140522,SAUDI,SAU,IRANIAN,IRN,190,재래식 군사력 사용,19,4,-10.0,2,1,2,2.75985663082437,Syria,SY,http://therealnews.com/t2/index.php?option=com_content&task=view&id=767&Itemid=74&jumival=11891
20140522,298367334,20140522,SAUDI,SAU,IRANIAN,IRN,190,재래식 군사력 사용,19,4,-10.0,14,1,14,2.75985663082437,Syria,SY,http://therealnews.com/t2/index.php?option=com_content&task=view&id=767&Itemid=74&jumival=11891
20140522,298369704,20140522,SYRIAN,SYR,ISRAEL,ISR,190,재래식 군사력 사용,19,4,-10.0,1,1,1,1.09546165884194,"Haifa District, H_efa, Israel",IS,http://www.jewishpress.com/news/breaking-news/israel-prepares-for-terrorists-on-golan-border/2014/05/22/
20140522,298369705,20140522,SYRIAN,SYR,ISRAEL,ISR,190,재래식 군사력 사용,19,4,-10.0,1,1,1,1.09546165884194,"Haifa District, H_efa, Israel",IS,http://www.jewishpress.com/news/breaking-news/israel-prepares-for-terrorists-on-golan-border/2014/05/22/
20140522,298369706,20140522,DAMASCUS,SYR,ISRAEL,ISR,192,영토 점령,19,4,-9.5,2,1,2,1.09546165884194,"Damascus, Dimashq, Syria",SY,http://www.jewishpress.com/news/breaking-news/israel-prepares-for-terrorists-on-golan-border/2014/05/22/
20140522,298369707,20140522,SYRIA,SYR,ISRAEL,ISR,192,영토 점령,19,4,-9.5,2,1,2,1.09546165884194,"Damascus, Dimashq, Syria",SY,http://www.jewishpress.com/news/breaking-news/israel-prepares-for-terrorists-on-golan-border/2014/05/22/
20140522,298369708,20140522,DAMASCUS,SYR,ISRAEL,ISR,192,영토 점령,19,4,-9.5,6,1,6,1.09546165884194,"Haifa District, H_efa, Israel",IS,http://www.jewishpress.com/news/breaking-news/israel-prepares-for-terrorists-on-golan-border/2014/05/22/
20140522,298369723,20140522,SYRIA,SYR,JORDAN,JOR,192,영토 점령,19,4,-9.5,10,1,10,0.99009900990099,"Deraa, Dara, Syria",SY,http://en.ammonnews.net/article.aspx?articleno=25342
20140522,298369763,20140522,SYRIA,SYR,LEBANON,LBN,190,재래식 군사력 사용,19,4,-10.0,4,1,4,2.75985663082437,"Capitol Hill, District of Columbia, United States",US,http://therealnews.com/t2/index.php?option=com_content&task=view&id=767&Itemid=74&jumival=11891
20140522,298369764,20140522,SYRIA,SYR,LEBANON,LBN,190,재래식 군사력 사용,19,4,-10.0,12,1,12,2.75985663082437,Syria,SY,http://therealnews.com/t2/index.php?option=com_content&task=view&id=767&Itemid=74&jumival=11891
20140522,298369765,20140522,SYRIA,SYR,LEBANON,LBN,190,재래식 군사력 사용,19,4,-10.0,4,1,4,2.75985663082437,Syria,SY,http://therealnews.com/t2/index.php?option=com_content&task=view&id=767&Itemid=74&jumival=11891
20140522,298369766,20140522,SYRIA,SYR,LEBANESE,LBN,193,소형무기·경무기를 이용한 전투,19,4,-10.0,2,1,2,3.80577427821522,Lebanon,LE,http://www.naharnet.com/stories/en/131763-china-russia-veto-u-n-attempt-to-refer-syria-to-icc
20140522,298369767,20140522,SYRIA,SYR,LEBANESE,LBN,193,소형무기·경무기를 이용한 전투,19,4,-10.0,2,1,2,3.80577427821522,Syria,SY,http://www.naharnet.com/stories/en/131763-china-russia-veto-u-n-attempt-to-refer-syria-to-icc
20140522,298372131,20140522,TURKISH,TUR,ISRAEL,ISR,190,재래식 군사력 사용,19,4,-10.0,4,1,4,3.20855614973262,"Istanbul, Istanbul, Turkey",TU,"http://www.ynetnews.com/articles/0,7340,L-4522824,00.html"
20140522,298372132,20140522,TURKISH,TUR,ISRAELI,ISR,190,재래식 군사력 사용,19,4,-10.0,10,2,10,3.353705118411,"Gaza, Israel (general), Israel",IS,"http://www.ynetnews.com/articles/0,7340,L-4522824,00.html"
20140522,298372133,20140522,TURKISH,TUR,ISRAELI,ISR,190,재래식 군사력 사용,19,4,-10.0,50,3,50,3.18325321545484,"Gaza, Israel (general), Israel",IS,http://www.trust.org/item/20140522151906-cu4fv/
20140522,298372225,20140522,TURKEY,TUR,GAZA,PSE,190,재래식 군사력 사용,19,4,-10.0,4,1,4,3.57142857142857,"Gaza, Israel (general), Israel",IS,http://www.businessweek.com/articles/2014-05-22/erdogan-aims-to-mend-turkeys-ties-with-persian-gulf-states
20140522,298372268,20140522,TURKISH,TUR,SYRIA,SYR,192,영토 점령,19,4,-9.5,1,1,1,2.1398002853067,Israel,IS,http://www.timesofisrael.com/radical-islamists-take-hammer-to-syrian-artifacts/
20140522,298372269,20140522,TURKISH,TUR,SYRIA,SYR,192,영토 점령,19,4,-9.5,7,1,7,2.1398002853067,"Aleppo, ?alab, Syria",SY,http://www.timesofisrael.com/radical-islamists-take-hammer-to-syrian-artifacts/
20140523,298452846,20140523,EGYPTIAN,EGY,ISRAEL,ISR,154,군 병력 동원·증강,15,4,-7.2,1,1,1,3.64630811303555,"Nile River, Egypt (general), Egypt",EG,http://english.ahram.org.eg/NewsContent/1/64/101501/Egypt/Politics-/ElSisi-and-Sabahi-speak-on-key-issues-A-virtual-de.aspx
20140523,298452847,20140523,EGYPTIAN,EGY,ISRAEL,ISR,154,군 병력 동원·증강,15,4,-7.2,1,1,1,3.64630811303555,"Jerusalem, Israel (general), Israel",IS,http://english.ahram.org.eg/NewsContent/1/64/101501/Egypt/Politics-/ElSisi-and-Sabahi-speak-on-key-issues-A-virtual-de.aspx
20140523,298452849,20140523,SINAI,EGY,ISRAEL,ISR,190,재래식 군사력 사용,19,4,-10.0,10,3,10,1.40142715484981,"Cairo, Al Qahirah, Egypt",EG,http://www.trust.org/item/20140523143140-4ldww/
20140523,298452850,20140523,EGYPT,EGY,ISRAEL,ISR,190,재래식 군사력 사용,19,4,-10.0,2,1,2,1.33333333333333,"Cairo, Al Qahirah, Egypt",EG,http://www.jpost.com/Defense/Head-of-militant-Islamist-group-which-fired-rockets-on-Eilat-from-Sinai-killed-353167
20140523,298452851,20140523,EGYPT,EGY,ISRAEL,ISR,190,재래식 군사력 사용,19,4,-10.0,4,1,4,1.33333333333333,"Eilat, HaDarom, Israel",IS,http://www.jpost.com/Defense/Head-of-militant-Islamist-group-which-fired-rockets-on-Eilat-from-Sinai-killed-353167
20140523,298452852,20140523,SINAI,EGY,ISRAEL,ISR,190,재래식 군사력 사용,19,4,-10.0,46,7,46,1.32308013449911,"Jerusalem, Israel (general), Israel",IS,http://in.reuters.com/article/2014/05/23/us-egypt-militant-idINKBN0E31FY20140523?feedType=RSS&feedName=worldNews
20140523,298452853,20140523,EGYPT,EGY,ISRAEL,ISR,190,재래식 군사력 사용,19,4,-10.0,2,1,2,1.13636363636364,"Eilat, HaDarom, Israel",IS,http://www.israelhayom.com/site/newsletter_article.php?id=17697
20140523,298452854,20140523,EGYPT,EGY,ISRAEL,ISR,190,재래식 군사력 사용,19,4,-10.0,3,2,3,0.886774723984029,Egypt,EG,http://www.israelhayom.com/site/newsletter_article.php?id=17697
20140523,298452855,20140523,EGYPTIAN,EGY,ISRAEL,ISR,190,재래식 군사력 사용,19,4,-10.0,1,1,1,0.387596899224806,Egypt,EG,http://www.worldbulletin.net/world/137084/egypts-ansar-beit-al-maqdis-leader-killed-in-sinai
20140523,298452856,20140523,SINAI PENINSULA,EGY,JERUSALEM,ISR,193,소형무기·경무기를 이용한 전투,19,4,-10.0,1,1,1,1.89873417721519,"Minya, Al Minya, Egypt",EG,http://www.gulf-times.com/region/216/details/393230/top-egyptian-jihadist-killed-in-sinai-ambush
20140523,298452857,20140523,SINAI PENINSULA,EGY,JERUSALEM,ISR,193,소형무기·경무기를 이용한 전투,19,4,-10.0,78,8,78,1.17795003152406,"Cairo, Al Qahirah, Egypt",EG,http://www.arabnews.com/news/575961
20140523,298452858,20140523,SINAI PENINSULA,EGY,JERUSALEM,ISR,193,소형무기·경무기를 이용한 전투,19,4,-10.0,1,1,1,1.89873417721519,"Cairo, Al Qahirah, Egypt",EG,http://www.gulf-times.com/region/216/details/393230/top-egyptian-jihadist-killed-in-sinai-ambush
20140523,298452859,20140523,SINAI,EGY,ISRAEL,ISR,194,포병·전차를 이용한 전투,19,4,-10.0,8,1,8,1.33333333333333,"Cairo, Al Qahirah, Egypt",EG,http://www.jpost.com/Defense/Head-of-militant-Islamist-group-which-fired-rockets-on-Eilat-from-Sinai-killed-353167
20140523,298452860,20140523,EGYPT,EGY,ISRAEL,ISR,194,포병·전차를 이용한 전투,19,4,-10.0,3,2,3,1.45858034176693,"Eilat, HaDarom, Israel",IS,http://www.thenational.ae/world/middle-east/leader-of-egypts-deadliest-militant-group-killed-in-sinai
20140523,298452861,20140523,EGYPT,EGY,ISRAEL,ISR,194,포병·전차를 이용한 전투,19,4,-10.0,1,1,1,1.22116689280868,"Jerusalem, Israel (general), Israel",IS,http://thepeninsulaqatar.com/news/middle-east/284883/egypt-closes-poll-campaign
20140523,298452862,20140523,SINAI,EGY,ISRAEL,ISR,194,포병·전차를 이용한 전투,19,4,-10.0,2,1,2,1.88679245283019,"Jerusalem, Israel (general), Israel",IS,http://www.clevelandjewishnews.com/news/national_world/article_6fa1d9ba-e274-11e3-bddb-0019bb2963f4.html
20140523,298452863,20140523,SINAI,EGY,ISRAEL,ISR,194,포병·전차를 이용한 전투,19,4,-10.0,3,1,3,1.88679245283019,Egypt,EG,http://www.clevelandjewishnews.com/news/national_world/article_6fa1d9ba-e274-11e3-bddb-0019bb2963f4.html
20140523,298453022,20140523,EGYPT,EGY,SYRIA,SYR,190,재래식 군사력 사용,19,4,-10.0,4,1,4,2.2883295194508,"Damascus, Dimashq, Syria",SY,http://www.digitaljournal.com/news/religion/op-ed-the-darkest-season-a-christian-winter-in-the-middle-east/article/381535
20140523,298453023,20140523,SINAI,EGY,SYRIA,SYR,190,재래식 군사력 사용,19,4,-10.0,3,1,3,2.00364298724954,Syria,SY,http://www.irishtimes.com/news/world/middle-east/egypt-besieged-on-all-sides-as-it-heads-into-another-election-1.1807019
20140523,298453024,20140523,EGYPT,EGY,SYRIA,SYR,190,재래식 군사력 사용,19,4,-10.0,4,1,4,2.2883295194508,"Ain Shams, Al Qahirah, Egypt",EG,http://www.digitaljournal.com/news/religion/op-ed-the-darkest-season-a-christian-winter-in-the-middle-east/article/381535
20140523,298453115,20140523,EGYPT,EGY,AL JAZEERA,QAT,190,재래식 군사력 사용,19,4,-10.0,12,1,12,2.17391304347826,"Gaza, Israel (general), Israel",IS,http://www.aljazeera.com/news/middleeast/2014/05/morsi-supporters-clash-with-police-egypt-2014523173554998167.html
20140523,298453227,20140523,SINAI,EGY,ISRAEL,ISR,193,소형무기·경무기를 이용한 전투,19,4,-10.0,10,1,10,1.8641810918775,"Alexandria, Al Iskandariyah, Egypt",EG,"http://www.ynetnews.com/articles/0,7340,L-4522927,00.html"
20140523,298476100,20140523,IRAQ,IRQ,SYRIA,SYR,190,재래식 군사력 사용,19,4,-10.0,2,1,2,1.99866755496336,"Qastun, ?amah, Syria",SY,http://www.pbs.org/wgbh/pages/frontline/foreign-affairs-defense/syria-arming-the-rebels/for-syrians-fleeing-violence-scant-refuge-or-relief/
20140523,298476101,20140523,IRAQ,IRQ,SYRIA,SYR,190,재래식 군사력 사용,19,4,-10.0,6,3,6,2.17045634171107,"Shahba, As Suwayda', Syria",SY,http://www.thenewstribune.com/2014/05/23/3208602/fleeing-syrians-find-a-hard-sanctuary.html?sp=/99/296/358/
20140523,298476102,20140523,IRAQ,IRQ,SYRIA,SYR,190,재래식 군사력 사용,19,4,-10.0,24,3,24,2.17045634171107,Norway,NO,http://www.thenewstribune.com/2014/05/23/3208602/fleeing-syrians-find-a-hard-sanctuary.html?sp=/99/296/358/
20140523,298476103,20140523,IRAQ,IRQ,SYRIA,SYR,190,재래식 군사력 사용,19,4,-10.0,1,1,1,1.99866755496336,"Bab Al Hawa, Al ?asakah, Syria",SY,http://www.pbs.org/wgbh/pages/frontline/foreign-affairs-defense/syria-arming-the-rebels/for-syrians-fleeing-violence-scant-refuge-or-relief/
20140523,298476104,20140523,IRAQ,IRQ,SYRIA,SYR,190,재래식 군사력 사용,19,4,-10.0,7,1,7,1.99866755496336,Norway,NO,http://www.pbs.org/wgbh/pages/frontline/foreign-affairs-defense/syria-arming-the-rebels/for-syrians-fleeing-violence-scant-refuge-or-relief/
20140523,298476105,20140523,BAGHDAD,IRQ,SYRIA,SYR,194,포병·전차를 이용한 전투,19,4,-10.0,6,1,6,2.2883295194508,"Baghdad, Baghdad, Iraq",IZ,http://www.digitaljournal.com/news/religion/op-ed-the-darkest-season-a-christian-winter-in-the-middle-east/article/381535
20140523,298476767,20140523,JERUSALEM,ISR,EGYPTIAN,EGY,190,재래식 군사력 사용,19,4,-10.0,6,2,6,0.376015824466926,"Rafah, Shamal Sina', Egypt",EG,http://mwcnews.net/news/middle-east/40999-armed-group-leader-killed.html
20140523,298476768,20140523,JERUSALEM,ISR,EGYPT,EGY,193,소형무기·경무기를 이용한 전투,19,4,-10.0,3,3,3,3.3710240853098,United Arab Emirates,AE,http://www.ktvz.com/news/Report-Top-Egyptian-militant-killed/26140346
20140523,298476769,20140523,ISRAEL,ISR,EGYPT,EGY,193,소형무기·경무기를 이용한 전투,19,4,-10.0,12,6,12,3.08804476303505,Kuwait,KU,http://www.ktvz.com/news/Official-Egyptian-militant-leader-killed/26140346
20140523,298476770,20140523,ISRAEL,ISR,SINAI,EGY,193,소형무기·경무기를 이용한 전투,19,4,-10.0,17,2,17,2.37230315323622,Egypt,EG,http://www.israelhayom.com/site/newsletter_article.php?id=17697
20140523,298476771,20140523,ISRAEL,ISR,EGYPT,EGY,193,소형무기·경무기를 이용한 전투,19,4,-10.0,9,7,9,3.1823712037933,United Arab Emirates,AE,http://www.ktvz.com/news/Official-Egyptian-militant-leader-killed/26140346
20140523,298476772,20140523,JERUSALEM,ISR,EGYPT,EGY,193,소형무기·경무기를 이용한 전투,19,4,-10.0,39,7,39,3.19688296390996,United Arab Emirates,AE,http://www.ktvz.com/news/Official-Egyptian-militant-leader-killed/26140346
20140523,298476773,20140523,JERUSALEM,ISR,EGYPT,EGY,190,재래식 군사력 사용,19,4,-10.0,21,5,21,1.26595138877666,"Cairo, Al Qahirah, Egypt",EG,http://www.trust.org/item/20140523143140-4ldww/
20140523,298476774,20140523,JERUSALEM,ISR,EGYPT,EGY,190,재래식 군사력 사용,19,4,-10.0,38,6,38,0.575476019607452,"Rafah, Shamal Sina', Egypt",EG,http://in.reuters.com/article/2014/05/23/us-egypt-militant-idINKBN0E30C220140523?feedType=RSS&feedName=worldNews
20140523,298476775,20140523,JERUSALEM,ISR,EGYPT,EGY,190,재래식 군사력 사용,19,4,-10.0,10,4,10,0.673883021160001,"Cairo, Al Qahirah, Egypt",EG,http://in.reuters.com/article/2014/05/23/us-egypt-militant-idINKBN0E304J20140523?feedType=RSS&feedName=worldNews
20140523,298476776,20140523,JERUSALEM,ISR,EGYPT,EGY,190,재래식 군사력 사용,19,4,-10.0,87,13,87,1.15994509757634,"Rafah, Shamal Sina', Egypt",EG,http://www.updatednews.ca/2014/05/23/islamist-militant-leader-shadi-al-menei-killed-in-egypt/
20140523,298476777,20140523,ISRAEL,ISR,EGYPT,EGY,190,재래식 군사력 사용,19,4,-10.0,34,11,34,1.23568712324783,"Jerusalem, Israel (general), Israel",IS,http://in.reuters.com/article/2014/05/23/us-egypt-militant-idINKBN0E31FY20140523?feedType=RSS&feedName=worldNews
20140523,298476868,20140523,ISRAEL,ISR,IRAN,IRN,138,군사력 사용 위협,13,3,-7.0,1,1,1,2.17054263565891,"Tel Aviv, Tel Aviv, Israel",IS,http://english.farsnews.com/newstext.aspx?nn=13930302000597
20140523,298476869,20140523,ISRAEL,ISR,IRAN,IRN,138,군사력 사용 위협,13,3,-7.0,1,1,1,2.17054263565891,"Tel Aviv, Tel Aviv, Israel",IS,http://english.farsnews.com/newstext.aspx?nn=13930302000597
20140523,298476870,20140523,ISRAEL,ISR,IRAN,IRN,138,군사력 사용 위협,13,3,-7.0,8,1,8,2.17054263565891,"Tehran, Tehran, Iran",IR,http://english.farsnews.com/newstext.aspx?nn=13930302000597
20140523,298477377,20140523,ISRAEL,ISR,PALESTINIAN,PSE,163,금수·보이콧·제재 부과,16,4,-8.0,3,1,3,2.31839258114374,"Tel Aviv, Tel Aviv, Israel",IS,http://america.aljazeera.com/articles/2014/5/23/eu-bans-import-ofpoultryfromisraelisettlements.html
20140523,298477391,20140523,ISRAELI,ISR,PALESTINIAN,PSE,190,재래식 군사력 사용,19,4,-10.0,7,1,7,1.13996200126662,"Dead Sea, Israel (general), Israel",IS,http://www.thepeoplesvoice.org/TPV3/Voices.php/2014/05/23/israeli-state-terror
20140523,298477392,20140523,ISRAEL,ISR,WEST BANK,PSE,190,재래식 군사력 사용,19,4,-10.0,8,1,8,0.645161290322581,"Beitunya, West Bank (general), West Bank",WE,http://www.cnn.com/2014/05/23/world/meast/israel-west-bank-shooting/index.html?utm_source=feedburner&utm_medium=feed&utm_campaign=Feed%3A+rss%2Fcnn_latest+%28RSS%3A+Most+Recent%29
20140523,298477393,20140523,ISRAELI,ISR,PALESTINIAN,PSE,190,재래식 군사력 사용,19,4,-10.0,14,2,14,0.761396512628041,"Gaza, Israel (general), Israel",IS,http://www.imemc.org/article/67906&c=AJcF5sfa51HHoAxBhuIRzf6b0q0ZVD0XH8GaQXWr-V8&mkt=en-us
20140523,298477394,20140523,ISRAEL,ISR,PALESTINIAN,PSE,192,영토 점령,19,4,-9.5,3,1,3,3.83561643835616,United States,US,http://palestinianpundit.blogspot.com/2014/05/capitalists-technocrats-and-fanatics.html
20140523,298477395,20140523,ISRAELI,ISR,PALESTINIAN,PSE,193,소형무기·경무기를 이용한 전투,19,4,-10.0,1,1,1,1.03448275862069,Israel,IS,http://www.nation.com.pk/international/24-May-2014/un-for-probe-into-killing-of-palestinian-teens
20140523,298477396,20140523,ISRAELI,ISR,PALESTINIAN,PSE,193,소형무기·경무기를 이용한 전투,19,4,-10.0,4,1,4,2.06349206349206,"Hebron, Israel (general), Israel",IS,http://www.thenews.com.pk/Todays-News-9-251755-Israeli-impunity
20140523,298477397,20140523,ISRAEL,ISR,PALESTINIAN,PSE,193,소형무기·경무기를 이용한 전투,19,4,-10.0,8,1,8,0.529100529100529,"Ramallah, West Bank (general), West Bank",WE,http://www.israelhayom.com/site/newsletter_article.php?id=17717
20140523,298477398,20140523,ISRAELI,ISR,PALESTINIAN,PSE,193,소형무기·경무기를 이용한 전투,19,4,-10.0,20,3,16,0.6303402151862,"Gaza City, Israel (general), Israel",IS,http://www.imemc.org/article/67905
20140523,298477399,20140523,ISRAEL,ISR,GAZA,PSE,193,소형무기·경무기를 이용한 전투,19,4,-10.0,4,1,4,1.03626943005181,"Gaza City, Israel (general), Israel",IS,http://www.focus-fen.net/news/2014/05/23/337155/gaza-rocket-hits-israel-army.html
20140523,298477400,20140523,ISRAELI,ISR,PALESTINIAN,PSE,193,소형무기·경무기를 이용한 전투,19,4,-10.0,6,1,6,0.431034482758621,Gaza Strip,GZ,http://www.imemc.org/article/67906&c=AJcF5sfa51HHoAxBhuIRzf6b0q0ZVD0XH8GaQXWr-V8&mkt=en-us
20140523,298477401,20140523,ISRAELI,ISR,WEST BANK,PSE,193,소형무기·경무기를 이용한 전투,19,4,-10.0,2,1,2,1.20481927710843,Israel,IS,http://www.unmultimedia.org/radio/english/2014/05/call-for-investigation-of-palestinian-teenagers-killed-in-west-bank/
20140523,298477402,20140523,ISRAELI,ISR,PALESTINIAN,PSE,193,소형무기·경무기를 이용한 전투,19,4,-10.0,3,2,3,1.14804043761252,Israel,IS,http://www.unmultimedia.org/radio/english/2014/05/call-for-investigation-of-palestinian-teenagers-killed-in-west-bank/
20140523,298477403,20140523,JERUSALEM,ISR,PALESTINIAN,PSE,193,소형무기·경무기를 이용한 전투,19,4,-10.0,3,1,3,0.429184549356223,"Jerusalem, Israel (general), Israel",IS,http://www.clevelandjewishnews.com/news/national_world/article_a5b7316c-e274-11e3-ab2f-0019bb2963f4.html
20140523,298477404,20140523,JERUSALEM,ISR,PALESTINIAN,PSE,193,소형무기·경무기를 이용한 전투,19,4,-10.0,1,1,1,0.429184549356223,United States,US,http://www.clevelandjewishnews.com/news/national_world/article_a5b7316c-e274-11e3-ab2f-0019bb2963f4.html
20140523,298477405,20140523,ISRAEL,ISR,GAZA,PSE,194,포병·전차를 이용한 전투,19,4,-10.0,1,1,1,1.03626943005181,"Jerusalem, Israel (general), Israel",IS,http://www.focus-fen.net/news/2014/05/23/337155/gaza-rocket-hits-israel-army.html
20140523,298477406,20140523,ISRAEL,ISR,GAZA,PSE,194,포병·전차를 이용한 전투,19,4,-10.0,4,1,4,0.431034482758621,Gaza Strip,GZ,http://www.imemc.org/article/67906&c=AJcF5sfa51HHoAxBhuIRzf6b0q0ZVD0XH8GaQXWr-V8&mkt=en-us
20140523,298477419,20140523,ISRAELI,ISR,PALESTINIAN,PSE,190,재래식 군사력 사용,19,4,-10.0,2,1,2,0.965250965250965,Israel,IS,http://observers.france24.com/content/20140523-videos-israel-soldiers-live-bullets-protesters
20140523,298477504,20140523,ISRAELI,ISR,TURKEY,TUR,138,군사력 사용 위협,13,3,-7.0,2,1,2,1.13895216400911,"Gaza, Israel (general), Israel",IS,http://www.examiner.co.uk/news/west-yorkshire-news/huddersfield-human-rights-activist-head-7166724
20140523,298477692,20140523,ISRAEL,ISR,WEST BANK,PSE,193,소형무기·경무기를 이용한 전투,19,4,-10.0,4,1,4,1.20481927710843,Israel,IS,http://www.unmultimedia.org/radio/english/2014/05/call-for-investigation-of-palestinian-teenagers-killed-in-west-bank/
20140523,298477693,20140523,ISRAELI,ISR,PALESTINIAN,PSE,193,소형무기·경무기를 이용한 전투,19,4,-10.0,4,2,4,1.11965101786456,Israel,IS,http://www.nation.com.pk/international/24-May-2014/un-for-probe-into-killing-of-palestinian-teens
20140523,298477874,20140523,ISRAELI,ISR,PALESTINIAN,PSE,138,군사력 사용 위협,13,3,-7.0,2,1,2,1.13895216400911,"Gaza, Israel (general), Israel",IS,http://www.examiner.co.uk/news/west-yorkshire-news/huddersfield-human-rights-activist-head-7166724
20140523,298477875,20140523,ISRAELI,ISR,PALESTINIAN,PSE,193,소형무기·경무기를 이용한 전투,19,4,-10.0,4,1,4,1.68439716312057,"Gaza, Israel (general), Israel",IS,http://www.imemc.org/article/67905
20140523,298479169,20140523,JORDANIAN,JOR,SYRIA,SYR,195,공중무기 사용,19,4,-10.0,10,1,10,0.485436893203883,"Amman, (JO11), Jordan",JO,http://en.apa.az/news/211585
20140523,298479178,20140523,JORDAN,JOR,SYRIA,SYR,138,군사력 사용 위협,13,3,-7.0,2,2,2,2.89126007415272,"Amman, (JO11), Jordan",JO,http://www.rappler.com/world/regions/middle-east/58807-pope-francis-middle-east
20140523,298479179,20140523,JORDAN,JOR,SYRIA,SYR,138,군사력 사용 위협,13,3,-7.0,4,4,4,2.9162381497509,Syria,SY,http://www.ndtv.com/article/world/pope-begins-middle-east-pilgrimage-in-jordan-529935
20140523,298479180,20140523,JORDAN,JOR,SYRIA,SYR,138,군사력 사용 위협,13,3,-7.0,2,2,2,2.94121622534907,"Amman, (JO11), Jordan",JO,http://www.ndtv.com/article/world/pope-begins-middle-east-pilgrimage-in-jordan-529935
20140523,298479181,20140523,JORDANIAN,JOR,SYRIA,SYR,190,재래식 군사력 사용,19,4,-10.0,6,1,6,0.0,Jordan,JO,"Jordan Times website, Amman/BBC Monitoring/(c) BBC"
20140523,298479182,20140523,JORDANIAN,JOR,SYRIA,SYR,190,재래식 군사력 사용,19,4,-10.0,2,1,2,0.0,Syria,SY,"Jordan Times website, Amman/BBC Monitoring/(c) BBC"
20140523,298479183,20140523,JORDANIAN,JOR,SYRIA,SYR,190,재래식 군사력 사용,19,4,-10.0,2,1,2,0.0,Jordan,JO,"Jordan Times website, Amman/BBC Monitoring/(c) BBC"
20140523,298484947,20140523,BEIRUT,LBN,SYRIA,SYR,190,재래식 군사력 사용,19,4,-10.0,32,4,32,2.21874636824779,"Damascus, Dimashq, Syria",SY,http://www.kentucky.com/2014/05/23/3255535/mortar-hits-assads-election-rally.html
20140523,298484948,20140523,LEBANESE,LBN,SYRIA,SYR,190,재래식 군사력 사용,19,4,-10.0,40,19,40,1.89652333481707,"Beirut, Beyrouth, Lebanon",LE,http://www.military.com/daily-news/2014/05/23/mortar-attack-on-assad-gathering-in-syria-kills-21.html?comp=700001075741&rank=2
20140523,298484949,20140523,LEBANESE,LBN,SYRIA,SYR,190,재래식 군사력 사용,19,4,-10.0,4,2,4,2.05366328180221,"Damascus, Dimashq, Syria",SY,http://www.twincities.com/nation/ci_25821231/mortar-hits-assad-rally-syria-killing-scores
20140523,298484950,20140523,LEBANESE,LBN,SYRIA,SYR,190,재래식 군사력 사용,19,4,-10.0,6,3,6,1.94758083166501,"Beirut, Beyrouth, Lebanon",LE,http://www.pekintimes.com/article/20140523/NEWS/140529515
20140523,298484951,20140523,LEBANESE,LBN,SYRIA,SYR,190,재래식 군사력 사용,19,4,-10.0,22,10,22,1.81435551318212,"Aleppo, ?alab, Syria",SY,http://www.sj-r.com/article/20140523/NEWS/140529722/12662
20140523,298484952,20140523,LEBANESE,LBN,SYRIA,SYR,190,재래식 군사력 사용,19,4,-10.0,2,1,2,1.94410692588092,"Aleppo, ?alab, Syria",SY,http://news.kuwaittimes.net/mortar-fire-kills-21-assad-election-rally/
20140523,298484953,20140523,LEBANESE,LBN,SYRIA,SYR,190,재래식 군사력 사용,19,4,-10.0,4,2,4,2.13455405173545,Lebanon,LE,http://www.todayszaman.com/news-348523-attack-on-assad-election-gathering-in-syria-kills-21.html
20140523,298484954,20140523,LEBANESE,LBN,SYRIA,SYR,190,재래식 군사력 사용,19,4,-10.0,90,35,90,1.95284797189215,"Damascus, Dimashq, Syria",SY,http://www.morningjournal.com/general-news/20140523/mortar-attack-on-assad-gathering-in-syria-kills-21
20140523,298484955,20140523,LEBANESE,LBN,SYRIA,SYR,190,재래식 군사력 사용,19,4,-10.0,224,36,224,1.92931820510942,"Beirut, Beyrouth, Lebanon",LE,http://www.military.com/daily-news/2014/05/23/mortar-attack-on-assad-gathering-in-syria-kills-21.html?comp=700001075741&rank=2
20140523,298484956,20140523,LEBANON,LBN,SYRIA,SYR,190,재래식 군사력 사용,19,4,-10.0,10,4,10,1.86960328290805,"Aleppo, ?alab, Syria",SY,http://www.sj-r.com/article/20140523/NEWS/140529722/12662
20140523,298484957,20140523,LEBANESE,LBN,SYRIA,SYR,190,재래식 군사력 사용,19,4,-10.0,36,5,36,1.8963218240758,"Beirut, Beyrouth, Lebanon",LE,http://www.sj-r.com/article/20140523/NEWS/140529722/12662
20140523,298484958,20140523,LEBANESE,LBN,SYRIA,SYR,190,재래식 군사력 사용,19,4,-10.0,86,8,86,1.93350100230164,"Beirut, Beyrouth, Lebanon",LE,http://news.kuwaittimes.net/mortar-fire-kills-21-assad-election-rally/
20140523,298484959,20140523,LEBANON,LBN,SYRIA,SYR,190,재래식 군사력 사용,19,4,-10.0,2,1,2,1.10294117647059,"Damascus, Dimashq, Syria",SY,http://www.nagalandpost.com/ChannelNews/International/InternationalNews.aspx?news=TkVXUzEwMDA2MDE5Ng%3D%3D
20140523,298484960,20140523,LEBANESE,LBN,SYRIA,SYR,190,재래식 군사력 사용,19,4,-10.0,8,1,8,1.10294117647059,Lebanon,LE,http://www.nagalandpost.com/ChannelNews/International/InternationalNews.aspx?news=TkVXUzEwMDA2MDE5Ng%3D%3D
20140523,298484961,20140523,LEBANON,LBN,SYRIA,SYR,190,재래식 군사력 사용,19,4,-10.0,4,2,4,1.92745745162751,"Aleppo, ?alab, Syria",SY,http://www.todayszaman.com/news-348523-attack-on-assad-election-gathering-in-syria-kills-21.html
20140523,298484962,20140523,LEBANESE,LBN,SYRIA,SYR,190,재래식 군사력 사용,19,4,-10.0,12,2,12,1.92745745162752,Lebanon,LE,http://www.todayszaman.com/news-348523-attack-on-assad-election-gathering-in-syria-kills-21.html
20140523,298484963,20140523,LEBANESE,LBN,SYRIA,SYR,190,재래식 군사력 사용,19,4,-10.0,8,1,8,2.17889908256881,Lebanon,LE,http://www.theepochtimes.com/n3/691816-mortar-hits-assad-supporters-in-syria-killing-21/
20140523,298484964,20140523,LEBANON,LBN,SYRIA,SYR,193,소형무기·경무기를 이용한 전투,19,4,-10.0,17,17,17,2.04887895567409,"Damascus, Dimashq, Syria",SY,http://www.leaderherald.com/page/content.detail/id/509609/Syrian-rebels-strike-pro-Assad-campaign-event.html?isap=1&nav=5042
20140523,298484965,20140523,LEBANON,LBN,SYRIA,SYR,193,소형무기·경무기를 이용한 전투,19,4,-10.0,17,17,17,2.04887895567409,"Beirut, Beyrouth, Lebanon",LE,http://www.leaderherald.com/page/content.detail/id/509609/Syrian-rebels-strike-pro-Assad-campaign-event.html?isap=1&nav=5042
20140523,298484966,20140523,BEIRUT,LBN,SYRIA,SYR,193,소형무기·경무기를 이용한 전투,19,4,-10.0,15,7,15,0.3584229390681,Syria,SY,http://nepr.net/news/2014/05/23/mortar-attack-hits-election-rally-in-syria-killing-21/
20140523,298484967,20140523,BEIRUT,LBN,SYRIA,SYR,193,소형무기·경무기를 이용한 전투,19,4,-10.0,6,6,6,0.0,Syria,SY,http://wyomingpublicmedia.org/post/mortar-attack-hits-election-rally-syria-killing-21
20140523,298505066,20140523,PALESTINIAN,PSE,ISRAEL,ISR,163,금수·보이콧·제재 부과,16,4,-8.0,1,1,1,2.31839258114374,"Tel Aviv, Tel Aviv, Israel",IS,http://america.aljazeera.com/articles/2014/5/23/eu-bans-import-ofpoultryfromisraelisettlements.html
20140523,298505068,20140523,WEST BANK,PSE,ISRAEL,ISR,190,재래식 군사력 사용,19,4,-10.0,2,1,2,1.20481927710843,"Beituniya, West Bank (general), West Bank",WE,http://www.unmultimedia.org/radio/english/2014/05/call-for-investigation-of-palestinian-teenagers-killed-in-west-bank/
20140523,298505069,20140523,WEST BANK,PSE,ISRAEL,ISR,190,재래식 군사력 사용,19,4,-10.0,4,1,4,1.20481927710843,Israel,IS,http://www.unmultimedia.org/radio/english/2014/05/call-for-investigation-of-palestinian-teenagers-killed-in-west-bank/
20140523,298505070,20140523,GAZA,PSE,ISRAEL,ISR,190,재래식 군사력 사용,19,4,-10.0,2,1,2,1.58730158730159,"Gaza, Israel (general), Israel",IS,http://www.dailystar.com.lb/News/Middle-East/2014/May-23/257580-gaza-rocket-hits-israel-army.ashx
20140523,298505071,20140523,PALESTINIAN,PSE,ISRAEL,ISR,190,재래식 군사력 사용,19,4,-10.0,4,1,4,0.732600732600733,Israel,IS,http://www.kspr.com/news/nationworld/Palestinian-teens-killed-in-skirmishes/21051646_26139832
20140523,298505072,20140523,PALESTINE,PSE,ISRAEL,ISR,193,소형무기·경무기를 이용한 전투,19,4,-10.0,2,1,2,1.13996200126662,"Dead Sea, Israel (general), Israel",IS,http://www.thepeoplesvoice.org/TPV3/Voices.php/2014/05/23/israeli-state-terror
20140523,298505073,20140523,PALESTINIAN,PSE,ISRAELI,ISR,193,소형무기·경무기를 이용한 전투,19,4,-10.0,2,1,2,2.06349206349206,"Hebron, Israel (general), Israel",IS,http://www.thenews.com.pk/Todays-News-9-251755-Israeli-impunity
20140523,298505074,20140523,WEST BANK,PSE,ISRAEL,ISR,193,소형무기·경무기를 이용한 전투,19,4,-10.0,4,1,4,2.06349206349206,"Hebron, Israel (general), Israel",IS,http://www.thenews.com.pk/Todays-News-9-251755-Israeli-impunity
20140523,298505075,20140523,PALESTINIAN,PSE,ISRAELI,ISR,193,소형무기·경무기를 이용한 전투,19,4,-10.0,3,1,3,1.68439716312057,"Gaza, Israel (general), Israel",IS,http://www.imemc.org/article/67905
20140523,298505076,20140523,PALESTINIAN,PSE,ISRAELI,ISR,193,소형무기·경무기를 이용한 전투,19,4,-10.0,1,1,1,1.68439716312057,"Rafah, Gaza Strip (general), Gaza Strip",GZ,http://www.imemc.org/article/67905
20140523,298505077,20140523,PALESTINIAN,PSE,ISRAELI,ISR,193,소형무기·경무기를 이용한 전투,19,4,-10.0,10,1,10,0.814332247557003,Israel,IS,http://www.saudigazette.com.sa/index.cfm?method=home.regcon&contentid=20140524206161
20140523,298505078,20140523,WEST BANK,PSE,ISRAEL,ISR,193,소형무기·경무기를 이용한 전투,19,4,-10.0,2,1,2,1.52027027027027,"Hebron, Israel (general), Israel",IS,http://www.bloomberg.com/news/2014-05-22/israeli-vandals-taking-aim-at-mosques-pope-put-arabs-on-edge.html
20140523,298505079,20140523,GAZA,PSE,ISRAEL,ISR,194,포병·전차를 이용한 전투,19,4,-10.0,12,1,10,1.03626943005181,"Jerusalem, Israel (general), Israel",IS,http://www.focus-fen.net/news/2014/05/23/337155/gaza-rocket-hits-israel-army.html
20140523,298505080,20140523,PALESTINIAN,PSE,ISRAEL,ISR,194,포병·전차를 이용한 전투,19,4,-10.0,1,1,1,1.03626943005181,"Gaza City, Israel (general), Israel",IS,http://www.focus-fen.net/news/2014/05/23/337155/gaza-rocket-hits-israel-army.html
20140523,298505081,20140523,PALESTINIAN,PSE,ISRAEL,ISR,194,포병·전차를 이용한 전투,19,4,-10.0,2,1,1,1.03626943005181,Gaza Strip,GZ,http://www.focus-fen.net/news/2014/05/23/337155/gaza-rocket-hits-israel-army.html
20140523,298505082,20140523,GAZA,PSE,ISRAEL,ISR,194,포병·전차를 이용한 전투,19,4,-10.0,8,2,8,0.720101258894363,"Gaza, Israel (general), Israel",IS,http://www.dailystar.com.lb/News/Middle-East/2014/May-23/257580-gaza-rocket-hits-israel-army.ashx
20140523,298505083,20140523,GAZA,PSE,ISRAEL,ISR,194,포병·전차를 이용한 전투,19,4,-10.0,4,2,4,0.0,Gaza Strip,GZ,http://www.timesofisrael.com/gaza-rocket-hits-southern-israel-after-3-week-lull/
20140523,298505084,20140523,GAZA,PSE,ISRAEL,ISR,194,포병·전차를 이용한 전투,19,4,-10.0,10,1,10,0.0,Israel,IS,"Voice of Israel, Jerusalem/BBC Monitoring/(c) BBC"
20140523,298505086,20140523,PALESTINIAN,PSE,ISRAEL,ISR,154,군 병력 동원·증강,15,4,-7.2,5,4,5,1.05389150824517,"Beersheva, HaDarom, Israel",IS,http://www.middle-east-online.com/english/?id=66130
20140523,298505087,20140523,WEST BANK,PSE,ISRAEL,ISR,154,군 병력 동원·증강,15,4,-7.2,2,1,2,2.04081632653061,"Jerusalem, Israel (general), Israel",IS,http://www.chinapost.com.tw/international/middle-east/2014/05/24/408505/Tense-Middle.htm
20140523,298505088,20140523,PALESTINIAN,PSE,ISRAEL,ISR,154,군 병력 동원·증강,15,4,-7.2,5,4,5,1.05389150824517,"Mount Zion, West Bank (general), West Bank",WE,http://www.middle-east-online.com/english/?id=66130
20140523,298505089,20140523,WEST BANK,PSE,ISRAEL,ISR,154,군 병력 동원·증강,15,4,-7.2,18,3,18,1.46406157361922,"Jerusalem, Israel (general), Israel",IS,http://www.news24.com/World/News/Israel-restricts-radical-Jews-ahead-of-popes-visit-20140523
20140523,298505090,20140523,WEST BANK,PSE,ISRAEL,ISR,154,군 병력 동원·증강,15,4,-7.2,2,1,2,1.24378109452736,"Mount Zion, West Bank (general), West Bank",WE,http://www.hurriyetdailynews.com/israel-restricts-radical-jews-ahead-of-popes-visit.aspx?pageID=238&nid=66876&NewsCatID=352
20140523,298505091,20140523,WEST BANK,PSE,ISRAEL,ISR,154,군 병력 동원·증강,15,4,-7.2,4,2,4,1.57420181316515,"Jerusalem, Israel (general), Israel",IS,http://www.news24.com/World/News/Israel-restricts-radical-Jews-ahead-of-popes-visit-20140523
20140523,298505092,20140523,PALESTINIAN,PSE,ISRAEL,ISR,154,군 병력 동원·증강,15,4,-7.2,2,1,2,2.04081632653061,"Jerusalem, Israel (general), Israel",IS,http://www.chinapost.com.tw/international/middle-east/2014/05/24/408505/Tense-Middle.htm
20140523,298505096,20140523,WEST BANK,PSE,ISRAEL,ISR,190,재래식 군사력 사용,19,4,-10.0,2,1,2,1.10236220472441,Israel,IS,http://www.maannews.net/eng/ViewDetails.aspx?ID=699543
20140523,298505097,20140523,WEST BANK,PSE,ISRAEL,ISR,190,재래식 군사력 사용,19,4,-10.0,2,1,2,1.10236220472441,Israel,IS,http://www.maannews.net/eng/ViewDetails.aspx?ID=699543
20140523,298505098,20140523,WEST BANK,PSE,ISRAEL,ISR,190,재래식 군사력 사용,19,4,-10.0,2,1,2,1.10236220472441,West Bank,WE,http://www.maannews.net/eng/ViewDetails.aspx?ID=699543
20140523,298505103,20140523,PALESTINE,PSE,ISRAEL,ISR,190,재래식 군사력 사용,19,4,-10.0,4,1,4,1.68439716312057,"Gaza, Israel (general), Israel",IS,http://www.imemc.org/article/67905
20140523,298505110,20140523,PALESTINIAN,PSE,ISRAEL,ISR,190,재래식 군사력 사용,19,4,-10.0,4,1,4,0.965250965250965,Israel,IS,http://observers.france24.com/content/20140523-videos-israel-soldiers-live-bullets-protesters
20140523,298505117,20140523,WEST BANK,PSE,ISRAEL,ISR,193,소형무기·경무기를 이용한 전투,19,4,-10.0,2,1,2,1.52027027027027,"Hebron, Israel (general), Israel",IS,http://www.bloomberg.com/news/2014-05-22/israeli-vandals-taking-aim-at-mosques-pope-put-arabs-on-edge.html
20140523,298505415,20140523,PALESTINIAN,PSE,ISRAEL,ISR,194,포병·전차를 이용한 전투,19,4,-10.0,2,1,1,1.03626943005181,Gaza Strip,GZ,http://www.focus-fen.net/news/2014/05/23/337155/gaza-rocket-hits-israel-army.html
20140523,298506092,20140523,AL JAZEERA,QAT,EGYPT,EGY,190,재래식 군사력 사용,19,4,-10.0,12,1,12,2.17391304347826,"Cairo, Al Qahirah, Egypt",EG,http://www.aljazeera.com/news/middleeast/2014/05/morsi-supporters-clash-with-police-egypt-2014523173554998167.html
20140523,298506102,20140523,AL JAZEERA,QAT,SYRIA,SYR,195,공중무기 사용,19,4,-10.0,20,1,20,2.56410256410256,"Maaloula, Rif Dimashq, Syria",SY,http://www.aljazeera.com/news/middleeast/2014/05/deadly-attack-targets-assad-rally-syria-2014523131846222970.html/RK=0
20140523,298506103,20140523,AL JAZEERA,QAT,ISTANBUL,TUR,190,재래식 군사력 사용,19,4,-10.0,7,1,7,1.63934426229508,"Istanbul, Istanbul, Turkey",TU,http://america.aljazeera.com/articles/2014/5/23/turkey-protest-clash.html
20140523,298511392,20140523,SAUDI ARABIA,SAU,PALESTINIAN,PSE,193,소형무기·경무기를 이용한 전투,19,4,-10.0,4,1,4,0.814332247557003,Israel,IS,http://www.saudigazette.com.sa/index.cfm?method=home.regcon&contentid=20140524206161
20140523,298513466,20140523,SYRIA,SYR,SINAI,EGY,190,재래식 군사력 사용,19,4,-10.0,3,1,3,2.00364298724954,Syria,SY,http://www.irishtimes.com/news/world/middle-east/egypt-besieged-on-all-sides-as-it-heads-into-another-election-1.1807019
20140523,298513567,20140523,SYRIA,SYR,SHIRAZ,IRN,190,재래식 군사력 사용,19,4,-10.0,4,1,4,2.2883295194508,"Damascus, Dimashq, Syria",SY,http://www.digitaljournal.com/news/religion/op-ed-the-darkest-season-a-christian-winter-in-the-middle-east/article/381535
20140523,298513578,20140523,SYRIA,SYR,IRAQ,IRQ,190,재래식 군사력 사용,19,4,-10.0,6,3,6,2.17045634171107,"Shahba, As Suwayda', Syria",SY,http://www.thenewstribune.com/2014/05/23/3208602/fleeing-syrians-find-a-hard-sanctuary.html?sp=/99/296/358/
20140523,298513579,20140523,SYRIA,SYR,IRAQ,IRQ,190,재래식 군사력 사용,19,4,-10.0,24,3,24,2.17045634171107,Norway,NO,http://www.thenewstribune.com/2014/05/23/3208602/fleeing-syrians-find-a-hard-sanctuary.html?sp=/99/296/358/
20140523,298513580,20140523,SYRIA,SYR,IRAQ,IRQ,190,재래식 군사력 사용,19,4,-10.0,2,1,2,1.99866755496336,"Bab Al Hawa, Al ?asakah, Syria",SY,http://www.pbs.org/wgbh/pages/frontline/foreign-affairs-defense/syria-arming-the-rebels/for-syrians-fleeing-violence-scant-refuge-or-relief/
20140523,298513581,20140523,SYRIA,SYR,IRAQ,IRQ,190,재래식 군사력 사용,19,4,-10.0,8,1,8,1.99866755496336,Norway,NO,http://www.pbs.org/wgbh/pages/frontline/foreign-affairs-defense/syria-arming-the-rebels/for-syrians-fleeing-violence-scant-refuge-or-relief/
20140523,298513615,20140523,SYRIA,SYR,JORDAN,JOR,190,재래식 군사력 사용,19,4,-10.0,1,1,1,0.0,Jordan,JO,"Jordan Times website, Amman/BBC Monitoring/(c) BBC"
20140523,298513616,20140523,SYRIA,SYR,JORDANIAN,JOR,190,재래식 군사력 사용,19,4,-10.0,7,1,7,0.0,Syria,SY,"Jordan Times website, Amman/BBC Monitoring/(c) BBC"
20140523,298513672,20140523,SYRIA,SYR,LEBANESE,LBN,190,재래식 군사력 사용,19,4,-10.0,2,1,2,2.11038961038961,"Damascus, Dimashq, Syria",SY,http://hosted2.ap.org/APDEFAULT/cae69a7523db45408eeb2b3a98c0c9c5/Article_2014-05-23-Syria/id-cf650b3fbb254adfaa547ec845e6ab2d
20140523,298513673,20140523,SYRIA,SYR,LEBANESE,LBN,190,재래식 군사력 사용,19,4,-10.0,40,19,40,1.89652333481707,"Beirut, Beyrouth, Lebanon",LE,http://www.military.com/daily-news/2014/05/23/mortar-attack-on-assad-gathering-in-syria-kills-21.html?comp=700001075741&rank=2
20140523,298513674,20140523,SYRIA,SYR,LEBANESE,LBN,190,재래식 군사력 사용,19,4,-10.0,90,35,90,1.95284797189215,"Damascus, Dimashq, Syria",SY,http://www.morningjournal.com/general-news/20140523/mortar-attack-on-assad-gathering-in-syria-kills-21
20140523,298513675,20140523,SYRIA,SYR,LEBANESE,LBN,190,재래식 군사력 사용,19,4,-10.0,224,36,224,1.92931820510942,"Beirut, Beyrouth, Lebanon",LE,http://www.military.com/daily-news/2014/05/23/mortar-attack-on-assad-gathering-in-syria-kills-21.html?comp=700001075741&rank=2
20140523,298513676,20140523,SYRIA,SYR,LEBANON,LBN,190,재래식 군사력 사용,19,4,-10.0,2,1,2,1.10294117647059,"Damascus, Dimashq, Syria",SY,http://www.nagalandpost.com/ChannelNews/International/InternationalNews.aspx?news=TkVXUzEwMDA2MDE5Ng%3D%3D
20140523,298513677,20140523,SYRIA,SYR,LEBANESE,LBN,190,재래식 군사력 사용,19,4,-10.0,8,1,8,1.10294117647059,Lebanon,LE,http://www.nagalandpost.com/ChannelNews/International/InternationalNews.aspx?news=TkVXUzEwMDA2MDE5Ng%3D%3D
20140523,298513678,20140523,SYRIA,SYR,LEBANESE,LBN,190,재래식 군사력 사용,19,4,-10.0,22,10,22,1.81435551318212,"Aleppo, ?alab, Syria",SY,http://www.sj-r.com/article/20140523/NEWS/140529722/12662
20140523,298513679,20140523,SYRIA,SYR,LEBANON,LBN,190,재래식 군사력 사용,19,4,-10.0,10,4,10,1.86960328290805,"Aleppo, ?alab, Syria",SY,http://www.sj-r.com/article/20140523/NEWS/140529722/12662
20140523,298513680,20140523,SYRIA,SYR,LEBANESE,LBN,190,재래식 군사력 사용,19,4,-10.0,36,5,36,1.8963218240758,"Beirut, Beyrouth, Lebanon",LE,http://www.sj-r.com/article/20140523/NEWS/140529722/12662
20140523,298513681,20140523,SYRIA,SYR,LEBANON,LBN,190,재래식 군사력 사용,19,4,-10.0,4,2,4,1.92745745162751,"Aleppo, ?alab, Syria",SY,http://www.todayszaman.com/news-348523-attack-on-assad-election-gathering-in-syria-kills-21.html
20140523,298513682,20140523,SYRIA,SYR,LEBANESE,LBN,190,재래식 군사력 사용,19,4,-10.0,12,2,12,1.92745745162752,Lebanon,LE,http://www.todayszaman.com/news-348523-attack-on-assad-election-gathering-in-syria-kills-21.html
20140523,298513683,20140523,SYRIA,SYR,LEBANESE,LBN,190,재래식 군사력 사용,19,4,-10.0,4,2,4,2.05366328180221,"Damascus, Dimashq, Syria",SY,http://www.twincities.com/nation/ci_25821231/mortar-hits-assad-rally-syria-killing-scores
20140523,298513684,20140523,SYRIA,SYR,LEBANESE,LBN,190,재래식 군사력 사용,19,4,-10.0,6,3,6,1.94758083166501,"Beirut, Beyrouth, Lebanon",LE,http://www.pekintimes.com/article/20140523/NEWS/140529515
20140523,298513685,20140523,SYRIA,SYR,LEBANESE,LBN,190,재래식 군사력 사용,19,4,-10.0,2,1,2,1.94410692588092,"Aleppo, ?alab, Syria",SY,http://news.kuwaittimes.net/mortar-fire-kills-21-assad-election-rally/
20140523,298513686,20140523,SYRIA,SYR,LEBANESE,LBN,190,재래식 군사력 사용,19,4,-10.0,86,8,86,1.93350100230164,"Beirut, Beyrouth, Lebanon",LE,http://news.kuwaittimes.net/mortar-fire-kills-21-assad-election-rally/
20140523,298513687,20140523,SYRIA,SYR,LEBANESE,LBN,190,재래식 군사력 사용,19,4,-10.0,4,2,4,2.13455405173545,Lebanon,LE,http://www.todayszaman.com/news-348523-attack-on-assad-election-gathering-in-syria-kills-21.html
20140523,298513688,20140523,SYRIA,SYR,LEBANESE,LBN,190,재래식 군사력 사용,19,4,-10.0,8,1,8,2.17889908256881,Lebanon,LE,http://www.theepochtimes.com/n3/691816-mortar-hits-assad-supporters-in-syria-killing-21/
20140523,298513965,20140523,SYRIA,SYR,SHIRAZ,IRN,190,재래식 군사력 사용,19,4,-10.0,4,1,4,2.2883295194508,"Shiraz, Fars, Iran",IR,http://www.digitaljournal.com/news/religion/op-ed-the-darkest-season-a-christian-winter-in-the-middle-east/article/381535
20140523,298514150,20140523,SYRIA,SYR,JORDANIAN,JOR,190,재래식 군사력 사용,19,4,-10.0,2,1,2,0.0,Jordan,JO,"Jordan Times website, Amman/BBC Monitoring/(c) BBC"
20140523,298514151,20140523,SYRIA,SYR,JORDANIAN,JOR,190,재래식 군사력 사용,19,4,-10.0,6,1,6,0.0,Jordan,JO,"Jordan Times website, Amman/BBC Monitoring/(c) BBC"
20140523,298514152,20140523,SYRIA,SYR,JORDANIAN,JOR,190,재래식 군사력 사용,19,4,-10.0,2,1,2,0.0,Syria,SY,"Jordan Times website, Amman/BBC Monitoring/(c) BBC"
20140523,298516513,20140523,ISTANBUL,TUR,AL JAZEERA,QAT,190,재래식 군사력 사용,19,4,-10.0,7,1,7,1.63934426229508,"Istanbul, Istanbul, Turkey",TU,http://america.aljazeera.com/articles/2014/5/23/turkey-protest-clash.html
20140524,298577114,20140524,EGYPTIAN,EGY,ISRAEL,ISR,154,군 병력 동원·증강,15,4,-7.2,1,1,1,3.67100371747212,"Nile River, Egypt (general), Egypt",EG,http://www.zawya.com/story/ElSisi_And_Sabahi_Speak_On_Key_Issues_A_Virtual_Debate-ZAWYA20140524072942/
20140524,298577115,20140524,EGYPTIAN,EGY,ISRAEL,ISR,154,군 병력 동원·증강,15,4,-7.2,1,1,1,3.67100371747212,"Jerusalem, Israel (general), Israel",IS,http://www.zawya.com/story/ElSisi_And_Sabahi_Speak_On_Key_Issues_A_Virtual_Debate-ZAWYA20140524072942/
20140524,298577120,20140524,SINAI,EGY,ISRAEL,ISR,190,재래식 군사력 사용,19,4,-10.0,16,3,12,1.00202925697975,"Jerusalem, Israel (general), Israel",IS,http://www.stabroeknews.com/2014/news/world/05/24/islamist-militant-leader-egypts-sinai-killed-security-sources/
20140524,298577121,20140524,EGYPT,EGY,ISRAEL,ISR,190,재래식 군사력 사용,19,4,-10.0,4,1,4,1.70940170940171,"Eilat, HaDarom, Israel",IS,http://www.worthynews.com/13425-leader-of-sinai-jihadist-group-which-fired-rockets-on-eilat-killed-in-egypt
20140524,298577122,20140524,EGYPT,EGY,ISRAEL,ISR,190,재래식 군사력 사용,19,4,-10.0,2,1,2,1.70940170940171,Egypt,EG,http://www.worthynews.com/13425-leader-of-sinai-jihadist-group-which-fired-rockets-on-eilat-killed-in-egypt
20140524,298577123,20140524,SINAI,EGY,ISRAEL,ISR,194,포병·전차를 이용한 전투,19,4,-10.0,1,1,1,1.70940170940171,Egypt,EG,http://www.worthynews.com/13425-leader-of-sinai-jihadist-group-which-fired-rockets-on-eilat-killed-in-egypt
20140524,298577124,20140524,SINAI,EGY,ISRAEL,ISR,194,포병·전차를 이용한 전투,19,4,-10.0,5,1,5,1.70940170940171,Egypt,EG,http://www.worthynews.com/13425-leader-of-sinai-jihadist-group-which-fired-rockets-on-eilat-killed-in-egypt
20140524,298577125,20140524,EGYPT,EGY,ISRAEL,ISR,190,재래식 군사력 사용,19,4,-10.0,2,1,2,5.64971751412429,Israel,IS,http://www.breitbart.com/Big-Peace/2014/05/24/Democracy-Versus-the-Muslim-Brotherhood
20140524,298591406,20140524,IRAN,IRN,IRAQ,IRQ,190,재래식 군사력 사용,19,4,-10.0,1,1,1,4.36161776367962,"Kremlin, Moskva, Russia",RS,Quotes package from BBC Monitoring/BBC Monitoring/(c) BBC
20140524,298591407,20140524,IRAN,IRN,IRAQ,IRQ,190,재래식 군사력 사용,19,4,-10.0,2,1,2,4.36161776367962,"Mahmud Abbas, Sala? ad Din, Iraq",IZ,Quotes package from BBC Monitoring/BBC Monitoring/(c) BBC
20140524,298591408,20140524,IRAN,IRN,IRAQ,IRQ,190,재래식 군사력 사용,19,4,-10.0,6,1,6,4.36161776367962,"Mahmud Abbas, Sala? ad Din, Iraq",IZ,Quotes package from BBC Monitoring/BBC Monitoring/(c) BBC
20140524,298591409,20140524,IRAN,IRN,IRAQ,IRQ,190,재래식 군사력 사용,19,4,-10.0,1,1,1,4.36161776367962,"White House, District of Columbia, United States",US,Quotes package from BBC Monitoring/BBC Monitoring/(c) BBC
20140524,298591453,20140524,IRAN,IRN,LEBANON,LBN,190,재래식 군사력 사용,19,4,-10.0,1,1,1,2.23642172523962,"Bir Hassan, Mont-Liban, Lebanon",LE,"http://www.ynetnews.com/articles/0,7340,L-4523086,00.html"
20140524,298591454,20140524,IRAN,IRN,LEBANON,LBN,190,재래식 군사력 사용,19,4,-10.0,1,1,1,2.23642172523962,"Bir Hassan, Mont-Liban, Lebanon",LE,"http://www.ynetnews.com/articles/0,7340,L-4523086,00.html"
20140524,298592023,20140524,IRAQ,IRQ,IRAN,IRN,190,재래식 군사력 사용,19,4,-10.0,2,1,2,4.36161776367962,"Mahmud Abbas, Sala? ad Din, Iraq",IZ,Quotes package from BBC Monitoring/BBC Monitoring/(c) BBC
20140524,298592024,20140524,IRAQ,IRQ,IRANIAN,IRN,190,재래식 군사력 사용,19,4,-10.0,6,1,6,0.0,"Baqubah, DiyaláZ, Iraq",IZ,"Fars News Agency website, Tehran/BBC Monitoring/(c) BBC"
20140524,298592025,20140524,IRAQ,IRQ,IRAN,IRN,190,재래식 군사력 사용,19,4,-10.0,1,1,1,0.0,"Tehran, Tehran, Iran",IR,"Fars News Agency website, Tehran/BBC Monitoring/(c) BBC"
20140524,298592026,20140524,IRAQ,IRQ,IRAN,IRN,190,재래식 군사력 사용,19,4,-10.0,1,1,1,0.0,"Tehran, Tehran, Iran",IR,"Fars News Agency website, Tehran/BBC Monitoring/(c) BBC"
20140524,298592027,20140524,IRAQ,IRQ,IRAN,IRN,190,재래식 군사력 사용,19,4,-10.0,8,1,8,4.36161776367962,"Mahmud Abbas, Sala? ad Din, Iraq",IZ,Quotes package from BBC Monitoring/BBC Monitoring/(c) BBC
20140524,298592028,20140524,IRAQ,IRQ,KURDISTAN,IRN,193,소형무기·경무기를 이용한 전투,19,4,-10.0,2,1,2,0.609756097560976,Iraq,IZ,http://cpt.org/cptnet/2014/05/24/iraqi-kurdistan-fingers-should-be-used-voting-not-shooting%E2%80%9D-cpt-reports-iraqi-elec
20140524,298592029,20140524,BAGHDAD,IRQ,IRANIAN,IRN,190,재래식 군사력 사용,19,4,-10.0,20,2,20,0.293255131964809,"Ramadi, Al Anbar, Iraq",IZ,http://twocircles.net/2014may25/12_killed_separate_attacks_across_iraq.html
20140524,298592030,20140524,IRAQ,IRQ,IRANIAN,IRN,190,재래식 군사력 사용,19,4,-10.0,3,1,3,0.471698113207547,"Diyala, DiyaláZ, Iraq",IZ,http://english.farsnews.com/newstext.aspx?nn=13930303001784
20140524,298592031,20140524,IRAQ,IRQ,IRAN,IRN,190,재래식 군사력 사용,19,4,-10.0,6,2,6,0.349688262401735,"Diyala, DiyaláZ, Iraq",IZ,http://www.business-standard.com/article/news-ians/12-killed-in-separate-attacks-across-iraq-114052401103_1.html
20140524,298592032,20140524,IRAQ,IRQ,IRANIAN,IRN,190,재래식 군사력 사용,19,4,-10.0,6,1,6,0.294117647058824,"Anbar, Sistan va Baluchestan, Iran",IR,http://www.business-standard.com/article/news-ians/12-killed-in-separate-attacks-across-iraq-114052401103_1.html
20140524,298592033,20140524,IRAQ,IRQ,IRAN,IRN,190,재래식 군사력 사용,19,4,-10.0,1,1,1,1.31147540983607,"Diyala, DiyaláZ, Iraq",IZ,http://www.irna.ir/en/News/81176094/Politic/Iran_condemns_terrorist_attack_in_Iraq_claiming_Iranian_technicians%E2%80%99_lives
20140524,298592034,20140524,IRAQ,IRQ,IRANIAN,IRN,190,재래식 군사력 사용,19,4,-10.0,4,1,4,1.31147540983607,"Tehran, Tehran, Iran",IR,http://www.irna.ir/en/News/81176094/Politic/Iran_condemns_terrorist_attack_in_Iraq_claiming_Iranian_technicians%E2%80%99_lives
20140524,298592035,20140524,IRAQ,IRQ,IRAN,IRN,190,재래식 군사력 사용,19,4,-10.0,3,2,3,0.757433293633381,"Diyala, DiyaláZ, Iraq",IZ,http://english.farsnews.com/newstext.aspx?nn=13930303001784
20140524,298592036,20140524,IRAQ,IRQ,IRANIAN,IRN,190,재래식 군사력 사용,19,4,-10.0,4,1,4,1.32890365448505,Iran,IR,http://en.trend.az/regions/iran/2277991.html
20140524,298592037,20140524,BAGHDAD,IRQ,IRANIAN,IRN,190,재래식 군사력 사용,19,4,-10.0,10,1,10,0.958466453674121,"Santa Barbara County, California, United States",US,http://www.globalpost.com/dispatch/news/xinhua-news-agency/140524/xinhua-world-news-summary-at-1530-gmt-may-24
20140524,298592039,20140524,IRAQ,IRQ,IRAN,IRN,190,재래식 군사력 사용,19,4,-10.0,1,1,1,0.305810397553517,"Ramadi, Al Anbar, Iraq",IZ,http://www.newkerala.com/news/2014/fullnews-58131.html/RK=0
20140524,298592040,20140524,IRAQ,IRQ,IRAN,IRN,190,재래식 군사력 사용,19,4,-10.0,1,1,1,1.31147540983607,"Tehran, Tehran, Iran",IR,http://www.irna.ir/en/News/81176094/Politic/Iran_condemns_terrorist_attack_in_Iraq_claiming_Iranian_technicians%E2%80%99_lives
20140524,298592041,20140524,IRAQ,IRQ,IRAN,IRN,190,재래식 군사력 사용,19,4,-10.0,1,1,1,1.32890365448505,Iran,IR,http://en.trend.az/regions/iran/2277991.html
20140524,298592042,20140524,IRAQ,IRQ,IRAN,IRN,190,재래식 군사력 사용,19,4,-10.0,4,4,4,0.335364351019,"Anbar, Sistan va Baluchestan, Iran",IR,http://twocircles.net/2014may25/12_killed_separate_attacks_across_iraq.html
20140524,298592043,20140524,IRAQ,IRQ,IRAN,IRN,190,재래식 군사력 사용,19,4,-10.0,1,1,1,0.958466453674121,Iran,IR,http://www.globalpost.com/dispatch/news/xinhua-news-agency/140524/xinhua-world-news-summary-at-1530-gmt-may-24
20140524,298592044,20140524,IRAQI,IRQ,IRANIAN,IRN,190,재래식 군사력 사용,19,4,-10.0,10,1,10,0.0,"Baqubah, DiyaláZ, Iraq",IZ,"Fars News Agency website, Tehran/BBC Monitoring/(c) BBC"
20140524,298592045,20140524,IRAQ,IRQ,IRAN,IRN,190,재래식 군사력 사용,19,4,-10.0,1,1,1,0.471698113207547,"Diyala, DiyaláZ, Iraq",IZ,http://english.farsnews.com/newstext.aspx?nn=13930303001784
20140524,298592046,20140524,IRAQ,IRQ,IRAN,IRN,190,재래식 군사력 사용,19,4,-10.0,2,2,2,0.23781246465332,United States,US,http://www.philippinetimes.com/index.php/sid/222294275/scat/2411cd3571b4f088
20140524,298592047,20140524,IRAQI,IRQ,IRAN,IRN,194,포병·전차를 이용한 전투,19,4,-10.0,2,1,2,0.0,"Baqubah, DiyaláZ, Iraq",IZ,"Fars News Agency website, Tehran/BBC Monitoring/(c) BBC"
20140524,298592048,20140524,IRAQI,IRQ,IRANIAN,IRN,194,포병·전차를 이용한 전투,19,4,-10.0,8,1,8,0.0,"Tehran, Tehran, Iran",IR,"Fars News Agency website, Tehran/BBC Monitoring/(c) BBC"
20140524,298592170,20140524,BAGHDAD,IRQ,SYRIA,SYR,190,재래식 군사력 사용,19,4,-10.0,2,1,2,1.05820105820106,"Baiji, Sala? ad Din, Iraq",IZ,http://thepeninsulaqatar.com/news/latest-news/284955/five-daash-militants-killed-in-south-baghdad
20140524,298592171,20140524,BAGHDAD,IRQ,SYRIA,SYR,190,재래식 군사력 사용,19,4,-10.0,6,1,6,1.05820105820106,"Baiji, Sala? ad Din, Iraq",IZ,http://thepeninsulaqatar.com/news/latest-news/284955/five-daash-militants-killed-in-south-baghdad
20140524,298592172,20140524,BAGHDAD,IRQ,SYRIA,SYR,190,재래식 군사력 사용,19,4,-10.0,2,1,2,1.05820105820106,"Salah Ad Din, Liwa' Irbil, Iraq",IZ,http://thepeninsulaqatar.com/news/latest-news/284955/five-daash-militants-killed-in-south-baghdad
20140524,298592703,20140524,JERUSALEM,ISR,EGYPT,EGY,193,소형무기·경무기를 이용한 전투,19,4,-10.0,7,1,7,2.53164556962025,"Yerevan, Yerevan*, Armenia",AM,http://www.aysor.am/en/news/2014/05/24/egypt/
20140524,298592704,20140524,ISRAEL,ISR,EGYPT,EGY,193,소형무기·경무기를 이용한 전투,19,4,-10.0,6,2,6,3.14960866641321,Kuwait,KU,http://www.kspr.com/news/nationworld/Official-Egyptian-militant-leader-killed/21051646_26140346
20140524,298592705,20140524,ISRAEL,ISR,EGYPT,EGY,193,소형무기·경무기를 이용한 전투,19,4,-10.0,3,2,3,3.14960866641321,United Arab Emirates,AE,http://www.kspr.com/news/nationworld/Official-Egyptian-militant-leader-killed/21051646_26140346
20140524,298592706,20140524,JERUSALEM,ISR,EGYPT,EGY,193,소형무기·경무기를 이용한 전투,19,4,-10.0,12,2,12,3.14960866641321,United Arab Emirates,AE,http://www.kspr.com/news/nationworld/Official-Egyptian-militant-leader-killed/21051646_26140346
20140524,298592707,20140524,JERUSALEM,ISR,EGYPT,EGY,190,재래식 군사력 사용,19,4,-10.0,5,1,5,0.99009900990099,"Cairo, Al Qahirah, Egypt",EG,http://www.stabroeknews.com/2014/news/world/05/24/islamist-militant-leader-egypts-sinai-killed-security-sources/
20140524,298592708,20140524,JERUSALEM,ISR,EGYPT,EGY,190,재래식 군사력 사용,19,4,-10.0,15,2,10,1.00600600600601,"Rafah, Shamal Sina', Egypt",EG,http://www.zawya.com/story/Islamist_militant_leader_in_Egypts_Sinai_killed_security_sources-TR20140523nL1N0O904C6/
20140524,298592709,20140524,ISRAEL,ISR,EGYPT,EGY,190,재래식 군사력 사용,19,4,-10.0,9,4,7,1.08062619613775,"Jerusalem, Israel (general), Israel",IS,http://www.stabroeknews.com/2014/news/world/05/24/islamist-militant-leader-egypts-sinai-killed-security-sources/
20140524,298592710,20140524,JERUSALEM,ISR,EGYPT,EGY,190,재래식 군사력 사용,19,4,-10.0,4,1,4,1.70940170940171,Egypt,EG,http://www.worthynews.com/13425-leader-of-sinai-jihadist-group-which-fired-rockets-on-eilat-killed-in-egypt
20140524,298592948,20140524,ISRAELI,ISR,LEBANON,LBN,1384,재래식 군사 공격 위협,13,3,-7.0,4,1,4,4.81751824817518,Israel,IS,http://dailystar.com.lb/News/Lebanon-News/2014/May-24/257709-merkava-tank-destroyed-in-sidon.ashx
20140524,298592949,20140524,ISRAELI,ISR,LEBANON,LBN,1384,재래식 군사 공격 위협,13,3,-7.0,4,1,4,4.81751824817518,Israel,IS,http://dailystar.com.lb/News/Lebanon-News/2014/May-24/257709-merkava-tank-destroyed-in-sidon.ashx
20140524,298592950,20140524,ISRAEL,ISR,LEBANON,LBN,190,재래식 군사력 사용,19,4,-10.0,2,1,2,1.60377358490566,"Karmiel, Ha?afon, Israel",IS,http://www.wthr.com/story/5209676/israeli-warplanes-pound-lebanon
20140524,298592951,20140524,ISRAEL,ISR,LEBANON,LBN,190,재래식 군사력 사용,19,4,-10.0,8,1,8,1.60377358490566,"Karmiel, Ha?afon, Israel",IS,http://www.wthr.com/story/5209676/israeli-warplanes-pound-lebanon
20140524,298592952,20140524,ISRAELI,ISR,LEBANON,LBN,195,공중무기 사용,19,4,-10.0,7,1,7,1.60377358490566,"Tel Aviv, Tel Aviv, Israel",IS,http://www.wthr.com/story/5209676/israeli-warplanes-pound-lebanon
20140524,298592953,20140524,ISRAEL,ISR,LEBANON,LBN,195,공중무기 사용,19,4,-10.0,1,1,1,1.60377358490566,"Tel Aviv, Tel Aviv, Israel",IS,http://www.wthr.com/story/5209676/israeli-warplanes-pound-lebanon
20140524,298593194,20140524,ISRAELI,ISR,PALESTINIAN,PSE,190,재래식 군사력 사용,19,4,-10.0,4,1,4,0.0,"Tel Aviv, Tel Aviv, Israel",IS,http://www.albawaba.com/conflict-israel/israel-vandals-church-pope-578550
20140524,298593195,20140524,GALILEE,ISR,PALESTINIAN,PSE,190,재래식 군사력 사용,19,4,-10.0,10,1,10,0.483870967741935,"Yokneam, Ha?afon, Israel",IS,http://www.timesofisrael.com/police-arrest-3-teens-in-yitzhar-for-price-tag-attacks/
20140524,298593196,20140524,ISRAEL,ISR,WEST BANK,PSE,190,재래식 군사력 사용,19,4,-10.0,12,3,12,0.800228145406687,"Beitunya, West Bank (general), West Bank",WE,http://www.wfmz.com/news/palestinian-teens-no-threat-when-killed-in-skirmishes/26139832
20140524,298593197,20140524,ISRAEL,ISR,WEST BANK,PSE,190,재래식 군사력 사용,19,4,-10.0,1,1,1,2.33333333333333,"Gaza, Israel (general), Israel",IS,http://jewishvoiceny.com/index.php?option=com_content&view=article&id=7489:what-kind-of-palestinian-state&catid=113:oped&Itemid=296
20140524,298593198,20140524,ISRAEL,ISR,GAZA,PSE,190,재래식 군사력 사용,19,4,-10.0,7,3,7,0.90504078644635,"Gaza, Israel (general), Israel",IS,http://www.timesofisrael.com/2-jihadis-dead-in-gaza-training-accident/
20140524,298593199,20140524,ISRAELI,ISR,WEST BANK,PSE,192,영토 점령,19,4,-9.5,8,1,8,2.33333333333333,"Gaza, Israel (general), Israel",IS,http://jewishvoiceny.com/index.php?option=com_content&view=article&id=7489:what-kind-of-palestinian-state&catid=113:oped&Itemid=296
20140524,298593200,20140524,ISRAELI,ISR,WEST BANK,PSE,192,영토 점령,19,4,-9.5,2,1,2,2.33333333333333,Jordan,JO,http://jewishvoiceny.com/index.php?option=com_content&view=article&id=7489:what-kind-of-palestinian-state&catid=113:oped&Itemid=296
20140524,298593201,20140524,ISRAELI,ISR,PALESTINIAN,PSE,193,소형무기·경무기를 이용한 전투,19,4,-10.0,1,1,1,2.29508196721311,Israel,IS,http://reliefweb.int/report/occupied-palestinian-territory/press-briefing-notes-israelopt-syriaaleppo-central-prison-and
20140524,298593202,20140524,ISRAEL,ISR,GAZA,PSE,193,소형무기·경무기를 이용한 전투,19,4,-10.0,2,1,2,0.0,"Gaza, Israel (general), Israel",IS,"Ma'an News Agency website, Bethlehem/BBC Monitoring/(c) BBC"
20140524,298593203,20140524,ISRAEL,ISR,GAZA,PSE,193,소형무기·경무기를 이용한 전투,19,4,-10.0,2,1,2,0.0,"Gaza, Israel (general), Israel",IS,"Ma'an News Agency website, Bethlehem/BBC Monitoring/(c) BBC"
20140524,298593204,20140524,ISRAELI,ISR,PALESTINIAN,PSE,193,소형무기·경무기를 이용한 전투,19,4,-10.0,33,4,31,2.02889387324355,"Gaza, Israel (general), Israel",IS,"Ma'an News Agency website, Bethlehem/BBC Monitoring/(c) BBC"
20140524,298593205,20140524,ISRAELI,ISR,PALESTINIAN,PSE,193,소형무기·경무기를 이용한 전투,19,4,-10.0,1,1,1,0.0,"Gaza, Israel (general), Israel",IS,http://www.albawaba.com/main-headlines/gaza-rockets-578490
20140524,298593206,20140524,ISRAELI,ISR,PALESTINIAN,PSE,193,소형무기·경무기를 이용한 전투,19,4,-10.0,4,1,4,2.72108843537415,Gaza Strip,GZ,http://www.worldbulletin.net/world/137184/gazan-teenager-hurt-by-israeli-gunfire
20140524,298593207,20140524,ISRAEL,ISR,PALESTINIAN,PSE,193,소형무기·경무기를 이용한 전투,19,4,-10.0,4,1,4,2.72108843537415,Gaza Strip,GZ,http://www.worldbulletin.net/world/137184/gazan-teenager-hurt-by-israeli-gunfire
20140524,298593208,20140524,ISRAELI,ISR,PALESTINIAN,PSE,193,소형무기·경무기를 이용한 전투,19,4,-10.0,1,1,1,2.29508196721311,Israel,IS,http://reliefweb.int/report/occupied-palestinian-territory/press-briefing-notes-israelopt-syriaaleppo-central-prison-and
20140524,298593234,20140524,ISRAELI,ISR,HAMAS,PSE,190,재래식 군사력 사용,19,4,-10.0,1,1,1,1.60377358490566,"Karmiel, Ha?afon, Israel",IS,http://www.wthr.com/story/5209676/israeli-warplanes-pound-lebanon
20140524,298593235,20140524,ISRAELI,ISR,HAMAS,PSE,190,재래식 군사력 사용,19,4,-10.0,1,1,1,1.60377358490566,"Karmiel, Ha?afon, Israel",IS,http://www.wthr.com/story/5209676/israeli-warplanes-pound-lebanon
20140524,298593238,20140524,ISRAELI,ISR,WEST BANK,PSE,190,재래식 군사력 사용,19,4,-10.0,1,1,1,1.78890876565295,"Jenin, West Bank (general), West Bank",WE,http://www.maannews.net/eng/ViewDetails.aspx?ID=699704
20140524,298593239,20140524,ISRAELI,ISR,WEST BANK,PSE,190,재래식 군사력 사용,19,4,-10.0,3,1,3,1.78890876565295,Israel,IS,http://www.maannews.net/eng/ViewDetails.aspx?ID=699704
20140524,298593240,20140524,ISRAEL,ISR,WEST BANK,PSE,190,재래식 군사력 사용,19,4,-10.0,2,1,2,1.78890876565295,Israel,IS,http://www.maannews.net/eng/ViewDetails.aspx?ID=699704
20140524,298593242,20140524,ISRAEL,ISR,PALESTINIAN,PSE,190,재래식 군사력 사용,19,4,-10.0,2,1,2,0.952380952380952,"Gaza, Israel (general), Israel",IS,http://www.maannews.net/eng/ViewDetails.aspx?ID=699610
20140524,298593296,20140524,ISRAEL,ISR,SYRIA,SYR,193,소형무기·경무기를 이용한 전투,19,4,-10.0,8,1,8,3.2258064516129,"Golan Heights, Syria (general), Syria",SY,http://jewishvoiceny.com/index.php?option=com_content&view=article&id=7477:yom-yerushalayim-reflections-on-june-1967&catid=121:special-features&Itemid=325
20140524,298593297,20140524,ISRAEL,ISR,SYRIA,SYR,193,소형무기·경무기를 이용한 전투,19,4,-10.0,2,1,2,3.2258064516129,"Jenin, Jordan (general), Jordan",JO,http://jewishvoiceny.com/index.php?option=com_content&view=article&id=7477:yom-yerushalayim-reflections-on-june-1967&catid=121:special-features&Itemid=325
20140524,298593330,20140524,ISRAELI,ISR,TURKISH,TUR,193,소형무기·경무기를 이용한 전투,19,4,-10.0,4,1,4,3.72670807453416,"Tel Aviv, Tel Aviv, Israel",IS,http://www.imemc.org/article/67911&c=9oUCGJScAZvszk0lu1x91S1TMxW922c1-2mYBOuKFT4&mkt=en-us
20140524,298593331,20140524,ISRAELI,ISR,TURKISH,TUR,193,소형무기·경무기를 이용한 전투,19,4,-10.0,4,1,4,3.72670807453416,"Tel Aviv, Tel Aviv, Israel",IS,http://www.imemc.org/article/67911&c=9oUCGJScAZvszk0lu1x91S1TMxW922c1-2mYBOuKFT4&mkt=en-us
20140524,298593333,20140524,ISRAEL,ISR,TURKISH,TUR,190,재래식 군사력 사용,19,4,-10.0,4,1,4,2.4031007751938,"Gaza, Israel (general), Israel",IS,http://www.sdjewishworld.com/2014/05/23/jns-news-briefs-may-23-2014/
20140524,298593334,20140524,ISRAEL,ISR,TURKEY,TUR,190,재래식 군사력 사용,19,4,-10.0,2,1,2,2.4031007751938,Turkey,TU,http://www.sdjewishworld.com/2014/05/23/jns-news-briefs-may-23-2014/
20140524,298593336,20140524,ISRAELI,ISR,TURKISH,TUR,193,소형무기·경무기를 이용한 전투,19,4,-10.0,6,1,6,3.72670807453416,"Tel Aviv, Tel Aviv, Israel",IS,http://www.imemc.org/article/67911&c=9oUCGJScAZvszk0lu1x91S1TMxW922c1-2mYBOuKFT4&mkt=en-us
20140524,298593484,20140524,ISRAELI,ISR,PALESTINIAN,PSE,190,재래식 군사력 사용,19,4,-10.0,3,1,3,2.29508196721311,Israel,IS,http://reliefweb.int/report/occupied-palestinian-territory/press-briefing-notes-israelopt-syriaaleppo-central-prison-and
20140524,298593485,20140524,ISRAELI,ISR,PALESTINIAN,PSE,193,소형무기·경무기를 이용한 전투,19,4,-10.0,1,1,1,2.29508196721311,Israel,IS,http://reliefweb.int/report/occupied-palestinian-territory/press-briefing-notes-israelopt-syriaaleppo-central-prison-and
20140524,298593489,20140524,ISRAELI,ISR,PALESTINIAN,PSE,1384,재래식 군사 공격 위협,13,3,-7.0,3,1,3,2.00097608589556,"Gaza, Israel (general), Israel",IS,http://972mag.com/why-bds-wont-work-and-what-can-a-response-to-larry-derfner/91326/
20140524,298593490,20140524,ISRAELI,ISR,PALESTINIAN,PSE,190,재래식 군사력 사용,19,4,-10.0,6,1,6,2.00097608589556,"Gaza, Israel (general), Israel",IS,http://972mag.com/why-bds-wont-work-and-what-can-a-response-to-larry-derfner/91326/
20140524,298593610,20140524,ISRAEL,ISR,IRANIAN,IRN,190,재래식 군사력 사용,19,4,-10.0,1,1,1,2.20492866407263,"Tehran, Tehran, Iran",IR,"http://www.chicagotribune.com/news/opinion/editorials/ct-iran-nuclear-sanctions-deadline-edit-0525-20140525,0,7503656.story"
20140524,298593611,20140524,ISRAEL,ISR,IRANIAN,IRN,190,재래식 군사력 사용,19,4,-10.0,1,1,1,2.20492866407263,Israel,IS,"http://www.chicagotribune.com/news/opinion/editorials/ct-iran-nuclear-sanctions-deadline-edit-0525-20140525,0,7503656.story"
20140524,298593621,20140524,ISRAELI,ISR,LEBANON,LBN,1384,재래식 군사 공격 위협,13,3,-7.0,8,1,4,4.81751824817518,Israel,IS,http://dailystar.com.lb/News/Lebanon-News/2014/May-24/257709-merkava-tank-destroyed-in-sidon.ashx
20140524,298593622,20140524,ISRAEL,ISR,LEBANON,LBN,1384,재래식 군사 공격 위협,13,3,-7.0,4,1,2,4.81751824817518,Israel,IS,http://dailystar.com.lb/News/Lebanon-News/2014/May-24/257709-merkava-tank-destroyed-in-sidon.ashx
20140524,298593623,20140524,ISRAEL,ISR,LEBANON,LBN,190,재래식 군사력 사용,19,4,-10.0,1,1,1,1.60377358490566,"Tel Aviv, Tel Aviv, Israel",IS,http://www.wthr.com/story/5209676/israeli-warplanes-pound-lebanon
20140524,298593624,20140524,ISRAEL,ISR,LEBANON,LBN,190,재래식 군사력 사용,19,4,-10.0,1,1,1,1.60377358490566,"Bint Jbail, Nabatî, Lebanon",LE,http://www.wthr.com/story/5209676/israeli-warplanes-pound-lebanon
20140524,298593625,20140524,ISRAELI,ISR,PALESTINIAN,PSE,193,소형무기·경무기를 이용한 전투,19,4,-10.0,4,1,4,1.77238805970149,"Gaza, Israel (general), Israel",IS,http://www.indybay.org/newsitems/2014/05/23/18756196.php
20140524,298593653,20140524,ISRAEL,ISR,LEBANON,LBN,163,금수·보이콧·제재 부과,16,4,-8.0,4,1,4,3.81861575178998,"Jerusalem, Israel (general), Israel",IS,http://www.dailystar.com.lb/News/Lebanon-News/2014/May-24/257665-lebanons-arabic-press-digest-may-24-2014.ashx
20140524,298593674,20140524,ISRAELI,ISR,PALESTINIAN,PSE,190,재래식 군사력 사용,19,4,-10.0,10,1,10,0.0,"Tel Aviv, Tel Aviv, Israel",IS,http://www.albawaba.com/conflict-israel/israel-vandals-church-pope-578550
20140524,298595005,20140524,JORDAN,JOR,WEST BANK,PSE,192,영토 점령,19,4,-9.5,2,1,2,2.33333333333333,"Gaza, Israel (general), Israel",IS,http://jewishvoiceny.com/index.php?option=com_content&view=article&id=7489:what-kind-of-palestinian-state&catid=113:oped&Itemid=296
20140524,298595006,20140524,JORDANIAN,JOR,WEST BANK,PSE,192,영토 점령,19,4,-9.5,6,1,6,2.33333333333333,"Gaza, Israel (general), Israel",IS,http://jewishvoiceny.com/index.php?option=com_content&view=article&id=7489:what-kind-of-palestinian-state&catid=113:oped&Itemid=296
20140524,298595007,20140524,JORDANIAN,JOR,WEST BANK,PSE,192,영토 점령,19,4,-9.5,2,1,2,2.33333333333333,Jordan,JO,http://jewishvoiceny.com/index.php?option=com_content&view=article&id=7489:what-kind-of-palestinian-state&catid=113:oped&Itemid=296
20140524,298595213,20140524,JORDAN,JOR,SYRIA,SYR,138,군사력 사용 위협,13,3,-7.0,3,3,3,2.94357442244766,Syria,SY,http://www.france24.com/en/20140524-pope-middle-east-pilgrimage-tour-jordan-israel-palestine/
20140524,298595214,20140524,JORDAN,JOR,SYRIA,SYR,138,군사력 사용 위협,13,3,-7.0,7,7,7,2.99265102901053,Syria,SY,http://www.france24.com/en/20140524-pope-middle-east-pilgrimage-tour-jordan-israel-palestine/
20140524,298595215,20140524,JORDAN,JOR,SYRIA,SYR,138,군사력 사용 위협,13,3,-7.0,4,4,4,3.02945848393269,"Amman, (JO11), Jordan",JO,"http://www.ynetnews.com/articles/0,7340,L-4523093,00.html"
20140524,298598844,20140524,LEBANESE,LBN,SYRIA,SYR,190,재래식 군사력 사용,19,4,-10.0,2,1,2,1.7725258493353,"Aleppo, ?alab, Syria",SY,http://www.deccanchronicle.com/140524/world-middle-east/article/deadly-mortar-attack-hits-assad-gathering-syria
20140524,298598845,20140524,LEBANON,LBN,SYRIA,SYR,190,재래식 군사력 사용,19,4,-10.0,2,1,2,2.36612702366127,"Damascus, Dimashq, Syria",SY,http://www.independent.co.uk/news/world/middle-east/a-cardinal-error-maronite-patriarch-of-antioch-to-meet-the-pope-in-israel-9432050.html
20140524,298598846,20140524,LEBANON,LBN,SYRIA,SYR,190,재래식 군사력 사용,19,4,-10.0,2,1,2,1.7725258493353,"Aleppo, ?alab, Syria",SY,http://www.deccanchronicle.com/140524/world-middle-east/article/deadly-mortar-attack-hits-assad-gathering-syria
20140524,298598847,20140524,LEBANESE,LBN,SYRIA,SYR,190,재래식 군사력 사용,19,4,-10.0,6,1,6,1.7725258493353,"Beirut, Beyrouth, Lebanon",LE,http://www.deccanchronicle.com/140524/world-middle-east/article/deadly-mortar-attack-hits-assad-gathering-syria
20140524,298598848,20140524,LEBANON,LBN,SYRIA,SYR,190,재래식 군사력 사용,19,4,-10.0,2,1,2,2.36612702366127,"Beirut, Beyrouth, Lebanon",LE,http://www.independent.co.uk/news/world/middle-east/a-cardinal-error-maronite-patriarch-of-antioch-to-meet-the-pope-in-israel-9432050.html
20140524,298598849,20140524,BEIRUT,LBN,SYRIA,SYR,193,소형무기·경무기를 이용한 전투,19,4,-10.0,2,1,2,0.0,Syria,SY,http://digital.vpr.net/post/mortar-attack-hits-election-rally-syria-killing-21
20140524,298598850,20140524,BEIRUT,LBN,SYRIA,SYR,193,소형무기·경무기를 이용한 전투,19,4,-10.0,1,1,1,0.0,Syria,SY,http://digital.vpr.net/post/mortar-attack-hits-election-rally-syria-killing-21
20140524,298598857,20140524,LEBANESE,LBN,BASHAR AL ASSAD,SYR,190,재래식 군사력 사용,19,4,-10.0,4,2,4,2.02429149797571,Syria,SY,http://www.businessweek.com/news/2014-05-24/divided-lebanon-finds-no-president-to-take-over-from-sleiman
20140524,298598858,20140524,LEBANESE,LBN,SYRIA,SYR,190,재래식 군사력 사용,19,4,-10.0,2,2,2,2.02429149797571,"Beirut, Beyrouth, Lebanon",LE,http://www.businessweek.com/news/2014-05-24/divided-lebanon-finds-no-president-to-take-over-from-sleiman
20140524,298598960,20140524,LEBANESE,LBN,BASHAR AL ASSAD,SYR,190,재래식 군사력 사용,19,4,-10.0,12,2,12,2.02429149797571,Syria,SY,http://www.businessweek.com/news/2014-05-24/divided-lebanon-finds-no-president-to-take-over-from-sleiman
20140524,298612726,20140524,WEST BANK,PSE,ISRAELI,ISR,190,재래식 군사력 사용,19,4,-10.0,2,1,2,1.58878504672897,"Jerusalem, Israel (general), Israel",IS,http://www.aljazeera.com/news/middleeast/2014/05/pope-visit-holy-land-amid-tensions-2014520980371340.html/RK=0
20140524,298612727,20140524,WEST BANK,PSE,ISRAELI,ISR,190,재래식 군사력 사용,19,4,-10.0,2,1,2,1.58878504672897,"Beit Jala, West Bank (general), West Bank",WE,http://www.aljazeera.com/news/middleeast/2014/05/pope-visit-holy-land-amid-tensions-2014520980371340.html/RK=0
20140524,298612728,20140524,PALESTINIAN,PSE,ISRAEL,ISR,190,재래식 군사력 사용,19,4,-10.0,8,1,8,0.713014743263853,"Beitunya, West Bank (general), West Bank",WE,http://www.kcra.com/national/palestinian-teens-no-threat-when-killed-in-skirmishes/26139832?absolute=true
20140524,298612729,20140524,GAZA,PSE,ISRAEL,ISR,190,재래식 군사력 사용,19,4,-10.0,2,1,2,0.0,"Gaza, Israel (general), Israel",IS,http://www.timesofisrael.com/2-jihadis-dead-in-gaza-training-accident/
20140524,298612730,20140524,PALESTINIAN,PSE,ISRAEL,ISR,190,재래식 군사력 사용,19,4,-10.0,4,1,4,0.72463768115942,Israel,IS,http://www.wsbt.com/news/nationworld/palestinian-teens-no-threat-when-killed-in-skirmishes/26139832
20140524,298612731,20140524,PALESTINIAN,PSE,ISRAELI,ISR,193,소형무기·경무기를 이용한 전투,19,4,-10.0,9,2,9,0.590796019900497,"Gaza, Israel (general), Israel",IS,http://www.indybay.org/newsitems/2014/05/23/18756196.php
20140524,298612732,20140524,PALESTINIAN,PSE,ISRAELI,ISR,193,소형무기·경무기를 이용한 전투,19,4,-10.0,1,1,1,1.77238805970149,"Rafah, Gaza Strip (general), Gaza Strip",GZ,http://www.indybay.org/newsitems/2014/05/23/18756196.php
20140524,298612733,20140524,GAZA,PSE,ISRAEL,ISR,194,포병·전차를 이용한 전투,19,4,-10.0,6,2,6,0.0,"Gaza, Israel (general), Israel",IS,"Ma'an News Agency website, Bethlehem/BBC Monitoring/(c) BBC"
20140524,298612734,20140524,GAZA,PSE,ISRAEL,ISR,194,포병·전차를 이용한 전투,19,4,-10.0,2,1,2,0.0,Gaza Strip,GZ,http://www.news24.com/World/News/Gaza-rocket-hits-Israel-20140523
20140524,298612735,20140524,PALESTINIAN,PSE,ISRAEL,ISR,154,군 병력 동원·증강,15,4,-7.2,1,1,1,0.961538461538462,"Beersheba, HaDarom, Israel",IS,http://www.maannews.net/eng/ViewDetails.aspx?ID=699681
20140524,298612736,20140524,PALESTINIAN,PSE,ISRAEL,ISR,154,군 병력 동원·증강,15,4,-7.2,1,1,1,0.961538461538462,"Mount Zion, West Bank (general), West Bank",WE,http://www.maannews.net/eng/ViewDetails.aspx?ID=699681
20140524,298612751,20140524,WEST BANK,PSE,ISRAELI,ISR,190,재래식 군사력 사용,19,4,-10.0,4,1,4,1.58878504672897,"Beit Jala, West Bank (general), West Bank",WE,http://www.aljazeera.com/news/middleeast/2014/05/pope-visit-holy-land-amid-tensions-2014520980371340.html/RK=0
20140524,298612752,20140524,WEST BANK,PSE,ISRAEL,ISR,190,재래식 군사력 사용,19,4,-10.0,2,1,2,1.58878504672897,"Jerusalem, Israel (general), Israel",IS,http://www.aljazeera.com/news/middleeast/2014/05/pope-visit-holy-land-amid-tensions-2014520980371340.html/RK=0
20140524,298612753,20140524,PALESTINIAN,PSE,ISRAEL,ISR,190,재래식 군사력 사용,19,4,-10.0,2,1,2,1.77238805970149,"Gaza, Israel (general), Israel",IS,http://www.indybay.org/newsitems/2014/05/23/18756196.php
20140524,298612776,20140524,PALESTINIAN,PSE,ISRAEL,ISR,163,금수·보이콧·제재 부과,16,4,-8.0,2,1,2,3.81861575178998,"Jerusalem, Israel (general), Israel",IS,http://www.dailystar.com.lb/News/Lebanon-News/2014/May-24/257665-lebanons-arabic-press-digest-may-24-2014.ashx
20140524,298612777,20140524,PALESTINIAN,PSE,ISRAEL,ISR,163,금수·보이콧·제재 부과,16,4,-8.0,2,1,2,3.81861575178998,"Jerusalem, Israel (general), Israel",IS,http://www.dailystar.com.lb/News/Lebanon-News/2014/May-24/257665-lebanons-arabic-press-digest-may-24-2014.ashx
20140524,298613184,20140524,PALESTINIAN,PSE,LEBANON,LBN,163,금수·보이콧·제재 부과,16,4,-8.0,2,1,2,3.81861575178998,"Jerusalem, Israel (general), Israel",IS,http://www.dailystar.com.lb/News/Lebanon-News/2014/May-24/257665-lebanons-arabic-press-digest-may-24-2014.ashx
20140524,298613674,20140524,QATAR,QAT,SYRIA,SYR,138,군사력 사용 위협,13,3,-7.0,8,1,8,2.75449101796407,"Jerusalem, Israel (general), Israel",IS,http://thepeninsulaqatar.com/news/middle-east/285028/pope-calls-for-urgent-steps-to-end-syria-war
20140524,298613675,20140524,QATAR,QAT,SYRIA,SYR,138,군사력 사용 위협,13,3,-7.0,2,1,2,2.75449101796407,"Jerusalem, Israel (general), Israel",IS,http://thepeninsulaqatar.com/news/middle-east/285028/pope-calls-for-urgent-steps-to-end-syria-war
20140524,298613676,20140524,QATAR,QAT,YEMEN,YEM,190,재래식 군사력 사용,19,4,-10.0,10,1,10,0.68649885583524,"Shabwa, La?ij, Yemen",YM,http://thepeninsulaqatar.com/news/middle-east/285023/30-killed-as-gunmen-raid-yemen-city
20140524,298613677,20140524,QATAR,QAT,YEMENI,YEM,190,재래식 군사력 사용,19,4,-10.0,10,1,10,0.0,Yemen,YM,http://thepeninsulaqatar.com/news/latest-news/284948/at-least-16-dead-in-overnight-raid-on-major-yemeni-city
20140524,298613709,20140524,AL JAZEERA,QAT,SANAA,YEM,190,재래식 군사력 사용,19,4,-10.0,4,1,4,0.816326530612245,"Sanaa, Sana', Yemen",YM,http://www.aljazeera.com/news/middleeast/2014/05/suspected-al-qaeda-fighters-raid-yemen-town-20145247759555327.html
20140524,298618262,20140524,SYRIA,SYR,IRANIAN,IRN,190,재래식 군사력 사용,19,4,-10.0,8,1,8,1.89944134078212,"Aleppo, ?alab, Syria",SY,http://gulfnews.com/opinions/columnists/just-no-end-to-syrian-carnage-1.1337928
20140524,298618263,20140524,SYRIAN,SYR,IRAN,IRN,190,재래식 군사력 사용,19,4,-10.0,1,1,1,2.23642172523962,"Aleppo, ?alab, Syria",SY,"http://www.ynetnews.com/articles/0,7340,L-4523086,00.html"
20140524,298618264,20140524,SYRIA,SYR,IRAN,IRN,190,재래식 군사력 사용,19,4,-10.0,5,1,5,2.23642172523962,"Hezbollah, Kerman, Iran",IR,"http://www.ynetnews.com/articles/0,7340,L-4523086,00.html"
20140524,298618265,20140524,SYRIA,SYR,IRAN,IRN,190,재래식 군사력 사용,19,4,-10.0,2,1,2,1.89944134078212,"Moscow, Moskva, Russia",RS,http://gulfnews.com/opinions/columnists/just-no-end-to-syrian-carnage-1.1337928
20140524,298618266,20140524,SYRIAN,SYR,IRAN,IRN,190,재래식 군사력 사용,19,4,-10.0,1,1,1,2.23642172523962,"Hezbollah, Kerman, Iran",IR,"http://www.ynetnews.com/articles/0,7340,L-4523086,00.html"
20140524,298618267,20140524,SYRIA,SYR,IRAN,IRN,190,재래식 군사력 사용,19,4,-10.0,1,1,1,2.23642172523962,"Hezbollah, Kerman, Iran",IR,"http://www.ynetnews.com/articles/0,7340,L-4523086,00.html"
20140524,298618268,20140524,SYRIA,SYR,IRAN,IRN,190,재래식 군사력 사용,19,4,-10.0,6,1,6,2.23642172523962,"Hezbollah, Kerman, Iran",IR,"http://www.ynetnews.com/articles/0,7340,L-4523086,00.html"
20140524,298618269,20140524,SYRIA,SYR,IRAN,IRN,190,재래식 군사력 사용,19,4,-10.0,2,1,2,2.23642172523962,"Hezbollah, Kerman, Iran",IR,"http://www.ynetnews.com/articles/0,7340,L-4523086,00.html"
20140524,298618414,20140524,SYRIA,SYR,LEBANESE,LBN,190,재래식 군사력 사용,19,4,-10.0,2,1,2,1.7725258493353,"Aleppo, ?alab, Syria",SY,http://www.deccanchronicle.com/140524/world-middle-east/article/deadly-mortar-attack-hits-assad-gathering-syria
20140524,298618415,20140524,SYRIA,SYR,LEBANON,LBN,190,재래식 군사력 사용,19,4,-10.0,2,1,2,1.7725258493353,"Aleppo, ?alab, Syria",SY,http://www.deccanchronicle.com/140524/world-middle-east/article/deadly-mortar-attack-hits-assad-gathering-syria
20140524,298618416,20140524,SYRIA,SYR,LEBANESE,LBN,190,재래식 군사력 사용,19,4,-10.0,6,1,6,1.7725258493353,"Beirut, Beyrouth, Lebanon",LE,http://www.deccanchronicle.com/140524/world-middle-east/article/deadly-mortar-attack-hits-assad-gathering-syria
20140524,298618417,20140524,SYRIA,SYR,LEBANESE,LBN,190,재래식 군사력 사용,19,4,-10.0,2,1,2,2.23642172523962,"Hezbollah, Kerman, Iran",IR,"http://www.ynetnews.com/articles/0,7340,L-4523086,00.html"
20140524,298618709,20140524,DAMASCUS,SYR,SANA,YEM,190,재래식 군사력 사용,19,4,-10.0,2,1,2,2.77777777777778,"Damascus, Dimashq, Syria",SY,http://www.dailystar.com.lb/News/Middle-East/2014/May-24/257698-airstrikes-hit-near-damascus-during-aid-distribution-ngo.ashx
20140524,298618710,20140524,DAMASCUS,SYR,SANA,YEM,190,재래식 군사력 사용,19,4,-10.0,38,4,38,2.25549036521151,"Damascus, Dimashq, Syria",SY,"The Daily Star website, Beirut/BBC Monitoring/(c) BBC"
20140524,298618726,20140524,BASHAR AL ASSAD,SYR,LEBANESE,LBN,190,재래식 군사력 사용,19,4,-10.0,4,2,4,2.02429149797571,Syria,SY,http://www.businessweek.com/news/2014-05-24/divided-lebanon-finds-no-president-to-take-over-from-sleiman
20140524,298618727,20140524,SYRIA,SYR,LEBANESE,LBN,190,재래식 군사력 사용,19,4,-10.0,2,2,2,2.02429149797571,"Beirut, Beyrouth, Lebanon",LE,http://www.businessweek.com/news/2014-05-24/divided-lebanon-finds-no-president-to-take-over-from-sleiman
20140524,298618728,20140524,BASHAR AL ASSAD,SYR,LEBANESE,LBN,190,재래식 군사력 사용,19,4,-10.0,12,2,12,2.02429149797571,Syria,SY,http://www.businessweek.com/news/2014-05-24/divided-lebanon-finds-no-president-to-take-over-from-sleiman
20140524,298638686,20140524,YEMENI,YEM,IRAN,IRN,190,재래식 군사력 사용,19,4,-10.0,2,1,2,2.75862068965517,"Islamabad, Islamabad, Pakistan",PK,http://english.farsnews.com/newstext.aspx?nn=13930303000639
20140524,298638777,20140524,SANA,YEM,DAMASCUS,SYR,190,재래식 군사력 사용,19,4,-10.0,36,4,36,1.37450000423592,"Damascus, Dimashq, Syria",SY,http://www.shanghaidaily.com/article/article_xinhua.aspx?id=220318
20140524,298638778,20140524,SANA,YEM,DAMASCUS,SYR,190,재래식 군사력 사용,19,4,-10.0,10,1,10,2.14477211796247,"Beirut, Beyrouth, Lebanon",LE,"The Daily Star website, Beirut/BBC Monitoring/(c) BBC"
20140524,298638779,20140524,SANA,YEM,DAMASCUS,SYR,190,재래식 군사력 사용,19,4,-10.0,10,1,10,2.77777777777778,Lebanon,LE,http://www.dailystar.com.lb/News/Middle-East/2014/May-24/257698-airstrikes-hit-near-damascus-during-aid-distribution-ngo.ashx
20140525,298643306,20140524,YEMENI,YEM,SYRIA,SYR,195,공중무기 사용,19,4,-10.0,8,1,8,0.625,"Abyan, Abyan, Yemen",YM,http://zeenews.india.com/news/world/nine-killed-as-yemen-army-qaeda-clash-near-capital_934781.html
20140525,298672161,20140525,SINAI,EGY,ISRAEL,ISR,190,재래식 군사력 사용,19,4,-10.0,4,1,4,1.32013201320132,"Jerusalem, Israel (general), Israel",IS,"http://www.chicagotribune.com/news/sns-rt-us-egypt-militant-20140523,0,5399298.story"
20140525,298672162,20140525,SINAI,EGY,JERUSALEM,ISR,193,소형무기·경무기를 이용한 전투,19,4,-10.0,5,1,5,1.96850393700787,"Cairo, Al Qahirah, Egypt",EG,http://www.globalpost.com/dispatch/news/afp/140523/egypt-says-top-jihadist-killed-election-campaign-closes-3
20140525,298672163,20140525,NASSER,EGY,ISRAEL,ISR,193,소형무기·경무기를 이용한 전투,19,4,-10.0,6,1,6,4.44104134762634,"Jerusalem, Israel (general), Israel",IS,http://hosted2.ap.org/APDEFAULT/3d281c11a96b4ad082fe88aa0db04305/Article_2014-05-25-Pope-Mideast/id-e821ef94c4504ed7a5bf556841600b65
20140525,298672164,20140525,NASSER,EGY,ISRAEL,ISR,193,소형무기·경무기를 이용한 전투,19,4,-10.0,2,1,2,4.44104134762634,West Bank,WE,http://hosted2.ap.org/APDEFAULT/3d281c11a96b4ad082fe88aa0db04305/Article_2014-05-25-Pope-Mideast/id-e821ef94c4504ed7a5bf556841600b65
20140525,298672165,20140525,NASSER,EGY,ISRAEL,ISR,193,소형무기·경무기를 이용한 전투,19,4,-10.0,2,1,2,4.44104134762634,West Bank,WE,http://hosted2.ap.org/APDEFAULT/3d281c11a96b4ad082fe88aa0db04305/Article_2014-05-25-Pope-Mideast/id-e821ef94c4504ed7a5bf556841600b65
20140525,298672381,20140525,EGYPT,EGY,ISRAEL,ISR,190,재래식 군사력 사용,19,4,-10.0,4,1,4,2.93122886133033,"Jerusalem, Israel (general), Israel",IS,http://www.longwarjournal.org/threat-matrix/archives/2014/05/ansar_jerusalem_denies_death_o.php?utm_source=feedburner&utm_medium=feed&utm_campaign=Feed%3A+LongWarJournalSiteWide+%28The+Long+War+Journal+%28Site-Wide%29%29
20140525,298687283,20140525,IRAN,IRN,BAHRAIN,BHR,138,군사력 사용 위협,13,3,-7.0,6,1,6,0.688073394495413,Bahrain,BA,http://www.gulf-daily-news.com/NewsDetails.aspx?storyid=377771
20140525,298687284,20140525,IRAN,IRN,BAHRAIN,BHR,138,군사력 사용 위협,13,3,-7.0,2,1,2,0.688073394495413,Iran,IR,http://www.gulf-daily-news.com/NewsDetails.aspx?storyid=377771
20140525,298687285,20140525,IRAN,IRN,BAHRAIN,BHR,138,군사력 사용 위협,13,3,-7.0,2,1,2,0.688073394495413,Iran,IR,http://www.gulf-daily-news.com/NewsDetails.aspx?storyid=377771
20140525,298687606,20140525,IRANIAN,IRN,SAUDI,SAU,190,재래식 군사력 사용,19,4,-10.0,7,1,7,2.75985663082437,Syria,SY,http://therealnews.com/t2/index.php?option=com_content&task=view&id=31&Itemid=74&jumival=11891&updaterx=2014-05-21+23%3A31%3A39
20140525,298687607,20140525,IRANIAN,IRN,SAUDI,SAU,190,재래식 군사력 사용,19,4,-10.0,1,1,1,2.75985663082437,Syria,SY,http://therealnews.com/t2/index.php?option=com_content&task=view&id=31&Itemid=74&jumival=11891&updaterx=2014-05-21+23%3A31%3A39
20140525,298687640,20140525,IRANIAN,IRN,SYRIA,SYR,190,재래식 군사력 사용,19,4,-10.0,1,1,1,4.32382704691812,"Aleppo, ?alab, Syria",SY,http://www.khaama.com/hezbollah-a-clear-winner-in-syrian-conflict-8145
20140525,298687641,20140525,IRANIAN,IRN,SYRIA,SYR,190,재래식 군사력 사용,19,4,-10.0,1,1,1,4.32382704691812,"Aleppo, ?alab, Syria",SY,http://www.khaama.com/hezbollah-a-clear-winner-in-syrian-conflict-8145
20140525,298688114,20140525,BAGHDAD,IRQ,IRANIAN,IRN,190,재래식 군사력 사용,19,4,-10.0,10,1,10,0.46189376443418,"Ramadi, Al Anbar, Iraq",IZ,http://www.shanghaidaily.com/article/article_xinhua.aspx?id=220297
20140525,298688115,20140525,IRAQ,IRQ,IRAN,IRN,190,재래식 군사력 사용,19,4,-10.0,2,1,2,1.74563591022444,"Diyala, DiyaláZ, Iraq",IZ,http://english.farsnews.com/newstext.aspx?nn=13930304000593
20140525,298688116,20140525,IRAQ,IRQ,IRANIAN,IRN,190,재래식 군사력 사용,19,4,-10.0,3,1,3,1.74563591022444,"Tehran, Tehran, Iran",IR,http://english.farsnews.com/newstext.aspx?nn=13930304000593
20140525,298688118,20140525,IRAQ,IRQ,IRAN,IRN,190,재래식 군사력 사용,19,4,-10.0,1,1,1,0.46189376443418,"Anbar, Sistan va Baluchestan, Iran",IR,http://www.shanghaidaily.com/article/article_xinhua.aspx?id=220297
20140525,298688119,20140525,IRAQ,IRQ,IRAN,IRN,190,재래식 군사력 사용,19,4,-10.0,1,1,1,1.74563591022444,"Tehran, Tehran, Iran",IR,http://english.farsnews.com/newstext.aspx?nn=13930304000593
20140525,298688207,20140525,IRAQ,IRQ,PALESTINIAN,PSE,190,재래식 군사력 사용,19,4,-10.0,3,1,3,1.20240480961924,Afghanistan,AF,"http://www.ynetnews.com/articles/0,7340,L-4523523,00.html"
20140525,298688208,20140525,IRAQ,IRQ,PALESTINIAN,PSE,190,재래식 군사력 사용,19,4,-10.0,1,1,1,1.20240480961924,Afghanistan,AF,"http://www.ynetnews.com/articles/0,7340,L-4523523,00.html"
20140525,298688209,20140525,IRAQ,IRQ,PALESTINIAN,PSE,190,재래식 군사력 사용,19,4,-10.0,1,1,1,1.20240480961924,Israel,IS,"http://www.ynetnews.com/articles/0,7340,L-4523523,00.html"
20140525,298688237,20140525,MOSUL,IRQ,TURKEY,TUR,190,재래식 군사력 사용,19,4,-10.0,4,1,4,0.0,Turkey,TU,http://www.worldbulletin.net/haberler/137251/attack-on-turkish-consulate-convoy-in-mosul-iraq
20140525,298689098,20140525,JERUSALEM,ISR,EGYPT,EGY,190,재래식 군사력 사용,19,4,-10.0,5,1,5,1.32013201320132,"Rafah, Shamal Sina', Egypt",EG,"http://www.chicagotribune.com/news/sns-rt-us-egypt-militant-20140523,0,5399298.story"
20140525,298689099,20140525,ISRAEL,ISR,EGYPT,EGY,190,재래식 군사력 사용,19,4,-10.0,2,1,2,1.32013201320132,"Jerusalem, Israel (general), Israel",IS,"http://www.chicagotribune.com/news/sns-rt-us-egypt-militant-20140523,0,5399298.story"
20140525,298689535,20140525,GALILEE,ISR,JORDAN,JOR,192,영토 점령,19,4,-9.5,5,1,5,0.0,Israel,IS,http://www.jpost.com/Magazine/Features/The-pope-in-Israel-Historical-papal-visits-353101
20140525,298689536,20140525,ISRAEL,ISR,JORDAN,JOR,193,소형무기·경무기를 이용한 전투,19,4,-10.0,2,1,2,3.80952380952381,"Tel Aviv, Tel Aviv, Israel",IS,http://www.sltrib.com/sltrib/world/57986987-68/francis-brussels-israel-peace.html.csp
20140525,298689537,20140525,ISRAEL,ISR,JORDAN,JOR,193,소형무기·경무기를 이용한 전투,19,4,-10.0,2,1,2,3.80952380952381,Jordan,JO,http://www.sltrib.com/sltrib/world/57986987-68/francis-brussels-israel-peace.html.csp
20140525,298689580,20140525,ISRAEL,ISR,LEBANESE,LBN,138,군사력 사용 위협,13,3,-7.0,1,1,1,2.60586319218241,Israel,IS,http://www.globalpost.com/dispatch/news/afp/140525/syria-hezbollah-will-triumph
20140525,298690075,20140525,ISRAEL,ISR,WEST BANK,PSE,191,봉쇄·이동 제한,19,4,-9.5,2,2,2,3.96565744920029,"Jerusalem, Israel (general), Israel",IS,http://www.updatednews.ca/2014/05/25/pope-makes-gesture-of-solidarity-in-west-bank/
20140525,298690076,20140525,ISRAEL,ISR,WEST BANK,PSE,191,봉쇄·이동 제한,19,4,-9.5,2,2,2,3.96565744920029,"Massachusetts, United States",US,http://www.updatednews.ca/2014/05/25/pope-makes-gesture-of-solidarity-in-west-bank/
20140525,298690077,20140525,ISRAEL,ISR,PALESTINIAN,PSE,193,소형무기·경무기를 이용한 전투,19,4,-10.0,2,1,2,2.71739130434783,"Hebron, Israel (general), Israel",IS,http://www.imemc.org/article/67920
20140525,298690078,20140525,ISRAEL,ISR,PALESTINIAN,PSE,193,소형무기·경무기를 이용한 전투,19,4,-10.0,2,1,2,0.235849056603774,"Jerusalem, Israel (general), Israel",IS,http://www.haaretz.com/news/national/1.592654
20140525,298690079,20140525,ISRAELI,ISR,PALESTINIAN,PSE,193,소형무기·경무기를 이용한 전투,19,4,-10.0,7,1,7,2.35910878112713,"Gaza, Israel (general), Israel",IS,http://www.isracast.com/article.aspx?ID=1515&t=NETANYAHU-MUST-CHOOSE-ISRAEL&apos
20140525,298690080,20140525,ISRAELI,ISR,PALESTINIAN,PSE,193,소형무기·경무기를 이용한 전투,19,4,-10.0,1,1,1,2.35910878112713,"Arab League, Al Qahirah, Egypt",EG,http://www.isracast.com/article.aspx?ID=1515&t=NETANYAHU-MUST-CHOOSE-ISRAEL&apos
20140525,298690148,20140525,ISRAELI,ISR,WEST BANK,PSE,190,재래식 군사력 사용,19,4,-10.0,1,1,1,1.7921146953405,"Jenin, West Bank (general), West Bank",WE,http://www.eurasiareview.com/25052014-bethlehem-walls-transformed-presence-holy-see/
20140525,298690149,20140525,ISRAELI,ISR,WEST BANK,PSE,190,재래식 군사력 사용,19,4,-10.0,3,1,3,1.7921146953405,Israel,IS,http://www.eurasiareview.com/25052014-bethlehem-walls-transformed-presence-holy-see/
20140525,298690150,20140525,ISRAEL,ISR,WEST BANK,PSE,190,재래식 군사력 사용,19,4,-10.0,2,1,2,1.7921146953405,Israel,IS,http://www.eurasiareview.com/25052014-bethlehem-walls-transformed-presence-holy-see/
20140525,298690152,20140525,ISRAEL,ISR,PALESTINIAN,PSE,190,재래식 군사력 사용,19,4,-10.0,1,1,1,2.12765957446809,"Gaza, Israel (general), Israel",IS,http://elderofziyon.blogspot.com/2014/05/work-accident.html
20140525,298690216,20140525,ISRAEL,ISR,SYRIAN,SYR,190,재래식 군사력 사용,19,4,-10.0,6,1,6,1.61616161616162,Syria,SY,"http://www.ynetnews.com/articles/0,7340,L-4523640,00.html"
20140525,298690238,20140525,ISRAEL,ISR,TURKEY,TUR,193,소형무기·경무기를 이용한 전투,19,4,-10.0,4,1,4,3.38164251207729,"Gaza, Israel (general), Israel",IS,http://www.aljazeera.com/humanrights/2014/05/mavi-marmara-death-toll-rises-10-2014525145911267813.html
20140525,298690793,20140525,ISRAEL,ISR,LEBANON,LBN,195,공중무기 사용,19,4,-10.0,8,1,8,2.92682926829268,"Jbeil, Mont-Liban, Lebanon",LE,http://www.defensenews.com/article/20140525/DEFREG04/305250019
20140525,298690794,20140525,ISRAEL,ISR,LEBANON,LBN,195,공중무기 사용,19,4,-10.0,24,1,24,2.92682926829268,"Jebail, Mont-Liban, Lebanon",LE,http://www.defensenews.com/article/20140525/DEFREG04/305250019
20140525,298690795,20140525,ISRAEL,ISR,LEBANON,LBN,195,공중무기 사용,19,4,-10.0,8,1,8,2.92682926829268,"Jbeil, Mont-Liban, Lebanon",LE,http://www.defensenews.com/article/20140525/DEFREG04/305250019
20140525,298692079,20140525,JORDAN,JOR,ISRAEL,ISR,190,재래식 군사력 사용,19,4,-10.0,2,1,2,3.80952380952381,"Brussels, Bruxelles-Capitale, Belgium",BE,http://www.sltrib.com/sltrib/world/57986987-68/francis-brussels-israel-peace.html.csp
20140525,298692080,20140525,JORDAN,JOR,ISRAEL,ISR,190,재래식 군사력 사용,19,4,-10.0,2,1,2,3.80952380952381,"Jerusalem, Israel (general), Israel",IS,http://www.sltrib.com/sltrib/world/57986987-68/francis-brussels-israel-peace.html.csp
20140525,298692081,20140525,JORDAN,JOR,ISRAEL,ISR,193,소형무기·경무기를 이용한 전투,19,4,-10.0,2,1,2,3.80952380952381,"Brussels, Bruxelles-Capitale, Belgium",BE,http://www.sltrib.com/sltrib/world/57986987-68/francis-brussels-israel-peace.html.csp
20140525,298692082,20140525,JORDAN,JOR,ISRAEL,ISR,193,소형무기·경무기를 이용한 전투,19,4,-10.0,4,1,4,1.41242937853107,"Tel Aviv, Tel Aviv, Israel",IS,http://www.timesofisrael.com/un-secretary-general-shocked-by-jewish-museum-attack-in-brussels/
20140525,298692083,20140525,JORDAN,JOR,ISRAEL,ISR,193,소형무기·경무기를 이용한 전투,19,4,-10.0,2,1,2,3.80952380952381,"Jerusalem, Israel (general), Israel",IS,http://www.sltrib.com/sltrib/world/57986987-68/francis-brussels-israel-peace.html.csp
20140525,298692084,20140525,JORDAN,JOR,ISRAEL,ISR,193,소형무기·경무기를 이용한 전투,19,4,-10.0,2,1,2,1.41242937853107,"Tel Aviv, Tel Aviv, Israel",IS,http://www.timesofisrael.com/un-secretary-general-shocked-by-jewish-museum-attack-in-brussels/
20140525,298692440,20140525,HASSAN,JOR,ISRAEL,ISR,138,군사력 사용 위협,13,3,-7.0,2,1,2,2.60586319218241,"Damascus, Dimashq, Syria",SY,http://www.globalpost.com/dispatch/news/afp/140525/syria-hezbollah-will-triumph
20140525,298692441,20140525,HASSAN,JOR,ISRAEL,ISR,138,군사력 사용 위협,13,3,-7.0,2,1,2,2.56410256410256,"Beirut, Beyrouth, Lebanon",LE,http://www.timesofisrael.com/hezbollah-can-still-deter-israel-terror-chief-warns/
20140525,298692442,20140525,HASSAN,JOR,ISRAEL,ISR,138,군사력 사용 위협,13,3,-7.0,18,3,18,2.64228599562047,Israel,IS,http://pakobserver.net/detailnews.asp?id=242630
20140525,298692443,20140525,HASSAN,JOR,ISRAEL,ISR,138,군사력 사용 위협,13,3,-7.0,2,1,2,1.12676056338028,Israel,IS,http://www.israelnationalnews.com/News/News.aspx/181026
20140525,298692444,20140525,HASSAN,JOR,ISRAEL,ISR,138,군사력 사용 위협,13,3,-7.0,6,1,6,1.12676056338028,Syria,SY,http://www.israelnationalnews.com/News/News.aspx/181026
20140525,298692445,20140525,HASSAN,JOR,ISRAEL,ISR,138,군사력 사용 위협,13,3,-7.0,2,1,2,2.75689223057644,Syria,SY,http://pakobserver.net/detailnews.asp?id=242630
20140525,298692470,20140525,HASSAN,JOR,SYRIA,SYR,190,재래식 군사력 사용,19,4,-10.0,8,1,8,1.61616161616162,Syria,SY,"http://www.ynetnews.com/articles/0,7340,L-4523640,00.html"
20140525,298695399,20140525,LEBANON,LBN,ISRAEL,ISR,138,군사력 사용 위협,13,3,-7.0,2,1,2,2.56410256410256,"Beirut, Beyrouth, Lebanon",LE,http://www.timesofisrael.com/hezbollah-can-still-deter-israel-terror-chief-warns/
20140525,298695400,20140525,LEBANON,LBN,ISRAEL,ISR,138,군사력 사용 위협,13,3,-7.0,2,1,2,1.12676056338028,Thailand,TH,http://www.israelnationalnews.com/News/News.aspx/181026
20140525,298695510,20140525,LEBANON,LBN,SYRIA,SYR,190,재래식 군사력 사용,19,4,-10.0,2,1,2,2.36907730673317,"Damascus, Dimashq, Syria",SY,http://www.albawaba.com/editorchoice/pope-francis-middle-east-578762
20140525,298695511,20140525,LEBANON,LBN,SYRIA,SYR,190,재래식 군사력 사용,19,4,-10.0,4,2,4,1.99261946144739,"Beirut, Beyrouth, Lebanon",LE,"http://www.ynetnews.com/articles/0,7340,L-4523640,00.html"
20140525,298695512,20140525,LEBANON,LBN,SYRIA,SYR,190,재래식 군사력 사용,19,4,-10.0,8,1,8,2.54545454545455,"Beirut, Beyrouth, Lebanon",LE,http://www.israelnationalnews.com/News/News.aspx/181034
20140525,298695513,20140525,LEBANON,LBN,SYRIA,SYR,190,재래식 군사력 사용,19,4,-10.0,2,1,2,2.54545454545455,Bulgaria,BU,http://www.israelnationalnews.com/News/News.aspx/181034
20140525,298695514,20140525,LEBANON,LBN,SYRIA,SYR,190,재래식 군사력 사용,19,4,-10.0,9,2,9,2.44219977553311,Syria,SY,http://www.israelnationalnews.com/News/News.aspx/181034
20140525,298695515,20140525,LEBANESE,LBN,SYRIA,SYR,190,재래식 군사력 사용,19,4,-10.0,8,1,8,2.92682926829268,Syria,SY,http://www.defensenews.com/article/20140525/DEFREG04/305250019
20140525,298695516,20140525,LEBANON,LBN,SYRIA,SYR,190,재래식 군사력 사용,19,4,-10.0,2,1,2,2.75985663082437,"Capitol Hill, District of Columbia, United States",US,http://therealnews.com/t2/index.php?option=com_content&task=view&id=31&Itemid=74&jumival=11891&updaterx=2014-05-21+23%3A31%3A39
20140525,298695517,20140525,LEBANON,LBN,SYRIA,SYR,190,재래식 군사력 사용,19,4,-10.0,2,1,2,2.54545454545455,Israel,IS,http://www.israelnationalnews.com/News/News.aspx/181034
20140525,298695518,20140525,LEBANON,LBN,SYRIA,SYR,190,재래식 군사력 사용,19,4,-10.0,6,1,6,2.75985663082437,Syria,SY,http://therealnews.com/t2/index.php?option=com_content&task=view&id=31&Itemid=74&jumival=11891&updaterx=2014-05-21+23%3A31%3A39
20140525,298695519,20140525,BEIRUT,LBN,SYRIA,SYR,190,재래식 군사력 사용,19,4,-10.0,1,1,1,1.61616161616162,Syria,SY,"http://www.ynetnews.com/articles/0,7340,L-4523640,00.html"
20140525,298695520,20140525,LEBANESE,LBN,SYRIA,SYR,190,재래식 군사력 사용,19,4,-10.0,6,2,6,2.87117172246991,Syria,SY,http://www.defensenews.com/article/20140525/DEFREG04/305250019
20140525,298710084,20140525,PALESTINE,PSE,ISRAEL,ISR,154,군 병력 동원·증강,15,4,-7.2,4,1,4,2.13036565977742,Israel,IS,"http://english.ahram.org.eg/NewsContentP/4/101967/Opinion/The-Nakba-anniversary-Land,-myths-and-the-Zionist-.aspx"
20140525,298710099,20140525,WEST BANK,PSE,ISRAELI,ISR,190,재래식 군사력 사용,19,4,-10.0,2,1,2,1.69851380042463,Israel,IS,http://www.timesofisrael.com/pope-francis-greeted-by-cheering-crowds-in-bethlehem/
20140525,298710100,20140525,WEST BANK,PSE,ISRAEL,ISR,190,재래식 군사력 사용,19,4,-10.0,4,1,4,4.44104134762634,"Jerusalem, Israel (general), Israel",IS,http://hosted2.ap.org/APDEFAULT/3d281c11a96b4ad082fe88aa0db04305/Article_2014-05-25-Pope-Mideast/id-e821ef94c4504ed7a5bf556841600b65
20140525,298710101,20140525,PALESTINIAN,PSE,ISRAEL,ISR,190,재래식 군사력 사용,19,4,-10.0,2,1,2,2.88214101904272,Israel,IS,http://production2.democracynow.org:3000/2014/5/21/headlines
20140525,298710102,20140525,PALESTINIAN,PSE,ISRAEL,ISR,190,재래식 군사력 사용,19,4,-10.0,1,1,1,2.88214101904272,Israel,IS,http://production2.democracynow.org:3000/2014/5/21/headlines
20140525,298710103,20140525,GAZA,PSE,ISRAELI,ISR,193,소형무기·경무기를 이용한 전투,19,4,-10.0,4,1,4,3.38164251207729,"Gaza, Israel (general), Israel",IS,http://www.aljazeera.com/humanrights/2014/05/mavi-marmara-death-toll-rises-10-2014525145911267813.html
20140525,298710104,20140525,WEST BANK,PSE,ISRAEL,ISR,193,소형무기·경무기를 이용한 전투,19,4,-10.0,2,1,2,1.41242937853107,"Tel Aviv, Tel Aviv, Israel",IS,http://www.timesofisrael.com/un-secretary-general-shocked-by-jewish-museum-attack-in-brussels/
20140525,298710105,20140525,WEST BANK,PSE,ISRAEL,ISR,193,소형무기·경무기를 이용한 전투,19,4,-10.0,4,1,4,1.41242937853107,"Tel Aviv, Tel Aviv, Israel",IS,http://www.timesofisrael.com/un-secretary-general-shocked-by-jewish-museum-attack-in-brussels/
20140525,298710106,20140525,WEST BANK,PSE,ISRAEL,ISR,193,소형무기·경무기를 이용한 전투,19,4,-10.0,4,1,4,4.44104134762634,"Jerusalem, Israel (general), Israel",IS,http://hosted2.ap.org/APDEFAULT/3d281c11a96b4ad082fe88aa0db04305/Article_2014-05-25-Pope-Mideast/id-e821ef94c4504ed7a5bf556841600b65
20140525,298710156,20140525,GAZA,PSE,ISRAEL,ISR,190,재래식 군사력 사용,19,4,-10.0,4,1,4,0.980392156862745,"Gaza, Israel (general), Israel",IS,"Ma'an News Agency website, Bethlehem/BBC Monitoring/(c) BBC"
20140525,298710416,20140525,GAZA,PSE,TURKISH,TUR,193,소형무기·경무기를 이용한 전투,19,4,-10.0,2,1,2,3.38164251207729,"Gaza, Israel (general), Israel",IS,http://www.aljazeera.com/humanrights/2014/05/mavi-marmara-death-toll-rises-10-2014525145911267813.html
20140525,298710596,20140525,PALESTINIAN,PSE,JERUSALEM,ISR,193,소형무기·경무기를 이용한 전투,19,4,-10.0,1,1,1,0.235849056603774,"Jerusalem, Israel (general), Israel",IS,http://www.haaretz.com/news/national/1.592654
20140525,298714221,20140525,SAUDI,SAU,IRANIAN,IRN,190,재래식 군사력 사용,19,4,-10.0,1,1,1,2.75985663082437,Syria,SY,http://therealnews.com/t2/index.php?option=com_content&task=view&id=31&Itemid=74&jumival=11891&updaterx=2014-05-21+23%3A31%3A39
20140525,298714222,20140525,SAUDI,SAU,IRANIAN,IRN,190,재래식 군사력 사용,19,4,-10.0,7,1,7,2.75985663082437,Syria,SY,http://therealnews.com/t2/index.php?option=com_content&task=view&id=31&Itemid=74&jumival=11891&updaterx=2014-05-21+23%3A31%3A39
20140525,298714302,20140525,ABDULLAH,SAU,CAIRO,EGY,190,재래식 군사력 사용,19,4,-10.0,6,1,6,1.98440822111977,"Cairo, Al Qahirah, Egypt",EG,http://production2.democracynow.org:3000/2014/5/23/as_washington_focuses_on_another_benghazi
20140525,298715581,20140525,SYRIA,SYR,ISRAEL,ISR,138,군사력 사용 위협,13,3,-7.0,2,1,2,2.60586319218241,"Damascus, Dimashq, Syria",SY,http://www.globalpost.com/dispatch/news/afp/140525/syria-hezbollah-will-triumph
20140525,298715582,20140525,SYRIA,SYR,ISRAEL,ISR,138,군사력 사용 위협,13,3,-7.0,2,1,2,2.75689223057644,Syria,SY,http://pakobserver.net/detailnews.asp?id=242630
20140525,298715644,20140525,SYRIA,SYR,LEBANON,LBN,190,재래식 군사력 사용,19,4,-10.0,2,1,2,2.75985663082437,"Capitol Hill, District of Columbia, United States",US,http://therealnews.com/t2/index.php?option=com_content&task=view&id=31&Itemid=74&jumival=11891&updaterx=2014-05-21+23%3A31%3A39
20140525,298715645,20140525,SYRIA,SYR,LEBANON,LBN,190,재래식 군사력 사용,19,4,-10.0,2,1,2,2.54545454545455,Israel,IS,http://www.israelnationalnews.com/News/News.aspx/181034
20140525,298715646,20140525,SYRIA,SYR,LEBANON,LBN,190,재래식 군사력 사용,19,4,-10.0,11,2,11,2.17982674499652,"Beirut, Beyrouth, Lebanon",LE,http://www.israelnationalnews.com/News/News.aspx/181034
20140525,298715647,20140525,SYRIA,SYR,LEBANON,LBN,190,재래식 군사력 사용,19,4,-10.0,2,1,2,2.54545454545455,Bulgaria,BU,http://www.israelnationalnews.com/News/News.aspx/181034
20140525,298715648,20140525,SYRIA,SYR,LEBANON,LBN,190,재래식 군사력 사용,19,4,-10.0,8,1,8,2.54545454545455,Syria,SY,http://www.israelnationalnews.com/News/News.aspx/181034
20140525,298715649,20140525,SYRIA,SYR,LEBANESE,LBN,190,재래식 군사력 사용,19,4,-10.0,8,1,8,2.92682926829268,Syria,SY,http://www.defensenews.com/article/20140525/DEFREG04/305250019
20140525,298715650,20140525,SYRIA,SYR,LEBANON,LBN,190,재래식 군사력 사용,19,4,-10.0,6,1,6,2.75985663082437,Syria,SY,http://therealnews.com/t2/index.php?option=com_content&task=view&id=31&Itemid=74&jumival=11891&updaterx=2014-05-21+23%3A31%3A39
20140525,298715651,20140525,SYRIAN,SYR,BEIRUT,LBN,190,재래식 군사력 사용,19,4,-10.0,9,3,9,2.32061854668726,Syria,SY,http://www.voanews.com/content/reu-monitoring-group-car-bomb-kills-13-in-syrias-homs/1922365.html
20140525,298735961,20140525,YEMENI,YEM,SYRIA,SYR,195,공중무기 사용,19,4,-10.0,48,5,48,0.810983182291964,"Abyan, Abyan, Yemen",YM,http://www.omantribune.com/index.php?page=news&id=168439&heading=Top%20News
20140525,298735962,20140525,YEMEN,YEM,SYRIA,SYR,195,공중무기 사용,19,4,-10.0,4,1,4,0.702576112412178,"Abyan, Abyan, Yemen",YM,http://www.khaleejtimes.com/kt-article-display-1.asp?xfile=data/middleeast/2014/May/middleeast_May214.xml&section=middleeast
20140526,298777455,20140526,EGYPT,EGY,YEMEN,YEM,190,재래식 군사력 사용,19,4,-10.0,1,1,1,3.92670157068063,Yemen,YM,http://english.farsnews.com/newstext.aspx?nn=13930305001070
20140526,298777456,20140526,EGYPT,EGY,YEMEN,YEM,190,재래식 군사력 사용,19,4,-10.0,1,1,1,3.92670157068063,Yemen,YM,http://english.farsnews.com/newstext.aspx?nn=13930305001070
20140526,298777457,20140526,EGYPT,EGY,YEMEN,YEM,190,재래식 군사력 사용,19,4,-10.0,3,1,3,3.92670157068063,Yemen,YM,http://english.farsnews.com/newstext.aspx?nn=13930305001070
20140526,298777463,20140526,EGYPT,EGY,ISRAEL,ISR,190,재래식 군사력 사용,19,4,-10.0,4,1,4,2.94117647058824,"Jerusalem, Israel (general), Israel",IS,http://www.longwarjournal.org/threat-matrix/archives/2014/05/ansar_jerusalem_denies_death_o.php
20140526,298797513,20140526,IRAQ,IRQ,NASSER,EGY,192,영토 점령,19,4,-9.5,8,1,8,1.0958904109589,"Ramadi, Al Anbar, Iraq",IZ,http://www.businessinsider.com/john-kellys-marines-in-ramadi-2014-5
20140526,298799165,20140526,ISRAELI,ISR,PALESTINIAN,PSE,190,재래식 군사력 사용,19,4,-10.0,2,1,2,0.36101083032491,"Jerusalem, Israel (general), Israel",IS,http://www.imemc.org/article/67934
20140526,298799166,20140526,ISRAELI,ISR,PALESTINIAN,PSE,190,재래식 군사력 사용,19,4,-10.0,12,2,12,2.25589868903124,"Jerusalem, Israel (general), Israel",IS,http://www.imemc.org/article/67934
20140526,298799167,20140526,ISRAELI,ISR,WEST BANK,PSE,190,재래식 군사력 사용,19,4,-10.0,1,1,1,3.39892665474061,"Jenin, West Bank (general), West Bank",WE,http://www.timesofisrael.com/jenin-refugee-camp-residents-show-support-for-hamas/
20140526,298799168,20140526,ISRAELI,ISR,WEST BANK,PSE,190,재래식 군사력 사용,19,4,-10.0,1,1,1,3.39892665474061,"Gaza, Israel (general), Israel",IS,http://www.timesofisrael.com/jenin-refugee-camp-residents-show-support-for-hamas/
20140526,298799169,20140526,ISRAEL,ISR,WEST BANK,PSE,192,영토 점령,19,4,-9.5,4,2,4,0.0,Israel,IS,"http://mail.pnn.ps/index.php/human-rights/7590-the-israeli-army-seizes-3000-dunums-of-land-in-salfit,-north-of-the-west-bank"
20140526,298799170,20140526,ISRAEL,ISR,WEST BANK,PSE,192,영토 점령,19,4,-9.5,4,2,4,0.0,Israel,IS,"http://mail.pnn.ps/index.php/human-rights/7590-the-israeli-army-seizes-3000-dunums-of-land-in-salfit,-north-of-the-west-bank"
20140526,298799171,20140526,ISRAELI,ISR,PALESTINIAN,PSE,192,영토 점령,19,4,-9.5,12,2,8,0.0,Israel,IS,"http://mail.pnn.ps/index.php/human-rights/7590-the-israeli-army-seizes-3000-dunums-of-land-in-salfit,-north-of-the-west-bank"
20140526,298799172,20140526,ISRAELI,ISR,PALESTINIAN,PSE,192,영토 점령,19,4,-9.5,10,1,10,3.59447004608295,Jordan,JO,http://www.al-monitor.com/pulse/originals/2014/05/pope-francis-palestine-visit-bethlehem-israel-occupation.html
20140526,298799173,20140526,ISRAELI,ISR,PALESTINIAN,PSE,193,소형무기·경무기를 이용한 전투,19,4,-10.0,2,1,2,2.42214532871972,"Tel Aviv, Tel Aviv, Israel",IS,http://www.imemc.org/article/67935
20140526,298799174,20140526,ISRAELI,ISR,PALESTINIAN,PSE,193,소형무기·경무기를 이용한 전투,19,4,-10.0,4,1,4,1.79856115107914,Israel,IS,https://www.greenleft.org.au/node/56543
20140526,298799309,20140526,ISRAEL,ISR,TURKEY,TUR,190,재래식 군사력 사용,19,4,-10.0,2,1,2,3.06748466257669,"Gaza, Israel (general), Israel",IS,http://www.dailytimes.com.pk/foreign/27-May-2014/gaza-ship-raid-turkish-court-orders-arrest-of-israeli-top-brass
20140526,298799310,20140526,ISRAEL,ISR,TURKEY,TUR,190,재래식 군사력 사용,19,4,-10.0,4,1,4,1.3840830449827,"Gaza, Israel (general), Israel",IS,http://www.worldbulletin.net/turkey/137373/turkish-court-orders-arrest-of-israelis-over-mavi-marmara
20140526,298799311,20140526,ISRAEL,ISR,TURKEY,TUR,190,재래식 군사력 사용,19,4,-10.0,4,1,4,1.3840830449827,"Azeri, Hatay, Turkey",TU,http://www.worldbulletin.net/turkey/137373/turkish-court-orders-arrest-of-israelis-over-mavi-marmara
20140526,298799501,20140526,ISRAEL,ISR,TURKISH,TUR,190,재래식 군사력 사용,19,4,-10.0,2,1,2,1.26050420168067,"Istanbul, Istanbul, Turkey",TU,http://www.digitaljournal.com/news/politics/istanbul-court-to-interpol-arrest-idf-chiefs-for-flotilla-raid/article/384725
20140526,298799828,20140526,ISRAEL,ISR,LEBANON,LBN,195,공중무기 사용,19,4,-10.0,2,1,2,2.92682926829268,"Jbeil, Mont-Liban, Lebanon",LE,http://www.defensenews.com/article/20140525/DEFREG04/305250019/1001/DEFSECT
20140526,298799829,20140526,ISRAEL,ISR,LEBANON,LBN,195,공중무기 사용,19,4,-10.0,6,1,6,2.92682926829268,"Jebail, Mont-Liban, Lebanon",LE,http://www.defensenews.com/article/20140525/DEFREG04/305250019/1001/DEFSECT
20140526,298799830,20140526,ISRAEL,ISR,LEBANON,LBN,195,공중무기 사용,19,4,-10.0,2,1,2,2.92682926829268,"Jbeil, Mont-Liban, Lebanon",LE,http://www.defensenews.com/article/20140525/DEFREG04/305250019/1001/DEFSECT
20140526,298799837,20140526,ISRAELI,ISR,WEST BANK,PSE,192,영토 점령,19,4,-9.5,10,2,10,0.0,Israel,IS,"http://mail.pnn.ps/index.php/human-rights/7590-the-israeli-army-seizes-3000-dunums-of-land-in-salfit,-north-of-the-west-bank"
20140526,298799838,20140526,ISRAELI,ISR,PALESTINIAN,PSE,193,소형무기·경무기를 이용한 전투,19,4,-10.0,2,1,2,2.42214532871972,"Tel Aviv, Tel Aviv, Israel",IS,http://www.imemc.org/article/67935
20140526,298799839,20140526,ISRAELI,ISR,PALESTINIAN,PSE,193,소형무기·경무기를 이용한 전투,19,4,-10.0,2,1,2,1.79856115107914,Israel,IS,https://www.greenleft.org.au/node/56543
20140526,298799847,20140526,ISRAEL,ISR,TURKEY,TUR,190,재래식 군사력 사용,19,4,-10.0,4,1,4,2.86751361161524,"Istanbul, Istanbul, Turkey",TU,http://en.europeonline-magazine.eu/1st-leadturkey-court-orders-arrest-of-four-israelis-over-gaza-flotilla-raidby-shabtai-gold-dpa_338026.html
20140526,298799848,20140526,ISRAELI,ISR,TURKISH,TUR,190,재래식 군사력 사용,19,4,-10.0,8,1,8,2.86751361161525,"Gaza, Israel (general), Israel",IS,http://en.europeonline-magazine.eu/1st-leadturkey-court-orders-arrest-of-four-israelis-over-gaza-flotilla-raidby-shabtai-gold-dpa_338026.html
20140526,298799884,20140526,ISRAELI,ISR,WEST BANK,PSE,190,재래식 군사력 사용,19,4,-10.0,3,1,3,0.36101083032491,"Jerusalem, Israel (general), Israel",IS,http://www.imemc.org/article/67934
20140526,298801233,20140526,JORDAN,JOR,SYRIAN,SYR,138,군사력 사용 위협,13,3,-7.0,11,7,11,3.23916921266933,"Damascus, Dimashq, Syria",SY,http://www.ndtv.com/article/world/jordan-syria-bar-envoys-in-tit-for-tat-diplomatic-row-531243
20140526,298801234,20140526,JORDAN,JOR,SYRIAN,SYR,138,군사력 사용 위협,13,3,-7.0,10,6,10,3.23758884641366,"Damascus, Dimashq, Syria",SY,http://www.ndtv.com/article/world/jordan-syria-bar-envoys-in-tit-for-tat-diplomatic-row-531243
20140526,298801235,20140526,JORDAN,JOR,SYRIAN,SYR,138,군사력 사용 위협,13,3,-7.0,9,4,9,3.09541866925804,"Damascus, Dimashq, Syria",SY,http://www.trust.org/item/20140526154428-0fsup/
20140526,298801236,20140526,JORDAN,JOR,SYRIAN,SYR,139,최후통첩,13,3,-7.0,4,3,4,3.40278328902292,"Damascus, Dimashq, Syria",SY,http://www.globalpost.com/dispatch/news/afp/140526/syria-expel-jordan-envoy-diplomatic-tit-tat-state-tv
20140526,298801237,20140526,JORDAN,JOR,SYRIAN,SYR,139,최후통첩,13,3,-7.0,1,1,1,2.67175572519084,"Damascus, Dimashq, Syria",SY,http://zeenews.india.com/news/world/syria-expels-jordan-envoy-in-tit-for-tat-move-ministry_935131.html
20140526,298801238,20140526,JORDAN,JOR,SYRIAN,SYR,139,최후통첩,13,3,-7.0,2,2,2,2.661635438353,"Amman, (JO11), Jordan",JO,http://www.hurriyetdailynews.com/syria-expels-jordan-envoy-in-tit-for-tat-move-ministry.aspx?pageID=238&nid=66993&NewsCatID=352
20140526,298801239,20140526,JORDAN,JOR,SYRIAN,SYR,139,최후통첩,13,3,-7.0,3,3,3,2.32997918112422,"Damascus, Dimashq, Syria",SY,http://www.hurriyetdailynews.com/syria-expels-jordan-envoy-in-tit-for-tat-move-ministry.aspx?pageID=238&nid=66993&NewsCatID=352
20140526,298801240,20140526,JORDAN,JOR,SYRIAN,SYR,139,최후통첩,13,3,-7.0,5,3,5,3.13146044946454,"Amman, (JO11), Jordan",JO,http://english.ahram.org.eg/NewsContent/2/8/102262/World/Region/Syria-to-expel-Jordan-envoy-in-diplomatic-titforta.aspx
20140526,298801241,20140526,JORDAN,JOR,SYRIAN,SYR,139,최후통첩,13,3,-7.0,1,1,1,4.34952978056426,"Damascus, Dimashq, Syria",SY,http://www.naharnet.com/stories/en/132255-jordan-expels-syrian-ambassador
20140526,298801242,20140526,JORDAN,JOR,SYRIAN,SYR,139,최후통첩,13,3,-7.0,2,1,2,3.24074074074074,Syria,SY,http://mwcnews.net/news/middle-east/41089-syrian-ambassador.html
20140526,298801263,20140526,JORDANIAN,JOR,SYRIAN,SYR,195,공중무기 사용,19,4,-10.0,7,1,7,1.66666666666667,"Amman, (JO11), Jordan",JO,http://www.timesofisrael.com/jordan-expels-syrian-ambassador/
20140526,298801264,20140526,JORDANIAN,JOR,SYRIAN,SYR,195,공중무기 사용,19,4,-10.0,1,1,1,1.66666666666667,"Amman, (JO11), Jordan",JO,http://www.timesofisrael.com/jordan-expels-syrian-ambassador/
20140526,298801299,20140526,JORDAN,JOR,SYRIAN,SYR,139,최후통첩,13,3,-7.0,6,1,6,3.24074074074074,"Amman, (JO11), Jordan",JO,http://mwcnews.net/news/middle-east/41089-syrian-ambassador.html
20140526,298801315,20140526,JORDAN,JOR,SYRIA,SYR,138,군사력 사용 위협,13,3,-7.0,3,1,3,3.39622641509434,"Damascus, Dimashq, Syria",SY,http://www.worldbulletin.net/world/137362/jordan-and-syria-expel-ambassadors
20140526,298801316,20140526,JORDAN,JOR,SYRIA,SYR,138,군사력 사용 위협,13,3,-7.0,12,9,12,3.37061981085713,"Damascus, Dimashq, Syria",SY,http://www.globalpost.com/dispatch/news/thomson-reuters/140526/jordan-expels-syrian-ambassador-over-critical-comments
20140526,298801317,20140526,JORDAN,JOR,SYRIA,SYR,138,군사력 사용 위협,13,3,-7.0,4,1,4,3.40187066602161,"Damascus, Dimashq, Syria",SY,http://www.worldbulletin.net/world/137362/jordan-and-syria-expel-ambassadors
20140526,298801318,20140526,JORDAN,JOR,SYRIA,SYR,138,군사력 사용 위협,13,3,-7.0,13,10,13,3.37432624223761,"Damascus, Dimashq, Syria",SY,http://www.globalpost.com/dispatch/news/thomson-reuters/140526/jordan-expels-syrian-ambassador-over-critical-comments
20140526,298801319,20140526,JORDAN,JOR,SYRIA,SYR,190,재래식 군사력 사용,19,4,-10.0,3,1,3,3.39622641509434,"Damascus, Dimashq, Syria",SY,http://www.worldbulletin.net/world/137362/jordan-and-syria-expel-ambassadors
20140526,298801320,20140526,JORDAN,JOR,SYRIA,SYR,190,재래식 군사력 사용,19,4,-10.0,12,9,12,3.37061981085713,"Damascus, Dimashq, Syria",SY,http://www.globalpost.com/dispatch/news/thomson-reuters/140526/jordan-expels-syrian-ambassador-over-critical-comments
20140526,298801321,20140526,JORDAN,JOR,SYRIA,SYR,190,재래식 군사력 사용,19,4,-10.0,4,1,4,3.40187066602161,"Damascus, Dimashq, Syria",SY,http://www.worldbulletin.net/world/137362/jordan-and-syria-expel-ambassadors
20140526,298801322,20140526,JORDAN,JOR,SYRIA,SYR,190,재래식 군사력 사용,19,4,-10.0,13,10,13,3.37432624223761,"Damascus, Dimashq, Syria",SY,http://www.globalpost.com/dispatch/news/thomson-reuters/140526/jordan-expels-syrian-ambassador-over-critical-comments
20140526,298801386,20140526,HASSAN,JOR,LEBANON,LBN,190,재래식 군사력 사용,19,4,-10.0,2,1,2,4.34952978056426,Lebanon,LE,http://www.naharnet.com/stories/en/132255-jordan-expels-syrian-ambassador
20140526,298805425,20140526,LEBANON,LBN,SYRIA,SYR,190,재래식 군사력 사용,19,4,-10.0,1,1,1,0.99009900990099,"Raqqa, Ar Raqqah, Syria",SY,http://www.aawsat.net/2014/05/article55332644
20140526,298805426,20140526,LEBANESE,LBN,SYRIA,SYR,190,재래식 군사력 사용,19,4,-10.0,4,2,4,1.90707552865798,"Beirut, Beyrouth, Lebanon",LE,http://www.scnow.com/news/world/article_0978434e-e27a-11e3-8e6a-001a4bcf6878.html
20140526,298805427,20140526,LEBANESE,LBN,SYRIAN,SYR,190,재래식 군사력 사용,19,4,-10.0,1,1,1,2.18978102189781,"Qalamoun, Rif Dimashq, Syria",SY,http://www.globalsecurity.org/wmd/library/news/syria/2014/syria-140525-presstv01.htm
20140526,298805428,20140526,LEBANON,LBN,SYRIA,SYR,190,재래식 군사력 사용,19,4,-10.0,1,1,1,0.99009900990099,"Raqqa, Ar Raqqah, Syria",SY,http://www.aawsat.net/2014/05/article55332644
20140526,298805429,20140526,LEBANON,LBN,SYRIA,SYR,190,재래식 군사력 사용,19,4,-10.0,4,2,4,1.90707552865798,"Damascus, Dimashq, Syria",SY,http://www.scnow.com/news/world/article_0978434e-e27a-11e3-8e6a-001a4bcf6878.html
20140526,298805430,20140526,LEBANESE,LBN,SYRIA,SYR,190,재래식 군사력 사용,19,4,-10.0,12,2,12,1.90707552865798,"Beirut, Beyrouth, Lebanon",LE,http://www.scnow.com/news/world/article_0978434e-e27a-11e3-8e6a-001a4bcf6878.html
20140526,298805431,20140526,LEBANESE,LBN,SYRIA,SYR,190,재래식 군사력 사용,19,4,-10.0,2,1,2,2.92682926829268,Syria,SY,http://www.defensenews.com/article/20140525/DEFREG04/305250019/1001/DEFSECT
20140526,298805432,20140526,LEBANESE,LBN,SYRIA,SYR,190,재래식 군사력 사용,19,4,-10.0,1,1,1,0.0,Syria,SY,"http://www.ynetnews.com/articles/0,7340,L-4524080,00.html"
20140526,298805433,20140526,LEBANESE,LBN,SYRIAN,SYR,190,재래식 군사력 사용,19,4,-10.0,1,1,1,2.18978102189781,"Qalamoun, Rif Dimashq, Syria",SY,http://www.globalsecurity.org/wmd/library/news/syria/2014/syria-140525-presstv01.htm
20140526,298805434,20140526,LEBANESE,LBN,SYRIA,SYR,190,재래식 군사력 사용,19,4,-10.0,1,1,1,2.92682926829268,Syria,SY,http://www.defensenews.com/article/20140525/DEFREG04/305250019/1001/DEFSECT
20140526,298805435,20140526,LEBANON,LBN,SYRIA,SYR,192,영토 점령,19,4,-9.5,2,1,2,1.9047619047619,"Aleppo, ?alab, Syria",SY,http://www.unhcr.org/537f43a26.html
20140526,298805436,20140526,LEBANON,LBN,SYRIA,SYR,192,영토 점령,19,4,-9.5,2,1,2,1.9047619047619,"Aleppo, ?alab, Syria",SY,http://www.unhcr.org/537f43a26.html
20140526,298805437,20140526,LEBANON,LBN,SYRIA,SYR,192,영토 점령,19,4,-9.5,6,1,6,1.9047619047619,"Bekaa Valley, Béa, Lebanon",LE,http://www.unhcr.org/537f43a26.html
20140526,298805438,20140526,LEBANON,LBN,SYRIA,SYR,193,소형무기·경무기를 이용한 전투,19,4,-10.0,1,1,1,2.08078335373317,"Damascus, Dimashq, Syria",SY,http://www.newser.com/article/b39aac7172c94efaa6be47c50e9ebb55/syrian-rebels-strike-pro-assad-campaign-event-killing-at-least-21-activists-say.html
20140526,298805439,20140526,LEBANON,LBN,SYRIA,SYR,193,소형무기·경무기를 이용한 전투,19,4,-10.0,1,1,1,2.08078335373317,"Beirut, Beyrouth, Lebanon",LE,http://www.newser.com/article/b39aac7172c94efaa6be47c50e9ebb55/syrian-rebels-strike-pro-assad-campaign-event-killing-at-least-21-activists-say.html
20140526,298805440,20140526,LEBANON,LBN,SYRIA,SYR,194,포병·전차를 이용한 전투,19,4,-10.0,2,1,2,1.19047619047619,"Eastern Mountain, , Lebanon",LE,http://www.naharnet.com/stories/en/132233-syrian-warplanes-raid-outskirts-of-arsal-as-two-rockets-hit-bekaa-plain
20140526,298805441,20140526,LEBANESE,LBN,SYRIAN,SYR,194,포병·전차를 이용한 전투,19,4,-10.0,8,1,8,1.19047619047619,"Eastern Mountain, , Lebanon",LE,http://www.naharnet.com/stories/en/132233-syrian-warplanes-raid-outskirts-of-arsal-as-two-rockets-hit-bekaa-plain
20140526,298805448,20140526,LEBANESE,LBN,SYRIAN,SYR,190,재래식 군사력 사용,19,4,-10.0,2,1,2,2.18978102189781,"Qalamoun, Rif Dimashq, Syria",SY,http://www.globalsecurity.org/wmd/library/news/syria/2014/syria-140525-presstv01.htm
20140526,298805449,20140526,LEBANESE,LBN,SYRIA,SYR,190,재래식 군사력 사용,19,4,-10.0,1,1,1,0.0,Syria,SY,"http://www.ynetnews.com/articles/0,7340,L-4524080,00.html"
20140526,298805519,20140526,LEBANON,LBN,SYRIA,SYR,190,재래식 군사력 사용,19,4,-10.0,1,1,1,0.0,Syria,SY,"http://www.ynetnews.com/articles/0,7340,L-4524080,00.html"
20140526,298805520,20140526,LEBANON,LBN,SYRIA,SYR,190,재래식 군사력 사용,19,4,-10.0,1,1,1,0.0,Syria,SY,"http://www.ynetnews.com/articles/0,7340,L-4524080,00.html"
20140526,298823353,20140526,PALESTINIAN,PSE,ISRAEL,ISR,190,재래식 군사력 사용,19,4,-10.0,2,1,2,0.949913644214162,"Tel Aviv, Tel Aviv, Israel",IS,http://972mag.com/the-difference-between-a-near-lynch-and-the-killing-of-two-palestinians/91302/
20140526,298823354,20140526,PALESTINIAN,PSE,ISRAELI,ISR,190,재래식 군사력 사용,19,4,-10.0,2,1,2,0.36101083032491,"Jerusalem, Israel (general), Israel",IS,http://www.imemc.org/article/67934
20140526,298823355,20140526,PALESTINIAN,PSE,ISRAELI,ISR,190,재래식 군사력 사용,19,4,-10.0,14,6,14,2.85155822274645,"Jerusalem, Israel (general), Israel",IS,http://www.imemc.org/article/67934
20140526,298823356,20140526,PALESTINIAN,PSE,ISRAELI,ISR,190,재래식 군사력 사용,19,4,-10.0,3,1,3,2.22922219529925,"White House, District of Columbia, United States",US,http://nationalinterest.org/blog/paul-pillar/the-pope-the-peace-process-10537&c=dEd_yvjwMGVq3-2wJP8Mqk5EpWfOK1716-5KnaP8QhA&mkt=en-us
20140526,298823357,20140526,PALESTINIAN,PSE,ISRAELI,ISR,190,재래식 군사력 사용,19,4,-10.0,2,1,2,3.10077519379845,Israel,IS,http://www.heraldscotland.com/news/world-news/pope-pays-tribute-to-holocaust-survivors.24326707
20140526,298823358,20140526,GAZA,PSE,ISRAEL,ISR,190,재래식 군사력 사용,19,4,-10.0,8,1,8,2.74636510500808,"Tel Aviv, Tel Aviv, Israel",IS,http://www.hurriyetdailynews.com/end-of-the-crisis-period-in-turkishisraeli-relations.aspx?pageID=238&nid=67002&NewsCatID=412
20140526,298823359,20140526,GAZA,PSE,TEL AVIV,ISR,190,재래식 군사력 사용,19,4,-10.0,6,1,6,2.74636510500808,Turkey,TU,http://www.hurriyetdailynews.com/end-of-the-crisis-period-in-turkishisraeli-relations.aspx?pageID=238&nid=67002&NewsCatID=412
20140526,298823360,20140526,PALESTINIAN,PSE,ISRAELI,ISR,190,재래식 군사력 사용,19,4,-10.0,3,1,3,2.6196928635953,United States,US,http://nationalinterest.org/blog/paul-pillar/the-pope-the-peace-process-10537
20140526,298823361,20140526,PALESTINIAN,PSE,ISRAEL,ISR,193,소형무기·경무기를 이용한 전투,19,4,-10.0,2,1,2,0.949913644214162,"Tel Aviv, Tel Aviv, Israel",IS,http://972mag.com/the-difference-between-a-near-lynch-and-the-killing-of-two-palestinians/91302/
20140526,298823362,20140526,GAZA,PSE,ISRAEL,ISR,193,소형무기·경무기를 이용한 전투,19,4,-10.0,2,1,2,0.961538461538462,"Gaza, Israel (general), Israel",IS,http://www.israelnationalnews.com/News/News.aspx/181037
20140526,298823371,20140526,PALESTINIAN,PSE,ISRAEL,ISR,190,재래식 군사력 사용,19,4,-10.0,6,3,6,4.25869695606538,"Jerusalem, Israel (general), Israel",IS,http://www.irishexaminer.com/world/pope-continues-bold-gestures-on-mideast-trip-269973.html
20140526,298823372,20140526,PALESTINIAN,PSE,ISRAELI,ISR,190,재래식 군사력 사용,19,4,-10.0,6,2,6,2.27274910425252,Israel,IS,http://jpupdates.com/2014/05/26/pope-francis-prays-at-kotel-honors-holocaust-terror-victims-at-yad-vashem/
20140526,298823403,20140526,WEST BANK,PSE,ISRAEL,ISR,190,재래식 군사력 사용,19,4,-10.0,6,1,6,0.36101083032491,"Jerusalem, Israel (general), Israel",IS,http://www.imemc.org/article/67934
20140526,298823513,20140526,GAZA,PSE,TURKISH,TUR,190,재래식 군사력 사용,19,4,-10.0,3,1,3,3.06748466257669,"Gaza, Israel (general), Israel",IS,http://www.dailytimes.com.pk/foreign/27-May-2014/gaza-ship-raid-turkish-court-orders-arrest-of-israeli-top-brass
20140526,298823514,20140526,GAZA,PSE,TURKISH,TUR,190,재래식 군사력 사용,19,4,-10.0,8,1,8,1.3840830449827,"Gaza, Israel (general), Israel",IS,http://www.worldbulletin.net/turkey/137373/turkish-court-orders-arrest-of-israelis-over-mavi-marmara
20140526,298823784,20140526,PALESTINIAN,PSE,ISRAELI,ISR,190,재래식 군사력 사용,19,4,-10.0,6,3,6,4.25869695606538,"Jerusalem, Israel (general), Israel",IS,http://www.irishexaminer.com/world/pope-continues-bold-gestures-on-mideast-trip-269973.html
20140526,298823785,20140526,PALESTINIAN,PSE,ISRAELI,ISR,190,재래식 군사력 사용,19,4,-10.0,2,1,2,3.10077519379845,Israel,IS,http://www.heraldscotland.com/news/world-news/pope-pays-tribute-to-holocaust-survivors.24326707
20140526,298824287,20140526,QATAR,QAT,EGYPT,EGY,163,금수·보이콧·제재 부과,16,4,-8.0,10,1,10,2.72727272727273,Egypt,EG,http://thepeninsulaqatar.com/news/qatar/285155/qaradawi-reiterates-call-to-boycott-egypt-polls
20140526,298828167,20140526,SAUDI,SAU,SYRIA,SYR,190,재래식 군사력 사용,19,4,-10.0,3,1,3,1.18518518518519,"Damascus, Dimashq, Syria",SY,http://www.debka.com/article/23946/Nasrallah%E2%80%99s-latest-war-speech-is-taken-literally-by-Israeli-military-chiefs-
20140526,298828168,20140526,SAUDI,SAU,SYRIA,SYR,190,재래식 군사력 사용,19,4,-10.0,3,1,3,1.18518518518519,"Damascus, Dimashq, Syria",SY,http://www.debka.com/article/23946/Nasrallah%E2%80%99s-latest-war-speech-is-taken-literally-by-Israeli-military-chiefs-
20140526,298830116,20140526,SYRIA,SYR,ISRAEL,ISR,190,재래식 군사력 사용,19,4,-10.0,8,1,8,0.526315789473684,"Aleppo, ?alab, Syria",SY,http://www.israelnationalnews.com/News/News.aspx/181070
20140526,298830117,20140526,SYRIA,SYR,ISRAEL,ISR,190,재래식 군사력 사용,19,4,-10.0,2,1,2,0.526315789473684,Israel,IS,http://www.israelnationalnews.com/News/News.aspx/181070
20140526,298830235,20140526,SYRIA,SYR,LEBANON,LBN,190,재래식 군사력 사용,19,4,-10.0,1,1,1,0.99009900990099,"Raqqa, Ar Raqqah, Syria",SY,http://www.aawsat.net/2014/05/article55332644
20140526,298830236,20140526,SYRIA,SYR,LEBANON,LBN,190,재래식 군사력 사용,19,4,-10.0,1,1,1,0.99009900990099,"Raqqa, Ar Raqqah, Syria",SY,http://www.aawsat.net/2014/05/article55332644
20140526,298830237,20140526,SYRIA,SYR,LEBANESE,LBN,190,재래식 군사력 사용,19,4,-10.0,4,2,4,1.90707552865798,"Beirut, Beyrouth, Lebanon",LE,http://www.scnow.com/news/world/article_0978434e-e27a-11e3-8e6a-001a4bcf6878.html
20140526,298830238,20140526,SYRIA,SYR,LEBANON,LBN,190,재래식 군사력 사용,19,4,-10.0,4,2,4,1.90707552865798,"Damascus, Dimashq, Syria",SY,http://www.scnow.com/news/world/article_0978434e-e27a-11e3-8e6a-001a4bcf6878.html
20140526,298830239,20140526,SYRIA,SYR,LEBANESE,LBN,190,재래식 군사력 사용,19,4,-10.0,12,2,12,1.90707552865798,"Beirut, Beyrouth, Lebanon",LE,http://www.scnow.com/news/world/article_0978434e-e27a-11e3-8e6a-001a4bcf6878.html
20140526,298830240,20140526,SYRIA,SYR,LEBANON,LBN,190,재래식 군사력 사용,19,4,-10.0,2,1,2,4.34952978056426,Lebanon,LE,http://www.naharnet.com/stories/en/132255-jordan-expels-syrian-ambassador
20140526,298830241,20140526,SYRIAN,SYR,LEBANESE,LBN,190,재래식 군사력 사용,19,4,-10.0,1,1,1,1.37362637362637,"Aleppo, ?alab, Syria",SY,http://news.nationalpost.com/2014/05/26/canadian-terrorist-who-was-a-senior-hezbollah-member-killed-by-syrian-rebels/
20140526,298830242,20140526,ALEPPO,SYR,LEBANON,LBN,190,재래식 군사력 사용,19,4,-10.0,2,1,2,0.526315789473684,"Aleppo, ?alab, Syria",SY,http://www.israelnationalnews.com/News/News.aspx/181070
20140526,298830243,20140526,SYRIAN,SYR,BEIRUT,LBN,190,재래식 군사력 사용,19,4,-10.0,3,1,3,1.47991543340381,"Beirut, Beyrouth, Lebanon",LE,http://www.nation.com.pk/international/26-May-2014/car-bomb-kills-13-in-syria-s-homs
20140526,298830244,20140526,SYRIAN,SYR,LEBANESE,LBN,190,재래식 군사력 사용,19,4,-10.0,1,1,1,2.18978102189781,"Qalamoun, Rif Dimashq, Syria",SY,http://www.globalsecurity.org/wmd/library/news/syria/2014/syria-140525-presstv01.htm
20140526,298830245,20140526,SYRIAN,SYR,LEBANESE,LBN,190,재래식 군사력 사용,19,4,-10.0,1,1,1,2.18978102189781,"Qalamoun, Rif Dimashq, Syria",SY,http://www.globalsecurity.org/wmd/library/news/syria/2014/syria-140525-presstv01.htm
20140526,298830246,20140526,SYRIAN,SYR,LEBANESE,LBN,190,재래식 군사력 사용,19,4,-10.0,1,1,1,1.37362637362637,"Beirut, Beyrouth, Lebanon",LE,http://news.nationalpost.com/2014/05/26/canadian-terrorist-who-was-a-senior-hezbollah-member-killed-by-syrian-rebels/
20140526,298830247,20140526,ALEPPO,SYR,LEBANON,LBN,190,재래식 군사력 사용,19,4,-10.0,2,1,2,0.526315789473684,Lebanon,LE,http://www.israelnationalnews.com/News/News.aspx/181070
20140526,298830248,20140526,SYRIA,SYR,LEBANESE,LBN,190,재래식 군사력 사용,19,4,-10.0,5,1,5,1.19047619047619,"Bekaa, Béa, Lebanon",LE,http://www.naharnet.com/stories/en/132233-syrian-warplanes-raid-outskirts-of-arsal-as-two-rockets-hit-bekaa-plain
20140526,298830249,20140526,SYRIA,SYR,LEBANON,LBN,190,재래식 군사력 사용,19,4,-10.0,2,1,2,1.19047619047619,Israel,IS,http://www.naharnet.com/stories/en/132233-syrian-warplanes-raid-outskirts-of-arsal-as-two-rockets-hit-bekaa-plain
20140526,298830250,20140526,SYRIA,SYR,LEBANESE,LBN,190,재래식 군사력 사용,19,4,-10.0,2,1,2,2.92682926829268,Syria,SY,http://www.defensenews.com/article/20140525/DEFREG04/305250019/1001/DEFSECT
20140526,298830251,20140526,SYRIA,SYR,LEBANESE,LBN,190,재래식 군사력 사용,19,4,-10.0,2,2,2,2.05865272938443,Syria,SY,http://www.naharnet.com/stories/en/132233-syrian-warplanes-raid-outskirts-of-arsal-as-two-rockets-hit-bekaa-plain
20140526,298830252,20140526,SYRIA,SYR,LEBANON,LBN,195,공중무기 사용,19,4,-10.0,8,1,8,0.62111801242236,"Bekaa, Béa, Lebanon",LE,http://www.naharnet.com/stories/en/132233-syrian-warplanes-raid-outskirts-of-arsal
20140526,298830253,20140526,SYRIAN,SYR,LEBANON,LBN,195,공중무기 사용,19,4,-10.0,9,1,9,2.94117647058824,"Arsal, Mohafazat Baalbek-Hermel, Lebanon",LE,http://www.dailystar.com.lb/News/Lebanon-News/2014/May-26/257771-syrian-warplanes-raid-arsal-outskirts.ashx
20140526,298830254,20140526,SYRIA,SYR,LEBANON,LBN,195,공중무기 사용,19,4,-10.0,6,1,6,1.19047619047619,Israel,IS,http://www.naharnet.com/stories/en/132233-syrian-warplanes-raid-outskirts-of-arsal-as-two-rockets-hit-bekaa-plain
20140526,298830255,20140526,SYRIA,SYR,LEBANON,LBN,195,공중무기 사용,19,4,-10.0,6,1,6,0.0,Syria,SY,http://www.albawaba.com/lebanon-syria/syria-lebanon-579002
20140526,298830256,20140526,SYRIA,SYR,LEBANON,LBN,195,공중무기 사용,19,4,-10.0,2,1,2,1.19047619047619,Syria,SY,http://www.naharnet.com/stories/en/132233-syrian-warplanes-raid-outskirts-of-arsal-as-two-rockets-hit-bekaa-plain
20140526,298830257,20140526,SYRIAN,SYR,LEBANESE,LBN,195,공중무기 사용,19,4,-10.0,10,1,10,0.0,Syria,SY,http://www.albawaba.com/lebanon-syria/syria-lebanon-579002
20140526,298830263,20140526,SYRIAN,SYR,LEBANON,LBN,190,재래식 군사력 사용,19,4,-10.0,2,1,2,1.37362637362637,"Beirut, Beyrouth, Lebanon",LE,http://news.nationalpost.com/2014/05/26/canadian-terrorist-who-was-a-senior-hezbollah-member-killed-by-syrian-rebels/
20140526,298830264,20140526,ALEPPO,SYR,LEBANON,LBN,190,재래식 군사력 사용,19,4,-10.0,8,1,8,0.526315789473684,Lebanon,LE,http://www.israelnationalnews.com/News/News.aspx/181070
20140526,298830265,20140526,ALEPPO,SYR,LEBANON,LBN,190,재래식 군사력 사용,19,4,-10.0,2,1,2,0.526315789473684,"Aleppo, ?alab, Syria",SY,http://www.israelnationalnews.com/News/News.aspx/181070
20140526,298830343,20140526,SYRIA,SYR,SAUDI,SAU,190,재래식 군사력 사용,19,4,-10.0,3,1,3,1.18518518518519,"Damascus, Dimashq, Syria",SY,http://www.debka.com/article/23946/Nasrallah%E2%80%99s-latest-war-speech-is-taken-literally-by-Israeli-military-chiefs-
20140526,298830344,20140526,SYRIA,SYR,SAUDI,SAU,190,재래식 군사력 사용,19,4,-10.0,3,1,3,1.18518518518519,"Damascus, Dimashq, Syria",SY,http://www.debka.com/article/23946/Nasrallah%E2%80%99s-latest-war-speech-is-taken-literally-by-Israeli-military-chiefs-
20140526,298830345,20140526,LATAKIA,SYR,ABDULLAH,SAU,190,재래식 군사력 사용,19,4,-10.0,12,1,12,1.20724346076459,"Latakia, Al Ladhiqiyah, Syria",SY,http://www.dailymail.co.uk/news/article-2639413/British-jihadists-bloodthirsty-Syria-says-rebel-commander-blamed-beheadings-crucifixions.html?ITO=1490&ns_mchannel=rss&ns_campaign=1490
20140526,298830346,20140526,SYRIA,SYR,ABDULLAH,SAU,190,재래식 군사력 사용,19,4,-10.0,6,1,6,1.20724346076459,"Brighton, Brighton and Hove, United Kingdom",UK,http://www.dailymail.co.uk/news/article-2639413/British-jihadists-bloodthirsty-Syria-says-rebel-commander-blamed-beheadings-crucifixions.html?ITO=1490&ns_mchannel=rss&ns_campaign=1490
20140526,298830557,20140526,SYRIA,SYR,JORDAN,JOR,138,군사력 사용 위협,13,3,-7.0,1,1,1,3.72960372960373,Jordan,JO,http://mynorthwest.com/17/2530215/Jordan-expels-Syrian-ambassador
20140526,298830558,20140526,SYRIA,SYR,JORDANIAN,JOR,138,군사력 사용 위협,13,3,-7.0,8,1,8,3.80952380952381,"Amman, (JO11), Jordan",JO,http://www.therepublic.com/view/story/e5ca5484b4324156bbca317d69fee787/ML--Syria
20140526,298830559,20140526,SYRIA,SYR,JORDANIAN,JOR,138,군사력 사용 위협,13,3,-7.0,7,1,7,3.72960372960373,Jordan,JO,http://mynorthwest.com/17/2530215/Jordan-expels-Syrian-ambassador
20140526,298830560,20140526,SYRIA,SYR,JORDANIAN,JOR,138,군사력 사용 위협,13,3,-7.0,39,5,39,4.28423283827398,"Amman, (JO11), Jordan",JO,http://www.whig.com/story/25610643/al-qaida-in-syria-claims-car-bombings-in-homs
20140526,298830561,20140526,SYRIA,SYR,JORDANIAN,JOR,138,군사력 사용 위협,13,3,-7.0,24,3,24,3.48947415416405,Jordan,JO,http://www.belfasttelegraph.co.uk/news/world-news/jordan-expels-syrian-ambassador-30305623.html
20140526,298830562,20140526,SYRIA,SYR,JORDAN,JOR,138,군사력 사용 위협,13,3,-7.0,1,1,1,4.56026058631922,Syria,SY,http://www.deseretnews.com/article/765654006/Jordan-expels-Syrian-ambassador.html
20140526,298830580,20140526,SYRIAN,SYR,LEBANESE,LBN,190,재래식 군사력 사용,19,4,-10.0,2,1,2,2.18978102189781,"Qalamoun, Rif Dimashq, Syria",SY,http://www.globalsecurity.org/wmd/library/news/syria/2014/syria-140525-presstv01.htm
20140526,298830606,20140526,SYRIAN,SYR,LEBANESE,LBN,190,재래식 군사력 사용,19,4,-10.0,3,1,3,1.37362637362637,"Beirut, Beyrouth, Lebanon",LE,http://news.nationalpost.com/2014/05/26/canadian-terrorist-who-was-a-senior-hezbollah-member-killed-by-syrian-rebels/
20140526,298832395,20140526,TURKISH,TUR,ISRAEL,ISR,190,재래식 군사력 사용,19,4,-10.0,2,1,2,2.88184438040346,"Ankara, Ankara, Turkey",TU,http://www.channelnewsasia.com/news/world/turkish-court-orders/1123274.html
20140526,298832396,20140526,TURKEY,TUR,ISRAEL,ISR,190,재래식 군사력 사용,19,4,-10.0,4,1,4,2.88184438040346,"Gaza, Israel (general), Israel",IS,http://www.channelnewsasia.com/news/world/turkish-court-orders/1123274.html
20140526,298832397,20140526,TURKISH,TUR,ISRAEL,ISR,190,재래식 군사력 사용,19,4,-10.0,6,3,6,2.78163934970805,"Istanbul, Istanbul, Turkey",TU,http://www.haaretz.com/news/diplomacy-defense/1.592911
20140526,298832398,20140526,TURKISH,TUR,ISRAELI,ISR,190,재래식 군사력 사용,19,4,-10.0,40,7,40,2.88116011083095,"Gaza, Israel (general), Israel",IS,http://972mag.com/what-turkish-arrest-warrants-for-israeli-generals-could-mean-for-reconciliation-efforts/91396/
20140526,298832399,20140526,TURKISH,TUR,ISRAEL,ISR,190,재래식 군사력 사용,19,4,-10.0,7,1,7,1.13636363636364,Israel,IS,http://www.jpost.com/Diplomacy-and-Politics/Turkish-court-asks-Interpol-to-arrest-former-IDF-chief-Ashkenazi-3-others-for-flotilla-raid-354385
20140526,298832400,20140526,TURKISH,TUR,ISRAELI,ISR,190,재래식 군사력 사용,19,4,-10.0,2,1,2,3.49854227405248,"Istanbul, Istanbul, Turkey",TU,http://www.aljazeera.com/news/middleeast/2014/05/turkey-orders-arrests-over-gaza-flotilla-raid-201452623466643819.html
20140526,298832401,20140526,TURKEY,TUR,ISRAEL,ISR,190,재래식 군사력 사용,19,4,-10.0,1,1,1,2.14285714285714,"Gaza, Israel (general), Israel",IS,http://972mag.com/what-turkish-arrest-warrants-for-israeli-generals-could-mean-for-reconciliation-efforts/91396/
20140526,298832402,20140526,TURKISH,TUR,ISRAELI,ISR,190,재래식 군사력 사용,19,4,-10.0,2,1,2,3.49854227405248,"Gaza, Israel (general), Israel",IS,http://www.aljazeera.com/news/middleeast/2014/05/turkey-orders-arrests-over-gaza-flotilla-raid-201452623466643819.html
20140526,298832430,20140526,TURKISH,TUR,ISRAELI,ISR,190,재래식 군사력 사용,19,4,-10.0,8,2,8,1.51567147105925,"Ankara, Ankara, Turkey",TU,http://www.tribtown.com/view/story/a075287d0bad4601a2a7940f948ec3f0/EU--Turkey-Israel
20140526,298832431,20140526,TURKISH,TUR,ISRAELI,ISR,190,재래식 군사력 사용,19,4,-10.0,22,3,22,1.41988686632101,"Gaza, Israel (general), Israel",IS,http://www.foxnews.com/world/2014/05/26/turkish-court-orders-arrest-4-former-israeli-commanders-over-2010-flotilla-raid/?utm_source=feedburner&utm_medium=feed&utm_campaign=Feed%3A+foxnews%2Fworld+%28Internal+-+World+Latest+-+Text%29
20140526,298832452,20140526,TURKISH,TUR,ISRAEL,ISR,190,재래식 군사력 사용,19,4,-10.0,2,1,2,1.61290322580645,"Anadolu, Turkey (general), Turkey",TU,http://www.therepublic.com/view/story/a075287d0bad4601a2a7940f948ec3f0/EU--Turkey-Israel
20140526,298832453,20140526,TURKISH,TUR,ISRAEL,ISR,190,재래식 군사력 사용,19,4,-10.0,10,3,10,1.44542942758454,"Ankara, Ankara, Turkey",TU,http://www.foxnews.com/world/2014/05/26/turkish-court-orders-arrest-4-former-israeli-commanders-over-2010-flotilla-raid/?utm_source=feedburner&utm_medium=feed&utm_campaign=Feed%3A+foxnews%2Fworld+%28Internal+-+World+Latest+-+Text%29
20140526,298832454,20140526,TURKISH,TUR,ISRAEL,ISR,190,재래식 군사력 사용,19,4,-10.0,1,1,1,2.0979020979021,"Istanbul, Istanbul, Turkey",TU,http://news.xinhuanet.com/english/world/2014-05/27/c_133363212.htm
20140526,298832455,20140526,TURKISH,TUR,ISRAEL,ISR,190,재래식 군사력 사용,19,4,-10.0,1,1,1,2.0979020979021,"Istanbul, Istanbul, Turkey",TU,http://news.xinhuanet.com/english/world/2014-05/27/c_133363212.htm
20140526,298832456,20140526,TURKISH,TUR,ISRAELI,ISR,190,재래식 군사력 사용,19,4,-10.0,20,2,20,2.93828620359233,"Gaza, Israel (general), Israel",IS,http://www.aljazeera.com/news/middleeast/2014/05/turkey-orders-arrests-over-gaza-flotilla-raid-201452623466643819.html
20140526,298832457,20140526,TURKISH,TUR,ISRAEL,ISR,190,재래식 군사력 사용,19,4,-10.0,8,2,8,1.40356097802906,"Anadolu, Turkey (general), Turkey",TU,http://www.foxnews.com/world/2014/05/26/turkish-court-orders-arrest-4-former-israeli-commanders-over-2010-flotilla-raid/?utm_source=feedburner&utm_medium=feed&utm_campaign=Feed%3A+foxnews%2Fworld+%28Internal+-+World+Latest+-+Text%29
20140526,298832542,20140526,TURKISH,TUR,PALESTINIAN,PSE,138,군사력 사용 위협,13,3,-7.0,6,1,6,1.13636363636364,Israel,IS,http://www.jpost.com/Diplomacy-and-Politics/Turkish-court-asks-Interpol-to-arrest-former-IDF-chief-Ashkenazi-3-others-for-flotilla-raid-354385
20140526,298832543,20140526,TURKISH,TUR,GAZA,PSE,190,재래식 군사력 사용,19,4,-10.0,2,1,2,2.88184438040346,"Gaza, Israel (general), Israel",IS,http://www.channelnewsasia.com/news/world/turkish-court-orders/1123274.html
20140526,298832544,20140526,TURKISH,TUR,GAZA,PSE,190,재래식 군사력 사용,19,4,-10.0,11,5,11,2.92814061730662,"Gaza, Israel (general), Israel",IS,http://news.yahoo.com/turkey-court-orders-arrest-israel-top-brass-over-173842418.html?.tsrc=warhol&c=4qYKSul6UjtfXc4RuThtHeAQcmYRu-1JYUujzuyh1mI&mkt=en-us
20140526,298832545,20140526,TURKISH,TUR,GAZA,PSE,190,재래식 군사력 사용,19,4,-10.0,4,1,4,1.3840830449827,"Gaza, Israel (general), Israel",IS,http://www.worldbulletin.net/turkey/137373/turkish-court-orders-arrest-of-israelis-over-mavi-marmara
20140526,298832546,20140526,TURKISH,TUR,GAZA,PSE,190,재래식 군사력 사용,19,4,-10.0,2,1,2,1.3840830449827,"Azeri, Hatay, Turkey",TU,http://www.worldbulletin.net/turkey/137373/turkish-court-orders-arrest-of-israelis-over-mavi-marmara
20140526,298832547,20140526,TURKISH,TUR,GAZA,PSE,190,재래식 군사력 사용,19,4,-10.0,2,1,2,1.3840830449827,Germany,GM,http://www.worldbulletin.net/turkey/137373/turkish-court-orders-arrest-of-israelis-over-mavi-marmara
20140526,298832554,20140526,TURKEY,TUR,AL JAZEERA,QAT,190,재래식 군사력 사용,19,4,-10.0,16,1,16,3.49854227405248,"Gaza, Israel (general), Israel",IS,http://www.aljazeera.com/news/middleeast/2014/05/turkey-orders-arrests-over-gaza-flotilla-raid-201452623466643819.html
20140526,298832580,20140526,TURKEY,TUR,SYRIA,SYR,190,재래식 군사력 사용,19,4,-10.0,1,1,1,1.72786177105832,"Ankara, Ankara, Turkey",TU,http://www.jewishpress.com/news/breaking-news/ill-winds-blowing-in-turkey/2014/05/26/
20140526,298832581,20140526,TURKISH,TUR,SYRIA,SYR,192,영토 점령,19,4,-9.5,2,1,2,1.9047619047619,Turkey,TU,http://www.unhcr.org/537f43a26.html
20140526,298832582,20140526,TURKISH,TUR,SYRIAN,SYR,192,영토 점령,19,4,-9.5,3,1,3,1.9047619047619,"Aleppo, ?alab, Syria",SY,http://www.unhcr.org/537f43a26.html
20140526,298832583,20140526,TURKISH,TUR,SYRIA,SYR,192,영토 점령,19,4,-9.5,2,1,2,1.9047619047619,Turkey,TU,http://www.unhcr.org/537f43a26.html
20140526,298832778,20140526,TURKEY,TUR,ISRAEL,ISR,190,재래식 군사력 사용,19,4,-10.0,8,1,8,1.3840830449827,"Gaza, Israel (general), Israel",IS,http://www.worldbulletin.net/turkey/137373/turkish-court-orders-arrest-of-israelis-over-mavi-marmara
20140526,298832779,20140526,TURKISH,TUR,GAZA,PSE,190,재래식 군사력 사용,19,4,-10.0,4,1,4,1.3840830449827,"Gaza, Israel (general), Israel",IS,http://www.worldbulletin.net/turkey/137373/turkish-court-orders-arrest-of-israelis-over-mavi-marmara
20140526,298852509,20140526,YEMEN,YEM,EGYPT,EGY,190,재래식 군사력 사용,19,4,-10.0,1,1,1,3.92670157068063,Yemen,YM,http://english.farsnews.com/newstext.aspx?nn=13930305001070
20140526,298852510,20140526,YEMEN,YEM,EGYPT,EGY,190,재래식 군사력 사용,19,4,-10.0,1,1,1,3.92670157068063,Yemen,YM,http://english.farsnews.com/newstext.aspx?nn=13930305001070
20140526,298852511,20140526,YEMEN,YEM,EGYPT,EGY,190,재래식 군사력 사용,19,4,-10.0,3,1,3,3.92670157068063,Yemen,YM,http://english.farsnews.com/newstext.aspx?nn=13930305001070
20140526,298852565,20140526,YEMEN,YEM,SYRIA,SYR,195,공중무기 사용,19,4,-10.0,4,1,4,0.702576112412178,"Abyan, Abyan, Yemen",YM,http://www.khaleejtimes.com/kt-article-display-1.asp?xfile=data/middleeast/2014/May/middleeast_May214.xml&section=middleeast&c=AcY-UP6GQiVsRBP_VXjm2Em-9IDYoD60ve7BWaJTFXo&mkt=en-us
20140527,298858140,20140520,SYRIAN,SYR,LEBANON,LBN,190,재래식 군사력 사용,19,4,-10.0,4,1,4,0.632911392405063,Lebanon,LE,http://www.cbc.ca/news/world/faouzi-ayoub-lebanese-canadian-terror-suspect-reportedly-killed-in-syria-1.2655194
20140527,298860253,20140526,ISTANBUL,TUR,ISRAEL,ISR,190,재래식 군사력 사용,19,4,-10.0,1,1,1,1.87793427230047,"Istanbul, Istanbul, Turkey",TU,http://www.dailysabah.com/politics/2014/05/28/turkey-contacts-interpol-after-court-rules-for-arrest-of-israelis
20140527,298903428,20140527,EGYPT,EGY,JERUSALEM,ISR,190,재래식 군사력 사용,19,4,-10.0,3,1,3,0.890207715133531,"Nile Delta, Egypt (general), Egypt",EG,http://english.ahram.org.eg/NewsContent/1/64/102323/Egypt/Politics-/Egypts-interior-minister-confirms-killing-of-top-m.aspx
20140527,298903429,20140527,EGYPT,EGY,ISRAEL,ISR,193,소형무기·경무기를 이용한 전투,19,4,-10.0,1,1,1,5.42797494780793,"Tiran, Ha?afon, Israel",IS,http://www.sdjewishworld.com/2014/05/27/israel-celebrates-yom-yerushalayim/
20140527,298903430,20140527,EGYPTIAN,EGY,ISRAELI,ISR,193,소형무기·경무기를 이용한 전투,19,4,-10.0,2,1,2,5.42797494780793,"Tiran, Ha?afon, Israel",IS,http://www.sdjewishworld.com/2014/05/27/israel-celebrates-yom-yerushalayim/
20140527,298903607,20140527,EGYPT,EGY,SYRIA,SYR,138,군사력 사용 위협,13,3,-7.0,4,1,4,1.59010600706714,Egypt,EG,http://www.washingtontimes.com/news/2014/may/27/extremist-group-vows-to-fight-libyan-general/
20140527,298903608,20140527,EGYPT,EGY,SYRIA,SYR,190,재래식 군사력 사용,19,4,-10.0,10,1,10,2.53759398496241,"Baghdad, Baghdad, Iraq",IZ,http://www.dailystar.com.lb/Opinion/Columnist/2014/May-28/257925-reading-a-painful-guide-to-iraqi-decay.ashx
20140527,298926464,20140527,IRAQ,IRQ,IRANIAN,IRN,190,재래식 군사력 사용,19,4,-10.0,2,1,2,0.657894736842105,"Diyala, DiyaláZ, Iraq",IZ,http://www.iraqoilreport.com/oil/bombing-kills-iran-gas-pipeline-workers-12378/
20140527,298926465,20140527,IRAQ,IRQ,IRAN,IRN,190,재래식 군사력 사용,19,4,-10.0,2,1,2,0.934579439252336,"Esfahan, Esfahan, Iran",IR,"Vision of the Islamic Republic of Iran Esfahan Provincial TV, Esfahan/BBC Monitoring/(c) BBC"
20140527,298926466,20140527,IRAQ,IRQ,IRANIAN,IRN,190,재래식 군사력 사용,19,4,-10.0,8,1,8,0.934579439252336,"Esfahan, Esfahan, Iran",IR,"Vision of the Islamic Republic of Iran Esfahan Provincial TV, Esfahan/BBC Monitoring/(c) BBC"
20140527,298926467,20140527,IRAQ,IRQ,IRANIAN,IRN,194,포병·전차를 이용한 전투,19,4,-10.0,2,1,2,0.657894736842105,"Diyala, DiyaláZ, Iraq",IZ,http://www.iraqoilreport.com/oil/bombing-kills-iran-gas-pipeline-workers-12378/
20140527,298926487,20140527,IRAQ,IRQ,ISRAEL,ISR,190,재래식 군사력 사용,19,4,-10.0,5,1,5,1.49253731343284,"Baghdad, Baghdad, Iraq",IZ,"http://www.ynetnews.com/articles/0,7340,L-4524373,00.html"
20140527,298926573,20140527,IRAQI,IRQ,SAUDI ARABIA,SAU,194,포병·전차를 이용한 전투,19,4,-10.0,5,4,5,2.4325252035823,Iraq,IZ,http://www.globalpost.com/dispatch/news/the-canadian-press/140527/prominent-lawyer-suspended-leaking-information-columnist-art
20140527,298926574,20140527,IRAQ,IRQ,SAUDI ARABIA,SAU,194,포병·전차를 이용한 전투,19,4,-10.0,10,4,10,2.4325252035823,Iraq,IZ,http://www.globalpost.com/dispatch/news/the-canadian-press/140527/prominent-lawyer-suspended-leaking-information-columnist-art
20140527,298926575,20140527,IRAQI,IRQ,SAUDI ARABIA,SAU,194,포병·전차를 이용한 전투,19,4,-10.0,25,4,25,2.4325252035823,Saudi Arabia,SA,http://www.globalpost.com/dispatch/news/the-canadian-press/140527/prominent-lawyer-suspended-leaking-information-columnist-art
20140527,298927749,20140527,ISRAEL,ISR,PALESTINIAN,PSE,138,군사력 사용 위협,13,3,-7.0,40,8,40,3.49543393469037,"Gaza, Israel (general), Israel",IS,http://www.firstpost.com/world/hamas-and-fatah-say-agree-on-palestinian-national-unity-govt-1545759.html
20140527,298927770,20140527,ISRAELI,ISR,WEST BANK,PSE,190,재래식 군사력 사용,19,4,-10.0,1,1,1,0.408163265306122,"Yabud, West Bank (general), West Bank",WE,http://english.wafa.ps/index.php?action=detail&id=25308
20140527,298927771,20140527,ISRAEL,ISR,WEST BANK,PSE,190,재래식 군사력 사용,19,4,-10.0,5,1,5,0.408163265306122,"Jenin, West Bank (general), West Bank",WE,http://english.wafa.ps/index.php?action=detail&id=25308
20140527,298927772,20140527,ISRAELI,ISR,PALESTINIAN,PSE,190,재래식 군사력 사용,19,4,-10.0,2,1,2,0.408163265306122,"Jenin, West Bank (general), West Bank",WE,http://english.wafa.ps/index.php?action=detail&id=25308
20140527,298927773,20140527,ISRAELI,ISR,PALESTINIAN,PSE,190,재래식 군사력 사용,19,4,-10.0,10,4,10,1.27565664569632,"Jerusalem, Israel (general), Israel",IS,http://www.jewishjournal.com/israel/article/israelis_palestinians_vie_for_latino_support_during_popes_visit
20140527,298927774,20140527,ISRAELI,ISR,PALESTINIAN,PSE,190,재래식 군사력 사용,19,4,-10.0,1,1,1,2.59067357512953,"Buenos Aires, Distrito Federal, Argentina",AR,http://www.jewishjournal.com/israel/article/israelis_palestinians_vie_for_latino_support_during_popes_visit
20140527,298927775,20140527,ISRAEL,ISR,WEST BANK,PSE,190,재래식 군사력 사용,19,4,-10.0,1,1,1,1.53846153846154,Israel,IS,http://www.dailystar.com.lb/News/Middle-East/2014/May-27/257853-israel-detains-14-palestinians-in-w-bank-raids.ashx
20140527,298927776,20140527,ISRAELI,ISR,WEST BANK,PSE,190,재래식 군사력 사용,19,4,-10.0,2,1,2,1.53846153846154,West Bank,WE,http://www.dailystar.com.lb/News/Middle-East/2014/May-27/257853-israel-detains-14-palestinians-in-w-bank-raids.ashx
20140527,298927777,20140527,ISRAEL,ISR,PALESTINIAN,PSE,193,소형무기·경무기를 이용한 전투,19,4,-10.0,5,1,5,2.11581291759465,Israel,IS,http://www.huffingtonpost.com/ibrahim-sharqieh/entitled-to-protection-pa_b_5399503.html
20140527,298927802,20140527,ISRAEL,ISR,MAHMOUD ABBAS,PSE,190,재래식 군사력 사용,19,4,-10.0,1,1,1,2.83400809716599,"Jerusalem, Israel (general), Israel",IS,http://israelmatzav.blogspot.com/2014/05/popes-man-of-peace-says-murdering-jews.html
20140527,298927803,20140527,ISRAEL,ISR,MAHMOUD ABBAS,PSE,190,재래식 군사력 사용,19,4,-10.0,1,1,1,2.83400809716599,"Boston, Massachusetts, United States",US,http://israelmatzav.blogspot.com/2014/05/popes-man-of-peace-says-murdering-jews.html
20140527,298927821,20140527,ISRAEL,ISR,HAMAS,PSE,190,재래식 군사력 사용,19,4,-10.0,4,1,4,3.89768574908648,"Jerusalem, Israel (general), Israel",IS,http://www.sdjewishworld.com/2014/05/27/settlements-bogus-issue-mideast-peace-talks/
20140527,298927895,20140527,ISRAEL,ISR,SYRIA,SYR,163,금수·보이콧·제재 부과,16,4,-8.0,2,1,2,4.11840411840412,"Gaza, Israel (general), Israel",IS,http://www.washingtonpost.com/opinions/david-ignatius-former-saudi-and-israeli-officials-engage-in-a-hopeful-dialogue/2014/05/27/d807ca7e-e5d4-11e3-8f90-73e071f3d637_story.html?wprss=rss_opinions
20140527,298927896,20140527,ISRAEL,ISR,SYRIA,SYR,163,금수·보이콧·제재 부과,16,4,-8.0,2,1,2,4.11840411840412,Syria,SY,http://www.washingtonpost.com/opinions/david-ignatius-former-saudi-and-israeli-officials-engage-in-a-hopeful-dialogue/2014/05/27/d807ca7e-e5d4-11e3-8f90-73e071f3d637_story.html?wprss=rss_opinions
20140527,298927975,20140527,ISRAELI,ISR,TURKEY,TUR,190,재래식 군사력 사용,19,4,-10.0,1,1,1,1.41176470588235,"Istanbul, Istanbul, Turkey",TU,http://vestnikkavkaza.net/news/politics/55711.html
20140527,298927976,20140527,ISRAELI,ISR,TURKEY,TUR,190,재래식 군사력 사용,19,4,-10.0,1,1,1,1.41176470588235,"Istanbul, Istanbul, Turkey",TU,http://vestnikkavkaza.net/news/politics/55711.html
20140527,298927990,20140527,ISRAELI,ISR,TURKEY,TUR,190,재래식 군사력 사용,19,4,-10.0,1,1,1,3.83386581469649,"Baku, Baki*, Azerbaijan",AJ,http://english.farsnews.com/newstext.aspx?nn=13930306000106
20140527,298927991,20140527,ISRAELI,ISR,TURKEY,TUR,190,재래식 군사력 사용,19,4,-10.0,1,1,1,3.83386581469649,"Tehran, Tehran, Iran",IR,http://english.farsnews.com/newstext.aspx?nn=13930306000106
20140527,298928131,20140527,ISRAELI,ISR,PALESTINIAN,PSE,190,재래식 군사력 사용,19,4,-10.0,8,1,8,1.87265917602996,Israel,IS,http://www.btselem.org/firearms/20140526_bitunya_killings_full_video_documentation
20140527,298928297,20140527,ISRAEL,ISR,MAHMOUD ABBAS,PSE,190,재래식 군사력 사용,19,4,-10.0,2,1,2,2.83400809716599,"Jerusalem, Israel (general), Israel",IS,http://israelmatzav.blogspot.com/2014/05/popes-man-of-peace-says-murdering-jews.html
20140527,298928364,20140527,ISRAEL,ISR,TURKISH,TUR,138,군사력 사용 위협,13,3,-7.0,2,1,2,2.16867469879518,"Jordan Valley, Israel (general), Israel",IS,http://www.jpost.com/Middle-East/Yaalon-Turkey-not-yet-ready-to-normalize-relations-with-Israel-354544
20140527,298928365,20140527,ISRAELI,ISR,TURK,TUR,190,재래식 군사력 사용,19,4,-10.0,3,1,3,1.41176470588235,"Istanbul, Istanbul, Turkey",TU,http://vestnikkavkaza.net/news/politics/55711.html
20140527,298928366,20140527,ISRAELI,ISR,TURKISH,TUR,190,재래식 군사력 사용,19,4,-10.0,6,1,6,3.83386581469649,"Tehran, Tehran, Iran",IR,http://english.farsnews.com/newstext.aspx?nn=13930306000106
20140527,298928383,20140527,ISRAELI,ISR,PALESTINIAN,PSE,190,재래식 군사력 사용,19,4,-10.0,3,1,3,1.02986611740474,"Talfit, West Bank (general), West Bank",WE,http://www.maannews.net/eng/ViewDetails.aspx?ID=700372
20140527,298928390,20140527,ISRAEL,ISR,PALESTINIAN,PSE,190,재래식 군사력 사용,19,4,-10.0,4,1,4,0.537634408602151,"Jerusalem, Israel (general), Israel",IS,http://www.albawaba.com/conflict-israel/vandalism-israel-church-579213
20140527,298928391,20140527,ISRAELI,ISR,PALESTINIAN,PSE,190,재래식 군사력 사용,19,4,-10.0,6,1,6,0.537634408602151,West Bank,WE,http://www.albawaba.com/conflict-israel/vandalism-israel-church-579213
20140527,298929613,20140527,JORDAN,JOR,SYRIAN,SYR,138,군사력 사용 위협,13,3,-7.0,1,1,1,3.7463976945245,United Kingdom,UK,http://www.haaretz.com/news/middle-east/1.595630
20140527,298929614,20140527,JORDAN,JOR,SYRIAN,SYR,138,군사력 사용 위협,13,3,-7.0,1,1,1,3.7463976945245,United Kingdom,UK,http://www.haaretz.com/news/middle-east/1.595630
20140527,298929625,20140527,JORDAN,JOR,SYRIAN,SYR,192,영토 점령,19,4,-9.5,10,1,10,0.628930817610063,"Amman, (JO11), Jordan",JO,"Jordan Times website, Amman/BBC Monitoring/(c) BBC"
20140527,298929643,20140527,JORDAN,JOR,SYRIA,SYR,138,군사력 사용 위협,13,3,-7.0,5,1,5,3.58744394618834,Jordan,JO,http://www.yorkshirepost.co.uk/news/main-topics/world/surprise-as-syria-envoy-expelled-by-jordan-1-6638182
20140527,298929648,20140527,JORDAN,JOR,SYRIA,SYR,138,군사력 사용 위협,13,3,-7.0,1,1,1,2.34375,"Damascus, Dimashq, Syria",SY,http://pakistan.onepakistan.com.pk/news/world/middle-east/305700-jordan-syria-expel-diplomats.html
20140527,298929649,20140527,JORDAN,JOR,SYRIA,SYR,138,군사력 사용 위협,13,3,-7.0,1,1,1,2.34375,"Damascus, Dimashq, Syria",SY,http://pakistan.onepakistan.com.pk/news/world/middle-east/305700-jordan-syria-expel-diplomats.html
20140527,298929650,20140527,JORDAN,JOR,SYRIA,SYR,190,재래식 군사력 사용,19,4,-10.0,1,1,1,2.34375,"Damascus, Dimashq, Syria",SY,http://pakistan.onepakistan.com.pk/news/world/middle-east/305700-jordan-syria-expel-diplomats.html
20140527,298929651,20140527,JORDAN,JOR,SYRIA,SYR,190,재래식 군사력 사용,19,4,-10.0,1,1,1,2.34375,"Damascus, Dimashq, Syria",SY,http://pakistan.onepakistan.com.pk/news/world/middle-east/305700-jordan-syria-expel-diplomats.html
20140527,298935096,20140527,LEBANESE,LBN,SYRIAN,SYR,154,군 병력 동원·증강,15,4,-7.2,4,1,4,2.94117647058824,"Beirut, Beyrouth, Lebanon",LE,http://online.wsj.com/article/BT-CO-20140527-712387.html
20140527,298935097,20140527,LEBANESE,LBN,SYRIA,SYR,190,재래식 군사력 사용,19,4,-10.0,2,1,2,0.78740157480315,"Michigan, United States",US,http://www.torontosun.com/2014/05/27/lebanese-canadian-senior-member-of-hezbollah-killed-in-syria-reports
20140527,298935098,20140527,LEBANESE,LBN,SYRIA,SYR,190,재래식 군사력 사용,19,4,-10.0,2,1,2,0.78740157480315,Lebanon,LE,http://www.torontosun.com/2014/05/27/lebanese-canadian-senior-member-of-hezbollah-killed-in-syria-reports
20140527,298935099,20140527,LEBANESE,LBN,SYRIA,SYR,190,재래식 군사력 사용,19,4,-10.0,4,1,4,0.78740157480315,"Michigan, United States",US,http://www.torontosun.com/2014/05/27/lebanese-canadian-senior-member-of-hezbollah-killed-in-syria-reports
20140527,298935100,20140527,LEBANON,LBN,SYRIA,SYR,190,재래식 군사력 사용,19,4,-10.0,2,1,2,0.78740157480315,"Michigan, United States",US,http://www.torontosun.com/2014/05/27/lebanese-canadian-senior-member-of-hezbollah-killed-in-syria-reports
20140527,298935166,20140527,LEBANON,LBN,SYRIA,SYR,190,재래식 군사력 사용,19,4,-10.0,1,1,1,4.0983606557377,"Bekaa Valley, Béa, Lebanon",LE,http://english.farsnews.com/newstext.aspx?nn=13930306000076
20140527,298935194,20140527,LEBANESE,LBN,SYRIAN,SYR,154,군 병력 동원·증강,15,4,-7.2,6,1,6,2.94117647058824,"Beirut, Beyrouth, Lebanon",LE,http://online.wsj.com/article/BT-CO-20140527-712387.html
20140527,298956054,20140527,PALESTINIAN,PSE,ISRAEL,ISR,138,군사력 사용 위협,13,3,-7.0,30,8,30,3.49543393469037,"Gaza, Israel (general), Israel",IS,http://www.firstpost.com/world/hamas-and-fatah-say-agree-on-palestinian-national-unity-govt-1545759.html
20140527,298956072,20140527,PALESTINIAN,PSE,ISRAEL,ISR,190,재래식 군사력 사용,19,4,-10.0,6,1,6,2.10084033613445,"Bethlehem, West Bank (general), West Bank",WE,http://www.speroforum.com/a/VTJTOBBWQS46/74917-Muslims-persecute-Palestinian-Christians-during-Pope-Francis-visit%22%20type=%22text/html
20140527,298956073,20140527,PALESTINIAN,PSE,ISRAEL,ISR,190,재래식 군사력 사용,19,4,-10.0,1,1,1,2.10084033613445,"Jerusalem, Israel (general), Israel",IS,http://www.speroforum.com/a/VTJTOBBWQS46/74917-Muslims-persecute-Palestinian-Christians-during-Pope-Francis-visit%22%20type=%22text/html
20140527,298956074,20140527,PALESTINIAN,PSE,ISRAELI,ISR,190,재래식 군사력 사용,19,4,-10.0,19,6,19,2.44729977181503,"Jerusalem, Israel (general), Israel",IS,http://www.jewishjournal.com/israel/article/israelis_palestinians_vie_for_latino_support_during_popes_visit
20140527,298956075,20140527,PALESTINIAN,PSE,ISRAELI,ISR,190,재래식 군사력 사용,19,4,-10.0,1,1,1,2.59067357512953,"Buenos Aires, Distrito Federal, Argentina",AR,http://www.jewishjournal.com/israel/article/israelis_palestinians_vie_for_latino_support_during_popes_visit
20140527,298956076,20140527,PALESTINIAN,PSE,ISRAEL,ISR,190,재래식 군사력 사용,19,4,-10.0,2,1,2,1.98757763975155,Israel,IS,http://palestinianpundit.blogspot.com/2014/05/amnesty-urges-abbas-to-drop-criminal.html
20140527,298956077,20140527,PALESTINIAN,PSE,ISRAEL,ISR,193,소형무기·경무기를 이용한 전투,19,4,-10.0,6,1,6,1.02986611740474,"Gaza, Israel (general), Israel",IS,http://www.maannews.net/eng/ViewDetails.aspx?ID=700372
20140527,298956081,20140527,PALESTINIAN,PSE,ISRAEL,ISR,190,재래식 군사력 사용,19,4,-10.0,2,1,2,3.75,"Jerusalem, Israel (general), Israel",IS,http://www.irishexaminer.com/world/cwgbsnsnqlmh/rss2/
20140527,298956293,20140527,PALESTINIAN,PSE,ISRAELI,ISR,193,소형무기·경무기를 이용한 전투,19,4,-10.0,2,1,2,2.11581291759465,Israel,IS,http://www.huffingtonpost.com/ibrahim-sharqieh/entitled-to-protection-pa_b_5399503.html
20140527,298956380,20140527,PALESTINIAN,PSE,ISRAELI,ISR,190,재래식 군사력 사용,19,4,-10.0,2,1,2,3.75,"Jerusalem, Israel (general), Israel",IS,http://www.irishexaminer.com/world/cwgbsnsnqlmh/rss2/
20140527,298956874,20140527,QATAR,QAT,SYRIAN,SYR,190,재래식 군사력 사용,19,4,-10.0,3,1,3,1.53846153846154,Ukraine,UP,http://rt.com/news/161820-us-trains-syrian-rebels/
20140527,298956917,20140527,AL JAZEERA,QAT,ISRAEL,ISR,190,재래식 군사력 사용,19,4,-10.0,3,1,3,1.75953079178886,"Gaza, Israel (general), Israel",IS,http://www.aljazeera.com/humanrights/2014/05/turkey-orders-arrests-over-gaza-flotilla-raid-2014527135140609474.html
20140527,298961065,20140527,SAUDI ARABIA,SAU,EGYPTIAN,EGY,193,소형무기·경무기를 이용한 전투,19,4,-10.0,5,1,5,3.11526479750779,"Tripoli, Tarabulus, Libya",LY,http://theconversation.com/nato-must-take-responsibility-for-spiralling-violence-in-libya-27050
20140527,298961382,20140527,ABDULLAH,SAU,PALESTINIAN,PSE,190,재래식 군사력 사용,19,4,-10.0,8,1,8,0.0,"Jerusalem, Israel (general), Israel",IS,http://www.maannews.net/eng/ViewDetails.aspx?ID=700197
20140527,298963796,20140527,SYRIA,SYR,EGYPT,EGY,190,재래식 군사력 사용,19,4,-10.0,4,1,4,2.53759398496241,Algeria,AG,http://www.dailystar.com.lb/Opinion/Columnist/2014/May-28/257925-reading-a-painful-guide-to-iraqi-decay.ashx
20140527,298963797,20140527,SYRIA,SYR,EGYPT,EGY,190,재래식 군사력 사용,19,4,-10.0,6,1,6,2.53759398496241,Algeria,AG,http://www.dailystar.com.lb/Opinion/Columnist/2014/May-28/257925-reading-a-painful-guide-to-iraqi-decay.ashx
20140527,298963894,20140527,SYRIA,SYR,IRAN,IRN,190,재래식 군사력 사용,19,4,-10.0,8,1,8,1.59021406727829,Syria,SY,http://www.strategypage.com/qnd/afghan/articles/20140527.aspx
20140527,298963895,20140527,SYRIA,SYR,IRAN,IRN,190,재래식 군사력 사용,19,4,-10.0,2,1,2,1.59021406727829,Syria,SY,http://www.strategypage.com/qnd/afghan/articles/20140527.aspx
20140527,298963924,20140527,SYRIA,SYR,ISRAEL,ISR,190,재래식 군사력 사용,19,4,-10.0,26,7,26,0.418530352392786,"Deraa, Dara, Syria",SY,http://news.yahoo.com/canadian-hezbollah-commander-killed-fighting-rebels-syria-sources-120554735.html
20140527,298963925,20140527,SYRIA,SYR,ISRAEL,ISR,190,재래식 군사력 사용,19,4,-10.0,9,7,9,0.417844043044905,Israel,IS,http://www.iol.co.za/news/world/most-wanted-hezbollah-head-killed-1.1694702
20140527,298963926,20140527,SYRIA,SYR,ISRAEL,ISR,190,재래식 군사력 사용,19,4,-10.0,1,1,1,0.4,United States,US,http://www.iol.co.za/news/world/most-wanted-hezbollah-head-killed-1.1694702
20140527,298963927,20140527,SYRIAN,SYR,ISRAEL,ISR,190,재래식 군사력 사용,19,4,-10.0,18,7,18,0.418202465983973,Israel,IS,http://en.ammonnews.net/article.aspx?articleno=25448
20140527,298963928,20140527,SYRIAN,SYR,ISRAEL,ISR,190,재래식 군사력 사용,19,4,-10.0,2,1,2,0.4,Canada,CA,http://www.iol.co.za/news/world/most-wanted-hezbollah-head-killed-1.1694702
20140527,298963929,20140527,SYRIA,SYR,ISRAEL,ISR,190,재래식 군사력 사용,19,4,-10.0,1,1,1,0.403225806451613,Israel,IS,http://en.ammonnews.net/article.aspx?articleno=25448
20140527,298963930,20140527,SYRIA,SYR,ISRAEL,ISR,190,재래식 군사력 사용,19,4,-10.0,3,1,3,0.403225806451613,Syria,SY,http://en.ammonnews.net/article.aspx?articleno=25448
20140527,298963935,20140527,SYRIA,SYR,ISRAEL,ISR,190,재래식 군사력 사용,19,4,-10.0,10,1,10,0.458715596330275,"Deraa, Dara, Syria",SY,http://www.haaretz.com/news/middle-east/1.595668
20140527,298964058,20140527,SYRIA,SYR,LEBANON,LBN,190,재래식 군사력 사용,19,4,-10.0,6,5,6,0.660603323946704,"Damascus, Dimashq, Syria",SY,http://www.thenational.ae/world/middle-east/senior-hizbollah-commander-wanted-by-the-fbi-is-killed-in-syria-fighting
20140527,298964059,20140527,SYRIA,SYR,LEBANON,LBN,190,재래식 군사력 사용,19,4,-10.0,6,5,6,0.660603323946704,"Adsheet, Nabatî, Lebanon",LE,http://www.thenational.ae/world/middle-east/senior-hizbollah-commander-wanted-by-the-fbi-is-killed-in-syria-fighting
20140527,298964060,20140527,SYRIAN,SYR,LEBANESE,LBN,190,재래식 군사력 사용,19,4,-10.0,5,2,5,2.51008878127522,Lebanon,LE,http://in.reuters.com/article/2014/05/27/press-digest-canada-idINL3N0OD22V20140527
20140527,298964061,20140527,SYRIAN,SYR,LEBANESE,LBN,190,재래식 군사력 사용,19,4,-10.0,5,2,5,2.51008878127522,Syria,SY,http://in.reuters.com/article/2014/05/27/press-digest-canada-idINL3N0OD22V20140527
20140527,298964062,20140527,SYRIAN,SYR,LEBANON,LBN,192,영토 점령,19,4,-9.5,1,1,1,2.44821092278719,"Latakia, Al Ladhiqiyah, Syria",SY,http://www.dnaindia.com/world/report-election-posters-of-syria-s-president-bashar-al-assad-hang-above-a-road-in-latakia-1991664
20140527,298964063,20140527,SYRIAN,SYR,LEBANON,LBN,192,영토 점령,19,4,-9.5,74,6,74,2.41767425732506,"Raqqa, Ar Raqqah, Syria",SY,http://in.reuters.com/article/2014/05/27/uk-syria-crisis-refugees-idINKBN0E716G20140527?feedType=RSS&feedName=worldNews
20140527,298964064,20140527,SYRIAN,SYR,LEBANON,LBN,192,영토 점령,19,4,-9.5,14,1,14,2.51677852348993,"Damascus, Dimashq, Syria",SY,http://main.omanobserver.om/?p=84048&c=32k1XVmFvyYbqo4mSxcaV-YrkaN23FFA5rxUa27U7KA&mkt=en-us
20140527,298964065,20140527,SYRIAN,SYR,LEBANON,LBN,192,영토 점령,19,4,-9.5,1,1,1,2.44821092278719,"Latakia, Al Ladhiqiyah, Syria",SY,http://www.dnaindia.com/world/report-election-posters-of-syria-s-president-bashar-al-assad-hang-above-a-road-in-latakia-1991664
20140527,298964066,20140527,SYRIAN,SYR,LEBANON,LBN,192,영토 점령,19,4,-9.5,14,6,14,2.41592930501293,"Raqqa, Ar Raqqah, Syria",SY,http://in.reuters.com/article/2014/05/27/uk-syria-crisis-refugees-idINKBN0E716G20140527?feedType=RSS&feedName=worldNews
20140527,298964067,20140527,SYRIA,SYR,LEBANON,LBN,192,영토 점령,19,4,-9.5,30,6,30,2.41808141286455,"Raqqa, Ar Raqqah, Syria",SY,http://in.reuters.com/article/2014/05/27/uk-syria-crisis-refugees-idINKBN0E716G20140527?feedType=RSS&feedName=worldNews
20140527,298964068,20140527,SYRIAN,SYR,LEBANON,LBN,192,영토 점령,19,4,-9.5,2,1,2,2.51677852348993,"Beirut, Beyrouth, Lebanon",LE,http://main.omanobserver.om/?p=84048&c=32k1XVmFvyYbqo4mSxcaV-YrkaN23FFA5rxUa27U7KA&mkt=en-us
20140527,298964077,20140527,SYRIA,SYR,LEBANESE,LBN,190,재래식 군사력 사용,19,4,-10.0,7,1,7,1.86915887850467,"Beirut, Beyrouth, Lebanon",LE,http://www.dailystar.com.lb/News/Lebanon-News/2014/May-27/257817-hezbollah-suspect-in-harb-case-killed-in-syria-reports.ashx
20140527,298964078,20140527,SYRIA,SYR,LEBANON,LBN,190,재래식 군사력 사용,19,4,-10.0,2,1,2,0.709219858156028,Lebanon,LE,http://en.trend.az/regions/met/arabicr/2278756.html
20140527,298964079,20140527,SYRIA,SYR,BOUTROS HARB,LBN,190,재래식 군사력 사용,19,4,-10.0,2,1,2,1.86915887850467,Syria,SY,http://www.dailystar.com.lb/News/Lebanon-News/2014/May-27/257817-hezbollah-suspect-in-harb-case-killed-in-syria-reports.ashx
20140527,298964080,20140527,SYRIAN,SYR,LEBANON,LBN,190,재래식 군사력 사용,19,4,-10.0,10,2,10,2.51008878127522,Lebanon,LE,http://in.reuters.com/article/2014/05/27/press-digest-canada-idINL3N0OD22V20140527
20140527,298964489,20140527,SYRIA,SYR,JORDANIAN,JOR,138,군사력 사용 위협,13,3,-7.0,8,1,8,3.58744394618834,Jordan,JO,http://www.yorkshirepost.co.uk/news/main-topics/world/surprise-as-syria-envoy-expelled-by-jordan-1-6638182
20140527,298964545,20140527,SYRIAN,SYR,LEBANESE,LBN,190,재래식 군사력 사용,19,4,-10.0,15,2,15,2.51008878127522,Lebanon,LE,http://in.reuters.com/article/2014/05/27/press-digest-canada-idINL3N0OD22V20140527
20140527,298966186,20140527,IZMIR,TUR,ISRAELI,ISR,190,재래식 군사력 사용,19,4,-10.0,2,1,2,2.57352941176471,Israel,IS,http://www.turkishpress.com/news/408509/
20140527,298966187,20140527,TURKEY,TUR,ISRAEL,ISR,190,재래식 군사력 사용,19,4,-10.0,1,1,1,3.33102012491325,"Ankara, Ankara, Turkey",TU,http://www.al-monitor.com/pulse/originals/2014/05/recep-tayyip-erdogan-israel-normalization-natural-gas.html
20140527,298966188,20140527,TURKEY,TUR,ISRAEL,ISR,190,재래식 군사력 사용,19,4,-10.0,1,1,1,3.33102012491325,"Ankara, Ankara, Turkey",TU,http://www.al-monitor.com/pulse/originals/2014/05/recep-tayyip-erdogan-israel-normalization-natural-gas.html
20140527,298966189,20140527,TURKISH,TUR,ISRAELI,ISR,190,재래식 군사력 사용,19,4,-10.0,4,1,4,3.50877192982456,"Gaza, Israel (general), Israel",IS,http://www.nation.lk/edition/breaking-news/item/29610-turkey-orders-arrests-over-gaza-flotilla-raid.html
20140527,298966190,20140527,ISTANBUL,TUR,ISRAELI,ISR,190,재래식 군사력 사용,19,4,-10.0,2,1,2,2.59259259259259,Israel,IS,http://www.dailysabah.com/nation/2014/05/27/mavi-marmara-survivor-welcomes-charges-on-israelis
20140527,298966191,20140527,TURKEY,TUR,ISRAEL,ISR,190,재래식 군사력 사용,19,4,-10.0,1,1,1,3.50877192982456,"Istanbul, Istanbul, Turkey",TU,http://www.nation.lk/edition/breaking-news/item/29610-turkey-orders-arrests-over-gaza-flotilla-raid.html
20140527,298966192,20140527,TURKEY,TUR,ISRAELI,ISR,190,재래식 군사력 사용,19,4,-10.0,11,2,11,3.2511735317646,"Gaza, Israel (general), Israel",IS,http://www.gulf-times.com/region/216/details/393651/turkey-court-orders-israelis%E2%80%99-arrest-for-ship-raid
20140527,298966193,20140527,IZMIR,TUR,ISRAELI,ISR,190,재래식 군사력 사용,19,4,-10.0,8,1,8,2.57352941176471,"Anadolu, Turkey (general), Turkey",TU,http://www.turkishpress.com/news/408509/
20140527,298966194,20140527,ISTANBUL,TUR,ISRAELI,ISR,190,재래식 군사력 사용,19,4,-10.0,8,1,8,2.59259259259259,"Istanbul, Istanbul, Turkey",TU,http://www.dailysabah.com/nation/2014/05/27/mavi-marmara-survivor-welcomes-charges-on-israelis
20140527,298966195,20140527,TURKEY,TUR,ISRAEL,ISR,190,재래식 군사력 사용,19,4,-10.0,4,1,4,2.18978102189781,"Gaza, Israel (general), Israel",IS,http://www.mintpressnews.com/intl-arrest-warrants-sought-israeli-commandos-raid-gaza-flotilla/191487/
20140527,298966225,20140527,TURKEY,TUR,ISRAELI,ISR,190,재래식 군사력 사용,19,4,-10.0,8,1,8,1.76470588235294,"Gaza, Israel (general), Israel",IS,http://www.scmp.com/news/world/article/1520058/turkish-court-orders-arrest-israelis-over-2010-gaza-aid-ship-killings
20140527,298966226,20140527,TURKISH,TUR,ISRAELI,ISR,190,재래식 군사력 사용,19,4,-10.0,6,1,6,3.50877192982456,"Gaza, Israel (general), Israel",IS,http://www.nation.lk/edition/breaking-news/item/29610-turkey-orders-arrests-over-gaza-flotilla-raid.html
20140527,298966227,20140527,TURKISH,TUR,ISRAEL,ISR,190,재래식 군사력 사용,19,4,-10.0,1,1,1,3.33102012491325,"Herzliya, Tel Aviv, Israel",IS,http://www.al-monitor.com/pulse/originals/2014/05/recep-tayyip-erdogan-israel-normalization-natural-gas.html
20140527,298966228,20140527,TURKISH,TUR,ISRAEL,ISR,190,재래식 군사력 사용,19,4,-10.0,1,1,1,3.33102012491325,"Herzliya, Tel Aviv, Israel",IS,http://www.al-monitor.com/pulse/originals/2014/05/recep-tayyip-erdogan-israel-normalization-natural-gas.html
20140527,298966349,20140527,TURKEY,TUR,GAZA,PSE,190,재래식 군사력 사용,19,4,-10.0,1,1,1,3.50877192982456,"Gaza, Israel (general), Israel",IS,http://www.nation.lk/edition/breaking-news/item/29610-turkey-orders-arrests-over-gaza-flotilla-raid.html
20140527,298966350,20140527,TURKISH,TUR,GAZA,PSE,190,재래식 군사력 사용,19,4,-10.0,6,1,6,2.18978102189781,"Gaza, Israel (general), Israel",IS,http://www.mintpressnews.com/intl-arrest-warrants-sought-israeli-commandos-raid-gaza-flotilla/191487/
20140527,298966358,20140527,TURKEY,TUR,AL JAZEERA,QAT,190,재래식 군사력 사용,19,4,-10.0,8,1,8,1.75953079178886,"Gaza, Israel (general), Israel",IS,http://www.aljazeera.com/humanrights/2014/05/turkey-orders-arrests-over-gaza-flotilla-raid-2014527135140609474.html
20140527,298993593,20140527,SANA,YEM,SYRIA,SYR,190,재래식 군사력 사용,19,4,-10.0,12,5,12,1.80298587722329,"Damascus, Dimashq, Syria",SY,http://www.comoxvalleyecho.com/news/watchdog-says-its-staff-in-syria-safe-and-not-abducted-by-armed-groups-after-coming-under-fire-1.1076297
20140527,298993594,20140527,YEMENI,YEM,SYRIA,SYR,195,공중무기 사용,19,4,-10.0,8,1,8,0.761421319796954,"Abyan, Abyan, Yemen",YM,http://www.omantribune.com/index.php?page=news&id=168439&heading=Other%20Top%20Stories
20140528,298999111,20140521,SYRIA,SYR,IRAQ,IRQ,190,재래식 군사력 사용,19,4,-10.0,8,1,8,0.921658986175115,"Aleppo, ?alab, Syria",SY,http://www.al-monitor.com/pulse/originals/2014/05/gaza-denies-isis-presence-jihadist-killed-syria.html
20140528,298999112,20140521,SYRIA,SYR,IRAQ,IRQ,190,재래식 군사력 사용,19,4,-10.0,2,1,2,0.921658986175115,Iraq,IZ,http://www.al-monitor.com/pulse/originals/2014/05/gaza-denies-isis-presence-jihadist-killed-syria.html
20140528,299045706,20140528,SINAI PENINSULA,EGY,ISRAEL,ISR,193,소형무기·경무기를 이용한 전투,19,4,-10.0,4,1,4,3.62622036262204,"Gaza, Israel (general), Israel",IS,https://au.news.yahoo.com/thewest/world/a/23913824/egypt-extends-presidential-vote-after-low-turnout/
20140528,299045707,20140528,EGYPTIAN,EGY,ISRAEL,ISR,193,소형무기·경무기를 이용한 전투,19,4,-10.0,3,1,2,0.775193798449612,"Rafah, Shamal Sina', Egypt",EG,http://www.maannews.net/eng/ViewDetails.aspx?ID=700691
20140528,299045708,20140528,EGYPTIAN,EGY,ISRAEL,ISR,193,소형무기·경무기를 이용한 전투,19,4,-10.0,1,1,1,0.775193798449612,"Gaza, Israel (general), Israel",IS,http://www.maannews.net/eng/ViewDetails.aspx?ID=700691
20140528,299045709,20140528,SINAI PENINSULA,EGY,ISRAEL,ISR,193,소형무기·경무기를 이용한 전투,19,4,-10.0,4,1,4,3.64145658263305,"Gaza, Israel (general), Israel",IS,http://tribune.com.pk/story/714346/egypt-extends-presidential-vote-after-low-turnout/
20140528,299045710,20140528,EGYPTIAN,EGY,ISRAEL,ISR,193,소형무기·경무기를 이용한 전투,19,4,-10.0,1,1,1,0.775193798449612,Gaza Strip,GZ,http://www.maannews.net/eng/ViewDetails.aspx?ID=700691
20140528,299045713,20140528,EGYPT,EGY,ISRAEL,ISR,193,소형무기·경무기를 이용한 전투,19,4,-10.0,4,1,4,0.775193798449612,"Rafah, Shamal Sina', Egypt",EG,http://www.maannews.net/eng/ViewDetails.aspx?ID=700691
20140528,299045714,20140528,EGYPTIAN,EGY,ISRAEL,ISR,193,소형무기·경무기를 이용한 전투,19,4,-10.0,2,1,2,0.775193798449612,"Gaza, Israel (general), Israel",IS,http://www.maannews.net/eng/ViewDetails.aspx?ID=700691
20140528,299045822,20140528,SINAI PENINSULA,EGY,GAZA,PSE,193,소형무기·경무기를 이용한 전투,19,4,-10.0,2,1,2,3.62622036262204,"Cairo, Al Qahirah, Egypt",EG,https://au.news.yahoo.com/thewest/world/a/23913824/egypt-extends-presidential-vote-after-low-turnout/
20140528,299045823,20140528,SINAI PENINSULA,EGY,GAZA,PSE,193,소형무기·경무기를 이용한 전투,19,4,-10.0,4,1,4,3.62622036262204,"Gaza, Israel (general), Israel",IS,https://au.news.yahoo.com/thewest/world/a/23913824/egypt-extends-presidential-vote-after-low-turnout/
20140528,299045824,20140528,EGYPTIAN,EGY,PALESTINIAN,PSE,193,소형무기·경무기를 이용한 전투,19,4,-10.0,6,1,6,0.775193798449612,"Rafah, Shamal Sina', Egypt",EG,http://www.maannews.net/eng/ViewDetails.aspx?ID=700691
20140528,299045825,20140528,SINAI PENINSULA,EGY,GAZA,PSE,193,소형무기·경무기를 이용한 전투,19,4,-10.0,6,1,6,3.64145658263305,"Gaza, Israel (general), Israel",IS,http://tribune.com.pk/story/714346/egypt-extends-presidential-vote-after-low-turnout/
20140528,299045826,20140528,EGYPTIAN,EGY,GAZA,PSE,193,소형무기·경무기를 이용한 전투,19,4,-10.0,2,1,2,0.775193798449612,"Rafah, Shamal Sina', Egypt",EG,http://www.maannews.net/eng/ViewDetails.aspx?ID=700691
20140528,299068269,20140528,IRAN,IRN,SYRIA,SYR,163,금수·보이콧·제재 부과,16,4,-8.0,30,1,30,2.59285213735109,France,FR,http://time.com/118446/5-key-questions-about-the-e-u-election-results/
20140528,299068786,20140528,IRAQ,IRQ,IRAN,IRN,190,재래식 군사력 사용,19,4,-10.0,6,1,6,1.75438596491228,"Washington, District of Columbia, United States",US,http://www.worldtribune.com/2014/05/28/rights-group-iraq-used-barrel-bombs-anbar-province-attack/
20140528,299068787,20140528,IRAQ,IRQ,IRAN,IRN,194,포병·전차를 이용한 전투,19,4,-10.0,2,1,2,1.75438596491228,"Falluja, Al Anbar, Iraq",IZ,http://www.worldtribune.com/2014/05/28/rights-group-iraq-used-barrel-bombs-anbar-province-attack/
20140528,299068788,20140528,IRAQ,IRQ,IRAN,IRN,194,포병·전차를 이용한 전투,19,4,-10.0,4,1,4,1.75438596491228,"Anbar, Sistan va Baluchestan, Iran",IR,http://www.worldtribune.com/2014/05/28/rights-group-iraq-used-barrel-bombs-anbar-province-attack/
20140528,299068803,20140528,IRAQ,IRQ,ISRAEL,ISR,190,재래식 군사력 사용,19,4,-10.0,10,1,10,0.0,"Baghdad, Baghdad, Iraq",IZ,"http://www.ynetnews.com/articles/0,7340,L-4525018,00.html"
20140528,299068806,20140528,IRAQ,IRQ,JORDAN,JOR,190,재래식 군사력 사용,19,4,-10.0,5,1,5,0.0,Jordan,JO,http://jordantimes.com/iraq-attacks-kill-38-as-2014-toll-tops-4000
20140528,299068807,20140528,IRAQ,IRQ,JORDAN,JOR,192,영토 점령,19,4,-9.5,2,1,2,1.71009771986971,Lebanon,LE,http://www.dw.de/no-solace-for-syrian-refugees-in-lawless-libya/a-17657208
20140528,299068808,20140528,IRAQ,IRQ,JORDAN,JOR,192,영토 점령,19,4,-9.5,6,1,6,1.71009771986971,Lebanon,LE,http://www.dw.de/no-solace-for-syrian-refugees-in-lawless-libya/a-17657208
20140528,299068809,20140528,IRAQ,IRQ,JORDAN,JOR,192,영토 점령,19,4,-9.5,2,1,2,1.71009771986971,Lebanon,LE,http://www.dw.de/no-solace-for-syrian-refugees-in-lawless-libya/a-17657208
20140528,299068869,20140528,IRAQ,IRQ,SAUDI,SAU,190,재래식 군사력 사용,19,4,-10.0,10,1,10,1.01626016260163,"Al-Anbar, Al Anbar, Iraq",IZ,http://www.saudigazette.com.sa/index.cfm?method=home.regcon&contentid=20140529206683
20140528,299068870,20140528,IRAQI,IRQ,SAUDI ARABIA,SAU,194,포병·전차를 이용한 전투,19,4,-10.0,1,1,1,2.54110612855007,Iraq,IZ,http://www.vancouversun.com/news/Prominent+lawyer+suspended+leaking+information+columnist/9881666/story.html
20140528,299068871,20140528,IRAQ,IRQ,SAUDI ARABIA,SAU,194,포병·전차를 이용한 전투,19,4,-10.0,2,1,2,2.54110612855007,Iraq,IZ,http://www.vancouversun.com/news/Prominent+lawyer+suspended+leaking+information+columnist/9881666/story.html
20140528,299068872,20140528,IRAQI,IRQ,SAUDI ARABIA,SAU,194,포병·전차를 이용한 전투,19,4,-10.0,5,1,5,2.54110612855007,Saudi Arabia,SA,http://www.vancouversun.com/news/Prominent+lawyer+suspended+leaking+information+columnist/9881666/story.html
20140528,299069506,20140528,ISRAEL,ISR,EGYPT,EGY,193,소형무기·경무기를 이용한 전투,19,4,-10.0,4,1,4,0.775193798449612,"Gaza, Israel (general), Israel",IS,http://www.maannews.net/eng/ViewDetails.aspx?ID=700691
20140528,299069597,20140528,ISRAEL,ISR,IRAQI,IRQ,195,공중무기 사용,19,4,-10.0,2,1,2,2.92716133424098,"Parchin, Zanjan, Iran",IR,http://www.gatestoneinstitute.org/4327/iran-korea-nuclear-weapons
20140528,299069598,20140528,ISRAEL,ISR,IRAQI,IRQ,195,공중무기 사용,19,4,-10.0,6,1,6,2.92716133424098,"Baghdad, Baghdad, Iraq",IZ,http://www.gatestoneinstitute.org/4327/iran-korea-nuclear-weapons
20140528,299069599,20140528,ISRAEL,ISR,IRAQ,IRQ,195,공중무기 사용,19,4,-10.0,2,1,2,2.92716133424098,"Jerusalem, Israel (general), Israel",IS,http://www.gatestoneinstitute.org/4327/iran-korea-nuclear-weapons
20140528,299069831,20140528,ISRAELI,ISR,LEBANON,LBN,192,영토 점령,19,4,-9.5,6,1,6,0.980392156862745,Israel,IS,http://www.albawaba.com/conflict-israel/israel-lebanon-579581
20140528,299069832,20140528,ISRAELI,ISR,LEBANON,LBN,192,영토 점령,19,4,-9.5,4,2,3,0.973389355742297,Lebanon,LE,http://www.albawaba.com/conflict-israel/israel-lebanon-579581
20140528,299069833,20140528,ISRAELI,ISR,LEBANESE,LBN,192,영토 점령,19,4,-9.5,1,1,1,0.980392156862745,Lebanon,LE,http://www.albawaba.com/conflict-israel/israel-lebanon-579581
20140528,299069834,20140528,ISRAELI,ISR,LEBANESE,LBN,192,영토 점령,19,4,-9.5,1,1,1,0.952380952380952,Israel,IS,http://www.naharnet.com/stories/en/132531-israeli-troops-cross-southern-border-gate-near-ghajjar-village
20140528,299069846,20140528,ISRAEL,ISR,LEBANON,LBN,190,재래식 군사력 사용,19,4,-10.0,1,1,1,2.31884057971015,"Capernaum, Ha?afon, Israel",IS,http://www.israelnationalnews.com/News/News.aspx/181153
20140528,299069847,20140528,ISRAEL,ISR,LEBANON,LBN,190,재래식 군사력 사용,19,4,-10.0,1,1,1,2.31884057971015,Lebanon,LE,http://www.israelnationalnews.com/News/News.aspx/181153
20140528,299070052,20140528,ISRAEL,ISR,PALESTINIAN,PSE,138,군사력 사용 위협,13,3,-7.0,2,1,2,2.94659300184162,Gaza Strip,GZ,http://www.israelhayom.com/site/newsletter_article.php?id=17825
20140528,299070053,20140528,ISRAELI,ISR,PALESTINIAN,PSE,138,군사력 사용 위협,13,3,-7.0,2,1,2,1.69082125603865,"Ben-Gurion, HaMerkaz, Israel",IS,http://www.ifex.org/israel/2014/05/28/raid_threat_watan_tv/
20140528,299070059,20140528,ISRAELI,ISR,PALESTINIAN,PSE,163,금수·보이콧·제재 부과,16,4,-8.0,4,1,4,3.125,Israel,IS,http://electronicintifada.net/blogs/adri-nieuwhof/israel-has-no-right-be-apartheid-state-says-boycott-within-founder
20140528,299070075,20140528,ISRAEL,ISR,PALESTINIAN,PSE,190,재래식 군사력 사용,19,4,-10.0,3,2,3,2.24033816425121,"Capernaum, Ha?afon, Israel",IS,http://www.israelnationalnews.com/News/News.aspx/181153
20140528,299070076,20140528,ISRAEL,ISR,PALESTINIAN,PSE,190,재래식 군사력 사용,19,4,-10.0,1,1,1,2.31884057971015,"Capernaum, Ha?afon, Israel",IS,http://www.israelnationalnews.com/News/News.aspx/181153
20140528,299070077,20140528,ISRAEL,ISR,PALESTINIAN,PSE,190,재래식 군사력 사용,19,4,-10.0,23,4,23,2.08426015650974,Lebanon,LE,http://www.timesofisrael.com/lebanese-patriarch-prays-in-israel-with-exiled-fighters/
20140528,299070078,20140528,ISRAELI,ISR,GAZA,PSE,190,재래식 군사력 사용,19,4,-10.0,4,2,4,1.57234259268416,"Tel Aviv, Tel Aviv, Israel",IS,http://www.reuters.com/article/2014/05/28/arms-israel-airforce-idUSL5N0KQ2ER20140528?feedType=RSS&feedName=bondsNews
20140528,299070079,20140528,ISRAELI,ISR,GAZA,PSE,190,재래식 군사력 사용,19,4,-10.0,9,3,9,1.59647400915786,"Tel Aviv, Tel Aviv, Israel",IS,"http://www.ynetnews.com/articles/0,7340,L-4525006,00.html"
20140528,299070080,20140528,ISRAELI,ISR,GAZA,PSE,190,재래식 군사력 사용,19,4,-10.0,4,3,4,1.60853971739471,Gaza Strip,GZ,"http://www.ynetnews.com/articles/0,7340,L-4525006,00.html"
20140528,299070081,20140528,ISRAEL,ISR,PALESTINIAN,PSE,190,재래식 군사력 사용,19,4,-10.0,2,1,2,0.497512437810945,"Hebron, Israel (general), Israel",IS,http://www.alternativenews.org/english/index.php/features/human-rights/8095-12-palestinians-arrested-one-dies-after-tear-gas-inhalation
20140528,299070082,20140528,ISRAEL,ISR,PALESTINIAN,PSE,190,재래식 군사력 사용,19,4,-10.0,2,1,2,0.497512437810945,"Hebron, Israel (general), Israel",IS,http://www.alternativenews.org/english/index.php/features/human-rights/8095-12-palestinians-arrested-one-dies-after-tear-gas-inhalation
20140528,299070083,20140528,ISRAEL,ISR,PALESTINIAN,PSE,190,재래식 군사력 사용,19,4,-10.0,4,1,4,1.78117048346056,"Al-Istiqlal, Gaza Strip (general), Gaza Strip",GZ,http://www.dailystar.com.lb/News/Middle-East/2014/May-28/258018-israel-troops-raid-palestinian-newspaper-offices.ashx
20140528,299070084,20140528,ISRAELI,ISR,PALESTINIAN,PSE,190,재래식 군사력 사용,19,4,-10.0,5,2,5,1.22605363984674,"Jerusalem, Israel (general), Israel",IS,http://www.stljewishlight.com/news/world/article_bc8cf302-155c-52a5-aaf6-c2761535bce6.html
20140528,299070085,20140528,ISRAELI,ISR,GAZA,PSE,190,재래식 군사력 사용,19,4,-10.0,35,7,35,1.56373833658353,"Gaza, Israel (general), Israel",IS,"http://www.ynetnews.com/articles/0,7340,L-4525006,00.html"
20140528,299070086,20140528,ISRAELI,ISR,GAZA,PSE,190,재래식 군사력 사용,19,4,-10.0,2,2,2,1.57234259268416,"Tel Aviv, Tel Aviv, Israel",IS,http://www.reuters.com/article/2014/05/28/arms-israel-airforce-idUSL5N0KQ2ER20140528?feedType=RSS&feedName=bondsNews
20140528,299070087,20140528,ISRAELI,ISR,PALESTINIAN,PSE,190,재래식 군사력 사용,19,4,-10.0,4,1,4,1.63000406596511,"Ben Gurion, HaMerkaz, Israel",IS,http://www.ifex.org/israel/2014/05/28/raid_threat_watan_tv/
20140528,299070088,20140528,ISRAELI,ISR,WEST BANK,PSE,190,재래식 군사력 사용,19,4,-10.0,10,1,10,0.0,"Al-Eizariya, West Bank (general), West Bank",WE,http://www.timesofisrael.com/israeli-forces-arrest-9-terror-suspects-in-west-bank-raid/
20140528,299070089,20140528,ISRAELI,ISR,WEST BANK,PSE,190,재래식 군사력 사용,19,4,-10.0,8,1,8,2.46913580246914,"Ramallah, West Bank (general), West Bank",WE,http://www.ibtimes.co.uk/israeli-soldiers-storm-west-bank-office-hamas-newspapers-1450299
20140528,299070090,20140528,ISRAEL,ISR,WEST BANK,PSE,190,재래식 군사력 사용,19,4,-10.0,2,1,2,2.46913580246914,Israel,IS,http://www.ibtimes.co.uk/israeli-soldiers-storm-west-bank-office-hamas-newspapers-1450299
20140528,299070091,20140528,ISRAEL,ISR,WEST BANK,PSE,190,재래식 군사력 사용,19,4,-10.0,2,1,2,0.714285714285714,"Zawata, West Bank (general), West Bank",WE,http://www.jpost.com/Defense/IDF-Palestinian-gunmen-exchange-fire-in-Jenin-354594
20140528,299070092,20140528,ISRAEL,ISR,WEST BANK,PSE,190,재래식 군사력 사용,19,4,-10.0,2,1,2,0.714285714285714,Israel,IS,http://www.jpost.com/Defense/IDF-Palestinian-gunmen-exchange-fire-in-Jenin-354594
20140528,299070093,20140528,ISRAEL,ISR,PALESTINIAN,PSE,190,재래식 군사력 사용,19,4,-10.0,14,2,14,2.44897959183674,Israel,IS,http://www.dnaindia.com/world/report-beauty-amidst-horror-woman-plants-flowers-in-empty-tear-gas-cannisters-1991934
20140528,299070094,20140528,ISRAEL,ISR,PALESTINIAN,PSE,190,재래식 군사력 사용,19,4,-10.0,1,1,1,2.16535433070866,"Capernaum, Ha?afon, Israel",IS,http://www.timesofisrael.com/lebanese-patriarch-prays-in-israel-with-exiled-fighters/
20140528,299070095,20140528,ISRAELI,ISR,PALESTINIAN,PSE,190,재래식 군사력 사용,19,4,-10.0,1,1,1,0.0,"Jerusalem, Israel (general), Israel",IS,http://www.abna.ir/english/service/middle-east-west-asia/archive/2014/05/28/611858/story.html
20140528,299070096,20140528,ISRAELI,ISR,WEST BANK,PSE,192,영토 점령,19,4,-9.5,1,1,1,1.91693290734824,"Jerusalem, Israel (general), Israel",IS,http://fpif.org/pope-francis-palestine/
20140528,299070097,20140528,ISRAELI,ISR,WEST BANK,PSE,192,영토 점령,19,4,-9.5,1,1,1,1.91693290734824,"Dheisheh, West Bank (general), West Bank",WE,http://fpif.org/pope-francis-palestine/
20140528,299070098,20140528,ISRAEL,ISR,PALESTINIAN,PSE,193,소형무기·경무기를 이용한 전투,19,4,-10.0,2,1,2,0.714285714285714,"Jenin, West Bank (general), West Bank",WE,http://www.jpost.com/Defense/IDF-Palestinian-gunmen-exchange-fire-in-Jenin-354594
20140528,299070099,20140528,JERUSALEM,ISR,PALESTINIAN,PSE,193,소형무기·경무기를 이용한 전투,19,4,-10.0,70,3,50,0.284671328230342,"Jerusalem, Israel (general), Israel",IS,http://zeenews.india.com/news/world/israeli-soldier-suspended-after-fatal-west-bank-shootings-reports_935728.html
20140528,299070100,20140528,ISRAEL,ISR,PALESTINIAN,PSE,193,소형무기·경무기를 이용한 전투,19,4,-10.0,46,3,34,0.381766277347898,Israel,IS,http://www.jewishjournal.com/israel/article/israeli_soldier_suspended_after_fatal_west_bank_shootings_report_says
20140528,299070101,20140528,ISRAEL,ISR,GAZA,PSE,194,포병·전차를 이용한 전투,19,4,-10.0,4,1,4,3.09988518943743,"California, United States",US,http://www.jewishjournal.com/letters_to_the_editor/article/letters_to_the_editor_j_street_students_sharia_and_inclusion/RK=0
20140528,299070118,20140528,ISRAEL,ISR,PALESTINIAN,PSE,190,재래식 군사력 사용,19,4,-10.0,2,1,2,1.78117048346056,"Ramallah, West Bank (general), West Bank",WE,http://www.dailystar.com.lb/News/Middle-East/2014/May-28/258018-israel-troops-raid-palestinian-newspaper-offices.ashx
20140528,299070119,20140528,ISRAELI,ISR,PALESTINIAN,PSE,190,재래식 군사력 사용,19,4,-10.0,3,3,3,2.0295181466909,"Jerusalem, Israel (general), Israel",IS,http://www.omantribune.com/index.php?page=news&id=168603&heading=Middle%20East
20140528,299070120,20140528,ISRAELI,ISR,PALESTINIAN,PSE,190,재래식 군사력 사용,19,4,-10.0,9,4,8,1.50489940950971,"Gaza, Israel (general), Israel",IS,http://www.maannews.net/eng/ViewDetails.aspx?ID=700650
20140528,299070133,20140528,ISRAEL,ISR,HAMAS,PSE,190,재래식 군사력 사용,19,4,-10.0,18,3,18,3.11218874145928,"Jerusalem, Israel (general), Israel",IS,http://uk.reuters.com/article/2014/05/28/uk-israel-palestinian-newspaper-idUKKBN0E820120140528
20140528,299070135,20140528,ISRAELI,ISR,HAMAS,PSE,190,재래식 군사력 사용,19,4,-10.0,10,1,10,1.18577075098814,"Gaza, Israel (general), Israel",IS,http://english.al-akhbar.com/content/israeli-forces-raid-offices-pro-hamas-newspapers-west-bank?utm_source=feedburner&utm_medium=feed&utm_campaign=Feed%3A+AlAkhbarEnglish+%28Al+Akhbar+English%29
20140528,299070139,20140528,ISRAEL,ISR,PALESTINIAN,PSE,193,소형무기·경무기를 이용한 전투,19,4,-10.0,1,1,1,0.714285714285714,Israel,IS,http://www.jpost.com/Defense/IDF-Palestinian-gunmen-exchange-fire-in-Jenin-354594
20140528,299070181,20140528,ISRAEL,ISR,SYRIA,SYR,163,금수·보이콧·제재 부과,16,4,-8.0,6,5,6,4.48965893471379,"Gaza, Israel (general), Israel",IS,http://www.dailystar.com.lb/Opinion/Columnist/2014/May-29/258056-two-ex-spies-debate-saudi-arabias-peace-plan.ashx
20140528,299070182,20140528,ISRAEL,ISR,SYRIA,SYR,163,금수·보이콧·제재 부과,16,4,-8.0,6,5,6,4.48965893471379,Syria,SY,http://www.dailystar.com.lb/Opinion/Columnist/2014/May-29/258056-two-ex-spies-debate-saudi-arabias-peace-plan.ashx
20140528,299070185,20140528,ISRAEL,ISR,SYRIAN,SYR,195,공중무기 사용,19,4,-10.0,2,1,2,2.92716133424098,"Parchin, Zanjan, Iran",IR,http://www.gatestoneinstitute.org/4327/iran-korea-nuclear-weapons
20140528,299070186,20140528,ISRAEL,ISR,SYRIA,SYR,195,공중무기 사용,19,4,-10.0,2,1,2,2.92716133424098,"Jerusalem, Israel (general), Israel",IS,http://www.gatestoneinstitute.org/4327/iran-korea-nuclear-weapons
20140528,299070187,20140528,ISRAEL,ISR,SYRIAN,SYR,195,공중무기 사용,19,4,-10.0,6,1,6,2.92716133424098,"Baghdad, Baghdad, Iraq",IZ,http://www.gatestoneinstitute.org/4327/iran-korea-nuclear-weapons
20140528,299070216,20140528,JERUSALEM,ISR,TURKISH,TUR,190,재래식 군사력 사용,19,4,-10.0,2,1,2,1.70278637770898,"Anadolu, Turkey (general), Turkey",TU,http://www.dailystar.com.lb/News/Middle-East/2014/May-28/257997-3-turks-injured-by-israel-police-in-al-aqsa-complex.ashx
20140528,299070217,20140528,JERUSALEM,ISR,TURK,TUR,190,재래식 군사력 사용,19,4,-10.0,12,2,12,1.75611810653218,"Jerusalem, Israel (general), Israel",IS,http://www.worldbulletin.net/haberler/137507/turks-injured-as-israeli-soldiers-raid-al-aqsa-mosque-updated
20140528,299070223,20140528,JERUSALEM,ISR,TURKISH,TUR,190,재래식 군사력 사용,19,4,-10.0,6,1,6,1.70278637770898,"Jerusalem, Israel (general), Israel",IS,http://www.dailystar.com.lb/News/Middle-East/2014/May-28/257997-3-turks-injured-by-israel-police-in-al-aqsa-complex.ashx
20140528,299070388,20140528,ISRAELI,ISR,PALESTINIAN,PSE,190,재래식 군사력 사용,19,4,-10.0,6,1,6,1.53256704980843,"Jerusalem, Israel (general), Israel",IS,http://www.stljewishlight.com/news/world/article_bc8cf302-155c-52a5-aaf6-c2761535bce6.html
20140528,299070411,20140528,ISRAEL,ISR,PALESTINIAN,PSE,190,재래식 군사력 사용,19,4,-10.0,2,1,2,0.497512437810945,"Hebron, Israel (general), Israel",IS,http://www.alternativenews.org/english/index.php/features/human-rights/8095-12-palestinians-arrested-one-dies-after-tear-gas-inhalation
20140528,299070569,20140528,ISRAELI,ISR,PALESTINIAN,PSE,138,군사력 사용 위협,13,3,-7.0,2,1,2,1.69082125603865,"Ben-Gurion, HaMerkaz, Israel",IS,http://www.ifex.org/israel/2014/05/28/raid_threat_watan_tv/
20140528,299070572,20140528,ISRAEL,ISR,GAZA,PSE,190,재래식 군사력 사용,19,4,-10.0,2,1,2,0.921658986175115,"Rafah, Gaza Strip (general), Gaza Strip",GZ,http://www.al-monitor.com/pulse/originals/2014/05/gaza-denies-isis-presence-jihadist-killed-syria.html
20140528,299070573,20140528,ISRAELI,ISR,PALESTINIAN,PSE,190,재래식 군사력 사용,19,4,-10.0,2,1,2,1.69082125603865,"Ben-Gurion, HaMerkaz, Israel",IS,http://www.ifex.org/israel/2014/05/28/raid_threat_watan_tv/
20140528,299070574,20140528,ISRAELI,ISR,PALESTINIAN,PSE,190,재래식 군사력 사용,19,4,-10.0,2,1,2,0.0,"Jerusalem, Israel (general), Israel",IS,http://www.abna.ir/english/service/middle-east-west-asia/archive/2014/05/28/611858/story.html
20140528,299070575,20140528,ISRAEL,ISR,PALESTINIAN,PSE,190,재래식 군사력 사용,19,4,-10.0,2,1,2,0.0,West Bank,WE,http://www.abna.ir/english/service/middle-east-west-asia/archive/2014/05/28/611858/story.html
20140528,299070576,20140528,ISRAEL,ISR,PALESTINIAN,PSE,190,재래식 군사력 사용,19,4,-10.0,1,1,1,0.0,West Bank,WE,http://www.abna.ir/english/service/middle-east-west-asia/archive/2014/05/28/611858/story.html
20140528,299070668,20140528,ISRAELI,ISR,LEBANESE,LBN,192,영토 점령,19,4,-9.5,6,2,6,0.966386554621848,Lebanon,LE,http://www.albawaba.com/conflict-israel/israel-lebanon-579581
20140528,299070677,20140528,ISRAELI,ISR,PALESTINIAN,PSE,190,재래식 군사력 사용,19,4,-10.0,2,1,2,0.0,"Jerusalem, Israel (general), Israel",IS,http://www.abna.ir/english/service/middle-east-west-asia/archive/2014/05/28/611858/story.html
20140528,299070678,20140528,ISRAEL,ISR,PALESTINIAN,PSE,190,재래식 군사력 사용,19,4,-10.0,2,1,2,1.92307692307692,"Gaza, Israel (general), Israel",IS,http://www.haaretz.com/news/diplomacy-defense/1.595925
20140528,299070679,20140528,ISRAELI,ISR,PALESTINIAN,PSE,190,재래식 군사력 사용,19,4,-10.0,2,1,2,1.56918687589158,"Ben Gurion, HaMerkaz, Israel",IS,http://www.ifex.org/israel/2014/05/28/raid_threats_to_palestinian_tv_station/
20140528,299070680,20140528,ISRAELI,ISR,PALESTINIAN,PSE,190,재래식 군사력 사용,19,4,-10.0,6,1,6,0.0,Israel,IS,http://humanitariannews.org/20140528/israeli-army-issues-raid-threat-palestinian-tv-station-wattan-tv
20140528,299070681,20140528,ISRAELI,ISR,WEST BANK,PSE,192,영토 점령,19,4,-9.5,3,1,3,1.91693290734824,"Jerusalem, Israel (general), Israel",IS,http://fpif.org/pope-francis-palestine/
20140528,299070684,20140528,ISRAEL,ISR,PALESTINIAN,PSE,190,재래식 군사력 사용,19,4,-10.0,1,1,1,1.92307692307692,"Gaza, Israel (general), Israel",IS,http://www.haaretz.com/news/diplomacy-defense/1.595925
20140528,299070700,20140528,ISRAEL,ISR,PALESTINIAN,PSE,190,재래식 군사력 사용,19,4,-10.0,4,2,4,1.49312944061745,"Jerusalem, Israel (general), Israel",IS,http://www.albawaba.com/news/israelisrael-jerusalem-day-579730
20140528,299070711,20140528,ISRAEL,ISR,PALESTINIAN,PSE,193,소형무기·경무기를 이용한 전투,19,4,-10.0,2,1,2,0.714285714285714,"Jenin, West Bank (general), West Bank",WE,http://www.jpost.com/Defense/IDF-Palestinian-gunmen-exchange-fire-in-Jenin-354594
20140528,299070712,20140528,ISRAEL,ISR,WEST BANK,PSE,193,소형무기·경무기를 이용한 전투,19,4,-10.0,2,1,2,0.714285714285714,Israel,IS,http://www.jpost.com/Defense/IDF-Palestinian-gunmen-exchange-fire-in-Jenin-354594
20140528,299071666,20140528,JORDAN,JOR,ISRAEL,ISR,1383,비정규 폭력 사용 위협,13,3,-7.0,10,1,10,0.985221674876847,"Amman, (JO11), Jordan",JO,http://www.haaretz.com/news/middle-east/1.595877
20140528,299071742,20140528,JORDAN,JOR,PALESTINIAN,PSE,190,재래식 군사력 사용,19,4,-10.0,10,1,10,0.0,,,http://www.maannews.net/eng/ViewDetails.aspx?ID=700534
20140528,299071823,20140528,JORDAN,JOR,SYRIA,SYR,192,영토 점령,19,4,-9.5,4,1,4,2.92275574112735,"Aleppo, ?alab, Syria",SY,http://carnegieendowment.org/syriaincrisis/?fa=55723
20140528,299071824,20140528,JORDAN,JOR,SYRIA,SYR,192,영토 점령,19,4,-9.5,6,1,6,2.92275574112735,"Mafraq, Jordan (general), Jordan",JO,http://carnegieendowment.org/syriaincrisis/?fa=55723
20140528,299071843,20140528,JORDAN,JOR,SYRIA,SYR,138,군사력 사용 위협,13,3,-7.0,1,1,1,3.21285140562249,"Damascus, Dimashq, Syria",SY,http://www.businessinsider.com/r-jordan-expels-syrian-ambassador-over-critical-comments-2014-26
20140528,299071844,20140528,JORDAN,JOR,SYRIA,SYR,138,군사력 사용 위협,13,3,-7.0,1,1,1,3.21285140562249,"Damascus, Dimashq, Syria",SY,http://www.businessinsider.com/r-jordan-expels-syrian-ambassador-over-critical-comments-2014-26
20140528,299071845,20140528,JORDAN,JOR,SYRIA,SYR,190,재래식 군사력 사용,19,4,-10.0,1,1,1,3.21285140562249,"Damascus, Dimashq, Syria",SY,http://www.businessinsider.com/r-jordan-expels-syrian-ambassador-over-critical-comments-2014-26
20140528,299071846,20140528,JORDAN,JOR,SYRIA,SYR,190,재래식 군사력 사용,19,4,-10.0,1,1,1,3.21285140562249,"Damascus, Dimashq, Syria",SY,http://www.businessinsider.com/r-jordan-expels-syrian-ambassador-over-critical-comments-2014-26
20140528,299077873,20140528,LEBANON,LBN,ISRAEL,ISR,192,영토 점령,19,4,-9.5,2,2,2,1.29533775353981,"Jerusalem, Israel (general), Israel",IS,http://www.argus-press.com/news/international/article_c62243d8-7bad-5a43-bb84-8c9758a11a80.html
20140528,299077879,20140528,LEBANON,LBN,ISRAELI,ISR,190,재래식 군사력 사용,19,4,-10.0,8,1,8,1.30952380952381,"Herzliya, Tel Aviv, Israel",IS,http://www.jewishjournal.com/los_angeles/article/noam_shalit_relives_his_sons_traumatic_kidnapping/RK=0
20140528,299077880,20140528,LEBANON,LBN,ISRAEL,ISR,190,재래식 군사력 사용,19,4,-10.0,1,1,1,1.30952380952381,Lebanon,LE,http://www.jewishjournal.com/los_angeles/article/noam_shalit_relives_his_sons_traumatic_kidnapping/RK=0
20140528,299077881,20140528,LEBANON,LBN,ISRAEL,ISR,190,재래식 군사력 사용,19,4,-10.0,1,1,1,1.30952380952381,Lebanon,LE,http://www.jewishjournal.com/los_angeles/article/noam_shalit_relives_his_sons_traumatic_kidnapping/RK=0
20140528,299077905,20140528,LEBANON,LBN,JORDAN,JOR,192,영토 점령,19,4,-9.5,6,1,6,1.71009771986971,Lebanon,LE,http://www.dw.de/no-solace-for-syrian-refugees-in-lawless-libya/a-17657208
20140528,299077906,20140528,LEBANON,LBN,JORDAN,JOR,192,영토 점령,19,4,-9.5,4,1,4,1.71009771986971,Lebanon,LE,http://www.dw.de/no-solace-for-syrian-refugees-in-lawless-libya/a-17657208
20140528,299077974,20140528,LEBANON,LBN,PALESTINIAN,PSE,190,재래식 군사력 사용,19,4,-10.0,10,1,10,2.0979020979021,"Mieh Mieh, Liban-Sud, Lebanon",LE,http://www.emirates247.com/news/palestinians-in-lebanon-battle-for-education-2014-05-28-1.550556
20140528,299078072,20140528,LEBANESE,LBN,SYRIAN,SYR,190,재래식 군사력 사용,19,4,-10.0,1,1,1,2.10970464135021,"Damascus, Dimashq, Syria",SY,http://www.wbal.com/article/ap?articleurl=http%3a%2f%2fhosted.ap.org%2fdynamic%2fstories%2fM%2fML_SYRIA%3fSITE%3dWBAL%26amp%3bamp%3bSECTION%3dHOME%26amp%3bamp%3bTEMPLATE%3dDEFAULT%26amp%3bamp%3bCTIME%3d2014-05-28-05-53-31&c=SFJAMz5wRfUD4JgqY_6vTLHFzyjEEGg
20140528,299078073,20140528,LEBANON,LBN,SYRIAN,SYR,190,재래식 군사력 사용,19,4,-10.0,3,3,3,2.08066886891833,"Beirut, Beyrouth, Lebanon",LE,http://medicinehatnews.com/news/world-news/2014/05/28/lebanese-troops-beat-syrian-voters-near-beirut-embassy-as-expats-vote-in-presidential-election/
20140528,299078074,20140528,LEBANESE,LBN,SYRIAN,SYR,190,재래식 군사력 사용,19,4,-10.0,1,1,1,1.94174757281553,"Yarze, Mont-Liban, Lebanon",LE,http://www.columbiatribune.com/import/troops-scuffle-with-voters/article_22c42f18-e683-11e3-9433-10604b9f1ff4.html
20140528,299078075,20140528,LEBANESE,LBN,SYRIAN,SYR,190,재래식 군사력 사용,19,4,-10.0,21,12,21,2.03157183544649,"Aleppo, ?alab, Syria",SY,http://www.haaretz.com/news/middle-east/1.595746
20140528,299078076,20140528,LEBANESE,LBN,SYRIAN,SYR,190,재래식 군사력 사용,19,4,-10.0,1,1,1,1.81245074862096,"Beirut, Beyrouth, Lebanon",LE,http://lethbridgeherald.com/news/world-news/2014/05/28/lebanese-troops-beat-down-syrians-desperate-to-vote-for-assad-as-expat-voting-gets-underway/
20140528,299078077,20140528,LEBANESE,LBN,SYRIAN,SYR,190,재래식 군사력 사용,19,4,-10.0,5,5,5,2.26886800799844,France,FR,http://www.canada.com/Lebanese+troops+beat+Syrian+voters+near+Beirut+embassy/9884279/story.html
20140528,299078078,20140528,LEBANON,LBN,SYRIAN,SYR,190,재래식 군사력 사용,19,4,-10.0,3,3,3,2.08066886891833,"Damascus, Dimashq, Syria",SY,http://medicinehatnews.com/news/world-news/2014/05/28/lebanese-troops-beat-syrian-voters-near-beirut-embassy-as-expats-vote-in-presidential-election/
20140528,299078079,20140528,LEBANON,LBN,SYRIAN,SYR,190,재래식 군사력 사용,19,4,-10.0,2,1,2,2.13447171824973,"Beirut, Beyrouth, Lebanon",LE,http://www.theguardian.com/world/2014/may/28/syrians-lebaanon-vote-assad-embassies-refugees-boycott
20140528,299078080,20140528,LEBANESE,LBN,SYRIAN,SYR,190,재래식 군사력 사용,19,4,-10.0,33,10,33,1.73551362554533,"Beirut, Beyrouth, Lebanon",LE,http://www.columbiatribune.com/news/troops-scuffle-with-voters/article_22c42f18-e683-11e3-9433-10604b9f1ff4.html
20140528,299078081,20140528,LEBANESE,LBN,SYRIAN,SYR,190,재래식 군사력 사용,19,4,-10.0,12,7,12,1.72429153491361,Syria,SY,http://www.washingtontimes.com/news/2014/may/28/lebanese-troops-beat-syrian-voters-outside-embassy/
20140528,299078082,20140528,BEIRUT,LBN,SYRIAN,SYR,190,재래식 군사력 사용,19,4,-10.0,7,4,7,2.26264616181056,"Amman, (JO11), Jordan",JO,http://www.kentucky.com/2014/05/28/3262629/syrians-abroad-vote-in-presidential.html
20140528,299078083,20140528,LEBANESE,LBN,SYRIAN,SYR,190,재래식 군사력 사용,19,4,-10.0,1,1,1,1.94174757281553,"Damascus, Dimashq, Syria",SY,http://www.columbiatribune.com/import/troops-scuffle-with-voters/article_22c42f18-e683-11e3-9433-10604b9f1ff4.html
20140528,299078084,20140528,LEBANESE,LBN,SYRIAN,SYR,190,재래식 군사력 사용,19,4,-10.0,6,1,6,1.94174757281553,"Yarze, Mont-Liban, Lebanon",LE,http://www.columbiatribune.com/import/troops-scuffle-with-voters/article_22c42f18-e683-11e3-9433-10604b9f1ff4.html
20140528,299078085,20140528,LEBANESE,LBN,SYRIAN,SYR,190,재래식 군사력 사용,19,4,-10.0,6,1,6,0.890207715133531,"Yarze, Mont-Liban, Lebanon",LE,http://www.columbiatribune.com/news/troops-scuffle-with-voters/article_22c42f18-e683-11e3-9433-10604b9f1ff4.html
20140528,299078086,20140528,LEBANESE,LBN,SYRIAN,SYR,190,재래식 군사력 사용,19,4,-10.0,1,1,1,0.890207715133531,Syria,SY,http://www.columbiatribune.com/news/troops-scuffle-with-voters/article_22c42f18-e683-11e3-9433-10604b9f1ff4.html
20140528,299078087,20140528,LEBANESE,LBN,SYRIAN,SYR,190,재래식 군사력 사용,19,4,-10.0,1,1,1,1.94174757281553,"Aleppo, ?alab, Syria",SY,http://www.columbiatribune.com/import/troops-scuffle-with-voters/article_22c42f18-e683-11e3-9433-10604b9f1ff4.html
20140528,299078088,20140528,LEBANON,LBN,SYRIAN,SYR,190,재래식 군사력 사용,19,4,-10.0,8,1,8,2.91508238276299,Lebanon,LE,http://www.al-monitor.com/pulse/politics/2014/05/arab-world-await-egypt-rise.html
20140528,299078089,20140528,LEBANON,LBN,SYRIA,SYR,190,재래식 군사력 사용,19,4,-10.0,2,1,2,2.91508238276299,Lebanon,LE,http://www.al-monitor.com/pulse/politics/2014/05/arab-world-await-egypt-rise.html
20140528,299078090,20140528,LEBANON,LBN,SYRIAN,SYR,190,재래식 군사력 사용,19,4,-10.0,3,2,3,1.13707203949829,"Beirut, Beyrouth, Lebanon",LE,http://www.app.com/story/news/world/2014/05/28/lebanese-troops-beat-syrian-voters-outside-embassy/9659295/?from=global&sessionKey=&autologin=
20140528,299078091,20140528,LEBANESE,LBN,SYRIAN,SYR,190,재래식 군사력 사용,19,4,-10.0,1,1,1,0.890207715133531,"Yarze, Mont-Liban, Lebanon",LE,http://www.columbiatribune.com/news/troops-scuffle-with-voters/article_22c42f18-e683-11e3-9433-10604b9f1ff4.html
20140528,299078092,20140528,LEBANON,LBN,SYRIAN,SYR,190,재래식 군사력 사용,19,4,-10.0,3,3,3,2.13726393367112,"Beirut, Beyrouth, Lebanon",LE,http://www.washingtontimes.com/news/2014/may/28/lebanese-troops-beat-syrian-voters-outside-embassy/
20140528,299078093,20140528,LEBANON,LBN,SYRIAN,SYR,190,재래식 군사력 사용,19,4,-10.0,11,6,11,1.50555231265843,Syria,SY,http://washingtonexaminer.com/lebanese-troops-beat-syrian-voters-outside-embassy/article/feed/2136804/RK=0
20140528,299078094,20140528,BEIRUT,LBN,SYRIA,SYR,192,영토 점령,19,4,-9.5,10,1,10,2.89855072463768,Syria,SY,http://www.elanthemag.com/happens-put-andy-warhol-syria-photos/
20140528,299078095,20140528,BEIRUT,LBN,SYRIAN,SYR,194,포병·전차를 이용한 전투,19,4,-10.0,8,1,8,4.13793103448276,Syria,SY,http://www.dailystar.com.lb/News/Lebanon-News/2014/May-28/257967-syrian-jets-fire-rockets-on-arsal.ashx
20140528,299078096,20140528,BEIRUT,LBN,SYRIAN,SYR,194,포병·전차를 이용한 전투,19,4,-10.0,2,1,2,4.13793103448276,"Arsal, Mohafazat Baalbek-Hermel, Lebanon",LE,http://www.dailystar.com.lb/News/Lebanon-News/2014/May-28/257967-syrian-jets-fire-rockets-on-arsal.ashx
20140528,299078097,20140528,LEBANESE,LBN,SYRIAN,SYR,190,재래식 군사력 사용,19,4,-10.0,48,8,48,1.92312361337266,"Aleppo, ?alab, Syria",SY,http://www.thestarphoenix.com/news/world/Lebanese+troops+beat+Syrian+voters+near+Beirut+embassy/9884279/story.html
20140528,299078098,20140528,LEBANESE,LBN,SYRIAN,SYR,190,재래식 군사력 사용,19,4,-10.0,36,6,36,2.30680688375332,"Beirut, Beyrouth, Lebanon",LE,http://www.surreyleader.com/national/260928151.html
20140528,299078099,20140528,BEIRUT,LBN,SYRIAN,SYR,190,재래식 군사력 사용,19,4,-10.0,23,4,23,2.24150465157367,"Amman, (JO11), Jordan",JO,http://www.heraldonline.com/2014/05/28/6001623/syrians-abroad-vote-in-presidential.html?sp=/100/104/422//
20140528,299078100,20140528,LEBANESE,LBN,SYRIAN,SYR,190,재래식 군사력 사용,19,4,-10.0,42,6,42,1.602640304022,Syria,SY,http://www.washingtontimes.com/news/2014/may/28/lebanese-troops-beat-syrian-voters-outside-embassy/
20140528,299078105,20140528,BEIRUT,LBN,SYRIAN,SYR,190,재래식 군사력 사용,19,4,-10.0,3,1,3,2.50569476082005,"Kuala Lumpur, Kuala Lumpur, Malaysia",MY,http://nvonews.com/eu-proposes-new-energy-security-strategy/
20140528,299078106,20140528,BEIRUT,LBN,SYRIAN,SYR,190,재래식 군사력 사용,19,4,-10.0,8,1,8,1.16959064327485,"Qalamoun, Rif Dimashq, Syria",SY,http://nvonews.com/syrian-air-force-raids-lebanese-ersal/
20140528,299078107,20140528,BEIRUT,LBN,SYRIAN,SYR,190,재래식 군사력 사용,19,4,-10.0,15,1,15,1.7791843892999,Syria,SY,http://nvonews.com/kfc-worker-suspended-for-allegedly-putting-pubic-hair-in-food/
20140528,299078108,20140528,BEIRUT,LBN,SYRIA,SYR,190,재래식 군사력 사용,19,4,-10.0,2,1,2,1.16959064327485,"Amman, (JO11), Jordan",JO,http://nvonews.com/syrian-air-force-raids-lebanese-ersal/
20140528,299078109,20140528,BEIRUT,LBN,SYRIA,SYR,190,재래식 군사력 사용,19,4,-10.0,2,1,2,2.50569476082005,Syria,SY,http://nvonews.com/eu-proposes-new-energy-security-strategy/
20140528,299078187,20140528,LEBANON,LBN,SYRIA,SYR,190,재래식 군사력 사용,19,4,-10.0,2,2,2,1.00699394905531,"Damascus, Dimashq, Syria",SY,http://www.aina.org/news/20140528124321.htm
20140528,299078212,20140528,LEBANON,LBN,ISRAEL,ISR,190,재래식 군사력 사용,19,4,-10.0,1,1,1,2.31884057971015,"Capernaum, Ha?afon, Israel",IS,http://www.israelnationalnews.com/News/News.aspx/181153
20140528,299078213,20140528,LEBANON,LBN,ISRAEL,ISR,190,재래식 군사력 사용,19,4,-10.0,1,1,1,2.31884057971015,Lebanon,LE,http://www.israelnationalnews.com/News/News.aspx/181153
20140528,299078223,20140528,LEBANON,LBN,PALESTINIAN,PSE,190,재래식 군사력 사용,19,4,-10.0,1,1,1,2.16535433070866,"Capernaum, Ha?afon, Israel",IS,http://www.timesofisrael.com/lebanese-patriarch-prays-in-israel-with-exiled-fighters/
20140528,299078224,20140528,LEBANON,LBN,PALESTINIAN,PSE,190,재래식 군사력 사용,19,4,-10.0,3,2,3,2.06288219623708,Lebanon,LE,http://www.middle-east-online.com/english/?id=66245
20140528,299078225,20140528,LEBANON,LBN,PALESTINIAN,PSE,190,재래식 군사력 사용,19,4,-10.0,16,3,16,2.08850022985497,Lebanon,LE,http://www.timesofisrael.com/lebanese-patriarch-prays-in-israel-with-exiled-fighters/
20140528,299097653,20140528,GAZA,PSE,EGYPTIAN,EGY,193,소형무기·경무기를 이용한 전투,19,4,-10.0,4,1,4,0.775193798449612,"Gaza, Israel (general), Israel",IS,http://www.maannews.net/eng/ViewDetails.aspx?ID=700691
20140528,299097767,20140528,PALESTINIAN,PSE,ISRAEL,ISR,138,군사력 사용 위협,13,3,-7.0,1,1,1,1.73550850399167,Israel,IS,http://www.strategypage.com/qnd/syria/articles/20140528.aspx
20140528,299097768,20140528,PALESTINIAN,PSE,ISRAEL,ISR,138,군사력 사용 위협,13,3,-7.0,1,1,1,1.73550850399167,Saudi Arabia,SA,http://www.strategypage.com/qnd/syria/articles/20140528.aspx
20140528,299097787,20140528,PALESTINIAN,PSE,ISRAEL,ISR,190,재래식 군사력 사용,19,4,-10.0,3,2,3,2.24033816425121,"Capernaum, Ha?afon, Israel",IS,http://www.israelnationalnews.com/News/News.aspx/181153
20140528,299097788,20140528,PALESTINIAN,PSE,ISRAEL,ISR,190,재래식 군사력 사용,19,4,-10.0,1,1,1,2.16535433070866,"Capernaum, Ha?afon, Israel",IS,http://www.timesofisrael.com/lebanese-patriarch-prays-in-israel-with-exiled-fighters/
20140528,299097789,20140528,PALESTINIAN,PSE,ISRAEL,ISR,190,재래식 군사력 사용,19,4,-10.0,2,1,2,0.497512437810945,"Hebron, Israel (general), Israel",IS,http://www.alternativenews.org/english/index.php/features/human-rights/8095-12-palestinians-arrested-one-dies-after-tear-gas-inhalation
20140528,299097790,20140528,PALESTINIAN,PSE,ISRAEL,ISR,190,재래식 군사력 사용,19,4,-10.0,2,1,2,0.497512437810945,"Hebron, Israel (general), Israel",IS,http://www.alternativenews.org/english/index.php/features/human-rights/8095-12-palestinians-arrested-one-dies-after-tear-gas-inhalation
20140528,299097791,20140528,PALESTINIAN,PSE,ISRAELI,ISR,190,재래식 군사력 사용,19,4,-10.0,49,8,49,1.21630537490641,"Jerusalem, Israel (general), Israel",IS,http://www.dailysabah.com/asia/2014/05/28/palestinians-israeli-troops-clash-outside-alaqsa-compound
20140528,299097792,20140528,PALESTINIAN,PSE,ISRAEL,ISR,190,재래식 군사력 사용,19,4,-10.0,4,1,4,0.714285714285714,"Zawata, West Bank (general), West Bank",WE,http://www.jpost.com/Defense/IDF-Palestinian-gunmen-exchange-fire-in-Jenin-354594
20140528,299097793,20140528,PALESTINIAN,PSE,ISRAEL,ISR,190,재래식 군사력 사용,19,4,-10.0,26,4,26,1.54244361765036,Israel,IS,http://www.dnaindia.com/world/report-beauty-amidst-horror-woman-plants-flowers-in-empty-tear-gas-cannisters-1991934
20140528,299097794,20140528,PALESTINIAN,PSE,ISRAEL,ISR,190,재래식 군사력 사용,19,4,-10.0,1,1,1,2.31884057971015,"Capernaum, Ha?afon, Israel",IS,http://www.israelnationalnews.com/News/News.aspx/181153
20140528,299097795,20140528,PALESTINIAN,PSE,ISRAEL,ISR,190,재래식 군사력 사용,19,4,-10.0,23,4,23,2.08426015650974,Lebanon,LE,http://www.timesofisrael.com/lebanese-patriarch-prays-in-israel-with-exiled-fighters/
20140528,299097796,20140528,PALESTINIAN,PSE,ISRAEL,ISR,191,봉쇄·이동 제한,19,4,-9.5,6,1,6,1.90156599552573,"Gaza, Israel (general), Israel",IS,http://rt.com/op-edge/162024-palestine-israel-external-pressure/
20140528,299097797,20140528,WEST BANK,PSE,ISRAELI,ISR,192,영토 점령,19,4,-9.5,2,2,2,1.91154563255975,"Dheisheh, West Bank (general), West Bank",WE,http://www.thenation.com/blog/180042/pope-francis-palestine
20140528,299097798,20140528,WEST BANK,PSE,ISRAELI,ISR,192,영토 점령,19,4,-9.5,2,2,2,1.91154563255975,"Jerusalem, Israel (general), Israel",IS,http://www.thenation.com/blog/180042/pope-francis-palestine
20140528,299097799,20140528,PALESTINIAN,PSE,ISRAEL,ISR,193,소형무기·경무기를 이용한 전투,19,4,-10.0,2,1,2,0.714285714285714,Israel,IS,http://www.jpost.com/Defense/IDF-Palestinian-gunmen-exchange-fire-in-Jenin-354594
20140528,299097800,20140528,PALESTINIAN,PSE,NEGEV,ISR,194,포병·전차를 이용한 전투,19,4,-10.0,2,1,2,0.0,Israel,IS,http://www.terrorism-info.org.il/en/article/20651
20140528,299097803,20140528,PALESTINIAN,PSE,ISRAELI,ISR,190,재래식 군사력 사용,19,4,-10.0,6,1,6,1.53256704980843,"Jerusalem, Israel (general), Israel",IS,http://www.stljewishlight.com/news/world/article_bc8cf302-155c-52a5-aaf6-c2761535bce6.html
20140528,299097804,20140528,PALESTINIAN,PSE,ISRAEL,ISR,190,재래식 군사력 사용,19,4,-10.0,2,1,2,0.497512437810945,"Hebron, Israel (general), Israel",IS,http://www.alternativenews.org/english/index.php/features/human-rights/8095-12-palestinians-arrested-one-dies-after-tear-gas-inhalation
20140528,299097819,20140528,PALESTINIAN,PSE,ISRAELI,ISR,190,재래식 군사력 사용,19,4,-10.0,5,1,5,0.0,"Jerusalem, Israel (general), Israel",IS,http://www.abna.ir/english/service/middle-east-west-asia/archive/2014/05/28/611858/story.html
20140528,299097820,20140528,GAZA,PSE,ISRAEL,ISR,190,재래식 군사력 사용,19,4,-10.0,2,1,2,0.921658986175115,"Rafah, Gaza Strip (general), Gaza Strip",GZ,http://www.al-monitor.com/pulse/originals/2014/05/gaza-denies-isis-presence-jihadist-killed-syria.html
20140528,299097823,20140528,WEST BANK,PSE,ISRAEL,ISR,190,재래식 군사력 사용,19,4,-10.0,2,1,2,0.318471337579618,"Jerusalem, Israel (general), Israel",IS,http://www.omantribune.com/index.php?page=news&id=168603&heading=Middle%20East
20140528,299097824,20140528,WEST BANK,PSE,ISRAEL,ISR,190,재래식 군사력 사용,19,4,-10.0,1,1,1,2.16606498194946,"Gaza, Israel (general), Israel",IS,http://gulftoday.ae/portal/8e951c4d-72ee-4dcb-a0a0-33a40cf23a6e.aspx
20140528,299097825,20140528,WEST BANK,PSE,ISRAEL,ISR,190,재래식 군사력 사용,19,4,-10.0,1,1,1,2.16606498194946,"Gaza, Israel (general), Israel",IS,http://gulftoday.ae/portal/8e951c4d-72ee-4dcb-a0a0-33a40cf23a6e.aspx
20140528,299097828,20140528,WEST BANK,PSE,ISRAELI,ISR,192,영토 점령,19,4,-9.5,4,2,4,1.91154563255975,"Dheisheh, West Bank (general), West Bank",WE,http://www.thenation.com/blog/180042/pope-francis-palestine
20140528,299097829,20140528,WEST BANK,PSE,ISRAEL,ISR,192,영토 점령,19,4,-9.5,2,2,2,1.91154563255975,"Jerusalem, Israel (general), Israel",IS,http://www.thenation.com/blog/180042/pope-francis-palestine
20140528,299097833,20140528,PALESTINIAN,PSE,ISRAEL,ISR,190,재래식 군사력 사용,19,4,-10.0,2,1,2,0.840336134453782,"Jerusalem, Israel (general), Israel",IS,http://www.albawaba.com/news/israelisrael-jerusalem-day-579730
20140528,299097834,20140528,PALESTINIAN,PSE,ISRAEL,ISR,190,재래식 군사력 사용,19,4,-10.0,1,1,1,2.14592274678112,"Tehran, Tehran, Iran",IR,http://english.farsnews.com/newstext.aspx?nn=13930307001401
20140528,299097835,20140528,PALESTINIAN,PSE,ISRAEL,ISR,190,재래식 군사력 사용,19,4,-10.0,1,1,1,2.14592274678112,"Tehran, Tehran, Iran",IR,http://english.farsnews.com/newstext.aspx?nn=13930307001401
20140528,299097837,20140528,WEST BANK,PSE,ISRAEL,ISR,193,소형무기·경무기를 이용한 전투,19,4,-10.0,2,1,2,0.714285714285714,Israel,IS,http://www.jpost.com/Defense/IDF-Palestinian-gunmen-exchange-fire-in-Jenin-354594
20140528,299097838,20140528,PALESTINIAN,PSE,ISRAEL,ISR,193,소형무기·경무기를 이용한 전투,19,4,-10.0,2,1,2,0.714285714285714,Israel,IS,http://www.jpost.com/Defense/IDF-Palestinian-gunmen-exchange-fire-in-Jenin-354594
20140528,299097875,20140528,PALESTINIAN,PSE,LEBANON,LBN,190,재래식 군사력 사용,19,4,-10.0,2,1,2,2.0979020979021,"Gaza, Israel (general), Israel",IS,http://www.emirates247.com/news/palestinians-in-lebanon-battle-for-education-2014-05-28-1.550556
20140528,299097876,20140528,PALESTINIAN,PSE,LEBANON,LBN,190,재래식 군사력 사용,19,4,-10.0,8,1,8,2.0979020979021,"Mieh Mieh, Liban-Sud, Lebanon",LE,http://www.emirates247.com/news/palestinians-in-lebanon-battle-for-education-2014-05-28-1.550556
20140528,299097877,20140528,PALESTINIAN,PSE,LEBANON,LBN,190,재래식 군사력 사용,19,4,-10.0,1,1,1,2.16535433070866,"Capernaum, Ha?afon, Israel",IS,http://www.timesofisrael.com/lebanese-patriarch-prays-in-israel-with-exiled-fighters/
20140528,299097878,20140528,PALESTINIAN,PSE,LEBANON,LBN,190,재래식 군사력 사용,19,4,-10.0,3,2,3,2.06288219623708,Lebanon,LE,http://www.middle-east-online.com/english/?id=66245
20140528,299097879,20140528,PALESTINIAN,PSE,LEBANON,LBN,190,재래식 군사력 사용,19,4,-10.0,16,3,16,2.08850022985497,Lebanon,LE,http://www.timesofisrael.com/lebanese-patriarch-prays-in-israel-with-exiled-fighters/
20140528,299097953,20140528,PALESTINIAN,PSE,SYRIAN,SYR,190,재래식 군사력 사용,19,4,-10.0,2,1,2,1.52027027027027,"Brussels, Bruxelles-Capitale, Belgium",BE,http://www.israelhayom.com/site/newsletter_opinion.php?id=8547
20140528,299097954,20140528,PALESTINIAN,PSE,SYRIAN,SYR,190,재래식 군사력 사용,19,4,-10.0,8,1,8,1.52027027027027,Syria,SY,http://www.israelhayom.com/site/newsletter_opinion.php?id=8547
20140528,299097959,20140528,PALESTINIAN,PSE,TURKISH,TUR,190,재래식 군사력 사용,19,4,-10.0,3,3,3,1.63729284077116,"Jerusalem, Israel (general), Israel",IS,http://www.dailysabah.com/asia/2014/05/28/palestinians-israeli-troops-clash-outside-alaqsa-compound
20140528,299097960,20140528,PALESTINIAN,PSE,TURKISH,TUR,190,재래식 군사력 사용,19,4,-10.0,12,3,12,1.63729284077116,"Jerusalem, Israel (general), Israel",IS,http://www.dailysabah.com/asia/2014/05/28/palestinians-israeli-troops-clash-outside-alaqsa-compound
20140528,299097996,20140528,PALESTINIAN,PSE,ISRAEL,ISR,190,재래식 군사력 사용,19,4,-10.0,10,3,10,0.284671328230342,"Jerusalem, Israel (general), Israel",IS,http://zeenews.india.com/news/world/israeli-soldier-suspended-after-fatal-west-bank-shootings-reports_935728.html
20140528,299097997,20140528,PALESTINIAN,PSE,ISRAEL,ISR,190,재래식 군사력 사용,19,4,-10.0,8,3,8,0.363613735824689,Israel,IS,http://www.jewishjournal.com/israel/article/israeli_soldier_suspended_after_fatal_west_bank_shootings_report_says
20140528,299098060,20140528,HAMAS,PSE,ISRAEL,ISR,138,군사력 사용 위협,13,3,-7.0,2,1,2,2.94659300184162,"Gaza, Israel (general), Israel",IS,http://www.israelhayom.com/site/newsletter_article.php?id=17825
20140528,299098098,20140528,HAMAS,PSE,ISRAEL,ISR,138,군사력 사용 위협,13,3,-7.0,6,1,6,2.94659300184162,"Gaza, Israel (general), Israel",IS,http://www.israelhayom.com/site/newsletter_article.php?id=17825
20140528,299098104,20140528,PALESTINIAN,PSE,ISRAEL,ISR,193,소형무기·경무기를 이용한 전투,19,4,-10.0,1,1,1,0.714285714285714,Israel,IS,http://www.jpost.com/Defense/IDF-Palestinian-gunmen-exchange-fire-in-Jenin-354594
20140528,299098681,20140528,DOHA,QAT,ALEPPO,SYR,193,소형무기·경무기를 이용한 전투,19,4,-10.0,3,1,3,0.0,"Aleppo, ?alab, Syria",SY,"Al-Jazeera TV, Doha/BBC Monitoring/(c) BBC"
20140528,299103049,20140528,SAUDI,SAU,ISRAEL,ISR,138,군사력 사용 위협,13,3,-7.0,1,1,1,1.73550850399167,Saudi Arabia,SA,http://www.strategypage.com/qnd/syria/articles/20140528.aspx
20140528,299103050,20140528,SAUDI ARABIA,SAU,ISRAEL,ISR,138,군사력 사용 위협,13,3,-7.0,5,1,5,1.73550850399167,Israel,IS,http://www.strategypage.com/qnd/syria/articles/20140528.aspx
20140528,299103129,20140528,SAUDI,SAU,PALESTINIAN,PSE,138,군사력 사용 위협,13,3,-7.0,2,1,2,1.73550850399167,Israel,IS,http://www.strategypage.com/qnd/syria/articles/20140528.aspx
20140528,299103286,20140528,ABDULLAH,SAU,JORDAN,JOR,190,재래식 군사력 사용,19,4,-10.0,3,1,3,1.85185185185185,Pakistan,PK,http://petra.gov.jo/Public_News/Nws_NewsDetails.aspx?Site_Id=1&lang=2&NewsID=152902&CatID=-1
20140528,299105524,20140528,SYRIA,SYR,IRANIAN,IRN,190,재래식 군사력 사용,19,4,-10.0,4,1,4,2.52100840336134,"Damascus, Dimashq, Syria",SY,http://www.rferl.org/content/iran-revolutionary-guard-syria/25402207.html
20140528,299105525,20140528,SYRIA,SYR,IRAN,IRN,190,재래식 군사력 사용,19,4,-10.0,2,1,2,1.73550850399167,"Idlib, Idlib, Syria",SY,http://www.strategypage.com/qnd/syria/articles/20140528.aspx
20140528,299105526,20140528,SYRIA,SYR,IRAN,IRN,190,재래식 군사력 사용,19,4,-10.0,6,1,6,1.73550850399167,"Idlib, Idlib, Syria",SY,http://www.strategypage.com/qnd/syria/articles/20140528.aspx
20140528,299105527,20140528,SYRIA,SYR,IRAN,IRN,190,재래식 군사력 사용,19,4,-10.0,2,1,2,1.73550850399167,"Idlib, Idlib, Syria",SY,http://www.strategypage.com/qnd/syria/articles/20140528.aspx
20140528,299105528,20140528,SYRIA,SYR,IRAN,IRN,190,재래식 군사력 사용,19,4,-10.0,1,1,1,2.52100840336134,"Mohammad Jamali, Bushehr, Iran",IR,http://www.rferl.org/content/iran-revolutionary-guard-syria/25402207.html
20140528,299105531,20140528,SYRIA,SYR,IRAN,IRN,190,재래식 군사력 사용,19,4,-10.0,6,1,6,1.23456790123457,Syria,SY,"Iranian website Rajanews, Tehran/BBC Monitoring/(c) BBC"
20140528,299105568,20140528,SYRIA,SYR,ISRAEL,ISR,190,재래식 군사력 사용,19,4,-10.0,3,1,3,0.677966101694915,"Deraa, Dara, Syria",SY,http://www.businessinsider.in/defense/Canadian-Hezbollah-Commander-One-Of-FBIs-Most-Wanted-Killed-In-Syria/articleshow/35635017.cms
20140528,299105569,20140528,SYRIA,SYR,ISRAEL,ISR,190,재래식 군사력 사용,19,4,-10.0,1,1,1,0.677966101694915,Israel,IS,http://www.businessinsider.in/defense/Canadian-Hezbollah-Commander-One-Of-FBIs-Most-Wanted-Killed-In-Syria/articleshow/35635017.cms
20140528,299105570,20140528,SYRIAN,SYR,ISRAEL,ISR,190,재래식 군사력 사용,19,4,-10.0,2,1,2,0.677966101694915,Israel,IS,http://www.businessinsider.in/defense/Canadian-Hezbollah-Commander-One-Of-FBIs-Most-Wanted-Killed-In-Syria/articleshow/35635017.cms
20140528,299105571,20140528,SYRIA,SYR,ISRAEL,ISR,190,재래식 군사력 사용,19,4,-10.0,2,1,2,0.403225806451613,Canada,CA,"Zaman al-Wasl website, Doha/BBC Monitoring/(c) BBC"
20140528,299105572,20140528,SYRIA,SYR,ISRAEL,ISR,190,재래식 군사력 사용,19,4,-10.0,1,1,1,0.403225806451613,Israel,IS,"Zaman al-Wasl website, Doha/BBC Monitoring/(c) BBC"
20140528,299105573,20140528,SYRIA,SYR,ISRAEL,ISR,190,재래식 군사력 사용,19,4,-10.0,2,1,2,0.403225806451613,Syria,SY,"Zaman al-Wasl website, Doha/BBC Monitoring/(c) BBC"
20140528,299105574,20140528,SYRIA,SYR,ISRAEL,ISR,190,재래식 군사력 사용,19,4,-10.0,1,1,1,0.403225806451613,United States,US,"Zaman al-Wasl website, Doha/BBC Monitoring/(c) BBC"
20140528,299105739,20140528,SYRIAN,SYR,LEBANON,LBN,138,군사력 사용 위협,13,3,-7.0,2,1,2,0.0,"Qalamoun, Rif Dimashq, Syria",SY,http://www.kuna.net.kw/ArticleDetails.aspx?id=2379653&language=en
20140528,299105746,20140528,SYRIAN,SYR,LEBANON,LBN,190,재래식 군사력 사용,19,4,-10.0,3,2,3,2.12621602594989,"Damascus, Dimashq, Syria",SY,http://www.theguardian.com/world/2014/may/28/syrians-lebaanon-vote-assad-embassies-refugees-boycott
20140528,299105747,20140528,SYRIA,SYR,LEBANON,LBN,190,재래식 군사력 사용,19,4,-10.0,1,1,1,0.62111801242236,"Damascus, Dimashq, Syria",SY,http://www.ekantipur.com/2014/05/28/world/wanted-hezbollah-commander-killed-in-syria/390173.html
20140528,299105748,20140528,SYRIAN,SYR,LEBANESE,LBN,190,재래식 군사력 사용,19,4,-10.0,3,3,3,2.13182562549811,"Damascus, Dimashq, Syria",SY,http://elderofziyon.blogspot.com/2014/05/0528-links-pt1-so-just-what-is.html
20140528,299105749,20140528,SYRIAN,SYR,LEBANON,LBN,190,재래식 군사력 사용,19,4,-10.0,2,2,2,2.06615098270239,"Beirut, Beyrouth, Lebanon",LE,http://medicinehatnews.com/news/world-news/2014/05/28/lebanese-troops-beat-syrian-voters-near-beirut-embassy-as-expats-vote-in-presidential-election/
20140528,299105750,20140528,SYRIAN,SYR,LEBANON,LBN,190,재래식 군사력 사용,19,4,-10.0,8,1,8,2.91508238276299,Lebanon,LE,http://www.al-monitor.com/pulse/politics/2014/05/arab-world-await-egypt-rise.html
20140528,299105751,20140528,SYRIAN,SYR,LEBANESE,LBN,190,재래식 군사력 사용,19,4,-10.0,1,1,1,1.07238605898123,United States,US,http://www.israellycool.com/2014/05/28/hizbully-fawzi-ayoub-bites-the-dust-in-syria/
20140528,299105752,20140528,SYRIAN,SYR,LEBANESE,LBN,190,재래식 군사력 사용,19,4,-10.0,4,1,4,0.0,"Qalamoun, Rif Dimashq, Syria",SY,http://www.kuna.net.kw/ArticleDetails.aspx?id=2379653&language=en
20140528,299105753,20140528,SYRIAN,SYR,LEBANESE,LBN,190,재래식 군사력 사용,19,4,-10.0,1,1,1,1.07238605898123,"Toronto, Ontario, Canada",CA,http://www.israellycool.com/2014/05/28/hizbully-fawzi-ayoub-bites-the-dust-in-syria/
20140528,299105754,20140528,SYRIA,SYR,LEBANON,LBN,190,재래식 군사력 사용,19,4,-10.0,1,1,1,0.62111801242236,"Adsheet, Nabatî, Lebanon",LE,http://www.ekantipur.com/2014/05/28/world/wanted-hezbollah-commander-killed-in-syria/390173.html
20140528,299105755,20140528,SYRIAN,SYR,LEBANESE,LBN,190,재래식 군사력 사용,19,4,-10.0,3,2,3,1.95199642744901,"Beirut, Beyrouth, Lebanon",LE,http://elderofziyon.blogspot.com/2014/05/0528-links-pt1-so-just-what-is.html
20140528,299105756,20140528,SYRIAN,SYR,LEBANON,LBN,190,재래식 군사력 사용,19,4,-10.0,2,1,2,1.14068441064639,"Beirut, Beyrouth, Lebanon",LE,http://washingtonexaminer.com/lebanese-troops-beat-syrian-voters-outside-embassy/article/feed/2136804/RK=0
20140528,299105757,20140528,SYRIAN,SYR,LEBANON,LBN,190,재래식 군사력 사용,19,4,-10.0,1,1,1,1.26050420168067,Syria,SY,http://www.app.com/story/news/world/2014/05/28/lebanese-troops-beat-syrian-voters-outside-embassy/9659295/?from=global&sessionKey=&autologin=
20140528,299105758,20140528,SYRIAN,SYR,LEBANESE,LBN,190,재래식 군사력 사용,19,4,-10.0,3,2,3,1.48296197596664,"Amman, (JO11), Jordan",JO,http://nvonews.com/syrian-air-force-raids-lebanese-ersal/
20140528,299105759,20140528,SYRIA,SYR,LEBANON,LBN,190,재래식 군사력 사용,19,4,-10.0,2,1,2,2.91508238276299,Lebanon,LE,http://www.al-monitor.com/pulse/politics/2014/05/arab-world-await-egypt-rise.html
20140528,299105760,20140528,SYRIAN,SYR,LEBANON,LBN,190,재래식 군사력 사용,19,4,-10.0,2,2,2,2.30769230769231,"Beirut, Beyrouth, Lebanon",LE,http://www.washingtontimes.com/news/2014/may/28/lebanese-troops-beat-syrian-voters-outside-embassy/
20140528,299105761,20140528,SYRIAN,SYR,LEBANON,LBN,190,재래식 군사력 사용,19,4,-10.0,3,3,3,1.95862960568843,Syria,SY,http://www.washingtontimes.com/news/2014/may/28/lebanese-troops-beat-syrian-voters-outside-embassy/
20140528,299105762,20140528,SYRIAN,SYR,LEBANON,LBN,190,재래식 군사력 사용,19,4,-10.0,2,2,2,1.53061224489796,"Beirut, Beyrouth, Lebanon",LE,http://www.denverpost.com/nationworld/ci_25848581/syrians-abroad-vote-presidential-election
20140528,299105763,20140528,SYRIAN,SYR,LEBANON,LBN,190,재래식 군사력 사용,19,4,-10.0,4,3,4,1.33564832777218,Syria,SY,http://washingtonexaminer.com/lebanese-troops-beat-syrian-voters-outside-embassy/article/feed/2136804/RK=0
20140528,299105764,20140528,SYRIAN,SYR,LEBANON,LBN,192,영토 점령,19,4,-9.5,5,1,5,2.32126276694522,"Raqqa, Ar Raqqah, Syria",SY,http://www.businessinsider.com/r-despair-and-dread-grip-syrian-refugees-on-elections-eve-2014-27
20140528,299105765,20140528,SYRIAN,SYR,LEBANON,LBN,192,영토 점령,19,4,-9.5,1,1,1,2.32126276694522,"Raqqa, Ar Raqqah, Syria",SY,http://www.businessinsider.com/r-despair-and-dread-grip-syrian-refugees-on-elections-eve-2014-27
20140528,299105766,20140528,SYRIA,SYR,LEBANON,LBN,192,영토 점령,19,4,-9.5,2,1,2,2.32126276694522,"Raqqa, Ar Raqqah, Syria",SY,http://www.businessinsider.com/r-despair-and-dread-grip-syrian-refugees-on-elections-eve-2014-27
20140528,299105767,20140528,SYRIAN,SYR,LEBANESE,LBN,194,포병·전차를 이용한 전투,19,4,-10.0,1,1,1,1.06761565836299,"Eastern Mountain, , Lebanon",LE,http://english.farsnews.com/newstext.aspx?nn=13930307000231
20140528,299105768,20140528,SYRIAN,SYR,LEBANESE,LBN,194,포병·전차를 이용한 전투,19,4,-10.0,1,1,1,1.06761565836299,"Raqqa, Ar Raqqah, Syria",SY,http://english.farsnews.com/newstext.aspx?nn=13930307000231
20140528,299105769,20140528,SYRIAN,SYR,LEBANESE,LBN,194,포병·전차를 이용한 전투,19,4,-10.0,1,1,1,0.946372239747634,"Amman, (JO11), Jordan",JO,http://www.aina.org/news/20140528124321.htm
20140528,299105770,20140528,SYRIAN,SYR,LEBANON,LBN,194,포병·전차를 이용한 전투,19,4,-10.0,7,1,7,4.13793103448276,"Arsal, Mohafazat Baalbek-Hermel, Lebanon",LE,http://www.dailystar.com.lb/News/Lebanon-News/2014/May-28/257967-syrian-jets-fire-rockets-on-arsal.ashx
20140528,299105771,20140528,SYRIAN,SYR,LEBANESE,LBN,194,포병·전차를 이용한 전투,19,4,-10.0,1,1,1,0.946372239747634,"Damascus, Dimashq, Syria",SY,http://www.aina.org/news/20140528124321.htm
20140528,299105772,20140528,SYRIAN,SYR,LEBANON,LBN,194,포병·전차를 이용한 전투,19,4,-10.0,8,1,8,2.73972602739726,Syria,SY,http://www.albawaba.com/lebanon-syria/lebanon-bekaa-valley-579688
20140528,299105773,20140528,SYRIAN,SYR,LEBANON,LBN,194,포병·전차를 이용한 전투,19,4,-10.0,8,1,8,2.73972602739726,Syria,SY,http://www.albawaba.com/lebanon-syria/lebanon-bekaa-valley-579688
20140528,299105774,20140528,SYRIA,SYR,LEBANESE,LBN,190,재래식 군사력 사용,19,4,-10.0,127,17,127,1.62167477421347,"Beirut, Beyrouth, Lebanon",LE,http://www.fortmilltimes.com/2014/05/28/3507485/syrians-abroad-vote-in-presidential.html?sp=/99/103/106/
20140528,299105775,20140528,SYRIA,SYR,LEBANESE,LBN,190,재래식 군사력 사용,19,4,-10.0,35,3,35,1.72674877063317,"Yarze, Mont-Liban, Lebanon",LE,http://www.theglobeandmail.com/news/world/tens-of-thousands-of-assad-supporters-abroad-scramble-to-cast-syria-vote/article18901874/?cmpid=rss1/RK=0
20140528,299105776,20140528,SYRIA,SYR,LEBANON,LBN,190,재래식 군사력 사용,19,4,-10.0,10,8,10,1.64197407366633,"Aleppo, ?alab, Syria",SY,http://www.thealpenanews.com/page/content.detail/id/511818/Assad-s-supporters-abroad-vote-in-Syrian-election.html?isap=1&nav=5014
20140528,299105777,20140528,SYRIA,SYR,LEBANON,LBN,190,재래식 군사력 사용,19,4,-10.0,9,8,9,1.67166079312598,"Beirut, Beyrouth, Lebanon",LE,http://www.fortmilltimes.com/2014/05/28/3507485/syrians-abroad-vote-in-presidential.html?sp=/99/103/106/
20140528,299105778,20140528,SYRIA,SYR,LEBANON,LBN,190,재래식 군사력 사용,19,4,-10.0,1,1,1,1.67322834645669,"Yarze, Mont-Liban, Lebanon",LE,http://www.cambridgetimes.ca/news-story/4545101-embassies-overwhelmed-by-syrian-vote/
20140528,299105779,20140528,SYRIA,SYR,LEBANON,LBN,190,재래식 군사력 사용,19,4,-10.0,2,2,2,1.81616438356165,"Damascus, Dimashq, Syria",SY,http://medicinehatnews.com/news/world-news/2014/05/28/tens-of-thousands-of-assads-supporters-abroad-vote-a-week-before-national-election-in-syria/
20140528,299105788,20140528,SYRIA,SYR,LEBANON,LBN,190,재래식 군사력 사용,19,4,-10.0,2,1,2,2.29007633587786,"Beirut, Beyrouth, Lebanon",LE,http://www.dailystar.com.lb/News/Lebanon-News/2014/May-28/258004-hezbollah-commemorates-suspect-in-harb-attack.ashx
20140528,299105789,20140528,SYRIA,SYR,BOUTROS HARB,LBN,190,재래식 군사력 사용,19,4,-10.0,10,1,10,2.29007633587786,Syria,SY,http://www.dailystar.com.lb/News/Lebanon-News/2014/May-28/258004-hezbollah-commemorates-suspect-in-harb-attack.ashx
20140528,299105790,20140528,SYRIAN,SYR,LEBANON,LBN,190,재래식 군사력 사용,19,4,-10.0,1,1,1,2.26317491108956,"Beirut, Beyrouth, Lebanon",LE,http://elderofziyon.blogspot.com/2014/05/0528-links-pt1-so-just-what-is.html
20140528,299105791,20140528,SYRIAN,SYR,LEBANON,LBN,190,재래식 군사력 사용,19,4,-10.0,1,1,1,1.07238605898123,United States,US,http://www.israellycool.com/2014/05/28/hizbully-fawzi-ayoub-bites-the-dust-in-syria/
20140528,299105792,20140528,SYRIAN,SYR,LEBANON,LBN,190,재래식 군사력 사용,19,4,-10.0,1,1,1,1.07238605898123,"Toronto, Ontario, Canada",CA,http://www.israellycool.com/2014/05/28/hizbully-fawzi-ayoub-bites-the-dust-in-syria/
20140528,299105793,20140528,SYRIAN,SYR,LEBANON,LBN,190,재래식 군사력 사용,19,4,-10.0,1,1,1,2.26317491108956,"Beirut, Beyrouth, Lebanon",LE,http://elderofziyon.blogspot.com/2014/05/0528-links-pt1-so-just-what-is.html
20140528,299105794,20140528,SYRIAN,SYR,LEBANESE,LBN,195,공중무기 사용,19,4,-10.0,40,1,40,0.0,,,http://www.menafn.com/1093846863/Syrian-Warplanes-Stage-Four-Raids-on-Eastern-Lebanon&src=RSS/RK=0
20140528,299105795,20140528,SYRIAN,SYR,LEBANESE,LBN,195,공중무기 사용,19,4,-10.0,470,1,470,3.27095612573232,Qatar,QA,http://www.menafn.com/1093847079/SaudiIran-talks-offer-fuels-hope&src=RSS
20140528,299105900,20140528,SYRIA,SYR,GAZA,PSE,190,재래식 군사력 사용,19,4,-10.0,2,1,2,0.921658986175115,"Jabaliya, Gaza Strip (general), Gaza Strip",GZ,http://www.al-monitor.com/pulse/originals/2014/05/gaza-denies-isis-presence-jihadist-killed-syria.html
20140528,299105901,20140528,SYRIAN,SYR,PALESTINIAN,PSE,190,재래식 군사력 사용,19,4,-10.0,2,1,2,1.52027027027027,"Brussels, Bruxelles-Capitale, Belgium",BE,http://www.israelhayom.com/site/newsletter_opinion.php?id=8547
20140528,299105902,20140528,SYRIAN,SYR,PALESTINIAN,PSE,190,재래식 군사력 사용,19,4,-10.0,8,1,8,1.52027027027027,Syria,SY,http://www.israelhayom.com/site/newsletter_opinion.php?id=8547
20140528,299106442,20140528,SYRIAN,SYR,LEBANON,LBN,138,군사력 사용 위협,13,3,-7.0,3,1,3,0.0,"Qalamoun, Rif Dimashq, Syria",SY,http://www.kuna.net.kw/ArticleDetails.aspx?id=2379653&language=en
20140528,299106443,20140528,SYRIAN,SYR,LEBANESE,LBN,190,재래식 군사력 사용,19,4,-10.0,3,1,3,0.0,"Qalamoun, Rif Dimashq, Syria",SY,http://www.kuna.net.kw/ArticleDetails.aspx?id=2379653&language=en
20140528,299106444,20140528,SYRIAN,SYR,LEBANESE,LBN,190,재래식 군사력 사용,19,4,-10.0,6,1,6,1.16959064327485,"Amman, (JO11), Jordan",JO,http://nvonews.com/syrian-air-force-raids-lebanese-ersal/
20140528,299106473,20140528,SYRIAN,SYR,LEBANESE,LBN,190,재래식 군사력 사용,19,4,-10.0,3,1,3,2.26317491108956,"Beirut, Beyrouth, Lebanon",LE,http://elderofziyon.blogspot.com/2014/05/0528-links-pt1-so-just-what-is.html
20140528,299106474,20140528,SYRIA,SYR,LEBANON,LBN,190,재래식 군사력 사용,19,4,-10.0,1,1,1,1.07238605898123,United States,US,http://www.israellycool.com/2014/05/28/hizbully-fawzi-ayoub-bites-the-dust-in-syria/
20140528,299106475,20140528,SYRIAN,SYR,LEBANESE,LBN,190,재래식 군사력 사용,19,4,-10.0,2,1,2,1.07238605898123,United States,US,http://www.israellycool.com/2014/05/28/hizbully-fawzi-ayoub-bites-the-dust-in-syria/
20140528,299106518,20140528,SYRIAN,SYR,LEBANESE,LBN,194,포병·전차를 이용한 전투,19,4,-10.0,12,2,12,1.00699394905531,"Damascus, Dimashq, Syria",SY,http://www.aina.org/news/20140528124321.htm
20140528,299107883,20140528,TURKISH,TUR,JERUSALEM,ISR,190,재래식 군사력 사용,19,4,-10.0,2,1,2,1.70278637770898,"Anadolu, Turkey (general), Turkey",TU,http://www.dailystar.com.lb/News/Middle-East/2014/May-28/257997-3-turks-injured-by-israel-police-in-al-aqsa-complex.ashx
20140528,299107884,20140528,TURK,TUR,JERUSALEM,ISR,190,재래식 군사력 사용,19,4,-10.0,12,2,12,1.75611810653218,"Jerusalem, Israel (general), Israel",IS,http://www.worldbulletin.net/haberler/137507/turks-injured-as-israeli-soldiers-raid-al-aqsa-mosque-updated
20140528,299107885,20140528,TURKEY,TUR,ISRAEL,ISR,190,재래식 군사력 사용,19,4,-10.0,4,1,4,1.52284263959391,"Gaza, Israel (general), Israel",IS,http://jurist.org/paperchase/2014/05/turkish-court-orders-arrest-of-israeli-commanders-involved-in-2010-gaza-flotilla-raid.php
20140528,299107886,20140528,TURKEY,TUR,ISRAEL,ISR,190,재래식 군사력 사용,19,4,-10.0,2,1,2,1.52284263959391,Turkey,TU,http://jurist.org/paperchase/2014/05/turkish-court-orders-arrest-of-israeli-commanders-involved-in-2010-gaza-flotilla-raid.php
20140528,299107890,20140528,TURKISH,TUR,ISRAELI,ISR,190,재래식 군사력 사용,19,4,-10.0,6,1,6,1.52284263959391,"Gaza, Israel (general), Israel",IS,http://jurist.org/paperchase/2014/05/turkish-court-orders-arrest-of-israeli-commanders-involved-in-2010-gaza-flotilla-raid.php
20140528,299107895,20140528,TURK,TUR,ISRAEL,ISR,190,재래식 군사력 사용,19,4,-10.0,2,1,2,1.63934426229508,Israel,IS,http://english.farsnews.com/newstext.aspx?nn=13930307000242
20140528,299107896,20140528,TURKISH,TUR,ISRAEL,ISR,190,재래식 군사력 사용,19,4,-10.0,4,1,4,1.52284263959391,"Gaza, Israel (general), Israel",IS,http://jurist.org/paperchase/2014/05/turkish-court-orders-arrest-of-israeli-commanders-involved-in-2010-gaza-flotilla-raid.php
20140528,299107903,20140528,TURKEY,TUR,JORDAN,JOR,192,영토 점령,19,4,-9.5,6,1,6,1.71009771986971,Lebanon,LE,http://www.dw.de/no-solace-for-syrian-refugees-in-lawless-libya/a-17657208
20140528,299107904,20140528,TURKEY,TUR,JORDAN,JOR,192,영토 점령,19,4,-9.5,2,1,2,1.71009771986971,Lebanon,LE,http://www.dw.de/no-solace-for-syrian-refugees-in-lawless-libya/a-17657208
20140528,299107905,20140528,TURKEY,TUR,JORDAN,JOR,192,영토 점령,19,4,-9.5,2,1,2,1.71009771986971,Lebanon,LE,http://www.dw.de/no-solace-for-syrian-refugees-in-lawless-libya/a-17657208
20140528,299107985,20140528,TURK,TUR,PALESTINE,PSE,190,재래식 군사력 사용,19,4,-10.0,10,1,10,1.76678445229682,"Anadolu, Turkey (general), Turkey",TU,http://www.worldbulletin.net/haberler/137507/turks-injured-as-israeli-soldiers-raid-al-aqsa-mosque-updated
20140528,299107986,20140528,TURKISH,TUR,GAZA,PSE,190,재래식 군사력 사용,19,4,-10.0,2,1,2,1.52284263959391,"Gaza, Israel (general), Israel",IS,http://jurist.org/paperchase/2014/05/turkish-court-orders-arrest-of-israeli-commanders-involved-in-2010-gaza-flotilla-raid.php
20140528,299108089,20140528,TURKEY,TUR,ALEPPO,SYR,192,영토 점령,19,4,-9.5,1,1,1,1.73550850399167,"Aleppo, ?alab, Syria",SY,http://www.strategypage.com/qnd/syria/articles/20140528.aspx
20140528,299108090,20140528,TURKEY,TUR,ALEPPO,SYR,192,영토 점령,19,4,-9.5,3,1,3,1.73550850399167,Turkey,TU,http://www.strategypage.com/qnd/syria/articles/20140528.aspx
20140528,299108091,20140528,TURKEY,TUR,SYRIA,SYR,192,영토 점령,19,4,-9.5,1,1,1,1.73550850399167,Turkey,TU,http://www.strategypage.com/qnd/syria/articles/20140528.aspx
20140528,299108230,20140528,TURKISH,TUR,JERUSALEM,ISR,190,재래식 군사력 사용,19,4,-10.0,6,1,6,1.70278637770898,"Jerusalem, Israel (general), Israel",IS,http://www.dailystar.com.lb/News/Middle-East/2014/May-28/257997-3-turks-injured-by-israel-police-in-al-aqsa-complex.ashx
20140528,299138650,20140528,YEMENI,YEM,ISRAEL,ISR,138,군사력 사용 위협,13,3,-7.0,1,1,1,1.73550850399167,Saudi Arabia,SA,http://www.strategypage.com/qnd/syria/articles/20140528.aspx
20140528,299138651,20140528,YEMEN,YEM,ISRAEL,ISR,138,군사력 사용 위협,13,3,-7.0,5,1,5,1.73550850399167,Israel,IS,http://www.strategypage.com/qnd/syria/articles/20140528.aspx
20140528,299138681,20140528,YEMENI,YEM,PALESTINIAN,PSE,138,군사력 사용 위협,13,3,-7.0,2,1,2,1.73550850399167,Israel,IS,http://www.strategypage.com/qnd/syria/articles/20140528.aspx
20140529,299145121,20140528,ISRAELI,ISR,PALESTINIAN,PSE,190,재래식 군사력 사용,19,4,-10.0,1,1,1,0.342465753424658,Israel,IS,http://thepeninsulaqatar.com/news/middle-east/285648/israel-troops-raid-palestinian-newspaper-offices
20140529,299145488,20140528,WEST BANK,PSE,ISRAEL,ISR,190,재래식 군사력 사용,19,4,-10.0,1,1,1,0.342465753424658,Israel,IS,http://thepeninsulaqatar.com/news/middle-east/285648/israel-troops-raid-palestinian-newspaper-offices
20140529,299145489,20140528,WEST BANK,PSE,ISRAEL,ISR,190,재래식 군사력 사용,19,4,-10.0,1,1,1,0.342465753424658,Israel,IS,http://thepeninsulaqatar.com/news/middle-east/285648/israel-troops-raid-palestinian-newspaper-offices
20140529,299189920,20140529,SINAI PENINSULA,EGY,ISRAEL,ISR,193,소형무기·경무기를 이용한 전투,19,4,-10.0,8,2,8,3.56613756613756,"Gaza, Israel (general), Israel",IS,http://www.nation.com.pk/international/29-May-2014/egypt-extends-presidential-vote-after-low-turnout
20140529,299189921,20140529,EGYPT,EGY,ISRAEL,ISR,193,소형무기·경무기를 이용한 전투,19,4,-10.0,2,1,2,3.31491712707182,"Suez Canal, As Suways, Egypt",EG,http://www.smh.com.au/national/people/new-israeli-ambassador-jumped-out-of-planes-20140529-zrqjo.html
20140529,299189922,20140529,EGYPT,EGY,ISRAEL,ISR,193,소형무기·경무기를 이용한 전투,19,4,-10.0,8,1,8,3.31491712707182,"Suez Canal, As Suways, Egypt",EG,http://www.smh.com.au/national/people/new-israeli-ambassador-jumped-out-of-planes-20140529-zrqjo.html
20140529,299190024,20140529,SINAI PENINSULA,EGY,GAZA,PSE,193,소형무기·경무기를 이용한 전투,19,4,-10.0,4,2,4,3.56613756613756,"Cairo, Al Qahirah, Egypt",EG,http://www.nation.com.pk/international/29-May-2014/egypt-extends-presidential-vote-after-low-turnout
20140529,299190025,20140529,SINAI PENINSULA,EGY,GAZA,PSE,193,소형무기·경무기를 이용한 전투,19,4,-10.0,8,2,8,3.56613756613756,"Gaza, Israel (general), Israel",IS,http://www.nation.com.pk/international/29-May-2014/egypt-extends-presidential-vote-after-low-turnout
20140529,299212017,20140529,IRANIAN,IRN,SYRIA,SYR,190,재래식 군사력 사용,19,4,-10.0,1,1,1,1.93798449612403,Iran,IR,http://www.israelnationalnews.com/News/News.aspx/181205
20140529,299212018,20140529,IRANIAN,IRN,SYRIAN,SYR,190,재래식 군사력 사용,19,4,-10.0,5,1,5,3.78698224852071,"Isfahan, Esfahan, Iran",IR,http://www.breitbart.com/Breitbart-London/2014/05/29/Leaders-of-Iranian-and-Syrian-opposition-movements-meet-in-Paris
20140529,299212019,20140529,IRANIAN,IRN,SYRIA,SYR,190,재래식 군사력 사용,19,4,-10.0,1,1,1,1.93798449612403,Iran,IR,http://www.israelnationalnews.com/News/News.aspx/181205
20140529,299212020,20140529,IRANIAN,IRN,SYRIAN,SYR,190,재래식 군사력 사용,19,4,-10.0,1,1,1,3.78698224852071,Syria,SY,http://www.breitbart.com/Breitbart-London/2014/05/29/Leaders-of-Iranian-and-Syrian-opposition-movements-meet-in-Paris
20140529,299212021,20140529,IRAN,IRN,SYRIA,SYR,190,재래식 군사력 사용,19,4,-10.0,2,1,2,3.78698224852071,"Isfahan, Esfahan, Iran",IR,http://www.breitbart.com/Breitbart-London/2014/05/29/Leaders-of-Iranian-and-Syrian-opposition-movements-meet-in-Paris
20140529,299213223,20140529,ISRAEL,ISR,EGYPT,EGY,192,영토 점령,19,4,-9.5,1,1,1,3.74037403740374,"Gaza, Israel (general), Israel",IS,http://www.economist.com/blogs/pomegranate/2014/05/reconciliation-among-palestinians&c=Rled6QiJ7XyvplT_7jggo-dnEZQOP8h2rq8yxTY07H8&mkt=en-us
20140529,299213224,20140529,ISRAEL,ISR,EGYPT,EGY,192,영토 점령,19,4,-9.5,1,1,1,3.74037403740374,"Gaza, Israel (general), Israel",IS,http://www.economist.com/blogs/pomegranate/2014/05/reconciliation-among-palestinians&c=Rled6QiJ7XyvplT_7jggo-dnEZQOP8h2rq8yxTY07H8&mkt=en-us
20140529,299213317,20140529,ISRAELI,ISR,IRANIAN,IRN,190,재래식 군사력 사용,19,4,-10.0,2,1,2,1.60599571734475,"Tel Aviv, Tel Aviv, Israel",IS,http://www.israelnationalnews.com/Articles/Article.aspx/15082
20140529,299213318,20140529,ISRAELI,ISR,IRANIAN,IRN,190,재래식 군사력 사용,19,4,-10.0,6,1,6,1.60599571734475,"Tel Aviv, Tel Aviv, Israel",IS,http://www.israelnationalnews.com/Articles/Article.aspx/15082
20140529,299213319,20140529,ISRAEL,ISR,IRAN,IRN,190,재래식 군사력 사용,19,4,-10.0,2,1,2,1.60599571734475,West Bank,WE,http://www.israelnationalnews.com/Articles/Article.aspx/15082
20140529,299213320,20140529,ISRAEL,ISR,IRAN,IRN,190,재래식 군사력 사용,19,4,-10.0,8,4,8,2.40300738298108,"Tehran, Tehran, Iran",IR,http://thanhniennews.com/world/iranian-hackers-stalked-us-officials-report-says-26751.html
20140529,299213321,20140529,ISRAEL,ISR,IRAN,IRN,190,재래식 군사력 사용,19,4,-10.0,8,4,8,2.40300738298108,"Washington, District of Columbia, United States",US,http://thanhniennews.com/world/iranian-hackers-stalked-us-officials-report-says-26751.html
20140529,299213322,20140529,ISRAEL,ISR,IRAN,IRN,190,재래식 군사력 사용,19,4,-10.0,24,4,24,2.40300738298108,"Washington, District of Columbia, United States",US,http://thanhniennews.com/world/iranian-hackers-stalked-us-officials-report-says-26751.html
20140529,299213513,20140529,ISRAELI,ISR,LEBANON,LBN,193,소형무기·경무기를 이용한 전투,19,4,-10.0,10,1,10,2.27722772277228,"Golan Heights, Syria (general), Syria",SY,http://www.jpost.com/Features/Front-Lines/Behind-the-Lines-A-most-discreet-Israeli-intervention-in-Syria-354848
20140529,299213514,20140529,ISRAEL,ISR,LEBANON,LBN,194,포병·전차를 이용한 전투,19,4,-10.0,4,1,4,3.25149303251493,"Jerusalem, Israel (general), Israel",IS,http://www.israelnationalnews.com/Articles/Article.aspx/15076
20140529,299213515,20140529,ISRAEL,ISR,LEBANON,LBN,190,재래식 군사력 사용,19,4,-10.0,1,1,1,1.82054616384915,"Capernaum, Ha?afon, Israel",IS,http://elderofziyon.blogspot.com/2014/05/0529-links-pt1-without-zionism-temple.html
20140529,299213516,20140529,ISRAEL,ISR,LEBANON,LBN,190,재래식 군사력 사용,19,4,-10.0,1,1,1,1.82054616384915,Lebanon,LE,http://elderofziyon.blogspot.com/2014/05/0529-links-pt1-without-zionism-temple.html
20140529,299213746,20140529,ISRAEL,ISR,PALESTINIAN,PSE,138,군사력 사용 위협,13,3,-7.0,2,1,2,1.16731517509728,"Jerusalem, Israel (general), Israel",IS,http://www.almanar.com.lb/english/adetails.php?eid=153965&cid=31&fromval=1
20140529,299213763,20140529,ISRAEL,ISR,PALESTINIAN,PSE,190,재래식 군사력 사용,19,4,-10.0,2,1,2,1.82054616384915,"Capernaum, Ha?afon, Israel",IS,http://elderofziyon.blogspot.com/2014/05/0529-links-pt1-without-zionism-temple.html
20140529,299213764,20140529,ISRAELI,ISR,GAZA,PSE,190,재래식 군사력 사용,19,4,-10.0,3,1,3,1.57790927021696,"Tel Aviv, Tel Aviv, Israel",IS,http://www.thenews.com.pk/Todays-News-1-252904-Drones-gain-ground-in-Israel-after-Cobra-helicopters-cut
20140529,299213765,20140529,ISRAELI,ISR,GAZA,PSE,190,재래식 군사력 사용,19,4,-10.0,2,1,2,1.57790927021696,Gaza Strip,GZ,http://www.thenews.com.pk/Todays-News-1-252904-Drones-gain-ground-in-Israel-after-Cobra-helicopters-cut
20140529,299213766,20140529,ISRAEL,ISR,WEST BANK,PSE,190,재래식 군사력 사용,19,4,-10.0,2,1,2,0.60459492140266,"Ramallah, West Bank (general), West Bank",WE,http://america.aljazeera.com/articles/2014/5/29/israel-soldier-suspended.html
20140529,299213767,20140529,ISRAEL,ISR,WEST BANK,PSE,190,재래식 군사력 사용,19,4,-10.0,2,1,2,0.60459492140266,"Jerusalem, Israel (general), Israel",IS,http://america.aljazeera.com/articles/2014/5/29/israel-soldier-suspended.html
20140529,299213768,20140529,ISRAEL,ISR,WEST BANK,PSE,190,재래식 군사력 사용,19,4,-10.0,1,1,1,0.0,"Jerusalem, Israel (general), Israel",IS,http://www.dailysabah.com/mideast/2014/05/29/israeli-forces-arrest-palestinians-inside-alaqsa-compound
20140529,299213769,20140529,ISRAELI,ISR,WEST BANK,PSE,190,재래식 군사력 사용,19,4,-10.0,2,1,2,0.0,West Bank,WE,http://www.dailysabah.com/mideast/2014/05/29/israeli-forces-arrest-palestinians-inside-alaqsa-compound
20140529,299213770,20140529,ISRAEL,ISR,WEST BANK,PSE,190,재래식 군사력 사용,19,4,-10.0,2,1,2,4.27860696517413,"Gaza, Israel (general), Israel",IS,http://www.cjnews.com/index.php?q=node/125437
20140529,299213771,20140529,ISRAELI,ISR,GAZA,PSE,190,재래식 군사력 사용,19,4,-10.0,14,3,14,3.82708561661513,"Gaza, Israel (general), Israel",IS,http://www.cjnews.com/index.php?q=node/125437
20140529,299213772,20140529,ISRAEL,ISR,GAZA,PSE,190,재래식 군사력 사용,19,4,-10.0,1,1,1,3.93120393120393,"Gaza, Israel (general), Israel",IS,http://www.salem-news.com/articles/may292014/israel-impunity.php
20140529,299213773,20140529,ISRAEL,ISR,WEST BANK,PSE,190,재래식 군사력 사용,19,4,-10.0,2,1,2,0.738916256157635,"Gaza, Israel (general), Israel",IS,http://www.worldbulletin.net/world/137641/norway-police-remove-greenpeace-activists-from-statoil-rig-in-arctic
20140529,299213774,20140529,ISRAELI,ISR,WEST BANK,PSE,190,재래식 군사력 사용,19,4,-10.0,4,1,4,0.738916256157635,West Bank,WE,http://www.worldbulletin.net/world/137641/norway-police-remove-greenpeace-activists-from-statoil-rig-in-arctic
20140529,299213775,20140529,ISRAELI,ISR,GAZA,PSE,190,재래식 군사력 사용,19,4,-10.0,2,1,2,1.57790927021696,Egypt,EG,http://www.thenews.com.pk/Todays-News-1-252904-Drones-gain-ground-in-Israel-after-Cobra-helicopters-cut
20140529,299213776,20140529,ISRAELI,ISR,GAZA,PSE,190,재래식 군사력 사용,19,4,-10.0,3,1,3,1.57790927021696,Egypt,EG,http://www.thenews.com.pk/Todays-News-1-252904-Drones-gain-ground-in-Israel-after-Cobra-helicopters-cut
20140529,299213777,20140529,ISRAEL,ISR,PALESTINE,PSE,190,재래식 군사력 사용,19,4,-10.0,18,3,18,1.38350559862188,Israel,IS,http://www.worldbulletin.net/news/137641/israel-detains-12-palestinians-in-w-bank-raids
20140529,299213778,20140529,ISRAEL,ISR,WEST BANK,PSE,190,재래식 군사력 사용,19,4,-10.0,1,1,1,0.0,Israel,IS,http://www.worldbulletin.net/news/137641/israel-detains-12-palestinians-in-w-bank-raids
20140529,299213779,20140529,ISRAELI,ISR,WEST BANK,PSE,190,재래식 군사력 사용,19,4,-10.0,2,1,2,0.0,West Bank,WE,http://www.worldbulletin.net/news/137641/israel-detains-12-palestinians-in-w-bank-raids
20140529,299213780,20140529,ISRAEL,ISR,PALESTINIAN,PSE,190,재래식 군사력 사용,19,4,-10.0,1,1,1,1.82054616384915,"Pennsylvania, United States",US,http://elderofziyon.blogspot.com/2014/05/0529-links-pt1-without-zionism-temple.html
20140529,299213781,20140529,ISRAEL,ISR,GAZA,PSE,192,영토 점령,19,4,-9.5,1,1,1,2.7027027027027,Israel,IS,http://www.timesofisrael.com/fatah-said-to-back-hamas-pm-for-parliament-speaker/
20140529,299213782,20140529,ISRAEL,ISR,PALESTINIAN,PSE,193,소형무기·경무기를 이용한 전투,19,4,-10.0,6,1,6,1.82054616384915,"Hatikva, Tel Aviv, Israel",IS,http://elderofziyon.blogspot.com/2014/05/0529-links-pt1-without-zionism-temple.html
20140529,299213783,20140529,ISRAEL,ISR,WEST BANK,PSE,193,소형무기·경무기를 이용한 전투,19,4,-10.0,4,1,4,1.82054616384915,"Hatikva, Tel Aviv, Israel",IS,http://elderofziyon.blogspot.com/2014/05/0529-links-pt1-without-zionism-temple.html
20140529,299213784,20140529,ISRAEL,ISR,WEST BANK,PSE,193,소형무기·경무기를 이용한 전투,19,4,-10.0,2,1,2,0.60459492140266,"Ramallah, West Bank (general), West Bank",WE,http://america.aljazeera.com/articles/2014/5/29/israel-soldier-suspended.html
20140529,299213785,20140529,ISRAEL,ISR,WEST BANK,PSE,193,소형무기·경무기를 이용한 전투,19,4,-10.0,2,1,2,0.60459492140266,"Jerusalem, Israel (general), Israel",IS,http://america.aljazeera.com/articles/2014/5/29/israel-soldier-suspended.html
20140529,299213786,20140529,JERUSALEM,ISR,PALESTINIAN,PSE,193,소형무기·경무기를 이용한 전투,19,4,-10.0,14,1,10,0.264550264550265,"Jerusalem, Israel (general), Israel",IS,http://www.todayonline.com/world/middle-east/israeli-soldier-suspended-after-fatal-west-bank-shootings-reports
20140529,299213787,20140529,ISRAEL,ISR,GAZA,PSE,193,소형무기·경무기를 이용한 전투,19,4,-10.0,2,1,2,0.476758045292014,"Rafah, Gaza Strip (general), Gaza Strip",GZ,http://reliefweb.int/report/occupied-palestinian-territory/weekly-report-israeli-human-rights-violations-occupied-446
20140529,299213788,20140529,ISRAELI,ISR,PALESTINIAN,PSE,193,소형무기·경무기를 이용한 전투,19,4,-10.0,1,1,1,0.293255131964809,"Gaza, Israel (general), Israel",IS,http://reliefweb.int/report/occupied-palestinian-territory/fortnight-bloodshed-leaves-two-children-dead-one-paralyzed-and
20140529,299213789,20140529,ISRAELI,ISR,GAZA,PSE,193,소형무기·경무기를 이용한 전투,19,4,-10.0,8,3,8,1.67148729897294,"Gaza, Israel (general), Israel",IS,http://reliefweb.int/report/occupied-palestinian-territory/fortnight-bloodshed-leaves-two-children-dead-one-paralyzed-and
20140529,299213790,20140529,ISRAEL,ISR,PALESTINIAN,PSE,193,소형무기·경무기를 이용한 전투,19,4,-10.0,17,4,17,0.0864567047375393,Israel,IS,http://blouinnews.com/79560/story/israel-suspends-soldier-over-west-bank-deaths
20140529,299213819,20140529,ISRAEL,ISR,PALESTINIAN,PSE,190,재래식 군사력 사용,19,4,-10.0,2,1,2,3.04568527918782,"Gaza, Israel (general), Israel",IS,http://www.israelhayom.com/site/newsletter_article.php?id=17843
20140529,299213820,20140529,ISRAEL,ISR,PALESTINIAN,PSE,190,재래식 군사력 사용,19,4,-10.0,4,2,4,3.11288759689922,Israel,IS,http://www.shalomlife.com/news/23734/israel-raids-publishing-house-printing-pro-terrorist-papers/
20140529,299213836,20140529,ISRAEL,ISR,HAMAS,PSE,190,재래식 군사력 사용,19,4,-10.0,4,1,4,3.751617076326,"Jerusalem, Israel (general), Israel",IS,http://www.israelnationalnews.com/Articles/Article.aspx/15084
20140529,299213837,20140529,ISRAELI,ISR,HAMAS,PSE,190,재래식 군사력 사용,19,4,-10.0,2,1,2,2.68336314847943,"Gaza, Israel (general), Israel",IS,http://www.southernstar.ie/News/Suffering-of-Gaza-people-highlighted-by-journalist-29052014.htm
20140529,299213838,20140529,ISRAELI,ISR,GAZA,PSE,190,재래식 군사력 사용,19,4,-10.0,12,2,12,3.50633718048573,"Gaza, Israel (general), Israel",IS,http://www.startribune.com/world/261177041.html
20140529,299213912,20140529,ISRAEL,ISR,SYRIAN,SYR,1384,재래식 군사 공격 위협,13,3,-7.0,7,1,7,3.08852576764231,"Golan Heights, Syria (general), Syria",SY,http://www.memri.org/report/en/0/0/0/0/0/0/8006.htm
20140529,299213913,20140529,ISRAEL,ISR,SYRIAN,SYR,1384,재래식 군사 공격 위협,13,3,-7.0,1,1,1,3.08852576764231,"Washington, District of Columbia, United States",US,http://www.memri.org/report/en/0/0/0/0/0/0/8006.htm
20140529,299213914,20140529,ISRAEL,ISR,SYRIA,SYR,163,금수·보이콧·제재 부과,16,4,-8.0,3,3,3,4.61898981737252,"Gaza, Israel (general), Israel",IS,http://pakobserver.net/detailnews.asp?id=242948
20140529,299213915,20140529,ISRAEL,ISR,SYRIA,SYR,163,금수·보이콧·제재 부과,16,4,-8.0,3,3,3,4.61898981737252,Syria,SY,http://pakobserver.net/detailnews.asp?id=242948
20140529,299213918,20140529,ISRAEL,ISR,SYRIAN,SYR,190,재래식 군사력 사용,19,4,-10.0,1,1,1,3.48432055749129,Syria,SY,http://www.jpost.com/Middle-East/Syrian-opposition-denies-Nasrallah-claim-it-collaborates-with-Israel-354852
20140529,299213919,20140529,ISRAEL,ISR,SYRIAN,SYR,190,재래식 군사력 사용,19,4,-10.0,1,1,1,3.48432055749129,Israel,IS,http://www.jpost.com/Middle-East/Syrian-opposition-denies-Nasrallah-claim-it-collaborates-with-Israel-354852
20140529,299213933,20140529,ISRAELI,ISR,TURK,TUR,190,재래식 군사력 사용,19,4,-10.0,2,1,2,1.43884892086331,"Anadolu, Turkey (general), Turkey",TU,"Anadolu (also known as Anatolia) news agency website, Ankara/BBC Monitoring/(c) BBC"
20140529,299214096,20140529,ISRAELI,ISR,TURK,TUR,190,재래식 군사력 사용,19,4,-10.0,6,1,6,1.43884892086331,"Anadolu, Turkey (general), Turkey",TU,"Anadolu (also known as Anatolia) news agency website, Ankara/BBC Monitoring/(c) BBC"
20140529,299214097,20140529,JERUSALEM,ISR,TURKEY,TUR,190,재래식 군사력 사용,19,4,-10.0,2,1,2,1.43884892086331,"Jerusalem, Israel (general), Israel",IS,"Anadolu (also known as Anatolia) news agency website, Ankara/BBC Monitoring/(c) BBC"
20140529,299214337,20140529,ISRAELI,ISR,IRAN,IRN,190,재래식 군사력 사용,19,4,-10.0,6,1,6,2.24215246636771,"Tel Aviv, Tel Aviv, Israel",IS,"http://www.ynetnews.com/articles/0,7340,L-4525407,00.html"
20140529,299214338,20140529,ISRAEL,ISR,IRAN,IRN,190,재래식 군사력 사용,19,4,-10.0,2,1,2,2.24215246636771,"Tehran, Tehran, Iran",IR,"http://www.ynetnews.com/articles/0,7340,L-4525407,00.html"
20140529,299214339,20140529,ISRAEL,ISR,IRAN,IRN,190,재래식 군사력 사용,19,4,-10.0,2,1,2,2.24215246636771,"Tel Aviv, Tel Aviv, Israel",IS,"http://www.ynetnews.com/articles/0,7340,L-4525407,00.html"
20140529,299214340,20140529,ISRAEL,ISR,IRAN,IRN,190,재래식 군사력 사용,19,4,-10.0,4,1,4,4.05405405405405,"Tehran, Tehran, Iran",IR,http://www.worthynews.com/13795-israeli-strike-on-iran-would-be-a-grave-mistake-while-talks-continue
20140529,299214341,20140529,ISRAELI,ISR,IRAN,IRN,190,재래식 군사력 사용,19,4,-10.0,6,1,6,4.05405405405405,Israel,IS,http://www.worthynews.com/13795-israeli-strike-on-iran-would-be-a-grave-mistake-while-talks-continue
20140529,299214375,20140529,ISRAELI,ISR,PALESTINIAN,PSE,190,재래식 군사력 사용,19,4,-10.0,3,1,3,0.60459492140266,"Jerusalem, Israel (general), Israel",IS,http://america.aljazeera.com/articles/2014/5/29/israel-soldier-suspended.html
20140529,299214376,20140529,ISRAELI,ISR,GAZA,PSE,190,재래식 군사력 사용,19,4,-10.0,2,1,2,3.93120393120393,"Gaza, Israel (general), Israel",IS,http://www.salem-news.com/articles/may292014/israel-impunity.php
20140529,299214377,20140529,ISRAELI,ISR,PALESTINIAN,PSE,193,소형무기·경무기를 이용한 전투,19,4,-10.0,2,1,2,0.0,"Gaza, Israel (general), Israel",IS,http://english.farsnews.com/newstext.aspx?nn=13930307001275
20140529,299214378,20140529,ISRAELI,ISR,PALESTINIAN,PSE,193,소형무기·경무기를 이용한 전투,19,4,-10.0,2,1,2,0.0,Israel,IS,http://www.bayoubuzz.com/top-stories/item/677568-source-israel-suspends-soldier-after-2-palestinians-die-in-shooting
20140529,299214404,20140529,ISRAEL,ISR,PALESTINIAN,PSE,163,금수·보이콧·제재 부과,16,4,-8.0,4,1,4,1.0,"Tel Aviv, Tel Aviv, Israel",IS,http://desertpeace.wordpress.com/2014/05/29/justin-timberlake-wails-at-the-wall/
20140529,299215210,20140529,JORDANIAN,JOR,IRANIAN,IRN,190,재래식 군사력 사용,19,4,-10.0,3,1,3,1.7208413001912,"Houston, Texas, United States",US,http://timesleader.com/news/apbusiness/407247481375121/Man-accused-in-Iranians-death-depicted-as-violent
20140529,299215353,20140529,JORDAN,JOR,SYRIA,SYR,190,재래식 군사력 사용,19,4,-10.0,2,1,2,0.0,"Idlib, Idlib, Syria",SY,http://www.kuna.net.kw/ArticleDetails.aspx?id=2379767&Language=en
20140529,299215361,20140529,JORDAN,JOR,SYRIA,SYR,138,군사력 사용 위협,13,3,-7.0,1,1,1,3.33333333333333,"Damascus, Dimashq, Syria",SY,http://www.swissinfo.ch/eng/news/international/Jordan_expels_Syrian_ambassador_over_critical_comments.html?cid=38662498
20140529,299215362,20140529,JORDAN,JOR,SYRIA,SYR,138,군사력 사용 위협,13,3,-7.0,1,1,1,3.33333333333333,"Damascus, Dimashq, Syria",SY,http://www.swissinfo.ch/eng/news/international/Jordan_expels_Syrian_ambassador_over_critical_comments.html?cid=38662498
20140529,299215363,20140529,JORDAN,JOR,SYRIA,SYR,190,재래식 군사력 사용,19,4,-10.0,1,1,1,3.33333333333333,"Damascus, Dimashq, Syria",SY,http://www.swissinfo.ch/eng/news/international/Jordan_expels_Syrian_ambassador_over_critical_comments.html?cid=38662498
20140529,299215364,20140529,JORDAN,JOR,SYRIA,SYR,190,재래식 군사력 사용,19,4,-10.0,1,1,1,3.33333333333333,"Damascus, Dimashq, Syria",SY,http://www.swissinfo.ch/eng/news/international/Jordan_expels_Syrian_ambassador_over_critical_comments.html?cid=38662498
20140529,299215412,20140529,HASSAN,JOR,EGYPT,EGY,193,소형무기·경무기를 이용한 전투,19,4,-10.0,1,1,1,3.43461030383091,"Giza, Al Jizah, Egypt",EG,http://weekly.ahram.org.eg/News/6367/17/Safety-first.aspx/RK=0
20140529,299215479,20140529,AMMAN,JOR,SYRIAN,SYR,190,재래식 군사력 사용,19,4,-10.0,1,1,1,0.0,"Idlib, Idlib, Syria",SY,http://www.kuna.net.kw/ArticleDetails.aspx?id=2379767&Language=en
20140529,299222507,20140529,LEBANON,LBN,ISRAEL,ISR,190,재래식 군사력 사용,19,4,-10.0,2,1,2,3.31491712707182,"Jerusalem, Israel (general), Israel",IS,http://www.smh.com.au/national/people/new-israeli-ambassador-jumped-out-of-planes-20140529-zrqjo.html
20140529,299222508,20140529,LEBANON,LBN,ISRAEL,ISR,190,재래식 군사력 사용,19,4,-10.0,2,1,2,3.31491712707182,Lebanon,LE,http://www.smh.com.au/national/people/new-israeli-ambassador-jumped-out-of-planes-20140529-zrqjo.html
20140529,299222509,20140529,LEBANESE,LBN,ISRAELI,ISR,190,재래식 군사력 사용,19,4,-10.0,7,1,5,2.77929155313352,Israel,IS,http://www.naharnet.com/stories/en/132762-amin-withdraws-from-stl-contempt-case-initial-appearance-in-protest-against-proceedings
20140529,299222510,20140529,LEBANON,LBN,ISRAEL,ISR,190,재래식 군사력 사용,19,4,-10.0,3,1,2,2.77929155313352,Lebanon,LE,http://www.naharnet.com/stories/en/132762-amin-withdraws-from-stl-contempt-case-initial-appearance-in-protest-against-proceedings
20140529,299222511,20140529,LEBANESE,LBN,ISRAELI,ISR,190,재래식 군사력 사용,19,4,-10.0,5,1,5,2.77929155313352,Lebanon,LE,http://www.naharnet.com/stories/en/132762-amin-withdraws-from-stl-contempt-case-initial-appearance-in-protest-against-proceedings
20140529,299222512,20140529,LEBANESE,LBN,ISRAELI,ISR,190,재래식 군사력 사용,19,4,-10.0,1,1,1,2.77929155313352,"Montana, United States",US,http://www.naharnet.com/stories/en/132762-amin-withdraws-from-stl-contempt-case-initial-appearance-in-protest-against-proceedings
20140529,299222513,20140529,LEBANON,LBN,ISRAELI,ISR,193,소형무기·경무기를 이용한 전투,19,4,-10.0,10,1,10,2.27722772277228,"Golan Heights, Syria (general), Syria",SY,http://www.jpost.com/Features/Front-Lines/Behind-the-Lines-A-most-discreet-Israeli-intervention-in-Syria-354848
20140529,299222514,20140529,LEBANON,LBN,ISRAEL,ISR,194,포병·전차를 이용한 전투,19,4,-10.0,2,1,2,3.25149303251493,"Gaza, Israel (general), Israel",IS,http://www.israelnationalnews.com/Articles/Article.aspx/15076
20140529,299222515,20140529,LEBANON,LBN,ISRAEL,ISR,194,포병·전차를 이용한 전투,19,4,-10.0,2,1,2,3.25149303251493,"Gaza, Israel (general), Israel",IS,http://www.israelnationalnews.com/Articles/Article.aspx/15076
20140529,299222678,20140529,LEBANESE,LBN,SYRIAN,SYR,190,재래식 군사력 사용,19,4,-10.0,2,1,2,2.03488372093023,"Aleppo, ?alab, Syria",SY,http://www.mercurynews.com/breaking-news/ci_25848748/syrians-abroad-vote-presidential-election
20140529,299222679,20140529,LEBANESE,LBN,SYRIAN,SYR,190,재래식 군사력 사용,19,4,-10.0,2,1,2,2.53807106598985,"Beirut, Beyrouth, Lebanon",LE,http://www.aldergrovestar.com/national/260928151.html
20140529,299222680,20140529,LEBANESE,LBN,SYRIAN,SYR,190,재래식 군사력 사용,19,4,-10.0,4,1,4,0.0,"Beirut, Beyrouth, Lebanon",LE,http://www.khaleejtimes.com/kt-article-display-1.asp?xfile=data/middleeast/2014/May/middleeast_May243.xml&section=middleeast
20140529,299222681,20140529,LEBANESE,LBN,SYRIAN,SYR,190,재래식 군사력 사용,19,4,-10.0,6,1,6,0.0,Syria,SY,http://www.khaleejtimes.com/kt-article-display-1.asp?xfile=data/middleeast/2014/May/middleeast_May243.xml&section=middleeast
20140529,299222682,20140529,LEBANON,LBN,DAMASCUS,SYR,190,재래식 군사력 사용,19,4,-10.0,4,1,4,2.24119530416222,"Damascus, Dimashq, Syria",SY,http://weekly.ahram.org.eg/News/6345/19/The-Iranian-connection.aspx
20140529,299222683,20140529,LEBANESE,LBN,SYRIAN,SYR,190,재래식 군사력 사용,19,4,-10.0,6,1,6,3.47349177330896,Syria,SY,http://www.morningstaronline.co.uk/a-a0c3-World-in-Brief-300514/RK=0
20140529,299222684,20140529,LEBANON,LBN,DAMASCUS,SYR,190,재래식 군사력 사용,19,4,-10.0,4,1,4,2.24119530416222,"Damascus, Dimashq, Syria",SY,http://weekly.ahram.org.eg/News/6345/19/The-Iranian-connection.aspx
20140529,299222685,20140529,LEBANON,LBN,SYRIAN,SYR,190,재래식 군사력 사용,19,4,-10.0,2,1,2,2.71356783919598,"Jerusalem, Israel (general), Israel",IS,"Al-Sharq al-Awsat website, London/BBC Monitoring/(c) BBC"
20140529,299222686,20140529,LEBANON,LBN,SYRIAN,SYR,190,재래식 군사력 사용,19,4,-10.0,2,1,2,2.71356783919598,Syria,SY,"Al-Sharq al-Awsat website, London/BBC Monitoring/(c) BBC"
20140529,299222687,20140529,LEBANESE,LBN,SYRIAN,SYR,190,재래식 군사력 사용,19,4,-10.0,2,1,2,3.47349177330896,"Yarze, Mont-Liban, Lebanon",LE,http://www.morningstaronline.co.uk/a-a0c3-World-in-Brief-300514/RK=0
20140529,299222688,20140529,BEIRUT,LBN,SYRIA,SYR,190,재래식 군사력 사용,19,4,-10.0,5,2,5,3.05937682860788,Syria,SY,http://www.ndtv.com/article/world/18-hurt-as-car-bomb-hits-hezbollah-stronghold-in-beirut-389802?curl=1401347823
20140529,299222689,20140529,BEIRUT,LBN,SYRIAN,SYR,191,봉쇄·이동 제한,19,4,-9.5,3,3,3,1.55026997831272,"Beirut, Beyrouth, Lebanon",LE,"The Daily Star website, Beirut/BBC Monitoring/(c) BBC"
20140529,299222690,20140529,BEIRUT,LBN,SYRIAN,SYR,191,봉쇄·이동 제한,19,4,-9.5,21,3,21,1.55026997831272,"Beirut, Beyrouth, Lebanon",LE,"The Daily Star website, Beirut/BBC Monitoring/(c) BBC"
20140529,299222691,20140529,LEBANON,LBN,SYRIAN,SYR,191,봉쇄·이동 제한,19,4,-9.5,3,3,3,1.55026997831272,"Beirut, Beyrouth, Lebanon",LE,"The Daily Star website, Beirut/BBC Monitoring/(c) BBC"
20140529,299222692,20140529,LEBANON,LBN,SYRIAN,SYR,191,봉쇄·이동 제한,19,4,-9.5,3,3,3,1.55026997831272,"Beirut, Beyrouth, Lebanon",LE,"The Daily Star website, Beirut/BBC Monitoring/(c) BBC"
20140529,299222693,20140529,BEIRUT,LBN,SYRIAN,SYR,194,포병·전차를 이용한 전투,19,4,-10.0,8,1,8,3.07692307692308,Syria,SY,"The Daily Star website, Beirut/BBC Monitoring/(c) BBC"
20140529,299222694,20140529,BEIRUT,LBN,SYRIAN,SYR,194,포병·전차를 이용한 전투,19,4,-10.0,2,1,2,3.07692307692308,"Arsal, Mohafazat Baalbek-Hermel, Lebanon",LE,"The Daily Star website, Beirut/BBC Monitoring/(c) BBC"
20140529,299222695,20140529,LEBANESE,LBN,SYRIAN,SYR,190,재래식 군사력 사용,19,4,-10.0,6,1,6,2.03488372093023,"Aleppo, ?alab, Syria",SY,http://www.mercurynews.com/breaking-news/ci_25848748/syrians-abroad-vote-presidential-election
20140529,299222696,20140529,LEBANESE,LBN,SYRIAN,SYR,190,재래식 군사력 사용,19,4,-10.0,6,1,6,2.53807106598985,"Beirut, Beyrouth, Lebanon",LE,http://www.aldergrovestar.com/national/260928151.html
20140529,299222705,20140529,LEBANON,LBN,DAMASCUS,SYR,190,재래식 군사력 사용,19,4,-10.0,12,1,12,2.24119530416222,"Damascus, Dimashq, Syria",SY,http://weekly.ahram.org.eg/News/6345/19/The-Iranian-connection.aspx
20140529,299222707,20140529,BEIRUT,LBN,SYRIAN,SYR,190,재래식 군사력 사용,19,4,-10.0,18,1,18,1.49409586168479,Syria,SY,http://nvonews.com/largest-pakistani-taliban-group-splinters-from-ttp/
20140529,299222708,20140529,BEIRUT,LBN,SYRIA,SYR,190,재래식 군사력 사용,19,4,-10.0,2,1,2,2.0703933747412,"Beirut, Beyrouth, Lebanon",LE,http://nvonews.com/largest-pakistani-taliban-group-splinters-from-ttp/
20140529,299222798,20140529,LEBANON,LBN,ISRAEL,ISR,190,재래식 군사력 사용,19,4,-10.0,1,1,1,1.82054616384915,"Capernaum, Ha?afon, Israel",IS,http://elderofziyon.blogspot.com/2014/05/0529-links-pt1-without-zionism-temple.html
20140529,299222799,20140529,LEBANON,LBN,ISRAEL,ISR,190,재래식 군사력 사용,19,4,-10.0,1,1,1,1.82054616384915,Lebanon,LE,http://elderofziyon.blogspot.com/2014/05/0529-links-pt1-without-zionism-temple.html
20140529,299242026,20140529,GAZA,PSE,EGYPTIAN,EGY,193,소형무기·경무기를 이용한 전투,19,4,-10.0,2,1,2,3.19634703196347,"Gaza, Israel (general), Israel",IS,http://www.alternativenews.org/english/index.php/features/human-rights/8102-one-palestinian-injured-three-arrested-off-gaza-coast
20140529,299242166,20140529,PALESTINIAN,PSE,ISRAELI,ISR,138,군사력 사용 위협,13,3,-7.0,1,1,1,1.16731517509728,"Jerusalem, Israel (general), Israel",IS,http://www.almanar.com.lb/english/adetails.php?eid=153965&cid=31&fromval=1
20140529,299242183,20140529,PALESTINIAN,PSE,ISRAEL,ISR,190,재래식 군사력 사용,19,4,-10.0,2,1,2,1.82054616384915,"Capernaum, Ha?afon, Israel",IS,http://elderofziyon.blogspot.com/2014/05/0529-links-pt1-without-zionism-temple.html
20140529,299242184,20140529,PALESTINIAN,PSE,ISRAEL,ISR,190,재래식 군사력 사용,19,4,-10.0,3,1,3,2.89247955316178,"Netanya, HaMerkaz, Israel",IS,http://www.economist.com/blogs/pomegranate/2014/05/israel-and-pope-0
20140529,299242185,20140529,WEST BANK,PSE,JERUSALEM,ISR,190,재래식 군사력 사용,19,4,-10.0,6,1,6,2.78810408921933,"Jerusalem, Israel (general), Israel",IS,Quotes package from BBC Monitoring/BBC Monitoring/(c) BBC
20140529,299242186,20140529,PALESTINIAN,PSE,ISRAELI,ISR,190,재래식 군사력 사용,19,4,-10.0,11,5,11,1.63910475059234,"Jerusalem, Israel (general), Israel",IS,"Anadolu (also known as Anatolia) news agency website, Ankara/BBC Monitoring/(c) BBC"
20140529,299242187,20140529,PALESTINIAN,PSE,ISRAEL,ISR,190,재래식 군사력 사용,19,4,-10.0,1,1,1,1.82054616384915,"Pennsylvania, United States",US,http://elderofziyon.blogspot.com/2014/05/0529-links-pt1-without-zionism-temple.html
20140529,299242188,20140529,PALESTINIAN,PSE,ISRAELI,ISR,193,소형무기·경무기를 이용한 전투,19,4,-10.0,4,1,4,0.476758045292014,"Rafah, Gaza Strip (general), Gaza Strip",GZ,http://reliefweb.int/report/occupied-palestinian-territory/weekly-report-israeli-human-rights-violations-occupied-446
20140529,299242189,20140529,GAZA,PSE,ISRAEL,ISR,193,소형무기·경무기를 이용한 전투,19,4,-10.0,2,1,2,3.19634703196347,"Gaza, Israel (general), Israel",IS,http://www.alternativenews.org/english/index.php/features/human-rights/8102-one-palestinian-injured-three-arrested-off-gaza-coast
20140529,299242190,20140529,PALESTINIAN,PSE,ISRAEL,ISR,193,소형무기·경무기를 이용한 전투,19,4,-10.0,2,1,2,0.476758045292014,"Jerusalem, Israel (general), Israel",IS,http://reliefweb.int/report/occupied-palestinian-territory/weekly-report-israeli-human-rights-violations-occupied-446
20140529,299242191,20140529,GAZA,PSE,ISRAEL,ISR,194,포병·전차를 이용한 전투,19,4,-10.0,4,1,4,3.25149303251493,"Jerusalem, Israel (general), Israel",IS,http://www.israelnationalnews.com/Articles/Article.aspx/15076
20140529,299242206,20140529,PALESTINIAN,PSE,ISRAELI,ISR,138,군사력 사용 위협,13,3,-7.0,6,1,6,2.78810408921933,"Jerusalem, Israel (general), Israel",IS,Quotes package from BBC Monitoring/BBC Monitoring/(c) BBC
20140529,299242218,20140529,PALESTINIAN,PSE,ISRAEL,ISR,163,금수·보이콧·제재 부과,16,4,-8.0,4,1,4,1.0,"Tel Aviv, Tel Aviv, Israel",IS,http://desertpeace.wordpress.com/2014/05/29/justin-timberlake-wails-at-the-wall/
20140529,299242244,20140529,GAZA,PSE,LEBANON,LBN,194,포병·전차를 이용한 전투,19,4,-10.0,2,1,2,3.25149303251493,"Jerusalem, Israel (general), Israel",IS,http://www.israelnationalnews.com/Articles/Article.aspx/15076
20140529,299242318,20140529,PALESTINIAN,PSE,TURKISH,TUR,190,재래식 군사력 사용,19,4,-10.0,1,1,1,1.43884892086331,"Jerusalem, Israel (general), Israel",IS,"Anadolu (also known as Anatolia) news agency website, Ankara/BBC Monitoring/(c) BBC"
20140529,299242319,20140529,PALESTINIAN,PSE,TURKISH,TUR,190,재래식 군사력 사용,19,4,-10.0,4,1,4,1.43884892086331,"Jerusalem, Israel (general), Israel",IS,"Anadolu (also known as Anatolia) news agency website, Ankara/BBC Monitoring/(c) BBC"
20140529,299242407,20140529,PALESTINIAN,PSE,ISRAEL,ISR,190,재래식 군사력 사용,19,4,-10.0,2,1,2,0.264550264550265,"Jerusalem, Israel (general), Israel",IS,http://www.todayonline.com/world/middle-east/israeli-soldier-suspended-after-fatal-west-bank-shootings-reports
20140529,299242434,20140529,WEST BANK,PSE,ISRAEL,ISR,190,재래식 군사력 사용,19,4,-10.0,8,1,8,2.91545189504373,"Gaza, Israel (general), Israel",IS,http://honestreporting.com/israel-daily-news-stream-05292014/
20140529,299242551,20140529,HAMAS,PSE,TURKISH,TUR,138,군사력 사용 위협,13,3,-7.0,3,1,3,2.66666666666667,Turkey,TU,http://www.israelnationalnews.com/Radio/News.aspx/5414
20140529,299242556,20140529,HAMAS,PSE,ISRAEL,ISR,194,포병·전차를 이용한 전투,19,4,-10.0,10,1,10,3.3195020746888,"Gaza, Israel (general), Israel",IS,http://www.upi.com/Top_News/World-News/2014/05/29/Abbas-asks-for-new-Palestinian-government/9671401383655/
20140529,299242998,20140529,QATAR,QAT,ISRAEL,ISR,190,재래식 군사력 사용,19,4,-10.0,4,1,4,0.342465753424658,"Kasserine, Al Qasrayn, Tunisia",TS,http://thepeninsulaqatar.com/news/middle-east/285648/israel-troops-raid-palestinian-newspaper-offices
20140529,299243011,20140529,QATAR,QAT,PALESTINIAN,PSE,190,재래식 군사력 사용,19,4,-10.0,4,1,4,0.342465753424658,"Kasserine, Al Qasrayn, Tunisia",TS,http://thepeninsulaqatar.com/news/middle-east/285648/israel-troops-raid-palestinian-newspaper-offices
20140529,299243012,20140529,QATAR,QAT,PALESTINIAN,PSE,190,재래식 군사력 사용,19,4,-10.0,2,1,2,0.342465753424658,"Kasserine, Al Qasrayn, Tunisia",TS,http://thepeninsulaqatar.com/news/middle-east/285648/israel-troops-raid-palestinian-newspaper-offices
20140529,299250611,20140529,SYRIA,SYR,IRANIAN,IRN,190,재래식 군사력 사용,19,4,-10.0,4,1,4,2.68292682926829,"Damascus, Dimashq, Syria",SY,http://www.payvand.com/news/14/may/1165.html
20140529,299250612,20140529,SYRIA,SYR,IRAN,IRN,190,재래식 군사력 사용,19,4,-10.0,2,1,2,1.93798449612403,Iran,IR,http://www.israelnationalnews.com/News/News.aspx/181205
20140529,299250613,20140529,SYRIA,SYR,IRAN,IRN,190,재래식 군사력 사용,19,4,-10.0,1,1,1,2.68292682926829,"Mohammad Jamali, Bushehr, Iran",IR,http://www.payvand.com/news/14/may/1165.html
20140529,299250614,20140529,SYRIAN,SYR,IRANIAN,IRN,190,재래식 군사력 사용,19,4,-10.0,1,1,1,3.78698224852071,Syria,SY,http://www.breitbart.com/Breitbart-London/2014/05/29/Leaders-of-Iranian-and-Syrian-opposition-movements-meet-in-Paris
20140529,299250615,20140529,SYRIA,SYR,IRAN,IRN,190,재래식 군사력 사용,19,4,-10.0,8,1,8,1.93798449612403,Iran,IR,http://www.israelnationalnews.com/News/News.aspx/181205
20140529,299250616,20140529,SYRIAN,SYR,IRANIAN,IRN,190,재래식 군사력 사용,19,4,-10.0,5,1,5,3.78698224852071,"Isfahan, Esfahan, Iran",IR,http://www.breitbart.com/Breitbart-London/2014/05/29/Leaders-of-Iranian-and-Syrian-opposition-movements-meet-in-Paris
20140529,299250617,20140529,SYRIA,SYR,IRAN,IRN,190,재래식 군사력 사용,19,4,-10.0,2,1,2,3.78698224852071,"Isfahan, Esfahan, Iran",IR,http://www.breitbart.com/Breitbart-London/2014/05/29/Leaders-of-Iranian-and-Syrian-opposition-movements-meet-in-Paris
20140529,299250703,20140529,SYRIA,SYR,JORDAN,JOR,190,재래식 군사력 사용,19,4,-10.0,2,1,2,0.0,"Damascus, Dimashq, Syria",SY,http://www.kuna.net.kw/ArticleDetails.aspx?id=2379767&Language=en
20140529,299250704,20140529,SYRIA,SYR,JORDAN,JOR,190,재래식 군사력 사용,19,4,-10.0,2,1,2,0.0,"Amman, (JO11), Jordan",JO,http://www.kuna.net.kw/ArticleDetails.aspx?id=2379767&Language=en
20140529,299250712,20140529,SYRIAN,SYR,AMMAN,JOR,190,재래식 군사력 사용,19,4,-10.0,1,1,1,0.0,"Damascus, Dimashq, Syria",SY,http://www.kuna.net.kw/ArticleDetails.aspx?id=2379767&Language=en
20140529,299250713,20140529,SYRIA,SYR,JORDAN,JOR,190,재래식 군사력 사용,19,4,-10.0,1,1,1,0.0,"Amman, (JO11), Jordan",JO,http://www.kuna.net.kw/ArticleDetails.aspx?id=2379767&Language=en
20140529,299250714,20140529,SYRIA,SYR,JORDAN,JOR,190,재래식 군사력 사용,19,4,-10.0,1,1,1,0.0,"Amman, (JO11), Jordan",JO,http://www.kuna.net.kw/ArticleDetails.aspx?id=2379767&Language=en
20140529,299250766,20140529,SYRIA,SYR,LEBANON,LBN,163,금수·보이콧·제재 부과,16,4,-8.0,10,1,10,3.40136054421769,Syria,SY,http://www.dailystar.com.lb/News/Lebanon-News/2014/May-29/258144-eu-extends-syria-economic-sanctions-until-june-2015-statement.ashx
20140529,299250769,20140529,DAMASCUS,SYR,LEBANON,LBN,190,재래식 군사력 사용,19,4,-10.0,4,1,4,2.24119530416222,"Damascus, Dimashq, Syria",SY,http://weekly.ahram.org.eg/News/6345/19/The-Iranian-connection.aspx
20140529,299250770,20140529,SYRIAN,SYR,LEBANESE,LBN,190,재래식 군사력 사용,19,4,-10.0,10,1,10,0.0,Syria,SY,http://www.khaleejtimes.com/kt-article-display-1.asp?xfile=data/middleeast/2014/May/middleeast_May243.xml&section=middleeast
20140529,299250771,20140529,DAMASCUS,SYR,LEBANON,LBN,190,재래식 군사력 사용,19,4,-10.0,4,1,4,2.24119530416222,"Damascus, Dimashq, Syria",SY,http://weekly.ahram.org.eg/News/6345/19/The-Iranian-connection.aspx
20140529,299250772,20140529,SYRIAN,SYR,LEBANESE,LBN,190,재래식 군사력 사용,19,4,-10.0,6,1,6,3.47349177330896,Syria,SY,http://www.morningstaronline.co.uk/a-a0c3-World-in-Brief-300514/RK=0
20140529,299250773,20140529,SYRIAN,SYR,LEBANESE,LBN,190,재래식 군사력 사용,19,4,-10.0,2,1,2,3.47349177330896,"Yarze, Mont-Liban, Lebanon",LE,http://www.morningstaronline.co.uk/a-a0c3-World-in-Brief-300514/RK=0
20140529,299250774,20140529,SYRIA,SYR,LEBANON,LBN,190,재래식 군사력 사용,19,4,-10.0,2,1,2,3.47349177330896,Syria,SY,http://www.morningstaronline.co.uk/a-a0c3-World-in-Brief-300514/RK=0
20140529,299250775,20140529,SYRIAN,SYR,LEBANON,LBN,194,포병·전차를 이용한 전투,19,4,-10.0,2,1,2,3.07692307692308,Syria,SY,"The Daily Star website, Beirut/BBC Monitoring/(c) BBC"
20140529,299250776,20140529,SYRIAN,SYR,LEBANON,LBN,194,포병·전차를 이용한 전투,19,4,-10.0,6,1,6,3.07692307692308,Syria,SY,"The Daily Star website, Beirut/BBC Monitoring/(c) BBC"
20140529,299250777,20140529,SYRIA,SYR,LEBANESE,LBN,190,재래식 군사력 사용,19,4,-10.0,28,4,28,1.62633008527935,"Beirut, Beyrouth, Lebanon",LE,http://www.newstimes.com/news/world/article/Syrians-abroad-vote-ahead-of-national-election-5508863.php
20140529,299250778,20140529,SYRIA,SYR,LEBANESE,LBN,190,재래식 군사력 사용,19,4,-10.0,21,3,21,1.63495319821527,"Yarze, Mont-Liban, Lebanon",LE,http://www.thonline.com/news/national_world/article_afc7d7c4-a398-5ea7-89f9-2ecd0c32eb1e.html
20140529,299250779,20140529,SYRIA,SYR,LEBANON,LBN,190,재래식 군사력 사용,19,4,-10.0,2,2,2,1.665802462023,"Aleppo, ?alab, Syria",SY,http://www.theday.com/article/20140529/NWS14/305299421/1044&c=VuzB-IFwWaeRLH_ArQ3kCUwEmDAc05XfbaKyC6HllRU&mkt=en-us
20140529,299250780,20140529,SYRIA,SYR,LEBANON,LBN,190,재래식 군사력 사용,19,4,-10.0,4,4,4,1.62633008527935,"Beirut, Beyrouth, Lebanon",LE,http://www.newstimes.com/news/world/article/Syrians-abroad-vote-ahead-of-national-election-5508863.php
20140529,299250781,20140529,SYRIA,SYR,LEBANON,LBN,190,재래식 군사력 사용,19,4,-10.0,1,1,1,1.5732546705998,"Yarze, Mont-Liban, Lebanon",LE,http://www.thonline.com/news/national_world/article_afc7d7c4-a398-5ea7-89f9-2ecd0c32eb1e.html
20140529,299251236,20140529,DAMASCUS,SYR,LEBANON,LBN,190,재래식 군사력 사용,19,4,-10.0,12,1,12,2.24119530416222,"Damascus, Dimashq, Syria",SY,http://weekly.ahram.org.eg/News/6345/19/The-Iranian-connection.aspx
20140529,299251289,20140529,SYRIA,SYR,JORDANIAN,JOR,138,군사력 사용 위협,13,3,-7.0,7,1,7,4.09937888198758,"Amman, (JO11), Jordan",JO,http://www.deseretnews.com/article/765654006/Jordan-expels-Syrian-ambassador.html?pg=all
20140529,299251290,20140529,SYRIA,SYR,JORDAN,JOR,138,군사력 사용 위협,13,3,-7.0,1,1,1,4.09937888198758,Syria,SY,http://www.deseretnews.com/article/765654006/Jordan-expels-Syrian-ambassador.html?pg=all
20140529,299252652,20140529,TURK,TUR,ISRAELI,ISR,190,재래식 군사력 사용,19,4,-10.0,2,1,2,1.43884892086331,"Jerusalem, Israel (general), Israel",IS,"Anadolu (also known as Anatolia) news agency website, Ankara/BBC Monitoring/(c) BBC"
20140529,299252654,20140529,TURKEY,TUR,JERUSALEM,ISR,190,재래식 군사력 사용,19,4,-10.0,2,1,2,1.43884892086331,"Jerusalem, Israel (general), Israel",IS,"Anadolu (also known as Anatolia) news agency website, Ankara/BBC Monitoring/(c) BBC"
20140529,299252655,20140529,TURK,TUR,ISRAELI,ISR,190,재래식 군사력 사용,19,4,-10.0,6,1,6,1.43884892086331,"Jerusalem, Israel (general), Israel",IS,"Anadolu (also known as Anatolia) news agency website, Ankara/BBC Monitoring/(c) BBC"
20140529,299252837,20140529,TURK,TUR,SYRIAN,SYR,190,재래식 군사력 사용,19,4,-10.0,10,1,10,1.23239436619718,Syria,SY,http://en.cihan.com.tr/news/Young-Syrian-filmmaker-remembered-by-films-after-death_5083-CHMTQ0NTA4My80
20140529,299283904,20140529,YEMEN,YEM,IRAQ,IRQ,190,재래식 군사력 사용,19,4,-10.0,8,1,8,2.5130890052356,"Kabul, Kabol, Afghanistan",AF,http://www.economist.com/news/united-states/21603063-president-explains-what-america-should-do-its-armed-forces-war-terror-part?zid=309&ah=80dcf288b8561b012f603b9fd9577f0e&c=bPPpOKPehFZEt7J4p15mFsdit4yS2J7JTqHt0UHQVHw&mkt=en-us
20140529,299283905,20140529,YEMEN,YEM,IRAQ,IRQ,190,재래식 군사력 사용,19,4,-10.0,4,1,4,2.5130890052356,"Kabul, Kabol, Afghanistan",AF,http://www.economist.com/news/united-states/21603063-president-explains-what-america-should-do-its-armed-forces-war-terror-part?zid=309&ah=80dcf288b8561b012f603b9fd9577f0e&c=bPPpOKPehFZEt7J4p15mFsdit4yS2J7JTqHt0UHQVHw&mkt=en-us
20140530,299351093,20140530,TEHRAN,IRN,IRAQ,IRQ,192,영토 점령,19,4,-9.5,3,1,3,5.38033395176252,Iraq,IZ,http://www.dailystar.com.lb/Opinion/Commentary/2014/May-31/258338-the-united-states-faces-stark-choices-in-syria.ashx
20140530,299351098,20140530,TEHRAN,IRN,TEL AVIV,ISR,138,군사력 사용 위협,13,3,-7.0,10,1,10,0.906344410876133,"Geneva, Genè, Switzerland",SZ,http://en.trend.az/regions/iran/2279994.html
20140530,299351099,20140530,IRANIAN,IRN,ISRAEL,ISR,138,군사력 사용 위협,13,3,-7.0,10,1,10,3.35820895522388,Iran,IR,http://www.timesofisrael.com/iranian-general-vows-to-destroy-israel-if-us-attacks/
20140530,299351100,20140530,IRANIAN,IRN,ISRAEL,ISR,138,군사력 사용 위협,13,3,-7.0,10,1,10,3.35820895522388,Iran,IR,http://www.timesofisrael.com/iranian-general-vows-to-destroy-israel-if-us-attacks/
20140530,299351101,20140530,IRAN,IRN,ISRAEL,ISR,190,재래식 군사력 사용,19,4,-10.0,1,1,1,1.5748031496063,"Tehran, Tehran, Iran",IR,"Al-Hayat website, London/BBC Monitoring/(c) BBC"
20140530,299351102,20140530,TEHRAN,IRN,TEL AVIV,ISR,190,재래식 군사력 사용,19,4,-10.0,8,1,8,0.906344410876133,"Tel Aviv, Tel Aviv, Israel",IS,http://en.trend.az/regions/iran/2279994.html
20140530,299351103,20140530,TEHRAN,IRN,TEL AVIV,ISR,190,재래식 군사력 사용,19,4,-10.0,2,1,2,0.906344410876133,"Tehran, Tehran, Iran",IR,http://en.trend.az/regions/iran/2279994.html
20140530,299351104,20140530,IRAN,IRN,ISRAELI,ISR,190,재래식 군사력 사용,19,4,-10.0,7,1,7,1.5748031496063,"Gaza, Israel (general), Israel",IS,"Al-Hayat website, London/BBC Monitoring/(c) BBC"
20140530,299351301,20140530,IRANIAN,IRN,SYRIA,SYR,190,재래식 군사력 사용,19,4,-10.0,4,1,4,2.99600532623169,"Tehran, Tehran, Iran",IR,http://www.csmonitor.com/World/Middle-East/2014/0530/Behind-Syrian-regime-a-familiar-US-adversary-Iran
20140530,299351311,20140530,IRAN,IRN,TURKEY,TUR,190,재래식 군사력 사용,19,4,-10.0,2,1,2,2.61682242990654,"Ankara, Ankara, Turkey",TU,"Radikal website, Istanbul/BBC Monitoring/(c) BBC"
20140530,299351312,20140530,IRAN,IRN,TURKEY,TUR,190,재래식 군사력 사용,19,4,-10.0,8,1,8,2.61682242990654,"Tel Aviv, Tel Aviv, Israel",IS,"Radikal website, Istanbul/BBC Monitoring/(c) BBC"
20140530,299351747,20140530,BAGHDAD,IRQ,KURDISTAN,IRN,163,금수·보이콧·제재 부과,16,4,-8.0,8,1,8,1.31950989632422,"Baghdad, Baghdad, Iraq",IZ,http://www.al-monitor.com/pulse/originals/2014/05/iraq-erbil-decision-export-oil-baghdad-government-formation.html
20140530,299351748,20140530,BAGHDAD,IRQ,KURDISTAN,IRN,163,금수·보이콧·제재 부과,16,4,-8.0,2,1,2,1.31950989632422,"Baghdad, Baghdad, Iraq",IZ,http://www.al-monitor.com/pulse/originals/2014/05/iraq-erbil-decision-export-oil-baghdad-government-formation.html
20140530,299352354,20140530,ISRAELI,ISR,EGYPTIAN,EGY,192,영토 점령,19,4,-9.5,2,1,2,1.91780821917808,"Jerusalem, Israel (general), Israel",IS,http://news.sudanvisiondaily.com/article.html?rsnpaid=1641
20140530,299352355,20140530,ISRAELI,ISR,EGYPTIAN,EGY,192,영토 점령,19,4,-9.5,2,1,2,1.91780821917808,"Jerusalem, Israel (general), Israel",IS,http://news.sudanvisiondaily.com/article.html?rsnpaid=1641
20140530,299352533,20140530,ISRAELI,ISR,LEBANON,LBN,193,소형무기·경무기를 이용한 전투,19,4,-10.0,10,1,10,2.28102189781022,"Golan Heights, Syria (general), Syria",SY,http://www.meforum.org/3835/a-most-discreet-israeli-intervention-in-syria
20140530,299352716,20140530,ISRAEL,ISR,PALESTINIAN,PSE,190,재래식 군사력 사용,19,4,-10.0,5,1,5,1.4446227929374,Lebanon,LE,http://www.naharnet.com/stories/en/132939-al-rahi-says-lebanese-who-fled-to-israel-are-not-criminals-urges-reconciliation
20140530,299352717,20140530,ISRAELI,ISR,PALESTINIAN,PSE,190,재래식 군사력 사용,19,4,-10.0,2,1,2,1.32743362831858,"Nablus, West Bank (general), West Bank",WE,http://www.tolerance.ca/ArticleExt.aspx?ID=223375&L=en
20140530,299352718,20140530,JERUSALEM,ISR,PALESTINIAN,PSE,190,재래식 군사력 사용,19,4,-10.0,1,1,1,0.378787878787879,"Jerusalem, Israel (general), Israel",IS,http://www.dailytimes.com.pk/foreign/31-May-2014/israel-says-prevented-palestinian-suicide-bomb-attack
20140530,299352719,20140530,ISRAEL,ISR,WEST BANK,PSE,190,재래식 군사력 사용,19,4,-10.0,16,2,16,0.29673590504451,"Jerusalem, Israel (general), Israel",IS,http://in.reuters.com/article/2014/05/30/palestinian-israel-explosives-idINKBN0EA0XA20140530?feedType=RSS&feedName=worldNews
20140530,299352720,20140530,JERUSALEM,ISR,PALESTINIAN,PSE,190,재래식 군사력 사용,19,4,-10.0,18,7,18,0.350873595835066,"Jerusalem, Israel (general), Israel",IS,http://in.reuters.com/article/2014/05/30/palestinian-israel-explosives-idINKBN0EA0XA20140530?feedType=RSS&feedName=worldNews
20140530,299352721,20140530,JERUSALEM,ISR,WEST BANK,PSE,190,재래식 군사력 사용,19,4,-10.0,2,1,2,0.0,"Jerusalem, Israel (general), Israel",IS,http://news.yahoo.com/israeli-army-foils-palestinian-pipe-bomb-attack-163326216.html
20140530,299352722,20140530,ISRAEL,ISR,WEST BANK,PSE,190,재래식 군사력 사용,19,4,-10.0,2,1,2,2.66075388026608,"Gaza, Israel (general), Israel",IS,http://www.ifex.org/israel/2014/05/30/israel_raids_publishing_house_in_ramallah/
20140530,299352723,20140530,ISRAELI,ISR,PALESTINE,PSE,190,재래식 군사력 사용,19,4,-10.0,20,7,20,0.847293044716778,Israel,IS,http://newint.org/blog/2014/05/29/palestine-israel-nakba-day-killings/
20140530,299352724,20140530,ISRAELI,ISR,PALESTINIAN,PSE,191,봉쇄·이동 제한,19,4,-9.5,2,1,2,1.04166666666667,Israel,IS,"http://www.ynetnews.com/articles/0,7340,L-4525565,00.html"
20140530,299352725,20140530,ISRAELI,ISR,WEST BANK,PSE,192,영토 점령,19,4,-9.5,1,1,1,1.77664974619289,"Jerusalem, Israel (general), Israel",IS,http://newsclick.in/international/pope-francis-palestine
20140530,299352726,20140530,ISRAELI,ISR,PALESTINIAN,PSE,192,영토 점령,19,4,-9.5,12,3,12,3.62619321311785,"Jerusalem, Israel (general), Israel",IS,http://www.intifada-palestine.com/2014/05/day-shook-hands-pope-francis-samia-khoury/
20140530,299352727,20140530,ISRAEL,ISR,PALESTINIAN,PSE,192,영토 점령,19,4,-9.5,1,1,1,1.40845070422535,"Gaza, Israel (general), Israel",IS,http://www.imemc.org/article/67971
20140530,299352728,20140530,ISRAELI,ISR,PALESTINIAN,PSE,193,소형무기·경무기를 이용한 전투,19,4,-10.0,8,1,8,1.4218009478673,"Gaza, Israel (general), Israel",IS,http://www.maannews.net/eng/ViewDetails.aspx?ID=701074
20140530,299352729,20140530,ISRAEL,ISR,WEST BANK,PSE,193,소형무기·경무기를 이용한 전투,19,4,-10.0,2,1,2,1.64935858277337,Israel,IS,http://electronicintifada.net/blogs/patrick-strickland/listen-patrick-o-strickland-israels-impunity-and-killing-palestinian-teens
20140530,299352730,20140530,ISRAELI,ISR,GAZA,PSE,193,소형무기·경무기를 이용한 전투,19,4,-10.0,4,1,4,1.18110236220472,West Bank,WE,http://www.imemc.org/article/67970
20140530,299352731,20140530,NEGEV DESERT,ISR,GAZA,PSE,194,포병·전차를 이용한 전투,19,4,-10.0,6,1,6,1.96506550218341,"Hanegev, HaDarom, Israel",IS,http://cjnews.com/campaign?q=node/125468&c=83IdTiNEAlubbuyZp96-tHzF8g9cDJuC-RyLY2qAka8&mkt=en-us
20140530,299352732,20140530,NEGEV DESERT,ISR,GAZA,PSE,194,포병·전차를 이용한 전투,19,4,-10.0,6,1,6,1.96506550218341,"Hanegev, HaDarom, Israel",IS,http://cjnews.com/campaign?q=node/125468&c=83IdTiNEAlubbuyZp96-tHzF8g9cDJuC-RyLY2qAka8&mkt=en-us
20140530,299352733,20140530,NEGEV DESERT,ISR,GAZA,PSE,194,포병·전차를 이용한 전투,19,4,-10.0,18,1,18,1.96506550218341,Gaza Strip,GZ,http://cjnews.com/campaign?q=node/125468&c=83IdTiNEAlubbuyZp96-tHzF8g9cDJuC-RyLY2qAka8&mkt=en-us
20140530,299352734,20140530,ISRAEL,ISR,PALESTINIAN,PSE,194,포병·전차를 이용한 전투,19,4,-10.0,1,1,1,0.378787878787879,"Jerusalem, Israel (general), Israel",IS,http://www.dailytimes.com.pk/foreign/31-May-2014/israel-says-prevented-palestinian-suicide-bomb-attack
20140530,299352735,20140530,ISRAELI,ISR,WEST BANK,PSE,194,포병·전차를 이용한 전투,19,4,-10.0,2,1,2,0.701754385964912,"Nablus, West Bank (general), West Bank",WE,http://www.globalpost.com/dispatch/news/xinhua-news-agency/140530/israeli-police-foils-suicide-bomb-attack-west-bank
20140530,299352736,20140530,ISRAEL,ISR,PALESTINIAN,PSE,194,포병·전차를 이용한 전투,19,4,-10.0,1,1,1,1.34099616858238,"Nablus, West Bank (general), West Bank",WE,http://www.dailystar.com.lb/News/Middle-East/2014/May-30/258246-israel-says-prevented-palestinian-suicide-bomb-attack.ashx
20140530,299352737,20140530,ISRAEL,ISR,PALESTINIAN,PSE,194,포병·전차를 이용한 전투,19,4,-10.0,26,7,26,0.435288236720286,"Jerusalem, Israel (general), Israel",IS,http://www.dailytimes.com.pk/foreign/31-May-2014/israel-says-prevented-palestinian-suicide-bomb-attack
20140530,299352738,20140530,ISRAEL,ISR,PALESTINIAN,PSE,194,포병·전차를 이용한 전투,19,4,-10.0,20,6,20,0.558586591674356,Israel,IS,http://www.theage.com.au/world/israel-says-it-prevented-palestinian-suicide-bomb-attack-20140530-zrtj6.html
20140530,299352739,20140530,ISRAELI,ISR,PALESTINIAN,PSE,194,포병·전차를 이용한 전투,19,4,-10.0,2,1,2,0.0,West Bank,WE,http://www.yourmiddleeast.com/news/israeli-army-foils-palestinian-pipe-bomb-attack_24000
20140530,299352744,20140530,ISRAEL,ISR,WEST BANK,PSE,190,재래식 군사력 사용,19,4,-10.0,1,1,1,1.40845070422535,"Beit Ummar, West Bank (general), West Bank",WE,http://www.imemc.org/article/67971
20140530,299352745,20140530,ISRAEL,ISR,WEST BANK,PSE,190,재래식 군사력 사용,19,4,-10.0,1,1,1,1.40845070422535,"Jerusalem, Israel (general), Israel",IS,http://www.imemc.org/article/67971
20140530,299352925,20140530,ISRAELI,ISR,PALESTINIAN,PSE,190,재래식 군사력 사용,19,4,-10.0,1,1,1,1.32743362831858,"Nablus, West Bank (general), West Bank",WE,http://www.tolerance.ca/ArticleExt.aspx?ID=223375&L=en
20140530,299352926,20140530,ISRAELI,ISR,PALESTINIAN,PSE,190,재래식 군사력 사용,19,4,-10.0,1,1,1,1.34099616858238,"Jerusalem, Israel (general), Israel",IS,http://www.dailystar.com.lb/News/Middle-East/2014/May-30/258246-israel-says-prevented-palestinian-suicide-bomb-attack.ashx
20140530,299352927,20140530,ISRAELI,ISR,PALESTINIAN,PSE,190,재래식 군사력 사용,19,4,-10.0,6,4,5,0.605768442571406,Israel,IS,http://www.theage.com.au/world/israel-says-it-prevented-palestinian-suicide-bomb-attack-20140530-zrtj6.html
20140530,299352928,20140530,ISRAEL,ISR,WEST BANK,PSE,194,포병·전차를 이용한 전투,19,4,-10.0,2,1,2,0.701754385964912,"Jerusalem, Israel (general), Israel",IS,http://www.globalpost.com/dispatch/news/xinhua-news-agency/140530/israeli-police-foils-suicide-bomb-attack-west-bank
20140530,299352929,20140530,ISRAELI,ISR,WEST BANK,PSE,194,포병·전차를 이용한 전투,19,4,-10.0,4,1,4,0.701754385964912,"Nablus, West Bank (general), West Bank",WE,http://www.globalpost.com/dispatch/news/xinhua-news-agency/140530/israeli-police-foils-suicide-bomb-attack-west-bank
20140530,299352930,20140530,ISRAELI,ISR,WEST BANK,PSE,194,포병·전차를 이용한 전투,19,4,-10.0,6,1,6,0.701754385964912,"Jerusalem, Israel (general), Israel",IS,http://www.globalpost.com/dispatch/news/xinhua-news-agency/140530/israeli-police-foils-suicide-bomb-attack-west-bank
20140530,299352931,20140530,ISRAELI,ISR,PALESTINIAN,PSE,194,포병·전차를 이용한 전투,19,4,-10.0,2,1,2,0.604229607250755,Israel,IS,http://www.panarmenian.net/eng/news/179425/
20140530,299353050,20140530,YITZHAK AHARONOVITCH,ISR,WEST BANK,PSE,194,포병·전차를 이용한 전투,19,4,-10.0,5,1,5,2.69461077844311,"Nablus, West Bank (general), West Bank",WE,http://www.timesofisrael.com/minister-praises-policemen-who-stopped-suicide-bombing/
20140530,299353093,20140530,ISRAELI,ISR,PALESTINIAN,PSE,190,재래식 군사력 사용,19,4,-10.0,3,2,3,1.11904615630713,Israel,IS,http://newint.org/blog/2014/05/29/palestine-israel-nakba-day-killings/
20140530,299353094,20140530,ISRAELI,ISR,WEST BANK,PSE,192,영토 점령,19,4,-9.5,3,1,3,1.77664974619289,"Jerusalem, Israel (general), Israel",IS,http://newsclick.in/international/pope-francis-palestine
20140530,299353095,20140530,ISRAELI,ISR,PALESTINIAN,PSE,193,소형무기·경무기를 이용한 전투,19,4,-10.0,6,1,6,1.4218009478673,"Gaza, Israel (general), Israel",IS,http://www.maannews.net/eng/ViewDetails.aspx?ID=701074
20140530,299353096,20140530,ISRAELI,ISR,PALESTINIAN,PSE,194,포병·전차를 이용한 전투,19,4,-10.0,2,1,2,0.0,"Jerusalem, Israel (general), Israel",IS,http://news.yahoo.com/israeli-army-foils-palestinian-pipe-bomb-attack-163326216.html
20140530,299353097,20140530,ISRAELI,ISR,PALESTINIAN,PSE,194,포병·전차를 이용한 전투,19,4,-10.0,2,1,2,0.0,Israel,IS,http://www.globalpost.com/dispatch/news/afp/140530/israeli-army-foils-palestinian-pipe-bomb-attack
20140530,299353098,20140530,ISRAELI,ISR,PALESTINIAN,PSE,194,포병·전차를 이용한 전투,19,4,-10.0,2,1,2,0.0,West Bank,WE,http://www.yourmiddleeast.com/news/israeli-army-foils-palestinian-pipe-bomb-attack_24000
20140530,299353880,20140530,JORDANIAN,JOR,IRANIAN,IRN,190,재래식 군사력 사용,19,4,-10.0,3,1,3,1.7175572519084,"Houston, Texas, United States",US,http://psdispatch.com/news/apbusiness/407247481375121/Man-accused-in-Iranians-death-depicted-as-violent
20140530,299353988,20140530,JORDAN,JOR,SYRIA,SYR,192,영토 점령,19,4,-9.5,2,1,2,3.31564986737401,"Damascus, Dimashq, Syria",SY,http://www.abc.net.au/news/2014-05-30/less-aid-reaching-syrians-in-need-despite-un/5490738
20140530,299353989,20140530,JORDAN,JOR,SYRIA,SYR,192,영토 점령,19,4,-9.5,2,1,2,3.31564986737401,Australia,AS,http://www.abc.net.au/news/2014-05-30/less-aid-reaching-syrians-in-need-despite-un/5490738
20140530,299354096,20140530,HASSAN,JOR,SYRIA,SYR,190,재래식 군사력 사용,19,4,-10.0,3,1,3,2.99600532623169,"Tehran, Tehran, Iran",IR,http://www.csmonitor.com/World/Middle-East/2014/0530/Behind-Syrian-regime-a-familiar-US-adversary-Iran
20140530,299360086,20140530,BEIRUT,LBN,ISRAEL,ISR,190,재래식 군사력 사용,19,4,-10.0,4,2,4,2.83817069159273,Israel,IS,http://www.chron.com/life/books/article/The-Good-Spy-steps-behind-CIA-curtain-5517481.php
20140530,299360087,20140530,BEIRUT,LBN,ISRAEL,ISR,190,재래식 군사력 사용,19,4,-10.0,4,2,4,2.83817069159273,Israel,IS,http://www.chron.com/life/books/article/The-Good-Spy-steps-behind-CIA-curtain-5517481.php
20140530,299360088,20140530,LEBANON,LBN,ISRAELI,ISR,193,소형무기·경무기를 이용한 전투,19,4,-10.0,10,1,10,2.28102189781022,"Golan Heights, Syria (general), Syria",SY,http://www.meforum.org/3835/a-most-discreet-israeli-intervention-in-syria
20140530,299360100,20140530,BEIRUT,LBN,HASSAN,JOR,190,재래식 군사력 사용,19,4,-10.0,12,2,12,2.83817069159273,Israel,IS,http://www.chron.com/life/books/article/The-Good-Spy-steps-behind-CIA-curtain-5517481.php
20140530,299360292,20140530,LEBANON,LBN,ISRAEL,ISR,190,재래식 군사력 사용,19,4,-10.0,1,1,1,2.62529832935561,Lebanon,LE,http://english.al-akhbar.com/node/19959/
20140530,299360293,20140530,LEBANON,LBN,ISRAEL,ISR,190,재래식 군사력 사용,19,4,-10.0,1,1,1,2.62529832935561,"Karmiel, Ha?afon, Israel",IS,http://english.al-akhbar.com/node/19959/
20140530,299360336,20140530,LEBANON,LBN,ISRAELI,ISR,138,군사력 사용 위협,13,3,-7.0,1,1,1,2.70618556701031,United Kingdom,UK,http://www.cadillacnews.com/news_story/?story_id=1819094&year=2014&issue=20140530/RK=0
20140530,299360337,20140530,LEBANON,LBN,ISRAELI,ISR,138,군사력 사용 위협,13,3,-7.0,1,1,1,3.20754716981132,"Damascus, Dimashq, Syria",SY,http://abcnews.go.com/US/wireStory/today-history-23922923
20140530,299360344,20140530,LEBANON,LBN,PALESTINIAN,PSE,190,재래식 군사력 사용,19,4,-10.0,5,1,5,1.4446227929374,Lebanon,LE,http://www.naharnet.com/stories/en/132939-al-rahi-says-lebanese-who-fled-to-israel-are-not-criminals-urges-reconciliation
20140530,299378298,20140530,WEST BANK,PSE,ISRAEL,ISR,163,금수·보이콧·제재 부과,16,4,-8.0,10,1,10,3.36817653890825,"Jerusalem, Israel (general), Israel",IS,http://www.haaretz.com/life/movies-television/.premium-1.596140
20140530,299378308,20140530,PALESTINIAN,PSE,ISRAEL,ISR,190,재래식 군사력 사용,19,4,-10.0,4,1,4,0.219058313179008,"Tel Aviv, Tel Aviv, Israel",IS,http://www.washingtonpost.com/world/middle_east/palestinian-wearing-suicide-belt-is-detained-israeli-officials-say/2014/05/30/61f394ae-e7fe-11e3-a86b-362fd5443d19_story.html?wprss=rss_homepage
20140530,299378309,20140530,WEST BANK,PSE,ISRAELI,ISR,190,재래식 군사력 사용,19,4,-10.0,7,1,7,2.39902824172487,"Jerusalem, Israel (general), Israel",IS,http://www.israelhayom.com/site/newsletter_article.php?id=17847
20140530,299378310,20140530,PALESTINIAN,PSE,ISRAEL,ISR,190,재래식 군사력 사용,19,4,-10.0,5,2,5,0.662037994586432,"Jerusalem, Israel (general), Israel",IS,http://www.washingtonpost.com/world/middle_east/palestinian-wearing-suicide-belt-is-detained-israeli-officials-say/2014/05/30/61f394ae-e7fe-11e3-a86b-362fd5443d19_story.html
20140530,299378311,20140530,PALESTINIAN,PSE,ISRAEL,ISR,190,재래식 군사력 사용,19,4,-10.0,5,1,5,1.4446227929374,Lebanon,LE,http://www.naharnet.com/stories/en/132939-al-rahi-says-lebanese-who-fled-to-israel-are-not-criminals-urges-reconciliation
20140530,299378312,20140530,PALESTINIAN,PSE,ISRAEL,ISR,191,봉쇄·이동 제한,19,4,-9.5,4,1,4,1.04166666666667,Israel,IS,"http://www.ynetnews.com/articles/0,7340,L-4525565,00.html"
20140530,299378313,20140530,WEST BANK,PSE,ISRAELI,ISR,192,영토 점령,19,4,-9.5,1,1,1,1.77664974619289,"Dheisheh, West Bank (general), West Bank",WE,http://newsclick.in/international/pope-francis-palestine
20140530,299378314,20140530,PALESTINIAN,PSE,JERUSALEM,ISR,192,영토 점령,19,4,-9.5,2,2,2,1.59255022520912,"Jerusalem, Israel (general), Israel",IS,http://www.imemc.org/article/67971
20140530,299378315,20140530,PALESTINIAN,PSE,ISRAEL,ISR,193,소형무기·경무기를 이용한 전투,19,4,-10.0,4,1,4,0.219058313179008,"Tel Aviv, Tel Aviv, Israel",IS,http://www.washingtonpost.com/world/middle_east/palestinian-wearing-suicide-belt-is-detained-israeli-officials-say/2014/05/30/61f394ae-e7fe-11e3-a86b-362fd5443d19_story.html?wprss=rss_homepage
20140530,299378316,20140530,PALESTINIAN,PSE,ISRAEL,ISR,193,소형무기·경무기를 이용한 전투,19,4,-10.0,4,1,4,0.227790432801822,"Jerusalem, Israel (general), Israel",IS,http://www.washingtonpost.com/world/middle_east/palestinian-wearing-suicide-belt-is-detained-israeli-officials-say/2014/05/30/61f394ae-e7fe-11e3-a86b-362fd5443d19_story.html
20140530,299378317,20140530,PALESTINIAN,PSE,ISRAEL,ISR,193,소형무기·경무기를 이용한 전투,19,4,-10.0,9,2,8,1.95676579841621,"Gaza, Israel (general), Israel",IS,http://www.commentarymagazine.com/2014/05/30/exposing-the-human-shield-industry/
20140530,299378318,20140530,GAZA,PSE,ISRAELI,ISR,193,소형무기·경무기를 이용한 전투,19,4,-10.0,1,1,1,1.4218009478673,"Gaza, Israel (general), Israel",IS,http://www.maannews.net/eng/ViewDetails.aspx?ID=701074
20140530,299378319,20140530,PALESTINIAN,PSE,ISRAEL,ISR,193,소형무기·경무기를 이용한 전투,19,4,-10.0,4,2,4,0.442477876106194,Israel,IS,http://www.palestinechronicle.com/israeli-soldier-suspended-following-palestinian-teens-deaths/
20140530,299378329,20140530,WEST BANK,PSE,ISRAELI,ISR,192,영토 점령,19,4,-9.5,2,1,2,1.77664974619289,"Dheisheh, West Bank (general), West Bank",WE,http://newsclick.in/international/pope-francis-palestine
20140530,299378330,20140530,WEST BANK,PSE,ISRAEL,ISR,192,영토 점령,19,4,-9.5,1,1,1,1.77664974619289,"Jerusalem, Israel (general), Israel",IS,http://newsclick.in/international/pope-francis-palestine
20140530,299378331,20140530,GAZA,PSE,ISRAELI,ISR,193,소형무기·경무기를 이용한 전투,19,4,-10.0,6,1,6,1.4218009478673,"Gaza, Israel (general), Israel",IS,http://www.maannews.net/eng/ViewDetails.aspx?ID=701074
20140530,299378354,20140530,PALESTINIAN,PSE,LEBANON,LBN,190,재래식 군사력 사용,19,4,-10.0,5,1,5,1.4446227929374,Lebanon,LE,http://www.naharnet.com/stories/en/132939-al-rahi-says-lebanese-who-fled-to-israel-are-not-criminals-urges-reconciliation
20140530,299378443,20140530,WEST BANK,PSE,ISRAELI,ISR,193,소형무기·경무기를 이용한 전투,19,4,-10.0,10,1,10,1.07142857142857,"Nablus, West Bank (general), West Bank",WE,http://www.timesofisrael.com/stray-bullets-hit-israeli-vehicle-in-west-bank/
20140530,299378445,20140530,WEST BANK,PSE,ISRAEL,ISR,193,소형무기·경무기를 이용한 전투,19,4,-10.0,4,1,4,1.40845070422535,"Hebron, Israel (general), Israel",IS,http://www.imemc.org/article/67971
20140530,299378526,20140530,HAMAS,PSE,ISRAEL,ISR,138,군사력 사용 위협,13,3,-7.0,10,1,10,3.34075723830735,"Tel Aviv, Tel Aviv, Israel",IS,http://www.breitbart.com/Breitbart-London/2014/05/30/Palestinian-Reconciliation-Is-World-Deaf-to-What-Hamas-is-Saying
20140530,299378527,20140530,HAMAS,PSE,ISRAEL,ISR,163,금수·보이콧·제재 부과,16,4,-8.0,2,1,2,1.40845070422535,"Gaza, Israel (general), Israel",IS,http://www.imemc.org/article/67971
20140530,299378529,20140530,HAMAS,PSE,ISRAEL,ISR,192,영토 점령,19,4,-9.5,8,1,8,3.64372469635628,"Gaza, Israel (general), Israel",IS,http://english.cri.cn/6966/2014/05/30/191s829221.htm
20140530,299378530,20140530,HAMAS,PSE,ISRAEL,ISR,194,포병·전차를 이용한 전투,19,4,-10.0,10,1,10,2.38473767885533,"Gaza, Israel (general), Israel",IS,http://www.commentarymagazine.com/2014/05/30/exposing-the-human-shield-industry/
20140530,299379052,20140530,QATAR,QAT,SYRIAN,SYR,190,재래식 군사력 사용,19,4,-10.0,3,1,3,1.70777988614801,Syria,SY,http://en.ammonnews.net/article.aspx?articleno=25475
20140530,299379092,20140530,AL JAZEERA,QAT,SYRIA,SYR,190,재래식 군사력 사용,19,4,-10.0,6,2,6,0.527241586816646,"Aleppo, ?alab, Syria",SY,http://yalibnan.com/2014/05/30/syria-death-toll-barrel-bombs-nears-2000-year/
20140530,299379093,20140530,AL JAZEERA,QAT,SYRIA,SYR,190,재래식 군사력 사용,19,4,-10.0,6,2,6,0.527241586816646,"Bab Al-Hawa, Al ?asakah, Syria",SY,http://yalibnan.com/2014/05/30/syria-death-toll-barrel-bombs-nears-2000-year/
20140530,299379094,20140530,AL JAZEERA,QAT,SYRIA,SYR,190,재래식 군사력 사용,19,4,-10.0,3,2,3,0.527241586816646,"Idlib, Idlib, Syria",SY,http://yalibnan.com/2014/05/30/syria-death-toll-barrel-bombs-nears-2000-year/
20140530,299379095,20140530,AL JAZEERA,QAT,SYRIA,SYR,190,재래식 군사력 사용,19,4,-10.0,3,2,3,0.527241586816646,"Bab Al-Hawa, Al ?asakah, Syria",SY,http://yalibnan.com/2014/05/30/syria-death-toll-barrel-bombs-nears-2000-year/
20140530,299379098,20140530,AL JAZEERA,QAT,TURKISH,TUR,190,재래식 군사력 사용,19,4,-10.0,3,2,3,0.527241586816646,"Bab Al-Hawa, Al ?asakah, Syria",SY,http://yalibnan.com/2014/05/30/syria-death-toll-barrel-bombs-nears-2000-year/
20140530,299383720,20140530,ABDULLAH,SAU,WEST BANK,PSE,190,재래식 군사력 사용,19,4,-10.0,1,1,1,0.884955752212389,"Ramallah, West Bank (general), West Bank",WE,http://www.palestinechronicle.com/israeli-soldier-suspended-following-palestinian-teens-deaths/
20140530,299386025,20140530,SYRIAN,SYR,IRAN,IRN,190,재래식 군사력 사용,19,4,-10.0,2,1,2,1.99203187250996,"Qusayr, Tartus, Syria",SY,http://www.globalpost.com/dispatch/news/afp/140528/key-dates-syria-civil-war
20140530,299386026,20140530,SYRIAN,SYR,IRAN,IRN,190,재래식 군사력 사용,19,4,-10.0,2,1,2,1.99203187250996,Iran,IR,http://www.globalpost.com/dispatch/news/afp/140528/key-dates-syria-civil-war
20140530,299386042,20140530,SYRIA,SYR,ISRAELI,ISR,138,군사력 사용 위협,13,3,-7.0,1,1,1,2.70618556701031,"Damascus, Dimashq, Syria",SY,http://www.cadillacnews.com/news_story/?story_id=1819094&year=2014&issue=20140530/RK=0
20140530,299386130,20140530,SYRIA,SYR,BEIRUT,LBN,190,재래식 군사력 사용,19,4,-10.0,2,2,2,1.47744220730798,"Damascus, Dimashq, Syria",SY,"The Daily Star website, Beirut/BBC Monitoring/(c) BBC"
20140530,299386131,20140530,SYRIA,SYR,BEIRUT,LBN,190,재래식 군사력 사용,19,4,-10.0,1,1,1,1.38888888888889,"Damascus, Dimashq, Syria",SY,"The Daily Star website, Beirut/BBC Monitoring/(c) BBC"
20140530,299386132,20140530,SYRIA,SYR,BEIRUT,LBN,190,재래식 군사력 사용,19,4,-10.0,1,1,1,1.56599552572707,"Damascus, Dimashq, Syria",SY,http://www.dailystar.com.lb/News/Middle-East/2014/May-30/258235-isis-kills-15-kurds-in-northern-syria.ashx
20140530,299386133,20140530,SYRIA,SYR,BEIRUT,LBN,190,재래식 군사력 사용,19,4,-10.0,3,1,3,0.0,Syria,SY,http://www.saudigazette.com.sa/index.cfm?method=home.regcon&contentid=20140531206924
20140530,299386134,20140530,SYRIA,SYR,LEBANESE,LBN,190,재래식 군사력 사용,19,4,-10.0,28,4,28,1.71921268079525,"Beirut, Beyrouth, Lebanon",LE,http://www.macon.com/2014/05/28/3119224/syrians-abroad-vote-in-presidential.html
20140530,299386135,20140530,SYRIA,SYR,LEBANON,LBN,190,재래식 군사력 사용,19,4,-10.0,3,3,3,1.75097303308313,"Beirut, Beyrouth, Lebanon",LE,http://www.macon.com/2014/05/28/3119224/syrians-abroad-vote-in-presidential.html
20140530,299386136,20140530,SYRIA,SYR,LEBANON,LBN,190,재래식 군사력 사용,19,4,-10.0,1,1,1,1.62393162393162,"Damascus, Dimashq, Syria",SY,http://lethbridgeherald.com/news/world-news/2014/05/28/tens-of-thousands-of-assads-supporters-abroad-vote-a-week-before-national-election-in-syria/
20140530,299386141,20140530,SYRIAN,SYR,LEBANON,LBN,163,금수·보이콧·제재 부과,16,4,-8.0,1,1,1,2.57009345794392,"Damascus, Dimashq, Syria",SY,http://www.dailystar.com.lb/News/Lebanon-News/2014/May-31/258354-tripoli-mosque-reopens-after-devastating-bombing.ashx
20140530,299386142,20140530,SYRIAN,SYR,LEBANON,LBN,163,금수·보이콧·제재 부과,16,4,-8.0,7,1,4,2.57009345794392,"Yarze, Mont-Liban, Lebanon",LE,http://www.dailystar.com.lb/News/Lebanon-News/2014/May-31/258354-tripoli-mosque-reopens-after-devastating-bombing.ashx
20140530,299386143,20140530,SYRIAN,SYR,LEBANON,LBN,163,금수·보이콧·제재 부과,16,4,-8.0,1,1,1,2.57009345794392,"Tripoli, Tarabulus, Libya",LY,http://www.dailystar.com.lb/News/Lebanon-News/2014/May-31/258354-tripoli-mosque-reopens-after-devastating-bombing.ashx
20140530,299386144,20140530,SYRIAN,SYR,LEBANON,LBN,163,금수·보이콧·제재 부과,16,4,-8.0,1,1,1,2.57009345794392,"Damascus, Dimashq, Syria",SY,http://www.dailystar.com.lb/News/Lebanon-News/2014/May-31/258354-tripoli-mosque-reopens-after-devastating-bombing.ashx
20140530,299386316,20140530,SYRIA,SYR,TURKISH,TUR,190,재래식 군사력 사용,19,4,-10.0,3,2,3,0.527241586816646,"Bab Al-Hawa, Al ?asakah, Syria",SY,http://yalibnan.com/2014/05/30/syria-death-toll-barrel-bombs-nears-2000-year/
20140530,299386453,20140530,SYRIA,SYR,ISRAELI,ISR,138,군사력 사용 위협,13,3,-7.0,1,1,1,3.20754716981132,"Damascus, Dimashq, Syria",SY,http://abcnews.go.com/US/wireStory/today-history-23922923
20140530,299386532,20140530,SYRIAN,SYR,IRAN,IRN,190,재래식 군사력 사용,19,4,-10.0,6,1,6,1.99203187250996,"Qusayr, Tartus, Syria",SY,http://www.globalpost.com/dispatch/news/afp/140528/key-dates-syria-civil-war
20140530,299387822,20140530,ISTANBUL,TUR,ISRAEL,ISR,138,군사력 사용 위협,13,3,-7.0,4,1,4,2.63157894736842,Israel,IS,"Zaman website, Istanbul/BBC Monitoring/(c) BBC"
20140530,299387827,20140530,TURKISH,TUR,ISRAEL,ISR,190,재래식 군사력 사용,19,4,-10.0,8,1,8,5.66037735849057,"Istanbul, Istanbul, Turkey",TU,http://www.euronews.com/2014/05/30/four-years-on-turkish-flotilla-raid-fueling-diplomatic-spat-with-israel/
20140530,299387947,20140530,TURKISH,TUR,GAZA,PSE,138,군사력 사용 위협,13,3,-7.0,2,1,2,1.62162162162162,Israel,IS,http://www.dailysabah.com/nation/2014/05/30/head-of-ihh-describes-israeli-actions-as-silent-genocide-1401454655
20140530,299388007,20140530,ANKARA,TUR,SYRIA,SYR,138,군사력 사용 위협,13,3,-7.0,1,1,1,0.775193798449612,"Ankara, Ankara, Turkey",TU,http://en.cihan.com.tr/news/ISIS-kills-15-abducts-300-Kurds-in-attacks-on-Kurdish-towns-in-Syria_4449-CHMTQ0NDQ0OS80
20140530,299388008,20140530,ANKARA,TUR,SYRIA,SYR,138,군사력 사용 위협,13,3,-7.0,2,1,2,0.705882352941177,"Ankara, Ankara, Turkey",TU,http://www.todayszaman.com/news-349218-isil-kills-15-abducts-300-kurds-in-attacks-on-kurdish-towns-in-syria.html
20140530,299388009,20140530,ANKARA,TUR,SYRIA,SYR,138,군사력 사용 위협,13,3,-7.0,1,1,1,0.775193798449612,"Al-Bab, ?alab, Syria",SY,http://en.cihan.com.tr/news/ISIS-kills-15-abducts-300-Kurds-in-attacks-on-Kurdish-towns-in-Syria_4449-CHMTQ0NDQ0OS80
20140530,299388010,20140530,ANKARA,TUR,SYRIA,SYR,138,군사력 사용 위협,13,3,-7.0,2,1,2,0.705882352941177,"Aleppo, ?alab, Syria",SY,http://www.todayszaman.com/news-349218-isil-kills-15-abducts-300-kurds-in-attacks-on-kurdish-towns-in-syria.html
20140530,299388011,20140530,TURKISH,TUR,SYRIA,SYR,190,재래식 군사력 사용,19,4,-10.0,2,1,2,0.527704485488127,"Idlib, Idlib, Syria",SY,http://www.aljazeera.com/news/middleeast/2014/05/syria-barrel-bomb-toll-nears-2000-this-year-2014530123010571291.html/RK=0
20140530,299388012,20140530,TURKISH,TUR,SYRIA,SYR,190,재래식 군사력 사용,19,4,-10.0,1,1,1,0.526315789473684,"Bab Al-Hawa, Al ?asakah, Syria",SY,http://yalibnan.com/2014/05/30/syria-death-toll-barrel-bombs-nears-2000-year/
20140531,299450390,20140531,EGYPT,EGY,ISRAELI,ISR,190,재래식 군사력 사용,19,4,-10.0,1,1,1,3.11909262759924,"Cairo, Al Qahirah, Egypt",EG,http://www.kansascity.com/2014/05/31/5058074/palestinian-unity-government-to.html
20140531,299450391,20140531,EGYPT,EGY,ISRAELI,ISR,190,재래식 군사력 사용,19,4,-10.0,7,7,7,2.84695316528286,Gaza Strip,GZ,http://www.charlotteobserver.com/2014/05/31/4945292/palestinian-unity-government-to.html
20140531,299450392,20140531,EGYPT,EGY,ISRAEL,ISR,190,재래식 군사력 사용,19,4,-10.0,2,1,2,4.76190476190476,Egypt,EG,http://www.examiner.com/article/egyptians-blast-obama-for-interfering-with-egypt-s-internal-affairs
20140531,299450393,20140531,EGYPT,EGY,ISRAEL,ISR,190,재래식 군사력 사용,19,4,-10.0,2,1,2,4.76190476190476,Israel,IS,http://www.examiner.com/article/egyptians-blast-obama-for-interfering-with-egypt-s-internal-affairs
20140531,299450394,20140531,EGYPT,EGY,ISRAEL,ISR,190,재래식 군사력 사용,19,4,-10.0,6,1,6,4.76190476190476,Egypt,EG,http://www.examiner.com/article/egyptians-blast-obama-for-interfering-with-egypt-s-internal-affairs
20140531,299463561,20140531,TEHRAN,IRN,IRAQ,IRQ,192,영토 점령,19,4,-9.5,3,1,3,4.82509047044632,Iraq,IZ,http://www.zawya.com/story/The_United_States_faces_stark_choices_in_Syria-DS31052014_dsart*258338/
20140531,299463582,20140531,IRAN,IRN,HASSAN,JOR,190,재래식 군사력 사용,19,4,-10.0,12,3,12,1.43018639234851,"Shiraz, Fars, Iran",IR,http://www.themalaysianinsider.com/world/article/uk-probes-britons-20-year-jailing-in-iran-for-facebook-posts
20140531,299464420,20140531,ISRAEL,ISR,EGYPT,EGY,190,재래식 군사력 사용,19,4,-10.0,30,1,30,2.78503046127067,,,http://www.menafn.com/1093848897/Remembering-the-Liberty&src=RSS
20140531,299464421,20140531,ISRAEL,ISR,EGYPT,EGY,190,재래식 군사력 사용,19,4,-10.0,2,1,2,4.76190476190476,Egypt,EG,http://www.examiner.com/article/egyptians-blast-obama-for-interfering-with-egypt-s-internal-affairs
20140531,299464422,20140531,ISRAEL,ISR,EGYPT,EGY,190,재래식 군사력 사용,19,4,-10.0,2,1,2,4.76190476190476,Israel,IS,http://www.examiner.com/article/egyptians-blast-obama-for-interfering-with-egypt-s-internal-affairs
20140531,299464423,20140531,ISRAEL,ISR,EGYPT,EGY,190,재래식 군사력 사용,19,4,-10.0,6,1,6,4.76190476190476,Egypt,EG,http://www.examiner.com/article/egyptians-blast-obama-for-interfering-with-egypt-s-internal-affairs
20140531,299464567,20140531,ISRAELI,ISR,LEBANON,LBN,193,소형무기·경무기를 이용한 전투,19,4,-10.0,10,1,10,2.20661985957874,"Golan Heights, Syria (general), Syria",SY,http://www.turkishweekly.net/news/167409/behind-the-lines-a-most-discreet-israeli-intervention-in-syria.html
20140531,299464634,20140531,ISRAEL,ISR,PALESTINIAN,PSE,138,군사력 사용 위협,13,3,-7.0,2,1,2,1.96078431372549,"Al-Manara, Ha?afon, Israel",IS,http://www.imemc.org/article/67973
20140531,299464641,20140531,ISRAEL,ISR,PALESTINIAN,PSE,190,재래식 군사력 사용,19,4,-10.0,5,1,5,2.68843014882381,"Baalbek, Mohafazat Baalbek-Hermel, Lebanon",LE,http://www.naharnet.com/stories/en/133037-hizbullah-rejects-presence-of-israeli-agents-in-lebanon-we-re-not-proud-to-call-them-lebanese
20140531,299464642,20140531,ISRAEL,ISR,PALESTINIAN,PSE,190,재래식 군사력 사용,19,4,-10.0,2,1,2,1.14503816793893,"Jerusalem, Israel (general), Israel",IS,http://www.post-gazette.com/news/world/2014/05/31/EU-sees-surge-in-immigrants/stories/201405310100
20140531,299464643,20140531,ISRAELI,ISR,GAZA,PSE,190,재래식 군사력 사용,19,4,-10.0,2,1,2,0.0,"Gaza, Israel (general), Israel",IS,http://www.maannews.net/eng/ViewDetails.aspx?ID=701115
20140531,299464644,20140531,ISRAELI,ISR,WEST BANK,PSE,192,영토 점령,19,4,-9.5,2,1,2,1.91693290734824,"Jerusalem, Israel (general), Israel",IS,http://truth-out.org/news/item/24057-pope-francis-in-palestine
20140531,299464645,20140531,ISRAELI,ISR,WEST BANK,PSE,192,영토 점령,19,4,-9.5,2,1,2,1.91693290734824,"Dheisheh, West Bank (general), West Bank",WE,http://truth-out.org/news/item/24057-pope-francis-in-palestine
20140531,299464646,20140531,ISRAEL,ISR,GAZA,PSE,192,영토 점령,19,4,-9.5,4,1,4,5.38461538461539,"Gaza, Israel (general), Israel",IS,http://thepeninsulaqatar.com/news/qatar/285997/unity-govt-likely-on-monday-says-abbas
20140531,299464647,20140531,ISRAELI,ISR,PALESTINIAN,PSE,193,소형무기·경무기를 이용한 전투,19,4,-10.0,7,2,6,0.824175824175823,"Gaza, Israel (general), Israel",IS,"Ma'an News Agency website, Bethlehem/BBC Monitoring/(c) BBC"
20140531,299464648,20140531,ISRAELI,ISR,PALESTINIAN,PSE,193,소형무기·경무기를 이용한 전투,19,4,-10.0,1,1,1,0.0,Gaza Strip,GZ,http://www.maannews.net/eng/ViewDetails.aspx?ID=701115
20140531,299464649,20140531,ISRAELI,ISR,GAZA,PSE,193,소형무기·경무기를 이용한 전투,19,4,-10.0,1,1,1,0.0,"Gaza, Israel (general), Israel",IS,http://www.maannews.net/eng/ViewDetails.aspx?ID=701115
20140531,299464650,20140531,ISRAELI,ISR,PALESTINIAN,PSE,193,소형무기·경무기를 이용한 전투,19,4,-10.0,1,1,1,0.0,Gaza Strip,GZ,http://www.maannews.net/eng/ViewDetails.aspx?ID=701115
20140531,299464651,20140531,ISRAELI,ISR,GAZA,PSE,194,포병·전차를 이용한 전투,19,4,-10.0,2,1,2,2.13414634146341,Gaza Strip,GZ,"http://www.ynetnews.com/articles/0,7340,L-4525809,00.html"
20140531,299464652,20140531,ISRAEL,ISR,PALESTINIAN,PSE,194,포병·전차를 이용한 전투,19,4,-10.0,4,1,4,0.623052959501558,Israel,IS,http://www.themalaymailonline.com/world/article/israel-says-prevented-palestinian-suicide-bomb-attack
20140531,299464654,20140531,ISRAELI,ISR,GAZA,PSE,190,재래식 군사력 사용,19,4,-10.0,2,1,2,0.0,"Gaza, Israel (general), Israel",IS,http://www.maannews.net/eng/ViewDetails.aspx?ID=701115
20140531,299464655,20140531,ISRAELI,ISR,PALESTINIAN,PSE,193,소형무기·경무기를 이용한 전투,19,4,-10.0,4,1,2,0.0,"Gaza, Israel (general), Israel",IS,http://www.maannews.net/eng/ViewDetails.aspx?ID=701115
20140531,299464680,20140531,ISRAEL,ISR,HAMAS,PSE,163,금수·보이콧·제재 부과,16,4,-8.0,10,1,10,2.45700245700246,"Gaza, Israel (general), Israel",IS,http://www.israelnationalnews.com/News/News.aspx/181243
20140531,299464681,20140531,ISRAEL,ISR,HAMAS,PSE,163,금수·보이콧·제재 부과,16,4,-8.0,30,3,30,1.64897639189206,Israel,IS,http://www.imra.org.il/story.php3?id=63947&c=Vbvzc7_-HkpSKDfs5pptYJOzpu12eMsrtn9lxdZpzQg&mkt=en-us
20140531,299464694,20140531,ISRAEL,ISR,SYRIA,SYR,190,재래식 군사력 사용,19,4,-10.0,1,1,1,1.12359550561798,"Golan Heights, Syria (general), Syria",SY,"http://www.ynetnews.com/articles/0,7340,L-4525670,00.html"
20140531,299464695,20140531,ISRAELI,ISR,SYRIA,SYR,190,재래식 군사력 사용,19,4,-10.0,11,1,6,1.12359550561798,"Golan Heights, Syria (general), Syria",SY,"http://www.ynetnews.com/articles/0,7340,L-4525670,00.html"
20140531,299464696,20140531,ISRAEL,ISR,SYRIA,SYR,190,재래식 군사력 사용,19,4,-10.0,8,1,8,0.0,"Idlib, Idlib, Syria",SY,"http://www.ynetnews.com/articles/0,7340,L-4525676,00.html"
20140531,299464697,20140531,ISRAELI,ISR,SYRIA,SYR,190,재래식 군사력 사용,19,4,-10.0,6,1,6,0.749063670411987,Israel,IS,"http://www.ynetnews.com/articles/0,7340,L-4525670,00.html"
20140531,299464698,20140531,ISRAEL,ISR,SYRIAN,SYR,190,재래식 군사력 사용,19,4,-10.0,6,1,6,2.06185567010309,"Aleppo, ?alab, Syria",SY,"http://www.ynetnews.com/articles/0,7340,L-4525725,00.html"
20140531,299464713,20140531,ISRAEL,ISR,TURKEY,TUR,190,재래식 군사력 사용,19,4,-10.0,2,2,2,2.27842333105491,"Gaza, Israel (general), Israel",IS,http://www.worldbulletin.net/news/137831/gazans-mark-mavi-marmara-attack-anniversary
20140531,299464714,20140531,ISRAEL,ISR,TURK,TUR,190,재래식 군사력 사용,19,4,-10.0,14,2,14,2.27842333105491,Turkey,TU,http://www.worldbulletin.net/news/137831/gazans-mark-mavi-marmara-attack-anniversary
20140531,299464848,20140531,ISRAELI,ISR,WEST BANK,PSE,192,영토 점령,19,4,-9.5,6,1,6,1.91693290734824,"Jerusalem, Israel (general), Israel",IS,http://truth-out.org/news/item/24057-pope-francis-in-palestine
20140531,299464849,20140531,ISRAELI,ISR,PALESTINIAN,PSE,193,소형무기·경무기를 이용한 전투,19,4,-10.0,4,2,4,1.44930918595967,"Gaza, Israel (general), Israel",IS,"Ma'an News Agency website, Bethlehem/BBC Monitoring/(c) BBC"
20140531,299464850,20140531,ISRAELI,ISR,GAZA,PSE,194,포병·전차를 이용한 전투,19,4,-10.0,6,1,6,2.13414634146341,Gaza Strip,GZ,"http://www.ynetnews.com/articles/0,7340,L-4525809,00.html"
20140531,299465412,20140531,HASSAN,JOR,IRAN,IRN,190,재래식 군사력 사용,19,4,-10.0,2,1,2,2.9595015576324,"Mashhad, (IR30), Iran",IR,http://www.al-monitor.com/pulse/originals/2014/05/iran-hassan-rouhani-reactionary-clerics.html
20140531,299465413,20140531,HASSAN,JOR,IRAN,IRN,190,재래식 군사력 사용,19,4,-10.0,2,1,2,2.9595015576324,"Tehran, Tehran, Iran",IR,http://www.al-monitor.com/pulse/originals/2014/05/iran-hassan-rouhani-reactionary-clerics.html
20140531,299465430,20140531,HASSAN,JOR,IRAN,IRN,190,재래식 군사력 사용,19,4,-10.0,12,3,12,1.43018639234851,"Shiraz, Fars, Iran",IR,http://www.themalaysianinsider.com/world/article/uk-probes-britons-20-year-jailing-in-iran-for-facebook-posts
20140531,299468892,20140531,LEBANON,LBN,ISRAELI,ISR,193,소형무기·경무기를 이용한 전투,19,4,-10.0,10,1,10,2.20661985957874,"Golan Heights, Syria (general), Syria",SY,http://www.turkishweekly.net/news/167409/behind-the-lines-a-most-discreet-israeli-intervention-in-syria.html
20140531,299469005,20140531,LEBANESE,LBN,SYRIAN,SYR,190,재래식 군사력 사용,19,4,-10.0,2,1,2,2.03488372093023,"Aleppo, ?alab, Syria",SY,http://www.mercurynews.com/nation-world/ci_25848748/syrians-abroad-vote-presidential-election
20140531,299469006,20140531,LEBANON,LBN,SYRIA,SYR,193,소형무기·경무기를 이용한 전투,19,4,-10.0,2,1,2,1.34146341463415,Syria,SY,http://www.naharnet.com/stories/en/132970
20140531,299469007,20140531,LEBANESE,LBN,SYRIAN,SYR,190,재래식 군사력 사용,19,4,-10.0,6,1,6,2.03488372093023,"Aleppo, ?alab, Syria",SY,http://www.mercurynews.com/nation-world/ci_25848748/syrians-abroad-vote-presidential-election
20140531,299469008,20140531,BEIRUT,LBN,SYRIAN,SYR,190,재래식 군사력 사용,19,4,-10.0,27,3,27,3.53430353430353,"Damascus, Dimashq, Syria",SY,http://www.newsobserver.com/2014/05/31/3900879/syrian-rebels-kill-20-troops-in.html
20140531,299469009,20140531,BEIRUT,LBN,SYRIAN,SYR,190,재래식 군사력 사용,19,4,-10.0,5,1,5,2.56410256410256,"Aleppo, ?alab, Syria",SY,http://www.myrtlebeachonline.com/2014/05/31/4260292/syrian-rebels-kill-20-troops-in.html?sp=/99/134/253/
20140531,299469010,20140531,BEIRUT,LBN,SYRIAN,SYR,190,재래식 군사력 사용,19,4,-10.0,10,1,10,2.99500831946755,"Miami, Florida, United States",US,http://www.miamiherald.com/2014/05/31/4149184/syrian-rebels-kill-20-troops-in.html
20140531,299469065,20140531,LEBANON,LBN,PALESTINIAN,PSE,190,재래식 군사력 사용,19,4,-10.0,5,1,5,2.68843014882381,"Baalbek, Mohafazat Baalbek-Hermel, Lebanon",LE,http://www.naharnet.com/stories/en/133037-hizbullah-rejects-presence-of-israeli-agents-in-lebanon-we-re-not-proud-to-call-them-lebanese
20140531,299481199,20140531,PALESTINIAN,PSE,EGYPT,EGY,193,소형무기·경무기를 이용한 전투,19,4,-10.0,1,1,1,3.00632911392405,"Jerusalem, Israel (general), Israel",IS,http://www.winnipegfreepress.com/world/palestinian-president-mahmoud-abbas-says-palestinian-unity-government-to-be-announced-monday-261376361.html
20140531,299481200,20140531,PALESTINIAN,PSE,EGYPT,EGY,193,소형무기·경무기를 이용한 전투,19,4,-10.0,5,5,5,2.81586539476694,"Jerusalem, Israel (general), Israel",IS,http://www.charlotteobserver.com/2014/05/31/4945292/palestinian-unity-government-to.html
20140531,299481201,20140531,PALESTINIAN,PSE,EGYPT,EGY,193,소형무기·경무기를 이용한 전투,19,4,-10.0,1,1,1,2.84301606922126,"Miami, Florida, United States",US,http://www.miamiherald.com/2014/05/31/4149484/palestinian-unity-government-to.html
20140531,299481202,20140531,PALESTINIAN,PSE,EGYPT,EGY,193,소형무기·경무기를 이용한 전투,19,4,-10.0,1,1,1,3.11909262759924,"Kansas, United States",US,http://www.kansascity.com/2014/05/31/5058074/palestinian-unity-government-to.html
20140531,299481281,20140531,PALESTINIAN,PSE,ISRAELI,ISR,190,재래식 군사력 사용,19,4,-10.0,8,8,8,2.8809705980724,"Jerusalem, Israel (general), Israel",IS,http://www.charlotteobserver.com/2014/05/31/4945292/palestinian-unity-government-to.html
20140531,299481282,20140531,PALESTINIAN,PSE,ISRAELI,ISR,190,재래식 군사력 사용,19,4,-10.0,2,2,2,2.11210852678472,"Jerusalem, Israel (general), Israel",IS,http://www.post-gazette.com/news/world/2014/05/31/EU-sees-surge-in-immigrants/stories/201405310100
20140531,299481283,20140531,PALESTINIAN,PSE,ISRAEL,ISR,190,재래식 군사력 사용,19,4,-10.0,6,2,6,1.97750890196933,"Gaza, Israel (general), Israel",IS,http://www.jpost.com/Breaking-News/Palestinians-mark-4th-anniversary-of-Marmara-flotilla-354956
20140531,299481284,20140531,PALESTINIAN,PSE,ISRAEL,ISR,190,재래식 군사력 사용,19,4,-10.0,5,1,5,2.68843014882381,"Baalbek, Mohafazat Baalbek-Hermel, Lebanon",LE,http://www.naharnet.com/stories/en/133037-hizbullah-rejects-presence-of-israeli-agents-in-lebanon-we-re-not-proud-to-call-them-lebanese
20140531,299481285,20140531,PALESTINIAN,PSE,ISRAELI,ISR,190,재래식 군사력 사용,19,4,-10.0,30,10,30,2.92386834156129,"Jerusalem, Israel (general), Israel",IS,http://www.charlotteobserver.com/2014/05/31/4945292/palestinian-unity-government-to.html
20140531,299481286,20140531,PALESTINIAN,PSE,ISRAELI,ISR,190,재래식 군사력 사용,19,4,-10.0,1,1,1,3.11173974540311,"Jerusalem, Israel (general), Israel",IS,http://www.kentucky.com/2014/05/31/3268174/palestinian-unity-government-to.html
20140531,299481287,20140531,WEST BANK,PSE,ISRAELI,ISR,192,영토 점령,19,4,-9.5,2,1,2,1.91693290734824,"Dheisheh, West Bank (general), West Bank",WE,http://truth-out.org/news/item/24057-pope-francis-in-palestine
20140531,299481288,20140531,WEST BANK,PSE,ISRAELI,ISR,192,영토 점령,19,4,-9.5,2,1,2,1.91693290734824,"Jerusalem, Israel (general), Israel",IS,http://truth-out.org/news/item/24057-pope-francis-in-palestine
20140531,299481289,20140531,PALESTINIAN,PSE,ISRAEL,ISR,193,소형무기·경무기를 이용한 전투,19,4,-10.0,1,1,1,3.0791788856305,"Jerusalem, Israel (general), Israel",IS,http://www.timesofisrael.com/abbas-to-announce-unity-government-monday/
20140531,299481290,20140531,GAZA,PSE,ISRAELI,ISR,193,소형무기·경무기를 이용한 전투,19,4,-10.0,8,2,8,1.45280993278566,"Gaza, Israel (general), Israel",IS,http://www.albawaba.com/news/gaza-fisherman-580147
20140531,299481291,20140531,GAZA,PSE,ISRAELI,ISR,193,소형무기·경무기를 이용한 전투,19,4,-10.0,4,2,4,1.44930918595967,"Gaza, Israel (general), Israel",IS,"Ma'an News Agency website, Bethlehem/BBC Monitoring/(c) BBC"
20140531,299481298,20140531,WEST BANK,PSE,ISRAELI,ISR,192,영토 점령,19,4,-9.5,4,1,4,1.91693290734824,"Dheisheh, West Bank (general), West Bank",WE,http://truth-out.org/news/item/24057-pope-francis-in-palestine
20140531,299481299,20140531,WEST BANK,PSE,ISRAEL,ISR,192,영토 점령,19,4,-9.5,2,1,2,1.91693290734824,"Jerusalem, Israel (general), Israel",IS,http://truth-out.org/news/item/24057-pope-francis-in-palestine
20140531,299481300,20140531,GAZA,PSE,ISRAELI,ISR,193,소형무기·경무기를 이용한 전투,19,4,-10.0,12,2,12,1.44930918595967,"Gaza, Israel (general), Israel",IS,"Ma'an News Agency website, Bethlehem/BBC Monitoring/(c) BBC"
20140531,299481329,20140531,PALESTINIAN,PSE,LEBANON,LBN,190,재래식 군사력 사용,19,4,-10.0,5,1,5,2.68843014882381,"Baalbek, Mohafazat Baalbek-Hermel, Lebanon",LE,http://www.naharnet.com/stories/en/133037-hizbullah-rejects-presence-of-israeli-agents-in-lebanon-we-re-not-proud-to-call-them-lebanese
20140531,299481449,20140531,HAMAS,PSE,ISRAELI,ISR,190,재래식 군사력 사용,19,4,-10.0,75,14,75,3.10707534559043,"Jerusalem, Israel (general), Israel",IS,http://www.miningjournal.net/page/content.detail/id/513541/Palestinian-unity-government-to-be-formed-Monday.html?isap=1&nav=5016
20140531,299481450,20140531,HAMAS,PSE,ISRAELI,ISR,190,재래식 군사력 사용,19,4,-10.0,25,3,25,3.28146428990931,Israel,IS,http://online.wsj.com/articles/palestinian-unity-government-expected-to-be-formed-1401565887?tesla=y&mod=rss_middle_east_news&mg=reno64-wsj&url=http://online.wsj.com/article/SB10001424052702303318504579596430141155024.html?mod=rss_middle_east_news
20140531,299481451,20140531,HAMAS,PSE,ISRAEL,ISR,192,영토 점령,19,4,-9.5,48,6,48,4.81286838503571,"Gaza, Israel (general), Israel",IS,http://www.reuters.com/article/2014/05/31/us-palestinian-israel-idUSKBN0EB0S520140531
20140531,299484512,20140531,SAUDI,SAU,SYRIAN,SYR,190,재래식 군사력 사용,19,4,-10.0,6,1,6,1.48148148148148,"Aleppo, ?alab, Syria",SY,http://www.saudigazette.com.sa/index.cfm?method=home.regcon&contentid=20140601206979
20140531,299486392,20140531,SYRIA,SYR,IRAN,IRN,190,재래식 군사력 사용,19,4,-10.0,6,2,6,3.10133312380503,"Damascus, Dimashq, Syria",SY,http://yalibnan.com/2014/05/31/iran-buries-60th-officer-killed-syria-civil-war/
20140531,299486393,20140531,SYRIA,SYR,IRAN,IRN,190,재래식 군사력 사용,19,4,-10.0,8,1,8,2.7359781121751,"Damascus, Dimashq, Syria",SY,http://www.allvoices.com/contributed-news/17187500-top-iranian-revolutionary-guards-commander-killed-in-syria
20140531,299486394,20140531,SYRIA,SYR,IRAN,IRN,190,재래식 군사력 사용,19,4,-10.0,6,3,6,3.14367384811891,"Damascus, Dimashq, Syria",SY,http://english.ahram.org.eg/NewsContent/2/8/102596/World/Region/Iran-Guards-commander-killed-in-Syria-Reports.aspx
20140531,299486395,20140531,SYRIA,SYR,IRAN,IRN,190,재래식 군사력 사용,19,4,-10.0,1,1,1,2.7359781121751,"Aleppo, ?alab, Syria",SY,http://www.allvoices.com/contributed-news/17187500-top-iranian-revolutionary-guards-commander-killed-in-syria
20140531,299486396,20140531,SYRIA,SYR,IRAN,IRN,190,재래식 군사력 사용,19,4,-10.0,1,1,1,2.04678362573099,"Qusayr, Tartus, Syria",SY,http://news.iafrica.com/worldnews/world-news/941857.html
20140531,299486397,20140531,SYRIA,SYR,IRAN,IRN,190,재래식 군사력 사용,19,4,-10.0,4,3,4,2.93451911263065,"Tehran, Tehran, Iran",IR,http://yalibnan.com/2014/05/31/iran-buries-60th-officer-killed-syria-civil-war/
20140531,299486398,20140531,SYRIA,SYR,IRAN,IRN,190,재래식 군사력 사용,19,4,-10.0,1,1,1,2.7359781121751,Russia,RS,http://www.allvoices.com/contributed-news/17187500-top-iranian-revolutionary-guards-commander-killed-in-syria
20140531,299486399,20140531,SYRIA,SYR,IRAN,IRN,190,재래식 군사력 사용,19,4,-10.0,1,1,1,2.06112295664534,United States,US,http://www.naharnet.com/stories/en/133022-iran-guards-commander-killed-in-syria-and-tunnel-bombing-leaves-20-soldiers-dead
20140531,299486406,20140531,SYRIA,SYR,IRAN,IRN,190,재래식 군사력 사용,19,4,-10.0,27,3,27,2.13122434102251,"Damascus, Dimashq, Syria",SY,http://www.yourmiddleeast.com/news/a-commander-of-irans-revolutionary-guards-has-been-killed-in-syria_24012
20140531,299486407,20140531,SYRIA,SYR,IRAN,IRN,190,재래식 군사력 사용,19,4,-10.0,1,1,1,2.23642172523962,"Damascus, Dimashq, Syria",SY,"http://www.ynetnews.com/articles/0,7340,L-4525715,00.html"
20140531,299486408,20140531,SYRIA,SYR,IRANIAN,IRN,190,재래식 군사력 사용,19,4,-10.0,6,1,6,2.7359781121751,"Aleppo, ?alab, Syria",SY,http://www.allvoices.com/contributed-news/17187500-top-iranian-revolutionary-guards-commander-killed-in-syria
20140531,299486415,20140531,SYRIA,SYR,ISRAELI,ISR,190,재래식 군사력 사용,19,4,-10.0,10,1,10,1.12359550561798,"Golan Heights, Syria (general), Syria",SY,"http://www.ynetnews.com/articles/0,7340,L-4525670,00.html"
20140531,299486416,20140531,SYRIA,SYR,ISRAEL,ISR,190,재래식 군사력 사용,19,4,-10.0,8,1,8,0.0,"Idlib, Idlib, Syria",SY,"http://www.ynetnews.com/articles/0,7340,L-4525676,00.html"
20140531,299486417,20140531,SYRIA,SYR,ISRAEL,ISR,190,재래식 군사력 사용,19,4,-10.0,8,1,8,0.842696629213485,Israel,IS,"http://www.ynetnews.com/articles/0,7340,L-4525676,00.html"
20140531,299486478,20140531,SYRIA,SYR,LEBANON,LBN,190,재래식 군사력 사용,19,4,-10.0,4,1,2,1.64835164835165,"Beirut, Beyrouth, Lebanon",LE,http://www.dailystar.com.lb/News/Lebanon-News/2014/May-31/258373-lebanon-sentences-late-hezbollah-member-to-life.ashx
20140531,299486479,20140531,SYRIA,SYR,LEBANON,LBN,190,재래식 군사력 사용,19,4,-10.0,4,1,2,1.64835164835165,Syria,SY,http://www.dailystar.com.lb/News/Lebanon-News/2014/May-31/258373-lebanon-sentences-late-hezbollah-member-to-life.ashx
20140531,299486480,20140531,SYRIA,SYR,LEBANESE,LBN,190,재래식 군사력 사용,19,4,-10.0,14,2,14,1.83180682764363,"Beirut, Beyrouth, Lebanon",LE,http://www.heraldonline.com/2014/05/28/6001623/syrians-abroad-vote-in-presidential.html
20140531,299486481,20140531,SYRIA,SYR,LEBANON,LBN,190,재래식 군사력 사용,19,4,-10.0,1,1,1,1.9150707743547,"Aleppo, ?alab, Syria",SY,http://www.mercedsunstar.com/2014/05/27/3668483/syrians-abroad-vote-in-presidential.html
20140531,299486482,20140531,SYRIA,SYR,LEBANON,LBN,190,재래식 군사력 사용,19,4,-10.0,1,1,1,1.74854288093256,"Beirut, Beyrouth, Lebanon",LE,http://www.heraldonline.com/2014/05/28/6001623/syrians-abroad-vote-in-presidential.html
20140531,299486487,20140531,SYRIAN,SYR,LEBANON,LBN,163,금수·보이콧·제재 부과,16,4,-8.0,4,1,4,2.67716535433071,"Yarze, Mont-Liban, Lebanon",LE,http://www.zawya.com/story/Tripoli_mosque_reopens_after_devastating_bombing-DS31052014_dsart*258354/
20140531,299486488,20140531,SYRIAN,SYR,LEBANON,LBN,163,금수·보이콧·제재 부과,16,4,-8.0,1,1,1,2.67716535433071,"Damascus, Dimashq, Syria",SY,http://www.zawya.com/story/Tripoli_mosque_reopens_after_devastating_bombing-DS31052014_dsart*258354/
20140531,299486635,20140531,SYRIA,SYR,TURKEY,TUR,192,영토 점령,19,4,-9.5,10,1,10,3.27586206896552,Syria,SY,http://www.ekurd.net/mismas/articles/misc2014/5/turkey5033.htm
20140531,299486752,20140531,SYRIAN,SYR,SANA,YEM,190,재래식 군사력 사용,19,4,-10.0,10,1,10,0.0,"Damascus, Dimashq, Syria",SY,http://sana.sy/eng/21/2014/05/30/547612.htm
20140531,299487851,20140531,TURKEY,TUR,ISRAEL,ISR,190,재래식 군사력 사용,19,4,-10.0,4,1,4,2.39808153477218,"Gaza, Israel (general), Israel",IS,http://www.aljazeera.com/news/middleeast/2014/05/turkey-israel-move-towards-normalising-ties-20145317400676553.html/RK=0
20140531,299487852,20140531,TURKEY,TUR,ISRAEL,ISR,190,재래식 군사력 사용,19,4,-10.0,4,1,4,2.39808153477218,"Gaza, Israel (general), Israel",IS,http://www.aljazeera.com/news/middleeast/2014/05/turkey-israel-move-towards-normalising-ties-20145317400676553.html/RK=0
20140531,299487970,20140531,ANKARA,TUR,GAZA,PSE,190,재래식 군사력 사용,19,4,-10.0,12,1,12,2.39808153477218,"Gaza, Israel (general), Israel",IS,http://www.aljazeera.com/news/middleeast/2014/05/turkey-israel-move-towards-normalising-ties-20145317400676553.html/RK=0
20140531,299507279,20140531,YEMENI,YEM,SAUDI ARABIA,SAU,193,소형무기·경무기를 이용한 전투,19,4,-10.0,16,1,16,1.69491525423729,"Lahej, La?ij, Yemen",YM,http://www.arabnews.com/news/580066
