DATE,GLOBALEVENTID,SQLDATE,Actor1Name,Actor1CountryCode,Actor2Name,Actor2CountryCode,EventCode,EventCode_KR,EventRootCode,QuadClass,GoldsteinScale,NumMentions,NumSources,NumArticles,AvgTone,ActionGeo_FullName,ActionGeo_CountryCode,SOURCEURL
20220201,1025960350,20220201,IRAN,IRN,SAUDI,SAU,190,재래식 군사력 사용,19,4,-10.0,2,1,2,-4.43037974683544,Saudi Arabia,SA,https://www.dawn.com/news/1672499
20220201,1025960891,20220201,SAUDI,SAU,IRAN,IRN,190,재래식 군사력 사용,19,4,-10.0,2,1,2,-4.43037974683544,Saudi Arabia,SA,https://www.dawn.com/news/1672499
20220201,1025973233,20220201,SYRIAN,SYR,ISRAEL,ISR,194,포병·전차를 이용한 전투,19,4,-10.0,8,2,6,-3.80551383823214,"Damascus, Dimashq, Syria",SY,https://www.jns.org/syrian-information-center-says-israeli-missiles-struck-warehouses-near-damascus/
20220201,1025973234,20220201,SYRIAN,SYR,ISRAELI,ISR,194,포병·전차를 이용한 전투,19,4,-10.0,20,2,14,-3.80551383823214,Israel,IS,https://www.jns.org/syrian-information-center-says-israeli-missiles-struck-warehouses-near-damascus/
20220201,1025973235,20220201,SYRIAN,SYR,ISRAEL,ISR,194,포병·전차를 이용한 전투,19,4,-10.0,2,1,2,-3.8135593220339,Israel,IS,https://www.jns.org/syrian-information-center-says-israeli-missiles-struck-warehouses-near-damascus/
20220201,1025974846,20220201,TURKEY,TUR,SYRIA,SYR,192,영토 점령,19,4,-9.5,2,1,2,-7.63097949886105,"Raqqa, Ar Raqqah, Syria",SY,https://www.azcentral.com/story/news/2022/01/31/us-woman-charged-islamic-state-court/9283232002/
20220201,1025974847,20220201,TURKEY,TUR,SYRIA,SYR,192,영토 점령,19,4,-9.5,6,1,6,-7.63097949886105,Turkey,TU,https://www.azcentral.com/story/news/2022/01/31/us-woman-charged-islamic-state-court/9283232002/
20220201,1025974848,20220201,TURKEY,TUR,SYRIA,SYR,192,영토 점령,19,4,-9.5,2,1,2,-7.63097949886105,Turkey,TU,https://www.azcentral.com/story/news/2022/01/31/us-woman-charged-islamic-state-court/9283232002/
20220201,1025987344,20220201,ISRAELI,ISR,PALESTINIAN,PSE,190,재래식 군사력 사용,19,4,-10.0,2,1,2,-10.4417670682731,"Tel Aviv, Tel Aviv, Israel",IS,https://www.presstv.ir/Detail/2022/01/31/675930/Israeli-army-detains-some-30-Palestinians-in-WB
20220201,1025987345,20220201,ISRAELI,ISR,PALESTINIAN,PSE,190,재래식 군사력 사용,19,4,-10.0,2,1,2,-10.4417670682731,"Tel Aviv, Tel Aviv, Israel",IS,https://www.presstv.ir/Detail/2022/01/31/675930/Israeli-army-detains-some-30-Palestinians-in-WB
20220201,1025987347,20220201,ISRAEL,ISR,SYRIA,SYR,190,재래식 군사력 사용,19,4,-10.0,6,1,6,-7.18954248366014,United Arab Emirates,AE,https://www.dawn.com/news/1672589/syrian-defences-take-on-israeli-missile-barrage-near-capital
20220201,1025987348,20220201,ISRAEL,ISR,SYRIA,SYR,190,재래식 군사력 사용,19,4,-10.0,4,1,4,-7.18954248366014,United Arab Emirates,AE,https://www.dawn.com/news/1672589/syrian-defences-take-on-israeli-missile-barrage-near-capital
20220201,1025990971,20220201,SYRIA,SYR,ISRAEL,ISR,190,재래식 군사력 사용,19,4,-10.0,1,1,1,-6.84931506849315,"Damascus, Dimashq, Syria",SY,https://thepeninsulaqatar.com/article/31/08/2013/how-assad-might-strike-back
20220201,1025990972,20220201,SYRIA,SYR,ISRAEL,ISR,190,재래식 군사력 사용,19,4,-10.0,4,1,4,-6.84931506849315,Israel,IS,https://thepeninsulaqatar.com/article/31/08/2013/how-assad-might-strike-back
20220201,1025994563,20220201,ISRAELI,ISR,SYRIA,SYR,190,재래식 군사력 사용,19,4,-10.0,2,1,2,-4.96894409937888,Israel,IS,https://news.antiwar.com/2022/01/31/israeli-attack-on-damascus-targeted-hezbollah/
20220201,1025994564,20220201,ISRAELI,ISR,SYRIA,SYR,190,재래식 군사력 사용,19,4,-10.0,8,1,8,-4.96894409937888,"Damascus, Dimashq, Syria",SY,https://news.antiwar.com/2022/01/31/israeli-attack-on-damascus-targeted-hezbollah/
20220201,1025994565,20220201,ISRAELI,ISR,DAMASCUS,SYR,194,포병·전차를 이용한 전투,19,4,-10.0,8,1,8,-4.96894409937888,"Damascus, Dimashq, Syria",SY,https://news.antiwar.com/2022/01/31/israeli-attack-on-damascus-targeted-hezbollah/
20220201,1026008031,20220201,IRANIAN,IRN,YEMEN,YEM,194,포병·전차를 이용한 전투,19,4,-10.0,4,1,4,-5.91715976331361,"Ministry Of Foreign Affairs, Amanat al `Asimah, Yemen",YM,https://thewhistler.ng/reactions-as-saudi-arabia-accuses-iran-of-attacking-uae/
20220201,1026008035,20220201,IRANIAN,IRN,YEMEN,YEM,194,포병·전차를 이용한 전투,19,4,-10.0,6,1,6,-5.91715976331361,"Ministry Of Foreign Affairs, Amanat al `Asimah, Yemen",YM,https://thewhistler.ng/reactions-as-saudi-arabia-accuses-iran-of-attacking-uae/
20220201,1026014568,20220201,ANKARA,TUR,ISRAEL,ISR,190,재래식 군사력 사용,19,4,-10.0,2,2,2,-4.25792674931698,"Ankara, Ankara, Turkey",TU,https://www.presstv.ir/Detail/2022/02/01/675941/Protesters-say-no-Israeli-president-planned-visit-Turkey
20220201,1026014569,20220201,ANKARA,TUR,ISRAEL,ISR,190,재래식 군사력 사용,19,4,-10.0,2,2,2,-4.25792674931698,"Ankara, Ankara, Turkey",TU,https://www.presstv.ir/Detail/2022/02/01/675941/Protesters-say-no-Israeli-president-planned-visit-Turkey
20220201,1026021978,20220201,IRAQ,IRQ,ISRAEL,ISR,194,포병·전차를 이용한 전투,19,4,-10.0,10,1,10,-3.16774658027358,Iraq,IZ,https://www.israelnationalnews.com/news/321506
20220201,1026024949,20220201,SYRIA,SYR,IRAN,IRN,190,재래식 군사력 사용,19,4,-10.0,10,1,10,-7.13671539122958,Syria,SY,https://www.jwire.com.au/israel-accuses-amnesty-uk-of-publishing-false-biased-and-antisemitic-report/
20220201,1026029987,20220201,IRAN,IRN,TURKEY,TUR,192,영토 점령,19,4,-9.5,3,1,3,-7.64119601328904,"Kurdistan, Khuzestan, Iran",IR,https://www.timesofisrael.com/amnesty-reports-iran-executed-2-gay-men-over-sodomy-charges/
20220201,1026029988,20220201,IRAN,IRN,TURKEY,TUR,192,영토 점령,19,4,-9.5,7,1,7,-7.64119601328904,"Kurdistan, Khuzestan, Iran",IR,https://www.timesofisrael.com/amnesty-reports-iran-executed-2-gay-men-over-sodomy-charges/
20220201,1026032196,20220201,ISRAEL,ISR,GAZA,PSE,190,재래식 군사력 사용,19,4,-10.0,8,1,8,-6.67284522706209,"Gaza, Israel (general), Israel",IS,https://www.middleeasteye.net/news/israel-apartheid-state-amnesty-becomes-latest-rights-group
20220201,1026032197,20220201,ISRAELI,ISR,PALESTINIAN,PSE,194,포병·전차를 이용한 전투,19,4,-10.0,80,19,80,-1.35205139283755,"Gaza, Israel (general), Israel",IS,https://www.middleeasteye.net/news/israel-apartheid-state-amnesty-becomes-latest-rights-group
20220201,1026036842,20220201,ISRAELI,ISR,PALESTINIAN,PSE,193,소형무기·경무기를 이용한 전투,19,4,-10.0,24,3,24,-5.46350325160734,"Gaza, Israel (general), Israel",IS,https://foreignaffairs.co.nz/2022/02/01/mil-osi-ngos-israel-palestinians-are-living-under-a-system-of-apartheid-major-new-report/
20220201,1026037092,20220201,PALESTINIAN,PSE,ISRAEL,ISR,190,재래식 군사력 사용,19,4,-10.0,2,1,2,-4.55801104972376,"Jerusalem, Israel (general), Israel",IS,https://www.msn.com/en-gb/news/world/voices-there-is-no-room-for-doubt-%e2%80%93-the-people-of-palestine-are-living-under-israeli-apartheid/ar-AATm76b
20220201,1026037093,20220201,PALESTINIAN,PSE,ISRAEL,ISR,192,영토 점령,19,4,-9.5,2,1,2,-7.27650727650728,"Gaza, Israel (general), Israel",IS,https://foreignaffairs.co.nz/2022/02/01/mil-osi-ngos-israel-palestinians-are-living-under-a-system-of-apartheid-major-new-report/
20220201,1026044142,20220201,SAUDI,SAU,BEIRUT,LBN,190,재래식 군사력 사용,19,4,-10.0,4,1,4,-3.44168260038241,"Tehran, Tehran, Iran",IR,https://nationalinterest.org/feature/seven-realities-made-iran-deal-almost-inevitable-13387
20220201,1026044143,20220201,SAUDI,SAU,BEIRUT,LBN,190,재래식 군사력 사용,19,4,-10.0,1,1,1,-3.44168260038241,"Tehran, Tehran, Iran",IR,https://nationalinterest.org/feature/seven-realities-made-iran-deal-almost-inevitable-13387
20220201,1026045360,20220201,HAMAS,PSE,ISRAEL,ISR,193,소형무기·경무기를 이용한 전투,19,4,-10.0,5,1,5,-7.67888307155323,"Jerusalem, Israel (general), Israel",IS,https://www1.cbn.com/cbnnews/israel/2022/february/lsquo-false-biased-and-anti-semitic-rsquo-israel-blasts-amnesty-intl-report-rsquo-s-accusations-of-apartheid
20220201,1026047210,20220201,ISRAEL,ISR,YEMEN,YEM,194,포병·전차를 이용한 전투,19,4,-10.0,2,1,2,0.82304526748972,Yemen,YM,https://frontline.thehindu.com/dispatches/explained-how-nominal-enemies-israel-and-uae-became-allies/article38359017.ece
20220201,1026047495,20220201,SAUDI ARABIA,SAU,YEMEN,YEM,190,재래식 군사력 사용,19,4,-10.0,1,1,1,0.82304526748972,"Riyadh, Ar Riya?, Saudi Arabia",SA,https://frontline.thehindu.com/dispatches/explained-how-nominal-enemies-israel-and-uae-became-allies/article38359017.ece
20220201,1026047496,20220201,SAUDI ARABIA,SAU,YEMEN,YEM,190,재래식 군사력 사용,19,4,-10.0,1,1,1,0.82304526748972,Yemen,YM,https://frontline.thehindu.com/dispatches/explained-how-nominal-enemies-israel-and-uae-became-allies/article38359017.ece
20220201,1026049572,20220201,ISRAELI,ISR,TURKISH,TUR,190,재래식 군사력 사용,19,4,-10.0,16,3,16,-0.87463556851312,"Jerusalem, Israel (general), Israel",IS,http://www.chinaview.cn/20220201/4e794010ee5b486fbc3a1fc107d10d66/c.html
20220201,1026049573,20220201,ISRAELI,ISR,TURKISH,TUR,190,재래식 군사력 사용,19,4,-10.0,4,3,4,-0.87463556851312,"Jerusalem, Israel (general), Israel",IS,http://www.chinaview.cn/20220201/4e794010ee5b486fbc3a1fc107d10d66/c.html
20220201,1026049574,20220201,ISRAELI,ISR,TURKISH,TUR,190,재래식 군사력 사용,19,4,-10.0,8,3,8,-0.87463556851312,Egypt,EG,http://www.chinaview.cn/20220201/4e794010ee5b486fbc3a1fc107d10d66/c.html
20220201,1026049575,20220201,ISRAEL,ISR,TURKEY,TUR,190,재래식 군사력 사용,19,4,-10.0,4,3,4,-0.87463556851312,Egypt,EG,http://www.chinaview.cn/20220201/4e794010ee5b486fbc3a1fc107d10d66/c.html
20220201,1026065540,20220201,HAMAS,PSE,ISRAEL,ISR,194,포병·전차를 이용한 전투,19,4,-10.0,4,1,4,-3.04837640821736,"Gaza, Israel (general), Israel",IS,https://www.timesofisrael.com/liveblog-february-01-2022/
20220201,1026065544,20220201,HAMAS,PSE,ISRAEL,ISR,190,재래식 군사력 사용,19,4,-10.0,4,1,4,-9.92555831265507,"Jerusalem, Israel (general), Israel",IS,https://www.timesofisrael.com/israel-razes-home-of-hamas-terrorist-who-killed-eli-kay-in-jerusalem-attack/
20220201,1026065649,20220201,SYRIAN,SYR,IRAQI,IRQ,190,재래식 군사력 사용,19,4,-10.0,4,1,4,-6.38703527168732,Syria,SY,https://www.al-monitor.com/originals/2022/02/attacks-raise-fears-islamic-state-resurgence-sinai
20220201,1026065650,20220201,SYRIAN,SYR,IRAQI,IRQ,190,재래식 군사력 사용,19,4,-10.0,6,1,6,-6.38703527168732,Syria,SY,https://www.al-monitor.com/originals/2022/02/attacks-raise-fears-islamic-state-resurgence-sinai
20220201,1026073200,20220201,ISRAEL,ISR,HAMAS,PSE,190,재래식 군사력 사용,19,4,-10.0,2,1,2,-3.02197802197803,"Istanbul, Istanbul, Turkey",TU,https://www.jns.org/opinion/hamas-is-busy-in-istanbul-and-jerusalem-is-worried/
20220201,1026073201,20220201,ISRAEL,ISR,HAMAS,PSE,190,재래식 군사력 사용,19,4,-10.0,2,1,2,-3.02197802197803,Iran,IR,https://www.jns.org/opinion/hamas-is-busy-in-istanbul-and-jerusalem-is-worried/
20220201,1026073202,20220201,ISRAEL,ISR,HAMAS,PSE,190,재래식 군사력 사용,19,4,-10.0,6,1,6,-3.02197802197803,Iran,IR,https://www.jns.org/opinion/hamas-is-busy-in-istanbul-and-jerusalem-is-worried/
20220201,1026073596,20220201,TURKEY,TUR,ISRAEL,ISR,190,재래식 군사력 사용,19,4,-10.0,1,1,1,-3.02197802197803,"Istanbul, Istanbul, Turkey",TU,https://www.jns.org/opinion/hamas-is-busy-in-istanbul-and-jerusalem-is-worried/
20220201,1026073597,20220201,TURKEY,TUR,ISRAEL,ISR,190,재래식 군사력 사용,19,4,-10.0,4,2,4,-3.00571351274751,"Istanbul, Istanbul, Turkey",TU,https://www.jns.org/opinion/hamas-is-busy-in-istanbul-and-jerusalem-is-worried/
20220201,1026073598,20220201,TURKEY,TUR,ISRAEL,ISR,190,재래식 군사력 사용,19,4,-10.0,1,1,1,-3.02197802197803,"Jerusalem, Israel (general), Israel",IS,https://www.jns.org/opinion/hamas-is-busy-in-istanbul-and-jerusalem-is-worried/
20220201,1026075338,20220201,ISRAELI,ISR,PALESTINIAN,PSE,190,재래식 군사력 사용,19,4,-10.0,2,2,2,-5.5765164393217,"Hebron, Israel (general), Israel",IS,http://english.pnn.ps/2022/02/01/israeli-forces-detain-32-palestinians-from-west-bank/
20220201,1026075339,20220201,ISRAEL,ISR,WEST BANK,PSE,190,재래식 군사력 사용,19,4,-10.0,4,2,4,-5.5765164393217,"Hebron, Israel (general), Israel",IS,http://english.pnn.ps/2022/02/01/israeli-forces-detain-32-palestinians-from-west-bank/
20220201,1026075340,20220201,ISRAEL,ISR,WEST BANK,PSE,190,재래식 군사력 사용,19,4,-10.0,2,2,2,-5.5765164393217,"Bethlehem, West Bank (general), West Bank",WE,http://english.pnn.ps/2022/02/01/israeli-forces-detain-32-palestinians-from-west-bank/
20220201,1026075341,20220201,ISRAELI,ISR,WEST BANK,PSE,190,재래식 군사력 사용,19,4,-10.0,4,2,4,-5.5765164393217,"Bethlehem, West Bank (general), West Bank",WE,http://english.pnn.ps/2022/02/01/israeli-forces-detain-32-palestinians-from-west-bank/
20220201,1026077166,20220201,PALESTINIAN,PSE,ISRAELI,ISR,190,재래식 군사력 사용,19,4,-10.0,2,1,2,-8.37751855779427,West Bank,WE,https://www.nytimes.com/2022/02/01/world/middleeast/israel-commanders-palestinian-man.html
20220201,1026090158,20220201,ISRAELI,ISR,TEHRAN,IRN,195,공중무기 사용,19,4,-10.0,7,1,7,-2.66094420600859,"Tehran, Tehran, Iran",IR,https://www.al-monitor.com/originals/2022/02/israeli-pm-pledges-iran-will-no-longer-be-untouchable
20220201,1026090159,20220201,ISRAELI,ISR,TEHRAN,IRN,195,공중무기 사용,19,4,-10.0,1,1,1,-2.66094420600859,Israel,IS,https://www.al-monitor.com/originals/2022/02/israeli-pm-pledges-iran-will-no-longer-be-untouchable
20220201,1026090177,20220201,ISRAEL,ISR,TEHRAN,IRN,195,공중무기 사용,19,4,-10.0,1,1,1,-2.66094420600859,"Tehran, Tehran, Iran",IR,https://www.al-monitor.com/originals/2022/02/israeli-pm-pledges-iran-will-no-longer-be-untouchable
20220201,1026090178,20220201,ISRAEL,ISR,TEHRAN,IRN,195,공중무기 사용,19,4,-10.0,1,1,1,-2.66094420600859,Israel,IS,https://www.al-monitor.com/originals/2022/02/israeli-pm-pledges-iran-will-no-longer-be-untouchable
20220201,1026095024,20220201,ISRAEL,ISR,SAUDI,SAU,190,재래식 군사력 사용,19,4,-10.0,2,1,2,-0.30241935483871,"Jerusalem, Israel (general), Israel",IS,https://thewire.in/rights/transcript-india-israel-2017-pegasus-deal-siddharth-varadarajan-ronen-bergman-interview
20220201,1026095025,20220201,ISRAEL,ISR,SAUDI,SAU,190,재래식 군사력 사용,19,4,-10.0,2,1,2,-0.30241935483871,Saudi Arabia,SA,https://thewire.in/rights/transcript-india-israel-2017-pegasus-deal-siddharth-varadarajan-ronen-bergman-interview
20220201,1026095332,20220201,SAUDI,SAU,ISRAEL,ISR,190,재래식 군사력 사용,19,4,-10.0,1,1,1,-0.30241935483871,"Jerusalem, Israel (general), Israel",IS,https://thewire.in/rights/transcript-india-israel-2017-pegasus-deal-siddharth-varadarajan-ronen-bergman-interview
20220201,1026095333,20220201,SAUDI,SAU,ISRAEL,ISR,190,재래식 군사력 사용,19,4,-10.0,1,1,1,-0.30241935483871,"Jerusalem, Israel (general), Israel",IS,https://thewire.in/rights/transcript-india-israel-2017-pegasus-deal-siddharth-varadarajan-ronen-bergman-interview
20220201,1026100453,20220201,YEMEN,YEM,SAUDI ARABIA,SAU,190,재래식 군사력 사용,19,4,-10.0,2,1,2,-4.52261306532663,Saudi Arabia,SA,https://www.presstv.ir/Detail/2022/02/01/675980/United-States-UAE-Yemen
20220201,1026100454,20220201,YEMEN,YEM,SAUDI,SAU,190,재래식 군사력 사용,19,4,-10.0,8,1,8,-4.52261306532663,Saudi Arabia,SA,https://www.presstv.ir/Detail/2022/02/01/675980/United-States-UAE-Yemen
20220201,1026101980,20220201,KURDISTAN,IRN,TURKEY,TUR,190,재래식 군사력 사용,19,4,-10.0,1,1,1,-5.30434782608695,"Kurdistan, Khuzestan, Iran",IR,https://www.thenation.com/article/world/turkey-isis-rojava-prisoners/
20220201,1026101981,20220201,KURDISTAN,IRN,TURKEY,TUR,190,재래식 군사력 사용,19,4,-10.0,1,1,1,-5.30434782608695,Turkey,TU,https://www.thenation.com/article/world/turkey-isis-rojava-prisoners/
20220201,1026101982,20220201,KURDISTAN,IRN,TURKEY,TUR,190,재래식 군사력 사용,19,4,-10.0,4,1,4,-5.30434782608695,"Kurdistan, Khuzestan, Iran",IR,https://www.thenation.com/article/world/turkey-isis-rojava-prisoners/
20220201,1026101983,20220201,IRAN,IRN,TURKEY,TUR,190,재래식 군사력 사용,19,4,-10.0,2,1,2,-5.30434782608695,Turkey,TU,https://www.thenation.com/article/world/turkey-isis-rojava-prisoners/
20220201,1026102269,20220201,SYRIA,SYR,ISRAEL,ISR,190,재래식 군사력 사용,19,4,-10.0,3,1,3,-3.86206896551724,"Latakia, Al Ladhiqiyah, Syria",SY,https://www.veteranstoday.com/2022/02/01/pax-americana-imperial-overstretch/
20220201,1026102270,20220201,SYRIA,SYR,ISRAEL,ISR,190,재래식 군사력 사용,19,4,-10.0,1,1,1,-3.86206896551724,Israel,IS,https://www.veteranstoday.com/2022/02/01/pax-americana-imperial-overstretch/
20220201,1026102271,20220201,SYRIA,SYR,ISRAEL,ISR,190,재래식 군사력 사용,19,4,-10.0,1,1,1,-3.86206896551724,Israel,IS,https://www.veteranstoday.com/2022/02/01/pax-americana-imperial-overstretch/
20220201,1026102272,20220201,SYRIA,SYR,ISRAEL,ISR,190,재래식 군사력 사용,19,4,-10.0,5,1,5,-3.86206896551724,Russia,RS,https://www.veteranstoday.com/2022/02/01/pax-americana-imperial-overstretch/
20220201,1026102277,20220201,TURKEY,TUR,KURDISTAN,IRN,190,재래식 군사력 사용,19,4,-10.0,1,1,1,-5.30434782608695,"Kurdistan, Khuzestan, Iran",IR,https://www.thenation.com/article/world/turkey-isis-rojava-prisoners/
20220201,1026102278,20220201,TURKEY,TUR,KURDISTAN,IRN,190,재래식 군사력 사용,19,4,-10.0,1,1,1,-5.30434782608695,Turkey,TU,https://www.thenation.com/article/world/turkey-isis-rojava-prisoners/
20220201,1026102279,20220201,TURKEY,TUR,KURDISTAN,IRN,190,재래식 군사력 사용,19,4,-10.0,4,1,4,-5.30434782608695,"Kurdistan, Khuzestan, Iran",IR,https://www.thenation.com/article/world/turkey-isis-rojava-prisoners/
20220201,1026102280,20220201,TURKEY,TUR,IRAN,IRN,190,재래식 군사력 사용,19,4,-10.0,2,1,2,-5.30434782608695,Turkey,TU,https://www.thenation.com/article/world/turkey-isis-rojava-prisoners/
20220201,1026104214,20220201,ISRAELI,ISR,GAZA,PSE,194,포병·전차를 이용한 전투,19,4,-10.0,6,1,6,0.78947368421053,"Ashdod, HaDarom, Israel",IS,https://www.jewishpress.com/news/israel/idf/report-israel-to-deploy-laser-missile-defense-system-by-next-year/2022/02/01/
20220201,1026104216,20220201,ISRAEL,ISR,HAMAS,PSE,194,포병·전차를 이용한 전투,19,4,-10.0,4,1,4,0.78947368421053,"Ashdod, HaDarom, Israel",IS,https://www.jewishpress.com/news/israel/idf/report-israel-to-deploy-laser-missile-defense-system-by-next-year/2022/02/01/
20220201,1026106741,20220201,ISRAELI,ISR,PALESTINIAN,PSE,190,재래식 군사력 사용,19,4,-10.0,1,1,1,-6.20549338758901,Israel,IS,https://www.timesofisrael.com/gantz-laments-death-of-elderly-palestinian-man-left-bound-in-the-cold-by-soldiers/
20220201,1026106742,20220201,ISRAELI,ISR,PALESTINIAN,PSE,190,재래식 군사력 사용,19,4,-10.0,1,1,1,-6.20549338758901,West Bank,WE,https://www.timesofisrael.com/gantz-laments-death-of-elderly-palestinian-man-left-bound-in-the-cold-by-soldiers/
20220201,1026111622,20220201,ISRAELI,ISR,IRAN,IRN,195,공중무기 사용,19,4,-10.0,4,1,4,2.35602094240838,Iran,IR,https://www.timesofisrael.com/liveblog_entry/report-israel-conducted-simulated-drill-of-massive-attack-on-iran-as-us-observed/
20220201,1026111631,20220201,ISRAELI,ISR,IRAN,IRN,190,재래식 군사력 사용,19,4,-10.0,3,1,3,2.35602094240838,"Galilee, Ha?afon, Israel",IS,https://www.timesofisrael.com/liveblog_entry/report-israel-conducted-simulated-drill-of-massive-attack-on-iran-as-us-observed/
20220201,1026111632,20220201,ISRAEL,ISR,IRAN,IRN,195,공중무기 사용,19,4,-10.0,3,1,3,2.35602094240838,"Galilee, Ha?afon, Israel",IS,https://www.timesofisrael.com/liveblog_entry/report-israel-conducted-simulated-drill-of-massive-attack-on-iran-as-us-observed/
20220201,1026111633,20220201,ISRAEL,ISR,IRAN,IRN,195,공중무기 사용,19,4,-10.0,10,1,7,2.35602094240838,Iran,IR,https://www.timesofisrael.com/liveblog_entry/report-israel-conducted-simulated-drill-of-massive-attack-on-iran-as-us-observed/
20220201,1026116014,20220201,ISRAEL,ISR,IRAN,IRN,138,군사력 사용 위협,13,3,-7.0,2,1,2,-2.13447171824974,"Gaza, Israel (general), Israel",IS,https://www.timesofisrael.com/laser-based-defense-system-to-be-deployed-within-year-bennett-says-speeding-rollout/
20220201,1026116015,20220201,ISRAEL,ISR,IRAN,IRN,138,군사력 사용 위협,13,3,-7.0,2,1,2,-2.13447171824974,"Gaza, Israel (general), Israel",IS,https://www.timesofisrael.com/laser-based-defense-system-to-be-deployed-within-year-bennett-says-speeding-rollout/
20220201,1026116016,20220201,ISRAEL,ISR,IRAN,IRN,194,포병·전차를 이용한 전투,19,4,-10.0,1,1,1,-2.13447171824974,"Gaza, Israel (general), Israel",IS,https://www.timesofisrael.com/laser-based-defense-system-to-be-deployed-within-year-bennett-says-speeding-rollout/
20220201,1026116017,20220201,ISRAEL,ISR,IRAN,IRN,194,포병·전차를 이용한 전투,19,4,-10.0,1,1,1,-2.13447171824974,"Tehran, Tehran, Iran",IR,https://www.timesofisrael.com/laser-based-defense-system-to-be-deployed-within-year-bennett-says-speeding-rollout/
20220201,1026118381,20220201,GAZA,PSE,YEMEN,YEM,190,재래식 군사력 사용,19,4,-10.0,2,1,2,-4.16666666666667,"Gaza, Israel (general), Israel",IS,https://www.jns.org/small-gaza-protest-points-to-bigger-ramifications-for-hamas/
20220201,1026122263,20220201,HASSAN,JOR,SYRIA,SYR,190,재래식 군사력 사용,19,4,-10.0,2,1,2,-5.0,"Aleppo, ?alab, Syria",SY,https://www.latimes.com/world/la-fg-c1-syria-child-soldiers-20140916-story.html
20220201,1026122483,20220201,SYRIA,SYR,HASSAN,JOR,190,재래식 군사력 사용,19,4,-10.0,2,1,2,-5.0,"Aleppo, ?alab, Syria",SY,https://www.latimes.com/world/la-fg-c1-syria-child-soldiers-20140916-story.html
20220201,1026127926,20220201,GAZA,PSE,YEMEN,YEM,190,재래식 군사력 사용,19,4,-10.0,2,1,2,-4.28410372040586,Yemen,YM,https://www.clevelandjewishnews.com/jns/small-gaza-protest-points-to-bigger-ramifications-for-hamas/article_25d663c0-4199-5b5d-864a-d2897e93d8d7.html
20220201,1026129005,20220131,HAMAS,PSE,ISRAELI,ISR,190,재래식 군사력 사용,19,4,-10.0,6,1,6,-8.51063829787234,"Jerusalem, Israel (general), Israel",IS,https://www.gulf-times.com/story/709114/Israel-accused-of-enforcing-apartheid-on-Palestini
20220201,1026135233,20220201,ISRAELI,ISR,GAZA,PSE,193,소형무기·경무기를 이용한 전투,19,4,-10.0,2,1,2,1.66666666666667,"Gaza, Israel (general), Israel",IS,https://aviationweek.com/defense-space/missile-defense-weapons/israel-set-deploy-national-laser-shield
20220201,1026138848,20220201,ARBIL,IRQ,KURDISTAN,IRN,195,공중무기 사용,19,4,-10.0,6,1,6,-6.41025641025641,"Sinjar, Idlib, Syria",SY,https://gulfnews.com/world/mena/casualties-after-turkish-air-raids-target-pkk-iraqi-kurds-1.1643753409742
20220201,1026138849,20220201,ARBIL,IRQ,KURDISTAN,IRN,195,공중무기 사용,19,4,-10.0,4,1,4,-6.41025641025641,"Ankara, Ankara, Turkey",TU,https://gulfnews.com/world/mena/casualties-after-turkish-air-raids-target-pkk-iraqi-kurds-1.1643753409742
20220201,1026138989,20220201,BEIRUT,LBN,SYRIA,SYR,190,재래식 군사력 사용,19,4,-10.0,2,1,2,-5.54371002132196,"Ghouta, Dimashq, Syria",SY,https://schema-root.org/region/middle_east/syria/municipalities/idlib/
20220201,1026138990,20220201,BEIRUT,LBN,SYRIAN,SYR,190,재래식 군사력 사용,19,4,-10.0,8,1,8,-5.54371002132196,"Beirut, Beyrouth, Lebanon",LE,https://schema-root.org/region/middle_east/syria/municipalities/idlib/
20220201,1026139195,20220201,SYRIA,SYR,IRAQ,IRQ,190,재래식 군사력 사용,19,4,-10.0,8,1,8,-6.41025641025641,"Sinjar, Idlib, Syria",SY,https://gulfnews.com/world/mena/casualties-after-turkish-air-raids-target-pkk-iraqi-kurds-1.1643753409742
20220201,1026142250,20220201,IRAN,IRN,IRAQ,IRQ,190,재래식 군사력 사용,19,4,-10.0,1,1,1,-3.89261744966443,"Moscow, Moskva, Russia",RS,https://www.ynetnews.com/article/syxck3i0k
20220201,1026142251,20220201,IRAN,IRN,IRAQ,IRQ,190,재래식 군사력 사용,19,4,-10.0,1,1,1,-3.89261744966443,"Tehran, Tehran, Iran",IR,https://www.ynetnews.com/article/syxck3i0k
20220201,1026142252,20220201,TEHRAN,IRN,IRAQ,IRQ,195,공중무기 사용,19,4,-10.0,2,1,2,-3.89261744966443,"Washington, District of Columbia, United States",US,https://www.ynetnews.com/article/syxck3i0k
20220201,1026142253,20220201,IRAN,IRN,IRAQ,IRQ,195,공중무기 사용,19,4,-10.0,2,1,2,-3.89261744966443,"Latakia, Al Ladhiqiyah, Syria",SY,https://www.ynetnews.com/article/syxck3i0k
20220201,1026142254,20220201,TEHRAN,IRN,IRAQ,IRQ,195,공중무기 사용,19,4,-10.0,6,1,6,-3.89261744966443,"Latakia, Al Ladhiqiyah, Syria",SY,https://www.ynetnews.com/article/syxck3i0k
20220201,1026142258,20220201,IRAN,IRN,SYRIA,SYR,190,재래식 군사력 사용,19,4,-10.0,1,1,1,-3.89261744966443,"Moscow, Moskva, Russia",RS,https://www.ynetnews.com/article/syxck3i0k
20220201,1026142259,20220201,IRAN,IRN,SYRIA,SYR,190,재래식 군사력 사용,19,4,-10.0,1,1,1,-3.89261744966443,"Tehran, Tehran, Iran",IR,https://www.ynetnews.com/article/syxck3i0k
20220201,1026142260,20220201,TEHRAN,IRN,SYRIA,SYR,195,공중무기 사용,19,4,-10.0,2,1,2,-3.89261744966443,"Washington, District of Columbia, United States",US,https://www.ynetnews.com/article/syxck3i0k
20220201,1026142261,20220201,TEHRAN,IRN,SYRIA,SYR,195,공중무기 사용,19,4,-10.0,8,1,8,-3.89261744966443,"Latakia, Al Ladhiqiyah, Syria",SY,https://www.ynetnews.com/article/syxck3i0k
20220201,1026145173,20220201,ISRAEL,ISR,PALESTINIAN,PSE,193,소형무기·경무기를 이용한 전투,19,4,-10.0,2,1,2,-2.50329380764164,Israel,IS,https://www.algemeiner.com/2022/02/01/reuters-promises-impartial-reportage-after-watchdog-expresses-concerns-over-journalists-israel-tweets/
20220201,1026147100,20220201,ISRAEL,ISR,GAZA,PSE,190,재래식 군사력 사용,19,4,-10.0,4,1,4,-6.33333333333333,"Gaza, Israel (general), Israel",IS,https://www.washingtonexaminer.com/policy/defense-national-security/state-department-rejects-amnesty-internationals-apartheid-israel-report
20220201,1026147107,20220201,ISRAELI,ISR,GAZA,PSE,190,재래식 군사력 사용,19,4,-10.0,2,1,2,-6.33333333333333,"Gaza, Israel (general), Israel",IS,https://www.washingtonexaminer.com/policy/defense-national-security/state-department-rejects-amnesty-internationals-apartheid-israel-report
20220201,1026147347,20220201,GAZA,PSE,ISRAEL,ISR,190,재래식 군사력 사용,19,4,-10.0,4,1,4,-6.33333333333333,"Gaza, Israel (general), Israel",IS,https://www.washingtonexaminer.com/policy/defense-national-security/state-department-rejects-amnesty-internationals-apartheid-israel-report
20220201,1026147348,20220201,GAZA,PSE,ISRAELI,ISR,190,재래식 군사력 사용,19,4,-10.0,2,1,2,-6.33333333333333,"Gaza, Israel (general), Israel",IS,https://www.washingtonexaminer.com/policy/defense-national-security/state-department-rejects-amnesty-internationals-apartheid-israel-report
20220202,1026149554,20220202,ISRAEL,ISR,GAZA,PSE,194,포병·전차를 이용한 전투,19,4,-10.0,54,11,54,-1.40335141877941,"Gaza, Israel (general), Israel",IS,https://www.scmp.com/news/world/middle-east/article/3165538/israel-says-iron-dome-too-pricey-plans-laser-wall-defence
20220202,1026150114,20220202,SYRIA,SYR,IRAQ,IRQ,190,재래식 군사력 사용,19,4,-10.0,96,11,96,-4.57502226717302,"Sinjar, Idlib, Syria",SY,https://www.thedefensepost.com/2022/02/01/turkish-air-raids-pkk/
20220202,1026150134,20220202,TURKEY,TUR,IRAQ,IRQ,195,공중무기 사용,19,4,-10.0,20,2,20,-6.97278911564626,"Ankara, Ankara, Turkey",TU,https://www.thedefensepost.com/2022/02/01/turkish-air-raids-pkk/
20220202,1026153253,20220202,GAZA,PSE,ISRAEL,ISR,194,포병·전차를 이용한 전투,19,4,-10.0,28,11,28,-0.906038375949906,"Gaza, Israel (general), Israel",IS,https://www.stltoday.com/lifestyles/technology/israeli-pm-to-speed-up-rollout-of-lasers-for-missile-defense/article_5485bb3a-4972-59b4-9bb1-fc8f5644b267.html
20220202,1026156448,20220202,TURKISH,TUR,IRAQ,IRQ,195,공중무기 사용,19,4,-10.0,4,1,4,-5.09259259259259,Iraq,IZ,https://www.aa.com.tr/en/middle-east/turkish-air-force-targets-terrorists-in-northern-iraq-syria/2491419
20220202,1026156451,20220202,TURKISH,TUR,IRAQ,IRQ,195,공중무기 사용,19,4,-10.0,6,1,6,-5.09259259259259,Iraq,IZ,https://www.aa.com.tr/en/middle-east/turkish-air-force-targets-terrorists-in-northern-iraq-syria/2491419
20220202,1026160889,20220202,ISRAEL,ISR,IRAN,IRN,195,공중무기 사용,19,4,-10.0,10,1,10,-1.31004366812227,Israel,IS,https://www.timesofisrael.com/us-official-attended-israeli-air-force-drill-simulating-attack-on-iran-report/
20220202,1026163026,20220202,TURKISH,TUR,IRAN,IRN,163,금수·보이콧·제재 부과,16,4,-8.0,1,1,1,0.7679180887372,"Anadolu, Turkey (general), Turkey",TU,https://www.aa.com.tr/en/economy/turkiye-opens-door-to-cooperation-in-foreign-trade-with-its-new-economic-strategy/2491421
20220202,1026163027,20220202,TURKISH,TUR,IRAN,IRN,163,금수·보이콧·제재 부과,16,4,-8.0,1,1,1,0.7679180887372,Azerbaijan,AJ,https://www.aa.com.tr/en/economy/turkiye-opens-door-to-cooperation-in-foreign-trade-with-its-new-economic-strategy/2491421
20220202,1026173941,20220202,TURKISH,TUR,IRAQ,IRQ,190,재래식 군사력 사용,19,4,-10.0,6,1,6,-6.08108108108108,Turkey,TU,https://www.greenleft.org.au/content/west-could-have-prevented-deadly-isis-prison-breakout-northeast-syria
20220202,1026173942,20220202,TURKISH,TUR,IRAQ,IRQ,190,재래식 군사력 사용,19,4,-10.0,4,1,4,-6.08108108108108,Turkey,TU,https://www.greenleft.org.au/content/west-could-have-prevented-deadly-isis-prison-breakout-northeast-syria
20220202,1026173949,20220202,TURKISH,TUR,SYRIA,SYR,190,재래식 군사력 사용,19,4,-10.0,10,1,10,-6.08108108108108,Turkey,TU,https://www.greenleft.org.au/content/west-could-have-prevented-deadly-isis-prison-breakout-northeast-syria
20220202,1026176040,20220202,ISRAEL,ISR,GAZA,PSE,194,포병·전차를 이용한 전투,19,4,-10.0,2,1,2,-1.79717586649551,United States,US,https://www.msn.com/en-xl/middleeast/middleeast-top-stories/israeli-pm-to-speed-up-rollout-of-lasers-for-missile-defense/ar-AATnCob
20220202,1026177757,20220202,ISRAEL,ISR,GAZA,PSE,190,재래식 군사력 사용,19,4,-10.0,4,1,4,-6.37362637362637,"Gaza, Israel (general), Israel",IS,https://gazette.com/news/state-department-rejects-amnesty-internationals-apartheid-israel-report/article_f49beaa7-4086-5f00-8da6-912cae8376c2.html
20220202,1026177770,20220202,ISRAELI,ISR,GAZA,PSE,190,재래식 군사력 사용,19,4,-10.0,2,1,2,-6.37362637362637,"Gaza, Israel (general), Israel",IS,https://gazette.com/news/state-department-rejects-amnesty-internationals-apartheid-israel-report/article_f49beaa7-4086-5f00-8da6-912cae8376c2.html
20220202,1026177965,20220202,GAZA,PSE,ISRAEL,ISR,190,재래식 군사력 사용,19,4,-10.0,4,1,4,-6.37362637362637,"Gaza, Israel (general), Israel",IS,https://gazette.com/news/state-department-rejects-amnesty-internationals-apartheid-israel-report/article_f49beaa7-4086-5f00-8da6-912cae8376c2.html
20220202,1026177966,20220202,GAZA,PSE,ISRAELI,ISR,190,재래식 군사력 사용,19,4,-10.0,2,1,2,-6.37362637362637,"Gaza, Israel (general), Israel",IS,https://gazette.com/news/state-department-rejects-amnesty-internationals-apartheid-israel-report/article_f49beaa7-4086-5f00-8da6-912cae8376c2.html
20220202,1026179135,20220202,ARBIL,IRQ,KURDISTAN,IRN,195,공중무기 사용,19,4,-10.0,2,1,2,-6.97674418604651,"Sinjar, Idlib, Syria",SY,https://dunyanews.tv/en/World/639410-Casualties-after-Turkish-air-raids-target-PKK:-Iraqi-Kurds
20220202,1026179136,20220202,ARBIL,IRQ,KURDISTAN,IRN,195,공중무기 사용,19,4,-10.0,8,1,8,-6.97674418604651,"Ankara, Ankara, Turkey",TU,https://dunyanews.tv/en/World/639410-Casualties-after-Turkish-air-raids-target-PKK:-Iraqi-Kurds
20220202,1026180271,20220202,ISRAEL,ISR,IRAN,IRN,190,재래식 군사력 사용,19,4,-10.0,5,1,5,-2.0,Israel,IS,https://news.antiwar.com/2022/02/01/report-israeli-air-force-simulated-massive-attack-on-iran-as-us-officer-watched/
20220202,1026180272,20220202,ISRAEL,ISR,IRAN,IRN,195,공중무기 사용,19,4,-10.0,10,1,10,-2.0,"Tehran, Tehran, Iran",IR,https://news.antiwar.com/2022/02/01/report-israeli-air-force-simulated-massive-attack-on-iran-as-us-officer-watched/
20220202,1026180279,20220202,ISRAELI,ISR,IRAN,IRN,190,재래식 군사력 사용,19,4,-10.0,6,1,6,-2.0,Israel,IS,https://news.antiwar.com/2022/02/01/report-israeli-air-force-simulated-massive-attack-on-iran-as-us-officer-watched/
20220202,1026184053,20220202,IRAN,IRN,SYRIA,SYR,190,재래식 군사력 사용,19,4,-10.0,6,1,6,-2.76595744680851,"Damascus, Dimashq, Syria",SY,https://thepeninsulaqatar.com/article/29/08/2013/strategic-equation
20220202,1026184054,20220202,IRAN,IRN,SYRIA,SYR,190,재래식 군사력 사용,19,4,-10.0,2,1,2,-2.76595744680851,"Damascus, Dimashq, Syria",SY,https://thepeninsulaqatar.com/article/29/08/2013/strategic-equation
20220202,1026184055,20220202,IRAN,IRN,SYRIA,SYR,190,재래식 군사력 사용,19,4,-10.0,2,1,2,-2.76595744680851,Russia,RS,https://thepeninsulaqatar.com/article/29/08/2013/strategic-equation
20220202,1026189515,20220202,ISRAEL,ISR,GAZA,PSE,192,영토 점령,19,4,-9.5,2,1,2,-1.60771704180064,"Gaza, Israel (general), Israel",IS,https://www.msn.com/en-in/news/world/laser-wall-will-protect-us-from-rockets-missiles-uavs-israel-pm-naftali-bennett/ar-AATnRoB
20220202,1026189516,20220202,ISRAEL,ISR,GAZA,PSE,192,영토 점령,19,4,-9.5,8,1,8,-1.60771704180064,Gaza Strip,GZ,https://www.msn.com/en-in/news/world/laser-wall-will-protect-us-from-rockets-missiles-uavs-israel-pm-naftali-bennett/ar-AATnRoB
20220202,1026189520,20220202,ISRAEL,ISR,GAZA,PSE,194,포병·전차를 이용한 전투,19,4,-10.0,4,1,4,-1.60771704180064,"Gaza, Israel (general), Israel",IS,https://www.msn.com/en-in/news/world/laser-wall-will-protect-us-from-rockets-missiles-uavs-israel-pm-naftali-bennett/ar-AATnRoB
20220202,1026196204,20220202,TURKEY,TUR,IRAQ,IRQ,190,재래식 군사력 사용,19,4,-10.0,16,1,16,-5.89622641509434,"Derik, Diyarbakir, Turkey",TU,https://www.msn.com/en-ae/news/middleeast/turkey-strikes-pkk-targets-in-northern-iraq-and-syria-causing-casualties/ar-AATo0yF
20220202,1026196205,20220202,TURKEY,TUR,IRAQ,IRQ,190,재래식 군사력 사용,19,4,-10.0,4,1,4,-5.89622641509434,"Derik, Diyarbakir, Turkey",TU,https://www.msn.com/en-ae/news/middleeast/turkey-strikes-pkk-targets-in-northern-iraq-and-syria-causing-casualties/ar-AATo0yF
20220202,1026196206,20220202,TURKEY,TUR,IRAQ,IRQ,195,공중무기 사용,19,4,-10.0,20,1,20,-5.89622641509434,"Derik, Diyarbakir, Turkey",TU,https://www.msn.com/en-ae/news/middleeast/turkey-strikes-pkk-targets-in-northern-iraq-and-syria-causing-casualties/ar-AATo0yF
20220202,1026196208,20220202,TURKEY,TUR,SYRIA,SYR,190,재래식 군사력 사용,19,4,-10.0,16,1,16,-5.89622641509434,"Derik, Diyarbakir, Turkey",TU,https://www.msn.com/en-ae/news/middleeast/turkey-strikes-pkk-targets-in-northern-iraq-and-syria-causing-casualties/ar-AATo0yF
20220202,1026196209,20220202,TURKEY,TUR,SYRIA,SYR,190,재래식 군사력 사용,19,4,-10.0,4,1,4,-5.89622641509434,"Derik, Diyarbakir, Turkey",TU,https://www.msn.com/en-ae/news/middleeast/turkey-strikes-pkk-targets-in-northern-iraq-and-syria-causing-casualties/ar-AATo0yF
20220202,1026205264,20220202,ISRAEL,ISR,FARS NEWS,IRN,194,포병·전차를 이용한 전투,19,4,-10.0,6,1,6,-1.24401913875598,"Jerusalem, Israel (general), Israel",IS,https://www.msn.com/en-us/news/world/israels-laser-missile-defense-system-is-the-talk-of-the-town/ar-AATobF8
20220202,1026205639,20220202,TURKISH,TUR,IRAQ,IRQ,195,공중무기 사용,19,4,-10.0,24,2,24,-5.24598587026332,"Ankara, Ankara, Turkey",TU,"https://english.ahram.org.eg/NewsContent/2/8/459364/World/Region/Turkey-strikes-PKK-in-Iraq-and-Syria,-Kurds-report.aspx"
20220202,1026210501,20220202,SAUDI,SAU,YEMEN,YEM,190,재래식 군사력 사용,19,4,-10.0,1,1,1,-5.78635014836796,"Sanaa, Sana', Yemen",YM,https://www.timesofisrael.com/us-to-send-warship-fighter-jets-to-uae-after-missile-attacks-by-iran-backed-houthis/
20220202,1026210502,20220202,SAUDI,SAU,YEMEN,YEM,190,재래식 군사력 사용,19,4,-10.0,1,1,1,-5.78635014836796,Saudi Arabia,SA,https://www.timesofisrael.com/us-to-send-warship-fighter-jets-to-uae-after-missile-attacks-by-iran-backed-houthis/
20220202,1026210655,20220202,YEMEN,YEM,SAUDI,SAU,190,재래식 군사력 사용,19,4,-10.0,1,1,1,-5.78635014836796,"Sanaa, Sana', Yemen",YM,https://www.timesofisrael.com/us-to-send-warship-fighter-jets-to-uae-after-missile-attacks-by-iran-backed-houthis/
20220202,1026210656,20220202,YEMEN,YEM,SAUDI,SAU,190,재래식 군사력 사용,19,4,-10.0,1,1,1,-5.78635014836796,Saudi Arabia,SA,https://www.timesofisrael.com/us-to-send-warship-fighter-jets-to-uae-after-missile-attacks-by-iran-backed-houthis/
20220202,1026212271,20220202,SAUDI,SAU,QATAR,QAT,163,금수·보이콧·제재 부과,16,4,-8.0,7,6,7,-2.21786486013614,"Mogadishu, Banaadir, Somalia",SO,https://abcnews.go.com/International/wireStory/uae-welcomes-somali-apology-seized-cash-easing-dispute-82618707
20220202,1026212272,20220202,SAUDI,SAU,QATAR,QAT,163,금수·보이콧·제재 부과,16,4,-8.0,11,11,11,-1.89198486412109,Saudi Arabia,SA,https://www.theintelligencer.com/news/article/UAE-welcomes-Somali-apology-for-seized-cash-16824289.php
20220202,1026212273,20220202,SAUDI ARABIA,SAU,QATAR,QAT,163,금수·보이콧·제재 부과,16,4,-8.0,90,17,90,-2.0187159736825,"Doha, Ad Daw?ah, Qatar",QA,https://abcnews.go.com/International/wireStory/uae-welcomes-somali-apology-seized-cash-easing-dispute-82618707
20220202,1026212274,20220202,SAUDI ARABIA,SAU,QATAR,QAT,163,금수·보이콧·제재 부과,16,4,-8.0,36,17,36,-2.0187159736825,Saudi Arabia,SA,https://abcnews.go.com/International/wireStory/uae-welcomes-somali-apology-seized-cash-easing-dispute-82618707
20220202,1026215301,20220201,HAMAS,PSE,ISRAELI,ISR,190,재래식 군사력 사용,19,4,-10.0,3,1,3,-8.51063829787234,"Jerusalem, Israel (general), Israel",IS,https://www.gulf-times.com/story/709114/US-to-send-warship-fighter-jets-to-UAE-after-Yemen
20220202,1026219493,20220202,ISRAEL,ISR,PALESTINE,PSE,163,금수·보이콧·제재 부과,16,4,-8.0,2,1,2,-3.90390390390391,Israel,IS,https://www.jns.org/opinion/the-jewish-people-alone-created-israel-not-the-holocaust-and-not-the-un/
20220202,1026223519,20220202,ISRAEL,ISR,IRANIAN,IRN,154,군 병력 동원·증강,15,4,-7.2,2,1,2,-6.34920634920635,Iran,IR,https://www.legitgov.org/israel-simulates-attack-irans-nuclear-facilities-media
20220202,1026227802,20220202,GAZA,PSE,ISRAEL,ISR,194,포병·전차를 이용한 전투,19,4,-10.0,2,1,2,0.91116173120729,"Jerusalem, Israel (general), Israel",IS,https://www1.cbn.com/cbnnews/israel/2022/february/israel-to-rollout-advanced-laser-technology-to-intercept-missiles-rockets
20220202,1026227803,20220202,GAZA,PSE,ISRAEL,ISR,194,포병·전차를 이용한 전투,19,4,-10.0,8,1,8,0.91116173120729,Gaza Strip,GZ,https://www1.cbn.com/cbnnews/israel/2022/february/israel-to-rollout-advanced-laser-technology-to-intercept-missiles-rockets
20220202,1026232960,20220202,TURKISH,TUR,KURDISTAN,IRN,195,공중무기 사용,19,4,-10.0,12,6,12,-3.23886639676114,Turkey,TU,https://www.malaysiasun.com/news/272258962/turkish-warplanes-hit-targets-in-iraq-syria
20220202,1026232962,20220202,TURKEY,TUR,IRAN,IRN,195,공중무기 사용,19,4,-10.0,24,6,24,-3.23886639676114,Turkey,TU,https://www.malaysiasun.com/news/272258962/turkish-warplanes-hit-targets-in-iraq-syria
20220202,1026240686,20220202,SYRIAN,SYR,LEBANON,LBN,190,재래식 군사력 사용,19,4,-10.0,4,1,4,-7.74647887323944,"Bekaa, Béa, Lebanon",LE,https://english.aawsat.com/home/article/3451571/security-forces-curb-fuel-smuggling-syria-lebanon
20220202,1026240687,20220202,SYRIAN,SYR,LEBANESE,LBN,190,재래식 군사력 사용,19,4,-10.0,6,1,6,-7.74647887323944,"Bekaa, Béa, Lebanon",LE,https://english.aawsat.com/home/article/3451571/security-forces-curb-fuel-smuggling-syria-lebanon
20220202,1026240715,20220202,TURKISH,TUR,IRAQ,IRQ,195,공중무기 사용,19,4,-10.0,4,1,4,-6.66666666666667,"Anadolu, Turkey (general), Turkey",TU,https://en.vestikavkaza.ru/news/Turkish-Air-Force-targets-terrorists-in-northern-Iraq-Syria.html
20220202,1026240731,20220202,TURKISH,TUR,IRAQ,IRQ,195,공중무기 사용,19,4,-10.0,6,1,6,-6.66666666666667,"Anadolu, Turkey (general), Turkey",TU,https://en.vestikavkaza.ru/news/Turkish-Air-Force-targets-terrorists-in-northern-Iraq-Syria.html
20220202,1026242677,20220202,IRAQ,IRQ,TURKEY,TUR,190,재래식 군사력 사용,19,4,-10.0,10,1,10,-5.23751522533496,"Erbil, Mardin, Turkey",TU,https://www.middleeasteye.net/news/iraq-protests-turkey-air-strikes-hit-kurdish-refugee-camps
20220202,1026242700,20220202,ISRAEL,ISR,ABDULLAH,SAU,190,재래식 군사력 사용,19,4,-10.0,1,1,1,-7.4,"Jerusalem, Israel (general), Israel",IS,https://www.silwanic.net/index.php/article/news/78478
20220202,1026243059,20220202,SYRIA,SYR,TURKEY,TUR,190,재래식 군사력 사용,19,4,-10.0,8,1,8,-5.23751522533496,"Erbil, Mardin, Turkey",TU,https://www.middleeasteye.net/news/iraq-protests-turkey-air-strikes-hit-kurdish-refugee-camps
20220202,1026243060,20220202,SYRIA,SYR,TURKEY,TUR,190,재래식 군사력 사용,19,4,-10.0,2,1,2,-5.23751522533496,"Erbil, Mardin, Turkey",TU,https://www.middleeasteye.net/news/iraq-protests-turkey-air-strikes-hit-kurdish-refugee-camps
20220202,1026243082,20220202,TURKEY,TUR,IRAQ,IRQ,190,재래식 군사력 사용,19,4,-10.0,2,1,2,-5.23751522533496,"Erbil, Mardin, Turkey",TU,https://www.middleeasteye.net/news/iraq-protests-turkey-air-strikes-hit-kurdish-refugee-camps
20220202,1026243083,20220202,TURKEY,TUR,IRAQ,IRQ,190,재래식 군사력 사용,19,4,-10.0,2,1,2,-5.23751522533496,"Erbil, Mardin, Turkey",TU,https://www.middleeasteye.net/news/iraq-protests-turkey-air-strikes-hit-kurdish-refugee-camps
20220202,1026250467,20220202,IRAN,IRN,SAUDI,SAU,190,재래식 군사력 사용,19,4,-10.0,6,1,6,-0.890207715133529,Saudi Arabia,SA,https://www.dawn.com/news/1672897/pm-imran-condemns-houthi-attack-on-uae-in-phone-call-with-abu-dhabi-crown-prince
20220202,1026250468,20220202,IRAN,IRN,SAUDI,SAU,190,재래식 군사력 사용,19,4,-10.0,4,1,4,-0.890207715133529,Saudi Arabia,SA,https://www.dawn.com/news/1672897/pm-imran-condemns-houthi-attack-on-uae-in-phone-call-with-abu-dhabi-crown-prince
20220202,1026250823,20220202,SAUDI,SAU,IRAN,IRN,190,재래식 군사력 사용,19,4,-10.0,6,1,6,-0.890207715133529,Saudi Arabia,SA,https://www.dawn.com/news/1672897/pm-imran-condemns-houthi-attack-on-uae-in-phone-call-with-abu-dhabi-crown-prince
20220202,1026250824,20220202,SAUDI,SAU,IRAN,IRN,190,재래식 군사력 사용,19,4,-10.0,4,1,4,-0.890207715133529,Saudi Arabia,SA,https://www.dawn.com/news/1672897/pm-imran-condemns-houthi-attack-on-uae-in-phone-call-with-abu-dhabi-crown-prince
20220202,1026254148,20220202,ISRAELI,ISR,PALESTINIAN,PSE,190,재래식 군사력 사용,19,4,-10.0,4,1,4,-2.77777777777778,"Yesha, HaDarom, Israel",IS,https://www.timesofisrael.com/mandelblit-said-to-have-okayed-illegal-west-bank-outpost-just-before-retiring-as-ag/
20220202,1026254152,20220202,ISRAELI,ISR,PALESTINIAN,PSE,190,재래식 군사력 사용,19,4,-10.0,6,1,6,-2.77777777777778,"Yesha, HaDarom, Israel",IS,https://www.timesofisrael.com/mandelblit-said-to-have-okayed-illegal-west-bank-outpost-just-before-retiring-as-ag/
20220202,1026254467,20220202,PALESTINIAN,PSE,ISRAELI,ISR,190,재래식 군사력 사용,19,4,-10.0,8,1,4,-2.77777777777778,"Yesha, HaDarom, Israel",IS,https://www.timesofisrael.com/mandelblit-said-to-have-okayed-illegal-west-bank-outpost-just-before-retiring-as-ag/
20220202,1026254468,20220202,PALESTINIAN,PSE,ISRAELI,ISR,190,재래식 군사력 사용,19,4,-10.0,6,1,6,-2.77777777777778,"Yesha, HaDarom, Israel",IS,https://www.timesofisrael.com/mandelblit-said-to-have-okayed-illegal-west-bank-outpost-just-before-retiring-as-ag/
20220202,1026257222,20220202,ISRAEL,ISR,PALESTINE,PSE,190,재래식 군사력 사용,19,4,-10.0,20,1,20,-6.59217877094972,"Nairobi, Nairobi Area, Kenya",KE,https://www.standardmedia.co.ke/asia/article/2001436249/palestine-and-israel-ambassadors-clash-over-amnesty-report
20220202,1026257435,20220202,PALESTINE,PSE,ISRAEL,ISR,190,재래식 군사력 사용,19,4,-10.0,30,1,30,-6.59710014367906,"London, London, City of, United Kingdom",UK,https://www.standardmedia.co.ke/asia/article/2001436249/palestine-and-israel-ambassadors-clash-over-amnesty-report
20220202,1026259592,20220202,IRAQ,IRQ,TURKEY,TUR,190,재래식 군사력 사용,19,4,-10.0,10,5,10,-9.06486903485993,"Ankara, Ankara, Turkey",TU,https://www.rfi.fr/en/middle-east/20220202-turkey-strikes-kurd-targets-in-iraq-syria
20220202,1026259603,20220202,ISRAELI,ISR,IRANIAN,IRN,195,공중무기 사용,19,4,-10.0,2,1,2,-4.11764705882353,Iraq,IZ,https://www.plenglish.com/news/2022/02/02/israeli-air-force-simulated-attack-on-iranian-facilities/
20220202,1026259620,20220202,ISRAELI,ISR,IRANIAN,IRN,195,공중무기 사용,19,4,-10.0,6,1,6,-4.11764705882353,Iraq,IZ,https://www.plenglish.com/news/2022/02/02/israeli-air-force-simulated-attack-on-iranian-facilities/
20220202,1026259993,20220202,SYRIA,SYR,TURKEY,TUR,193,소형무기·경무기를 이용한 전투,19,4,-10.0,2,1,2,-9.42408376963351,Turkey,TU,https://www.ansamed.info/ansamed/en/news/sections/generalnews/2022/02/02/syria-4-killed-22-wounded-in-attack-north-of-aleppo-ngo_ad3f0ca6-7610-4ee4-b413-f40b98d4d023.html
20220202,1026259996,20220202,TURKEY,TUR,IRAQ,IRQ,190,재래식 군사력 사용,19,4,-10.0,50,5,50,-9.10604267603357,"Sinjar, Babil, Iraq",IZ,https://www.rfi.fr/en/middle-east/20220202-turkey-strikes-kurd-targets-in-iraq-syria
20220202,1026259997,20220202,ANKARA,TUR,IRAQ,IRQ,195,공중무기 사용,19,4,-10.0,48,6,48,-4.51487973909499,Syria,SY,http://www.chinaview.cn/20220202/a318c62b9ea8406eab24f2e56c4a2bbc/c.html
20220202,1026259998,20220202,TURKISH,TUR,IRAQ,IRQ,195,공중무기 사용,19,4,-10.0,8,1,8,-6.57894736842105,Turkey,TU,https://www.zawya.com/mena/en/story/Turkish_warplanes_attack_Kurdish_fighters_in_Iraq_Syria-TR20220202nL1N2UD058X3/
20220202,1026260002,20220202,TURKEY,TUR,SYRIA,SYR,193,소형무기·경무기를 이용한 전투,19,4,-10.0,2,1,2,-9.42408376963351,Turkey,TU,https://www.ansamed.info/ansamed/en/news/sections/generalnews/2022/02/02/syria-4-killed-22-wounded-in-attack-north-of-aleppo-ngo_ad3f0ca6-7610-4ee4-b413-f40b98d4d023.html
20220202,1026267122,20220202,ISRAELI,ISR,IRAN,IRN,195,공중무기 사용,19,4,-10.0,10,1,10,-1.69491525423729,Iran,IR,https://www.debka.com/mivzak/israel-drills-massive-air-strike-on-iranian-nuclear-sites-first-us-presence/
20220202,1026267476,20220202,SAUDI,SAU,ISRAEL,ISR,190,재래식 군사력 사용,19,4,-10.0,2,1,2,-0.552486187845299,Israel,IS,https://www.middleeastmonitor.com/20220202-pro-democracy-group-founded-by-khashoggi-launches-israel-palestine-program/
20220202,1026267477,20220202,SAUDI,SAU,ISRAEL,ISR,190,재래식 군사력 사용,19,4,-10.0,1,1,1,-0.552486187845299,Saudi Arabia,SA,https://www.middleeastmonitor.com/20220202-pro-democracy-group-founded-by-khashoggi-launches-israel-palestine-program/
20220202,1026267510,20220202,TURKISH,TUR,IRAQ,IRQ,195,공중무기 사용,19,4,-10.0,8,1,8,-5.73394495412844,"Ankara, Ankara, Turkey",TU,https://dunyanews.tv/en/World/639533-Turkish-warplanes-attack-Kurdish-fighters-in-Iraq-Syria
20220202,1026271609,20220202,GAZA,PSE,ISRAEL,ISR,193,소형무기·경무기를 이용한 전투,19,4,-10.0,2,1,2,-9.96441281138791,"Jerusalem, Israel (general), Israel",IS,https://www.terrorism-info.org.il/en/palestinian-terrorism-2021-summary-types-and-trends/
20220202,1026275146,20220202,AL JAZEERA,QAT,PALESTINIAN,PSE,190,재래식 군사력 사용,19,4,-10.0,10,1,10,-3.07898259705489,"Gaza, Israel (general), Israel",IS,https://psuvanguard.com/what-is-boeing-still-doing-at-psu/
20220202,1026287012,20220202,IRAQ,IRQ,IRAN,IRN,1384,재래식 군사 공격 위협,13,3,-7.0,2,1,2,-0.07097232079489,"Tehran, Tehran, Iran",IR,https://www.veteranstoday.com/2022/02/02/iran-new-foreign-policy-outlook/
20220202,1026287017,20220202,ISRAEL,ISR,PALESTINE,PSE,190,재래식 군사력 사용,19,4,-10.0,10,1,10,-6.60694288913774,Israel,IS,https://www.standardmedia.co.ke/health/asia/article/2001436249/palestine-and-israel-ambassadors-clash-over-amnesty-report
20220202,1026289276,20220202,IRAN,IRN,SAUDI ARABIA,SAU,194,포병·전차를 이용한 전투,19,4,-10.0,18,3,18,-4.66965246208511,"Riyadh, Ar Riya?, Saudi Arabia",SA,https://themedialine.org/news/the-houthis-who-are-they-and-what-do-they-want/
20220202,1026289277,20220202,IRAN,IRN,SAUDI,SAU,194,포병·전차를 이용한 전투,19,4,-10.0,6,3,6,-4.66965246208511,"Zaydi, La?ij, Yemen",YM,https://themedialine.org/news/the-houthis-who-are-they-and-what-do-they-want/
20220202,1026289278,20220202,IRAN,IRN,SAUDI ARABIA,SAU,194,포병·전차를 이용한 전투,19,4,-10.0,6,3,6,-4.66965246208511,"Riyadh, Ar Riya?, Saudi Arabia",SA,https://themedialine.org/news/the-houthis-who-are-they-and-what-do-they-want/
20220202,1026291895,20220202,TURKEY,TUR,IRAQ,IRQ,190,재래식 군사력 사용,19,4,-10.0,10,1,10,-8.83116883116883,"Ankara, Ankara, Turkey",TU,https://www.omanobserver.om/article/1113668/world/region/turkey-strikes-targets-in-iraq-syria
20220202,1026296671,20220202,PALESTINIAN,PSE,JERUSALEM,ISR,190,재래식 군사력 사용,19,4,-10.0,11,2,9,-5.5805276656117,"Jerusalem, Israel (general), Israel",IS,https://unitedwithisrael.org/watch-un-ignores-victims-of-palestinian-terror/
20220202,1026296672,20220202,PALESTINIAN,PSE,ISRAEL,ISR,190,재래식 군사력 사용,19,4,-10.0,4,1,4,-2.0671834625323,Israel,IS,https://www.timesofisrael.com/labor-meretz-warn-authorizing-illegal-outpost-evyatar-threatens-coalition/
20220202,1026299200,20220202,PALESTINIAN,PSE,ISRAEL,ISR,163,금수·보이콧·제재 부과,16,4,-8.0,2,1,2,-3.05343511450382,"Jordan River, Israel (general), Israel",IS,https://www.middleeasteye.net/opinion/israel-losing-fight-obscure-its-apartheid-character
20220202,1026299201,20220202,PALESTINIAN,PSE,ISRAEL,ISR,163,금수·보이콧·제재 부과,16,4,-8.0,2,1,2,-3.05343511450382,"Jordan River, Israel (general), Israel",IS,https://www.middleeasteye.net/opinion/israel-losing-fight-obscure-its-apartheid-character
20220202,1026299292,20220202,ANKARA,TUR,IRAQ,IRQ,195,공중무기 사용,19,4,-10.0,50,5,50,-4.47154471544716,"Matadi Kibala, Congo, Democratic Republic of The (general), Democratic Republic Of The Congo",CG,https://www.middleeaststar.com/news/272260350/xinhua-world--summary-at-1530-gmt-feb-2
20220202,1026301741,20220202,TURKEY,TUR,SAUDI,SAU,190,재래식 군사력 사용,19,4,-10.0,1,1,1,-3.29842931937173,Saudi Arabia,SA,http://www.msn.com/en-us/news/technology/pegasus-spyware-and-the-us-government-what-you-need-to-know/ar-AAMl60a
20220202,1026301742,20220202,TURKEY,TUR,SAUDI ARABIA,SAU,190,재래식 군사력 사용,19,4,-10.0,1,1,1,-3.29842931937173,Saudi Arabia,SA,http://www.msn.com/en-us/news/technology/pegasus-spyware-and-the-us-government-what-you-need-to-know/ar-AAMl60a
20220202,1026301743,20220202,TURKEY,TUR,SAUDI,SAU,190,재래식 군사력 사용,19,4,-10.0,6,1,6,-3.29842931937173,Saudi Arabia,SA,http://www.msn.com/en-us/news/technology/pegasus-spyware-and-the-us-government-what-you-need-to-know/ar-AAMl60a
20220202,1026301744,20220202,TURKEY,TUR,SAUDI ARABIA,SAU,190,재래식 군사력 사용,19,4,-10.0,1,1,1,-3.29842931937173,Saudi Arabia,SA,http://www.msn.com/en-us/news/technology/pegasus-spyware-and-the-us-government-what-you-need-to-know/ar-AAMl60a
20220202,1026304137,20220202,TURKISH,TUR,SYRIA,SYR,195,공중무기 사용,19,4,-10.0,8,1,8,-8.28025477707006,Iraq,IZ,https://english.alaraby.co.uk/news/turkish-air-strike-kills-four-northeast-syria-monitor
20220202,1026310651,20220202,ISRAELI,ISR,PALESTINIAN,PSE,190,재래식 군사력 사용,19,4,-10.0,2,1,2,-4.20918367346939,"Jerusalem, Israel (general), Israel",IS,https://www.ynetnews.com/article/hj5xmi000f
20220202,1026310655,20220202,ISRAEL,ISR,SAUDI,SAU,190,재래식 군사력 사용,19,4,-10.0,10,2,10,-0.682912933133063,Saudi Arabia,SA,https://www.aljazeera.com/news/2022/2/2/israel-participates-in-huge-us-mideast-naval-exercise
20220202,1026310656,20220202,ISRAEL,ISR,SAUDI,SAU,194,포병·전차를 이용한 전투,19,4,-10.0,8,2,8,-0.682912933133063,"Manama, Al Manamah, Bahrain",BA,https://www.aljazeera.com/news/2022/2/2/israel-participates-in-huge-us-mideast-naval-exercise
20220202,1026310657,20220202,ISRAEL,ISR,SAUDI,SAU,194,포병·전차를 이용한 전투,19,4,-10.0,2,2,2,-0.682912933133063,"Manama, Al Manamah, Bahrain",BA,https://www.aljazeera.com/news/2022/2/2/israel-participates-in-huge-us-mideast-naval-exercise
20220202,1026310939,20220202,PALESTINIAN,PSE,ISRAELI,ISR,190,재래식 군사력 사용,19,4,-10.0,2,1,2,-4.20918367346939,"Jerusalem, Israel (general), Israel",IS,https://www.ynetnews.com/article/hj5xmi000f
20220202,1026310990,20220202,SAUDI,SAU,ISRAEL,ISR,190,재래식 군사력 사용,19,4,-10.0,10,2,10,-0.682912933133063,Saudi Arabia,SA,https://www.aljazeera.com/news/2022/2/2/israel-participates-in-huge-us-mideast-naval-exercise
20220202,1026312734,20220202,ISRAEL,ISR,JORDAN,JOR,192,영토 점령,19,4,-9.5,2,1,2,1.96245733788396,"Amman, (JO11), Jordan",JO,https://www.csmonitor.com/World/Middle-East/2022/0202/Storefront-history-Amman-museum-celebrates-lost-art-of-signage
20220202,1026312945,20220202,PALESTINIAN,PSE,JORDAN,JOR,192,영토 점령,19,4,-9.5,1,1,1,1.96245733788396,"Jerusalem, Israel (general), Israel",IS,https://www.csmonitor.com/World/Middle-East/2022/0202/Storefront-history-Amman-museum-celebrates-lost-art-of-signage
20220202,1026312946,20220202,PALESTINIAN,PSE,JORDAN,JOR,192,영토 점령,19,4,-9.5,2,1,2,1.96245733788396,"Amman, (JO11), Jordan",JO,https://www.csmonitor.com/World/Middle-East/2022/0202/Storefront-history-Amman-museum-celebrates-lost-art-of-signage
20220202,1026313037,20220202,TURKISH,TUR,SYRIA,SYR,193,소형무기·경무기를 이용한 전투,19,4,-10.0,3,1,3,-7.59493670886076,Turkey,TU,https://english.alaraby.co.uk/news/shelling-kills-eight-turkish-held-syrian-city-monitor
20220202,1026324125,20220202,ISRAEL,ISR,PALESTINIAN,PSE,192,영토 점령,19,4,-9.5,5,1,5,-7.10441334768569,"Tel Aviv, Tel Aviv, Israel",IS,https://www.presstv.ir/Detail/2022/02/02/676052/Israel-Palestine-Amnesty-International-apartheid
20220202,1026324420,20220202,TURKEY,TUR,SYRIA,SYR,154,군 병력 동원·증강,15,4,-7.2,10,1,10,-4.27046263345195,"Ankara, Ankara, Turkey",TU,https://www.presstv.ir/Detail/2022/02/02/676053/Ten-civilians-killed-exchange-fire-Turkish-forces-SDF-Syria-Aleppo
20220202,1026324833,20220202,YEMENI,YEM,IRAN,IRN,194,포병·전차를 이용한 전투,19,4,-10.0,4,1,4,-3.9344262295082,United Arab Emirates,AE,https://www.jpost.com/breaking-news/article-695326
20220202,1026324834,20220202,YEMEN,YEM,IRAN,IRN,194,포병·전차를 이용한 전투,19,4,-10.0,2,1,2,-3.9344262295082,United States,US,https://www.jpost.com/breaking-news/article-695326
20220202,1026333325,20220202,JERUSALEM,ISR,HAMAS,PSE,193,소형무기·경무기를 이용한 전투,19,4,-10.0,10,1,10,-4.82758620689655,"Jerusalem, Israel (general), Israel",IS,https://www.jpost.com/opinion/article-695313
20220202,1026334997,20220202,LEBANON,LBN,PALESTINIAN,PSE,190,재래식 군사력 사용,19,4,-10.0,1,1,1,-6.22710622710622,"Jerusalem, Israel (general), Israel",IS,https://www.algemeiner.com/2022/02/02/leading-arabic-newspaper-palestinian-holocaust-worse-than-the-holocaust/
20220202,1026334998,20220202,LEBANON,LBN,PALESTINIAN,PSE,190,재래식 군사력 사용,19,4,-10.0,4,1,4,-6.22710622710622,Lebanon,LE,https://www.algemeiner.com/2022/02/02/leading-arabic-newspaper-palestinian-holocaust-worse-than-the-holocaust/
20220203,1026338913,20220203,ISRAEL,ISR,IRAN,IRN,190,재래식 군사력 사용,19,4,-10.0,5,1,5,-2.28310502283105,"Gaza, Israel (general), Israel",IS,https://www.haaretz.com/israel-news/.premium-bennett-s-magic-formula-to-fight-iran-draws-criticism-from-defense-officials-1.10586222
20220203,1026345075,20220203,TURKEY,TUR,IRAQ,IRQ,190,재래식 군사력 사용,19,4,-10.0,40,2,40,-9.42104307941066,"Sinjar, Babil, Iraq",IZ,http://www.jordantimes.com/news/region/turkey-strikes-kurdish-targets-iraq-syria
20220203,1026345076,20220203,TURKEY,TUR,IRAQ,IRQ,190,재래식 군사력 사용,19,4,-10.0,20,1,20,-9.73782771535582,"Ankara, Ankara, Turkey",TU,http://www.jordantimes.com/news/region/turkey-strikes-kurdish-targets-iraq-syria
20220203,1026345089,20220203,TURKEY,TUR,SYRIA,SYR,190,재래식 군사력 사용,19,4,-10.0,4,1,4,-9.73782771535582,"Hasakeh, Al ?asakah, Syria",SY,http://www.jordantimes.com/news/region/turkey-strikes-kurdish-targets-iraq-syria
20220203,1026347045,20220203,ISRAEL,ISR,PALESTINIAN,PSE,154,군 병력 동원·증강,15,4,-7.2,2,1,2,-5.95009596928983,"Jerusalem, Israel (general), Israel",IS,https://jewishjournal.com/news/worldwide/344724/us-germany-condemn-amnesty-uk-report-accusing-israel-of-apartheid/
20220203,1026347046,20220203,ISRAEL,ISR,PALESTINIAN,PSE,192,영토 점령,19,4,-9.5,3,1,3,-5.95009596928983,"Jerusalem, Israel (general), Israel",IS,https://jewishjournal.com/news/worldwide/344724/us-germany-condemn-amnesty-uk-report-accusing-israel-of-apartheid/
20220203,1026349516,20220203,ANKARA,TUR,IRAQ,IRQ,195,공중무기 사용,19,4,-10.0,16,2,16,-4.54545454545455,Syria,SY,https://www.iraqsun.com/news/272260328/turkish-airstrikes-hit-kurdish-militant-targets-in-iraq-syria
20220203,1026349517,20220203,ANKARA,TUR,IRAQ,IRQ,195,공중무기 사용,19,4,-10.0,10,1,10,-4.47154471544716,"Matadi Kibala, Congo, Democratic Republic of The (general), Democratic Republic Of The Congo",CG,https://www.iraqsun.com/news/272260350/xinhua-world--summary-at-1530-gmt-feb-2
20220203,1026349518,20220203,TURKEY,TUR,IRAQ,IRQ,195,공중무기 사용,19,4,-10.0,6,3,6,-4.301489470981,"Ankara, Ankara, Turkey",TU,https://www.iraqsun.com/news/272260328/turkish-airstrikes-hit-kurdish-militant-targets-in-iraq-syria
20220203,1026351269,20220203,WEST BANK,PSE,ISRAELI,ISR,190,재래식 군사력 사용,19,4,-10.0,1,1,1,-4.28286852589642,"Ramallah, West Bank (general), West Bank",WE,https://jewishcurrents.org/no-justice-for-a-palestinian-american-who-died-in-idf-custody
20220203,1026351270,20220203,WEST BANK,PSE,ISRAELI,ISR,190,재래식 군사력 사용,19,4,-10.0,1,1,1,-4.28286852589642,Israel,IS,https://jewishcurrents.org/no-justice-for-a-palestinian-american-who-died-in-idf-custody
20220203,1026354339,20220203,ISRAELI,ISR,YEMEN,YEM,194,포병·전차를 이용한 전투,19,4,-10.0,6,2,6,-2.8169014084507,Bahrain,BA,http://www.arirang.co.kr/news/News_View.asp?nseq=292616
20220203,1026358315,20220203,SAUDI ARABIA,SAU,IRAN,IRN,154,군 병력 동원·증강,15,4,-7.2,102,16,102,-2.83484784524046,Saudi Arabia,SA,https://www.msn.com/en-us/news/world/biden-sending-more-troops-to-eastern-europe-3-key-issues-behind-the-decision/ar-AATpLdD
20220203,1026361876,20220203,ISRAEL,ISR,EGYPT,EGY,163,금수·보이콧·제재 부과,16,4,-8.0,6,1,6,-3.63636363636363,"Arab League, Al Qahirah, Egypt",EG,https://uk.news.yahoo.com/voices-cyprus-too-busy-playing-103210323.html
20220203,1026361880,20220203,ISRAEL,ISR,JORDAN,JOR,192,영토 점령,19,4,-9.5,12,1,12,1.74825174825175,"Amman, (JO11), Jordan",JO,https://www.csmonitor.com/Daily/2022/20220202?icid=web:hpddp:toc:1139302
20220203,1026361882,20220203,ISRAEL,ISR,PALESTINIAN,PSE,192,영토 점령,19,4,-9.5,3,1,3,-4.48613376835237,"Gaza, Israel (general), Israel",IS,https://www.msn.com/en-xl/asia/srilanka/israel-is-an-apartheid-state-amnesty/ar-AATq1sd
20220203,1026362160,20220203,PALESTINIAN,PSE,JORDAN,JOR,192,영토 점령,19,4,-9.5,6,1,6,1.74825174825175,"Amman, (JO11), Jordan",JO,https://www.csmonitor.com/Daily/2022/20220202?icid=web:hpddp:toc:1139302
20220203,1026362161,20220203,PALESTINIAN,PSE,JORDAN,JOR,192,영토 점령,19,4,-9.5,12,1,12,1.74825174825175,"Amman, (JO11), Jordan",JO,https://www.csmonitor.com/Daily/2022/20220202?icid=web:hpddp:toc:1139302
20220203,1026363606,20220203,SAUDI ARABIA,SAU,YEMEN,YEM,192,영토 점령,19,4,-9.5,6,2,6,-8.21543052945728,"Sanaa, Sana', Yemen",YM,https://www.dnaindia.com/world/report-uae-shoots-3-hostile-drones-intercepted-in-4th-such-attack-details-inside-news-alerts-2931916
20220203,1026363635,20220203,TURKEY,TUR,SYRIA,SYR,195,공중무기 사용,19,4,-10.0,2,1,2,-6.76691729323308,Syria,SY,https://www3.nhk.or.jp/nhkworld/en/news/20220203_09/
20220203,1026363636,20220203,TURKEY,TUR,SYRIA,SYR,195,공중무기 사용,19,4,-10.0,8,1,8,-6.76691729323308,Syria,SY,https://www3.nhk.or.jp/nhkworld/en/news/20220203_09/
20220203,1026368647,20220203,IRAQ,IRQ,YEMEN,YEM,190,재래식 군사력 사용,19,4,-10.0,78,13,78,-7.24109870158445,Iraq,IZ,https://www.michigansthumb.com/news/article/UAE-says-3-hostile-drones-intercepted-in-4th-16826628.php
20220203,1026368648,20220203,IRAQ,IRQ,YEMEN,YEM,190,재래식 군사력 사용,19,4,-10.0,52,13,52,-7.24109870158445,Iraq,IZ,https://www.michigansthumb.com/news/article/UAE-says-3-hostile-drones-intercepted-in-4th-16826628.php
20220203,1026375691,20220203,IRAQ,IRQ,KURDISTAN,IRN,190,재래식 군사력 사용,19,4,-10.0,1,1,1,-13.076923076923,"Samarra, Sala? ad Din, Iraq",IZ,https://original.antiwar.com/updates/2022/02/02/iraq-daily-roundup-34-killed-2/
20220203,1026375692,20220203,IRAQ,IRQ,KURDISTAN,IRN,190,재래식 군사력 사용,19,4,-10.0,4,1,4,-13.076923076923,"Samarra, Sala? ad Din, Iraq",IZ,https://original.antiwar.com/updates/2022/02/02/iraq-daily-roundup-34-killed-2/
20220203,1026378674,20220203,PALESTINIAN,PSE,ISRAEL,ISR,190,재래식 군사력 사용,19,4,-10.0,5,2,5,-4.40484958722147,Israel,IS,https://news.yahoo.com/u-pressures-israel-full-accountability-050427839.html
20220203,1026378675,20220203,PALESTINIAN,PSE,ISRAEL,ISR,190,재래식 군사력 사용,19,4,-10.0,1,1,1,-5.59585492227979,"Wisconsin, United States",US,https://news.yahoo.com/u-pressures-israel-full-accountability-050427839.html
20220203,1026383166,20220203,SAUDI,SAU,QATAR,QAT,163,금수·보이콧·제재 부과,16,4,-8.0,1,1,1,-1.95694716242662,"Mogadishu, Banaadir, Somalia",SO,https://mareeg.com/uae-welcomes-somali-pms-public-apology-for-seized-cash/
20220203,1026383167,20220203,SAUDI ARABIA,SAU,QATAR,QAT,163,금수·보이콧·제재 부과,16,4,-8.0,5,1,5,-1.95694716242662,"Doha, Ad Daw?ah, Qatar",QA,https://mareeg.com/uae-welcomes-somali-pms-public-apology-for-seized-cash/
20220203,1026383168,20220203,SAUDI ARABIA,SAU,QATAR,QAT,163,금수·보이콧·제재 부과,16,4,-8.0,2,1,2,-1.95694716242662,Saudi Arabia,SA,https://mareeg.com/uae-welcomes-somali-pms-public-apology-for-seized-cash/
20220203,1026384534,20220203,IRAQ,IRQ,SYRIA,SYR,190,재래식 군사력 사용,19,4,-10.0,2,1,2,-8.48329048843184,"Idlib, Idlib, Syria",SY,https://www.straitstimes.com/world/middle-east/us-carries-out-special-ops-raid-in-syria-residents-say-militant-was-the-target
20220203,1026384535,20220203,IRAQ,IRQ,SYRIA,SYR,190,재래식 군사력 사용,19,4,-10.0,1,1,1,-8.48329048843184,"Idlib, Idlib, Syria",SY,https://www.straitstimes.com/world/middle-east/us-carries-out-special-ops-raid-in-syria-residents-say-militant-was-the-target
20220203,1026384536,20220203,IRAQ,IRQ,SYRIA,SYR,190,재래식 군사력 사용,19,4,-10.0,1,1,1,-8.48329048843184,Iraq,IZ,https://www.straitstimes.com/world/middle-east/us-carries-out-special-ops-raid-in-syria-residents-say-militant-was-the-target
20220203,1026386153,20220203,ISRAEL,ISR,PALESTINE,PSE,190,재래식 군사력 사용,19,4,-10.0,10,1,10,-7.27069351230425,Israel,IS,https://www.standardmedia.co.ke/world/article/2001436249/palestine-and-israel-embassies-clash-over-amnesty-report
20220203,1026386222,20220203,BEIRUT,LBN,SYRIA,SYR,190,재래식 군사력 사용,19,4,-10.0,40,7,40,-12.8575401239472,Syria,SY,https://www.sfgate.com/news/article/Alert-Residents-activists-report-multiple-16827959.php
20220203,1026386223,20220203,LEBANON,LBN,SYRIA,SYR,190,재래식 군사력 사용,19,4,-10.0,11,6,11,-12.7016129032258,Syria,SY,https://www.sfgate.com/news/article/Alert-Residents-activists-report-multiple-16827959.php
20220203,1026386224,20220203,BEIRUT,LBN,SYRIA,SYR,190,재래식 군사력 사용,19,4,-10.0,2,1,2,-13.7931034482759,Syria,SY,https://abcnews.go.com/International/wireStory/residents-activists-report-multiple-people-killed-including-civilians-82642133
20220203,1026386225,20220203,LEBANON,LBN,SYRIA,SYR,190,재래식 군사력 사용,19,4,-10.0,1,1,1,-13.7931034482759,Syria,SY,https://abcnews.go.com/International/wireStory/residents-activists-report-multiple-people-killed-including-civilians-82642133
20220203,1026386346,20220203,PALESTINE,PSE,ISRAEL,ISR,190,재래식 군사력 사용,19,4,-10.0,10,1,10,-7.27069351230425,"London, London, City of, United Kingdom",UK,https://www.standardmedia.co.ke/world/article/2001436249/palestine-and-israel-embassies-clash-over-amnesty-report
20220203,1026391068,20220203,SYRIA,SYR,IRAQ,IRQ,190,재래식 군사력 사용,19,4,-10.0,8,1,8,-6.81818181818182,"Sinjar, Idlib, Syria",SY,https://menafn.com/1103634960/Turkish-airstrikes-kill-PKK-terrorists-as-positions-in-Iraq-targeted&source=19
20220203,1026398004,20220203,IRAN,IRN,ISRAEL,ISR,163,금수·보이콧·제재 부과,16,4,-8.0,2,1,2,-5.2924791086351,"Tehran, Tehran, Iran",IR,https://english.newsnationtv.com/entertainment/bollywood/rashmika-mandanna-luxurious-home-after-film-pushpa-the-rise-success-247772.html
20220203,1026398005,20220203,IRAN,IRN,ISRAEL,ISR,163,금수·보이콧·제재 부과,16,4,-8.0,1,1,1,-5.2924791086351,"Tehran, Tehran, Iran",IR,https://english.newsnationtv.com/entertainment/bollywood/rashmika-mandanna-luxurious-home-after-film-pushpa-the-rise-success-247772.html
20220203,1026398008,20220203,IRAN,IRN,SANAA,YEM,192,영토 점령,19,4,-9.5,20,2,20,-5.7476757320358,"Sanaa, Sana', Yemen",YM,https://www.msn.com/en-us/news/world/timeline-uae-under-drone-missile-attacks/ar-AATqrEl
20220203,1026398022,20220203,ISRAEL,ISR,LEBANESE,LBN,154,군 병력 동원·증강,15,4,-7.2,4,1,4,-3.42105263157895,"Tel Aviv, Tel Aviv, Israel",IS,https://english.aawsat.com/home/article/3453206/israel-trains-attack-iran-under-us-supervision
20220203,1026398023,20220203,ISRAEL,ISR,LEBANON,LBN,154,군 병력 동원·증강,15,4,-7.2,2,1,2,-3.42105263157895,"Tehran, Tehran, Iran",IR,https://english.aawsat.com/home/article/3453206/israel-trains-attack-iran-under-us-supervision
20220203,1026398024,20220203,ISRAEL,ISR,LEBANESE,LBN,154,군 병력 동원·증강,15,4,-7.2,4,1,4,-3.42105263157895,"Tel Aviv, Tel Aviv, Israel",IS,https://english.aawsat.com/home/article/3453206/israel-trains-attack-iran-under-us-supervision
20220203,1026398911,20220203,IRAQ,IRQ,TURKEY,TUR,194,포병·전차를 이용한 전투,19,4,-10.0,2,1,2,-5.26315789473684,"Zilkan, NinawáZ, Iraq",IZ,https://news.cgtn.com/news/2022-02-03/Rockets-fired-at-military-base-in-Mosul-Iraq-17lR2ZiGI4E/
20220203,1026398934,20220203,ISRAEL,ISR,WEST BANK,PSE,190,재래식 군사력 사용,19,4,-10.0,8,1,8,-9.72762645914392,"Jerusalem, Israel (general), Israel",IS,https://apnews.com/article/middle-east-jerusalem-israel-west-bank-nablus-4adc10c7bb52cf1ad5768bffe96b33c8
20220203,1026400982,20220203,IRAN,IRN,YEMEN,YEM,194,포병·전차를 이용한 전투,19,4,-10.0,4,1,4,-3.35429769392034,Yemen,YM,https://www.rnz.co.nz/news/world/460858/uae-says-it-blocked-drone-attack-little-known-group-claims-responsibility
20220203,1026400983,20220203,IRAN,IRN,YEMEN,YEM,194,포병·전차를 이용한 전투,19,4,-10.0,1,1,1,-3.35429769392034,Israel,IS,https://www.rnz.co.nz/news/world/460858/uae-says-it-blocked-drone-attack-little-known-group-claims-responsibility
20220203,1026401014,20220203,ISRAEL,ISR,YEMEN,YEM,194,포병·전차를 이용한 전투,19,4,-10.0,4,1,4,-3.35429769392034,Yemen,YM,https://www.rnz.co.nz/news/world/460858/uae-says-it-blocked-drone-attack-little-known-group-claims-responsibility
20220203,1026401015,20220203,ISRAEL,ISR,YEMEN,YEM,194,포병·전차를 이용한 전투,19,4,-10.0,1,1,1,-3.35429769392034,Yemen,YM,https://www.rnz.co.nz/news/world/460858/uae-says-it-blocked-drone-attack-little-known-group-claims-responsibility
20220203,1026401391,20220203,ANKARA,TUR,IRAQ,IRQ,195,공중무기 사용,19,4,-10.0,8,1,8,-3.8135593220339,"Ankara, Ankara, Turkey",TU,https://www.freepressjournal.in/world/turkish-airstrikes-hit-kurdish-militant-targets-in-iraq-syria
20220203,1026402708,20220203,LEBANON,LBN,SYRIA,SYR,190,재래식 군사력 사용,19,4,-10.0,2,1,2,-7.46268656716413,"Beirut, Beyrouth, Lebanon",LE,https://www.bssnews.net/international/42295
20220203,1026404569,20220203,SYRIAN,SYR,QATAR,QAT,190,재래식 군사력 사용,19,4,-10.0,2,1,2,-0.36496350364964,"Doha, Ad Daw?ah, Qatar",QA,https://www.middleeastmonitor.com/20220203-qatar-rules-out-normalising-relations-with-israel-syria/
20220203,1026404570,20220203,SYRIAN,SYR,QATAR,QAT,190,재래식 군사력 사용,19,4,-10.0,2,1,2,-0.36496350364964,"Doha, Ad Daw?ah, Qatar",QA,https://www.middleeastmonitor.com/20220203-qatar-rules-out-normalising-relations-with-israel-syria/
20220203,1026410234,20220203,ISRAEL,ISR,PALESTINE,PSE,163,금수·보이콧·제재 부과,16,4,-8.0,2,1,2,-3.96341463414635,Israel,IS,https://www.israelnationalnews.com/news/321650
20220203,1026410235,20220203,ISRAEL,ISR,PALESTINIAN,PSE,190,재래식 군사력 사용,19,4,-10.0,15,1,10,-3.77754459601259,"Gaza, Israel (general), Israel",IS,http://www.msn.com/en-us/news/world/apartheid-state-israel-s-fears-over-image-in-us-are-coming-to-pass/ar-AATqC9p
20220203,1026410446,20220203,PALESTINE,PSE,ISRAEL,ISR,138,군사력 사용 위협,13,3,-7.0,6,3,6,-2.51797132531078,"Jerusalem, Israel (general), Israel",IS,http://www.msn.com/en-us/news/world/embattled-plo-to-choose-top-negotiator-after-erekat-s-death/ar-AATqol2
20220203,1026415850,20220203,SYRIA,SYR,TURKEY,TUR,195,공중무기 사용,19,4,-10.0,1,1,1,-5.97402597402597,"Al-Hasakeh, Al ?asakah, Syria",SY,https://english.aawsat.com/home/article/3453416/turkey-expands-strikes-sdf-northern-syria
20220203,1026415881,20220203,TURKISH,TUR,SYRIA,SYR,190,재래식 군사력 사용,19,4,-10.0,1,1,1,-5.97402597402597,"Al-Hasakeh, Al ?asakah, Syria",SY,https://english.aawsat.com/home/article/3453416/turkey-expands-strikes-sdf-northern-syria
20220203,1026415882,20220203,TURKISH,TUR,SYRIA,SYR,190,재래식 군사력 사용,19,4,-10.0,1,1,1,-5.97402597402597,Turkey,TU,https://english.aawsat.com/home/article/3453416/turkey-expands-strikes-sdf-northern-syria
20220203,1026431329,20220203,SYRIAN,SYR,AL JAZEERA,QAT,195,공중무기 사용,19,4,-10.0,8,1,8,-5.91016548463357,"Idlib, Idlib, Syria",SY,https://www.presstv.ir/Detail/2022/02/03/676086/US-raid-Syria-idlib-
20220203,1026431358,20220203,TURKISH,TUR,IRAQ,IRQ,190,재래식 군사력 사용,19,4,-10.0,3,1,3,-4.32172869147659,"Derik, Al ?asakah, Syria",SY,http://today.az/news/regions/215186.html
20220203,1026431359,20220203,TURKISH,TUR,SYRIA,SYR,190,재래식 군사력 사용,19,4,-10.0,2,1,2,-4.32172869147659,Turkey,TU,http://today.az/news/regions/215186.html
20220203,1026431360,20220203,TURKEY,TUR,SYRIA,SYR,190,재래식 군사력 사용,19,4,-10.0,1,1,1,-4.32172869147659,Turkey,TU,http://today.az/news/regions/215186.html
20220203,1026431361,20220203,TURKISH,TUR,SYRIA,SYR,195,공중무기 사용,19,4,-10.0,2,1,2,-4.32172869147659,"Sinjar, Idlib, Syria",SY,http://today.az/news/regions/215186.html
20220203,1026431362,20220203,TURKEY,TUR,SYRIA,SYR,195,공중무기 사용,19,4,-10.0,1,1,1,-4.32172869147659,"Sinjar, Idlib, Syria",SY,http://today.az/news/regions/215186.html
20220203,1026438372,20220203,SYRIA,SYR,TURKEY,TUR,190,재래식 군사력 사용,19,4,-10.0,2,1,2,-8.69565217391304,"Atme, ?alab, Syria",SY,https://www.ansamed.info/ansamed/en/news/sections/generalnews/2022/02/03/syria-13-dead-in-u.s.-raid-in-north-ngo_e8d68dc7-d08f-443a-8b8d-2921c5a87457.html
20220203,1026438394,20220203,TURKEY,TUR,ISRAEL,ISR,190,재래식 군사력 사용,19,4,-10.0,2,1,2,-2.80112044817928,"Istanbul, Istanbul, Turkey",TU,https://unitedwithisrael.org/hamas-is-busy-in-istanbul-and-jerusalem-is-worried/
20220203,1026441180,20220203,IRAQ,IRQ,SYRIA,SYR,190,재래식 군사력 사용,19,4,-10.0,6,3,6,-7.30503455083909,"Idlib, Idlib, Syria",SY,https://www.wbaltv.com/article/us-launches-counterterrorism-raid-in-syria/38967677
20220203,1026445945,20220203,IRAQ,IRQ,SYRIA,SYR,190,재래식 군사력 사용,19,4,-10.0,2,1,2,-7.70053475935829,United States,US,https://www.kcci.com/article/us-launches-counterterrorism-raid-in-syria/38967677
20220203,1026445946,20220203,IRAQI,IRQ,SYRIA,SYR,192,영토 점령,19,4,-9.5,1,1,1,-6.30727762803234,"Al-Qaim, Qadissiya Muhafadha, Iraq",IZ,https://kvia.com/news/2022/02/03/isis-fast-facts/
20220203,1026446366,20220203,SYRIA,SYR,IRAQ,IRQ,192,영토 점령,19,4,-9.5,4,1,4,-6.30727762803234,"Al-Qaim, Qadissiya Muhafadha, Iraq",IZ,https://kvia.com/news/2022/02/03/isis-fast-facts/
20220203,1026446367,20220203,SYRIA,SYR,IRAQ,IRQ,192,영토 점령,19,4,-9.5,2,1,2,-6.30727762803234,"London, London, City of, United Kingdom",UK,https://kvia.com/news/2022/02/03/isis-fast-facts/
20220203,1026447451,20220203,ISRAELI,ISR,SYRIA,SYR,192,영토 점령,19,4,-9.5,8,1,8,0.13679890560876,Syria,SY,https://www.washingtonpost.com/business/why-israel-should-stay-out-of-the-ukraine-conflict/2022/02/03/4b841500-84f8-11ec-951c-1e0cc3723e53_story.html
20220203,1026447481,20220203,AMMAN,JOR,SYRIA,SYR,190,재래식 군사력 사용,19,4,-10.0,36,17,36,-8.34036822444964,Syria,SY,https://www.msn.com/en-us/news/world/us-says-islamic-state-leader-killed-in-syria-raid/ar-AATpQyQ
20220203,1026447482,20220203,AMMAN,JOR,SYRIA,SYR,190,재래식 군사력 사용,19,4,-10.0,14,14,14,-8.55599285082416,Syria,SY,https://www.echopress.com/news/world/u-s-forces-conduct-raid-in-syria-sources-believe-jihadist-was-target
20220203,1026447786,20220203,TURKEY,TUR,SYRIA,SYR,190,재래식 군사력 사용,19,4,-10.0,10,1,10,-10.6382978723404,Turkey,TU,https://www.haaretz.com/middle-east-news/turkey-says-its-forces-neutralized-43-kurdish-militants-in-northern-syria-1.10588691
20220203,1026452874,20220203,IRAQ,IRQ,YEMEN,YEM,190,재래식 군사력 사용,19,4,-10.0,1,1,1,-8.04270462633452,Yemen,YM,https://www.bbc.co.uk/news/world-middle-east-35806229
20220203,1026452875,20220203,IRAQ,IRQ,YEMEN,YEM,190,재래식 군사력 사용,19,4,-10.0,3,1,3,-8.04270462633452,Yemen,YM,https://www.bbc.co.uk/news/world-middle-east-35806229
20220203,1026452876,20220203,IRAQ,IRQ,YEMEN,YEM,190,재래식 군사력 사용,19,4,-10.0,1,1,1,-8.04270462633452,Iraq,IZ,https://www.bbc.co.uk/news/world-middle-east-35806229
20220203,1026453366,20220203,YEMEN,YEM,IRAQ,IRQ,190,재래식 군사력 사용,19,4,-10.0,1,1,1,-8.04270462633452,Yemen,YM,https://www.bbc.co.uk/news/world-middle-east-35806229
20220203,1026453367,20220203,YEMEN,YEM,IRAQ,IRQ,190,재래식 군사력 사용,19,4,-10.0,1,1,1,-8.04270462633452,Iraq,IZ,https://www.bbc.co.uk/news/world-middle-east-35806229
20220203,1026453368,20220203,YEMEN,YEM,IRAQ,IRQ,190,재래식 군사력 사용,19,4,-10.0,6,2,6,-5.72347997274173,Yemen,YM,https://www.bbc.co.uk/news/world-middle-east-35806229
20220203,1026455368,20220203,AL JAZEERA,QAT,SYRIA,SYR,190,재래식 군사력 사용,19,4,-10.0,4,1,4,-3.51851851851852,"Barisha, Idlib, Syria",SY,https://www.aljazeera.com/news/2019/11/1/isil-confirms-death-of-leader-al-baghdadi-names-new-chief
20220203,1026455433,20220203,SYRIAN,SYR,HASSAN,JOR,190,재래식 군사력 사용,19,4,-10.0,6,1,6,-3.51851851851852,"Idlib, Idlib, Syria",SY,https://www.aljazeera.com/news/2019/11/1/isil-confirms-death-of-leader-al-baghdadi-names-new-chief
20220203,1026456520,20220203,BEIRUT,LBN,SYRIA,SYR,190,재래식 군사력 사용,19,4,-10.0,170,66,170,-5.91955097719541,"Tel Afar, NinawáZ, Iraq",IZ,https://abcnews.go.com/International/wireStory/leader-killed-us-raid-syria-remains-murky-figure-82647653
20220203,1026456521,20220203,BEIRUT,LBN,SYRIA,SYR,190,재래식 군사력 사용,19,4,-10.0,18,3,18,-5.35805339082519,"Idlib, Idlib, Syria",SY,https://www.durangoherald.com/articles/is-leader-killed-in-us-raid-in-syria-remains-murky-figure/
20220203,1026456522,20220203,BEIRUT,LBN,SYRIA,SYR,190,재래식 군사력 사용,19,4,-10.0,8,2,8,-5.4254941413185,"Beirut, Beyrouth, Lebanon",LE,https://www.durangoherald.com/articles/is-leader-killed-in-us-raid-in-syria-remains-murky-figure/
20220203,1026456523,20220203,BEIRUT,LBN,SYRIA,SYR,190,재래식 군사력 사용,19,4,-10.0,456,75,456,-5.88142939271373,Jordan,JO,https://abcnews.go.com/International/wireStory/leader-killed-us-raid-syria-remains-murky-figure-82647653
20220203,1026459626,20220203,IRAQI,IRQ,LEBANESE,LBN,195,공중무기 사용,19,4,-10.0,4,1,4,-6.41797031688729,Lebanon,LE,https://www.terrorism-info.org.il/en/spotlight-on-global-jihad-january-27-february-2-2022/
20220203,1026459634,20220203,IRAQI,IRQ,LEBANESE,LBN,195,공중무기 사용,19,4,-10.0,3,1,3,-6.41797031688729,Lebanon,LE,https://www.terrorism-info.org.il/en/spotlight-on-global-jihad-january-27-february-2-2022/
20220203,1026459642,20220203,ISRAEL,ISR,WEST BANK,PSE,190,재래식 군사력 사용,19,4,-10.0,4,1,4,-3.7280701754386,Israel,IS,https://www.aljazeera.com/news/2022/2/3/palestinians-demand-answers-for-pa-shooting-at-student-protest
20220203,1026459643,20220203,ISRAELI,ISR,PALESTINIAN,PSE,193,소형무기·경무기를 이용한 전투,19,4,-10.0,2,1,2,-4.10909090909091,"Gaza, Israel (general), Israel",IS,https://weeklyworker.co.uk/worker/1381/letters/
20220203,1026459644,20220203,ISRAEL,ISR,WEST BANK,PSE,193,소형무기·경무기를 이용한 전투,19,4,-10.0,4,1,4,-3.7280701754386,Israel,IS,https://www.aljazeera.com/news/2022/2/3/palestinians-demand-answers-for-pa-shooting-at-student-protest
20220203,1026459651,20220203,ISRAELI,ISR,PALESTINIAN,PSE,193,소형무기·경무기를 이용한 전투,19,4,-10.0,2,1,2,-4.10909090909091,"Gaza, Israel (general), Israel",IS,https://weeklyworker.co.uk/worker/1381/letters/
20220203,1026459730,20220203,BEIRUT,LBN,SYRIA,SYR,190,재래식 군사력 사용,19,4,-10.0,34,17,34,-5.88155410411097,United States,US,https://www.ivpressonline.com/news/world/is-leader-killed-in-us-raid-in-syria-remains-murky-figure/article_23baba93-8942-57b9-8f7a-3688b30cabc5.html
20220203,1026460078,20220203,SYRIAN,SYR,IRAQI,IRQ,190,재래식 군사력 사용,19,4,-10.0,2,1,2,-6.41797031688729,"Akashat, Al Anbar, Iraq",IZ,https://www.terrorism-info.org.il/en/spotlight-on-global-jihad-january-27-february-2-2022/
20220203,1026460079,20220203,SYRIAN,SYR,IRAQ,IRQ,190,재래식 군사력 사용,19,4,-10.0,4,1,4,-6.41797031688729,"Akashat, Al Anbar, Iraq",IZ,https://www.terrorism-info.org.il/en/spotlight-on-global-jihad-january-27-february-2-2022/
20220203,1026460080,20220203,SYRIA,SYR,IRAQ,IRQ,190,재래식 군사력 사용,19,4,-10.0,2,1,2,-6.41797031688729,"Akashat, Al Anbar, Iraq",IZ,https://www.terrorism-info.org.il/en/spotlight-on-global-jihad-january-27-february-2-2022/
20220203,1026460081,20220203,SYRIA,SYR,IRAQ,IRQ,190,재래식 군사력 사용,19,4,-10.0,2,1,2,-6.41797031688729,"Akashat, Al Anbar, Iraq",IZ,https://www.terrorism-info.org.il/en/spotlight-on-global-jihad-january-27-february-2-2022/
20220203,1026464531,20220203,IRAN,IRN,IRAQ,IRQ,138,군사력 사용 위협,13,3,-7.0,2,2,2,-8.04878048780489,Iran,IR,https://www.france24.com/en/live-news/20220203-shadowy-militant-group-claims-latest-uae-drone-attack
20220203,1026464534,20220203,IRAN,IRN,YEMEN,YEM,138,군사력 사용 위협,13,3,-7.0,2,2,2,-8.04878048780489,United States,US,https://www.france24.com/en/live-news/20220203-shadowy-militant-group-claims-latest-uae-drone-attack
20220203,1026464936,20220203,SYRIA,SYR,MOSUL,IRQ,190,재래식 군사력 사용,19,4,-10.0,2,1,2,-4.22264875239924,"Mawla, Maysan, Iraq",IZ,https://www.foxnews.com/world/who-is-abu-ibrahim-al-hashimi-al-qurayshi-isis-leader-killed-us-raid
20220203,1026466868,20220203,IRAQ,IRQ,SYRIA,SYR,190,재래식 군사력 사용,19,4,-10.0,28,7,28,-0.67340067340068,"Aleppo, ?alab, Syria",SY,https://www.austinglobe.com/news/272263567/us-forces-kill-islamic-state-leader
20220203,1026466869,20220203,IRAQ,IRQ,SYRIA,SYR,190,재래식 군사력 사용,19,4,-10.0,14,7,14,-0.67340067340068,"Mawla, Maysan, Iraq",IZ,https://www.austinglobe.com/news/272263567/us-forces-kill-islamic-state-leader
20220203,1026466877,20220203,ISRAEL,ISR,IRAN,IRN,190,재래식 군사력 사용,19,4,-10.0,24,2,24,-3.1100832231352,Iran,IR,https://www.jpost.com/middle-east/article-695427
20220203,1026466878,20220203,ISRAEL,ISR,IRAN,IRN,190,재래식 군사력 사용,19,4,-10.0,2,1,2,-3.27669902912621,"Jerusalem, Israel (general), Israel",IS,https://www.jpost.com/middle-east/article-695427
20220203,1026467278,20220203,TURKISH,TUR,IRAQ,IRQ,195,공중무기 사용,19,4,-10.0,7,1,7,-5.80046403712296,"Ankara, Ankara, Turkey",TU,https://www.euronews.com/2022/02/03/us-turkey-iraq-syria
20220203,1026467279,20220203,TURKISH,TUR,IRAQ,IRQ,195,공중무기 사용,19,4,-10.0,1,1,1,-5.80046403712296,"Ankara, Ankara, Turkey",TU,https://www.euronews.com/2022/02/03/us-turkey-iraq-syria
20220203,1026467495,20220203,YEMEN,YEM,SYRIA,SYR,190,재래식 군사력 사용,19,4,-10.0,2,1,2,-3.27669902912621,"Idlib, Idlib, Syria",SY,https://www.jpost.com/middle-east/article-695427
20220203,1026467496,20220203,YEMEN,YEM,SYRIA,SYR,190,재래식 군사력 사용,19,4,-10.0,18,2,18,-3.1100832231352,"Idlib, Idlib, Syria",SY,https://www.jpost.com/middle-east/article-695427
20220203,1026468473,20220203,IRAQ,IRQ,SYRIA,SYR,190,재래식 군사력 사용,19,4,-10.0,1,1,1,-5.22317188983856,"Tel Afar, NinawáZ, Iraq",IZ,https://www.timesofisrael.com/who-was-is-leader-al-qurayshi-killed-during-an-overnight-us-raid-in-syria/
20220203,1026468474,20220203,IRAQ,IRQ,SYRIA,SYR,190,재래식 군사력 사용,19,4,-10.0,1,1,1,-5.22317188983856,United States,US,https://www.timesofisrael.com/who-was-is-leader-al-qurayshi-killed-during-an-overnight-us-raid-in-syria/
20220203,1026468510,20220203,ISRAEL,ISR,IRAN,IRN,190,재래식 군사력 사용,19,4,-10.0,4,1,4,-3.02677532013969,United Arab Emirates,AE,https://www.msn.com/en-us/news/world/a-few-hundred-kms-from-iran-israel-sends-message-with-gantzs-visit-to-bahrain/ar-AATrnRh
20220203,1026468543,20220203,ISRAEL,ISR,YEMEN,YEM,190,재래식 군사력 사용,19,4,-10.0,6,1,6,-3.07043949428055,"Gaza, Israel (general), Israel",IS,https://www.arabnews.com/node/2017726/world
20220203,1026468544,20220203,ISRAEL,ISR,YEMEN,YEM,190,재래식 군사력 사용,19,4,-10.0,2,1,2,-3.07043949428055,Israel,IS,https://www.arabnews.com/node/2017726/world
20220203,1026468609,20220203,LEBANON,LBN,ISRAEL,ISR,190,재래식 군사력 사용,19,4,-10.0,2,1,2,-3.07043949428055,"Gaza, Israel (general), Israel",IS,https://www.arabnews.com/node/2017726/world
20220203,1026468610,20220203,BEIRUT,LBN,SYRIA,SYR,190,재래식 군사력 사용,19,4,-10.0,18,3,18,-5.83466896078221,"Idlib, Idlib, Syria",SY,https://www.timesofisrael.com/who-was-is-leader-al-qurayshi-killed-during-an-overnight-us-raid-in-syria/
20220203,1026468853,20220203,GAZA,PSE,ISRAEL,ISR,190,재래식 군사력 사용,19,4,-10.0,2,1,2,-3.07043949428055,"Gaza, Israel (general), Israel",IS,https://www.arabnews.com/node/2017726/world
20220203,1026469021,20220203,SYRIA,SYR,ISRAEL,ISR,190,재래식 군사력 사용,19,4,-10.0,2,1,2,-3.07043949428055,"Gaza, Israel (general), Israel",IS,https://www.arabnews.com/node/2017726/world
20220203,1026469034,20220203,SYRIA,SYR,TURKEY,TUR,190,재래식 군사력 사용,19,4,-10.0,2,1,2,-3.0,"Atme, ?alab, Syria",SY,https://jungle.world/blog/von-tunis-nach-teheran/2022/02/us-militaer-chef-syrien-getoetet
20220203,1026469059,20220203,TURKEY,TUR,SYRIA,SYR,192,영토 점령,19,4,-9.5,2,1,2,-7.59776536312849,"Raqqa, Ar Raqqah, Syria",SY,https://www.cincinnati.com/story/news/2022/01/31/us-woman-charged-islamic-state-court/9283232002/
20220203,1026469060,20220203,TURKEY,TUR,SYRIA,SYR,192,영토 점령,19,4,-9.5,6,1,6,-7.59776536312849,Turkey,TU,https://www.cincinnati.com/story/news/2022/01/31/us-woman-charged-islamic-state-court/9283232002/
20220203,1026469061,20220203,TURKEY,TUR,SYRIA,SYR,192,영토 점령,19,4,-9.5,2,1,2,-7.59776536312849,Turkey,TU,https://www.cincinnati.com/story/news/2022/01/31/us-woman-charged-islamic-state-court/9283232002/
20220203,1026469504,20220203,YEMEN,YEM,ISRAEL,ISR,194,포병·전차를 이용한 전투,19,4,-10.0,6,1,6,-3.07043949428055,"Gaza, Israel (general), Israel",IS,https://www.arabnews.com/node/2017726/world
20220203,1026469505,20220203,YEMEN,YEM,ISRAEL,ISR,194,포병·전차를 이용한 전투,19,4,-10.0,2,1,2,-3.07043949428055,Israel,IS,https://www.arabnews.com/node/2017726/world
20220203,1026469506,20220203,YEMEN,YEM,SYRIA,SYR,190,재래식 군사력 사용,19,4,-10.0,4,1,4,-3.02677532013969,"Idlib, Idlib, Syria",SY,https://www.msn.com/en-us/news/world/a-few-hundred-kms-from-iran-israel-sends-message-with-gantzs-visit-to-bahrain/ar-AATrnRh
20220203,1026477358,20220203,ISRAEL,ISR,LEBANESE,LBN,190,재래식 군사력 사용,19,4,-10.0,1,1,1,-3.48837209302326,Iran,IR,https://english.alaraby.co.uk/news/gantzs-aid-offer-lebanese-army-angers-israel-politicians
20220203,1026477359,20220203,ISRAEL,ISR,LEBANESE,LBN,190,재래식 군사력 사용,19,4,-10.0,1,1,1,-3.48837209302326,Israel,IS,https://english.alaraby.co.uk/news/gantzs-aid-offer-lebanese-army-angers-israel-politicians
20220203,1026477360,20220203,ISRAEL,ISR,LEBANON,LBN,190,재래식 군사력 사용,19,4,-10.0,1,1,1,-3.48837209302326,Iran,IR,https://english.alaraby.co.uk/news/gantzs-aid-offer-lebanese-army-angers-israel-politicians
20220203,1026477361,20220203,ISRAEL,ISR,LEBANESE,LBN,190,재래식 군사력 사용,19,4,-10.0,2,1,2,-3.48837209302326,Israel,IS,https://english.alaraby.co.uk/news/gantzs-aid-offer-lebanese-army-angers-israel-politicians
20220203,1026477368,20220203,ISRAELI,ISR,PALESTINIAN,PSE,190,재래식 군사력 사용,19,4,-10.0,4,1,4,-3.81944444444444,"Hebrew University, Yerushalayim, Israel",IS,https://www.presstv.ir/Detail/2022/02/03/676103/Palestine-Israel-settler-units-al-Quds
20220203,1026477393,20220203,ISRAELI,ISR,PALESTINIAN,PSE,190,재래식 군사력 사용,19,4,-10.0,2,1,2,-3.81944444444444,"Hebrew University, Yerushalayim, Israel",IS,https://www.presstv.ir/Detail/2022/02/03/676103/Palestine-Israel-settler-units-al-Quds
20220203,1026477477,20220203,LEBANESE,LBN,ISRAEL,ISR,190,재래식 군사력 사용,19,4,-10.0,1,1,1,-3.48837209302326,Israel,IS,https://english.alaraby.co.uk/news/gantzs-aid-offer-lebanese-army-angers-israel-politicians
20220203,1026477478,20220203,LEBANESE,LBN,ISRAEL,ISR,190,재래식 군사력 사용,19,4,-10.0,1,1,1,-3.48837209302326,Israel,IS,https://english.alaraby.co.uk/news/gantzs-aid-offer-lebanese-army-angers-israel-politicians
20220203,1026477479,20220203,LEBANON,LBN,ISRAEL,ISR,190,재래식 군사력 사용,19,4,-10.0,1,1,1,-3.48837209302326,Iran,IR,https://english.alaraby.co.uk/news/gantzs-aid-offer-lebanese-army-angers-israel-politicians
20220203,1026477480,20220203,LEBANESE,LBN,ISRAEL,ISR,190,재래식 군사력 사용,19,4,-10.0,2,1,2,-3.48837209302326,Israel,IS,https://english.alaraby.co.uk/news/gantzs-aid-offer-lebanese-army-angers-israel-politicians
20220203,1026477698,20220203,PALESTINIAN,PSE,ISRAELI,ISR,190,재래식 군사력 사용,19,4,-10.0,4,1,4,-3.81944444444444,"Hebrew University, Yerushalayim, Israel",IS,https://www.presstv.ir/Detail/2022/02/03/676103/Palestine-Israel-settler-units-al-Quds
20220203,1026477708,20220203,PALESTINIAN,PSE,ISRAELI,ISR,190,재래식 군사력 사용,19,4,-10.0,2,1,2,-3.81944444444444,"Hebrew University, Yerushalayim, Israel",IS,https://www.presstv.ir/Detail/2022/02/03/676103/Palestine-Israel-settler-units-al-Quds
20220203,1026482499,20220203,AMMAN,JOR,SYRIA,SYR,190,재래식 군사력 사용,19,4,-10.0,2,1,2,-7.84313725490193,"Washington, District of Columbia, United States",US,https://kelo.com/2022/02/03/u-s-led-coalition-operation-in-northern-syria-targeted-jihadists/
20220203,1026482500,20220203,AMMAN,JOR,SYRIA,SYR,190,재래식 군사력 사용,19,4,-10.0,2,2,2,-7.50868429362959,"Washington, District of Columbia, United States",US,https://kelo.com/2022/02/03/u-s-led-coalition-operation-in-northern-syria-targeted-jihadists/
20220203,1026482547,20220203,BEIRUT,LBN,SYRIA,SYR,190,재래식 군사력 사용,19,4,-10.0,64,32,64,-5.92904570665722,Iraq,IZ,https://www.wprl.org/npr-news/2022-02-03/what-is-known-about-the-isis-leader-who-died-during-a-u-s-raid-in-syria
20220203,1026484576,20220203,BEIRUT,LBN,SYRIA,SYR,190,재래식 군사력 사용,19,4,-10.0,6,2,6,-6.14041749625403,"Tel Afar, NinawáZ, Iraq",IZ,https://kstp.com/kstp-news/national/is-leader-killed-in-us-raid-in-syria-remains-murky-figure/
20220203,1026484744,20220203,HAMAS,PSE,ISRAELI,ISR,190,재래식 군사력 사용,19,4,-10.0,10,1,10,0.117439812096309,Israel,IS,https://blogs.timesofisrael.com/six-things-to-do-before-the-next-wave/
20220203,1026484796,20220203,SYRIA,SYR,IRAQ,IRQ,190,재래식 군사력 사용,19,4,-10.0,3,1,3,-4.59492140266022,Iraq,IZ,https://www.nbcnews.com/politics/white-house/biden-calls-isis-leader-s-suicide-bomb-desperate-act-cowardice-n1288527
20220203,1026486769,20220203,ISRAELI,ISR,PALESTINIAN,PSE,190,재래식 군사력 사용,19,4,-10.0,5,1,5,-2.39352340725097,"Jerusalem, Israel (general), Israel",IS,https://www.democracynow.org/2022/2/3/amnesty_international_israel_palestine_apartheid
20220203,1026486770,20220203,ISRAELI,ISR,WEST BANK,PSE,190,재래식 군사력 사용,19,4,-10.0,4,1,4,-4.75138121546962,"Homesh, West Bank (general), West Bank",WE,https://www.algemeiner.com/2022/02/03/when-israel-cant-be-blamed-no-one-cares-about-human-rights/
20220203,1026486780,20220203,ISRAELI,ISR,WEST BANK,PSE,190,재래식 군사력 사용,19,4,-10.0,5,1,5,-4.75138121546962,"Homesh, West Bank (general), West Bank",WE,https://www.algemeiner.com/2022/02/03/when-israel-cant-be-blamed-no-one-cares-about-human-rights/
20220203,1026486790,20220203,ISRAEL,ISR,HAMAS,PSE,194,포병·전차를 이용한 전투,19,4,-10.0,2,1,2,-7.56972111553786,Israel,IS,https://www.algemeiner.com/2022/02/03/what-does-supporting-palestinian-reconciliation-mean/
20220203,1026487132,20220203,PALESTINIAN,PSE,ISRAEL,ISR,193,소형무기·경무기를 이용한 전투,19,4,-10.0,2,1,2,-7.56972111553786,Israel,IS,https://www.algemeiner.com/2022/02/03/what-does-supporting-palestinian-reconciliation-mean/
20220203,1026487133,20220203,PALESTINIAN,PSE,ISRAEL,ISR,190,재래식 군사력 사용,19,4,-10.0,2,1,2,-7.56972111553786,Israel,IS,https://www.algemeiner.com/2022/02/03/what-does-supporting-palestinian-reconciliation-mean/
20220203,1026489569,20220203,IRAQ,IRQ,SYRIA,SYR,190,재래식 군사력 사용,19,4,-10.0,4,1,4,-5.38830715532286,"Idlib, Idlib, Syria",SY,https://www.nytimes.com/live/2022/02/03/world/us-raid-syria-isis/the-news-drew-praise-from-congressional-leaders
20220203,1026489570,20220203,IRAQ,IRQ,SYRIA,SYR,190,재래식 군사력 사용,19,4,-10.0,24,6,24,-3.44009489916964,"Idlib, Idlib, Syria",SY,https://www.theusnews.com/news/272264110/us-says-is-leader-killed-himself-in-act-of-cowardice
20220203,1026489571,20220203,IRAQ,IRQ,SYRIA,SYR,190,재래식 군사력 사용,19,4,-10.0,12,6,12,-3.44009489916964,"Mawla, Maysan, Iraq",IZ,https://www.theusnews.com/news/272264110/us-says-is-leader-killed-himself-in-act-of-cowardice
20220203,1026489572,20220203,IRAQ,IRQ,SYRIA,SYR,190,재래식 군사력 사용,19,4,-10.0,1,1,1,-5.38830715532286,"New York, United States",US,https://www.nytimes.com/live/2022/02/03/world/us-raid-syria-isis/the-news-drew-praise-from-congressional-leaders
20220203,1026489652,20220203,AMMAN,JOR,SYRIA,SYR,190,재래식 군사력 사용,19,4,-10.0,1,1,1,-7.17423133235725,Syria,SY,https://www.oann.com/biden-says-isis-leader-quraishi-killed-in-syria-raid/
20220203,1026490073,20220203,SYRIA,SYR,TURKEY,TUR,193,소형무기·경무기를 이용한 전투,19,4,-10.0,2,1,2,-4.18604651162791,Turkey,TU,https://www.france24.com/en/live-news/20220203-syrian-townfolk-shocked-that-is-leader-was-a-neighbour
20220203,1026492296,20220203,BEIRUT,LBN,SYRIA,SYR,190,재래식 군사력 사용,19,4,-10.0,20,9,20,-5.59763537490566,"Tel Afar, NinawáZ, Iraq",IZ,https://www.abqjournal.com/2466980/is-leader-killed-in-us-raid-in-syria-remains-murky-figure.html
20220203,1026492297,20220203,BEIRUT,LBN,SYRIA,SYR,190,재래식 군사력 사용,19,4,-10.0,14,7,14,-5.63161637012811,"Washington, District of Columbia, United States",US,https://www.wdrb.com/news/national/is-leader-killed-in-us-raid-in-syria-remains-murky-figure/article_57e19aef-3c7d-52b6-900d-37b3c53a6a6c.html
20220203,1026492588,20220203,SYRIA,SYR,IRAQ,IRQ,190,재래식 군사력 사용,19,4,-10.0,12,6,12,-5.88842975206611,"Idlib, Idlib, Syria",SY,https://www.iraqsun.com/news/272264169/who-is-al-qurayshi-isis-leader-taken-out-during-us-raid
20220203,1026492589,20220203,SYRIA,SYR,IRAQ,IRQ,190,재래식 군사력 사용,19,4,-10.0,12,6,12,-5.88842975206611,Iraq,IZ,https://www.iraqsun.com/news/272264169/who-is-al-qurayshi-isis-leader-taken-out-during-us-raid
20220203,1026496923,20220203,IRAQ,IRQ,SYRIA,SYR,190,재래식 군사력 사용,19,4,-10.0,6,1,6,-5.87219343696028,"Baghuz, Al ?asakah, Syria",SY,https://www.thescottishsun.co.uk/news/8380381/isis-hunt-leader-us-raid-jihadi/
20220203,1026496924,20220203,IRAQ,IRQ,SYRIA,SYR,190,재래식 군사력 사용,19,4,-10.0,2,1,2,-5.87219343696028,"Rutba, Al Anbar, Iraq",IZ,https://www.thescottishsun.co.uk/news/8380381/isis-hunt-leader-us-raid-jihadi/
20220203,1026496925,20220203,IRAQ,IRQ,SYRIA,SYR,190,재래식 군사력 사용,19,4,-10.0,2,1,2,-5.87219343696028,"Baghuz, Al ?asakah, Syria",SY,https://www.thescottishsun.co.uk/news/8380381/isis-hunt-leader-us-raid-jihadi/
20220203,1026496926,20220203,IRAQ,IRQ,SYRIA,SYR,190,재래식 군사력 사용,19,4,-10.0,2,1,2,-5.87219343696028,"Rutba, Al Anbar, Iraq",IZ,https://www.thescottishsun.co.uk/news/8380381/isis-hunt-leader-us-raid-jihadi/
20220203,1026497012,20220203,BEIRUT,LBN,SYRIA,SYR,190,재래식 군사력 사용,19,4,-10.0,2,1,2,-5.38336052202284,"Tel Afar, NinawáZ, Iraq",IZ,https://www.stripes.com/theaters/middle_east/2022-02-03/isis-leader-killed-us-raid-syria-remains-murky-figure-4595451.html
20220203,1026497244,20220203,SYRIA,SYR,IRAQ,IRQ,190,재래식 군사력 사용,19,4,-10.0,6,1,6,-5.87219343696028,"Baghuz, Al ?asakah, Syria",SY,https://www.thescottishsun.co.uk/news/8380381/isis-hunt-leader-us-raid-jihadi/
20220203,1026497245,20220203,SYRIA,SYR,IRAQ,IRQ,190,재래식 군사력 사용,19,4,-10.0,2,1,2,-5.87219343696028,"Baghuz, Al ?asakah, Syria",SY,https://www.thescottishsun.co.uk/news/8380381/isis-hunt-leader-us-raid-jihadi/
20220203,1026497246,20220203,SYRIA,SYR,IRAQ,IRQ,190,재래식 군사력 사용,19,4,-10.0,2,1,2,-5.87219343696028,"Rutba, Al Anbar, Iraq",IZ,https://www.thescottishsun.co.uk/news/8380381/isis-hunt-leader-us-raid-jihadi/
20220203,1026497552,20220203,YEMEN,YEM,IRAQ,IRQ,190,재래식 군사력 사용,19,4,-10.0,2,1,2,-3.40425531914893,Yemen,YM,https://www.i24news.tv/en/news/middle-east/the-gulf/1643909916-shadowy-group-claims-responsibility-for-attack-on-uae
20220203,1026497758,20220203,BAHRAIN,BHR,YEMEN,YEM,195,공중무기 사용,19,4,-10.0,3,1,3,0.21849963583394,"Tehran, Tehran, Iran",IR,https://www.timesofisrael.com/gantzs-bahrain-visit-signals-to-iran-the-alliance-against-it-is-growing-and-public/
20220203,1026498277,20220203,REUVEN RIVLIN,ISR,LEBANON,LBN,190,재래식 군사력 사용,19,4,-10.0,1,1,1,0.43668122270742,"Beirut, Beyrouth, Lebanon",LE,https://www.jpost.com/opinion/article-695449
20220203,1026498278,20220203,REUVEN RIVLIN,ISR,LEBANON,LBN,190,재래식 군사력 사용,19,4,-10.0,1,1,1,0.43668122270742,"Jerusalem, Israel (general), Israel",IS,https://www.jpost.com/opinion/article-695449
20220203,1026498279,20220203,REUVEN RIVLIN,ISR,LEBANON,LBN,190,재래식 군사력 사용,19,4,-10.0,2,1,2,0.43668122270742,"Beirut, Beyrouth, Lebanon",LE,https://www.jpost.com/opinion/article-695449
20220203,1026501464,20220203,SYRIA,SYR,TURKEY,TUR,190,재래식 군사력 사용,19,4,-10.0,6,2,6,-4.13135175259387,Turkey,TU,https://jihadology.net/2022/02/03/check-out-my-new-policy-alert-for-the-washington-institute-second-islamic-state-leader-killed-in-hayat-tahrir-al-sham-territory/
20220203,1026503472,20220203,SYRIA,SYR,IRAQ,IRQ,192,영토 점령,19,4,-9.5,6,1,6,-6.19637750238322,Syria,SY,https://gazette.com/news/us-world/isis-leader-quraishi-kills-himself-during-syria-raid-u-s-says/article_c58edbb1-e26c-59d7-b852-f8688baacf63.html
20220203,1026503473,20220203,SYRIA,SYR,IRAQ,IRQ,192,영토 점령,19,4,-9.5,2,1,2,-6.19637750238322,Iraq,IZ,https://gazette.com/news/us-world/isis-leader-quraishi-kills-himself-during-syria-raid-u-s-says/article_c58edbb1-e26c-59d7-b852-f8688baacf63.html
20220203,1026503474,20220203,SYRIA,SYR,IRAQ,IRQ,192,영토 점령,19,4,-9.5,2,1,2,-6.19637750238322,Syria,SY,https://gazette.com/news/us-world/isis-leader-quraishi-kills-himself-during-syria-raid-u-s-says/article_c58edbb1-e26c-59d7-b852-f8688baacf63.html
20220203,1026505163,20220203,IRANIAN,IRN,SYRIA,SYR,138,군사력 사용 위협,13,3,-7.0,2,1,2,-3.93518518518519,"Damascus, Dimashq, Syria",SY,https://thepeninsulaqatar.com/article/05/09/2013/us-strike-on-syria-could-derail-iran-presidents-master-plan
20220203,1026505164,20220203,IRANIAN,IRN,SYRIA,SYR,138,군사력 사용 위협,13,3,-7.0,2,1,2,-3.93518518518519,"Tehran, Tehran, Iran",IR,https://thepeninsulaqatar.com/article/05/09/2013/us-strike-on-syria-could-derail-iran-presidents-master-plan
20220203,1026505464,20220203,SYRIAN,SYR,TURKISH,TUR,195,공중무기 사용,19,4,-10.0,7,1,7,-5.96205962059621,"Idlib, Idlib, Syria",SY,https://news.antiwar.com/2022/02/03/civilians-killed-in-us-special-forces-raid-in-northwest-syria/
20220203,1026505488,20220203,TURKEY,TUR,IRAQ,IRQ,190,재래식 군사력 사용,19,4,-10.0,26,13,26,-6.58656268324923,"Arabiya, Batman, Turkey",TU,https://www.goskagit.com/news/world/is-leader-stayed-hidden-as-he-rebuilt-his-group-from-defeat/article_a8c20b9b-1f62-5cd3-93b0-193de4a2a9de.html
20220203,1026505489,20220203,TURKEY,TUR,IRAQ,IRQ,190,재래식 군사력 사용,19,4,-10.0,24,12,24,-6.60133268592592,Iraq,IZ,https://www.goskagit.com/news/world/is-leader-stayed-hidden-as-he-rebuilt-his-group-from-defeat/article_a8c20b9b-1f62-5cd3-93b0-193de4a2a9de.html
20220203,1026509245,20220203,ISRAEL,ISR,SYRIA,SYR,190,재래식 군사력 사용,19,4,-10.0,2,1,2,-11.3636363636364,Israel,IS,https://www.israelnationalnews.com/flashes/566567
20220203,1026509246,20220203,ISRAEL,ISR,SYRIA,SYR,190,재래식 군사력 사용,19,4,-10.0,8,1,8,-11.3636363636364,Syria,SY,https://www.israelnationalnews.com/flashes/566567
20220203,1026509539,20220203,SYRIA,SYR,TURKEY,TUR,190,재래식 군사력 사용,19,4,-10.0,2,1,2,-2.65430124720179,"Raqqa, Ar Raqqah, Syria",SY,https://www.dailymail.co.uk/news/article-10470091/Kansas-ISIS-mom-tried-ransom-kids-father-left-US.html
20220203,1026510786,20220203,SAUDI,SAU,YEMEN,YEM,195,공중무기 사용,19,4,-10.0,4,2,4,-7.54716981132076,"Sanaa, Sana', Yemen",YM,https://www.bignewsnetwork.com/news/272264473/saudi-led-airstrikes-kill-7-houthi-militants-in-sw-yemen
20220203,1026510787,20220203,SAUDI ARABIA,SAU,YEMEN,YEM,195,공중무기 사용,19,4,-10.0,46,5,46,-7.46331236897275,"Sanaa, Sana', Yemen",YM,https://www.bignewsnetwork.com/news/272264473/saudi-led-airstrikes-kill-7-houthi-militants-in-sw-yemen
20220203,1026513109,20220203,SAUDI ARABIA,SAU,TURKEY,TUR,190,재래식 군사력 사용,19,4,-10.0,1,1,1,-5.44464609800363,"Riyadh, Ar Riya?, Saudi Arabia",SA,https://www.washingtonpost.com/opinions/2022/02/03/heres-vice-headline-you-we-took-millions-improve-image-murderous-dictator/
20220203,1026513110,20220203,SAUDI ARABIA,SAU,TURKEY,TUR,190,재래식 군사력 사용,19,4,-10.0,1,1,1,-5.44464609800363,"Riyadh, Ar Riya?, Saudi Arabia",SA,https://www.washingtonpost.com/opinions/2022/02/03/heres-vice-headline-you-we-took-millions-improve-image-murderous-dictator/
20220203,1026516522,20220203,ISRAEL,ISR,SAUDI,SAU,190,재래식 군사력 사용,19,4,-10.0,4,1,4,-0.888888888888891,Saudi Arabia,SA,https://menafn.com/1103639121/Israel-Stages-Biggest-Military-Drills-With-Gulf-Arab-States&source=19
20220203,1026516523,20220203,ISRAEL,ISR,SAUDI,SAU,194,포병·전차를 이용한 전투,19,4,-10.0,4,1,4,-0.888888888888891,Israel,IS,https://menafn.com/1103639121/Israel-Stages-Biggest-Military-Drills-With-Gulf-Arab-States&source=19
20220203,1026516839,20220203,SAUDI,SAU,ISRAEL,ISR,190,재래식 군사력 사용,19,4,-10.0,4,1,4,-0.888888888888891,Saudi Arabia,SA,https://menafn.com/1103639121/Israel-Stages-Biggest-Military-Drills-With-Gulf-Arab-States&source=19
20220203,1026516879,20220203,TURKISH,TUR,SYRIA,SYR,190,재래식 군사력 사용,19,4,-10.0,2,1,2,-1.08958837772397,"Kyiv, Kyyiv, Misto, Ukraine",UP,https://www.cnsnews.com/article/international/dimitri-simes/erdogan-voices-support-ukraines-sovereignty-and-territorial
20220203,1026516880,20220203,TURKISH,TUR,SYRIA,SYR,190,재래식 군사력 사용,19,4,-10.0,8,1,8,-1.08958837772397,"Bayraktar, Erzurum, Turkey",TU,https://www.cnsnews.com/article/international/dimitri-simes/erdogan-voices-support-ukraines-sovereignty-and-territorial
20220203,1026518596,20220203,LEBANESE,LBN,SYRIAN,SYR,138,군사력 사용 위협,13,3,-7.0,10,1,10,-7.21544715447154,Turkey,TU,https://www.khaleejtimes.com/world/mikati-warns-lebanese-of-drowning-in-syrian-war
20220203,1026518733,20220203,PALESTINIAN,PSE,JERUSALEM,ISR,192,영토 점령,19,4,-9.5,8,1,8,-4.12782956058589,"Gaza, Israel (general), Israel",IS,https://www.hrw.org/news/2022/02/03/submission-human-rights-watch-united-nations-human-rights-committee-advance-its
20220203,1026518814,20220203,TURKEY,TUR,IRAQ,IRQ,190,재래식 군사력 사용,19,4,-10.0,2,1,2,-6.40932265112891,"Tel Afar, NinawáZ, Iraq",IZ,https://www.taiwannews.com.tw/en/news/4430764
20220203,1026524555,20220203,SYRIA,SYR,TURKEY,TUR,190,재래식 군사력 사용,19,4,-10.0,7,2,7,-5.43604377389765,Turkey,TU,https://www.washingtontimes.com/news/2022/feb/3/pentagon-death-isis-leader-us-commando-raid-will-h/
20220203,1026526361,20220203,SYRIAN,SYR,TURKEY,TUR,190,재래식 군사력 사용,19,4,-10.0,2,1,2,-2.37121831561733,"Quneitra, Al Qunaytirah, Syria",SY,https://www.al-monitor.com/originals/2022/02/why-turkeys-islamists-turned-their-back-renowned-syrian-preacher
20220203,1026526362,20220203,SYRIAN,SYR,TURKEY,TUR,190,재래식 군사력 사용,19,4,-10.0,2,1,2,-2.37121831561733,"Istanbul, Istanbul, Turkey",TU,https://www.al-monitor.com/originals/2022/02/why-turkeys-islamists-turned-their-back-renowned-syrian-preacher
20220203,1026526363,20220203,SYRIAN,SYR,TURKEY,TUR,190,재래식 군사력 사용,19,4,-10.0,4,1,4,-2.37121831561733,"Quneitra, Al Qunaytirah, Syria",SY,https://www.al-monitor.com/originals/2022/02/why-turkeys-islamists-turned-their-back-renowned-syrian-preacher
20220203,1026526364,20220203,SYRIA,SYR,TURKEY,TUR,190,재래식 군사력 사용,19,4,-10.0,2,1,2,-2.37121831561733,"Istanbul, Istanbul, Turkey",TU,https://www.al-monitor.com/originals/2022/02/why-turkeys-islamists-turned-their-back-renowned-syrian-preacher
20220203,1026527948,20220203,ABDULLAH,SAU,SYRIA,SYR,190,재래식 군사력 사용,19,4,-10.0,2,1,2,-6.09636184857424,Syria,SY,https://www.fayobserver.com/story/news/politics/2022/02/03/us-kills-isis-leader-abu-ibrahim-al-hashimi-al-qurayshi-syria-raid/6646804001/
20220204,1026534009,20220204,SYRIA,SYR,TURKEY,TUR,190,재래식 군사력 사용,19,4,-10.0,7,2,7,-5.43604377389765,Turkey,TU,https://www.washingtontimes.com:443/news/2022/feb/3/pentagon-death-isis-leader-us-commando-raid-will-h/
20220204,1026534031,20220204,TURKEY,TUR,IRAQ,IRQ,190,재래식 군사력 사용,19,4,-10.0,16,8,16,-6.59739275679546,"Arabiya, Batman, Turkey",TU,https://www.nbcconnecticut.com/news/national-international/who-is-the-isis-leader-killed-in-the-u-s-raid-heres-what-to-know/2709513/
20220204,1026534032,20220204,TURKEY,TUR,IRAQ,IRQ,190,재래식 군사력 사용,19,4,-10.0,16,8,16,-6.59739275679546,Iraq,IZ,https://www.nbcconnecticut.com/news/national-international/who-is-the-isis-leader-killed-in-the-u-s-raid-heres-what-to-know/2709513/
20220204,1026537461,20220204,ABDULLAH,SAU,SYRIA,SYR,190,재래식 군사력 사용,19,4,-10.0,4,2,4,-6.09636184857424,Syria,SY,https://www.htrnews.com/story/news/politics/2022/02/03/us-kills-isis-leader-abu-ibrahim-al-hashimi-al-qurayshi-syria-raid/6646804001/
20220204,1026537498,20220204,SYRIA,SYR,IRAQ,IRQ,190,재래식 군사력 사용,19,4,-10.0,4,2,4,-5.88842975206611,"Idlib, Idlib, Syria",SY,https://www.russiaherald.com/news/272264169/who-is-al-qurayshi-isis-leader-taken-out-during-us-raid
20220204,1026537499,20220204,SYRIA,SYR,IRAQ,IRQ,190,재래식 군사력 사용,19,4,-10.0,4,2,4,-5.88842975206611,Iraq,IZ,https://www.russiaherald.com/news/272264169/who-is-al-qurayshi-isis-leader-taken-out-during-us-raid
20220204,1026537505,20220204,SYRIA,SYR,TURKEY,TUR,190,재래식 군사력 사용,19,4,-10.0,4,2,4,-6.09636184857424,Syria,SY,https://www.htrnews.com/story/news/politics/2022/02/03/us-kills-isis-leader-abu-ibrahim-al-hashimi-al-qurayshi-syria-raid/6646804001/
20220204,1026540105,20220204,SAUDI ARABIA,SAU,YEMEN,YEM,195,공중무기 사용,19,4,-10.0,26,3,26,-7.50058234334964,"Sanaa, Sana', Yemen",YM,http://www.news.cn/english/20220204/fba7ded69207474ebc16b0837080ddbf/c.html
20220204,1026542364,20220204,BEIRUT,LBN,SYRIA,SYR,190,재래식 군사력 사용,19,4,-10.0,8,4,8,-5.93220338983051,"Tel Afar, NinawáZ, Iraq",IZ,https://www.wutc.org/2022-02-03/what-is-known-about-the-isis-leader-who-died-during-a-u-s-raid-in-syria
20220204,1026542365,20220204,BEIRUT,LBN,SYRIA,SYR,190,재래식 군사력 사용,19,4,-10.0,10,1,10,-6.66666666666667,Iraq,IZ,https://kdwn.com/2022/02/03/islamic-state-leader-stayed-hidden-as-he-rebuilt-his-group-from-defeat/
20220204,1026542366,20220204,BEIRUT,LBN,SYRIA,SYR,190,재래식 군사력 사용,19,4,-10.0,30,5,30,-5.87465908928648,Jordan,JO,https://www.wutc.org/2022-02-03/what-is-known-about-the-isis-leader-who-died-during-a-u-s-raid-in-syria
20220204,1026542367,20220204,BEIRUT,LBN,SYRIA,SYR,190,재래식 군사력 사용,19,4,-10.0,8,4,8,-5.93220338983051,Iraq,IZ,https://www.wutc.org/2022-02-03/what-is-known-about-the-isis-leader-who-died-during-a-u-s-raid-in-syria
20220204,1026544994,20220204,SYRIA,SYR,TURKEY,TUR,190,재래식 군사력 사용,19,4,-10.0,2,1,2,-4.92581602373887,"Anadolu, Turkey (general), Turkey",TU,https://theaviationist.com/2022/02/03/u-s-mh-60m-helicopter-used-in-raid-to-kill-isis-leader-in-syria-blown-up-on-the-ground-by-u-s-forces/
20220204,1026544995,20220204,SYRIA,SYR,TURKEY,TUR,190,재래식 군사력 사용,19,4,-10.0,2,1,2,-4.92581602373887,Syria,SY,https://theaviationist.com/2022/02/03/u-s-mh-60m-helicopter-used-in-raid-to-kill-isis-leader-in-syria-blown-up-on-the-ground-by-u-s-forces/
20220204,1026545001,20220204,TURKEY,TUR,SYRIA,SYR,190,재래식 군사력 사용,19,4,-10.0,2,1,2,-4.92581602373887,"Anadolu, Turkey (general), Turkey",TU,https://theaviationist.com/2022/02/03/u-s-mh-60m-helicopter-used-in-raid-to-kill-isis-leader-in-syria-blown-up-on-the-ground-by-u-s-forces/
20220204,1026545002,20220204,TURKEY,TUR,SYRIA,SYR,190,재래식 군사력 사용,19,4,-10.0,2,1,2,-4.92581602373887,Syria,SY,https://theaviationist.com/2022/02/03/u-s-mh-60m-helicopter-used-in-raid-to-kill-isis-leader-in-syria-blown-up-on-the-ground-by-u-s-forces/
20220204,1026547447,20220204,YEMEN,YEM,IRAQ,IRQ,138,군사력 사용 위협,13,3,-7.0,1,1,1,-7.94520547945207,Yemen,YM,https://dailytimes.com.pk/879892/shadowy-militant-group-claims-latest-uae-drone-attack/
20220204,1026549864,20220203,SAUDI ARABIA,SAU,YEMEN,YEM,195,공중무기 사용,19,4,-10.0,5,1,5,-6.95652173913043,Yemen,YM,https://menafn.com/1103639620/Saudi-Led-Airstrikes-Kill-Seven-Houthi-Militants-In-SW-Yemen
20220204,1026550861,20220204,SAUDI ARABIA,SAU,YEMEN,YEM,195,공중무기 사용,19,4,-10.0,2,1,2,-6.95652173913043,Yemen,YM,https://menafn.com/1103639620/Saudi-Led-Airstrikes-Kill-Seven-Houthi-Militants-In-SW-Yemen
20220204,1026550890,20220204,TURKISH,TUR,SYRIA,SYR,190,재래식 군사력 사용,19,4,-10.0,6,1,6,-1.06132075471698,"Kyiv, Kyyiv, Misto, Ukraine",UP,https://cnsnews.com/article/international/dimitri-simes/erdogan-voices-support-ukraines-sovereignty-and-territorial
20220204,1026550891,20220204,TURKISH,TUR,SYRIA,SYR,190,재래식 군사력 사용,19,4,-10.0,24,1,24,-1.06132075471698,"Bayraktar, Erzurum, Turkey",TU,https://cnsnews.com/article/international/dimitri-simes/erdogan-voices-support-ukraines-sovereignty-and-territorial
20220204,1026559195,20220204,SAUDI,SAU,YEMEN,YEM,190,재래식 군사력 사용,19,4,-10.0,8,1,8,-1.67682926829268,Saudi Arabia,SA,https://www.timesofisrael.com/us-okays-f-16-sales-to-jordan-air-defense-boosts-for-saudi-arabia-uae/
20220204,1026559196,20220204,SAUDI,SAU,YEMEN,YEM,190,재래식 군사력 사용,19,4,-10.0,6,2,6,-5.18624072110286,Yemen,YM,https://www.timesofisrael.com/us-okays-f-16-sales-to-jordan-air-defense-boosts-for-saudi-arabia-uae/
20220204,1026559197,20220204,SAUDI,SAU,YEMEN,YEM,195,공중무기 사용,19,4,-10.0,4,2,4,-7.54716981132076,"Sanaa, Sana', Yemen",YM,https://www.arabherald.com/news/272264473/saudi-led-airstrikes-kill-7-houthi-militants-in-sw-yemen
20220204,1026559238,20220204,SYRIA,SYR,TURKEY,TUR,193,소형무기·경무기를 이용한 전투,19,4,-10.0,4,2,4,-3.7014941077441,Turkey,TU,https://www.ndtv.com/world-news/syrian-townfolk-shocked-that-isis-leader-abu-ibrahim-al-hashimi-al-qurashi-was-a-neighbour-2748247
20220204,1026559528,20220204,YEMEN,YEM,SAUDI,SAU,190,재래식 군사력 사용,19,4,-10.0,8,1,8,-1.67682926829268,Saudi Arabia,SA,https://www.timesofisrael.com/us-okays-f-16-sales-to-jordan-air-defense-boosts-for-saudi-arabia-uae/
20220204,1026559529,20220204,YEMEN,YEM,SAUDI,SAU,190,재래식 군사력 사용,19,4,-10.0,2,1,2,-1.67682926829268,Yemen,YM,https://www.timesofisrael.com/us-okays-f-16-sales-to-jordan-air-defense-boosts-for-saudi-arabia-uae/
20220204,1026563359,20220204,ABDULLAH,SAU,SYRIA,SYR,195,공중무기 사용,19,4,-10.0,12,1,12,-7.41712682011189,Afghanistan,AF,https://www.defenseworld.net/news/31306/ISIS_Leader_Killing__US_Helicopter_Malfunctions__Destroyed
20220204,1026563360,20220204,ABDULLAH,SAU,SYRIA,SYR,195,공중무기 사용,19,4,-10.0,18,1,18,-7.41712682011189,Syria,SY,https://www.defenseworld.net/news/31306/ISIS_Leader_Killing__US_Helicopter_Malfunctions__Destroyed
20220204,1026566952,20220204,IRAQ,IRQ,SYRIA,SYR,190,재래식 군사력 사용,19,4,-10.0,4,1,4,-2.20872446162342,United States,US,https://www.pbs.org/newshour/show/biden-national-security-official-on-isis-commando-raid-in-syria-tensions-with-russia
20220204,1026566953,20220204,IRAQ,IRQ,SYRIA,SYR,190,재래식 군사력 사용,19,4,-10.0,6,1,6,-2.20872446162342,United States,US,https://www.pbs.org/newshour/show/biden-national-security-official-on-isis-commando-raid-in-syria-tensions-with-russia
20220204,1026567131,20220204,SYRIA,SYR,IRAQ,IRQ,190,재래식 군사력 사용,19,4,-10.0,4,1,4,-2.20872446162342,United States,US,https://www.pbs.org/newshour/show/biden-national-security-official-on-isis-commando-raid-in-syria-tensions-with-russia
20220204,1026567132,20220204,SYRIA,SYR,IRAQ,IRQ,190,재래식 군사력 사용,19,4,-10.0,6,1,6,-2.20872446162342,United States,US,https://www.pbs.org/newshour/show/biden-national-security-official-on-isis-commando-raid-in-syria-tensions-with-russia
20220204,1026574227,20220204,IRAQ,IRQ,SYRIA,SYR,190,재래식 군사력 사용,19,4,-10.0,10,1,10,-1.81818181818182,Afghanistan,AF,https://www.breitbart.com/clips/2022/02/03/malinowski-isis-very-present-in-afghanistan-and-we-cant-solve-issue-just-with-special-forces-raids/
20220204,1026574424,20220204,SYRIA,SYR,TURKEY,TUR,195,공중무기 사용,19,4,-10.0,1,1,1,-5.12624330527926,China,CH,https://www.wsws.org/en/articles/2022/02/04/isis-f04.html
20220204,1026574431,20220204,SYRIA,SYR,YEMEN,YEM,190,재래식 군사력 사용,19,4,-10.0,2,1,2,-5.12624330527926,"Washington, District of Columbia, United States",US,https://www.wsws.org/en/articles/2022/02/04/isis-f04.html
20220204,1026574432,20220204,SYRIA,SYR,YEMEN,YEM,190,재래식 군사력 사용,19,4,-10.0,3,1,3,-5.12624330527926,China,CH,https://www.wsws.org/en/articles/2022/02/04/isis-f04.html
20220204,1026574433,20220204,SYRIA,SYR,YEMEN,YEM,190,재래식 군사력 사용,19,4,-10.0,1,1,1,-5.12624330527926,Russia,RS,https://www.wsws.org/en/articles/2022/02/04/isis-f04.html
20220204,1026574591,20220204,YEMEN,YEM,SYRIA,SYR,195,공중무기 사용,19,4,-10.0,4,1,4,-5.12624330527926,"Idlib, Idlib, Syria",SY,https://www.wsws.org/en/articles/2022/02/04/isis-f04.html
20220204,1026574592,20220204,YEMEN,YEM,SYRIA,SYR,195,공중무기 사용,19,4,-10.0,2,1,2,-5.12624330527926,"Qurayshi, La?ij, Yemen",YM,https://www.wsws.org/en/articles/2022/02/04/isis-f04.html
20220204,1026577016,20220204,IRAQI,IRQ,LEBANON,LBN,190,재래식 군사력 사용,19,4,-10.0,14,7,14,-8.00727934485896,"Beirut, Beyrouth, Lebanon",LE,https://www.sfgate.com/news/article/As-economy-collapses-some-young-Lebanese-turn-to-16830969.php
20220204,1026577017,20220204,IRAQI,IRQ,LEBANESE,LBN,190,재래식 군사력 사용,19,4,-10.0,196,30,196,-7.64871631732804,"Beirut, Beyrouth, Lebanon",LE,https://www.sfgate.com/news/article/As-economy-collapses-some-young-Lebanese-turn-to-16830969.php
20220204,1026577018,20220204,IRAQ,IRQ,LEBANON,LBN,190,재래식 군사력 사용,19,4,-10.0,64,30,64,-7.64871631732804,"Beirut, Beyrouth, Lebanon",LE,https://www.sfgate.com/news/article/As-economy-collapses-some-young-Lebanese-turn-to-16830969.php
20220204,1026577248,20220204,SAUDI,SAU,YEMEN,YEM,190,재래식 군사력 사용,19,4,-10.0,80,27,80,-5.46990364195415,"Sanaa, Sana', Yemen",YM,https://www.sfgate.com/news/article/Yemen-rebel-attack-on-UAE-brings-tragedy-to-16830971.php
20220204,1026579111,20220204,IRAQI,IRQ,LEBANON,LBN,190,재래식 군사력 사용,19,4,-10.0,50,23,50,-7.54831866961938,"Diyala, DiyaláZ, Iraq",IZ,https://www.washingtonpost.com/world/as-economy-collapses-some-young-lebanese-turn-to-militancy/2022/02/04/abed4802-8580-11ec-951c-1e0cc3723e53_story.html
20220204,1026583051,20220204,IRAN,IRN,SAUDI,SAU,190,재래식 군사력 사용,19,4,-10.0,2,1,2,-4.28571428571428,Saudi Arabia,SA,https://ariananews.af/uae-intercepts-houthi-missile-attack-as-israeli-president-visits/
20220204,1026583210,20220204,SAUDI,SAU,IRAN,IRN,190,재래식 군사력 사용,19,4,-10.0,2,1,2,-4.28571428571428,Saudi Arabia,SA,https://ariananews.af/uae-intercepts-houthi-missile-attack-as-israeli-president-visits/
20220204,1026587689,20220204,AMMAN,JOR,SYRIA,SYR,190,재래식 군사력 사용,19,4,-10.0,3,1,3,-8.2938388625592,Syria,SY,https://www.swissinfo.ch/eng/reuters/u-s--says-islamic-state-leader-killed-in-syria-raid/47316534
20220204,1026590396,20220204,BEIRUT,LBN,SYRIA,SYR,190,재래식 군사력 사용,19,4,-10.0,4,1,4,-5.64448188711036,"Tel Afar, NinawáZ, Iraq",IZ,https://www.keysnews.com/ap/international/is-leader-killed-in-us-raid-in-syria-remains-murky-figure/article_9b9a8eee-8574-11ec-90b9-f7079954f990.html
20220204,1026600626,20220204,ISRAELI,ISR,PALESTINIAN,PSE,190,재래식 군사력 사용,19,4,-10.0,1,1,1,-7.62383900928793,"Galilee, Ha?afon, Israel",IS,https://www.counterpunch.org/2022/02/04/tutu-on-death-grieving-israels-victims/
20220204,1026600627,20220204,ISRAELI,ISR,PALESTINIAN,PSE,190,재래식 군사력 사용,19,4,-10.0,1,1,1,-7.62383900928793,"Beirut, Beyrouth, Lebanon",LE,https://www.counterpunch.org/2022/02/04/tutu-on-death-grieving-israels-victims/
20220204,1026600628,20220204,ISRAELI,ISR,PALESTINIAN,PSE,190,재래식 군사력 사용,19,4,-10.0,2,1,2,-7.62383900928793,"Galilee, Ha?afon, Israel",IS,https://www.counterpunch.org/2022/02/04/tutu-on-death-grieving-israels-victims/
20220204,1026606422,20220128,IRAQ,IRQ,LEBANON,LBN,190,재래식 군사력 사용,19,4,-10.0,3,1,3,-7.14285714285714,"Diyala, DiyaláZ, Iraq",IZ,https://gulfnews.com/world/mena/as-economy-collapses-some-young-lebanese-turn-to-militancy-1.85424760
20220204,1026606423,20220128,IRAQ,IRQ,LEBANON,LBN,190,재래식 군사력 사용,19,4,-10.0,3,1,3,-7.14285714285714,"Beirut, Beyrouth, Lebanon",LE,https://gulfnews.com/world/mena/as-economy-collapses-some-young-lebanese-turn-to-militancy-1.85424760
20220204,1026607016,20220204,IRAQ,IRQ,LEBANESE,LBN,190,재래식 군사력 사용,19,4,-10.0,12,2,12,-7.28736581337737,"Diyala, DiyaláZ, Iraq",IZ,https://gulfnews.com/world/mena/as-economy-collapses-some-young-lebanese-turn-to-militancy-1.85424760
20220204,1026607017,20220204,IRAQ,IRQ,LEBANON,LBN,190,재래식 군사력 사용,19,4,-10.0,4,2,4,-7.28736581337737,"Tripoli, Tarabulus, Libya",LY,https://gulfnews.com/world/mena/as-economy-collapses-some-young-lebanese-turn-to-militancy-1.85424760
20220204,1026609789,20220204,ISRAELI,ISR,WEST BANK,PSE,190,재래식 군사력 사용,19,4,-10.0,4,1,4,-5.52251486830926,"Tel Aviv, Tel Aviv, Israel",IS,https://www.middleeasteye.net/news/israel-palestine-west-bank-palestinian-family-seeking-answers-missing-son
20220204,1026609790,20220204,ISRAELI,ISR,WEST BANK,PSE,190,재래식 군사력 사용,19,4,-10.0,6,1,4,-5.52251486830926,"Tel Aviv, Tel Aviv, Israel",IS,https://www.middleeasteye.net/news/israel-palestine-west-bank-palestinian-family-seeking-answers-missing-son
20220204,1026609791,20220204,ISRAELI,ISR,WEST BANK,PSE,190,재래식 군사력 사용,19,4,-10.0,2,1,2,-5.52251486830926,"Ramallah, West Bank (general), West Bank",WE,https://www.middleeasteye.net/news/israel-palestine-west-bank-palestinian-family-seeking-answers-missing-son
20220204,1026616856,20220204,ISRAEL,ISR,PALESTINE,PSE,163,금수·보이콧·제재 부과,16,4,-8.0,10,1,10,4.01459854014599,"Richards Bay, KwaZulu-Natal, South Africa",SF,https://www.ecr.co.za/news/news/listen-miss-sa-lalela-mswane-super-excited-for-kzn-homecoming-tour/
20220204,1026618765,20220204,ISRAEL,ISR,PALESTINIAN,PSE,190,재래식 군사력 사용,19,4,-10.0,8,3,8,-6.29427769128865,Israel,IS,https://www.i24news.tv/en/news/israel/politics/1643963961-israel-security-minister-calls-for-military-intervention-in-settler-attacks
20220204,1026623398,20220204,SAUDI ARABIA,SAU,YEMEN,YEM,190,재래식 군사력 사용,19,4,-10.0,2,1,2,-8.69565217391304,Yemen,YM,https://www.aljazeera.com/podcasts/2022/2/4/after-airstrikes-yemen-goes-dark
20220204,1026628609,20220204,ISRAELI,ISR,PALESTINIAN,PSE,193,소형무기·경무기를 이용한 전투,19,4,-10.0,4,1,4,-2.56,Israel,IS,https://jewishinsider.com/2022/02/michigan-synagogue-goer-eyes-supreme-court-in-battle-with-antisemitic-picketers/
20220204,1026630418,20220204,TURKISH,TUR,SYRIA,SYR,192,영토 점령,19,4,-9.5,1,1,1,-3.70994940978077,Syria,SY,http://www.hngn.com/articles/240406/20220204/uk-covertly-arms-turkey-ankara-use-invade-syria.htm
20220204,1026630419,20220204,TURKISH,TUR,SYRIA,SYR,192,영토 점령,19,4,-9.5,1,1,1,-3.70994940978077,"Ankara, Ankara, Turkey",TU,http://www.hngn.com/articles/240406/20220204/uk-covertly-arms-turkey-ankara-use-invade-syria.htm
20220204,1026630423,20220204,TURKEY,TUR,SYRIA,SYR,192,영토 점령,19,4,-9.5,2,1,2,-3.70994940978077,"Ankara, Ankara, Turkey",TU,http://www.hngn.com/articles/240406/20220204/uk-covertly-arms-turkey-ankara-use-invade-syria.htm
20220204,1026630424,20220204,TURKISH,TUR,SYRIA,SYR,192,영토 점령,19,4,-9.5,4,1,4,-3.70994940978077,Syria,SY,http://www.hngn.com/articles/240406/20220204/uk-covertly-arms-turkey-ankara-use-invade-syria.htm
20220204,1026633348,20220204,ISRAEL,ISR,WEST BANK,PSE,190,재래식 군사력 사용,19,4,-10.0,4,1,4,-7.50853242320819,Israel,IS,https://www.haaretz.com/israel-news/.premium-17-year-old-palestinian-two-others-charged-with-settler-s-murder-in-west-bank-1.10591181
20220204,1026641785,20220204,SAUDI ARABIA,SAU,YEMEN,YEM,190,재래식 군사력 사용,19,4,-10.0,3,2,3,-2.47933884297521,"Sanaa, Sana', Yemen",YM,https://news.cgtn.com/news/2022-02-04/Saudi-led-airstrikes-hit-Yemen-s-Houthi-held-capital-Sanaa-17nVs8bK98I/
20220204,1026642867,20220204,SYRIA,SYR,TURKEY,TUR,190,재래식 군사력 사용,19,4,-10.0,2,1,2,-3.17357512953367,Russia,RS,https://redstate.com/dennis_santiago/2022/02/04/analysis-im-sorry-mr-putin-but-russia-cant-win-the-long-game-in-ukraine-n517035
20220204,1026642877,20220204,TURKEY,TUR,SYRIA,SYR,190,재래식 군사력 사용,19,4,-10.0,1,1,1,-3.17357512953367,Syria,SY,https://redstate.com/dennis_santiago/2022/02/04/analysis-im-sorry-mr-putin-but-russia-cant-win-the-long-game-in-ukraine-n517035
20220204,1026642878,20220204,TURKEY,TUR,SYRIA,SYR,190,재래식 군사력 사용,19,4,-10.0,1,1,1,-3.17357512953367,Syria,SY,https://redstate.com/dennis_santiago/2022/02/04/analysis-im-sorry-mr-putin-but-russia-cant-win-the-long-game-in-ukraine-n517035
20220204,1026644057,20220128,IRANIAN,IRN,SAUDI ARABIA,SAU,190,재래식 군사력 사용,19,4,-10.0,1,1,1,-7.60598503740649,Saudi Arabia,SA,https://www.jpost.com/middle-east/iran-news/article-695541
20220204,1026644058,20220128,IRANIAN,IRN,SAUDI ARABIA,SAU,190,재래식 군사력 사용,19,4,-10.0,1,1,1,-7.60598503740649,"Baghdad, Baghdad, Iraq",IZ,https://www.jpost.com/middle-east/iran-news/article-695541
20220204,1026644577,20220204,IRAN,IRN,IRAQ,IRQ,190,재래식 군사력 사용,19,4,-10.0,1,1,1,-7.60598503740649,"Golan Heights, Syria (general), Syria",SY,https://www.jpost.com/middle-east/iran-news/article-695541
20220204,1026644578,20220204,IRAN,IRN,IRAQI,IRQ,190,재래식 군사력 사용,19,4,-10.0,6,1,6,-7.60598503740649,"Gulf Of Oman, Iran (general), Iran",IR,https://www.jpost.com/middle-east/iran-news/article-695541
20220204,1026644579,20220204,IRAN,IRN,IRAQ,IRQ,190,재래식 군사력 사용,19,4,-10.0,1,1,1,-7.60598503740649,"Gulf Of Oman, Iran (general), Iran",IR,https://www.jpost.com/middle-east/iran-news/article-695541
20220204,1026644580,20220204,IRAN,IRN,HAMAS,PSE,190,재래식 군사력 사용,19,4,-10.0,1,1,1,-7.60598503740649,"Gulf Of Oman, Iran (general), Iran",IR,https://www.jpost.com/middle-east/iran-news/article-695541
20220204,1026644581,20220204,IRAN,IRN,HAMAS,PSE,190,재래식 군사력 사용,19,4,-10.0,2,1,2,-7.60598503740649,"Gaza, Israel (general), Israel",IS,https://www.jpost.com/middle-east/iran-news/article-695541
20220204,1026644582,20220204,IRAN,IRN,HAMAS,PSE,190,재래식 군사력 사용,19,4,-10.0,5,1,5,-7.60598503740649,"Gaza, Israel (general), Israel",IS,https://www.jpost.com/middle-east/iran-news/article-695541
20220204,1026644588,20220204,IRAQ,IRQ,IRAN,IRN,190,재래식 군사력 사용,19,4,-10.0,8,1,8,-7.60598503740649,"Gaza, Israel (general), Israel",IS,https://www.jpost.com/middle-east/iran-news/article-695541
20220204,1026644589,20220204,IRAQ,IRQ,IRAN,IRN,190,재래식 군사력 사용,19,4,-10.0,2,1,2,-7.60598503740649,"Erbil, Liwa' Irbil, Iraq",IZ,https://www.jpost.com/middle-east/iran-news/article-695541
20220204,1026644609,20220204,ISRAEL,ISR,IRAN,IRN,190,재래식 군사력 사용,19,4,-10.0,1,1,1,-7.60598503740649,"Gulf Of Oman, Iran (general), Iran",IR,https://www.jpost.com/middle-east/iran-news/article-695541
20220204,1026644610,20220204,ISRAEL,ISR,IRAN,IRN,190,재래식 군사력 사용,19,4,-10.0,4,1,4,-7.60598503740649,"Gaza, Israel (general), Israel",IS,https://www.jpost.com/middle-east/iran-news/article-695541
20220204,1026644810,20220204,HAMAS,PSE,IRAN,IRN,190,재래식 군사력 사용,19,4,-10.0,1,1,1,-7.60598503740649,"Gulf Of Oman, Iran (general), Iran",IR,https://www.jpost.com/middle-east/iran-news/article-695541
20220204,1026644811,20220204,HAMAS,PSE,IRAN,IRN,190,재래식 군사력 사용,19,4,-10.0,2,1,2,-7.60598503740649,"Gaza, Israel (general), Israel",IS,https://www.jpost.com/middle-east/iran-news/article-695541
20220204,1026644812,20220204,HAMAS,PSE,IRAN,IRN,190,재래식 군사력 사용,19,4,-10.0,5,1,5,-7.60598503740649,"Gaza, Israel (general), Israel",IS,https://www.jpost.com/middle-east/iran-news/article-695541
20220204,1026646675,20220204,BEIRUT,LBN,SYRIA,SYR,190,재래식 군사력 사용,19,4,-10.0,8,1,8,-5.0098231827112,"Atme, ?alab, Syria",SY,https://ewn.co.za/2022/02/04/what-we-know-about-the-death-of-is-chief
20220204,1026646676,20220204,BEIRUT,LBN,SYRIA,SYR,190,재래식 군사력 사용,19,4,-10.0,2,1,2,-5.0098231827112,"Beirut, Beyrouth, Lebanon",LE,https://ewn.co.za/2022/02/04/what-we-know-about-the-death-of-is-chief
20220204,1026651499,20220204,IRAQI,IRQ,IRAN,IRN,190,재래식 군사력 사용,19,4,-10.0,2,1,2,-4.12371134020619,"Baghdad, Baghdad, Iraq",IZ,https://www.aljazeera.com/news/2022/2/4/iraqi-militia-attack-on-uae-a-message-from-iran-say-analysts
20220204,1026651500,20220204,IRAQI,IRQ,IRAN,IRN,190,재래식 군사력 사용,19,4,-10.0,4,2,4,-4.17388505485975,"Halbusi, Al Anbar, Iraq",IZ,https://www.aljazeera.com/news/2022/2/4/iraqi-militia-attack-on-uae-a-message-from-iran-say-analysts
20220204,1026651503,20220204,IRAQI,IRQ,IRAN,IRN,190,재래식 군사력 사용,19,4,-10.0,6,1,6,-4.12371134020619,"Baghdad, Baghdad, Iraq",IZ,https://www.aljazeera.com/news/2022/2/4/iraqi-militia-attack-on-uae-a-message-from-iran-say-analysts
20220204,1026651797,20220204,SAUDI,SAU,YEMEN,YEM,190,재래식 군사력 사용,19,4,-10.0,1,1,1,-4.12371134020619,Yemen,YM,https://www.aljazeera.com/news/2022/2/4/iraqi-militia-attack-on-uae-a-message-from-iran-say-analysts
20220204,1026651798,20220204,SAUDI,SAU,YEMEN,YEM,190,재래식 군사력 사용,19,4,-10.0,1,1,1,-4.12371134020619,"Yamama, Ar Riya?, Saudi Arabia",SA,https://www.aljazeera.com/news/2022/2/4/iraqi-militia-attack-on-uae-a-message-from-iran-say-analysts
20220204,1026652142,20220204,YEMEN,YEM,SAUDI,SAU,190,재래식 군사력 사용,19,4,-10.0,2,2,2,-4.17388505485975,Yemen,YM,https://www.aljazeera.com/news/2022/2/4/iraqi-militia-attack-on-uae-a-message-from-iran-say-analysts
20220204,1026652143,20220204,YEMEN,YEM,SAUDI,SAU,190,재래식 군사력 사용,19,4,-10.0,2,2,2,-4.17388505485975,"Yamama, Ar Riya?, Saudi Arabia",SA,https://www.aljazeera.com/news/2022/2/4/iraqi-militia-attack-on-uae-a-message-from-iran-say-analysts
20220204,1026657752,20220204,IRANIAN,IRN,ISRAEL,ISR,194,포병·전차를 이용한 전투,19,4,-10.0,8,1,8,-3.5031847133758,Israel,IS,https://nationalinterest.org/feature/iran-israel-must-not-stand-alone-200247
20220204,1026660372,20220204,PALESTINIAN,PSE,ISRAEL,ISR,190,재래식 군사력 사용,19,4,-10.0,1,1,1,-7.08333333333333,Israel,IS,https://www.algemeiner.com/2022/02/04/israeli-security-minister-calls-for-military-intervention-in-settler-attacks/
20220204,1026665649,20220204,SYRIA,SYR,TURKEY,TUR,190,재래식 군사력 사용,19,4,-10.0,1,1,1,-4.6335299073294,"Ankara, Ankara, Turkey",TU,https://www.msn.com/en-gb/news/world/death-of-isis-leader-during-us-raid-in-syria-spells-trouble-for-turkey/ar-AATtECC
20220204,1026665650,20220204,SYRIA,SYR,TURKEY,TUR,190,재래식 군사력 사용,19,4,-10.0,1,1,1,-4.6335299073294,"Ankara, Ankara, Turkey",TU,https://www.msn.com/en-gb/news/world/death-of-isis-leader-during-us-raid-in-syria-spells-trouble-for-turkey/ar-AATtECC
20220204,1026676459,20220204,IRAQ,IRQ,SYRIA,SYR,190,재래식 군사력 사용,19,4,-10.0,4,1,4,-5.30190759033166,"Idlib, Idlib, Syria",SY,https://www.dailymail.co.uk/news/article-10477717/Pentagon-warns-new-ISIS-leader-step-want-attack-West.html
20220204,1026676460,20220204,IRAQ,IRQ,SYRIA,SYR,190,재래식 군사력 사용,19,4,-10.0,4,1,4,-5.30190759033166,"Tal Afar, NinawáZ, Iraq",IZ,https://www.dailymail.co.uk/news/article-10477717/Pentagon-warns-new-ISIS-leader-step-want-attack-West.html
20220204,1026676482,20220204,ISRAELI,ISR,PALESTINIAN,PSE,194,포병·전차를 이용한 전투,19,4,-10.0,1,1,1,-4.52310717797444,"Ciudad Real, Castilla-La Manacha, Spain",SP,https://www.businessinsider.com.au/abandoned-airports-and-their-story-2018-4-2
20220204,1026676483,20220204,ISRAELI,ISR,PALESTINIAN,PSE,194,포병·전차를 이용한 전투,19,4,-10.0,3,2,3,-4.20330116180275,"Gaza, Israel (general), Israel",IS,https://www.businessinsider.com.au/abandoned-airports-and-their-story-2018-4-2
20220204,1026676485,20220204,ISRAELI,ISR,PALESTINIAN,PSE,190,재래식 군사력 사용,19,4,-10.0,2,1,2,-4.52310717797444,"Gaza, Israel (general), Israel",IS,https://www.businessinsider.com.au/abandoned-airports-and-their-story-2018-4-2
20220204,1026676486,20220204,ISRAELI,ISR,PALESTINIAN,PSE,194,포병·전차를 이용한 전투,19,4,-10.0,2,1,2,-4.52310717797444,"Gaza, Israel (general), Israel",IS,https://www.businessinsider.com.au/abandoned-airports-and-their-story-2018-4-2
20220204,1026687396,20220204,ISRAELI,ISR,GAZA,PSE,190,재래식 군사력 사용,19,4,-10.0,1,1,1,-6.1178247734139,"Gaza, Israel (general), Israel",IS,https://www.sott.net/article/464000-The-act-of-theatre-that-shows-Israels-contempt-for-Gaza
20220204,1026687691,20220204,GAZA,PSE,ISRAEL,ISR,190,재래식 군사력 사용,19,4,-10.0,2,1,2,-6.1178247734139,"Gaza, Israel (general), Israel",IS,https://www.sott.net/article/464000-The-act-of-theatre-that-shows-Israels-contempt-for-Gaza
20220204,1026689551,20220204,TURKEY,TUR,SYRIA,SYR,192,영토 점령,19,4,-9.5,2,1,2,-7.59776536312849,"Raqqa, Ar Raqqah, Syria",SY,https://www.statesman.com/story/news/2022/01/31/us-woman-charged-islamic-state-court/9283232002/
20220204,1026689552,20220204,TURKEY,TUR,SYRIA,SYR,192,영토 점령,19,4,-9.5,6,1,6,-7.59776536312849,Turkey,TU,https://www.statesman.com/story/news/2022/01/31/us-woman-charged-islamic-state-court/9283232002/
20220204,1026689553,20220204,TURKEY,TUR,SYRIA,SYR,192,영토 점령,19,4,-9.5,2,1,2,-7.59776536312849,Turkey,TU,https://www.statesman.com/story/news/2022/01/31/us-woman-charged-islamic-state-court/9283232002/
20220204,1026691178,20220204,IRAN,IRN,IRAQ,IRQ,194,포병·전차를 이용한 전투,19,4,-10.0,2,1,2,-1.024208566108,"Tehran, Tehran, Iran",IR,https://breakingdefense.com/2022/02/saudi-ballistic-missile-program-seeks-deterrence-against-iran-houthi-strikes/
20220204,1026691179,20220204,IRAN,IRN,IRAQ,IRQ,194,포병·전차를 이용한 전투,19,4,-10.0,8,1,8,-1.024208566108,"Tehran, Tehran, Iran",IR,https://breakingdefense.com/2022/02/saudi-ballistic-missile-program-seeks-deterrence-against-iran-houthi-strikes/
20220204,1026691182,20220204,IRAN,IRN,SAUDI ARABIA,SAU,194,포병·전차를 이용한 전투,19,4,-10.0,1,1,1,-1.024208566108,"Tehran, Tehran, Iran",IR,https://breakingdefense.com/2022/02/saudi-ballistic-missile-program-seeks-deterrence-against-iran-houthi-strikes/
20220204,1026691183,20220204,IRAN,IRN,SAUDI ARABIA,SAU,194,포병·전차를 이용한 전투,19,4,-10.0,1,1,1,-1.024208566108,Saudi Arabia,SA,https://breakingdefense.com/2022/02/saudi-ballistic-missile-program-seeks-deterrence-against-iran-houthi-strikes/
20220204,1026691193,20220204,ISRAELI,ISR,PALESTINIAN,PSE,190,재래식 군사력 사용,19,4,-10.0,2,1,2,-3.88349514563106,"Jerusalem, Israel (general), Israel",IS,https://www.yahoo.com/news/10-abandoned-airports-around-world-173458866.html
20220204,1026691194,20220204,ISRAELI,ISR,PALESTINIAN,PSE,194,포병·전차를 이용한 전투,19,4,-10.0,2,1,2,-3.88349514563106,"Gaza, Israel (general), Israel",IS,https://www.yahoo.com/news/10-abandoned-airports-around-world-173458866.html
20220204,1026693214,20220204,TURKEY,TUR,ISRAEL,ISR,190,재래식 군사력 사용,19,4,-10.0,1,1,1,-2.11267605633802,"Gaza, Israel (general), Israel",IS,https://www.israelnationalnews.com/news/321755
20220204,1026693215,20220204,TURKEY,TUR,ISRAEL,ISR,190,재래식 군사력 사용,19,4,-10.0,1,1,1,-2.11267605633802,Turkey,TU,https://www.israelnationalnews.com/news/321755
20220204,1026694627,20220204,IRAN,IRN,YEMEN,YEM,194,포병·전차를 이용한 전투,19,4,-10.0,10,1,10,-1.31578947368421,Yemen,YM,https://tribune.com.pk/story/2341979/france-to-boost-uae-air-defence-support-after-houthi-attacks
20220204,1026694642,20220204,IRAQ,IRQ,ABDULLAH,SAU,190,재래식 군사력 사용,19,4,-10.0,2,1,2,-3.09333333333333,"Al-Qaim, Qadissiya Muhafadha, Iraq",IZ,https://newlinesmag.com/reportage/a-caliph-without-a-caliphate-the-biography-of-isiss-new-leader/
20220204,1026694906,20220204,ABDULLAH,SAU,IRAQ,IRQ,195,공중무기 사용,19,4,-10.0,1,1,1,-3.09333333333333,"Sinjar, Babil, Iraq",IZ,https://newlinesmag.com/reportage/a-caliph-without-a-caliphate-the-biography-of-isiss-new-leader/
20220204,1026694907,20220204,ABDULLAH,SAU,IRAQ,IRQ,195,공중무기 사용,19,4,-10.0,3,1,3,-3.09333333333333,"Sinjar, Babil, Iraq",IZ,https://newlinesmag.com/reportage/a-caliph-without-a-caliphate-the-biography-of-isiss-new-leader/
20220204,1026694912,20220204,ABDULLAH,SAU,SYRIA,SYR,190,재래식 군사력 사용,19,4,-10.0,2,1,2,-3.09333333333333,"Idlib, Idlib, Syria",SY,https://newlinesmag.com/reportage/a-caliph-without-a-caliphate-the-biography-of-isiss-new-leader/
20220204,1026694942,20220204,SYRIA,SYR,IRAQ,IRQ,195,공중무기 사용,19,4,-10.0,3,1,3,-3.09333333333333,"Sinjar, Babil, Iraq",IZ,https://newlinesmag.com/reportage/a-caliph-without-a-caliphate-the-biography-of-isiss-new-leader/
20220204,1026694943,20220204,SYRIA,SYR,IRAQ,IRQ,195,공중무기 사용,19,4,-10.0,1,1,1,-3.09333333333333,"Sinjar, Babil, Iraq",IZ,https://newlinesmag.com/reportage/a-caliph-without-a-caliphate-the-biography-of-isiss-new-leader/
20220204,1026695256,20220204,YEMEN,YEM,IRAN,IRN,190,재래식 군사력 사용,19,4,-10.0,2,1,2,-1.31578947368421,"Al Dhafra, Abu Z¸aby, United Arab Emirates",AE,https://tribune.com.pk/story/2341979/france-to-boost-uae-air-defence-support-after-houthi-attacks
20220204,1026695257,20220204,YEMEN,YEM,IRAN,IRN,190,재래식 군사력 사용,19,4,-10.0,4,1,4,-1.31578947368421,"Al Dhafra, Abu Z¸aby, United Arab Emirates",AE,https://tribune.com.pk/story/2341979/france-to-boost-uae-air-defence-support-after-houthi-attacks
20220204,1026695258,20220204,YEMEN,YEM,IRAN,IRN,190,재래식 군사력 사용,19,4,-10.0,4,1,4,-1.31578947368421,"Al Dhafra, Abu Z¸aby, United Arab Emirates",AE,https://tribune.com.pk/story/2341979/france-to-boost-uae-air-defence-support-after-houthi-attacks
20220204,1026696071,20220204,HAMAS,PSE,IRAN,IRN,190,재래식 군사력 사용,19,4,-10.0,2,1,2,-5.02463054187192,"Tehran, Tehran, Iran",IR,https://www.jns.org/opinion/biden-shouldnt-underestimate-israels-resolve-in-face-of-iranian-nuclear-threat/
20220204,1026697814,20220204,ISRAELI,ISR,GAZA,PSE,190,재래식 군사력 사용,19,4,-10.0,5,1,5,0.0,"Gaza, Israel (general), Israel",IS,https://oilprice.com/Latest-Energy-News/World-News/Turkey-And-Israel-Could-Work-Jointly-To-Ship-Gas-To-Europe.html
20220204,1026698006,20220204,GAZA,PSE,ISRAELI,ISR,190,재래식 군사력 사용,19,4,-10.0,10,2,10,-2.86817429674573,"Gaza, Israel (general), Israel",IS,https://oilprice.com/Latest-Energy-News/World-News/Turkey-And-Israel-Could-Work-Jointly-To-Ship-Gas-To-Europe.html
20220204,1026701046,20220204,PALESTINIAN,PSE,ISRAEL,ISR,194,포병·전차를 이용한 전투,19,4,-10.0,2,1,2,-5.73634859349145,"Gaza, Israel (general), Israel",IS,https://blogs.timesofisrael.com/some-countries-are-more-equal-than-others/
20220204,1026701050,20220204,PALESTINIAN,PSE,ISRAEL,ISR,194,포병·전차를 이용한 전투,19,4,-10.0,2,1,2,-5.73634859349145,"Gaza, Israel (general), Israel",IS,https://blogs.timesofisrael.com/some-countries-are-more-equal-than-others/
20220204,1026701421,20220204,YEMEN,YEM,SAUDI ARABIAN,SAU,190,재래식 군사력 사용,19,4,-10.0,4,1,4,-3.68421052631579,"Harad, ?ajjah, Yemen",YM,http://www.chinaview.cn/20220205/881d4ba5f2fd4f5081a96af1380a7085/c.html
20220204,1026701422,20220204,YEMENI,YEM,SAUDI,SAU,190,재래식 군사력 사용,19,4,-10.0,10,1,10,-3.68421052631579,"Shabwa, La?ij, Yemen",YM,http://www.chinaview.cn/20220205/881d4ba5f2fd4f5081a96af1380a7085/c.html
20220204,1026702413,20220204,ISRAELI,ISR,PALESTINIAN,PSE,190,재래식 군사력 사용,19,4,-10.0,4,1,4,-11.7824773413897,"Kafr Qaddum, West Bank (general), West Bank",WE,https://www.presstv.ir/Detail/2022/02/04/676179/Israeli-forces-attack-Palestinian-protesters-in-West-Bank
20220204,1026702414,20220204,ISRAELI,ISR,PALESTINIAN,PSE,190,재래식 군사력 사용,19,4,-10.0,2,1,2,-11.7824773413897,"Kafr Qaddum, West Bank (general), West Bank",WE,https://www.presstv.ir/Detail/2022/02/04/676179/Israeli-forces-attack-Palestinian-protesters-in-West-Bank
20220204,1026705475,20220204,IRAQ,IRQ,SYRIA,SYR,190,재래식 군사력 사용,19,4,-10.0,2,1,2,-4.05167351732237,"Sinjar, Babil, Iraq",IZ,https://www.crisisgroup.org/middle-east-north-africa/east-mediterranean-mena/syria/death-idlib-killing-top-isis-leader-and-its-impact
20220204,1026705476,20220204,IRAQ,IRQ,SYRIAN,SYR,192,영토 점령,19,4,-9.5,1,1,1,-4.05167351732237,"Sinjar, Babil, Iraq",IZ,https://www.crisisgroup.org/middle-east-north-africa/east-mediterranean-mena/syria/death-idlib-killing-top-isis-leader-and-its-impact
20220204,1026705680,20220204,ABDULLAH,SAU,IRAQ,IRQ,190,재래식 군사력 사용,19,4,-10.0,3,1,2,-4.05167351732237,"Sinjar, Babil, Iraq",IZ,https://www.crisisgroup.org/middle-east-north-africa/east-mediterranean-mena/syria/death-idlib-killing-top-isis-leader-and-its-impact
20220204,1026705681,20220204,ABDULLAH,SAU,IRAQI,IRQ,192,영토 점령,19,4,-9.5,1,1,1,-4.05167351732237,"Sinjar, Babil, Iraq",IZ,https://www.crisisgroup.org/middle-east-north-africa/east-mediterranean-mena/syria/death-idlib-killing-top-isis-leader-and-its-impact
20220204,1026705682,20220204,ABDULLAH,SAU,SYRIA,SYR,190,재래식 군사력 사용,19,4,-10.0,1,1,1,-4.05167351732237,"Sinjar, Babil, Iraq",IZ,https://www.crisisgroup.org/middle-east-north-africa/east-mediterranean-mena/syria/death-idlib-killing-top-isis-leader-and-its-impact
20220204,1026705683,20220204,ABDULLAH,SAU,SYRIA,SYR,190,재래식 군사력 사용,19,4,-10.0,6,1,6,-4.05167351732237,Egypt,EG,https://www.crisisgroup.org/middle-east-north-africa/east-mediterranean-mena/syria/death-idlib-killing-top-isis-leader-and-its-impact
20220204,1026705684,20220204,ABDULLAH,SAU,SYRIAN,SYR,192,영토 점령,19,4,-9.5,1,1,1,-4.05167351732237,"Sinjar, Babil, Iraq",IZ,https://www.crisisgroup.org/middle-east-north-africa/east-mediterranean-mena/syria/death-idlib-killing-top-isis-leader-and-its-impact
20220204,1026706745,20220204,ISRAELI,ISR,LATAKIA,SYR,192,영토 점령,19,4,-9.5,2,1,2,-2.79162512462612,"Tel Aviv, Tel Aviv, Israel",IS,https://www.greanvillepost.com/2022/02/04/russia-squeezed-israel-out-of-syria/
20220204,1026706746,20220204,ISRAELI,ISR,LATAKIA,SYR,192,영토 점령,19,4,-9.5,2,1,2,-2.79162512462612,"Tel Aviv, Tel Aviv, Israel",IS,https://www.greanvillepost.com/2022/02/04/russia-squeezed-israel-out-of-syria/
20220204,1026706747,20220204,ISRAELI,ISR,SYRIA,SYR,195,공중무기 사용,19,4,-10.0,2,1,2,-2.79162512462612,"Tel Aviv, Tel Aviv, Israel",IS,https://www.greanvillepost.com/2022/02/04/russia-squeezed-israel-out-of-syria/
20220204,1026706749,20220204,ISRAELI,ISR,LATAKIA,SYR,192,영토 점령,19,4,-9.5,6,1,6,-2.79162512462612,"Tel Aviv, Tel Aviv, Israel",IS,https://www.greanvillepost.com/2022/02/04/russia-squeezed-israel-out-of-syria/
20220204,1026706952,20220204,RIYADH,SAU,YEMEN,YEM,190,재래식 군사력 사용,19,4,-10.0,8,1,8,-4.95867768595041,"Sanaa, Sana', Yemen",YM,https://www.arabnews.com/node/2018471/middle-east
20220204,1026708027,20220204,IRAN,IRN,SYRIA,SYR,190,재래식 군사력 사용,19,4,-10.0,8,1,8,-7.83938814531548,"Damascus, Dimashq, Syria",SY,https://thepeninsulaqatar.com/article/01/02/2013/syria-warns-of-revenge-against-israel
20220204,1026708028,20220204,IRAN,IRN,SYRIA,SYR,190,재래식 군사력 사용,19,4,-10.0,2,1,2,-7.83938814531548,"Jerusalem, Israel (general), Israel",IS,https://thepeninsulaqatar.com/article/01/02/2013/syria-warns-of-revenge-against-israel
20220204,1026708053,20220204,IRAQI,IRQ,IRAN,IRN,190,재래식 군사력 사용,19,4,-10.0,6,1,6,-4.22405876951331,"Halbusi, Al Anbar, Iraq",IZ,http://voiceofvienna.org/2022/02/05/iraqi-militia-attack-on-uae-a-message-from-iran/
20220204,1026708307,20220204,SAUDI,SAU,YEMEN,YEM,190,재래식 군사력 사용,19,4,-10.0,1,1,1,-4.22405876951331,"Halbusi, Al Anbar, Iraq",IZ,http://voiceofvienna.org/2022/02/05/iraqi-militia-attack-on-uae-a-message-from-iran/
20220204,1026708308,20220204,SAUDI,SAU,YEMEN,YEM,190,재래식 군사력 사용,19,4,-10.0,1,1,1,-4.22405876951331,"Ankara, Ankara, Turkey",TU,http://voiceofvienna.org/2022/02/05/iraqi-militia-attack-on-uae-a-message-from-iran/
20220204,1026708319,20220204,SYRIA,SYR,LEBANON,LBN,192,영토 점령,19,4,-9.5,3,1,3,-7.83938814531548,"Beirut, Beyrouth, Lebanon",LE,https://thepeninsulaqatar.com/article/01/02/2013/syria-warns-of-revenge-against-israel
20220205,1026715297,20220205,ISRAELI,ISR,PALESTINIAN,PSE,190,재래식 군사력 사용,19,4,-10.0,10,1,10,-8.92193308550186,"Beit Dajan, HaMerkaz, Israel",IS,http://www.xinhuanet.com/english/20220205/44fde09e05a2433baf400b1b5157d622/c.html
20220205,1026715557,20220205,PALESTINIAN,PSE,ISRAELI,ISR,190,재래식 군사력 사용,19,4,-10.0,10,1,10,-8.92193308550186,"Beit Dajan, HaMerkaz, Israel",IS,http://www.xinhuanet.com/english/20220205/44fde09e05a2433baf400b1b5157d622/c.html
20220205,1026717168,20220205,IRAQI,IRQ,LEBANESE,LBN,190,재래식 군사력 사용,19,4,-10.0,1,1,1,-4.22535211267606,"Baghdad, Baghdad, Iraq",IZ,https://www.memri.org/reports/jihad-and-terrorism-threat-monitor-jttm-weekly-january-29-%e2%80%93-february-5-2022
20220205,1026717169,20220205,IRAQI,IRQ,LEBANESE,LBN,190,재래식 군사력 사용,19,4,-10.0,1,1,1,-4.22535211267606,United States,US,https://www.memri.org/reports/jihad-and-terrorism-threat-monitor-jttm-weekly-january-29-%e2%80%93-february-5-2022
20220205,1026717178,20220205,IRAQI,IRQ,LEBANESE,LBN,190,재래식 군사력 사용,19,4,-10.0,6,1,6,-4.22535211267606,"Baghdad, Baghdad, Iraq",IZ,https://www.memri.org/reports/jihad-and-terrorism-threat-monitor-jttm-weekly-january-29-%e2%80%93-february-5-2022
20220205,1026717310,20220205,LEBANESE,LBN,IRAQI,IRQ,190,재래식 군사력 사용,19,4,-10.0,1,1,1,-4.22535211267606,United States,US,https://www.memri.org/reports/jihad-and-terrorism-threat-monitor-jttm-weekly-january-29-%e2%80%93-february-5-2022
20220205,1026717311,20220205,LEBANESE,LBN,IRAQI,IRQ,190,재래식 군사력 사용,19,4,-10.0,1,1,1,-4.22535211267606,"Baghdad, Baghdad, Iraq",IZ,https://www.memri.org/reports/jihad-and-terrorism-threat-monitor-jttm-weekly-january-29-%e2%80%93-february-5-2022
20220205,1026717312,20220205,LEBANESE,LBN,IRAQI,IRQ,190,재래식 군사력 사용,19,4,-10.0,6,1,6,-4.22535211267606,"Baghdad, Baghdad, Iraq",IZ,https://www.memri.org/reports/jihad-and-terrorism-threat-monitor-jttm-weekly-january-29-%e2%80%93-february-5-2022
20220205,1026721688,20220205,SAUDI,SAU,YEMEN,YEM,190,재래식 군사력 사용,19,4,-10.0,6,2,6,-5.73814655172414,"Sanaa, Sana', Yemen",YM,https://www.startribune.com/yemen-rebel-attack-on-uae-brings-tragedy-to-indian-families/600142958/
20220205,1026721736,20220205,TURKEY,TUR,SYRIA,SYR,190,재래식 군사력 사용,19,4,-10.0,2,1,2,-4.48957776590059,"Ankara, Ankara, Turkey",TU,https://www.jpost.com/international/article-695561
20220205,1026721737,20220205,TURKEY,TUR,SYRIA,SYR,190,재래식 군사력 사용,19,4,-10.0,2,1,2,-4.48957776590059,"Ankara, Ankara, Turkey",TU,https://www.jpost.com/international/article-695561
20220205,1026723436,20220205,ABDULLAH,SAU,SYRIA,SYR,190,재래식 군사력 사용,19,4,-10.0,2,1,2,-6.13026819923372,Syria,SY,https://www.freep.com/story/news/politics/2022/02/03/us-kills-isis-leader-abu-ibrahim-al-hashimi-al-qurayshi-syria-raid/6646804001/
20220205,1026723445,20220205,SYRIA,SYR,TURKEY,TUR,190,재래식 군사력 사용,19,4,-10.0,2,1,2,-6.13026819923372,Syria,SY,https://www.freep.com/story/news/politics/2022/02/03/us-kills-isis-leader-abu-ibrahim-al-hashimi-al-qurayshi-syria-raid/6646804001/
20220205,1026725013,20220205,LEBANON,LBN,SYRIA,SYR,190,재래식 군사력 사용,19,4,-10.0,7,1,7,-4.63510848126233,"Tal Afar, NinawáZ, Iraq",IZ,https://www.malaymail.com/news/world/2022/02/05/death-of-is-chief-what-we-know/2039535
20220205,1026725014,20220205,LEBANON,LBN,SYRIA,SYR,190,재래식 군사력 사용,19,4,-10.0,1,1,1,-4.63510848126233,Turkmenistan,TX,https://www.malaymail.com/news/world/2022/02/05/death-of-is-chief-what-we-know/2039535
20220205,1026730443,20220204,SAUDI ARABIAN,SAU,YEMEN,YEM,190,재래식 군사력 사용,19,4,-10.0,2,1,2,-2.58064516129033,"Shabwa, La?ij, Yemen",YM,https://menafn.com/1103643781/Yemeni-Govt-Army-Advance-Into-Houthi-Held-Strategic-District-Near-Saudi-Border
20220205,1026730445,20220204,YEMEN,YEM,SAUDI ARABIAN,SAU,190,재래식 군사력 사용,19,4,-10.0,1,1,1,-2.58064516129033,"Shabwa, La?ij, Yemen",YM,https://menafn.com/1103643781/Yemeni-Govt-Army-Advance-Into-Houthi-Held-Strategic-District-Near-Saudi-Border
20220205,1026732063,20220205,TEHRAN,IRN,SANAA,YEM,194,포병·전차를 이용한 전투,19,4,-10.0,2,1,2,-2.61437908496732,"Tehran, Tehran, Iran",IR,https://www.msn.com/en-xl/middleeast/top-stories/israel-hinders-rapprochement-between-iran-and-persian-gulf-states/ar-AATuw6v
20220205,1026732697,20220205,SANAA,YEM,TEHRAN,IRN,194,포병·전차를 이용한 전투,19,4,-10.0,2,1,2,-2.61437908496732,"Sanaa, Sana', Yemen",YM,https://www.msn.com/en-xl/middleeast/top-stories/israel-hinders-rapprochement-between-iran-and-persian-gulf-states/ar-AATuw6v
20220205,1026732700,20220205,YEMEN,YEM,SAUDI,SAU,195,공중무기 사용,19,4,-10.0,8,1,8,-1.80722891566265,Yemen,YM,https://news.antiwar.com/2022/02/04/state-department-approves-arms-sales-for-saudi-uae-jordan/
20220205,1026737725,20220205,ISRAELI,ISR,LATAKIA,SYR,192,영토 점령,19,4,-9.5,2,1,2,-2.78884462151395,"Tel Aviv, Tel Aviv, Israel",IS,https://www.greanvillepost.com/2022/02/04/russia-squeezed-israel-out-of-syria-ruslan-ostashko/
20220205,1026737726,20220205,ISRAELI,ISR,LATAKIA,SYR,192,영토 점령,19,4,-9.5,2,1,2,-2.78884462151395,"Tel Aviv, Tel Aviv, Israel",IS,https://www.greanvillepost.com/2022/02/04/russia-squeezed-israel-out-of-syria-ruslan-ostashko/
20220205,1026737727,20220205,ISRAELI,ISR,SYRIA,SYR,195,공중무기 사용,19,4,-10.0,2,1,2,-2.78884462151395,"Tel Aviv, Tel Aviv, Israel",IS,https://www.greanvillepost.com/2022/02/04/russia-squeezed-israel-out-of-syria-ruslan-ostashko/
20220205,1026737729,20220205,ISRAELI,ISR,LATAKIA,SYR,192,영토 점령,19,4,-9.5,6,1,6,-2.78884462151395,"Tel Aviv, Tel Aviv, Israel",IS,https://www.greanvillepost.com/2022/02/04/russia-squeezed-israel-out-of-syria-ruslan-ostashko/
20220205,1026740116,20220205,ISRAEL,ISR,SYRIA,SYR,190,재래식 군사력 사용,19,4,-10.0,6,1,6,-7.11743772241992,United Arab Emirates,AE,https://english.ahram.org.eg/NewsContentMulti/457212/Multimedia.aspx
20220205,1026740117,20220205,ISRAEL,ISR,SYRIA,SYR,190,재래식 군사력 사용,19,4,-10.0,4,1,4,-7.11743772241992,United Arab Emirates,AE,https://english.ahram.org.eg/NewsContentMulti/457212/Multimedia.aspx
20220205,1026740311,20220205,ANKARA,TUR,ADEN,YEM,154,군 병력 동원·증강,15,4,-7.2,10,1,10,2.26244343891403,"Ankara, Ankara, Turkey",TU,https://www.aa.com.tr/en/turkey/turkiye-publishes-gulf-of-aden-motion-in-official-gazette/2494521
20220205,1026741387,20220205,TURKISH,TUR,IRAQ,IRQ,193,소형무기·경무기를 이용한 전투,19,4,-10.0,7,1,7,-11.6788321167883,Turkey,TU,https://original.antiwar.com/updates/2022/02/04/iraq-daily-roundup-six-killed-21/
20220205,1026741388,20220205,TURKISH,TUR,IRAQ,IRQ,193,소형무기·경무기를 이용한 전투,19,4,-10.0,2,1,2,-11.6788321167883,Turkey,TU,https://original.antiwar.com/updates/2022/02/04/iraq-daily-roundup-six-killed-21/
20220205,1026741389,20220205,TURKEY,TUR,IRAQ,IRQ,193,소형무기·경무기를 이용한 전투,19,4,-10.0,1,1,1,-11.6788321167883,Turkey,TU,https://original.antiwar.com/updates/2022/02/04/iraq-daily-roundup-six-killed-21/
20220205,1026741530,20220205,YEMEN,YEM,SAUDI ARABIA,SAU,190,재래식 군사력 사용,19,4,-10.0,2,1,2,-4.73372781065089,"Sanaa, Sana', Yemen",YM,https://www.prokerala.com/news/articles/a1244745.html
20220205,1026741531,20220205,SANAA,YEM,SAUDI ARABIAN,SAU,190,재래식 군사력 사용,19,4,-10.0,22,2,22,-4.64304336983382,"Sanaa, Sana', Yemen",YM,https://menafn.com/1103644355/Yemeni-army-advance-into-Houthi-held-district-near-Saudi-border
20220205,1026741532,20220205,SANAA,YEM,SAUDI ARABIA,SAU,190,재래식 군사력 사용,19,4,-10.0,2,1,2,-4.73372781065089,"Shabwa, La?ij, Yemen",YM,https://www.prokerala.com/news/articles/a1244745.html
20220205,1026741533,20220205,YEMENI,YEM,SAUDI,SAU,190,재래식 군사력 사용,19,4,-10.0,16,3,16,-4.43856668038083,"Shabwa, La?ij, Yemen",YM,https://menafn.com/1103644355/Yemeni-army-advance-into-Houthi-held-district-near-Saudi-border
20220205,1026741537,20220205,YEMENI,YEM,SAUDI,SAU,190,재래식 군사력 사용,19,4,-10.0,18,2,18,-4.64304336983382,"Shabwa, La?ij, Yemen",YM,https://menafn.com/1103644355/Yemeni-army-advance-into-Houthi-held-district-near-Saudi-border
20220205,1026748559,20220205,SAUDI ARABIA,SAU,IRAN,IRN,154,군 병력 동원·증강,15,4,-7.2,18,1,18,-2.50231696014828,Saudi Arabia,SA,https://menafn.com/1103644498/Dissecting-Bidens-troop-deployment-to-support-Ukraine
20220205,1026748795,20220205,YEMENI,YEM,SAUDI ARABIAN,SAU,190,재래식 군사력 사용,19,4,-10.0,2,1,2,-3.82513661202186,"Harad, ?ajjah, Yemen",YM,https://www.macaubusiness.com/yemeni-govt-army-advance-into-houthi-held-strategic-district-near-saudi-border/
20220205,1026761473,20220205,ISRAEL,ISR,HAMAS,PSE,190,재래식 군사력 사용,19,4,-10.0,6,1,6,-1.79461615154536,Israel,IS,https://www.milligazette.com/news/Opinions/33980-pegasus-the-magical-horse-its-an-asset-or-cause-for-remorse/
20220205,1026761474,20220205,ISRAEL,ISR,HAMAS,PSE,190,재래식 군사력 사용,19,4,-10.0,2,1,2,-1.79461615154536,"Tehran, Tehran, Iran",IR,https://www.milligazette.com/news/Opinions/33980-pegasus-the-magical-horse-its-an-asset-or-cause-for-remorse/
20220205,1026761475,20220205,ISRAEL,ISR,HAMAS,PSE,190,재래식 군사력 사용,19,4,-10.0,2,1,2,-1.79461615154536,Israel,IS,https://www.milligazette.com/news/Opinions/33980-pegasus-the-magical-horse-its-an-asset-or-cause-for-remorse/
20220205,1026766864,20220205,IRAQI,IRQ,LEBANON,LBN,190,재래식 군사력 사용,19,4,-10.0,4,2,4,-7.51665080875357,"Diyala, DiyaláZ, Iraq",IZ,https://www.arkansasonline.com/news/2022/feb/05/some-young-lebanese-turn-to-militancy-as-crisis/
20220205,1026766865,20220205,IRAQ,IRQ,LEBANESE,LBN,190,재래식 군사력 사용,19,4,-10.0,12,2,12,-7.51665080875357,"Diyala, DiyaláZ, Iraq",IZ,https://www.arkansasonline.com/news/2022/feb/05/some-young-lebanese-turn-to-militancy-as-crisis/
20220205,1026766866,20220205,IRAQI,IRQ,LEBANESE,LBN,190,재래식 군사력 사용,19,4,-10.0,16,2,16,-7.51665080875357,"Beirut, Beyrouth, Lebanon",LE,https://www.arkansasonline.com/news/2022/feb/05/some-young-lebanese-turn-to-militancy-as-crisis/
20220205,1026766867,20220205,IRAQ,IRQ,LEBANON,LBN,190,재래식 군사력 사용,19,4,-10.0,4,2,4,-7.51665080875357,"Tripoli, Tarabulus, Libya",LY,https://www.arkansasonline.com/news/2022/feb/05/some-young-lebanese-turn-to-militancy-as-crisis/
20220205,1026766868,20220205,IRAQ,IRQ,LEBANON,LBN,190,재래식 군사력 사용,19,4,-10.0,4,2,4,-7.51665080875357,"Beirut, Beyrouth, Lebanon",LE,https://www.arkansasonline.com/news/2022/feb/05/some-young-lebanese-turn-to-militancy-as-crisis/
20220205,1026767103,20220205,SYRIA,SYR,IRAQ,IRQ,190,재래식 군사력 사용,19,4,-10.0,10,1,10,-6.69934640522876,"Hasakeh, Al ?asakah, Syria",SY,https://english.aawsat.com/home/article/3457021/charles-lister/isis-after-death-its-leader
20220205,1026777806,20220205,ISRAELI,ISR,GAZA,PSE,190,재래식 군사력 사용,19,4,-10.0,1,1,1,-0.393700787401571,"Jerusalem, Israel (general), Israel",IS,https://www.wprl.org/people/eric-westervelt
20220205,1026777807,20220205,ISRAEL,ISR,HAMAS,PSE,190,재래식 군사력 사용,19,4,-10.0,4,1,4,-0.393700787401571,"Gaza, Israel (general), Israel",IS,https://www.wprl.org/people/eric-westervelt
20220205,1026777941,20220205,GAZA,PSE,ISRAELI,ISR,190,재래식 군사력 사용,19,4,-10.0,3,1,3,-0.393700787401571,"Gaza, Israel (general), Israel",IS,https://www.wprl.org/people/eric-westervelt
20220205,1026777942,20220205,GAZA,PSE,ISRAELI,ISR,190,재래식 군사력 사용,19,4,-10.0,1,1,1,-0.393700787401571,"Jerusalem, Israel (general), Israel",IS,https://www.wprl.org/people/eric-westervelt
20220205,1026777943,20220205,HAMAS,PSE,ISRAEL,ISR,190,재래식 군사력 사용,19,4,-10.0,4,1,4,-0.393700787401571,"Gaza, Israel (general), Israel",IS,https://www.wprl.org/people/eric-westervelt
20220205,1026777944,20220205,HAMAS,PSE,ISRAEL,ISR,194,포병·전차를 이용한 전투,19,4,-10.0,2,1,2,-7.4424898511502,"Gaza, Israel (general), Israel",IS,https://napavalleyregister.com/opinion/columnists/thomas-d-elias-anti-semitism-in-state-fueled-by-israel-s-self-defense/article_04432dd2-ab83-5441-b8df-0525413fdc75.html
20220205,1026790535,20220205,IRAN,IRN,IRAQI,IRQ,190,재래식 군사력 사용,19,4,-10.0,2,1,2,-4.6718576195773,"Kurdistan, Khuzestan, Iran",IR,https://www.insider.com/iraq-trans-woman-murdered-by-brother-in-honor-killing-2022-2
20220205,1026790536,20220205,IRAN,IRN,IRAQI,IRQ,190,재래식 군사력 사용,19,4,-10.0,2,1,2,-4.6718576195773,"Duhok, Dahuk, Iraq",IZ,https://www.insider.com/iraq-trans-woman-murdered-by-brother-in-honor-killing-2022-2
20220205,1026791702,20220205,IRAQ,IRQ,IRAN,IRN,190,재래식 군사력 사용,19,4,-10.0,4,2,4,-4.3252867020078,"Duhok, Dahuk, Iraq",IZ,https://www.msn.com/en-us/news/world/doski-azad-wanted-to-live-life-as-a-trans-woman-in-iraq-but-her-estranged-brother-flew-from-europe-to-murder-her-in-a-transphobic-honor-killing-sources-say/ar-AATvh8n
20220205,1026791703,20220205,IRAQ,IRQ,IRAN,IRN,190,재래식 군사력 사용,19,4,-10.0,4,2,4,-4.3252867020078,"Duhok, Dahuk, Iraq",IZ,https://www.msn.com/en-us/news/world/doski-azad-wanted-to-live-life-as-a-trans-woman-in-iraq-but-her-estranged-brother-flew-from-europe-to-murder-her-in-a-transphobic-honor-killing-sources-say/ar-AATvh8n
20220205,1026804565,20220205,IRAN,IRN,SAUDI,SAU,190,재래식 군사력 사용,19,4,-10.0,2,1,2,-3.1404958677686,"Washington, District of Columbia, United States",US,https://thepeninsulaqatar.com/article/14/08/2013/saudi-feud-too-bitter-for-rowhani-to-fix
20220205,1026804566,20220205,IRAN,IRN,SAUDI,SAU,190,재래식 군사력 사용,19,4,-10.0,2,1,2,-3.1404958677686,"Al Khobar, Ash Sharqiyah, Saudi Arabia",SA,https://thepeninsulaqatar.com/article/14/08/2013/saudi-feud-too-bitter-for-rowhani-to-fix
20220205,1026804567,20220205,IRAN,IRN,SAUDI ARABIA,SAU,190,재래식 군사력 사용,19,4,-10.0,2,1,2,-3.1404958677686,"Al Khobar, Ash Sharqiyah, Saudi Arabia",SA,https://thepeninsulaqatar.com/article/14/08/2013/saudi-feud-too-bitter-for-rowhani-to-fix
20220205,1026804568,20220205,IRAN,IRN,SAUDI,SAU,190,재래식 군사력 사용,19,4,-10.0,4,1,4,-3.1404958677686,"Al Khobar, Ash Sharqiyah, Saudi Arabia",SA,https://thepeninsulaqatar.com/article/14/08/2013/saudi-feud-too-bitter-for-rowhani-to-fix
20220205,1026804759,20220205,SAUDI,SAU,IRAN,IRN,190,재래식 군사력 사용,19,4,-10.0,2,1,2,-3.1404958677686,"Al Khobar, Ash Sharqiyah, Saudi Arabia",SA,https://thepeninsulaqatar.com/article/14/08/2013/saudi-feud-too-bitter-for-rowhani-to-fix
20220205,1026804760,20220205,SAUDI,SAU,IRAN,IRN,190,재래식 군사력 사용,19,4,-10.0,2,1,2,-3.1404958677686,"Washington, District of Columbia, United States",US,https://thepeninsulaqatar.com/article/14/08/2013/saudi-feud-too-bitter-for-rowhani-to-fix
20220205,1026804764,20220205,SAUDI ARABIA,SAU,IRAN,IRN,190,재래식 군사력 사용,19,4,-10.0,2,1,2,-3.1404958677686,"Al Khobar, Ash Sharqiyah, Saudi Arabia",SA,https://thepeninsulaqatar.com/article/14/08/2013/saudi-feud-too-bitter-for-rowhani-to-fix
20220205,1026804765,20220205,SAUDI,SAU,IRAN,IRN,190,재래식 군사력 사용,19,4,-10.0,4,1,4,-3.1404958677686,"Al Khobar, Ash Sharqiyah, Saudi Arabia",SA,https://thepeninsulaqatar.com/article/14/08/2013/saudi-feud-too-bitter-for-rowhani-to-fix
20220205,1026804787,20220205,TURKEY,TUR,SYRIA,SYR,190,재래식 군사력 사용,19,4,-10.0,4,1,4,-6.80590019299697,Turkey,TU,https://www.veteranstoday.com/2022/02/05/questionable-raid-in-syria/
20220205,1026807708,20220129,IRAN,IRN,ISRAEL,ISR,190,재래식 군사력 사용,19,4,-10.0,1,1,1,-0.37453183520599,Iran,IR,https://www.msn.com/en-sg/news/other/gantzs-visit-to-bahrain-important-milestone-to-cement-abraham-accords-editorial/ar-AATvqoX
20220205,1026807709,20220129,IRAN,IRN,ISRAEL,ISR,190,재래식 군사력 사용,19,4,-10.0,1,1,1,-0.37453183520599,Iran,IR,https://www.msn.com/en-sg/news/other/gantzs-visit-to-bahrain-important-milestone-to-cement-abraham-accords-editorial/ar-AATvqoX
20220205,1026813729,20220205,IRAN,IRN,SYRIA,SYR,192,영토 점령,19,4,-9.5,2,1,2,-8.47750865051902,"Tehran, Tehran, Iran",IR,https://www.arabnews.com/node/2018786
20220205,1026817217,20220205,EGYPT,EGY,ISRAEL,ISR,190,재래식 군사력 사용,19,4,-10.0,4,1,4,-3.46320346320346,"Sharm El-Sheikh, Janub Sina', Egypt",EG,https://english.ahram.org.eg/News/456669.aspx
20220205,1026817218,20220205,EGYPT,EGY,ISRAEL,ISR,190,재래식 군사력 사용,19,4,-10.0,1,1,1,-3.46320346320346,"Sharm El-Sheikh, Janub Sina', Egypt",EG,https://english.ahram.org.eg/News/456669.aspx
20220205,1026817219,20220205,EGYPT,EGY,ISRAEL,ISR,190,재래식 군사력 사용,19,4,-10.0,1,1,1,-3.46320346320346,"Sheikh Jarrah, Yerushalayim, Israel",IS,https://english.ahram.org.eg/News/456669.aspx
20220205,1026817228,20220205,EGYPT,EGY,PALESTINIAN,PSE,190,재래식 군사력 사용,19,4,-10.0,2,1,2,-3.46320346320346,"Sharm El-Sheikh, Janub Sina', Egypt",EG,https://english.ahram.org.eg/News/456669.aspx
20220205,1026817360,20220205,ISRAEL,ISR,WEST BANK,PSE,190,재래식 군사력 사용,19,4,-10.0,2,1,2,-11.0828025477707,"Jenin, West Bank (general), West Bank",WE,https://www.presstv.ir/Detail/2022/02/05/676237/Rights-group-demands-urgent-medical-care-for-cancer-stricken-Palestinian-inmate
20220205,1026817361,20220205,ISRAELI,ISR,WEST BANK,PSE,190,재래식 군사력 사용,19,4,-10.0,11,1,7,-11.0828025477707,"Jenin, West Bank (general), West Bank",WE,https://www.presstv.ir/Detail/2022/02/05/676237/Rights-group-demands-urgent-medical-care-for-cancer-stricken-Palestinian-inmate
20220205,1026817362,20220205,ISRAELI,ISR,WEST BANK,PSE,190,재래식 군사력 사용,19,4,-10.0,2,1,2,-11.0828025477707,Israel,IS,https://www.presstv.ir/Detail/2022/02/05/676237/Rights-group-demands-urgent-medical-care-for-cancer-stricken-Palestinian-inmate
20220206,1026834955,20220206,ISRAELI,ISR,PALESTINIAN,PSE,190,재래식 군사력 사용,19,4,-10.0,1,1,1,-6.18311533888228,"Tel Aviv, Tel Aviv, Israel",IS,https://www.presstv.ir/Detail/2022/02/05/676257/UK-Jeremy-Corbyn-hold-Israeli-regime-liable-abuse-of-Palestinians
20220206,1026837697,20220206,ISRAEL,ISR,SAUDI ARABIA,SAU,190,재래식 군사력 사용,19,4,-10.0,2,1,2,-2.50544662309368,"Gaza, Israel (general), Israel",IS,https://www.jewishpress.com/indepth/opinions/how-an-israel-victory-is-a-win-for-the-region/2022/02/06/
20220206,1026837698,20220206,ISRAEL,ISR,SAUDI ARABIA,SAU,190,재래식 군사력 사용,19,4,-10.0,6,1,6,-2.50544662309368,"Gaza, Israel (general), Israel",IS,https://www.jewishpress.com/indepth/opinions/how-an-israel-victory-is-a-win-for-the-region/2022/02/06/
20220206,1026837699,20220206,ISRAEL,ISR,SAUDI,SAU,190,재래식 군사력 사용,19,4,-10.0,2,1,2,-2.50544662309368,Saudi Arabia,SA,https://www.jewishpress.com/indepth/opinions/how-an-israel-victory-is-a-win-for-the-region/2022/02/06/
20220206,1026837859,20220206,SAUDI ARABIA,SAU,ISRAEL,ISR,190,재래식 군사력 사용,19,4,-10.0,2,1,2,-2.50544662309368,"Gaza, Israel (general), Israel",IS,https://www.jewishpress.com/indepth/opinions/how-an-israel-victory-is-a-win-for-the-region/2022/02/06/
20220206,1026837860,20220206,SAUDI,SAU,ISRAEL,ISR,190,재래식 군사력 사용,19,4,-10.0,2,1,2,-2.50544662309368,Saudi Arabia,SA,https://www.jewishpress.com/indepth/opinions/how-an-israel-victory-is-a-win-for-the-region/2022/02/06/
20220206,1026837861,20220206,SAUDI ARABIA,SAU,ISRAEL,ISR,190,재래식 군사력 사용,19,4,-10.0,6,1,6,-2.50544662309368,"Gaza, Israel (general), Israel",IS,https://www.jewishpress.com/indepth/opinions/how-an-israel-victory-is-a-win-for-the-region/2022/02/06/
20220206,1026841266,20220206,SAUDI ARABIA,SAU,YEMEN,YEM,138,군사력 사용 위협,13,3,-7.0,2,1,2,-0.875273522975931,"Hajjah, ?ajjah, Yemen",YM,https://www.arabnews.com/node/2019016/middle-east
20220206,1026841637,20220206,ISRAEL,ISR,WEST BANK,PSE,193,소형무기·경무기를 이용한 전투,19,4,-10.0,2,1,2,-6.38977635782747,"Gilboa, West Bank (general), West Bank",WE,https://www.jpost.com/diaspora/antisemitism/article-695625
20220206,1026845863,20220206,TURKEY,TUR,IRAQ,IRQ,190,재래식 군사력 사용,19,4,-10.0,10,1,10,-9.64749536178103,"Sinjar, Babil, Iraq",IZ,https://menafn.com/1103646835/UK-Turkey-strikes-Kurdish-targets-in-Iraq-Syria&source=19
20220206,1026845866,20220206,TURKEY,TUR,SYRIA,SYR,190,재래식 군사력 사용,19,4,-10.0,2,1,2,-9.64749536178103,"Hasakeh, Al ?asakah, Syria",SY,https://menafn.com/1103646835/UK-Turkey-strikes-Kurdish-targets-in-Iraq-Syria&source=19
20220206,1026851701,20220206,SAUDI,SAU,YEMEN,YEM,190,재래식 군사력 사용,19,4,-10.0,4,1,4,-3.59897172236504,"Riyadh, Ar Riya?, Saudi Arabia",SA,https://www.presstv.ir/Detail/2022/02/06/676264/US-weapons-sales-to-Jordan-Saudi-Arabia-UAE
20220206,1026851702,20220206,SAUDI,SAU,YEMEN,YEM,190,재래식 군사력 사용,19,4,-10.0,6,1,6,-3.59897172236504,"Marib, Ma'rib, Yemen",YM,https://www.presstv.ir/Detail/2022/02/06/676264/US-weapons-sales-to-Jordan-Saudi-Arabia-UAE
20220206,1026851703,20220206,SAUDI,SAU,YEMEN,YEM,195,공중무기 사용,19,4,-10.0,6,1,6,-3.14685314685314,"Riyadh, Ar Riya?, Saudi Arabia",SA,https://www.presstv.ir/Detail/2022/02/06/676262/Yemen-Saudi-led-coalition-airstrikes
20220206,1026851704,20220206,SAUDI,SAU,YEMEN,YEM,195,공중무기 사용,19,4,-10.0,2,1,2,-3.14685314685314,"Riyadh, Ar Riya?, Saudi Arabia",SA,https://www.presstv.ir/Detail/2022/02/06/676262/Yemen-Saudi-led-coalition-airstrikes
20220206,1026852169,20220206,EGYPT,EGY,QATAR,QAT,163,금수·보이콧·제재 부과,16,4,-8.0,2,1,2,-3.16164154103853,South Korea,KS,https://moderndiplomacy.eu/2022/01/25/embarking-on-libyas-noble-foray-into-the-future/
20220206,1026852534,20220206,SAUDI,SAU,IRAN,IRN,190,재래식 군사력 사용,19,4,-10.0,2,1,2,-3.16164154103853,"Tehran, Tehran, Iran",IR,https://moderndiplomacy.eu/2022/01/25/embarking-on-libyas-noble-foray-into-the-future/
20220206,1026852535,20220206,SAUDI,SAU,TEHRAN,IRN,190,재래식 군사력 사용,19,4,-10.0,6,1,6,-3.16164154103853,"Tehran, Tehran, Iran",IR,https://moderndiplomacy.eu/2022/01/25/embarking-on-libyas-noble-foray-into-the-future/
20220206,1026865088,20220206,EGYPT,EGY,IRAQ,IRQ,190,재래식 군사력 사용,19,4,-10.0,20,2,20,-1.31187808999311,Yemen,YM,https://zeenews.india.com/world/collapse-of-pan-arab-nationalism-and-rise-of-political-islam-in-middle-east-and-and-north-africa-2434035.html
20220206,1026865090,20220206,EGYPT,EGY,SAUDI ARABIA,SAU,190,재래식 군사력 사용,19,4,-10.0,12,2,12,-1.31187808999311,"Arab League, Al Qahirah, Egypt",EG,https://zeenews.india.com/world/collapse-of-pan-arab-nationalism-and-rise-of-political-islam-in-middle-east-and-and-north-africa-2434035.html
20220206,1026865091,20220206,EGYPT,EGY,SAUDI ARABIA,SAU,190,재래식 군사력 사용,19,4,-10.0,8,2,8,-1.31187808999311,"Arab League, Al Qahirah, Egypt",EG,https://zeenews.india.com/world/collapse-of-pan-arab-nationalism-and-rise-of-political-islam-in-middle-east-and-and-north-africa-2434035.html
20220206,1026865092,20220206,EGYPT,EGY,SYRIA,SYR,190,재래식 군사력 사용,19,4,-10.0,4,2,4,-1.31187808999311,"Arab League, Al Qahirah, Egypt",EG,https://zeenews.india.com/world/collapse-of-pan-arab-nationalism-and-rise-of-political-islam-in-middle-east-and-and-north-africa-2434035.html
20220206,1026865093,20220206,EGYPT,EGY,SYRIA,SYR,190,재래식 군사력 사용,19,4,-10.0,4,2,4,-1.31187808999311,"Arab League, Al Qahirah, Egypt",EG,https://zeenews.india.com/world/collapse-of-pan-arab-nationalism-and-rise-of-political-islam-in-middle-east-and-and-north-africa-2434035.html
20220206,1026865094,20220206,EGYPT,EGY,SYRIA,SYR,190,재래식 군사력 사용,19,4,-10.0,12,2,12,-1.31187808999311,"Arab League, Al Qahirah, Egypt",EG,https://zeenews.india.com/world/collapse-of-pan-arab-nationalism-and-rise-of-political-islam-in-middle-east-and-and-north-africa-2434035.html
20220206,1026865199,20220206,IRAQ,IRQ,EGYPT,EGY,190,재래식 군사력 사용,19,4,-10.0,8,2,8,-1.31187808999311,"Arab League, Al Qahirah, Egypt",EG,https://zeenews.india.com/world/collapse-of-pan-arab-nationalism-and-rise-of-political-islam-in-middle-east-and-and-north-africa-2434035.html
20220206,1026865200,20220206,IRAQ,IRQ,EGYPT,EGY,190,재래식 군사력 사용,19,4,-10.0,12,2,12,-1.31187808999311,"Arab League, Al Qahirah, Egypt",EG,https://zeenews.india.com/world/collapse-of-pan-arab-nationalism-and-rise-of-political-islam-in-middle-east-and-and-north-africa-2434035.html
20220206,1026865201,20220206,IRAQ,IRQ,SAUDI ARABIA,SAU,190,재래식 군사력 사용,19,4,-10.0,8,2,8,-1.31187808999311,"Arab League, Al Qahirah, Egypt",EG,https://zeenews.india.com/world/collapse-of-pan-arab-nationalism-and-rise-of-political-islam-in-middle-east-and-and-north-africa-2434035.html
20220206,1026865202,20220206,IRAQ,IRQ,SAUDI ARABIA,SAU,190,재래식 군사력 사용,19,4,-10.0,12,2,12,-1.31187808999311,"Arab League, Al Qahirah, Egypt",EG,https://zeenews.india.com/world/collapse-of-pan-arab-nationalism-and-rise-of-political-islam-in-middle-east-and-and-north-africa-2434035.html
20220206,1026865203,20220206,IRAQ,IRQ,SYRIA,SYR,190,재래식 군사력 사용,19,4,-10.0,4,2,4,-1.31187808999311,"Arab League, Al Qahirah, Egypt",EG,https://zeenews.india.com/world/collapse-of-pan-arab-nationalism-and-rise-of-political-islam-in-middle-east-and-and-north-africa-2434035.html
20220206,1026865204,20220206,IRAQ,IRQ,SYRIA,SYR,190,재래식 군사력 사용,19,4,-10.0,4,2,4,-1.31187808999311,"Arab League, Al Qahirah, Egypt",EG,https://zeenews.india.com/world/collapse-of-pan-arab-nationalism-and-rise-of-political-islam-in-middle-east-and-and-north-africa-2434035.html
20220206,1026865205,20220206,IRAQ,IRQ,SYRIA,SYR,190,재래식 군사력 사용,19,4,-10.0,12,2,12,-1.31187808999311,"Arab League, Al Qahirah, Egypt",EG,https://zeenews.india.com/world/collapse-of-pan-arab-nationalism-and-rise-of-political-islam-in-middle-east-and-and-north-africa-2434035.html
20220206,1026865331,20220206,SAUDI ARABIA,SAU,EGYPT,EGY,190,재래식 군사력 사용,19,4,-10.0,12,2,12,-1.31187808999311,"Arab League, Al Qahirah, Egypt",EG,https://zeenews.india.com/world/collapse-of-pan-arab-nationalism-and-rise-of-political-islam-in-middle-east-and-and-north-africa-2434035.html
20220206,1026865332,20220206,SAUDI ARABIA,SAU,EGYPT,EGY,190,재래식 군사력 사용,19,4,-10.0,8,2,8,-1.31187808999311,"Arab League, Al Qahirah, Egypt",EG,https://zeenews.india.com/world/collapse-of-pan-arab-nationalism-and-rise-of-political-islam-in-middle-east-and-and-north-africa-2434035.html
20220206,1026865333,20220206,SAUDI ARABIA,SAU,IRAQ,IRQ,190,재래식 군사력 사용,19,4,-10.0,12,2,12,-1.31187808999311,"Arab League, Al Qahirah, Egypt",EG,https://zeenews.india.com/world/collapse-of-pan-arab-nationalism-and-rise-of-political-islam-in-middle-east-and-and-north-africa-2434035.html
20220206,1026865334,20220206,SAUDI ARABIA,SAU,IRAQ,IRQ,190,재래식 군사력 사용,19,4,-10.0,8,2,8,-1.31187808999311,"Arab League, Al Qahirah, Egypt",EG,https://zeenews.india.com/world/collapse-of-pan-arab-nationalism-and-rise-of-political-islam-in-middle-east-and-and-north-africa-2434035.html
20220206,1026865335,20220206,SAUDI ARABIA,SAU,SYRIA,SYR,190,재래식 군사력 사용,19,4,-10.0,12,2,12,-1.31187808999311,"Arab League, Al Qahirah, Egypt",EG,https://zeenews.india.com/world/collapse-of-pan-arab-nationalism-and-rise-of-political-islam-in-middle-east-and-and-north-africa-2434035.html
20220206,1026865336,20220206,SAUDI ARABIA,SAU,SYRIA,SYR,190,재래식 군사력 사용,19,4,-10.0,4,2,4,-1.31187808999311,"Arab League, Al Qahirah, Egypt",EG,https://zeenews.india.com/world/collapse-of-pan-arab-nationalism-and-rise-of-political-islam-in-middle-east-and-and-north-africa-2434035.html
20220206,1026865337,20220206,SAUDI ARABIA,SAU,SYRIA,SYR,190,재래식 군사력 사용,19,4,-10.0,4,2,4,-1.31187808999311,"Arab League, Al Qahirah, Egypt",EG,https://zeenews.india.com/world/collapse-of-pan-arab-nationalism-and-rise-of-political-islam-in-middle-east-and-and-north-africa-2434035.html
20220206,1026865341,20220206,SYRIA,SYR,EGYPT,EGY,190,재래식 군사력 사용,19,4,-10.0,4,2,4,-1.31187808999311,"Arab League, Al Qahirah, Egypt",EG,https://zeenews.india.com/world/collapse-of-pan-arab-nationalism-and-rise-of-political-islam-in-middle-east-and-and-north-africa-2434035.html
20220206,1026865342,20220206,SYRIA,SYR,EGYPT,EGY,190,재래식 군사력 사용,19,4,-10.0,4,2,4,-1.31187808999311,"Arab League, Al Qahirah, Egypt",EG,https://zeenews.india.com/world/collapse-of-pan-arab-nationalism-and-rise-of-political-islam-in-middle-east-and-and-north-africa-2434035.html
20220206,1026865343,20220206,SYRIA,SYR,EGYPT,EGY,190,재래식 군사력 사용,19,4,-10.0,12,2,12,-1.31187808999311,"Arab League, Al Qahirah, Egypt",EG,https://zeenews.india.com/world/collapse-of-pan-arab-nationalism-and-rise-of-political-islam-in-middle-east-and-and-north-africa-2434035.html
20220206,1026865344,20220206,SYRIA,SYR,IRAQ,IRQ,190,재래식 군사력 사용,19,4,-10.0,4,2,4,-1.31187808999311,"Arab League, Al Qahirah, Egypt",EG,https://zeenews.india.com/world/collapse-of-pan-arab-nationalism-and-rise-of-political-islam-in-middle-east-and-and-north-africa-2434035.html
20220206,1026865345,20220206,SYRIA,SYR,IRAQ,IRQ,190,재래식 군사력 사용,19,4,-10.0,4,2,4,-1.31187808999311,"Arab League, Al Qahirah, Egypt",EG,https://zeenews.india.com/world/collapse-of-pan-arab-nationalism-and-rise-of-political-islam-in-middle-east-and-and-north-africa-2434035.html
20220206,1026865346,20220206,SYRIA,SYR,IRAQ,IRQ,190,재래식 군사력 사용,19,4,-10.0,12,2,12,-1.31187808999311,"Arab League, Al Qahirah, Egypt",EG,https://zeenews.india.com/world/collapse-of-pan-arab-nationalism-and-rise-of-political-islam-in-middle-east-and-and-north-africa-2434035.html
20220206,1026865347,20220206,SYRIA,SYR,SAUDI ARABIA,SAU,190,재래식 군사력 사용,19,4,-10.0,4,2,4,-1.31187808999311,"Arab League, Al Qahirah, Egypt",EG,https://zeenews.india.com/world/collapse-of-pan-arab-nationalism-and-rise-of-political-islam-in-middle-east-and-and-north-africa-2434035.html
20220206,1026865348,20220206,SYRIA,SYR,SAUDI ARABIA,SAU,190,재래식 군사력 사용,19,4,-10.0,4,2,4,-1.31187808999311,"Arab League, Al Qahirah, Egypt",EG,https://zeenews.india.com/world/collapse-of-pan-arab-nationalism-and-rise-of-political-islam-in-middle-east-and-and-north-africa-2434035.html
20220206,1026865349,20220206,SYRIA,SYR,SAUDI ARABIA,SAU,190,재래식 군사력 사용,19,4,-10.0,12,2,12,-1.31187808999311,"Arab League, Al Qahirah, Egypt",EG,https://zeenews.india.com/world/collapse-of-pan-arab-nationalism-and-rise-of-political-islam-in-middle-east-and-and-north-africa-2434035.html
20220206,1026867461,20220206,SAUDI,SAU,QATARI,QAT,191,봉쇄·이동 제한,19,4,-9.5,3,1,3,-2.04081632653061,Egypt,EG,https://www.dawn.com/news/1599937/gulf-countries-welcome-qatar-back-into-fold
20220206,1026868873,20220206,HAMAS,PSE,ISRAELI,ISR,190,재래식 군사력 사용,19,4,-10.0,10,1,10,-6.46950092421442,"Jerusalem, Israel (general), Israel",IS,https://www.jns.org/opinion/the-anti-defamation-league-and-amnesty-international/
20220206,1026869865,20220206,IRAN,IRN,YEMEN,YEM,194,포병·전차를 이용한 전투,19,4,-10.0,20,2,20,-0.75006737927161,"Jerusalem, Israel (general), Israel",IS,https://www.msn.com/en-us/news/world/israel-gulf-states-in-discussions-for-air-defense-systems/ar-AATwtra
20220206,1026872077,20220206,IRAN,IRN,SYRIA,SYR,192,영토 점령,19,4,-9.5,2,1,2,-7.8924544666089,"Tehran, Tehran, Iran",IR,https://www.albawaba.com/opinion/are-we-doing-enough-stop-isis-1465217
20220206,1026875910,20220206,IRAN,IRN,YEMEN,YEM,190,재래식 군사력 사용,19,4,-10.0,10,1,10,-3.81136950904393,"Marib, Ma'rib, Yemen",YM,https://english.aawsat.com/home/article/3458851/gulf-countries-confronted-complex-yemeni-scene-run-iran
20220206,1026876277,20220206,YEMEN,YEM,IRAN,IRN,190,재래식 군사력 사용,19,4,-10.0,10,1,10,-3.81136950904393,"Marib, Ma'rib, Yemen",YM,https://english.aawsat.com/home/article/3458851/gulf-countries-confronted-complex-yemeni-scene-run-iran
20220206,1026879894,20220206,ISRAEL,ISR,HAMAS,PSE,193,소형무기·경무기를 이용한 전투,19,4,-10.0,12,1,8,-6.71031096563011,"Ashkelon, HaDarom, Israel",IS,https://www.jpost.com/breaking-news/article-695646
20220206,1026879967,20220206,PALESTINIAN,PSE,ISRAEL,ISR,194,포병·전차를 이용한 전투,19,4,-10.0,2,1,2,-6.71031096563011,"Ashkelon, HaDarom, Israel",IS,https://www.jpost.com/breaking-news/article-695646
20220206,1026879970,20220206,HAMAS,PSE,ISRAEL,ISR,194,포병·전차를 이용한 전투,19,4,-10.0,5,2,5,-6.68848881614838,"Ashkelon, HaDarom, Israel",IS,https://www.jpost.com/breaking-news/article-695646
20220206,1026879971,20220206,HAMAS,PSE,ISRAEL,ISR,194,포병·전차를 이용한 전투,19,4,-10.0,6,1,6,-6.71031096563011,"Ashkelon, HaDarom, Israel",IS,https://www.jpost.com/breaking-news/article-695646
20220206,1026881788,20220206,IRAQ,IRQ,KURDISTAN,IRN,195,공중무기 사용,19,4,-10.0,2,1,2,-3.22260783341597,"Erbil, Liwa' Irbil, Iraq",IZ,https://www.middleeasteye.net/news/iraq-kurds-erbil-attack-shia-commanders-warning
20220206,1026881793,20220206,IRAQI,IRQ,TURKEY,TUR,154,군 병력 동원·증강,15,4,-7.2,2,1,2,-3.22260783341597,"Ankara, Ankara, Turkey",TU,https://www.middleeasteye.net/news/iraq-kurds-erbil-attack-shia-commanders-warning
20220206,1026881794,20220206,IRAQI,IRQ,TURKEY,TUR,154,군 병력 동원·증강,15,4,-7.2,1,1,1,-3.22260783341597,"Ankara, Ankara, Turkey",TU,https://www.middleeasteye.net/news/iraq-kurds-erbil-attack-shia-commanders-warning
20220206,1026881809,20220206,ISRAELI,ISR,GAZA,PSE,190,재래식 군사력 사용,19,4,-10.0,13,2,8,-4.21916090398168,"Gaza, Israel (general), Israel",IS,https://www.ogv.energy/news-item/oil-price-surge-biggest-boom-since-2014-as-turkey-and-israel-to-supply-gas-to-europe
20220206,1026881938,20220206,GAZA,PSE,ISRAEL,ISR,190,재래식 군사력 사용,19,4,-10.0,2,1,2,-6.0120240480962,"Ashkelon, HaDarom, Israel",IS,https://www.timesofisrael.com/holocaust-survivor-injured-by-gaza-rocket-during-last-years-fighting-dies-at-91/
20220206,1026881939,20220206,GAZA,PSE,ISRAELI,ISR,190,재래식 군사력 사용,19,4,-10.0,12,2,7,-2.89199561403509,"Gaza, Israel (general), Israel",IS,https://www.ogv.energy/news-item/oil-price-surge-biggest-boom-since-2014-as-turkey-and-israel-to-supply-gas-to-europe
20220206,1026881940,20220206,GAZA,PSE,ISRAEL,ISR,190,재래식 군사력 사용,19,4,-10.0,2,1,2,-6.0120240480962,Gaza Strip,GZ,https://www.timesofisrael.com/holocaust-survivor-injured-by-gaza-rocket-during-last-years-fighting-dies-at-91/
20220206,1026881941,20220206,GAZA,PSE,ISRAEL,ISR,194,포병·전차를 이용한 전투,19,4,-10.0,2,1,2,-6.0120240480962,"Ashkelon, HaDarom, Israel",IS,https://www.timesofisrael.com/holocaust-survivor-injured-by-gaza-rocket-during-last-years-fighting-dies-at-91/
20220206,1026881942,20220206,GAZA,PSE,ISRAEL,ISR,194,포병·전차를 이용한 전투,19,4,-10.0,4,1,4,-6.0120240480962,Gaza Strip,GZ,https://www.timesofisrael.com/holocaust-survivor-injured-by-gaza-rocket-during-last-years-fighting-dies-at-91/
20220206,1026881943,20220206,GAZA,PSE,ISRAEL,ISR,194,포병·전차를 이용한 전투,19,4,-10.0,2,1,2,-6.0120240480962,Gaza Strip,GZ,https://www.timesofisrael.com/holocaust-survivor-injured-by-gaza-rocket-during-last-years-fighting-dies-at-91/
20220206,1026881944,20220206,GAZA,PSE,ISRAEL,ISR,193,소형무기·경무기를 이용한 전투,19,4,-10.0,2,1,2,-11.875,"Ashkelon, HaDarom, Israel",IS,https://www.israelnationalnews.com/news/321811
20220206,1026881991,20220206,TURKEY,TUR,IRAN,IRN,190,재래식 군사력 사용,19,4,-10.0,6,1,6,-3.22260783341597,"Ankara, Ankara, Turkey",TU,https://www.middleeasteye.net/news/iraq-kurds-erbil-attack-shia-commanders-warning
20220206,1026881992,20220206,TURKEY,TUR,IRAN,IRN,190,재래식 군사력 사용,19,4,-10.0,2,1,2,-3.22260783341597,"Ankara, Ankara, Turkey",TU,https://www.middleeasteye.net/news/iraq-kurds-erbil-attack-shia-commanders-warning
20220206,1026883169,20220206,ISRAEL,ISR,IRAN,IRN,194,포병·전차를 이용한 전투,19,4,-10.0,4,1,4,-3.33333333333334,"Tehran, Tehran, Iran",IR,https://www.jns.org/bennett-pending-iran-deal-damaging-will-harm-israels-ability-to-deal-with-nukes/
20220206,1026891217,20220206,PALESTINIAN,PSE,ISRAEL,ISR,193,소형무기·경무기를 이용한 전투,19,4,-10.0,4,1,4,-5.45356371490281,Israel,IS,https://www.haaretz.com/israel-news/.premium-when-the-palestinian-victim-is-not-a-u-s-citizen-the-israeli-army-doesn-t-care-1.10595067
20220206,1026891222,20220206,HAMAS,PSE,JERUSALEM,ISR,194,포병·전차를 이용한 전투,19,4,-10.0,8,1,8,-6.66666666666666,"Jerusalem, Israel (general), Israel",IS,https://www.jewishpress.com/news/terrorism-news/rockets-from-gaza/holocaust-survivor-91-dies-of-wounds-from-hamas-bombing-in-may/2022/02/06/
20220206,1026891223,20220206,HAMAS,PSE,JERUSALEM,ISR,194,포병·전차를 이용한 전투,19,4,-10.0,1,1,1,-6.66666666666666,Gaza Strip,GZ,https://www.jewishpress.com/news/terrorism-news/rockets-from-gaza/holocaust-survivor-91-dies-of-wounds-from-hamas-bombing-in-may/2022/02/06/
20220206,1026892962,20220206,IRAN,IRN,IRAQ,IRQ,1384,재래식 군사 공격 위협,13,3,-7.0,4,1,4,-9.69855832241153,"Tehran, Tehran, Iran",IR,https://www.ncr-iran.org/en/news/terrorism-a-fundamentalism/to-stop-terrorism-in-the-name-of-islam-target-its-heart-in-tehran/
20220206,1026892963,20220206,IRAN,IRN,IRAQ,IRQ,1384,재래식 군사 공격 위협,13,3,-7.0,6,1,6,-9.69855832241153,"Tehran, Tehran, Iran",IR,https://www.ncr-iran.org/en/news/terrorism-a-fundamentalism/to-stop-terrorism-in-the-name-of-islam-target-its-heart-in-tehran/
20220206,1026897331,20220206,ISRAELI,ISR,PALESTINE,PSE,190,재래식 군사력 사용,19,4,-10.0,2,1,2,-4.59418070444104,"Jerusalem, Israel (general), Israel",IS,https://www.presstv.ir/Detail/2022/02/06/676285/Dozens-of-settlers-storm-Aqsa-Mosque-as-Palestine-holds-Israel-responsible-for-dire-consequences
20220206,1026897350,20220206,ISRAEL,ISR,IRAN,IRN,195,공중무기 사용,19,4,-10.0,10,1,10,-1.14025085518814,"Tehran, Tehran, Iran",IR,https://www.timesofisrael.com/pm-a-nuclear-deal-with-iran-wont-increase-stability-or-prevent-israeli-strike/
20220206,1026897358,20220206,ISRAELI,ISR,PALESTINE,PSE,190,재래식 군사력 사용,19,4,-10.0,3,1,3,-4.59418070444104,"Jerusalem, Israel (general), Israel",IS,https://www.presstv.ir/Detail/2022/02/06/676285/Dozens-of-settlers-storm-Aqsa-Mosque-as-Palestine-holds-Israel-responsible-for-dire-consequences
20220206,1026899493,20220206,ISRAEL,ISR,HAMAS,PSE,194,포병·전차를 이용한 전투,19,4,-10.0,4,1,4,-6.50406504065041,"Gaza, Israel (general), Israel",IS,https://unitedwithisrael.org/holocaust-survivor-succumbs-to-injuries-from-gaza-war-rocket-barrage/
20220206,1026899612,20220206,PALESTINIAN,PSE,ISRAEL,ISR,192,영토 점령,19,4,-9.5,4,1,4,-3.37171052631579,"Gaza, Israel (general), Israel",IS,https://mondoweiss.net/2022/02/we-dont-use-the-word-apartheid-say-the-liberal-zionists/
20220206,1026899613,20220206,GAZA,PSE,ISRAEL,ISR,194,포병·전차를 이용한 전투,19,4,-10.0,4,1,4,-6.50406504065041,"Gaza, Israel (general), Israel",IS,https://unitedwithisrael.org/holocaust-survivor-succumbs-to-injuries-from-gaza-war-rocket-barrage/
20220206,1026903777,20220206,IRAN,IRN,YEMEN,YEM,192,영토 점령,19,4,-9.5,2,1,2,-4.7923322683706,"Marib, Ma'rib, Yemen",YM,https://www.arabnews.com/node/2019341/middle-east
20220206,1026903969,20220206,ABDULLAH,SAU,YEMEN,YEM,190,재래식 군사력 사용,19,4,-10.0,2,1,2,-4.7923322683706,"Haradh, ?ajjah, Yemen",YM,https://www.arabnews.com/node/2019341/middle-east
20220206,1026904098,20220206,AL MUKALLA,YEM,IRAN,IRN,192,영토 점령,19,4,-9.5,1,1,1,-4.7923322683706,"Marib, Ma'rib, Yemen",YM,https://www.arabnews.com/node/2019341/middle-east
20220206,1026904099,20220206,YEMEN,YEM,ABDULLAH,SAU,190,재래식 군사력 사용,19,4,-10.0,2,1,2,-4.7923322683706,"Marib, Ma'rib, Yemen",YM,https://www.arabnews.com/node/2019341/middle-east
20220206,1026909350,20220130,JERUSALEM,ISR,SYRIA,SYR,190,재래식 군사력 사용,19,4,-10.0,146,18,146,-0.360039523282524,Syria,SY,https://www.sandiegouniontribune.com/news/nation-world/story/2022-02-06/israeli-leader-talks-to-biden-about-islamic-state-iran
20220206,1026909351,20220130,ISRAEL,ISR,SYRIA,SYR,190,재래식 군사력 사용,19,4,-10.0,32,16,32,-0.361528165136219,Syria,SY,https://www.sandiegouniontribune.com/news/nation-world/story/2022-02-06/israeli-leader-talks-to-biden-about-islamic-state-iran
20220206,1026909897,20220206,SYRIAN,SYR,TURKEY,TUR,192,영토 점령,19,4,-9.5,2,1,2,-5.42168674698795,"Idlib, Idlib, Syria",SY,https://www.thehindu.com/opinion/editorial/death-of-a-terrorist-on-the-death-of-abu-ibrahim-al-hashimi-al-qurayshi/article38389306.ece
20220206,1026909898,20220206,SYRIAN,SYR,TURKEY,TUR,192,영토 점령,19,4,-9.5,2,1,2,-5.42168674698795,"Idlib, Idlib, Syria",SY,https://www.thehindu.com/opinion/editorial/death-of-a-terrorist-on-the-death-of-abu-ibrahim-al-hashimi-al-qurayshi/article38389306.ece
20220206,1026909903,20220206,SYRIAN,SYR,TURKEY,TUR,192,영토 점령,19,4,-9.5,3,1,3,-5.42168674698795,"Idlib, Idlib, Syria",SY,https://www.thehindu.com/opinion/editorial/death-of-a-terrorist-on-the-death-of-abu-ibrahim-al-hashimi-al-qurayshi/article38389306.ece
20220206,1026913025,20220130,ISRAEL,ISR,SYRIA,SYR,190,재래식 군사력 사용,19,4,-10.0,2,1,2,-0.63492063492064,Israel,IS,https://www.khaleejtimes.com/world/israeli-leader-talks-to-biden-about-daesh-iran
20220206,1026913026,20220130,ISRAEL,ISR,SYRIA,SYR,190,재래식 군사력 사용,19,4,-10.0,16,2,16,-0.48869319417265,Syria,SY,https://www.khaleejtimes.com/world/israeli-leader-talks-to-biden-about-daesh-iran
20220206,1026914348,20220206,ISRAELI,ISR,PALESTINIAN,PSE,190,재래식 군사력 사용,19,4,-10.0,1,1,1,-6.02604110620897,"Beita, West Bank (general), West Bank",WE,"http://aljazeerah.info/News/2022/February/6%20n/Israeli%20Apartheid%20Occupation%20Regime%20Documented%20by%20Amnesty%20International%20as%20Cruel%20and%20Criminal,%20Scores%20of%20Palestinians%20Abducted%20and%20Injured,%20February%206,%202022%C2%A0.htm"
20220206,1026914349,20220206,ISRAEL,ISR,WEST BANK,PSE,193,소형무기·경무기를 이용한 전투,19,4,-10.0,2,1,2,-6.02604110620897,"Gaza, Israel (general), Israel",IS,"http://aljazeerah.info/News/2022/February/6%20n/Israeli%20Apartheid%20Occupation%20Regime%20Documented%20by%20Amnesty%20International%20as%20Cruel%20and%20Criminal,%20Scores%20of%20Palestinians%20Abducted%20and%20Injured,%20February%206,%202022%C2%A0.htm"
20220206,1026914350,20220206,ISRAEL,ISR,PALESTINIAN,PSE,193,소형무기·경무기를 이용한 전투,19,4,-10.0,2,1,2,-6.02604110620897,"Gaza, Israel (general), Israel",IS,"http://aljazeerah.info/News/2022/February/6%20n/Israeli%20Apartheid%20Occupation%20Regime%20Documented%20by%20Amnesty%20International%20as%20Cruel%20and%20Criminal,%20Scores%20of%20Palestinians%20Abducted%20and%20Injured,%20February%206,%202022%C2%A0.htm"
20220206,1026914351,20220206,ISRAELI,ISR,PALESTINIAN,PSE,190,재래식 군사력 사용,19,4,-10.0,2,1,2,-6.02604110620897,"Gaza, Israel (general), Israel",IS,"http://aljazeerah.info/News/2022/February/6%20n/Israeli%20Apartheid%20Occupation%20Regime%20Documented%20by%20Amnesty%20International%20as%20Cruel%20and%20Criminal,%20Scores%20of%20Palestinians%20Abducted%20and%20Injured,%20February%206,%202022%C2%A0.htm"
20220206,1026914352,20220206,ISRAEL,ISR,HAMAS,PSE,193,소형무기·경무기를 이용한 전투,19,4,-10.0,36,12,36,-11.1257531346202,Gaza Strip,GZ,https://www.sandiegouniontribune.com/news/nation-world/story/2022-02-06/91-year-old-israeli-woman-dies-months-after-rocket-strike
20220206,1026914520,20220206,PALESTINIAN,PSE,ISRAEL,ISR,193,소형무기·경무기를 이용한 전투,19,4,-10.0,2,1,2,-6.02604110620897,"Gaza, Israel (general), Israel",IS,"http://aljazeerah.info/News/2022/February/6%20n/Israeli%20Apartheid%20Occupation%20Regime%20Documented%20by%20Amnesty%20International%20as%20Cruel%20and%20Criminal,%20Scores%20of%20Palestinians%20Abducted%20and%20Injured,%20February%206,%202022%C2%A0.htm"
20220206,1026915031,20220130,ISRAEL,ISR,SYRIA,SYR,190,재래식 군사력 사용,19,4,-10.0,2,1,2,-0.34246575342466,Israel,IS,https://www.msn.com/en-ae/news/world/israeli-leader-talks-to-biden-about-daesh-iran/ar-AATxe20
20220206,1026915384,20220206,JERUSALEM,ISR,IRAN,IRN,190,재래식 군사력 사용,19,4,-10.0,10,1,10,-1.30331753554503,"Tehran, Tehran, Iran",IR,https://www.timesofisrael.com/in-phone-call-bennett-and-biden-discuss-steps-to-block-iranian-nuclear-program/
20220206,1026915386,20220206,JERUSALEM,ISR,LEBANESE,LBN,163,금수·보이콧·제재 부과,16,4,-8.0,18,5,18,-5.3768758636203,Lebanon,LE,https://www.uniindia.com/story/Israel-sanctions-against-3-Lebanese-companies
20220206,1026915389,20220206,JERUSALEM,ISR,LEBANESE,LBN,163,금수·보이콧·제재 부과,16,4,-8.0,30,5,30,-5.3768758636203,Lebanon,LE,https://www.uniindia.com/story/Israel-sanctions-against-3-Lebanese-companies
20220206,1026920814,20220206,IRAN,IRN,ISRAEL,ISR,190,재래식 군사력 사용,19,4,-10.0,2,2,2,-5.19645120405577,"Jerusalem, Israel (general), Israel",IS,https://hnn.us/article/182381
20220206,1026920815,20220206,IRAN,IRN,ISRAEL,ISR,190,재래식 군사력 사용,19,4,-10.0,2,2,2,-5.19645120405577,"Tehran, Tehran, Iran",IR,https://hnn.us/article/182381
20220206,1026920822,20220206,ISRAEL,ISR,IRAN,IRN,138,군사력 사용 위협,13,3,-7.0,20,2,20,-5.19645120405577,"Tehran, Tehran, Iran",IR,https://hnn.us/article/182381
20220206,1026924180,20220130,ISRAEL,ISR,SYRIA,SYR,190,재래식 군사력 사용,19,4,-10.0,2,1,2,-0.3584229390681,Syria,SY,https://www.taiwannews.com.tw/en/news/4433552
20220207,1026932505,20220131,JERUSALEM,ISR,SYRIA,SYR,190,재래식 군사력 사용,19,4,-10.0,132,15,132,-0.827705371821468,Syria,SY,https://www.stripes.com/theaters/middle_east/2022-02-06/israel-us-naftali-bennett-joe-biden-islamic-state-iran-4743271.html
20220207,1026932506,20220131,ISRAEL,ISR,SYRIA,SYR,190,재래식 군사력 사용,19,4,-10.0,10,5,10,-0.542418330648668,Syria,SY,https://www.stripes.com/theaters/middle_east/2022-02-06/israel-us-naftali-bennett-joe-biden-islamic-state-iran-4743271.html
20220207,1026937518,20220207,IRAN,IRN,ISRAEL,ISR,190,재래식 군사력 사용,19,4,-10.0,1,1,1,-5.19645120405577,"Jerusalem, Israel (general), Israel",IS,http://historynewsnetwork.org/article/182381
20220207,1026937519,20220207,IRAN,IRN,ISRAEL,ISR,190,재래식 군사력 사용,19,4,-10.0,1,1,1,-5.19645120405577,"Tehran, Tehran, Iran",IR,http://historynewsnetwork.org/article/182381
20220207,1026937534,20220207,ISRAEL,ISR,IRAN,IRN,138,군사력 사용 위협,13,3,-7.0,10,1,10,-5.19645120405577,"Tehran, Tehran, Iran",IR,http://historynewsnetwork.org/article/182381
20220207,1026938429,20220131,HAMAS,PSE,ISRAEL,ISR,194,포병·전차를 이용한 전투,19,4,-10.0,2,1,2,2.90697674418604,"White House, District of Columbia, United States",US,https://www.msn.com/en-us/news/politics/biden-vows-full-support-for-iron-dome-replenishment-in-call-with-bennett/ar-AATxAvU
20220207,1026938430,20220131,HAMAS,PSE,ISRAEL,ISR,194,포병·전차를 이용한 전투,19,4,-10.0,6,1,6,2.90697674418604,Afghanistan,AF,https://www.msn.com/en-us/news/politics/biden-vows-full-support-for-iron-dome-replenishment-in-call-with-bennett/ar-AATxAvU
20220207,1026938431,20220131,HAMAS,PSE,ISRAEL,ISR,194,포병·전차를 이용한 전투,19,4,-10.0,2,1,2,2.90697674418604,"White House, District of Columbia, United States",US,https://www.msn.com/en-us/news/politics/biden-vows-full-support-for-iron-dome-replenishment-in-call-with-bennett/ar-AATxAvU
20220207,1026938432,20220131,HAMAS,PSE,ISRAEL,ISR,194,포병·전차를 이용한 전투,19,4,-10.0,6,1,6,2.90697674418604,Gaza Strip,GZ,https://www.msn.com/en-us/news/politics/biden-vows-full-support-for-iron-dome-replenishment-in-call-with-bennett/ar-AATxAvU
20220207,1026938433,20220131,HAMAS,PSE,ISRAEL,ISR,194,포병·전차를 이용한 전투,19,4,-10.0,4,1,4,2.90697674418604,Gaza Strip,GZ,https://www.msn.com/en-us/news/politics/biden-vows-full-support-for-iron-dome-replenishment-in-call-with-bennett/ar-AATxAvU
20220207,1026940024,20220207,ISRAEL,ISR,LEBANON,LBN,192,영토 점령,19,4,-9.5,4,1,4,-5.14469453376206,"Moscow, Moskva, Russia",RS,https://thepeninsulaqatar.com/article/19/12/2012/air-raids-on-damascus-camp-as-rebels-advance
20220207,1026940188,20220207,PALESTINIAN,PSE,LEBANON,LBN,192,영토 점령,19,4,-9.5,2,1,2,-5.14469453376206,"Moscow, Moskva, Russia",RS,https://thepeninsulaqatar.com/article/19/12/2012/air-raids-on-damascus-camp-as-rebels-advance
20220207,1026940189,20220207,PALESTINIAN,PSE,LEBANON,LBN,192,영토 점령,19,4,-9.5,2,1,2,-5.14469453376206,"Beirut, Beyrouth, Lebanon",LE,https://thepeninsulaqatar.com/article/19/12/2012/air-raids-on-damascus-camp-as-rebels-advance
20220207,1026940192,20220207,PALESTINIAN,PSE,LEBANON,LBN,192,영토 점령,19,4,-9.5,2,1,2,-5.14469453376206,"Moscow, Moskva, Russia",RS,https://thepeninsulaqatar.com/article/19/12/2012/air-raids-on-damascus-camp-as-rebels-advance
20220207,1026942389,20220131,JERUSALEM,ISR,SYRIA,SYR,190,재래식 군사력 사용,19,4,-10.0,18,9,18,-1.08932461873638,"Jerusalem, Israel (general), Israel",IS,https://www.fox5atlanta.com/news/israels-pm-talks-with-biden-about-islamic-state-iran
20220207,1026942841,20220207,ISRAELI,ISR,GAZA,PSE,194,포병·전차를 이용한 전투,19,4,-10.0,4,1,4,-7.06713780918728,"Ashkelon, HaDarom, Israel",IS,https://www.algemeiner.com/2022/02/06/holocaust-survivor-wounded-by-hamas-rocket-in-may-dies-of-injuries/
20220207,1026942842,20220207,ISRAELI,ISR,GAZA,PSE,194,포병·전차를 이용한 전투,19,4,-10.0,6,1,6,-7.06713780918728,"Ashkelon, HaDarom, Israel",IS,https://www.algemeiner.com/2022/02/06/holocaust-survivor-wounded-by-hamas-rocket-in-may-dies-of-injuries/
20220207,1026943054,20220207,SYRIAN,SYR,ABDULLAH,SAU,190,재래식 군사력 사용,19,4,-10.0,7,1,7,-4.08163265306122,"Atme, ?alab, Syria",SY,https://www.aspistrategist.org.au/even-with-its-head-severed-islamic-state-may-continue-to-bite/
20220207,1026943055,20220207,SYRIA,SYR,ABDULLAH,SAU,190,재래식 군사력 사용,19,4,-10.0,1,1,1,-4.08163265306122,"Atme, ?alab, Syria",SY,https://www.aspistrategist.org.au/even-with-its-head-severed-islamic-state-may-continue-to-bite/
20220207,1026943583,20220207,ISRAEL,ISR,SYRIA,SYR,190,재래식 군사력 사용,19,4,-10.0,2,1,2,-0.4012036108325,"Idlib, Idlib, Syria",SY,https://www.dailymail.co.uk/news/article-10482883/Israeli-leader-talks-Biden-Islamic-State-Iran.html
20220207,1026946523,20220207,ISRAEL,ISR,HAMAS,PSE,190,재래식 군사력 사용,19,4,-10.0,10,1,10,-6.72853828306264,"Gaza, Israel (general), Israel",IS,https://www.timesofisrael.com/they-hijacked-gaza-palestinians-hold-rare-online-events-critical-of-hamas/
20220207,1026946637,20220207,GAZA,PSE,ISRAEL,ISR,1383,비정규 폭력 사용 위협,13,3,-7.0,2,1,2,-6.72853828306264,"Gaza, Israel (general), Israel",IS,https://www.timesofisrael.com/they-hijacked-gaza-palestinians-hold-rare-online-events-critical-of-hamas/
20220207,1026946641,20220207,HAMAS,PSE,ISRAEL,ISR,190,재래식 군사력 사용,19,4,-10.0,10,1,10,-6.72853828306264,"Gaza, Israel (general), Israel",IS,https://www.timesofisrael.com/they-hijacked-gaza-palestinians-hold-rare-online-events-critical-of-hamas/
20220207,1026946642,20220207,HAMAS,PSE,ISRAEL,ISR,191,봉쇄·이동 제한,19,4,-9.5,3,1,3,-6.72853828306264,"Jabaliya, Gaza Strip (general), Gaza Strip",GZ,https://www.timesofisrael.com/they-hijacked-gaza-palestinians-hold-rare-online-events-critical-of-hamas/
20220207,1026946643,20220207,HAMAS,PSE,ISRAEL,ISR,191,봉쇄·이동 제한,19,4,-9.5,2,1,2,-6.72853828306264,"Gaza, Israel (general), Israel",IS,https://www.timesofisrael.com/they-hijacked-gaza-palestinians-hold-rare-online-events-critical-of-hamas/
20220207,1026947512,20220207,JERUSALEM,ISR,LEBANESE,LBN,163,금수·보이콧·제재 부과,16,4,-8.0,2,1,2,-5.35714285714285,Lebanon,LE,https://www.daijiworld.com/news/newsDisplay?newsID=923696
20220207,1026947516,20220207,JERUSALEM,ISR,LEBANESE,LBN,163,금수·보이콧·제재 부과,16,4,-8.0,6,1,6,-5.35714285714285,Lebanon,LE,https://www.daijiworld.com/news/newsDisplay?newsID=923696
20220207,1026951794,20220131,ISRAEL,ISR,SYRIA,SYR,190,재래식 군사력 사용,19,4,-10.0,2,1,2,-0.34246575342466,Israel,IS,https://www.msn.com/en-ae/news/middleeast/israeli-leader-talks-to-biden-about-daesh-iran/ar-AATxe20
20220207,1026951795,20220131,ISRAEL,ISR,SYRIA,SYR,190,재래식 군사력 사용,19,4,-10.0,18,2,18,0.00058842912959,Syria,SY,https://www.msn.com/en-ae/news/middleeast/israeli-leader-talks-to-biden-about-daesh-iran/ar-AATxe20
20220207,1026953010,20220207,JORDAN,JOR,ABDULLAH,SAU,192,영토 점령,19,4,-9.5,4,1,4,4.54545454545455,"Amman, (JO11), Jordan",JO,https://menafn.com/1103649545/Jordan-King-receives-cables-on-23rd-anniversary-of-assumption-of-constitutional-powers&source=19
20220207,1026960959,20220207,PALESTINE,PSE,ISRAEL,ISR,138,군사력 사용 위협,13,3,-7.0,47,16,47,-2.14984813699895,"Gaza, Israel (general), Israel",IS,https://www.sfgate.com/news/article/Israeli-Palestinian-figures-propose-2-state-16837490.php
20220207,1026962564,20220207,PALESTINE,PSE,ISRAEL,ISR,138,군사력 사용 위협,13,3,-7.0,189,63,189,-2.23212089943305,West Bank,WE,https://lancasteronline.com/news/world/israeli-palestinian-figures-propose-2-state-confederation/article_100be8d7-2bad-54a6-b436-891c9de09391.html
20220207,1026966359,20220207,TURKISH,TUR,EGYPTIAN,EGY,193,소형무기·경무기를 이용한 전투,19,4,-10.0,10,1,10,-2.44399185336049,"Qandil, Liwa' Irbil, Iraq",IZ,https://www.hawarnews.com/en/haber/egyptian-writer-turkey-seeks-to-revive-isis-h29089.html
20220207,1026967383,20220207,ISRAEL,ISR,AZ ZARQA,JOR,193,소형무기·경무기를 이용한 전투,19,4,-10.0,4,1,4,2.90255701451279,"Ramat Hasharon, Tel Aviv, Israel",IS,https://www.israel21c.org/8-of-the-best-israeli-photography-groups-to-follow-on-social-media/
20220207,1026967384,20220207,ISRAEL,ISR,AZ ZARQA,JOR,193,소형무기·경무기를 이용한 전투,19,4,-10.0,2,1,2,2.90255701451279,"Tel Aviv, Tel Aviv, Israel",IS,https://www.israel21c.org/8-of-the-best-israeli-photography-groups-to-follow-on-social-media/
20220207,1026967385,20220207,ISRAEL,ISR,AZ ZARQA,JOR,193,소형무기·경무기를 이용한 전투,19,4,-10.0,2,1,2,2.90255701451279,"Jerusalem, Israel (general), Israel",IS,https://www.israel21c.org/8-of-the-best-israeli-photography-groups-to-follow-on-social-media/
20220207,1026967396,20220207,ISRAEL,ISR,GAZA,PSE,190,재래식 군사력 사용,19,4,-10.0,6,1,6,-3.83275261324042,"Gaza, Israel (general), Israel",IS,https://www.timesofisrael.com/idf-launches-surprise-gaza-drill-to-test-southern-commands-readiness/
20220207,1026968653,20220207,ISRAELI,ISR,SYRIA,SYR,192,영토 점령,19,4,-9.5,14,1,14,-0.13869625520111,Syria,SY,https://www.koreatimes.co.kr/www/nation/2022/02/773_323402.html
20220207,1026968654,20220207,ISRAELI,ISR,SYRIA,SYR,192,영토 점령,19,4,-9.5,2,1,2,-0.13869625520111,Syria,SY,https://www.koreatimes.co.kr/www/nation/2022/02/773_323402.html
20220207,1026970788,20220206,ISRAELI,ISR,PALESTINIAN,PSE,193,소형무기·경무기를 이용한 전투,19,4,-10.0,2,1,2,-0.31645569620253,Israel,IS,https://www.israellycool.com/2022/02/07/libel-debunked-idf-troops-shot-female-palestinian-journalist-in-the-neck/
20220207,1026970790,20220206,ISRAELI,ISR,PALESTINIAN,PSE,193,소형무기·경무기를 이용한 전투,19,4,-10.0,1,1,1,-0.31645569620253,Israel,IS,https://www.israellycool.com/2022/02/07/libel-debunked-idf-troops-shot-female-palestinian-journalist-in-the-neck/
20220207,1026973361,20220207,YEMEN,YEM,SAUDI,SAU,195,공중무기 사용,19,4,-10.0,8,1,8,-2.14067278287462,Yemen,YM,https://www.zerohedge.com/geopolitical/us-approves-42-billion-f-16-sales-jordan-missile-defenses-gulf
20220207,1026976155,20220207,IRANIAN,IRN,TURKEY,TUR,190,재래식 군사력 사용,19,4,-10.0,2,2,2,-3.78045867176302,"Sinjar, Babil, Iraq",IZ,https://www.msn.com/en-us/news/world/will-iranian-backed-militias-attack-turkey-in-iraq-analysis/ar-AATy92w
20220207,1026976156,20220207,IRANIAN,IRN,TURKEY,TUR,190,재래식 군사력 사용,19,4,-10.0,14,2,14,-3.78045867176302,"Erbil, Mardin, Turkey",TU,https://www.msn.com/en-us/news/world/will-iranian-backed-militias-attack-turkey-in-iraq-analysis/ar-AATy92w
20220207,1026976164,20220207,ISRAEL,ISR,LEBANON,LBN,194,포병·전차를 이용한 전투,19,4,-10.0,8,1,8,-2.69179004037685,"Kfar Kila, Nabatî, Lebanon",LE,https://www.msn.com/en-us/news/world/hezbollah-claims-gulf-is-abandoning-%e2%80%9carabs%e2%80%9d-through-israel-ties/ar-AATyi0z
20220207,1026976167,20220207,JERUSALEM POST,ISR,LEBANON,LBN,194,포병·전차를 이용한 전투,19,4,-10.0,2,1,2,-2.69179004037685,"Kfar Kila, Nabatî, Lebanon",LE,https://www.msn.com/en-us/news/world/hezbollah-claims-gulf-is-abandoning-%e2%80%9carabs%e2%80%9d-through-israel-ties/ar-AATyi0z
20220207,1026976237,20220207,LEBANON,LBN,ISRAEL,ISR,194,포병·전차를 이용한 전투,19,4,-10.0,8,1,8,-2.69179004037685,"Kfar Kila, Nabatî, Lebanon",LE,https://www.msn.com/en-us/news/world/hezbollah-claims-gulf-is-abandoning-%e2%80%9carabs%e2%80%9d-through-israel-ties/ar-AATyi0z
20220207,1026976238,20220207,LEBANON,LBN,ISRAEL,ISR,194,포병·전차를 이용한 전투,19,4,-10.0,2,1,2,-2.69179004037685,"Kfar Kila, Nabatî, Lebanon",LE,https://www.msn.com/en-us/news/world/hezbollah-claims-gulf-is-abandoning-%e2%80%9carabs%e2%80%9d-through-israel-ties/ar-AATyi0z
20220207,1026976239,20220207,LEBANON,LBN,ISRAEL,ISR,194,포병·전차를 이용한 전투,19,4,-10.0,16,1,8,-3.32850940665702,Lebanon,LE,https://www.jpost.com/middle-east/article-695730
20220207,1026976240,20220207,LEBANON,LBN,ISRAEL,ISR,194,포병·전차를 이용한 전투,19,4,-10.0,4,1,2,-3.32850940665702,Lebanon,LE,https://www.jpost.com/middle-east/article-695730
20220207,1026976492,20220207,TURKEY,TUR,IRAN,IRN,190,재래식 군사력 사용,19,4,-10.0,4,2,4,-3.78045867176302,"Erbil, Mardin, Turkey",TU,https://www.msn.com/en-us/news/world/will-iranian-backed-militias-attack-turkey-in-iraq-analysis/ar-AATy92w
20220207,1026981024,20220207,ISRAEL,ISR,HAMAS,PSE,193,소형무기·경무기를 이용한 전투,19,4,-10.0,3,1,3,-11.1111111111111,"Ashkelon, HaDarom, Israel",IS,https://www1.cbn.com/cbnnews/israel/2022/february/91-year-old-israeli-holocaust-survivor-dies-months-after-palestinian-rocket-strike
20220207,1026981264,20220207,HAMAS,PSE,ISRAELI,ISR,194,포병·전차를 이용한 전투,19,4,-10.0,4,1,4,-11.1111111111111,"Ashkelon, HaDarom, Israel",IS,https://www1.cbn.com/cbnnews/israel/2022/february/91-year-old-israeli-holocaust-survivor-dies-months-after-palestinian-rocket-strike
20220207,1026981265,20220207,HAMAS,PSE,ISRAELI,ISR,194,포병·전차를 이용한 전투,19,4,-10.0,6,1,6,-11.1111111111111,"Ashkelon, HaDarom, Israel",IS,https://www1.cbn.com/cbnnews/israel/2022/february/91-year-old-israeli-holocaust-survivor-dies-months-after-palestinian-rocket-strike
20220207,1026982772,20220207,ISRAEL,ISR,GAZA,PSE,190,재래식 군사력 사용,19,4,-10.0,4,2,4,-0.51085568326948,Israel,IS,https://www.daily-sun.com/post/604056/Israeli-President-Herzog-extends-get-well-soon-wishes-to-Erdogan
20220207,1026982773,20220207,ISRAEL,ISR,GAZA,PSE,190,재래식 군사력 사용,19,4,-10.0,1,1,1,-0.49261083743843,"Istanbul, Istanbul, Turkey",TU,https://www.daily-sun.com/post/604056/Israeli-President-Herzog-extends-get-well-soon-wishes-to-Erdogan
20220207,1026982774,20220207,ISRAEL,ISR,GAZA,PSE,190,재래식 군사력 사용,19,4,-10.0,10,2,10,-0.51085568326948,Israel,IS,https://www.daily-sun.com/post/604056/Israeli-President-Herzog-extends-get-well-soon-wishes-to-Erdogan
20220207,1026983015,20220207,TURKEY,TUR,GAZA,PSE,190,재래식 군사력 사용,19,4,-10.0,14,2,14,-0.51085568326948,Israel,IS,https://www.daily-sun.com/post/604056/Israeli-President-Herzog-extends-get-well-soon-wishes-to-Erdogan
20220207,1026983016,20220207,TURKEY,TUR,GAZA,PSE,190,재래식 군사력 사용,19,4,-10.0,1,1,1,-0.49261083743843,"Istanbul, Istanbul, Turkey",TU,https://www.daily-sun.com/post/604056/Israeli-President-Herzog-extends-get-well-soon-wishes-to-Erdogan
20220207,1026986802,20220207,BEIRUT,LBN,PALESTINIAN,PSE,193,소형무기·경무기를 이용한 전투,19,4,-10.0,2,1,2,-3.94316163410302,"Xinjiang, Jiangxi, China",CH,https://www.counterpunch.org/2022/02/07/genocide-denier-not-me-pal-try-the-white-house-instead/
20220207,1026986803,20220207,BEIRUT,LBN,PALESTINIAN,PSE,193,소형무기·경무기를 이용한 전투,19,4,-10.0,8,1,8,-3.94316163410302,"White House, District of Columbia, United States",US,https://www.counterpunch.org/2022/02/07/genocide-denier-not-me-pal-try-the-white-house-instead/
20220207,1026990722,20220207,ISRAEL,ISR,HAMAS,PSE,194,포병·전차를 이용한 전투,19,4,-10.0,6,1,6,-5.84192439862543,"Ashkelon, HaDarom, Israel",IS,http://www.frontpagemag.com/point/2022/02/hamas-celebrates-murder-91-year-old-holocaust-daniel-greenfield/
20220207,1026990723,20220207,ISRAEL,ISR,HAMAS,PSE,194,포병·전차를 이용한 전투,19,4,-10.0,2,1,2,-5.84192439862543,"Jerusalem, Israel (general), Israel",IS,http://www.frontpagemag.com/point/2022/02/hamas-celebrates-murder-91-year-old-holocaust-daniel-greenfield/
20220207,1026995284,20220207,HAMAS,PSE,JERUSALEM,ISR,194,포병·전차를 이용한 전투,19,4,-10.0,9,1,9,-8.71559633027523,"Jerusalem, Israel (general), Israel",IS,https://www.jwire.com.au/holocaust-survivor-91-dies-of-wounds-from-hamas-bombing-in-may/
20220207,1026995285,20220207,HAMAS,PSE,JERUSALEM,ISR,194,포병·전차를 이용한 전투,19,4,-10.0,1,1,1,-8.71559633027523,Gaza Strip,GZ,https://www.jwire.com.au/holocaust-survivor-91-dies-of-wounds-from-hamas-bombing-in-may/
20220207,1027000332,20220207,PALESTINIAN,PSE,ISRAEL,ISR,190,재래식 군사력 사용,19,4,-10.0,2,1,2,-6.74418604651163,Israel,IS,https://unitedwithisrael.org/palestinian-reconciliation-what-does-it-really-mean/
20220207,1027001553,20220207,PALESTINE,PSE,ISRAEL,ISR,138,군사력 사용 위협,13,3,-7.0,3,1,3,-2.3741690408357,"Givat Zeev, West Bank (general), West Bank",WE,https://www.voanews.com/a/israeli-palestinian-figures-propose-2-state-confederation/6430618.html
20220207,1027014629,20220207,PALESTINE,PSE,ISRAEL,ISR,138,군사력 사용 위협,13,3,-7.0,6,2,6,-1.75374069593837,"Maale Efrayim, West Bank (general), West Bank",WE,https://www.durangoherald.com/articles/israeli-palestinian-figures-propose-2-state-confederation/
20220207,1027020629,20220131,SAUDI,SAU,YEMEN,YEM,138,군사력 사용 위협,13,3,-7.0,3,1,3,-7.15197956577267,Saudi Arabia,SA,https://www.thenation.com/article/world/yemen-wars-power-resoultion/
20220207,1027022794,20220207,ISRAEL,ISR,PALESTINIAN,PSE,190,재래식 군사력 사용,19,4,-10.0,1,1,1,-1.94331983805668,"Lydda, HaMerkaz, Israel",IS,https://www.wrmea.org/israel-palestine/as-israel-plots-endgame-in-occupied-golan-bennett-must-remember-lessons-of-the-past.html
20220207,1027022795,20220207,ISRAEL,ISR,PALESTINIAN,PSE,190,재래식 군사력 사용,19,4,-10.0,1,1,1,-1.94331983805668,"Madrid, Madrid, Spain",SP,https://www.wrmea.org/israel-palestine/as-israel-plots-endgame-in-occupied-golan-bennett-must-remember-lessons-of-the-past.html
20220207,1027022796,20220207,ISRAEL,ISR,SYRIAN,SYR,190,재래식 군사력 사용,19,4,-10.0,1,1,1,-1.94331983805668,"Lydda, HaMerkaz, Israel",IS,https://www.wrmea.org/israel-palestine/as-israel-plots-endgame-in-occupied-golan-bennett-must-remember-lessons-of-the-past.html
20220207,1027022797,20220207,ISRAEL,ISR,SYRIAN,SYR,190,재래식 군사력 사용,19,4,-10.0,1,1,1,-1.94331983805668,"Madrid, Madrid, Spain",SP,https://www.wrmea.org/israel-palestine/as-israel-plots-endgame-in-occupied-golan-bennett-must-remember-lessons-of-the-past.html
20220207,1027023050,20220207,PALESTINIAN,PSE,ISRAEL,ISR,190,재래식 군사력 사용,19,4,-10.0,1,1,1,-1.94331983805668,"Lydda, HaMerkaz, Israel",IS,https://www.wrmea.org/israel-palestine/as-israel-plots-endgame-in-occupied-golan-bennett-must-remember-lessons-of-the-past.html
20220207,1027023051,20220207,PALESTINIAN,PSE,ISRAEL,ISR,190,재래식 군사력 사용,19,4,-10.0,1,1,1,-1.94331983805668,"Madrid, Madrid, Spain",SP,https://www.wrmea.org/israel-palestine/as-israel-plots-endgame-in-occupied-golan-bennett-must-remember-lessons-of-the-past.html
20220207,1027023091,20220207,SYRIAN,SYR,ISRAEL,ISR,190,재래식 군사력 사용,19,4,-10.0,1,1,1,-1.94331983805668,"Lydda, HaMerkaz, Israel",IS,https://www.wrmea.org/israel-palestine/as-israel-plots-endgame-in-occupied-golan-bennett-must-remember-lessons-of-the-past.html
20220207,1027023092,20220207,SYRIAN,SYR,ISRAEL,ISR,190,재래식 군사력 사용,19,4,-10.0,1,1,1,-1.94331983805668,"Madrid, Madrid, Spain",SP,https://www.wrmea.org/israel-palestine/as-israel-plots-endgame-in-occupied-golan-bennett-must-remember-lessons-of-the-past.html
20220207,1027023093,20220207,SYRIA,SYR,TURKISH,TUR,190,재래식 군사력 사용,19,4,-10.0,10,1,10,-9.67741935483871,Turkey,TU,https://article.wn.com/view/2022/02/07/How_ISIS_Leader_was_Betrayed_by_Rivals_and_Killed_by_US/
20220207,1027030564,20220207,ISRAEL,ISR,GAZA,PSE,190,재래식 군사력 사용,19,4,-10.0,1,1,1,-0.52910052910053,Israel,IS,https://en.vestikavkaza.ru/news/Israeli-President-extends-get-well-soon-wishes-to-Erdogan.html
20220207,1027030964,20220207,TURKEY,TUR,GAZA,PSE,190,재래식 군사력 사용,19,4,-10.0,1,1,1,-0.52910052910053,Israel,IS,https://en.vestikavkaza.ru/news/Israeli-President-extends-get-well-soon-wishes-to-Erdogan.html
20220207,1027033565,20220207,SYRIAN,SYR,TURKISH,TUR,192,영토 점령,19,4,-9.5,1,1,1,-0.67024128686327,"Damascus, Dimashq, Syria",SY,https://en.qantara.de/content/turkey-and-northern-syria-recep-tayyip-erdogans-deadly-serious-colonial-project
20220207,1027033566,20220207,SYRIAN,SYR,TURKISH,TUR,192,영토 점령,19,4,-9.5,1,1,1,-0.67024128686327,"Damascus, Dimashq, Syria",SY,https://en.qantara.de/content/turkey-and-northern-syria-recep-tayyip-erdogans-deadly-serious-colonial-project
20220207,1027033596,20220207,TURKISH,TUR,SYRIAN,SYR,190,재래식 군사력 사용,19,4,-10.0,2,1,2,-4.41176470588236,"Ankara, Ankara, Turkey",TU,https://en.qantara.de/content/the-kurdish-ypg-and-the-future-of-northeastern-syria-assad-smiles-from-the-sidelines
20220207,1027033598,20220207,TURKISH,TUR,SYRIAN,SYR,190,재래식 군사력 사용,19,4,-10.0,5,1,5,-4.41176470588236,"Ankara, Ankara, Turkey",TU,https://en.qantara.de/content/the-kurdish-ypg-and-the-future-of-northeastern-syria-assad-smiles-from-the-sidelines
20220207,1027046458,20220207,IRANIAN,IRN,ISRAEL,ISR,138,군사력 사용 위협,13,3,-7.0,2,1,2,-7.6726342710997,Israel,IS,https://thepeninsulaqatar.com/article/25/09/2012/ahmadinejad-accuses-west-of-abusing-un-veto
20220207,1027046476,20220207,ISRAELI,ISR,IRANIAN,IRN,163,금수·보이콧·제재 부과,16,4,-8.0,2,1,2,-4.9808429118774,"Tehran, Tehran, Iran",IR,https://thepeninsulaqatar.com/article/27/09/2012/ahmadinejad-slams-wests-intimidation
20220207,1027046477,20220207,ISRAELI,ISR,IRANIAN,IRN,163,금수·보이콧·제재 부과,16,4,-8.0,6,1,6,-4.9808429118774,Israel,IS,https://thepeninsulaqatar.com/article/27/09/2012/ahmadinejad-slams-wests-intimidation
20220207,1027048086,20220207,ISRAEL,ISR,PALESTINIAN,PSE,154,군 병력 동원·증강,15,4,-7.2,60,6,60,-1.94504513781622,"Gaza, Israel (general), Israel",IS,https://www.fox10phoenix.com/news/israeli-palestinian-2-state-confederation-proposal
20220207,1027050256,20220207,ISRAEL,ISR,WEST BANK,PSE,138,군사력 사용 위협,13,3,-7.0,2,1,2,-1.9180470793374,"Gaza, Israel (general), Israel",IS,https://www.timesofisrael.com/israeli-palestinian-public-figures-propose-two-state-confederation-plan/
20220207,1027050512,20220207,PALESTINE,PSE,ISRAEL,ISR,138,군사력 사용 위협,13,3,-7.0,3,1,3,-1.9180470793374,"Gaza, Israel (general), Israel",IS,https://www.timesofisrael.com/israeli-palestinian-public-figures-propose-two-state-confederation-plan/
20220207,1027053676,20220207,PALESTINIAN,PSE,ISRAEL,ISR,190,재래식 군사력 사용,19,4,-10.0,1,1,1,-3.31125827814569,"Ankara, Ankara, Turkey",TU,http://www.hngn.com/articles/240438/20220207/oil-price-surge-europe-taps-turkey-israel-energy-supplies-due-russia-ukraine-standoff.htm
20220207,1027053677,20220207,PALESTINIAN,PSE,ISRAEL,ISR,190,재래식 군사력 사용,19,4,-10.0,1,1,1,-3.31125827814569,"Jerusalem, Israel (general), Israel",IS,http://www.hngn.com/articles/240438/20220207/oil-price-surge-europe-taps-turkey-israel-energy-supplies-due-russia-ukraine-standoff.htm
20220207,1027053678,20220207,PALESTINIAN,PSE,ISRAELI,ISR,190,재래식 군사력 사용,19,4,-10.0,6,2,6,-5.8408989176719,"Jerusalem, Israel (general), Israel",IS,http://www.hngn.com/articles/240438/20220207/oil-price-surge-europe-taps-turkey-israel-energy-supplies-due-russia-ukraine-standoff.htm
20220207,1027053679,20220207,PALESTINIAN,PSE,ISRAEL,ISR,190,재래식 군사력 사용,19,4,-10.0,2,1,2,-3.31125827814569,"Jerusalem, Israel (general), Israel",IS,http://www.hngn.com/articles/240438/20220207/oil-price-surge-europe-taps-turkey-israel-energy-supplies-due-russia-ukraine-standoff.htm
20220207,1027053758,20220207,SAUDI,SAU,YEMEN,YEM,190,재래식 군사력 사용,19,4,-10.0,8,1,8,-4.39393939393939,Yemen,YM,http://www.mediaforfreedom.com/content/focus-food-security-yemen
20220207,1027058169,20220207,QATAR,QAT,IRANIAN,IRN,190,재래식 군사력 사용,19,4,-10.0,1,1,1,-3.53761833582462,Iran,IR,https://peacenow.org/entry.php?id=39151
20220207,1027058170,20220207,QATAR,QAT,IRANIAN,IRN,190,재래식 군사력 사용,19,4,-10.0,1,1,1,-3.53761833582462,"Doha, Ad Daw?ah, Qatar",QA,https://peacenow.org/entry.php?id=39151
20220207,1027060470,20220207,PALESTINIAN,PSE,ISRAEL,ISR,190,재래식 군사력 사용,19,4,-10.0,2,1,2,-7.105719237435,"New York, United States",US,https://english.ahram.org.eg/NewsContent/4/0/460676/Opinion/A-Turning-Point-in-Criticism-of-Israeli-Human-Righ.aspx
20220207,1027066821,20220207,WEST BANK,PSE,ISRAEL,ISR,163,금수·보이콧·제재 부과,16,4,-8.0,6,3,6,-1.16731738643661,"Ramallah, West Bank (general), West Bank",WE,https://news.yahoo.com/two-potential-successors-palestinian-president-185740566.html
20220207,1027066822,20220207,WEST BANK,PSE,ISRAEL,ISR,163,금수·보이콧·제재 부과,16,4,-8.0,18,3,18,-1.16731738643661,"Jerusalem, Israel (general), Israel",IS,https://news.yahoo.com/two-potential-successors-palestinian-president-185740566.html
20220207,1027068951,20220207,ISRAEL,ISR,PALESTINIAN,PSE,192,영토 점령,19,4,-9.5,3,2,3,-5.80115046927035,"Tantura, H_efa, Israel",IS,https://www.arabnews.com/node/2020091
20220207,1027068952,20220207,ISRAEL,ISR,PALESTINIAN,PSE,192,영토 점령,19,4,-9.5,4,1,4,-6.35785649409627,"Tel Aviv, Tel Aviv, Israel",IS,https://www.arabnews.com/node/2020091
20220207,1027074303,20220207,IRAN,IRN,SAUDI ARABIA,SAU,190,재래식 군사력 사용,19,4,-10.0,2,1,2,-4.00641025641025,"Tehran, Tehran, Iran",IR,https://news.usni.org/2022/02/07/centcom-iran-wants-nuclear-agreement-and-to-retain-ballistic-missile-capability
20220207,1027074304,20220207,IRAN,IRN,SAUDI ARABIA,SAU,190,재래식 군사력 사용,19,4,-10.0,8,1,8,-4.00641025641025,"Arabian Peninsula, Saudi Arabia (general), Saudi Arabia",SA,https://news.usni.org/2022/02/07/centcom-iran-wants-nuclear-agreement-and-to-retain-ballistic-missile-capability
20220207,1027074305,20220207,IRAN,IRN,SAUDI ARABIA,SAU,194,포병·전차를 이용한 전투,19,4,-10.0,2,1,2,-4.00641025641025,"Tehran, Tehran, Iran",IR,https://news.usni.org/2022/02/07/centcom-iran-wants-nuclear-agreement-and-to-retain-ballistic-missile-capability
20220207,1027074306,20220207,IRAN,IRN,SAUDI ARABIA,SAU,194,포병·전차를 이용한 전투,19,4,-10.0,4,1,4,-4.00641025641025,"Arabian Peninsula, Saudi Arabia (general), Saudi Arabia",SA,https://news.usni.org/2022/02/07/centcom-iran-wants-nuclear-agreement-and-to-retain-ballistic-missile-capability
20220207,1027074307,20220207,IRAN,IRN,SAUDI ARABIA,SAU,194,포병·전차를 이용한 전투,19,4,-10.0,4,1,4,-4.00641025641025,"Tehran, Tehran, Iran",IR,https://news.usni.org/2022/02/07/centcom-iran-wants-nuclear-agreement-and-to-retain-ballistic-missile-capability
20220207,1027077551,20220131,ISRAELI,ISR,WEST BANK,PSE,190,재래식 군사력 사용,19,4,-10.0,4,1,4,-7.08898944193062,Israel,IS,https://mondoweiss.net/2022/02/soldiers-who-killed-palestinian-american-get-slap-on-the-wrist-biden-admin-not-satisfied/
20220207,1027077552,20220131,ISRAELI,ISR,WEST BANK,PSE,190,재래식 군사력 사용,19,4,-10.0,6,1,6,-7.08898944193062,Israel,IS,https://mondoweiss.net/2022/02/soldiers-who-killed-palestinian-american-get-slap-on-the-wrist-biden-admin-not-satisfied/
20220207,1027078405,20220207,PALESTINIAN,PSE,ISRAEL,ISR,163,금수·보이콧·제재 부과,16,4,-8.0,6,2,6,-0.8655105732643,United States,US,https://www.algemeiner.com/2022/02/07/two-potential-successors-to-palestinian-president-named-to-top-posts/
20220207,1027080657,20220207,ISRAEL,ISR,MAHMOUD ABBAS,PSE,163,금수·보이콧·제재 부과,16,4,-8.0,4,1,4,-0.79681274900399,Israel,IS,https://www.i24news.tv/en/news/middle-east/palestinian-territories/1644262404-two-potential-successors-to-palestinian-president-named-to-top-posts
20220207,1027080852,20220207,PALESTINIAN,PSE,ISRAEL,ISR,163,금수·보이콧·제재 부과,16,4,-8.0,2,1,2,-3.74531835205992,Israel,IS,https://www.timesofisrael.com/plo-promotes-abbas-loyalists-to-key-posts-at-rare-conference/
20220207,1027090437,20220207,ISRAEL,ISR,PALESTINIAN,PSE,190,재래식 군사력 사용,19,4,-10.0,6,1,6,-5.24444444444444,"Tantura, H_efa, Israel",IS,http://www.jordantimes.com/opinion/ramzy-baroud/tantura-naqab-israels-long-hidden-truths-are-finally-revealed
20220207,1027090438,20220207,ISRAEL,ISR,SYRIA,SYR,190,재래식 군사력 사용,19,4,-10.0,8,1,8,-5.59523809523809,Israel,IS,https://www.dailysignal.com/2022/02/07/threat-assessment-grim-on-weapons-of-mass-destruction/
20220207,1027090439,20220207,ISRAEL,ISR,SYRIA,SYR,190,재래식 군사력 사용,19,4,-10.0,2,1,2,-5.59523809523809,Israel,IS,https://www.dailysignal.com/2022/02/07/threat-assessment-grim-on-weapons-of-mass-destruction/
20220207,1027097974,20220207,PALESTINIAN,PSE,ISRAEL,ISR,163,금수·보이콧·제재 부과,16,4,-8.0,4,1,4,0.94562647754137,"Gaza, Israel (general), Israel",IS,https://www.ynetnews.com/article/hygwfxkyq
20220208,1027102571,20220208,HAMAS,PSE,ISRAELI,ISR,190,재래식 군사력 사용,19,4,-10.0,25,2,25,-5.38679775967912,Israel,IS,https://www.jns.org/family-reunification-bill-passes-its-first-reading-in-israeli-knesset/
20220208,1027105570,20220208,JORDAN,JOR,ISRAEL,ISR,190,재래식 군사력 사용,19,4,-10.0,2,1,2,-4.28769017980636,"Jordan Valley, Israel (general), Israel",IS,https://www.timesofisrael.com/idf-probe-fingers-flawed-culture-at-top-of-elite-egoz-unit-for-friendly-fire-deaths/
20220208,1027107431,20220201,JERUSALEM,ISR,SYRIA,SYR,190,재래식 군사력 사용,19,4,-10.0,8,1,8,-1.08932461873638,Syria,SY,https://www.fox2detroit.com/news/israels-pm-talks-with-biden-about-islamic-state-iran
20220208,1027107432,20220201,JERUSALEM,ISR,SYRIA,SYR,190,재래식 군사력 사용,19,4,-10.0,2,1,2,-1.08932461873638,"Jerusalem, Israel (general), Israel",IS,https://www.fox2detroit.com/news/israels-pm-talks-with-biden-about-islamic-state-iran
20220208,1027107444,20220201,ABDULLAH,SAU,SYRIA,SYR,190,재래식 군사력 사용,19,4,-10.0,5,1,5,-4.16666666666667,"Idlib, Idlib, Syria",SY,https://www.al-monitor.com/originals/2022/02/three-takeaways-us-raid-led-death-iss-hajji-abdullah
20220208,1027109053,20220208,PALESTINIAN,PSE,ISRAEL,ISR,163,금수·보이콧·제재 부과,16,4,-8.0,12,3,12,-1.03205128205128,"Gaza, Israel (general), Israel",IS,https://thewall.fyi/two-potential-successors-to-palestinian-president-named-to-top-posts/
20220208,1027111592,20220208,ISRAEL,ISR,MAHMOUD ABBAS,PSE,163,금수·보이콧·제재 부과,16,4,-8.0,2,1,2,-3.87596899224806,"Jerusalem, Israel (general), Israel",IS,https://www.israelnationalnews.com/news/321907
20220208,1027111913,20220208,PALESTINIAN,PSE,ISRAEL,ISR,163,금수·보이콧·제재 부과,16,4,-8.0,2,1,2,-3.87596899224806,"Jerusalem, Israel (general), Israel",IS,https://www.israelnationalnews.com/news/321907
20220208,1027114148,20220208,ISRAELI,ISR,PALESTINIAN,PSE,163,금수·보이콧·제재 부과,16,4,-8.0,3,1,3,-3.42465753424657,Israel,IS,https://www.nlpc.org/corporate-integrity-project/israel-finally-appears-ready-to-act-against-ben-jerrys-unilever/
20220208,1027114151,20220208,ISRAELI,ISR,PALESTINIAN,PSE,163,금수·보이콧·제재 부과,16,4,-8.0,2,1,2,-3.42465753424657,Israel,IS,https://www.nlpc.org/corporate-integrity-project/israel-finally-appears-ready-to-act-against-ben-jerrys-unilever/
20220208,1027114391,20220208,PALESTINE,PSE,ISRAEL,ISR,138,군사력 사용 위협,13,3,-7.0,4,2,4,-1.59149476396802,West Bank,WE,https://www.theskanner.com/news/world/32664-israeli-and-palestinian-figures-propose-two-state-confederation
20220208,1027116796,20220208,PALESTINE,PSE,ISRAEL,ISR,138,군사력 사용 위협,13,3,-7.0,9,3,9,-2.0827755931345,"Gaza, Israel (general), Israel",IS,https://www.clevelandjewishnews.com/news/world_news/ex-israeli-palestinian-negotiators-propose-confederation/article_4ef3b1a4-21fa-57f6-b241-2ff80c6f5f6d.html
20220208,1027122275,20220208,ISRAEL,ISR,JORDAN,JOR,190,재래식 군사력 사용,19,4,-10.0,4,1,4,-5.175983436853,"Jordan Valley, Israel (general), Israel",IS,https://www.algemeiner.com/2022/02/07/mistake-in-discretion-idf-dismisses-officers-after-probe-into-two-friendly-fire-deaths/
20220208,1027124200,20220208,BAGHDAD,IRQ,DAMASCUS,SYR,190,재래식 군사력 사용,19,4,-10.0,4,1,4,-9.79591836734693,"Damascus, Dimashq, Syria",SY,https://thepeninsulaqatar.com/article/26/09/2012/syrian-rebels-target-security-building
20220208,1027124201,20220208,BAGHDAD,IRQ,DAMASCUS,SYR,190,재래식 군사력 사용,19,4,-10.0,6,1,6,-9.79591836734693,"Damascus, Dimashq, Syria",SY,https://thepeninsulaqatar.com/article/26/09/2012/syrian-rebels-target-security-building
20220208,1027124605,20220208,DAMASCUS,SYR,BAGHDAD,IRQ,190,재래식 군사력 사용,19,4,-10.0,4,1,4,-9.79591836734693,"Damascus, Dimashq, Syria",SY,https://thepeninsulaqatar.com/article/26/09/2012/syrian-rebels-target-security-building
20220208,1027124612,20220208,DAMASCUS,SYR,BAGHDAD,IRQ,190,재래식 군사력 사용,19,4,-10.0,6,1,6,-9.79591836734693,"Damascus, Dimashq, Syria",SY,https://thepeninsulaqatar.com/article/26/09/2012/syrian-rebels-target-security-building
20220208,1027138218,20220208,ISRAEL,ISR,WEST BANK,PSE,192,영토 점령,19,4,-9.5,6,1,6,-2.97699594046008,"Ramallah, West Bank (general), West Bank",WE,https://www.haaretz.com/opinion/.premium-from-tel-aviv-to-munich-israel-s-culture-of-profiling-stays-the-same-1.10598292
20220208,1027138219,20220208,ISRAEL,ISR,WEST BANK,PSE,192,영토 점령,19,4,-9.5,2,1,2,-2.97699594046008,"Ben-Gurion, HaMerkaz, Israel",IS,https://www.haaretz.com/opinion/.premium-from-tel-aviv-to-munich-israel-s-culture-of-profiling-stays-the-same-1.10598292
20220208,1027138220,20220208,ISRAEL,ISR,WEST BANK,PSE,192,영토 점령,19,4,-9.5,2,1,2,-2.97699594046008,"Ben-Gurion, HaMerkaz, Israel",IS,https://www.haaretz.com/opinion/.premium-from-tel-aviv-to-munich-israel-s-culture-of-profiling-stays-the-same-1.10598292
20220208,1027138362,20220208,PALESTINE,PSE,ISRAEL,ISR,138,군사력 사용 위협,13,3,-7.0,2,1,2,-0.99667774086379,"Jerusalem, Israel (general), Israel",IS,https://www.msn.com/en-in/money/markets/two-state-confederation-proposed-in-israel/ar-AATAoch
20220208,1027142858,20220208,ISRAELI,ISR,PALESTINIAN,PSE,190,재래식 군사력 사용,19,4,-10.0,2,1,2,-3.14761215629522,"Anadolu, Turkey (general), Turkey",TU,https://schema-root.org/region/middle_east/palestine/cities_&_towns/jerusalem/mosques/al-aqsa/
20220208,1027142859,20220208,JERUSALEM,ISR,PALESTINIAN,PSE,190,재래식 군사력 사용,19,4,-10.0,23,3,15,-6.61103716613571,"Jerusalem, Israel (general), Israel",IS,https://schema-root.org/region/middle_east/palestine/cities_&_towns/jerusalem/mosques/al-aqsa/
20220208,1027142860,20220208,ISRAELI,ISR,PALESTINIAN,PSE,190,재래식 군사력 사용,19,4,-10.0,2,1,1,-3.14761215629522,"Jerusalem, Israel (general), Israel",IS,https://schema-root.org/region/middle_east/palestine/cities_&_towns/jerusalem/mosques/al-aqsa/
20220208,1027142877,20220208,ISRAELI,ISR,TURKEY,TUR,190,재래식 군사력 사용,19,4,-10.0,4,1,2,-3.14761215629522,"Anadolu, Turkey (general), Turkey",TU,https://schema-root.org/region/middle_east/palestine/cities_&_towns/jerusalem/mosques/al-aqsa/
20220208,1027142878,20220208,ISRAELI,ISR,TURKEY,TUR,190,재래식 군사력 사용,19,4,-10.0,2,1,2,-3.14761215629522,"Anadolu, Turkey (general), Turkey",TU,https://schema-root.org/region/middle_east/palestine/cities_&_towns/jerusalem/mosques/al-aqsa/
20220208,1027142879,20220208,ISRAELI,ISR,TURKEY,TUR,190,재래식 군사력 사용,19,4,-10.0,1,1,1,-3.14761215629522,"Anadolu, Turkey (general), Turkey",TU,https://schema-root.org/region/middle_east/palestine/cities_&_towns/jerusalem/mosques/al-aqsa/
20220208,1027142880,20220208,ISRAELI,ISR,TURKEY,TUR,190,재래식 군사력 사용,19,4,-10.0,1,1,1,-3.14761215629522,"Anadolu, Turkey (general), Turkey",TU,https://schema-root.org/region/middle_east/palestine/cities_&_towns/jerusalem/mosques/al-aqsa/
20220208,1027142881,20220208,ISRAELI,ISR,TURKEY,TUR,190,재래식 군사력 사용,19,4,-10.0,1,1,1,-3.14761215629522,"Jerusalem, Israel (general), Israel",IS,https://schema-root.org/region/middle_east/palestine/cities_&_towns/jerusalem/mosques/al-aqsa/
20220208,1027142882,20220208,ISRAELI,ISR,TURKEY,TUR,190,재래식 군사력 사용,19,4,-10.0,5,1,2,-3.14761215629522,"Anadolu, Turkey (general), Turkey",TU,https://schema-root.org/region/middle_east/palestine/cities_&_towns/jerusalem/mosques/al-aqsa/
20220208,1027142883,20220208,ISRAELI,ISR,TURKEY,TUR,190,재래식 군사력 사용,19,4,-10.0,1,1,1,-3.14761215629522,"Istanbul, Istanbul, Turkey",TU,https://schema-root.org/region/middle_east/palestine/cities_&_towns/jerusalem/mosques/al-aqsa/
20220208,1027142884,20220208,ISRAELI,ISR,TURKEY,TUR,190,재래식 군사력 사용,19,4,-10.0,2,1,1,-3.14761215629522,"Jerusalem, Israel (general), Israel",IS,https://schema-root.org/region/middle_east/palestine/cities_&_towns/jerusalem/mosques/al-aqsa/
20220208,1027142898,20220208,ISRAEL,ISR,TURKEY,TUR,190,재래식 군사력 사용,19,4,-10.0,2,1,1,-3.14761215629522,"Anadolu, Turkey (general), Turkey",TU,https://schema-root.org/region/middle_east/palestine/cities_&_towns/jerusalem/mosques/al-aqsa/
20220208,1027142899,20220208,ISRAEL,ISR,TURKEY,TUR,190,재래식 군사력 사용,19,4,-10.0,1,1,1,-3.14761215629522,"Anadolu, Turkey (general), Turkey",TU,https://schema-root.org/region/middle_east/palestine/cities_&_towns/jerusalem/mosques/al-aqsa/
20220208,1027142900,20220208,ISRAEL,ISR,TURKEY,TUR,190,재래식 군사력 사용,19,4,-10.0,2,1,1,-3.14761215629522,"Anadolu, Turkey (general), Turkey",TU,https://schema-root.org/region/middle_east/palestine/cities_&_towns/jerusalem/mosques/al-aqsa/
20220208,1027142903,20220208,ISRAEL,ISR,TURKEY,TUR,190,재래식 군사력 사용,19,4,-10.0,1,1,1,-3.14761215629522,"Anadolu, Turkey (general), Turkey",TU,https://schema-root.org/region/middle_east/palestine/cities_&_towns/jerusalem/mosques/al-aqsa/
20220208,1027142904,20220208,ISRAEL,ISR,TURKEY,TUR,190,재래식 군사력 사용,19,4,-10.0,2,1,1,-3.14761215629522,"Jerusalem, Israel (general), Israel",IS,https://schema-root.org/region/middle_east/palestine/cities_&_towns/jerusalem/mosques/al-aqsa/
20220208,1027142905,20220208,ISRAEL,ISR,TURKEY,TUR,190,재래식 군사력 사용,19,4,-10.0,2,1,1,-3.14761215629522,"Anadolu, Turkey (general), Turkey",TU,https://schema-root.org/region/middle_east/palestine/cities_&_towns/jerusalem/mosques/al-aqsa/
20220208,1027142906,20220208,ISRAEL,ISR,TURKEY,TUR,190,재래식 군사력 사용,19,4,-10.0,1,1,1,-3.14761215629522,"Jerusalem, Israel (general), Israel",IS,https://schema-root.org/region/middle_east/palestine/cities_&_towns/jerusalem/mosques/al-aqsa/
20220208,1027143140,20220208,PALESTINIAN,PSE,ISRAELI,ISR,190,재래식 군사력 사용,19,4,-10.0,2,1,2,-3.14761215629522,"Anadolu, Turkey (general), Turkey",TU,https://schema-root.org/region/middle_east/palestine/cities_&_towns/jerusalem/mosques/al-aqsa/
20220208,1027143141,20220208,WEST BANK,PSE,ISRAEL,ISR,190,재래식 군사력 사용,19,4,-10.0,8,1,4,-3.14761215629522,"Jerusalem, Israel (general), Israel",IS,https://schema-root.org/region/middle_east/palestine/cities_&_towns/jerusalem/mosques/al-aqsa/
20220208,1027143142,20220208,PALESTINIAN,PSE,ISRAELI,ISR,190,재래식 군사력 사용,19,4,-10.0,26,3,11,-5.49537622197871,"Jerusalem, Israel (general), Israel",IS,https://schema-root.org/region/middle_east/palestine/cities_&_towns/jerusalem/mosques/al-aqsa/
20220208,1027143155,20220208,WEST BANK,PSE,SAUDI,SAU,190,재래식 군사력 사용,19,4,-10.0,1,1,1,-3.14761215629522,"Ramallah, West Bank (general), West Bank",WE,https://schema-root.org/region/middle_east/palestine/cities_&_towns/jerusalem/mosques/al-aqsa/
20220208,1027143158,20220208,WEST BANK,PSE,TURKEY,TUR,190,재래식 군사력 사용,19,4,-10.0,1,1,1,-3.14761215629522,"Anadolu, Turkey (general), Turkey",TU,https://schema-root.org/region/middle_east/palestine/cities_&_towns/jerusalem/mosques/al-aqsa/
20220208,1027143159,20220208,WEST BANK,PSE,TURKEY,TUR,190,재래식 군사력 사용,19,4,-10.0,1,1,1,-3.14761215629522,"Anadolu, Turkey (general), Turkey",TU,https://schema-root.org/region/middle_east/palestine/cities_&_towns/jerusalem/mosques/al-aqsa/
20220208,1027143160,20220208,WEST BANK,PSE,TURKEY,TUR,190,재래식 군사력 사용,19,4,-10.0,1,1,1,-3.14761215629522,"Anadolu, Turkey (general), Turkey",TU,https://schema-root.org/region/middle_east/palestine/cities_&_towns/jerusalem/mosques/al-aqsa/
20220208,1027143161,20220208,WEST BANK,PSE,TURKEY,TUR,190,재래식 군사력 사용,19,4,-10.0,1,1,1,-3.14761215629522,"Istanbul, Istanbul, Turkey",TU,https://schema-root.org/region/middle_east/palestine/cities_&_towns/jerusalem/mosques/al-aqsa/
20220208,1027143164,20220208,PALESTINIAN,PSE,ISRAELI,ISR,190,재래식 군사력 사용,19,4,-10.0,2,1,1,-3.14761215629522,"Jerusalem, Israel (general), Israel",IS,https://schema-root.org/region/middle_east/palestine/cities_&_towns/jerusalem/mosques/al-aqsa/
20220208,1027143292,20220208,TURKEY,TUR,SAUDI,SAU,190,재래식 군사력 사용,19,4,-10.0,1,1,1,-3.14761215629522,"Ramallah, West Bank (general), West Bank",WE,https://schema-root.org/region/middle_east/palestine/cities_&_towns/jerusalem/mosques/al-aqsa/
20220208,1027162075,20220208,PALESTINE,PSE,ISRAEL,ISR,193,소형무기·경무기를 이용한 전투,19,4,-10.0,26,11,26,-9.17184894332378,Israel,IS,https://www.palestineherald.com/news/palestine-police-investigate-saturday-shootings/article_ed674ede-8875-11ec-83b4-f343d6f71df1.html
20220208,1027177743,20220208,CAIRO,EGY,YEMENI,YEM,190,재래식 군사력 사용,19,4,-10.0,34,5,34,-7.78052614079068,"Marib, Ma'rib, Yemen",YM,https://www.sandiegouniontribune.com/news/nation-world/story/2022-02-08/oxfam-says-battle-over-yemeni-city-displaced-100-000-people
20220208,1027178486,20220208,YEMENI,YEM,CAIRO,EGY,190,재래식 군사력 사용,19,4,-10.0,34,5,34,-7.78052614079068,"Marib, Ma'rib, Yemen",YM,https://www.sandiegouniontribune.com/news/nation-world/story/2022-02-08/oxfam-says-battle-over-yemeni-city-displaced-100-000-people
20220208,1027179999,20220208,CAIRO,EGY,YEMENI,YEM,190,재래식 군사력 사용,19,4,-10.0,12,4,12,-7.76487336226286,"Cairo, Al Qahirah, Egypt",EG,https://abcnews.go.com/International/wireStory/oxfam-battle-yemeni-city-displaced-100000-people-82739685
20220208,1027180273,20220208,ISRAEL,ISR,IRAN,IRN,190,재래식 군사력 사용,19,4,-10.0,16,2,16,-2.58510195769168,"Tehran, Tehran, Iran",IR,https://www.newsweek.com/john-bolton-blasts-joe-biden-hollow-iran-threat-nuclear-deal-jcpoa-religious-pursuit-1676785
20220208,1027180274,20220208,ISRAEL,ISR,IRAN,IRN,190,재래식 군사력 사용,19,4,-10.0,4,2,4,-2.58510195769168,Israel,IS,https://www.newsweek.com/john-bolton-blasts-joe-biden-hollow-iran-threat-nuclear-deal-jcpoa-religious-pursuit-1676785
20220208,1027180616,20220208,PALESTINE,PSE,ISRAEL,ISR,138,군사력 사용 위협,13,3,-7.0,3,1,3,-1.47299509001637,"Jerusalem, Israel (general), Israel",IS,https://www.arkansasonline.com/news/2022/feb/08/proposal-calls-for-sovereign-palestine/
20220208,1027180617,20220208,PALESTINIAN,PSE,ISRAEL,ISR,163,금수·보이콧·제재 부과,16,4,-8.0,12,3,12,-1.24621028866312,United States,US,https://www.haaretz.com/middle-east-news/palestinians/two-potential-successors-to-palestinian-president-named-to-top-posts-in-plo-1.10598155
20220208,1027180705,20220208,SYRIA,SYR,TURKISH,TUR,190,재래식 군사력 사용,19,4,-10.0,30,1,30,-4.03551251008878,United States,US,https://strategypage.com/qnd/iraq/articles/20220208.aspx
20220208,1027180908,20220208,YEMENI,YEM,CAIRO,EGY,190,재래식 군사력 사용,19,4,-10.0,12,4,12,-7.76487336226286,"Cairo, Al Qahirah, Egypt",EG,https://abcnews.go.com/International/wireStory/oxfam-battle-yemeni-city-displaced-100000-people-82739685
20220208,1027184365,20220208,ISRAEL,ISR,PALESTINIAN,PSE,190,재래식 군사력 사용,19,4,-10.0,10,2,10,-5.18426962237317,"Tantura, H_efa, Israel",IS,https://www.middleeastmonitor.com/20220208-from-tantura-to-the-naqab-israels-roll-call-of-shame-is-being-exposed/
20220208,1027186696,20220208,SYRIA,SYR,TURKISH,TUR,190,재래식 군사력 사용,19,4,-10.0,36,9,36,-2.80824923211935,"Ankara, Ankara, Turkey",TU,http://www.chinaview.cn/europe/20220208/e77b6b83cedc4af5b80d350951923e1d/c.html
20220208,1027186920,20220208,YEMENI,YEM,IRAN,IRN,190,재래식 군사력 사용,19,4,-10.0,4,1,4,-8.8688946015424,Iran,IR,https://www.msn.com/en-us/news/world/dozens-killed-as-fighting-rages-around-yemen-city/ar-AATBfiC
20220208,1027186921,20220208,YEMENI,YEM,IRAN,IRN,190,재래식 군사력 사용,19,4,-10.0,8,1,8,-8.8688946015424,"Sanaa, Sana', Yemen",YM,https://www.msn.com/en-us/news/world/dozens-killed-as-fighting-rages-around-yemen-city/ar-AATBfiC
20220208,1027186922,20220208,YEMENI,YEM,IRAN,IRN,190,재래식 군사력 사용,19,4,-10.0,12,1,12,-8.8688946015424,"Haradh, ?ajjah, Yemen",YM,https://www.msn.com/en-us/news/world/dozens-killed-as-fighting-rages-around-yemen-city/ar-AATBfiC
20220208,1027186923,20220208,YEMEN,YEM,IRAN,IRN,190,재래식 군사력 사용,19,4,-10.0,4,1,4,-8.8688946015424,Iran,IR,https://www.msn.com/en-us/news/world/dozens-killed-as-fighting-rages-around-yemen-city/ar-AATBfiC
20220208,1027186924,20220208,YEMENI,YEM,IRAN,IRN,190,재래식 군사력 사용,19,4,-10.0,12,1,12,-8.8688946015424,"Sanaa, Sana', Yemen",YM,https://www.msn.com/en-us/news/world/dozens-killed-as-fighting-rages-around-yemen-city/ar-AATBfiC
20220208,1027188569,20220208,ISRAELI,ISR,WEST BANK,PSE,190,재래식 군사력 사용,19,4,-10.0,8,2,8,-8.34274967105596,"Jerusalem, Israel (general), Israel",IS,https://www.gatestoneinstitute.org/18200/palestinians-human-rights-violations
20220208,1027188572,20220208,ISRAEL,ISR,WEST BANK,PSE,190,재래식 군사력 사용,19,4,-10.0,4,1,4,-7.26991492652746,"Jerusalem, Israel (general), Israel",IS,https://www.gatestoneinstitute.org/18200/palestinians-human-rights-violations
20220208,1027188823,20220208,WEST BANK,PSE,ISRAEL,ISR,190,재래식 군사력 사용,19,4,-10.0,2,1,2,-7.26991492652746,"Jerusalem, Israel (general), Israel",IS,https://www.gatestoneinstitute.org/18200/palestinians-human-rights-violations
20220208,1027188828,20220208,WEST BANK,PSE,ISRAEL,ISR,190,재래식 군사력 사용,19,4,-10.0,4,1,4,-7.26991492652746,"Jerusalem, Israel (general), Israel",IS,https://www.gatestoneinstitute.org/18200/palestinians-human-rights-violations
20220208,1027191090,20220208,TURKEY,TUR,IRAQ,IRQ,190,재래식 군사력 사용,19,4,-10.0,2,1,2,-2.76679841897234,"Bashiqa, NinawáZ, Iraq",IZ,https://www.al-monitor.com/originals/2022/02/iran-emerges-catalyst-closer-ties-turkey-uae-israel-triangle
20220208,1027191091,20220208,TURKISH,TUR,MOSUL,IRQ,190,재래식 군사력 사용,19,4,-10.0,4,1,4,-2.76679841897234,"Bashiqa, NinawáZ, Iraq",IZ,https://www.al-monitor.com/originals/2022/02/iran-emerges-catalyst-closer-ties-turkey-uae-israel-triangle
20220208,1027191092,20220208,TURKEY,TUR,IRAQ,IRQ,190,재래식 군사력 사용,19,4,-10.0,2,1,2,-2.76679841897234,"Ankara, Ankara, Turkey",TU,https://www.al-monitor.com/originals/2022/02/iran-emerges-catalyst-closer-ties-turkey-uae-israel-triangle
20220208,1027191093,20220208,TURKISH,TUR,MOSUL,IRQ,190,재래식 군사력 사용,19,4,-10.0,1,1,1,-2.76679841897234,"Bashiqa, NinawáZ, Iraq",IZ,https://www.al-monitor.com/originals/2022/02/iran-emerges-catalyst-closer-ties-turkey-uae-israel-triangle
20220208,1027196036,20220208,ISRAEL,ISR,PALESTINIAN,PSE,190,재래식 군사력 사용,19,4,-10.0,8,4,8,-6.84953574949326,"Jerusalem, Israel (general), Israel",IS,https://www.fxempire.com/news/article/israeli-forces-kill-three-palestinian-gunmen-israeli-security-service-says-891498
20220208,1027196037,20220208,ISRAELI,ISR,PALESTINIAN,PSE,190,재래식 군사력 사용,19,4,-10.0,6,3,6,-7.10984713828652,"Jerusalem, Israel (general), Israel",IS,https://www.fxempire.com/news/article/israeli-forces-kill-three-palestinian-gunmen-israeli-security-service-says-891498
20220208,1027196039,20220208,ISRAEL,ISR,PALESTINIAN,PSE,190,재래식 군사력 사용,19,4,-10.0,24,3,24,-7.10984713828652,"Jerusalem, Israel (general), Israel",IS,https://www.fxempire.com/news/article/israeli-forces-kill-three-palestinian-gunmen-israeli-security-service-says-891498
20220208,1027196433,20220208,SYRIAN,SYR,IRANIAN,IRN,138,군사력 사용 위협,13,3,-7.0,2,1,2,-6.47948164146868,Iran,IR,https://www.refworld.org/docid/6202537c4.html
20220208,1027197287,20220208,IRAN,IRN,IRAQ,IRQ,190,재래식 군사력 사용,19,4,-10.0,8,1,8,-5.57184750733138,Russia,RS,https://english.newsnationtv.com/auto/cars/jeeps-7-seater-meridian-will-be-introduced-soon-in-the-year-2022-will-give-strong-features-249244.html
20220208,1027197288,20220208,IRAN,IRN,IRAQ,IRQ,190,재래식 군사력 사용,19,4,-10.0,2,1,2,-5.57184750733138,Syria,SY,https://english.newsnationtv.com/auto/cars/jeeps-7-seater-meridian-will-be-introduced-soon-in-the-year-2022-will-give-strong-features-249244.html
20220208,1027197300,20220208,ISRAEL,ISR,WEST BANK,PSE,190,재래식 군사력 사용,19,4,-10.0,2,1,2,-12.6213592233009,"Nablus, West Bank (general), West Bank",WE,https://www.gulftoday.ae/news/2022/02/08/israel-troops-kill-three-palestinians-in-west-bank-clashes
20220208,1027197301,20220208,ISRAEL,ISR,WEST BANK,PSE,190,재래식 군사력 사용,19,4,-10.0,9,2,9,-8.48459265512871,Israel,IS,https://www.gulftoday.ae/news/2022/02/08/israel-troops-kill-three-palestinians-in-west-bank-clashes
20220208,1027197302,20220208,ISRAEL,ISR,PALESTINIAN,PSE,193,소형무기·경무기를 이용한 전투,19,4,-10.0,17,3,17,-6.34477216589402,Israel,IS,https://www.gulftoday.ae/news/2022/02/08/israel-troops-kill-three-palestinians-in-west-bank-clashes
20220208,1027199384,20220208,ISRAEL,ISR,WEST BANK,PSE,190,재래식 군사력 사용,19,4,-10.0,9,3,8,-8.26189567048894,"Nablus, West Bank (general), West Bank",WE,https://www.timesofisrael.com/liveblog-february-8-2022/
20220208,1027199385,20220208,ISRAELI,ISR,PALESTINIAN,PSE,190,재래식 군사력 사용,19,4,-10.0,112,8,106,-6.28018652076866,Israel,IS,https://www.timesofisrael.com/liveblog_entry/report-indicates-the-3-palestinians-were-part-of-al-aqsa-martyrs-brigades/
20220208,1027199386,20220208,ISRAEL,ISR,PALESTINIAN,PSE,193,소형무기·경무기를 이용한 전투,19,4,-10.0,3,1,3,-6.50485436893204,"Nablus, West Bank (general), West Bank",WE,https://www.timesofisrael.com/liveblog-february-8-2022/
20220208,1027199387,20220208,ISRAEL,ISR,PALESTINIAN,PSE,193,소형무기·경무기를 이용한 전투,19,4,-10.0,11,3,11,-8.26189567048894,"Jerusalem, Israel (general), Israel",IS,https://www.timesofisrael.com/liveblog-february-8-2022/
20220208,1027199688,20220208,WEST BANK,PSE,ISRAEL,ISR,190,재래식 군사력 사용,19,4,-10.0,4,1,4,-6.50485436893204,"Nablus, West Bank (general), West Bank",WE,https://www.timesofisrael.com/liveblog-february-8-2022/
20220208,1027199689,20220208,WEST BANK,PSE,ISRAEL,ISR,193,소형무기·경무기를 이용한 전투,19,4,-10.0,4,1,4,-6.50485436893204,"Nablus, West Bank (general), West Bank",WE,https://www.timesofisrael.com/liveblog-february-8-2022/
20220208,1027202670,20220208,ISRAEL,ISR,PALESTINIAN,PSE,190,재래식 군사력 사용,19,4,-10.0,12,1,12,-1.49087257149968,West Bank,WE,https://news.yahoo.com/israel-troops-kill-three-palestinians-114602661.html
20220208,1027202671,20220208,JERUSALEM,ISR,WEST BANK,PSE,193,소형무기·경무기를 이용한 전투,19,4,-10.0,1,1,1,-8.86524822695034,"Nablus, West Bank (general), West Bank",WE,https://abcnews.go.com/International/wireStory/israel-killed-suspected-militants-west-bank-82740816
20220208,1027202686,20220208,ISRAEL,ISR,PALESTINIAN,PSE,190,재래식 군사력 사용,19,4,-10.0,1,1,1,-4.54545454545455,Israel,IS,https://www.presstv.ir/Detail/2022/02/08/676418/Israel-killing-Palestinians-Nablus-West-Bank
20220208,1027202687,20220208,ISRAELI,ISR,PALESTINIAN,PSE,190,재래식 군사력 사용,19,4,-10.0,7,1,7,-4.54545454545455,Israel,IS,https://www.presstv.ir/Detail/2022/02/08/676418/Israel-killing-Palestinians-Nablus-West-Bank
20220208,1027204259,20220208,SYRIAN,SYR,ISTANBUL,TUR,190,재래식 군사력 사용,19,4,-10.0,4,1,4,-7.80856423173803,"Istanbul, Istanbul, Turkey",TU,https://www.al-monitor.com/originals/2022/02/turkey-forcibly-deports-dozens-syrians
20220208,1027204260,20220208,SYRIA,SYR,TURKISH,TUR,190,재래식 군사력 사용,19,4,-10.0,1,1,1,-7.80856423173803,"Azaz, ?alab, Syria",SY,https://www.al-monitor.com/originals/2022/02/turkey-forcibly-deports-dozens-syrians
20220208,1027204277,20220208,ISTANBUL,TUR,SYRIAN,SYR,190,재래식 군사력 사용,19,4,-10.0,4,1,4,-7.80856423173803,"Istanbul, Istanbul, Turkey",TU,https://www.al-monitor.com/originals/2022/02/turkey-forcibly-deports-dozens-syrians
20220208,1027204278,20220208,TURKISH,TUR,SYRIA,SYR,190,재래식 군사력 사용,19,4,-10.0,1,1,1,-7.80856423173803,"Azaz, ?alab, Syria",SY,https://www.al-monitor.com/originals/2022/02/turkey-forcibly-deports-dozens-syrians
20220208,1027207209,20220208,ISRAEL,ISR,PALESTINIAN,PSE,190,재래식 군사력 사용,19,4,-10.0,47,8,47,-7.04498800362516,"Nablus, West Bank (general), West Bank",WE,https://www.haaretz.com/israel-news/.premium-israel-says-three-palestinians-killed-in-nablus-accusing-them-of-recent-attacks-1.10599580
20220208,1027207211,20220208,ISRAEL,ISR,PALESTINIAN,PSE,190,재래식 군사력 사용,19,4,-10.0,2,1,2,-7.9002079002079,Israel,IS,https://www.haaretz.com/israel-news/.premium-israel-says-three-palestinians-killed-in-nablus-accusing-them-of-recent-attacks-1.10599580
20220208,1027207532,20220208,WEST BANK,PSE,ISRAEL,ISR,193,소형무기·경무기를 이용한 전투,19,4,-10.0,6,1,6,-7.9002079002079,"Nablus, West Bank (general), West Bank",WE,https://www.haaretz.com/israel-news/.premium-israel-says-three-palestinians-killed-in-nablus-accusing-them-of-recent-attacks-1.10599580
20220208,1027208597,20220208,ISRAEL,ISR,PALESTINIAN,PSE,190,재래식 군사력 사용,19,4,-10.0,2,1,2,-7.2463768115942,"Nablus, West Bank (general), West Bank",WE,https://www.ynetnews.com/article/hkxw6cy15
20220208,1027208598,20220208,ISRAELI,ISR,PALESTINIAN,PSE,190,재래식 군사력 사용,19,4,-10.0,2,1,2,-7.2463768115942,"Nablus, West Bank (general), West Bank",WE,https://www.ynetnews.com/article/hkxw6cy15
20220208,1027211145,20220208,TURKEY,TUR,SYRIA,SYR,190,재래식 군사력 사용,19,4,-10.0,10,1,10,-6.56934306569343,"Abu Rasin, Dayr az Zawr, Syria",SY,https://www.plenglish.com/news/2022/02/08/turkey-continues-launching-attacks-in-northern-syria/
20220208,1027214048,20220208,IRAN,IRN,SAUDI ARABIA,SAU,190,재래식 군사력 사용,19,4,-10.0,10,5,10,-2.80947743576932,"Sanaa, Sana', Yemen",YM,http://www.chinaview.cn/20220208/697bf3fecdd44406854f3d86efa3157e/c.html
20220208,1027216740,20220208,ISRAELI,ISR,PALESTINIAN,PSE,190,재래식 군사력 사용,19,4,-10.0,21,3,21,-7.67591590101776,Israel,IS,https://www.timesofisrael.com/soldiers-kill-3-palestinian-terror-suspects-in-west-bank-operation/
20220208,1027217008,20220208,PALESTINIAN,PSE,ISRAELI,ISR,193,소형무기·경무기를 이용한 전투,19,4,-10.0,1,1,1,-7.84982935153583,Israel,IS,https://www.timesofisrael.com/soldiers-kill-3-palestinian-terror-suspects-in-west-bank-operation/
20220208,1027219122,20220208,ISRAELI,ISR,PALESTINIAN,PSE,190,재래식 군사력 사용,19,4,-10.0,29,6,29,-7.74291298772815,"Gaza, Israel (general), Israel",IS,http://www.msn.com/en-us/news/world/palestinian-militants-killed-in-israeli-ambush/ar-AATC75Q
20220208,1027219123,20220208,ISRAELI,ISR,WEST BANK,PSE,193,소형무기·경무기를 이용한 전투,19,4,-10.0,1,1,1,-7.17948717948718,Israel,IS,https://www.msn.com/en-ae/news/middleeast/israeli-forces-kill-three-palestinian-militants-in-west-bank/ar-AATBXoj
20220208,1027219124,20220208,ISRAELI,ISR,PALESTINIAN,PSE,193,소형무기·경무기를 이용한 전투,19,4,-10.0,22,2,22,-8.37359411932778,"Gaza, Israel (general), Israel",IS,http://www.msn.com/en-us/news/world/palestinian-militants-killed-in-israeli-ambush/ar-AATC75Q
20220208,1027219125,20220208,ISRAELI,ISR,GAZA,PSE,194,포병·전차를 이용한 전투,19,4,-10.0,1,1,1,-14.6464646464646,"Gaza, Israel (general), Israel",IS,https://guardian.ng/news/israeli-woman-wounded-in-gaza-conflict-dies/
20220208,1027219126,20220208,ISRAEL,ISR,HAMAS,PSE,194,포병·전차를 이용한 전투,19,4,-10.0,2,1,2,-14.6464646464646,"Gaza, Israel (general), Israel",IS,https://guardian.ng/news/israeli-woman-wounded-in-gaza-conflict-dies/
20220208,1027219127,20220208,ISRAELI,ISR,PALESTINIAN,PSE,190,재래식 군사력 사용,19,4,-10.0,2,1,2,-7.17948717948718,Israel,IS,https://www.msn.com/en-ae/news/middleeast/israeli-forces-kill-three-palestinian-militants-in-west-bank/ar-AATBXoj
20220208,1027219128,20220208,ISRAELI,ISR,PALESTINIAN,PSE,190,재래식 군사력 사용,19,4,-10.0,7,3,6,-8.12230085265373,"Gaza, Israel (general), Israel",IS,http://www.msn.com/en-us/news/world/palestinian-militants-killed-in-israeli-ambush/ar-AATC75Q
20220208,1027219317,20220208,WEST BANK,PSE,ISRAELI,ISR,190,재래식 군사력 사용,19,4,-10.0,12,2,12,-8.37359411932778,"Gaza, Israel (general), Israel",IS,http://www.msn.com/en-us/news/world/palestinian-militants-killed-in-israeli-ambush/ar-AATC75Q
20220208,1027219318,20220208,PALESTINIAN,PSE,ISRAEL,ISR,190,재래식 군사력 사용,19,4,-10.0,6,2,6,-5.76365663322185,Israel,IS,https://www.msn.com/en-ae/news/middleeast/israeli-forces-kill-three-palestinian-militants-in-west-bank/ar-AATBXoj
20220208,1027219319,20220208,PALESTINIAN,PSE,ISRAELI,ISR,190,재래식 군사력 사용,19,4,-10.0,1,1,1,-7.17948717948718,"Nablus, West Bank (general), West Bank",WE,https://www.msn.com/en-ae/news/middleeast/israeli-forces-kill-three-palestinian-militants-in-west-bank/ar-AATBXoj
20220208,1027219320,20220208,WEST BANK,PSE,ISRAELI,ISR,193,소형무기·경무기를 이용한 전투,19,4,-10.0,8,1,8,-7.98722044728435,"Nablus, West Bank (general), West Bank",WE,http://www.msn.com/en-us/news/world/palestinian-militants-killed-in-israeli-ambush/ar-AATC75Q
20220208,1027219321,20220208,WEST BANK,PSE,ISRAEL,ISR,190,재래식 군사력 사용,19,4,-10.0,12,2,12,-8.37359411932778,"Gaza, Israel (general), Israel",IS,http://www.msn.com/en-us/news/world/palestinian-militants-killed-in-israeli-ambush/ar-AATC75Q
20220208,1027219322,20220208,WEST BANK,PSE,ISRAEL,ISR,193,소형무기·경무기를 이용한 전투,19,4,-10.0,4,1,4,-7.98722044728435,"Nablus, West Bank (general), West Bank",WE,http://www.msn.com/en-us/news/world/palestinian-militants-killed-in-israeli-ambush/ar-AATC75Q
20220208,1027219323,20220208,WEST BANK,PSE,ISRAEL,ISR,193,소형무기·경무기를 이용한 전투,19,4,-10.0,4,1,4,-7.98722044728435,"Gaza, Israel (general), Israel",IS,http://www.msn.com/en-us/news/world/palestinian-militants-killed-in-israeli-ambush/ar-AATC75Q
20220208,1027223636,20220208,ISRAELI,ISR,PALESTINIAN,PSE,190,재래식 군사력 사용,19,4,-10.0,2,1,2,-1.51975683890578,West Bank,WE,https://www.yahoo.com/entertainment/israeli-forces-kill-three-palestinian-115644390.html
20220208,1027223638,20220208,ISRAELI,ISR,PALESTINIAN,PSE,190,재래식 군사력 사용,19,4,-10.0,8,1,8,-6.06860158311346,"Jerusalem, Israel (general), Israel",IS,https://www.msn.com/en-xl/news/other/israel-says-three-armed-palestinians-killed-in-nablus-area/ar-AATCelu
20220208,1027223639,20220208,ISRAELI,ISR,PALESTINIAN,PSE,190,재래식 군사력 사용,19,4,-10.0,4,2,4,-7.28321896444167,Israel,IS,https://www.algemeiner.com/2022/02/08/west-bank-israeli-forces-kill-three-palestinian-militants/
20220208,1027223947,20220208,PALESTINIAN,PSE,ISRAELI,ISR,190,재래식 군사력 사용,19,4,-10.0,24,1,6,-6.06860158311346,"Jerusalem, Israel (general), Israel",IS,https://www.msn.com/en-xl/news/other/israel-says-three-armed-palestinians-killed-in-nablus-area/ar-AATCelu
20220208,1027223951,20220208,HAMAS,PSE,ISRAELI,ISR,190,재래식 군사력 사용,19,4,-10.0,5,1,5,-3.15457413249212,"Jerusalem, Israel (general), Israel",IS,https://www.algemeiner.com/2022/02/08/family-reunification-bill-for-palestinian-spouses-passes-first-reading-in-knesset/
20220208,1027223952,20220208,PALESTINIAN,PSE,ISRAELI,ISR,193,소형무기·경무기를 이용한 전투,19,4,-10.0,2,2,2,-7.28321896444167,Israel,IS,https://www.algemeiner.com/2022/02/08/west-bank-israeli-forces-kill-three-palestinian-militants/
20220208,1027226142,20220208,ISRAEL,ISR,EGYPTIAN,EGY,190,재래식 군사력 사용,19,4,-10.0,2,1,2,-5.10204081632654,"Jordan Valley, Israel (general), Israel",IS,https://www.i24news.tv/en/news/israel/defense/1644316643-israeli-army-blames-flawed-culture-over-friendly-fire-deaths
20220208,1027226143,20220208,ISRAELI,ISR,EGYPTIAN,EGY,190,재래식 군사력 사용,19,4,-10.0,8,1,8,-5.10204081632654,Egypt,EG,https://www.i24news.tv/en/news/israel/defense/1644316643-israeli-army-blames-flawed-culture-over-friendly-fire-deaths
20220208,1027226150,20220208,ISRAEL,ISR,PALESTINIAN,PSE,190,재래식 군사력 사용,19,4,-10.0,2,1,2,-9.41558441558445,"Beita, West Bank (general), West Bank",WE,https://www.aljazeera.com/news/2022/2/8/israel-troops-kill-three-palestinians-in-occupied-west-bank
20220208,1027226151,20220208,ISRAEL,ISR,PALESTINIAN,PSE,190,재래식 군사력 사용,19,4,-10.0,2,1,2,-9.41558441558445,"Jerusalem, Israel (general), Israel",IS,https://www.aljazeera.com/news/2022/2/8/israel-troops-kill-three-palestinians-in-occupied-west-bank
20220208,1027226160,20220208,ISRAEL,ISR,PALESTINIAN,PSE,193,소형무기·경무기를 이용한 전투,19,4,-10.0,12,2,12,-8.53990899611339,"Jerusalem, Israel (general), Israel",IS,https://www.aljazeera.com/news/2022/2/8/israel-troops-kill-three-palestinians-in-occupied-west-bank
20220208,1027228339,20220208,ISRAELI,ISR,PALESTINE,PSE,190,재래식 군사력 사용,19,4,-10.0,2,1,2,-4.50097847358121,"Tantura, H_efa, Israel",IS,https://mondoweiss.net/2022/02/paralyzed-by-tantura-revived-by-amnesty/
20220208,1027228630,20220208,PALESTINE,PSE,ISRAELI,ISR,190,재래식 군사력 사용,19,4,-10.0,4,1,4,-4.50097847358121,"Tantura, H_efa, Israel",IS,https://mondoweiss.net/2022/02/paralyzed-by-tantura-revived-by-amnesty/
20220208,1027228632,20220208,PALESTINE,PSE,ISRAELI,ISR,190,재래식 군사력 사용,19,4,-10.0,2,1,2,-4.50097847358121,"Tantura, H_efa, Israel",IS,https://mondoweiss.net/2022/02/paralyzed-by-tantura-revived-by-amnesty/
20220208,1027230902,20220208,ISRAELI,ISR,PALESTINIAN,PSE,193,소형무기·경무기를 이용한 전투,19,4,-10.0,24,10,24,-9.49333555011444,Israel,IS,http://www.xinhuanet.com/english/20220208/dd9373b139d0451f9e1b41e5b028bfe4/c.html
20220208,1027235723,20220208,ISRAEL,ISR,SYRIA,SYR,190,재래식 군사력 사용,19,4,-10.0,10,2,10,-5.20407534350323,Israel,IS,https://www.heritage.org/defense/commentary/threat-assessment-grim-weapons-mass-destruction
20220208,1027235724,20220208,ISRAELI,ISR,DAMASCUS,SYR,190,재래식 군사력 사용,19,4,-10.0,2,1,2,-4.92390331244404,"Moscow, Moskva, Russia",RS,https://blogs.timesofisrael.com/russia-ukraine-crisis-affects-israel/
20220208,1027236139,20220208,SAUDI ARABIA,SAU,YEMEN,YEM,190,재래식 군사력 사용,19,4,-10.0,10,5,10,-6.18582897487413,"Sanaa, Sana', Yemen",YM,http://www.xinhuanet.com/english/20220208/8b1d92145cf24803a2139e84e612d353/c.html
20220208,1027236140,20220208,SAUDI ARABIA,SAU,YEMEN,YEM,190,재래식 군사력 사용,19,4,-10.0,10,5,10,-6.18582897487413,"Sanaa, Sana', Yemen",YM,http://www.xinhuanet.com/english/20220208/8b1d92145cf24803a2139e84e612d353/c.html
20220208,1027236470,20220208,YEMEN,YEM,SAUDI ARABIA,SAU,190,재래식 군사력 사용,19,4,-10.0,20,5,20,-6.18582897487413,"Haradh, ?ajjah, Yemen",YM,http://www.xinhuanet.com/english/20220208/8b1d92145cf24803a2139e84e612d353/c.html
20220208,1027240624,20220208,TEHRAN,IRN,PALESTINIAN,PSE,193,소형무기·경무기를 이용한 전투,19,4,-10.0,30,3,30,-9.03225806451613,"Nablus, West Bank (general), West Bank",WE,https://www.iranherald.com/news/272277682/israeli-forces-kill-three-palestinians-in-nablus
20220208,1027240651,20220208,ISRAELI,ISR,PALESTINIAN,PSE,190,재래식 군사력 사용,19,4,-10.0,30,3,24,-9.03225806451613,"Gaza, Israel (general), Israel",IS,https://www.iranherald.com/news/272277682/israeli-forces-kill-three-palestinians-in-nablus
20220208,1027240652,20220208,ISRAEL,ISR,PALESTINIAN,PSE,190,재래식 군사력 사용,19,4,-10.0,6,3,6,-9.03225806451613,"Gaza, Israel (general), Israel",IS,https://www.iranherald.com/news/272277682/israeli-forces-kill-three-palestinians-in-nablus
20220208,1027240653,20220208,ISRAELI,ISR,PALESTINIAN,PSE,193,소형무기·경무기를 이용한 전투,19,4,-10.0,6,3,6,-9.03225806451613,"Gaza, Israel (general), Israel",IS,https://www.iranherald.com/news/272277682/israeli-forces-kill-three-palestinians-in-nablus
20220208,1027248913,20220208,SYRIA,SYR,EGYPT,EGY,190,재래식 군사력 사용,19,4,-10.0,2,1,2,-4.54976303317535,Egypt,EG,https://www.cjonline.com/story/news/2022/02/07/allison-fluke-ekren-isis-not-first-former-topekan-go-against-us-ana-montes-cuba-john-booker/6657247001/
20220208,1027248914,20220208,SYRIA,SYR,EGYPT,EGY,190,재래식 군사력 사용,19,4,-10.0,2,1,2,-4.54976303317535,Egypt,EG,https://www.cjonline.com/story/news/2022/02/07/allison-fluke-ekren-isis-not-first-former-topekan-go-against-us-ana-montes-cuba-john-booker/6657247001/
20220208,1027252986,20220208,IRAN,IRN,ISRAEL,ISR,195,공중무기 사용,19,4,-10.0,10,1,10,-7.56302521008403,Iran,IR,https://www.darkreading.com/attacks-breaches/cyber-terrorism-is-a-growing-threat-governments-must-take-action
20220208,1027261803,20220208,TEHRAN,IRN,IRAQ,IRQ,190,재래식 군사력 사용,19,4,-10.0,8,1,8,-1.58102766798419,Iraq,IZ,https://www.stripes.com/theaters/us/2022-02-08/senate-centcom-general-kurilla-army-afghanistan-iran-isis-4841105.html
20220208,1027261804,20220208,TEHRAN,IRN,IRAQ,IRQ,190,재래식 군사력 사용,19,4,-10.0,2,1,2,-1.58102766798419,China,CH,https://www.stripes.com/theaters/us/2022-02-08/senate-centcom-general-kurilla-army-afghanistan-iran-isis-4841105.html
20220208,1027261805,20220208,IRAN,IRN,SYRIA,SYR,190,재래식 군사력 사용,19,4,-10.0,2,1,2,-1.58102766798419,Iraq,IZ,https://www.stripes.com/theaters/us/2022-02-08/senate-centcom-general-kurilla-army-afghanistan-iran-isis-4841105.html
20220208,1027261806,20220208,TEHRAN,IRN,SYRIA,SYR,190,재래식 군사력 사용,19,4,-10.0,6,1,6,-1.58102766798419,Iraq,IZ,https://www.stripes.com/theaters/us/2022-02-08/senate-centcom-general-kurilla-army-afghanistan-iran-isis-4841105.html
20220208,1027261807,20220208,TEHRAN,IRN,SYRIA,SYR,190,재래식 군사력 사용,19,4,-10.0,2,1,2,-1.58102766798419,China,CH,https://www.stripes.com/theaters/us/2022-02-08/senate-centcom-general-kurilla-army-afghanistan-iran-isis-4841105.html
20220208,1027261820,20220208,ISRAELI,ISR,PALESTINIAN,PSE,193,소형무기·경무기를 이용한 전투,19,4,-10.0,6,3,6,-7.14285714285714,Israel,IS,https://ktvz.com/news/national-world/cnn-europe-mideast-africa/2022/02/08/three-palestinian-militants-killed-in-nablus-in-israeli-counter-terror-operation/
20220208,1027261829,20220208,ISRAEL,ISR,WEST BANK,PSE,190,재래식 군사력 사용,19,4,-10.0,6,3,6,-7.14285714285714,Israel,IS,https://ktvz.com/news/national-world/cnn-europe-mideast-africa/2022/02/08/three-palestinian-militants-killed-in-nablus-in-israeli-counter-terror-operation/
20220208,1027262144,20220208,WEST BANK,PSE,ISRAEL,ISR,190,재래식 군사력 사용,19,4,-10.0,12,3,12,-7.14285714285714,Israel,IS,https://ktvz.com/news/national-world/cnn-europe-mideast-africa/2022/02/08/three-palestinian-militants-killed-in-nablus-in-israeli-counter-terror-operation/
20220208,1027264291,20220208,SAUDI ARABIA,SAU,ISRAEL,ISR,190,재래식 군사력 사용,19,4,-10.0,2,1,2,0.15360983102918,"Riyadh, Ar Riya?, Saudi Arabia",SA,https://thedispatch.com/p/could-saudi-arabia-help-save-bidens
20220208,1027264292,20220208,SAUDI ARABIA,SAU,ISRAEL,ISR,190,재래식 군사력 사용,19,4,-10.0,2,1,2,0.15360983102918,Israel,IS,https://thedispatch.com/p/could-saudi-arabia-help-save-bidens
20220208,1027265918,20220208,ISRAELI,ISR,PALESTINIAN,PSE,193,소형무기·경무기를 이용한 전투,19,4,-10.0,8,2,8,-7.9816561123348,Israel,IS,https://www.timesofisrael.com/vowing-revenge-thousands-attend-funeral-of-terror-suspects-killed-by-israeli-forces/
20220208,1027265924,20220208,ISRAEL,ISR,WEST BANK,PSE,190,재래식 군사력 사용,19,4,-10.0,2,1,2,-7.66423357664234,"Jerusalem, Israel (general), Israel",IS,https://www.cnn.com/2022/02/08/middleeast/palestinian-militants-nablus-israel-intl/
20220208,1027266139,20220208,WEST BANK,PSE,ISRAEL,ISR,190,재래식 군사력 사용,19,4,-10.0,4,1,4,-7.66423357664234,"Jerusalem, Israel (general), Israel",IS,https://www.cnn.com/2022/02/08/middleeast/palestinian-militants-nablus-israel-intl/
20220208,1027267806,20220208,ISRAEL,ISR,GAZA,PSE,193,소형무기·경무기를 이용한 전투,19,4,-10.0,6,1,6,-5.54216867469879,"Gaza, Israel (general), Israel",IS,https://www.israelnationalnews.com/news/321966
20220208,1027267808,20220208,ISRAEL,ISR,HAMAS,PSE,194,포병·전차를 이용한 전투,19,4,-10.0,2,1,2,-5.54216867469879,"Gaza, Israel (general), Israel",IS,https://www.israelnationalnews.com/news/321966
20220208,1027271770,20220208,ISRAEL,ISR,PALESTINIAN,PSE,190,재래식 군사력 사용,19,4,-10.0,4,1,4,-10.5726872246696,Israel,IS,https://www.i24news.tv/en/news/middle-east/palestinian-territories/1644347949-thousands-attend-funeral-of-terror-suspects-killed-in-raid
20220208,1027271771,20220208,ISRAELI,ISR,PALESTINIAN,PSE,193,소형무기·경무기를 이용한 전투,19,4,-10.0,4,1,4,-10.5726872246696,Israel,IS,https://www.i24news.tv/en/news/middle-east/palestinian-territories/1644347949-thousands-attend-funeral-of-terror-suspects-killed-in-raid
20220208,1027273792,20220208,IRAQ,IRQ,SAUDI ARABIA,SAU,190,재래식 군사력 사용,19,4,-10.0,21,20,21,-2.83639024435288,"Tehran, Tehran, Iran",IR,https://infotel.ca/newsitem/us-united-states-middle-east/cp1289510008
20220208,1027273793,20220208,IRAQ,IRQ,SAUDI ARABIA,SAU,190,재래식 군사력 사용,19,4,-10.0,43,21,43,-2.86582670902063,Saudi Arabia,SA,https://infotel.ca/newsitem/us-united-states-middle-east/cp1289510008
20220208,1027274161,20220208,SYRIA,SYR,SAUDI ARABIA,SAU,190,재래식 군사력 사용,19,4,-10.0,21,20,21,-2.83639024435288,"Tehran, Tehran, Iran",IR,https://infotel.ca/newsitem/us-united-states-middle-east/cp1289510008
20220208,1027274162,20220208,SYRIA,SYR,SAUDI ARABIA,SAU,190,재래식 군사력 사용,19,4,-10.0,43,21,43,-2.86582670902063,Saudi Arabia,SA,https://infotel.ca/newsitem/us-united-states-middle-east/cp1289510008
20220208,1027276209,20220208,WEST BANK,PSE,ISRAEL,ISR,193,소형무기·경무기를 이용한 전투,19,4,-10.0,3,1,3,-7.26846424384525,"Qalandiya, West Bank (general), West Bank",WE,https://mondoweiss.net/2022/02/these-palestinians-did-not-die-they-were-killed/
20220208,1027276210,20220208,WEST BANK,PSE,ISRAEL,ISR,193,소형무기·경무기를 이용한 전투,19,4,-10.0,1,1,1,-7.26846424384525,"Gaza, Israel (general), Israel",IS,https://mondoweiss.net/2022/02/these-palestinians-did-not-die-they-were-killed/
20220208,1027276211,20220208,WEST BANK,PSE,ISRAEL,ISR,193,소형무기·경무기를 이용한 전투,19,4,-10.0,1,1,1,-7.26846424384525,"Gaza, Israel (general), Israel",IS,https://mondoweiss.net/2022/02/these-palestinians-did-not-die-they-were-killed/
20220208,1027277752,20220208,ISRAELI,ISR,PALESTINIAN,PSE,190,재래식 군사력 사용,19,4,-10.0,2,1,2,-7.52,"Jerusalem, Israel (general), Israel",IS,https://www.breitbart.com/middle-east/2022/02/08/palestinian-terrorists-killed-by-israel-in-shootout-prompting-calls-for-revenge/
20220208,1027279778,20220208,LEBANON,LBN,EGYPT,EGY,163,금수·보이콧·제재 부과,16,4,-8.0,2,1,2,-6.25,Lebanon,LE,http://www.arabtimesonline.com/news/many-arab-nations-will-most-likely-shun-death-on-the-nile-movie/
20220208,1027279779,20220208,LEBANON,LBN,EGYPT,EGY,163,금수·보이콧·제재 부과,16,4,-8.0,8,1,8,-6.25,Lebanon,LE,http://www.arabtimesonline.com/news/many-arab-nations-will-most-likely-shun-death-on-the-nile-movie/
20220208,1027280034,20220208,SAUDI ARABIA,SAU,YEMEN,YEM,194,포병·전차를 이용한 전투,19,4,-10.0,1,1,1,-5.51181102362205,"Sanaa, Sana', Yemen",YM,https://theintercept.com/2022/02/08/yemen-terrorist-group-houthis-uae/
20220208,1027280035,20220208,SAUDI ARABIA,SAU,YEMEN,YEM,194,포병·전차를 이용한 전투,19,4,-10.0,3,1,3,-5.51181102362205,"Sanaa, Sana', Yemen",YM,https://theintercept.com/2022/02/08/yemen-terrorist-group-houthis-uae/
20220208,1027280036,20220208,SAUDI ARABIA,SAU,YEMEN,YEM,194,포병·전차를 이용한 전투,19,4,-10.0,1,1,1,-5.51181102362205,Saudi Arabia,SA,https://theintercept.com/2022/02/08/yemen-terrorist-group-houthis-uae/
20220208,1027283735,20220208,ISRAELI,ISR,PALESTINIAN,PSE,190,재래식 군사력 사용,19,4,-10.0,1,1,1,-4.34782608695652,"Nablus, West Bank (general), West Bank",WE,https://www.kuna.net.kw/ArticleDetails.aspx?id=3025208&language=en
20220208,1027283976,20220208,PALESTINIAN,PSE,ISRAELI,ISR,190,재래식 군사력 사용,19,4,-10.0,1,1,1,-4.34782608695652,"Nablus, West Bank (general), West Bank",WE,https://www.kuna.net.kw/ArticleDetails.aspx?id=3025208&language=en
20220208,1027285516,20220208,ISRAEL,ISR,IRAN,IRN,194,포병·전차를 이용한 전투,19,4,-10.0,4,1,4,-3.13807531380753,"Tehran, Tehran, Iran",IR,https://www.jns.org/bennett-pending-iran-deal-to-damage-israels-ability-to-halt-nukes/
20220208,1027287170,20220208,IRAQ,IRQ,SYRIA,SYR,194,포병·전차를 이용한 전투,19,4,-10.0,2,1,2,-3.76884422110553,Iraq,IZ,https://www.washingtontimes.com/news/2022/feb/8/michael-erik-kurilla-us-central-command-nominee-ha/
20220208,1027287171,20220208,IRAQ,IRQ,SYRIA,SYR,194,포병·전차를 이용한 전투,19,4,-10.0,2,1,2,-3.76884422110553,Iran,IR,https://www.washingtontimes.com/news/2022/feb/8/michael-erik-kurilla-us-central-command-nominee-ha/
20220208,1027288869,20220208,IRAN,IRN,SAUDI ARABIA,SAU,190,재래식 군사력 사용,19,4,-10.0,1,1,1,-3.48399246704331,"Tehran, Tehran, Iran",IR,https://www.dailymail.co.uk/news/article-10491215/General-tapped-Middle-East-command-says-Russia-invading-Ukraine-spill-Syria.html
20220208,1027288870,20220208,IRAN,IRN,SAUDI ARABIA,SAU,190,재래식 군사력 사용,19,4,-10.0,2,1,2,-3.48399246704331,Saudi Arabia,SA,https://www.dailymail.co.uk/news/article-10491215/General-tapped-Middle-East-command-says-Russia-invading-Ukraine-spill-Syria.html
20220208,1027288880,20220208,IRAQ,IRQ,SAUDI ARABIA,SAU,190,재래식 군사력 사용,19,4,-10.0,1,1,1,-3.48399246704331,"Tehran, Tehran, Iran",IR,https://www.dailymail.co.uk/news/article-10491215/General-tapped-Middle-East-command-says-Russia-invading-Ukraine-spill-Syria.html
20220208,1027289192,20220208,SYRIA,SYR,SAUDI ARABIA,SAU,190,재래식 군사력 사용,19,4,-10.0,1,1,1,-3.48399246704331,"Tehran, Tehran, Iran",IR,https://www.dailymail.co.uk/news/article-10491215/General-tapped-Middle-East-command-says-Russia-invading-Ukraine-spill-Syria.html
20220209,1027295756,20220209,IRAQ,IRQ,SYRIA,SYR,194,포병·전차를 이용한 전투,19,4,-10.0,2,1,2,-2.26928895612708,Iraq,IZ,https://www.washingtontimes.com:443/news/2022/feb/8/centcom-nominee-says-iran-middle-east-remain-centr/
20220209,1027295757,20220209,IRAQ,IRQ,SYRIA,SYR,194,포병·전차를 이용한 전투,19,4,-10.0,2,1,2,-2.26928895612708,"Tehran, Tehran, Iran",IR,https://www.washingtontimes.com:443/news/2022/feb/8/centcom-nominee-says-iran-middle-east-remain-centr/
20220209,1027295776,20220209,ISRAELI,ISR,PALESTINIAN,PSE,190,재래식 군사력 사용,19,4,-10.0,10,1,10,-10.6382978723404,Israel,IS,https://www.qatar-tribune.com/news-details/id/229163/israeli-soldiers-open-fire-at-car-in-nablus-killing-three-palestinians
20220209,1027295777,20220209,ISRAELI,ISR,WEST BANK,PSE,190,재래식 군사력 사용,19,4,-10.0,4,2,4,-7.69587977034785,"Nablus, West Bank (general), West Bank",WE,https://www.qatar-tribune.com/news-details/id/229202/israeli-soldiers-open-fire-at-car-in-nablus-killing-3-palestinians
20220209,1027295778,20220209,ISRAELI,ISR,WEST BANK,PSE,190,재래식 군사력 사용,19,4,-10.0,30,4,18,-8.05712355864332,Israel,IS,https://www.qatar-tribune.com/news-details/id/229202/israeli-soldiers-open-fire-at-car-in-nablus-killing-3-palestinians
20220209,1027295779,20220209,ISRAELI,ISR,PALESTINIAN,PSE,190,재래식 군사력 사용,19,4,-10.0,76,14,76,-8.09016354368612,Israel,IS,https://www.qatar-tribune.com/news-details/id/229202/israeli-soldiers-open-fire-at-car-in-nablus-killing-3-palestinians
20220209,1027295780,20220209,ISRAELI,ISR,PALESTINIAN,PSE,193,소형무기·경무기를 이용한 전투,19,4,-10.0,10,1,10,-10.6382978723404,Israel,IS,https://www.qatar-tribune.com/news-details/id/229163/israeli-soldiers-open-fire-at-car-in-nablus-killing-three-palestinians
20220209,1027295781,20220209,ISRAELI,ISR,PALESTINIAN,PSE,193,소형무기·경무기를 이용한 전투,19,4,-10.0,16,2,16,-7.18694885361552,Israel,IS,https://www.qatar-tribune.com/news-details/id/229202/israeli-soldiers-open-fire-at-car-in-nablus-killing-3-palestinians
20220209,1027295782,20220209,ISRAEL,ISR,WEST BANK,PSE,193,소형무기·경무기를 이용한 전투,19,4,-10.0,12,5,12,-8.04505122748226,Israel,IS,https://www.qatar-tribune.com/news-details/id/229202/israeli-soldiers-open-fire-at-car-in-nablus-killing-3-palestinians
20220209,1027296183,20220209,HAMAS,PSE,ISRAELI,ISR,190,재래식 군사력 사용,19,4,-10.0,126,12,126,-9.47268583318083,"Gaza, Israel (general), Israel",IS,https://www.washingtontimes.com:443/news/2022/feb/8/amnesty-international-spreads-the-virus-of-antisem/
20220209,1027296184,20220209,HAMAS,PSE,ISRAELI,ISR,190,재래식 군사력 사용,19,4,-10.0,4,1,4,-3.98365679264556,"Gaza, Israel (general), Israel",IS,https://www.washingtontimes.com:443/news/2022/feb/8/amnesty-international-spreads-the-virus-of-antisem/
20220209,1027298061,20220202,SYRIAN,SYR,ISRAEL,ISR,195,공중무기 사용,19,4,-10.0,4,1,4,-5.55555555555556,"Wadi Ara, H_efa, Israel",IS,https://www.israelnationalnews.com/news/321973
20220209,1027299124,20220209,IRAN,IRN,ISRAEL,ISR,190,재래식 군사력 사용,19,4,-10.0,14,3,14,-4.40059099228649,"Jerusalem, Israel (general), Israel",IS,https://www.timesofisrael.com/nasrallah-if-israel-attacks-iran-hezbollah-wont-necessarily-join-fight/
20220209,1027299152,20220209,ISRAEL,ISR,DAMASCUS,SYR,190,재래식 군사력 사용,19,4,-10.0,1,1,1,-2.13143872113677,"Damascus, Dimashq, Syria",SY,https://www.jewishpress.com/news/middle-east/syria/red-alert-triggered-in-northern-israel-after-alleged-israeli-strike-in-syria/2022/02/09/
20220209,1027299153,20220209,ISRAEL,ISR,DAMASCUS,SYR,190,재래식 군사력 사용,19,4,-10.0,3,2,3,-4.01653903269953,"Damascus, Dimashq, Syria",SY,https://www.jewishpress.com/news/middle-east/syria/red-alert-triggered-in-northern-israel-after-alleged-israeli-strike-in-syria/2022/02/09/
20220209,1027299276,20220209,LEBANESE,LBN,TEHRAN,IRN,138,군사력 사용 위협,13,3,-7.0,3,1,3,-3.97923875432526,"Tehran, Tehran, Iran",IR,https://www.timesofisrael.com/nasrallah-if-israel-attacks-iran-hezbollah-wont-necessarily-join-fight/
20220209,1027299603,20220209,SYRIA,SYR,ISRAEL,ISR,1383,비정규 폭력 사용 위협,13,3,-7.0,10,1,10,-4.60122699386503,"Dimona, HaDarom, Israel",IS,https://www.timesofisrael.com/rocket-warning-sirens-sound-near-umm-al-fahm-northern-west-bank/
20220209,1027299604,20220209,SYRIA,SYR,ISRAELI,ISR,190,재래식 군사력 사용,19,4,-10.0,3,2,3,-4.15850286572303,"Damascus, Dimashq, Syria",SY,https://www.jewishpress.com/news/middle-east/syria/red-alert-triggered-in-northern-israel-after-alleged-israeli-strike-in-syria/2022/02/09/
20220209,1027299605,20220209,SYRIA,SYR,ISRAELI,ISR,190,재래식 군사력 사용,19,4,-10.0,7,3,7,-5.67756271171849,"Damascus, Dimashq, Syria",SY,https://www.jewishpress.com/news/middle-east/syria/red-alert-triggered-in-northern-israel-after-alleged-israeli-strike-in-syria/2022/02/09/
20220209,1027299606,20220209,SYRIA,SYR,ISRAELI,ISR,190,재래식 군사력 사용,19,4,-10.0,10,2,10,-5.36019788817575,"Umm Al-Fahm, H_efa, Israel",IS,https://www.jewishpress.com/news/middle-east/syria/red-alert-triggered-in-northern-israel-after-alleged-israeli-strike-in-syria/2022/02/09/
20220209,1027299607,20220209,SYRIA,SYR,ISRAEL,ISR,190,재래식 군사력 사용,19,4,-10.0,2,1,2,-2.13143872113677,"Damascus, Dimashq, Syria",SY,https://www.jewishpress.com/news/middle-east/syria/red-alert-triggered-in-northern-israel-after-alleged-israeli-strike-in-syria/2022/02/09/
20220209,1027299608,20220209,SYRIA,SYR,ISRAEL,ISR,195,공중무기 사용,19,4,-10.0,20,2,18,-4.41846686719533,"Damascus, Dimashq, Syria",SY,https://www.israelnationalnews.com/news/321973
20220209,1027299609,20220209,SYRIA,SYR,ISRAELI,ISR,195,공중무기 사용,19,4,-10.0,8,1,8,-5.55555555555556,"Damascus, Dimashq, Syria",SY,https://www.israelnationalnews.com/news/321973
20220209,1027299610,20220209,SYRIAN,SYR,ISRAEL,ISR,195,공중무기 사용,19,4,-10.0,4,1,4,-5.55555555555556,"Wadi Ara, H_efa, Israel",IS,https://www.israelnationalnews.com/news/321973
20220209,1027301776,20220209,ISRAEL,ISR,HAMAS,PSE,194,포병·전차를 이용한 전투,19,4,-10.0,6,1,6,3.10015898251192,"Sderot, HaDarom, Israel",IS,https://forward.com/opinion/482131/east-coast-jews-defined-the-last-century-of-jewish-life-the-next-100-will/
20220209,1027302129,20220209,SYRIA,SYR,ISRAELI,ISR,193,소형무기·경무기를 이용한 전투,19,4,-10.0,30,3,30,-4.63871543264942,"Damascus, Dimashq, Syria",SY,https://www.fxempire.com/news/article/syria-shoots-down-israeli-missiles-around-damascus-state-tv-892338
20220209,1027304323,20220209,ISRAEL,ISR,PALESTINIAN,PSE,190,재래식 군사력 사용,19,4,-10.0,4,2,4,-9.31702823287149,"Beita, West Bank (general), West Bank",WE,http://voiceofvienna.org/2022/02/09/israeli-soldiers-open-fire-at-car-in-nablus-killing-palestinians/
20220209,1027304324,20220209,ISRAEL,ISR,PALESTINIAN,PSE,190,재래식 군사력 사용,19,4,-10.0,18,4,18,-8.60754140661943,"Nablus, West Bank (general), West Bank",WE,http://voiceofvienna.org/2022/02/09/israeli-soldiers-open-fire-at-car-in-nablus-killing-palestinians/
20220209,1027304325,20220209,ISRAEL,ISR,PALESTINIAN,PSE,190,재래식 군사력 사용,19,4,-10.0,4,2,4,-9.31702823287149,"Jerusalem, Israel (general), Israel",IS,http://voiceofvienna.org/2022/02/09/israeli-soldiers-open-fire-at-car-in-nablus-killing-palestinians/
20220209,1027304326,20220209,ISRAELI,ISR,WEST BANK,PSE,190,재래식 군사력 사용,19,4,-10.0,2,1,2,-9.63855421686742,"Nablus, West Bank (general), West Bank",WE,http://voiceofvienna.org/2022/02/09/israeli-soldiers-open-fire-at-car-in-nablus-killing-palestinians/
20220209,1027304327,20220209,ISRAELI,ISR,PALESTINIAN,PSE,190,재래식 군사력 사용,19,4,-10.0,6,1,6,-9.63855421686742,"Jerusalem, Israel (general), Israel",IS,http://voiceofvienna.org/2022/02/09/israeli-soldiers-open-fire-at-car-in-nablus-killing-palestinians/
20220209,1027304328,20220209,ISRAELI,ISR,PALESTINIAN,PSE,190,재래식 군사력 사용,19,4,-10.0,40,5,28,-8.79151140353742,"Jerusalem, Israel (general), Israel",IS,http://voiceofvienna.org/2022/02/09/israeli-soldiers-open-fire-at-car-in-nablus-killing-palestinians/
20220209,1027304329,20220209,ISRAELI,ISR,PALESTINIAN,PSE,193,소형무기·경무기를 이용한 전투,19,4,-10.0,8,1,8,-9.63855421686742,"Jerusalem, Israel (general), Israel",IS,http://voiceofvienna.org/2022/02/09/israeli-soldiers-open-fire-at-car-in-nablus-killing-palestinians/
20220209,1027304332,20220209,ISRAEL,ISR,PALESTINIAN,PSE,193,소형무기·경무기를 이용한 전투,19,4,-10.0,20,2,20,-9.31702823287149,"Jerusalem, Israel (general), Israel",IS,http://voiceofvienna.org/2022/02/09/israeli-soldiers-open-fire-at-car-in-nablus-killing-palestinians/
20220209,1027304650,20220209,PALESTINIAN,PSE,ISRAELI,ISR,193,소형무기·경무기를 이용한 전투,19,4,-10.0,4,1,4,-9.63855421686742,"Jerusalem, Israel (general), Israel",IS,http://voiceofvienna.org/2022/02/09/israeli-soldiers-open-fire-at-car-in-nablus-killing-palestinians/
20220209,1027306820,20220209,ISRAEL,ISR,SYRIA,SYR,194,포병·전차를 이용한 전투,19,4,-10.0,10,1,10,-4.41176470588235,Israel,IS,https://www.france24.com/en/middle-east/20220209-israel-says-syria-fired-anti-aircraft-missile-during-reported-israeli-strike
20220209,1027306821,20220209,ISRAEL,ISR,SYRIA,SYR,195,공중무기 사용,19,4,-10.0,18,3,18,-3.3196805136514,Israel,IS,https://www.france24.com/en/middle-east/20220209-israel-says-syria-fired-anti-aircraft-missile-during-reported-israeli-strike
20220209,1027306822,20220209,ISRAEL,ISR,SYRIA,SYR,195,공중무기 사용,19,4,-10.0,10,3,10,-4.15427529798246,Israel,IS,https://www.france24.com/en/middle-east/20220209-israel-says-syria-fired-anti-aircraft-missile-during-reported-israeli-strike
20220209,1027310820,20220202,ISRAEL,ISR,DAMASCUS,SYR,194,포병·전차를 이용한 전투,19,4,-10.0,2,1,2,-4.32692307692308,"Damascus, Dimashq, Syria",SY,https://www.haaretz.com/israel-news/.premium-rocket-sirens-heard-in-northern-israel-syria-reports-air-defenses-activated-1.10600827
20220209,1027311772,20220209,ISRAEL,ISR,WEST BANK,PSE,190,재래식 군사력 사용,19,4,-10.0,4,2,4,-8.41836734693878,"Nablus, West Bank (general), West Bank",WE,http://www.xinhuanet.com/english/20220208/bf53419f881f43f0b0fa82a3725808a1/c.html
20220209,1027311773,20220209,ISRAELI,ISR,PALESTINIAN,PSE,193,소형무기·경무기를 이용한 전투,19,4,-10.0,11,6,11,-8.8959088330232,Israel,IS,http://www.xinhuanet.com/english/20220208/bf53419f881f43f0b0fa82a3725808a1/c.html
20220209,1027311775,20220209,ISRAELI,ISR,SYRIAN,SYR,190,재래식 군사력 사용,19,4,-10.0,34,4,34,-8.51506863288895,"Damascus, Dimashq, Syria",SY,https://www.indiatoday.in/world/story/syrian-air-defences-israeli-missiles-damascus-1910572-2022-02-09
20220209,1027311776,20220209,ISRAELI,ISR,SYRIAN,SYR,190,재래식 군사력 사용,19,4,-10.0,23,6,23,-6.00703138068442,Israel,IS,https://www.trtworld.com/middle-east/syrian-regime-shoots-down-israeli-missiles-above-damascus-54557
20220209,1027312096,20220209,PALESTINIAN,PSE,ISRAELI,ISR,190,재래식 군사력 사용,19,4,-10.0,18,3,18,-8.62642929512231,Israel,IS,http://www.xinhuanet.com/english/20220208/bf53419f881f43f0b0fa82a3725808a1/c.html
20220209,1027312097,20220209,PALESTINIAN,PSE,ISRAELI,ISR,190,재래식 군사력 사용,19,4,-10.0,58,9,40,-8.65073863931841,Israel,IS,http://www.xinhuanet.com/english/20220208/bf53419f881f43f0b0fa82a3725808a1/c.html
20220209,1027312259,20220209,SYRIAN,SYR,ISRAELI,ISR,190,재래식 군사력 사용,19,4,-10.0,25,7,25,-6.43078823149101,"Damascus, Dimashq, Syria",SY,https://www.indiatoday.in/world/story/syrian-air-defences-israeli-missiles-damascus-1910572-2022-02-09
20220209,1027312260,20220209,SYRIAN,SYR,ISRAELI,ISR,190,재래식 군사력 사용,19,4,-10.0,4,2,4,-6.42611683848797,Israel,IS,https://www.indiatoday.in/world/story/syrian-air-defences-israeli-missiles-damascus-1910572-2022-02-09
20220209,1027312261,20220209,SYRIAN,SYR,ISRAELI,ISR,190,재래식 군사력 사용,19,4,-10.0,2,1,2,-6.66666666666667,Israel,IS,https://www.indiatoday.in/world/story/syrian-air-defences-israeli-missiles-damascus-1910572-2022-02-09
20220209,1027312262,20220209,SYRIA,SYR,ISRAEL,ISR,190,재래식 군사력 사용,19,4,-10.0,5,1,5,-6.66666666666667,"Aleppo, ?alab, Syria",SY,https://www.indiatoday.in/world/story/syrian-air-defences-israeli-missiles-damascus-1910572-2022-02-09
20220209,1027312263,20220209,SYRIAN,SYR,ISRAELI,ISR,190,재래식 군사력 사용,19,4,-10.0,2,1,2,-7.36434108527132,"Tehran, Tehran, Iran",IR,https://www.trtworld.com/middle-east/syrian-regime-shoots-down-israeli-missiles-above-damascus-54557
20220209,1027312264,20220209,SYRIAN,SYR,ISRAELI,ISR,193,소형무기·경무기를 이용한 전투,19,4,-10.0,6,1,6,-6.66666666666667,"Aleppo, ?alab, Syria",SY,https://www.indiatoday.in/world/story/syrian-air-defences-israeli-missiles-damascus-1910572-2022-02-09
20220209,1027312265,20220209,SYRIAN,SYR,ISRAELI,ISR,193,소형무기·경무기를 이용한 전투,19,4,-10.0,2,1,2,-6.66666666666667,"Aleppo, ?alab, Syria",SY,https://www.indiatoday.in/world/story/syrian-air-defences-israeli-missiles-damascus-1910572-2022-02-09
20220209,1027312266,20220209,SYRIA,SYR,ISRAELI,ISR,195,공중무기 사용,19,4,-10.0,3,1,3,-4.32692307692308,"Damascus, Dimashq, Syria",SY,https://www.haaretz.com/israel-news/.premium-rocket-sirens-heard-in-northern-israel-syria-reports-air-defenses-activated-1.10600827
20220209,1027314202,20220209,ISRAELI,ISR,PALESTINIAN,PSE,190,재래식 군사력 사용,19,4,-10.0,6,3,5,-7.81977877635672,"Jerusalem, Israel (general), Israel",IS,https://www.breitbart.com/politics/2022/02/08/palestinian-terrorists-killed-by-israel-in-shootout-prompting-calls-for-revenge/
20220209,1027314203,20220209,ISRAEL,ISR,SYRIAN,SYR,195,공중무기 사용,19,4,-10.0,77,12,77,-5.73003705288693,Iran,IR,https://www.sandiegouniontribune.com/news/nation-world/story/2022-02-08/israel-hits-syrian-targets-after-anti-aircraft-missile-fire
20220209,1027314211,20220209,ISRAELI,ISR,SYRIAN,SYR,190,재래식 군사력 사용,19,4,-10.0,68,7,68,-4.44375029990901,"Damascus, Dimashq, Syria",SY,https://www.sandiegouniontribune.com/news/nation-world/story/2022-02-08/israel-hits-syrian-targets-after-anti-aircraft-missile-fire
20220209,1027316037,20220209,ISRAEL,ISR,SYRIAN,SYR,195,공중무기 사용,19,4,-10.0,50,7,50,-3.99977405691606,Iran,IR,https://www.chron.com/news/article/Israel-hits-Syrian-targets-after-anti-aircraft-16842994.php
20220209,1027316038,20220209,ISRAELI,ISR,SYRIAN,SYR,190,재래식 군사력 사용,19,4,-10.0,50,5,50,-2.89855072463768,"Damascus, Dimashq, Syria",SY,https://www.chron.com/news/article/Israel-hits-Syrian-targets-after-anti-aircraft-16842994.php
20220209,1027317267,20220209,IRAQ,IRQ,SAUDI ARABIA,SAU,190,재래식 군사력 사용,19,4,-10.0,4,4,4,-3.09681466832795,"Tehran, Tehran, Iran",IR,https://www.johnsoncitypress.com/ap/politics/us-general-says-russia-turmoil-could-spill-to-middle-east/article_81d1f78f-fb4e-56c6-8427-0ad6e7f9d72b.html
20220209,1027317268,20220209,IRAQ,IRQ,SAUDI ARABIA,SAU,190,재래식 군사력 사용,19,4,-10.0,20,6,20,-3.16954921722474,Saudi Arabia,SA,https://www.johnsoncitypress.com/ap/politics/us-general-says-russia-turmoil-could-spill-to-middle-east/article_81d1f78f-fb4e-56c6-8427-0ad6e7f9d72b.html
20220209,1027317555,20220209,SYRIA,SYR,SAUDI ARABIA,SAU,190,재래식 군사력 사용,19,4,-10.0,4,4,4,-3.09681466832795,"Tehran, Tehran, Iran",IR,https://www.johnsoncitypress.com/ap/politics/us-general-says-russia-turmoil-could-spill-to-middle-east/article_81d1f78f-fb4e-56c6-8427-0ad6e7f9d72b.html
20220209,1027317556,20220209,SYRIA,SYR,SAUDI ARABIA,SAU,190,재래식 군사력 사용,19,4,-10.0,8,4,8,-3.09681466832795,Saudi Arabia,SA,https://www.johnsoncitypress.com/ap/politics/us-general-says-russia-turmoil-could-spill-to-middle-east/article_81d1f78f-fb4e-56c6-8427-0ad6e7f9d72b.html
20220209,1027319362,20220209,ISRAEL,ISR,SYRIA,SYR,194,포병·전차를 이용한 전투,19,4,-10.0,20,2,20,-4.83388097845928,"Jerusalem, Israel (general), Israel",IS,https://timesofindia.indiatimes.com/world/middle-east/israel-says-syria-fired-anti-aircraft-missile-towards-it-during-reported-israeli-strike/articleshow/89441712.cms
20220209,1027322520,20220209,ISRAELI,ISR,LEBANON,LBN,195,공중무기 사용,19,4,-10.0,28,6,28,-6.39393044194474,Israel,IS,https://www.dairynewsaustralia.com.au/world/israel-strikes-syria-after-missile-fired/
20220209,1027322524,20220209,ISRAELI,ISR,SYRIAN,SYR,195,공중무기 사용,19,4,-10.0,4,1,4,-6.77966101694915,"Tehran, Tehran, Iran",IR,https://www.dairynewsaustralia.com.au/world/israel-strikes-syria-after-missile-fired/
20220209,1027322525,20220209,ISRAEL,ISR,SYRIAN,SYR,195,공중무기 사용,19,4,-10.0,8,1,8,-0.911854103343465,Syria,SY,https://news.yahoo.com/israel-hits-syrian-targets-anti-012524479.html
20220209,1027322529,20220209,ISRAELI,ISR,DAMASCUS,SYR,195,공중무기 사용,19,4,-10.0,6,1,6,-6.77966101694915,"Damascus, Dimashq, Syria",SY,https://www.dairynewsaustralia.com.au/world/israel-strikes-syria-after-missile-fired/
20220209,1027324990,20220209,ISRAELI,ISR,LEBANON,LBN,195,공중무기 사용,19,4,-10.0,20,3,20,-6.39090945409399,Israel,IS,https://bdnews24.com/world/middle-east/2022/02/09/israel-strikes-syria-in-response-to-anti-aircraft-fire
20220209,1027324993,20220209,ISRAELI,ISR,SYRIAN,SYR,190,재래식 군사력 사용,19,4,-10.0,8,3,8,-4.91858404790543,"Golan Heights, Syria (general), Syria",SY,https://www.presstv.ir/Detail/2022/02/09/676456/Syria-Israel-missile-attack-Damascus
20220209,1027324996,20220209,ISRAEL,ISR,SYRIA,SYR,190,재래식 군사력 사용,19,4,-10.0,2,1,2,-7.04225352112676,"Golan Heights, Syria (general), Syria",SY,https://www.presstv.ir/Detail/2022/02/09/676456/Syria-Israel-missile-attack-Damascus
20220209,1027324997,20220209,ISRAELI,ISR,SYRIAN,SYR,190,재래식 군사력 사용,19,4,-10.0,4,1,4,-7.04225352112676,"Golan Heights, Syria (general), Syria",SY,https://www.presstv.ir/Detail/2022/02/09/676456/Syria-Israel-missile-attack-Damascus
20220209,1027325239,20220209,SYRIAN,SYR,ISRAEL,ISR,194,포병·전차를 이용한 전투,19,4,-10.0,4,1,4,-7.04225352112676,"Golan Heights, Syria (general), Syria",SY,https://www.presstv.ir/Detail/2022/02/09/676456/Syria-Israel-missile-attack-Damascus
20220209,1027325240,20220209,SYRIAN,SYR,ISRAELI,ISR,194,포병·전차를 이용한 전투,19,4,-10.0,4,1,4,-7.04225352112676,"Golan Heights, Syria (general), Syria",SY,https://www.presstv.ir/Detail/2022/02/09/676456/Syria-Israel-missile-attack-Damascus
20220209,1027325241,20220209,SYRIA,SYR,ISRAEL,ISR,194,포병·전차를 이용한 전투,19,4,-10.0,2,1,2,-7.04225352112676,Lebanon,LE,https://www.presstv.ir/Detail/2022/02/09/676456/Syria-Israel-missile-attack-Damascus
20220209,1027326060,20220209,ISRAELI,ISR,PALESTINIAN,PSE,193,소형무기·경무기를 이용한 전투,19,4,-10.0,2,1,2,-7.14285714285714,Israel,IS,https://kvia.com/news/us-world/cnn-europe-mideast-africa/2022/02/08/three-palestinian-militants-killed-in-nablus-in-israeli-counter-terror-operation/
20220209,1027326061,20220209,ISRAEL,ISR,SYRIA,SYR,190,재래식 군사력 사용,19,4,-10.0,14,2,14,-2.77363841753593,"Golan Heights, Syria (general), Syria",SY,https://www.dw.com/en/israel-strikes-syrian-targets-after-anti-aircraft-fire/a-60706871
20220209,1027326062,20220209,ISRAEL,ISR,SYRIA,SYR,190,재래식 군사력 사용,19,4,-10.0,6,2,6,-2.77363841753593,Israel,IS,https://www.dw.com/en/israel-strikes-syrian-targets-after-anti-aircraft-fire/a-60706871
20220209,1027326063,20220209,ISRAEL,ISR,SYRIA,SYR,194,포병·전차를 이용한 전투,19,4,-10.0,3,2,3,-2.77363841753593,Israel,IS,https://www.dw.com/en/israel-strikes-syrian-targets-after-anti-aircraft-fire/a-60706871
20220209,1027326064,20220209,ISRAEL,ISR,SYRIA,SYR,195,공중무기 사용,19,4,-10.0,2,1,2,-2.73037542662116,"Damascus, Dimashq, Syria",SY,https://www.dw.com/en/israel-strikes-syrian-targets-after-anti-aircraft-fire/a-60706871
20220209,1027326069,20220209,ISRAEL,ISR,WEST BANK,PSE,190,재래식 군사력 사용,19,4,-10.0,2,1,2,-7.14285714285714,Israel,IS,https://kvia.com/news/us-world/cnn-europe-mideast-africa/2022/02/08/three-palestinian-militants-killed-in-nablus-in-israeli-counter-terror-operation/
20220209,1027326273,20220209,WEST BANK,PSE,ISRAEL,ISR,190,재래식 군사력 사용,19,4,-10.0,10,2,10,-7.58377425044091,Israel,IS,https://kvia.com/news/us-world/cnn-europe-mideast-africa/2022/02/08/three-palestinian-militants-killed-in-nablus-in-israeli-counter-terror-operation/
20220209,1027326328,20220209,SYRIA,SYR,ISRAEL,ISR,194,포병·전차를 이용한 전투,19,4,-10.0,4,2,4,-2.77363841753593,"Damascus, Dimashq, Syria",SY,https://www.dw.com/en/israel-strikes-syrian-targets-after-anti-aircraft-fire/a-60706871
20220209,1027326329,20220209,SYRIA,SYR,ISRAEL,ISR,194,포병·전차를 이용한 전투,19,4,-10.0,7,2,7,-2.77363841753593,Israel,IS,https://www.dw.com/en/israel-strikes-syrian-targets-after-anti-aircraft-fire/a-60706871
20220209,1027326330,20220209,DAMASCUS,SYR,ISRAEL,ISR,194,포병·전차를 이용한 전투,19,4,-10.0,4,2,4,-2.77363841753593,Israel,IS,https://www.dw.com/en/israel-strikes-syrian-targets-after-anti-aircraft-fire/a-60706871
20220209,1027327794,20220209,JERUSALEM,ISR,SYRIAN,SYR,195,공중무기 사용,19,4,-10.0,20,10,20,-5.82958962701924,"Beirut, Beyrouth, Lebanon",LE,https://www.voanews.com/a/israel-strikes-syria-in-response-to-anti-aircraft-fire-/6433704.html
20220209,1027328063,20220209,SYRIA,SYR,TURKISH,TUR,190,재래식 군사력 사용,19,4,-10.0,4,1,4,-2.75229357798165,"Ankara, Ankara, Turkey",TU,https://www.daijiworld.com/news/newsDisplay?newsID=924555
20220209,1027328899,20220209,ISRAEL,ISR,SYRIA,SYR,190,재래식 군사력 사용,19,4,-10.0,10,1,10,-4.32098765432099,Israel,IS,https://www.msn.com/en-in/news/world/israel-launches-strikes-against-syria-after-missile-attack/ar-AATDdhG
20220209,1027328900,20220209,ISRAEL,ISR,SYRIA,SYR,194,포병·전차를 이용한 전투,19,4,-10.0,1,1,1,-2.8169014084507,"Damascus, Dimashq, Syria",SY,https://www.msn.com/en-us/news/world/israel-strikes-syrian-targets-after-anti-aircraft-fire/ar-AATDc0m
20220209,1027328901,20220209,ISRAEL,ISR,SYRIA,SYR,194,포병·전차를 이용한 전투,19,4,-10.0,10,1,10,-4.32098765432099,"Golan Heights, Syria (general), Syria",SY,https://www.msn.com/en-in/news/world/israel-launches-strikes-against-syria-after-missile-attack/ar-AATDdhG
20220209,1027328905,20220209,ISRAELI,ISR,SYRIA,SYR,190,재래식 군사력 사용,19,4,-10.0,17,3,17,-5.38057857120039,"Golan Heights, Syria (general), Syria",SY,https://www.msn.com/en-in/news/world/israel-launches-strikes-against-syria-after-missile-attack/ar-AATDdhG
20220209,1027329170,20220209,SAUDI ARABIA,SAU,YEMEN,YEM,190,재래식 군사력 사용,19,4,-10.0,4,2,4,-6.17166428684753,"Sanaa, Sana', Yemen",YM,https://www.daijiworld.com/news/newsDisplay?newsID=924557
20220209,1027329171,20220209,SAUDI ARABIA,SAU,YEMEN,YEM,190,재래식 군사력 사용,19,4,-10.0,4,2,4,-6.17166428684753,"Sanaa, Sana', Yemen",YM,https://www.daijiworld.com/news/newsDisplay?newsID=924557
20220209,1027329178,20220209,SYRIA,SYR,ISREAL,ISR,190,재래식 군사력 사용,19,4,-10.0,10,1,10,-4.32098765432099,"Golan Heights, Syria (general), Syria",SY,https://www.msn.com/en-in/news/world/israel-launches-strikes-against-syria-after-missile-attack/ar-AATDdhG
20220209,1027329179,20220209,SYRIA,SYR,ISRAEL,ISR,194,포병·전차를 이용한 전투,19,4,-10.0,1,1,1,-2.8169014084507,"Damascus, Dimashq, Syria",SY,https://www.msn.com/en-us/news/world/israel-strikes-syrian-targets-after-anti-aircraft-fire/ar-AATDc0m
20220209,1027329180,20220209,SYRIA,SYR,ISREAL,ISR,195,공중무기 사용,19,4,-10.0,10,1,10,-4.32098765432099,"Golan Heights, Syria (general), Syria",SY,https://www.msn.com/en-in/news/world/israel-launches-strikes-against-syria-after-missile-attack/ar-AATDdhG
20220209,1027329427,20220209,SANA,YEM,SYRIA,SYR,193,소형무기·경무기를 이용한 전투,19,4,-10.0,10,1,10,-4.32098765432099,"Golan Heights, Syria (general), Syria",SY,https://www.msn.com/en-in/news/world/israel-launches-strikes-against-syria-after-missile-attack/ar-AATDdhG
20220209,1027329428,20220209,YEMEN,YEM,SAUDI ARABIA,SAU,190,재래식 군사력 사용,19,4,-10.0,8,2,8,-6.17166428684753,"Haradh, ?ajjah, Yemen",YM,https://www.daijiworld.com/news/newsDisplay?newsID=924557
20220209,1027332190,20220209,TURKEY,TUR,ISRAEL,ISR,190,재래식 군사력 사용,19,4,-10.0,1,1,1,-2.47933884297521,"Ankara, Ankara, Turkey",TU,https://www.israelnationalnews.com/news/321980
20220209,1027332191,20220209,TURKEY,TUR,ISRAEL,ISR,190,재래식 군사력 사용,19,4,-10.0,1,1,1,-2.47933884297521,"Gaza, Israel (general), Israel",IS,https://www.israelnationalnews.com/news/321980
20220209,1027335619,20220209,SYRIAN,SYR,ISRAEL,ISR,195,공중무기 사용,19,4,-10.0,2,1,2,-8.58895705521472,"Umm Al-Fahm, H_efa, Israel",IS,https://news.antiwar.com/2022/02/08/israel-attacks-syrian-air-defenses-one-soldier-killed/
20220209,1027335620,20220209,SYRIA,SYR,ISRAEL,ISR,190,재래식 군사력 사용,19,4,-10.0,2,1,2,-8.58895705521472,"Damascus, Dimashq, Syria",SY,https://news.antiwar.com/2022/02/08/israel-attacks-syrian-air-defenses-one-soldier-killed/
20220209,1027335621,20220209,SYRIAN,SYR,ISRAELI,ISR,190,재래식 군사력 사용,19,4,-10.0,4,1,4,-8.58895705521472,"Umm Al-Fahm, H_efa, Israel",IS,https://news.antiwar.com/2022/02/08/israel-attacks-syrian-air-defenses-one-soldier-killed/
20220209,1027337400,20220202,ISRAEL,ISR,DAMASCUS,SYR,194,포병·전차를 이용한 전투,19,4,-10.0,2,1,2,-3.64238410596026,"Jerusalem, Israel (general), Israel",IS,https://www.haaretz.com/israel-news/rocket-sirens-heard-in-northern-israel-syria-reports-air-defenses-activated-1.10600827
20220209,1027337950,20220209,ISRAELI,ISR,SYRIA,SYR,190,재래식 군사력 사용,19,4,-10.0,2,1,2,-3.64238410596026,"Golan Heights, Syria (general), Syria",SY,https://www.haaretz.com/israel-news/rocket-sirens-heard-in-northern-israel-syria-reports-air-defenses-activated-1.10600827
20220209,1027338193,20220209,SYRIAN,SYR,ISRAEL,ISR,1383,비정규 폭력 사용 위협,13,3,-7.0,3,1,3,-3.64238410596026,"Jerusalem, Israel (general), Israel",IS,https://www.haaretz.com/israel-news/rocket-sirens-heard-in-northern-israel-syria-reports-air-defenses-activated-1.10600827
20220209,1027338194,20220209,SYRIAN,SYR,ISRAEL,ISR,190,재래식 군사력 사용,19,4,-10.0,2,1,2,-3.64238410596026,"Damascus, Dimashq, Syria",SY,https://www.haaretz.com/israel-news/rocket-sirens-heard-in-northern-israel-syria-reports-air-defenses-activated-1.10600827
20220209,1027342829,20220209,ISTANBUL,TUR,IRAN,IRN,193,소형무기·경무기를 이용한 전투,19,4,-10.0,4,2,4,-10.2407116692831,Iran,IR,https://www.theguardian.com/global-development/2022/feb/09/iranian-refugees-face-deportation-from-turkey-for-attending-demonstration
20220209,1027342830,20220209,ISTANBUL,TUR,IRAN,IRN,193,소형무기·경무기를 이용한 전투,19,4,-10.0,3,2,3,-10.2407116692831,Iran,IR,https://www.theguardian.com/global-development/2022/feb/09/iranian-refugees-face-deportation-from-turkey-for-attending-demonstration
20220209,1027344172,20220209,IRAN,IRN,SAUDI ARABIA,SAU,195,공중무기 사용,19,4,-10.0,6,1,6,-2.40452616690241,"Sanaa, Sana', Yemen",YM,https://www.msn.com/en-ae/news/featured/us-envoy-says-houthis-should-learn-from-their-losses-in-yemen-and-negotiate-peace/ar-AATCRdG
20220209,1027344173,20220209,IRAN,IRN,SAUDI ARABIA,SAU,195,공중무기 사용,19,4,-10.0,4,1,4,-2.40452616690241,"Sanaa, Sana', Yemen",YM,https://www.msn.com/en-ae/news/featured/us-envoy-says-houthis-should-learn-from-their-losses-in-yemen-and-negotiate-peace/ar-AATCRdG
20220209,1027344177,20220209,ISRAELI,ISR,LEBANON,LBN,195,공중무기 사용,19,4,-10.0,4,1,4,-6.01503759398496,"Teheran, Iran (general), Iran",IR,https://www.straitstimes.com/world/middle-east/israel-strikes-syria-in-response-to-anti-aircraft-fire
20220209,1027344178,20220209,ISRAELI,ISR,LEBANON,LBN,195,공중무기 사용,19,4,-10.0,6,1,6,-6.01503759398496,"Jerusalem, Israel (general), Israel",IS,https://www.straitstimes.com/world/middle-east/israel-strikes-syria-in-response-to-anti-aircraft-fire
20220209,1027344180,20220209,ISRAELI,ISR,SYRIA,SYR,190,재래식 군사력 사용,19,4,-10.0,10,5,10,-7.0774550484094,Iran,IR,https://www.ourmidland.com/news/article/Israel-hits-Syrian-targets-after-anti-aircraft-16842994.php
20220209,1027344181,20220209,ISRAEL,ISR,SYRIA,SYR,194,포병·전차를 이용한 전투,19,4,-10.0,2,1,2,-5.72687224669604,"Damascus, Dimashq, Syria",SY,https://www.aa.com.tr/en/middle-east/israel-strikes-military-targets-in-syria-after-missile-attack/2497500
20220209,1027344182,20220209,ISRAEL,ISR,SYRIA,SYR,194,포병·전차를 이용한 전투,19,4,-10.0,8,1,8,-5.72687224669604,"Jerusalem, Israel (general), Israel",IS,https://www.aa.com.tr/en/middle-east/israel-strikes-military-targets-in-syria-after-missile-attack/2497500
20220209,1027344183,20220209,ISRAEL,ISR,DAMASCUS,SYR,195,공중무기 사용,19,4,-10.0,4,2,4,-5.93324268348259,"Umm Al-Fahm, H_efa, Israel",IS,https://www.aa.com.tr/en/middle-east/israel-strikes-military-targets-in-syria-after-missile-attack/2497500
20220209,1027344459,20220209,SYRIA,SYR,ISRAEL,ISR,190,재래식 군사력 사용,19,4,-10.0,14,7,14,-6.49079581630217,"Damascus, Dimashq, Syria",SY,https://www.ourmidland.com/news/article/Israel-hits-Syrian-targets-after-anti-aircraft-16842994.php
20220209,1027344460,20220209,SYRIA,SYR,ISRAEL,ISR,190,재래식 군사력 사용,19,4,-10.0,12,6,12,-7.02569875588001,"Damascus, Dimashq, Syria",SY,https://www.ourmidland.com/news/article/Israel-hits-Syrian-targets-after-anti-aircraft-16842994.php
20220209,1027347433,20220209,ISRAEL,ISR,GAZA,PSE,194,포병·전차를 이용한 전투,19,4,-10.0,6,2,4,0.555740196215235,"Ashkelon, HaDarom, Israel",IS,https://www.msn.com/en-us/news/world/centcom-nominee-promotes-middle-east-integrated-air-and-missile-defense/ar-AATDloG
20220209,1027347434,20220209,ISRAEL,ISR,GAZA,PSE,194,포병·전차를 이용한 전투,19,4,-10.0,2,1,2,0.62208398133748,"Jerusalem, Israel (general), Israel",IS,https://www.msn.com/en-us/news/world/centcom-nominee-promotes-middle-east-integrated-air-and-missile-defense/ar-AATDloG
20220209,1027347435,20220209,ISRAEL,ISR,GAZA,PSE,194,포병·전차를 이용한 전투,19,4,-10.0,24,2,16,0.555740196215235,"Ashkelon, HaDarom, Israel",IS,https://www.msn.com/en-us/news/world/centcom-nominee-promotes-middle-east-integrated-air-and-missile-defense/ar-AATDloG
20220209,1027347436,20220209,ISRAEL,ISR,GAZA,PSE,194,포병·전차를 이용한 전투,19,4,-10.0,6,1,6,0.62208398133748,"Jerusalem, Israel (general), Israel",IS,https://www.msn.com/en-us/news/world/centcom-nominee-promotes-middle-east-integrated-air-and-missile-defense/ar-AATDloG
20220209,1027347438,20220209,JERUSALEM POST,ISR,GAZA,PSE,194,포병·전차를 이용한 전투,19,4,-10.0,2,1,2,0.62208398133748,"Jerusalem, Israel (general), Israel",IS,https://www.msn.com/en-us/news/world/centcom-nominee-promotes-middle-east-integrated-air-and-missile-defense/ar-AATDloG
20220209,1027349215,20220209,ISRAELI,ISR,SYRIAN,SYR,190,재래식 군사력 사용,19,4,-10.0,5,1,5,-6.76691729323308,"Damascus, Dimashq, Syria",SY,https://infotel.ca/newsitem/ml-israel-syria/cp653477973
20220209,1027349216,20220209,ISRAEL,ISR,SYRIA,SYR,195,공중무기 사용,19,4,-10.0,4,1,4,-6.76691729323308,"Damascus, Dimashq, Syria",SY,https://infotel.ca/newsitem/ml-israel-syria/cp653477973
20220209,1027349217,20220209,ISRAEL,ISR,SYRIA,SYR,195,공중무기 사용,19,4,-10.0,87,10,87,-2.43772738297356,"Damascus, Dimashq, Syria",SY,https://infotel.ca/newsitem/ml-israel-syria/cp653477973
20220209,1027349507,20220209,SYRIA,SYR,IRAQ,IRQ,190,재래식 군사력 사용,19,4,-10.0,4,1,4,-4.73790322580645,"Anbar, Al Anbar, Iraq",IZ,https://www.khaleejtimes.com/world/daesh-likely-to-pick-battle-hardened-iraqi-as-next-leader-officials-analysts
20220209,1027349508,20220209,SYRIA,SYR,IRAQ,IRQ,190,재래식 군사력 사용,19,4,-10.0,6,2,6,-4.72245785689938,Syria,SY,https://www.khaleejtimes.com/world/daesh-likely-to-pick-battle-hardened-iraqi-as-next-leader-officials-analysts
20220209,1027349510,20220209,SYRIAN,SYR,ISRAEL,ISR,194,포병·전차를 이용한 전투,19,4,-10.0,18,3,12,-6.11784827444514,"Damascus, Dimashq, Syria",SY,https://www.gulftoday.ae/news/2022/02/09/syrian-soldier-killed-as-israel-attacks-near-damascus
20220209,1027349511,20220209,SYRIA,SYR,ISRAEL,ISR,190,재래식 군사력 사용,19,4,-10.0,2,1,2,-6.31229235880399,"Damascus, Dimashq, Syria",SY,https://www.gulftoday.ae/news/2022/02/09/syrian-soldier-killed-as-israel-attacks-near-damascus
20220209,1027350930,20220209,IRAN,IRN,ISRAELI,ISR,190,재래식 군사력 사용,19,4,-10.0,9,2,9,-5.7288712422008,Israel,IS,https://www.clevelandjewishnews.com/jns/hassan-nasrallah-declares-war-with-iran-will-blow-up-entire-region/article_f242b2fb-dbda-5502-a113-7799e6df2b60.html
20220209,1027350931,20220209,IRAN,IRN,ISRAELI,ISR,190,재래식 군사력 사용,19,4,-10.0,1,1,1,-6.34146341463415,Israel,IS,https://www.clevelandjewishnews.com/jns/hassan-nasrallah-declares-war-with-iran-will-blow-up-entire-region/article_f242b2fb-dbda-5502-a113-7799e6df2b60.html
20220209,1027350932,20220209,IRAN,IRN,ISRAEL,ISR,190,재래식 군사력 사용,19,4,-10.0,10,2,10,-6.12639673194762,Iran,IR,https://www.clevelandjewishnews.com/jns/hassan-nasrallah-declares-war-with-iran-will-blow-up-entire-region/article_f242b2fb-dbda-5502-a113-7799e6df2b60.html
20220209,1027350933,20220209,IRAN,IRN,ISRAELI,ISR,190,재래식 군사력 사용,19,4,-10.0,5,1,5,-6.34146341463415,Iran,IR,https://www.clevelandjewishnews.com/jns/hassan-nasrallah-declares-war-with-iran-will-blow-up-entire-region/article_f242b2fb-dbda-5502-a113-7799e6df2b60.html
20220209,1027350942,20220209,ISRAELI,ISR,IRAN,IRN,190,재래식 군사력 사용,19,4,-10.0,36,4,36,-5.65080807831925,Israel,IS,https://www.clevelandjewishnews.com/jns/hassan-nasrallah-declares-war-with-iran-will-blow-up-entire-region/article_f242b2fb-dbda-5502-a113-7799e6df2b60.html
20220209,1027350946,20220209,JERUSALEM,ISR,SYRIA,SYR,190,재래식 군사력 사용,19,4,-10.0,14,7,14,-1.95731263642979,"Jerusalem, Israel (general), Israel",IS,http://www.chinaview.cn/20220209/fe6ff12a4a0445bbaa1448a575888014/c.html
20220209,1027350956,20220209,ISRAEL,ISR,SYRIA,SYR,190,재래식 군사력 사용,19,4,-10.0,2,1,2,-4.12844036697248,"Black Sea, Oceans (general), Oceans",OS,https://www.wionews.com/world/morning-news-brief-israel-launches-strike-at-syria-pfizers-pandemic-profiteering-more-451598
20220209,1027350957,20220209,ISRAEL,ISR,SYRIA,SYR,190,재래식 군사력 사용,19,4,-10.0,2,1,2,-4.12844036697248,Israel,IS,https://www.wionews.com/world/morning-news-brief-israel-launches-strike-at-syria-pfizers-pandemic-profiteering-more-451598
20220209,1027350970,20220209,HASSAN,JOR,ISRAELI,ISR,190,재래식 군사력 사용,19,4,-10.0,1,1,1,-6.34146341463415,Iran,IR,https://www.clevelandjewishnews.com/jns/hassan-nasrallah-declares-war-with-iran-will-blow-up-entire-region/article_f242b2fb-dbda-5502-a113-7799e6df2b60.html
20220209,1027352660,20220209,ISRAEL,ISR,SYRIAN,SYR,193,소형무기·경무기를 이용한 전투,19,4,-10.0,10,1,10,-8.57142857142857,Israel,IS,https://tass.com/world/1400033
20220209,1027352661,20220209,ISRAEL,ISR,SYRIA,SYR,194,포병·전차를 이용한 전투,19,4,-10.0,5,2,5,-6.90279417552145,"Damascus, Dimashq, Syria",SY,https://tass.com/world/1400033
20220209,1027352662,20220209,ISRAEL,ISR,SYRIAN,SYR,190,재래식 군사력 사용,19,4,-10.0,10,1,10,-8.57142857142857,"Damascus, Dimashq, Syria",SY,https://tass.com/world/1400033
20220209,1027353091,20220209,SANA,YEM,SYRIAN,SYR,190,재래식 군사력 사용,19,4,-10.0,2,1,2,-3.73134328358209,"Damascus, Dimashq, Syria",SY,https://www.albawaba.com/news/israeli-strikes-syria-reportedly-kill-one-and-injure-five-1465610
20220209,1027354228,20220209,ISRAEL,ISR,SYRIAN,SYR,195,공중무기 사용,19,4,-10.0,10,2,10,-2.87250384024578,"Jerusalem, Israel (general), Israel",IS,https://www.stripes.com/theaters/middle_east/2022-02-08/Israel-hits-Syrian-targets-after-anti-aircraft-missile-fire-4863617.html
20220209,1027354481,20220209,PALESTINIAN,PSE,ISRAEL,ISR,192,영토 점령,19,4,-9.5,2,1,2,-5.28455284552846,"Sheikh Jarrah, Yerushalayim, Israel",IS,https://www.haaretz.com/opinion/if-speaking-out-against-injustice-is-antisemitic-i-m-an-antisemite-1.10600450
20220209,1027354482,20220209,PALESTINIAN,PSE,ISRAEL,ISR,192,영토 점령,19,4,-9.5,2,1,2,-5.28455284552846,"Jerusalem, Israel (general), Israel",IS,https://www.haaretz.com/opinion/if-speaking-out-against-injustice-is-antisemitic-i-m-an-antisemite-1.10600450
20220209,1027356262,20220209,ISRAEL,ISR,IRANIAN,IRN,195,공중무기 사용,19,4,-10.0,2,1,2,-5.23415977961433,Israel,IS,https://www.middleeasteye.net/news/syria-israel-soldier-killed-air-strikes-damascus
20220209,1027356266,20220209,ISRAELI,ISR,LEBANON,LBN,190,재래식 군사력 사용,19,4,-10.0,3,1,3,-5.23415977961433,Israel,IS,https://www.middleeasteye.net/news/syria-israel-soldier-killed-air-strikes-damascus
20220209,1027356268,20220209,ISRAELI,ISR,SYRIA,SYR,190,재래식 군사력 사용,19,4,-10.0,2,1,2,-5.23415977961433,"Latakia, Al Ladhiqiyah, Syria",SY,https://www.middleeasteye.net/news/syria-israel-soldier-killed-air-strikes-damascus
20220209,1027356269,20220209,ISRAEL,ISR,SYRIA,SYR,190,재래식 군사력 사용,19,4,-10.0,10,1,10,-5.23415977961433,Israel,IS,https://www.middleeasteye.net/news/syria-israel-soldier-killed-air-strikes-damascus
20220209,1027356270,20220209,ISRAEL,ISR,SYRIA,SYR,195,공중무기 사용,19,4,-10.0,2,1,2,-5.23415977961433,"Latakia, Al Ladhiqiyah, Syria",SY,https://www.middleeasteye.net/news/syria-israel-soldier-killed-air-strikes-damascus
20220209,1027356271,20220209,ISRAEL,ISR,SYRIA,SYR,195,공중무기 사용,19,4,-10.0,2,1,2,-5.23415977961433,Israel,IS,https://www.middleeasteye.net/news/syria-israel-soldier-killed-air-strikes-damascus
20220209,1027356276,20220209,ISRAELI,ISR,SYRIAN,SYR,190,재래식 군사력 사용,19,4,-10.0,6,1,6,-5.90163934426229,"Damascus, Dimashq, Syria",SY,https://www.aljazeera.com/news/2022/2/9/israel-strikes-syria-after-anti-aircraft-fire
20220209,1027356470,20220209,SYRIAN,SYR,ISRAELI,ISR,194,포병·전차를 이용한 전투,19,4,-10.0,7,2,7,-6.02062623226571,"Umm Al-Fahm, H_efa, Israel",IS,https://www.aljazeera.com/news/2022/2/9/israel-strikes-syria-after-anti-aircraft-fire
20220209,1027357051,20220209,BAGHDAD,IRQ,HASSAN,JOR,190,재래식 군사력 사용,19,4,-10.0,3,1,3,2.30769230769231,"Baghdad, Baghdad, Iraq",IZ,http://sana.sy/en/?p=263126
20220209,1027357062,20220209,HASSAN,JOR,IRAQ,IRQ,190,재래식 군사력 사용,19,4,-10.0,2,1,2,2.30769230769231,"Baghdad, Baghdad, Iraq",IZ,http://sana.sy/en/?p=263126
20220209,1027360659,20220209,HASSAN,JOR,IRAN,IRN,163,금수·보이콧·제재 부과,16,4,-8.0,1,1,1,0.833333333333337,Iraq,IZ,http://www.iranoilgas.com/news/details.aspx?id=23685&title=Iran+Ilam+Petchem+produces+indigenized+DMDS+product%C2%A0
20220209,1027362674,20220209,ISRAELI,ISR,SYRIA,SYR,195,공중무기 사용,19,4,-10.0,8,1,8,-6.13961312026913,"Damascus, Dimashq, Syria",SY,https://www.bicom.org.uk/media_summary/israeli-strike-in-syria-kills-one-and-injures-several-soldiers/
20220209,1027362940,20220209,WEST BANK,PSE,ISRAEL,ISR,190,재래식 군사력 사용,19,4,-10.0,6,1,6,-6.13961312026913,"Rahat, HaDarom, Israel",IS,https://www.bicom.org.uk/media_summary/israeli-strike-in-syria-kills-one-and-injures-several-soldiers/
20220209,1027363023,20220209,SYRIAN,SYR,ISRAELI,ISR,194,포병·전차를 이용한 전투,19,4,-10.0,1,1,1,-6.13961312026913,"Umm El-Fahm, H_efa, Israel",IS,https://www.bicom.org.uk/media_summary/israeli-strike-in-syria-kills-one-and-injures-several-soldiers/
20220209,1027364588,20220209,IRAQ,IRQ,IRANIAN,IRN,190,재래식 군사력 사용,19,4,-10.0,12,3,12,-6.39381222175955,Iraq,IZ,https://news.yahoo.com/uae-blames-blast-gas-explosion-045919551.html
20220209,1027364589,20220209,IRAQ,IRQ,IRANIAN,IRN,190,재래식 군사력 사용,19,4,-10.0,18,3,18,-6.39381222175955,Iraq,IZ,https://news.yahoo.com/uae-blames-blast-gas-explosion-045919551.html
20220209,1027364597,20220209,ISRAEL,ISR,SYRIA,SYR,195,공중무기 사용,19,4,-10.0,2,1,2,-1.92307692307692,"Damascus, Dimashq, Syria",SY,https://news.webindia123.com/news/Articles/World/20220209/3905710.html
20220209,1027364598,20220209,ISRAEL,ISR,SYRIA,SYR,195,공중무기 사용,19,4,-10.0,8,1,8,-1.92307692307692,"Tel Aviv, Tel Aviv, Israel",IS,https://news.webindia123.com/news/Articles/World/20220209/3905710.html
20220209,1027364777,20220209,WEST BANK,PSE,ISRAEL,ISR,190,재래식 군사력 사용,19,4,-10.0,1,1,1,-2.52827677977379,"Rahat, HaDarom, Israel",IS,https://www.timesofisrael.com/security-forces-demolish-structures-at-jewish-outposts-in-west-bank-negev/
20220209,1027364778,20220209,WEST BANK,PSE,ISRAEL,ISR,190,재래식 군사력 사용,19,4,-10.0,1,1,1,-2.52827677977379,"Regavim, H_efa, Israel",IS,https://www.timesofisrael.com/security-forces-demolish-structures-at-jewish-outposts-in-west-bank-negev/
20220209,1027364821,20220209,SYRIAN,SYR,ISRAEL,ISR,194,포병·전차를 이용한 전투,19,4,-10.0,4,1,4,-2.99570263955306,"Jerusalem, Israel (general), Israel",IS,https://www.ynetnews.com/article/s1uxprxy5
20220209,1027364822,20220209,SYRIA,SYR,ISRAEL,ISR,195,공중무기 사용,19,4,-10.0,2,1,2,-2.710027100271,"Jerusalem, Israel (general), Israel",IS,https://www.ynetnews.com/article/s1uxprxy5
20220209,1027364823,20220209,SYRIA,SYR,ISRAEL,ISR,195,공중무기 사용,19,4,-10.0,8,1,8,-2.710027100271,Iran,IR,https://www.ynetnews.com/article/s1uxprxy5
20220209,1027366242,20220209,IRAN,IRN,ISRAELI,ISR,190,재래식 군사력 사용,19,4,-10.0,2,1,2,-5.91133004926108,Lebanon,LE,https://www.jns.org/hassan-nasrallah-declares-war-with-iran-will-blow-up-entire-region/
20220209,1027366257,20220209,ISRAELI,ISR,SYRIAN,SYR,190,재래식 군사력 사용,19,4,-10.0,20,3,20,-7.16591056549215,Israel,IS,https://www.naharnet.com:443/stories/en/287786-syrian-missile-explodes-over-israel-after-raid-from-lebanon-s-airspace
20220209,1027368285,20220209,IRAQ,IRQ,SAUDI ARABIA,SAU,190,재래식 군사력 사용,19,4,-10.0,1,1,1,-3.00500834724541,"Arabian Peninsula, Saudi Arabia (general), Saudi Arabia",SA,https://www.msn.com/en-ae/news/world/russia-conflict-could-spill-into-middle-east-says-us-general/ar-AATDKAv
20220209,1027368286,20220209,IRAQ,IRQ,SAUDI ARABIA,SAU,190,재래식 군사력 사용,19,4,-10.0,1,1,1,-3.00500834724541,Afghanistan,AF,https://www.msn.com/en-ae/news/world/russia-conflict-could-spill-into-middle-east-says-us-general/ar-AATDKAv
20220209,1027368618,20220209,SAUDI ARABIA,SAU,ISRAEL,ISR,192,영토 점령,19,4,-9.5,2,1,2,-0.48994326972666,"Riyadh, Ar Riya?, Saudi Arabia",SA,https://blogs.timesofisrael.com/abraham-accords-a-step-towards-a-new-middle-east-2-3/
20220209,1027368619,20220209,SAUDI ARABIA,SAU,ISRAEL,ISR,192,영토 점령,19,4,-9.5,2,1,2,-0.48994326972666,"Tel Aviv, Tel Aviv, Israel",IS,https://blogs.timesofisrael.com/abraham-accords-a-step-towards-a-new-middle-east-2-3/
20220209,1027368661,20220209,SYRIAN,SYR,LEBANON,LBN,190,재래식 군사력 사용,19,4,-10.0,1,1,1,-9.2741935483871,"Damascus, Dimashq, Syria",SY,https://thepeninsulaqatar.com/article/01/12/2012/syria-jets-bombard-rebel-targets-near-damascus-airport
20220209,1027368662,20220209,SYRIAN,SYR,LEBANON,LBN,190,재래식 군사력 사용,19,4,-10.0,1,1,1,-9.2741935483871,"Beirut, Beyrouth, Lebanon",LE,https://thepeninsulaqatar.com/article/01/12/2012/syria-jets-bombard-rebel-targets-near-damascus-airport
20220209,1027368668,20220209,SYRIA,SYR,SAUDI ARABIA,SAU,190,재래식 군사력 사용,19,4,-10.0,1,1,1,-3.00500834724541,"Arabian Peninsula, Saudi Arabia (general), Saudi Arabia",SA,https://www.msn.com/en-ae/news/world/russia-conflict-could-spill-into-middle-east-says-us-general/ar-AATDKAv
20220209,1027368669,20220209,SYRIA,SYR,SAUDI ARABIA,SAU,190,재래식 군사력 사용,19,4,-10.0,1,1,1,-3.00500834724541,Afghanistan,AF,https://www.msn.com/en-ae/news/world/russia-conflict-could-spill-into-middle-east-says-us-general/ar-AATDKAv
20220209,1027368672,20220209,SYRIAN,SYR,LEBANESE,LBN,190,재래식 군사력 사용,19,4,-10.0,3,1,3,-9.2741935483871,"Beirut, Beyrouth, Lebanon",LE,https://thepeninsulaqatar.com/article/01/12/2012/syria-jets-bombard-rebel-targets-near-damascus-airport
20220209,1027371522,20220209,ISRAEL,ISR,IRAN,IRN,190,재래식 군사력 사용,19,4,-10.0,1,1,1,-5.74712643678161,"Jerusalem, Israel (general), Israel",IS,https://www1.cbn.com/cbnnews/israel/2022/february/syrian-missiles-explodes-over-israel-israel-retaliates
20220209,1027371523,20220209,ISRAEL,ISR,IRANIAN,IRN,190,재래식 군사력 사용,19,4,-10.0,4,1,4,-5.74712643678161,Iran,IR,https://www1.cbn.com/cbnnews/israel/2022/february/syrian-missiles-explodes-over-israel-israel-retaliates
20220209,1027371524,20220209,ISRAEL,ISR,IRANIAN,IRN,190,재래식 군사력 사용,19,4,-10.0,5,1,5,-5.74712643678161,"Damascus, Dimashq, Syria",SY,https://www1.cbn.com/cbnnews/israel/2022/february/syrian-missiles-explodes-over-israel-israel-retaliates
20220209,1027371532,20220209,ISRAEL,ISR,WEST BANK,PSE,190,재래식 군사력 사용,19,4,-10.0,2,1,2,-9.38416422287394,"Jerusalem, Israel (general), Israel",IS,https://www1.cbn.com/cbnnews/israel/2022/february/israeli-forces-kill-3-palestinian-suspects-in-counterterrorism-raid
20220209,1027372488,20220209,CAIRO,EGY,YEMENI,YEM,190,재래식 군사력 사용,19,4,-10.0,6,1,6,-9.09090909090914,"Cairo, Al Qahirah, Egypt",EG,https://www.arkansasonline.com/news/2022/feb/09/eu-resuming-aid-to-burundi-citys-uprooted-put-at/
20220209,1027372489,20220209,CAIRO,EGY,YEMENI,YEM,190,재래식 군사력 사용,19,4,-10.0,2,1,2,-9.09090909090914,"Marib, Ma'rib, Yemen",YM,https://www.arkansasonline.com/news/2022/feb/09/eu-resuming-aid-to-burundi-citys-uprooted-put-at/
20220209,1027373216,20220209,YEMENI,YEM,CAIRO,EGY,190,재래식 군사력 사용,19,4,-10.0,6,1,6,-9.09090909090914,"Cairo, Al Qahirah, Egypt",EG,https://www.arkansasonline.com/news/2022/feb/09/eu-resuming-aid-to-burundi-citys-uprooted-put-at/
20220209,1027373217,20220209,YEMENI,YEM,CAIRO,EGY,190,재래식 군사력 사용,19,4,-10.0,2,1,2,-9.09090909090914,"Marib, Ma'rib, Yemen",YM,https://www.arkansasonline.com/news/2022/feb/09/eu-resuming-aid-to-burundi-citys-uprooted-put-at/
20220209,1027374710,20220209,ISRAELI,ISR,SYRIA,SYR,190,재래식 군사력 사용,19,4,-10.0,1,1,1,-3.57142857142858,Israel,IS,"https://www.asianews.it/news-en/Hijab-war,-Karnataka-government-shuts-down-high-schools-and-colleges-55104.html"
20220209,1027374711,20220209,ISRAEL,ISR,SYRIA,SYR,190,재래식 군사력 사용,19,4,-10.0,2,1,2,-2.0,"Umm Al-Fahm, H_efa, Israel",IS,https://odishatv.in/news/international/israel-strikes-syria-in-response-to-anti-aircraft-missile-fire-170252
20220209,1027374969,20220209,SYRIA,SYR,ISRAEL,ISR,190,재래식 군사력 사용,19,4,-10.0,2,1,2,-6.39269406392694,Israel,IS,"https://english.ahram.org.eg/NewsContent/2/8/460795/World/Region/Israel-hits-Syria,-killing-soldier-after-antiaircr.aspx"
20220209,1027378954,20220209,ISRAEL,ISR,SYRIA,SYR,190,재래식 군사력 사용,19,4,-10.0,2,1,2,-2.58899676375404,"Damascus, Dimashq, Syria",SY,https://www.globaltimes.cn/page/202202/1251834.shtml
20220209,1027381206,20220209,ISRAEL,ISR,IRAN,IRN,190,재래식 군사력 사용,19,4,-10.0,1,1,1,-0.38535645472061,"Tehran, Tehran, Iran",IR,https://english.aawsat.com/home/article/3464866/tariq-al-homayed/israels-iran-penetration
20220209,1027381207,20220209,ISRAEL,ISR,IRAN,IRN,190,재래식 군사력 사용,19,4,-10.0,5,2,5,-0.793854421113253,Israel,IS,https://english.aawsat.com/home/article/3464866/tariq-al-homayed/israels-iran-penetration
20220209,1027381457,20220209,WEST BANK,PSE,ISRAEL,ISR,193,소형무기·경무기를 이용한 전투,19,4,-10.0,2,1,2,-10.1485148514851,"Hebron, Israel (general), Israel",IS,https://www.middleeasteye.net/news/israel-palestine-west-bank-confrontations-killing-resistance-fighters
20220209,1027381460,20220209,PALESTINIAN,PSE,ISRAELI,ISR,193,소형무기·경무기를 이용한 전투,19,4,-10.0,1,1,1,-10.1485148514851,"Hebron, Israel (general), Israel",IS,https://www.middleeasteye.net/news/israel-palestine-west-bank-confrontations-killing-resistance-fighters
20220209,1027389268,20220209,IRAN,IRN,ISRAEL,ISR,194,포병·전차를 이용한 전투,19,4,-10.0,4,2,4,-2.29203523514669,"Khorramshahr, Khuzestan, Iran",IR,https://www.jpost.com/middle-east/iran-news/article-695958
20220209,1027389269,20220209,IRAN,IRN,ISRAEL,ISR,194,포병·전차를 이용한 전투,19,4,-10.0,12,2,12,-2.29203523514669,"Jerusalem, Israel (general), Israel",IS,https://www.jpost.com/middle-east/iran-news/article-695958
20220209,1027389270,20220209,IRAN,IRN,ISRAEL,ISR,194,포병·전차를 이용한 전투,19,4,-10.0,4,2,4,-2.29203523514669,"Khorramshahr, Khuzestan, Iran",IR,https://www.jpost.com/middle-east/iran-news/article-695958
20220209,1027389285,20220209,IRAQ,IRQ,SAUDI ARABIA,SAU,190,재래식 군사력 사용,19,4,-10.0,4,2,4,-3.31501831501831,"Tehran, Tehran, Iran",IR,https://www.washingtonexaminer.com/opinion/iran-could-build-a-dirty-bomb-today
20220209,1027389286,20220209,IRAQ,IRQ,SAUDI ARABIA,SAU,190,재래식 군사력 사용,19,4,-10.0,4,2,4,-3.31501831501831,Iraq,IZ,https://www.washingtonexaminer.com/opinion/iran-could-build-a-dirty-bomb-today
20220209,1027389941,20220209,YEMEN,YEM,SAUDI ARABIA,SAU,190,재래식 군사력 사용,19,4,-10.0,4,2,4,-3.31501831501831,"Tehran, Tehran, Iran",IR,https://www.washingtonexaminer.com/opinion/iran-could-build-a-dirty-bomb-today
20220209,1027389942,20220209,YEMEN,YEM,SAUDI ARABIA,SAU,190,재래식 군사력 사용,19,4,-10.0,4,2,4,-3.31501831501831,Iraq,IZ,https://www.washingtonexaminer.com/opinion/iran-could-build-a-dirty-bomb-today
20220209,1027389943,20220209,YEMEN,YEM,SAUDI ARABIA,SAU,190,재래식 군사력 사용,19,4,-10.0,12,2,12,-3.31501831501831,Saudi Arabia,SA,https://www.washingtonexaminer.com/opinion/iran-could-build-a-dirty-bomb-today
20220209,1027393461,20220209,LATAKIA,SYR,ISRAELI,ISR,190,재래식 군사력 사용,19,4,-10.0,2,1,2,-8.274231678487,"Umm Al-Fahm, H_efa, Israel",IS,https://eaworldview.com/2022/02/israel-strikes-damascus/
20220209,1027393462,20220209,LATAKIA,SYR,ISRAEL,ISR,194,포병·전차를 이용한 전투,19,4,-10.0,2,1,2,-8.274231678487,"Moscow, Moskva, Russia",RS,https://eaworldview.com/2022/02/israel-strikes-damascus/
20220209,1027396153,20220209,IRAQI,IRQ,SYRIAN,SYR,190,재래식 군사력 사용,19,4,-10.0,3,1,3,-4.31266846361186,"Baghuz, Al ?asakah, Syria",SY,https://www.nytimes.com/2022/02/09/world/middleeast/syria-camp-violence.html
20220209,1027396154,20220209,IRAQI,IRQ,SYRIAN,SYR,190,재래식 군사력 사용,19,4,-10.0,4,1,4,-4.31266846361186,"Baghuz, Al ?asakah, Syria",SY,https://www.nytimes.com/2022/02/09/world/middleeast/syria-camp-violence.html
20220209,1027396194,20220209,ISRAEL,ISR,SYRIA,SYR,195,공중무기 사용,19,4,-10.0,1,1,1,-0.633501024781069,Syria,SY,https://www.yahoo.com/news/israel-hits-syrian-targets-anti-012524479.html
20220209,1027396195,20220209,ISRAEL,ISR,SYRIA,SYR,195,공중무기 사용,19,4,-10.0,4,1,4,-0.633501024781069,Syria,SY,https://www.yahoo.com/news/israel-hits-syrian-targets-anti-012524479.html
20220209,1027396486,20220209,SAUDI,SAU,YEMEN,YEM,190,재래식 군사력 사용,19,4,-10.0,2,1,2,-4.40744368266406,"Arabian Peninsula, Saudi Arabia (general), Saudi Arabia",SA,https://www.aljazeera.com/news/2022/2/9/yemens-war-explained-in-maps-and-charts-interactive
20220209,1027396487,20220209,SAUDI ARABIA,SAU,YEMEN,YEM,190,재래식 군사력 사용,19,4,-10.0,1,1,1,-4.40744368266406,"Arabian Peninsula, Saudi Arabia (general), Saudi Arabia",SA,https://www.aljazeera.com/news/2022/2/9/yemens-war-explained-in-maps-and-charts-interactive
20220209,1027396502,20220209,SYRIAN,SYR,IRAQI,IRQ,190,재래식 군사력 사용,19,4,-10.0,3,1,3,-4.31266846361186,"Baghuz, Al ?asakah, Syria",SY,https://www.nytimes.com/2022/02/09/world/middleeast/syria-camp-violence.html
20220209,1027396503,20220209,SYRIAN,SYR,IRAQI,IRQ,190,재래식 군사력 사용,19,4,-10.0,4,1,4,-4.31266846361186,"Baghuz, Al ?asakah, Syria",SY,https://www.nytimes.com/2022/02/09/world/middleeast/syria-camp-violence.html
20220209,1027397517,20220209,ISRAELI,ISR,SYRIA,SYR,190,재래식 군사력 사용,19,4,-10.0,2,1,2,-8.8560885608856,"Wadi Ara, H_efa, Israel",IS,https://www.israelnationalnews.com/news/322008
20220209,1027397518,20220209,ISRAELI,ISR,SYRIAN,SYR,190,재래식 군사력 사용,19,4,-10.0,6,1,6,-8.8560885608856,Syria,SY,https://www.israelnationalnews.com/news/322008
20220209,1027397519,20220209,ISRAELI,ISR,SYRIA,SYR,190,재래식 군사력 사용,19,4,-10.0,2,1,2,-8.8560885608856,Syria,SY,https://www.israelnationalnews.com/news/322008
20220209,1027397843,20220209,SYRIAN,SYR,ISRAELI,ISR,190,재래식 군사력 사용,19,4,-10.0,2,1,2,-8.8560885608856,Syria,SY,https://www.israelnationalnews.com/news/322008
20220209,1027397844,20220209,SYRIAN,SYR,ISRAELI,ISR,190,재래식 군사력 사용,19,4,-10.0,2,1,2,-8.8560885608856,Syria,SY,https://www.israelnationalnews.com/news/322008
20220209,1027397845,20220209,SYRIA,SYR,ISRAEL,ISR,195,공중무기 사용,19,4,-10.0,2,1,2,-8.8560885608856,"Wadi Ara, H_efa, Israel",IS,https://www.israelnationalnews.com/news/322008
20220209,1027397846,20220209,SYRIA,SYR,ISRAEL,ISR,195,공중무기 사용,19,4,-10.0,8,1,8,-8.8560885608856,Syria,SY,https://www.israelnationalnews.com/news/322008
20220209,1027397847,20220209,SYRIAN,SYR,ISRAELI,ISR,190,재래식 군사력 사용,19,4,-10.0,6,1,6,-8.8560885608856,Syria,SY,https://www.israelnationalnews.com/news/322008
20220209,1027403601,20220209,SYRIA,SYR,ISRAEL,ISR,194,포병·전차를 이용한 전투,19,4,-10.0,8,1,8,-3.31262939958592,"Dimona, HaDarom, Israel",IS,https://www.jpost.com/arab-israeli-conflict/article-695951
20220209,1027403602,20220209,SYRIAN,SYR,ISRAEL,ISR,194,포병·전차를 이용한 전투,19,4,-10.0,10,1,10,-3.31262939958592,United States,US,https://www.jpost.com/arab-israeli-conflict/article-695951
20220209,1027403611,20220209,ANKARA,TUR,KURDISTAN,IRN,195,공중무기 사용,19,4,-10.0,36,6,36,-1.01576418776899,"Ankara, Ankara, Turkey",TU,https://www.uniindia.com/story/Turkish-airstrike-kills-5-PKK-members-in-N-Iraq
20220209,1027403612,20220209,TURKEY,TUR,KURDISTAN,IRN,195,공중무기 사용,19,4,-10.0,12,6,12,-1.01576418776899,"Ankara, Ankara, Turkey",TU,https://www.uniindia.com/story/Turkish-airstrike-kills-5-PKK-members-in-N-Iraq
20220209,1027403613,20220209,ANKARA,TUR,KURDISTAN,IRN,195,공중무기 사용,19,4,-10.0,12,6,12,-1.01576418776899,Syria,SY,https://www.uniindia.com/story/Turkish-airstrike-kills-5-PKK-members-in-N-Iraq
20220209,1027403614,20220209,TURKISH,TUR,IRAQ,IRQ,195,공중무기 사용,19,4,-10.0,48,6,48,-1.01576418776899,Syria,SY,https://www.uniindia.com/story/Turkish-airstrike-kills-5-PKK-members-in-N-Iraq
20220209,1027403834,20220209,SANA,YEM,LEBANON,LBN,190,재래식 군사력 사용,19,4,-10.0,10,1,10,-6.66666666666667,Lebanon,LE,https://www.plenglish.com/news/2022/02/09/israel-launches-umpteenth-airstrike-on-syria/
20220209,1027405525,20220209,IRAN,IRN,SYRIAN,SYR,190,재래식 군사력 사용,19,4,-10.0,2,1,2,-3.28137817883511,"Damascus, Dimashq, Syria",SY,https://www.ynetnews.com/article/hyj577wk5
20220209,1027405526,20220209,IRANIAN,IRN,SYRIAN,SYR,190,재래식 군사력 사용,19,4,-10.0,6,1,6,-3.28137817883511,"Damascus, Dimashq, Syria",SY,https://www.ynetnews.com/article/hyj577wk5
20220209,1027405875,20220209,SYRIAN,SYR,ISRAEL,ISR,195,공중무기 사용,19,4,-10.0,2,1,2,-3.28137817883511,"Damascus, Dimashq, Syria",SY,https://www.ynetnews.com/article/hyj577wk5
20220209,1027419773,20220209,IRAN,IRN,ISRAELI,ISR,190,재래식 군사력 사용,19,4,-10.0,2,1,2,-5.11627906976744,Iran,IR,https://www.algemeiner.com/2022/02/09/hassan-nasrallah-declares-war-with-iran-will-blow-up-entire-region/
20220209,1027419819,20220209,ISRAEL,ISR,IRAN,IRN,190,재래식 군사력 사용,19,4,-10.0,4,1,4,-0.998103404309575,Iraq,IZ,https://www.msn.com/en-gb/news/world/iran-unveils-new-missile-that-puts-nemesis-israel-and-us-regional-bases-within-range/ar-AATEBiU
20220209,1027419820,20220209,ISRAEL,ISR,IRAN,IRN,190,재래식 군사력 사용,19,4,-10.0,2,1,2,-5.11627906976744,Israel,IS,https://www.algemeiner.com/2022/02/09/hassan-nasrallah-declares-war-with-iran-will-blow-up-entire-region/
20220209,1027419827,20220209,ISRAELI,ISR,LEBANON,LBN,195,공중무기 사용,19,4,-10.0,1,1,1,-6.59722222222222,Israel,IS,https://www.algemeiner.com/2022/02/09/israel-strikes-syria-in-response-to-anti-aircraft-fire/
20220209,1027419828,20220209,ISRAELI,ISR,LEBANON,LBN,195,공중무기 사용,19,4,-10.0,1,1,1,-6.59722222222222,Israel,IS,https://www.algemeiner.com/2022/02/09/israel-strikes-syria-in-response-to-anti-aircraft-fire/
20220209,1027419834,20220209,ISRAEL,ISR,SYRIA,SYR,193,소형무기·경무기를 이용한 전투,19,4,-10.0,2,1,2,-6.59722222222222,"Golan Heights, Syria (general), Syria",SY,https://www.algemeiner.com/2022/02/09/israel-strikes-syria-in-response-to-anti-aircraft-fire/
20220209,1027420234,20220209,SYRIAN,SYR,ISRAEL,ISR,193,소형무기·경무기를 이용한 전투,19,4,-10.0,1,1,1,-6.59722222222222,"Golan Heights, Syria (general), Syria",SY,https://www.algemeiner.com/2022/02/09/israel-strikes-syria-in-response-to-anti-aircraft-fire/
20220209,1027421468,20220209,SYRIA,SYR,IRAQ,IRQ,190,재래식 군사력 사용,19,4,-10.0,1,1,1,-4.70701248799231,Syria,SY,https://gulfnews.com/world/mena/daesh-likely-to-pick-battle-hardened-iraqi-as-next-leader-1.85561426
20220209,1027421469,20220209,SYRIA,SYR,IRAQ,IRQ,190,재래식 군사력 사용,19,4,-10.0,1,1,1,-4.70701248799231,Syria,SY,https://gulfnews.com/world/mena/daesh-likely-to-pick-battle-hardened-iraqi-as-next-leader-1.85561426
20220209,1027424109,20220209,EGYPT,EGY,SYRIA,SYR,190,재래식 군사력 사용,19,4,-10.0,2,1,2,0.40392383150606,Syria,SY,https://www.dw.com/en/german-foreign-minister-annalena-baerbock-heads-to-middle-east/a-60715802
20220209,1027424110,20220209,EGYPT,EGY,SYRIA,SYR,190,재래식 군사력 사용,19,4,-10.0,6,1,6,0.40392383150606,"Gaza, Israel (general), Israel",IS,https://www.dw.com/en/german-foreign-minister-annalena-baerbock-heads-to-middle-east/a-60715802
20220209,1027424111,20220209,EGYPT,EGY,SYRIA,SYR,190,재래식 군사력 사용,19,4,-10.0,2,1,2,0.40392383150606,"Washington, District of Columbia, United States",US,https://www.dw.com/en/german-foreign-minister-annalena-baerbock-heads-to-middle-east/a-60715802
20220209,1027424466,20220209,IRAN,IRN,YEMEN,YEM,194,포병·전차를 이용한 전투,19,4,-10.0,5,1,5,-4.6189376443418,"Sanaa, Sana', Yemen",YM,https://www.middleeastmonitor.com/20220209-us-embassy-in-uae-issues-warning-of-missile-drone-attack/
20220209,1027424509,20220209,ISRAELI,ISR,PALESTINIAN,PSE,190,재래식 군사력 사용,19,4,-10.0,2,1,2,-6.52173913043478,Israel,IS,https://www.middleeastmonitor.com/20220209-nablus-general-strike-in-protest-against-israels-killing-of-palestinians/
20220209,1027424897,20220209,PALESTINIAN,PSE,ISRAELI,ISR,190,재래식 군사력 사용,19,4,-10.0,2,1,2,-6.52173913043478,Israel,IS,https://www.middleeastmonitor.com/20220209-nablus-general-strike-in-protest-against-israels-killing-of-palestinians/
20220209,1027424898,20220209,PALESTINIAN,PSE,ISRAELI,ISR,193,소형무기·경무기를 이용한 전투,19,4,-10.0,2,1,2,-6.52173913043478,Israel,IS,https://www.middleeastmonitor.com/20220209-nablus-general-strike-in-protest-against-israels-killing-of-palestinians/
20220209,1027424994,20220209,SYRIA,SYR,EGYPT,EGY,190,재래식 군사력 사용,19,4,-10.0,2,1,2,0.40392383150606,Syria,SY,https://www.dw.com/en/german-foreign-minister-annalena-baerbock-heads-to-middle-east/a-60715802
20220209,1027424995,20220209,SYRIA,SYR,EGYPT,EGY,190,재래식 군사력 사용,19,4,-10.0,2,1,2,0.40392383150606,"Washington, District of Columbia, United States",US,https://www.dw.com/en/german-foreign-minister-annalena-baerbock-heads-to-middle-east/a-60715802
20220209,1027424996,20220209,SYRIA,SYR,EGYPT,EGY,190,재래식 군사력 사용,19,4,-10.0,6,1,6,0.40392383150606,"Gaza, Israel (general), Israel",IS,https://www.dw.com/en/german-foreign-minister-annalena-baerbock-heads-to-middle-east/a-60715802
20220209,1027431542,20220208,ISRAELI,ISR,SYRIA,SYR,195,공중무기 사용,19,4,-10.0,4,1,4,-3.5377358490566,"Damascus, Dimashq, Syria",SY,https://www.taipeitimes.com/News/world/archives/2022/02/10/2003772901
20220209,1027431545,20220208,ISRAELI,ISR,SYRIA,SYR,195,공중무기 사용,19,4,-10.0,4,1,4,-3.5377358490566,"Damascus, Dimashq, Syria",SY,https://www.taipeitimes.com/News/world/archives/2022/02/10/2003772901
20220209,1027431546,20220208,ISRAEL,ISR,SYRIA,SYR,195,공중무기 사용,19,4,-10.0,2,1,2,-3.5377358490566,Israel,IS,https://www.taipeitimes.com/News/world/archives/2022/02/10/2003772901
20220209,1027432505,20220209,ISRAELI,ISR,LEBANON,LBN,195,공중무기 사용,19,4,-10.0,8,1,8,-7.17703349282297,"Golan Heights, Syria (general), Syria",SY,https://en.vestikavkaza.ru/news/Israel-strikes-Syria-in-response-to-anti-aircraft-fire.html
20220209,1027432508,20220209,ISRAELI,ISR,WEST BANK,PSE,190,재래식 군사력 사용,19,4,-10.0,10,1,10,-3.95869191049914,West Bank,WE,https://www.timesofisrael.com/opposition-bill-on-connecting-illegal-west-bank-outposts-to-power-grid-shot-down/
20220209,1027432509,20220209,ISRAEL,ISR,HAMAS,PSE,190,재래식 군사력 사용,19,4,-10.0,46,5,46,-9.41653709338647,"Gaza, Israel (general), Israel",IS,https://www.sandiegouniontribune.com/news/nation-world/story/2022-02-09/palestinians-torch-construction-vehicle-near-gaza-frontier
20220209,1027432510,20220209,ISRAEL,ISR,HAMAS,PSE,190,재래식 군사력 사용,19,4,-10.0,14,7,14,-10.8974358974359,Egypt,EG,https://www.washingtonpost.com/world/palestinians-torch-construction-vehicle-near-gaza-frontier/2022/02/09/2dca8be2-89c7-11ec-838f-0cfdf69cce3c_story.html
20220209,1027432511,20220209,ISRAEL,ISR,HAMAS,PSE,190,재래식 군사력 사용,19,4,-10.0,60,9,60,-10.6390510017529,Egypt,EG,https://www.washingtonpost.com/world/palestinians-torch-construction-vehicle-near-gaza-frontier/2022/02/09/2dca8be2-89c7-11ec-838f-0cfdf69cce3c_story.html
20220209,1027432900,20220209,SYRIA,SYR,IRAN,IRN,192,영토 점령,19,4,-9.5,1,1,1,-1.22137404580152,"New York, United States",US,https://english.newsnationtv.com/education/board-exams/cbse-board-exam-details-know-more-details-249529.html
20220209,1027432901,20220209,SYRIA,SYR,IRAN,IRN,192,영토 점령,19,4,-9.5,1,1,1,-1.22137404580152,Syria,SY,https://english.newsnationtv.com/education/board-exams/cbse-board-exam-details-know-more-details-249529.html
20220209,1027434122,20220209,ISRAELI,ISR,PALESTINIAN,PSE,190,재래식 군사력 사용,19,4,-10.0,4,1,4,-2.20588235294118,"Rahat, HaDarom, Israel",IS,https://www.middleeasteye.net/news/israel-palestine-negev-settlers-new-settlement
20220209,1027434134,20220209,ISRAELI,ISR,SYRIA,SYR,194,포병·전차를 이용한 전투,19,4,-10.0,1,1,1,-7.85953177257522,"Damascus, Dimashq, Syria",SY,"https://www.presstv.ir/Detail/2022/02/09/676493/Palestinians-slam-Israeli-missile-strikes-on-Syria,-voice-support-for-Damascus-retaliation"
20220209,1027434135,20220209,ISRAELI,ISR,SYRIA,SYR,194,포병·전차를 이용한 전투,19,4,-10.0,1,1,1,-7.85953177257522,"Tel Aviv, Tel Aviv, Israel",IS,"https://www.presstv.ir/Detail/2022/02/09/676493/Palestinians-slam-Israeli-missile-strikes-on-Syria,-voice-support-for-Damascus-retaliation"
20220209,1027434144,20220209,ISRAELI,ISR,PALESTINIAN,PSE,190,재래식 군사력 사용,19,4,-10.0,2,1,2,-2.20588235294118,"Rahat, HaDarom, Israel",IS,https://www.middleeasteye.net/news/israel-palestine-negev-settlers-new-settlement
20220209,1027434364,20220209,PALESTINIAN,PSE,ISRAELI,ISR,194,포병·전차를 이용한 전투,19,4,-10.0,1,1,1,-7.85953177257522,"Tel Aviv, Tel Aviv, Israel",IS,"https://www.presstv.ir/Detail/2022/02/09/676493/Palestinians-slam-Israeli-missile-strikes-on-Syria,-voice-support-for-Damascus-retaliation"
20220209,1027437151,20220209,ISRAELI,ISR,WEST BANK,PSE,193,소형무기·경무기를 이용한 전투,19,4,-10.0,23,2,14,-3.89310942289752,"Jerusalem, Israel (general), Israel",IS,https://www.msn.com/en-us/news/world/plo-again-suspends-ties-with-israel/ar-AATEJTr
20220209,1027449732,20220209,IRAQ,IRQ,SYRIA,SYR,190,재래식 군사력 사용,19,4,-10.0,18,9,18,-2.67353205446947,"Mawla, Maysan, Iraq",IZ,https://www.voanews.com/a/islamic-state-could-be-headed-for-generational-change-/6434306.html
20220209,1027449733,20220209,IRAQ,IRQ,SYRIA,SYR,190,재래식 군사력 사용,19,4,-10.0,18,9,18,-2.67353205446947,"Mawla, Maysan, Iraq",IZ,https://www.voanews.com/a/islamic-state-could-be-headed-for-generational-change-/6434306.html
20220209,1027449734,20220209,IRAQ,IRQ,SYRIA,SYR,190,재래식 군사력 사용,19,4,-10.0,36,9,36,-2.67353205446947,Syria,SY,https://www.voanews.com/a/islamic-state-could-be-headed-for-generational-change-/6434306.html
20220209,1027456647,20220209,ISRAEL,ISR,SYRIA,SYR,195,공중무기 사용,19,4,-10.0,2,1,2,-4.77707006369427,Israel,IS,https://www.algemeiner.com/2022/02/09/russian-army-in-syria-activated-defense-system-during-israeli-strikes-that-interfered-with-gps/
20220209,1027456648,20220209,ISRAEL,ISR,SYRIA,SYR,195,공중무기 사용,19,4,-10.0,8,1,8,-4.77707006369427,Israel,IS,https://www.algemeiner.com/2022/02/09/russian-army-in-syria-activated-defense-system-during-israeli-strikes-that-interfered-with-gps/
20220209,1027459613,20220209,ISRAEL,ISR,HAMAS,PSE,190,재래식 군사력 사용,19,4,-10.0,8,2,8,-3.31036369543286,Gaza Strip,GZ,https://www.clevelandjewishnews.com/jns/tlaib-paid-170-000-to-firm-run-by-activist-who-accuses-israel-of-ethnic-cleansing/article_0774b8d6-67ab-5f71-983e-93bebf28c015.html
20220209,1027459614,20220209,ISRAEL,ISR,HAMAS,PSE,190,재래식 군사력 사용,19,4,-10.0,2,2,2,-3.31036369543286,United States,US,https://www.clevelandjewishnews.com/jns/tlaib-paid-170-000-to-firm-run-by-activist-who-accuses-israel-of-ethnic-cleansing/article_0774b8d6-67ab-5f71-983e-93bebf28c015.html
20220209,1027459986,20220209,HAMAS,PSE,ISRAEL,ISR,190,재래식 군사력 사용,19,4,-10.0,8,2,8,-3.31036369543286,Gaza Strip,GZ,https://www.clevelandjewishnews.com/jns/tlaib-paid-170-000-to-firm-run-by-activist-who-accuses-israel-of-ethnic-cleansing/article_0774b8d6-67ab-5f71-983e-93bebf28c015.html
20220209,1027459987,20220209,HAMAS,PSE,ISRAEL,ISR,190,재래식 군사력 사용,19,4,-10.0,2,2,2,-3.31036369543286,United States,US,https://www.clevelandjewishnews.com/jns/tlaib-paid-170-000-to-firm-run-by-activist-who-accuses-israel-of-ethnic-cleansing/article_0774b8d6-67ab-5f71-983e-93bebf28c015.html
20220209,1027460590,20220209,ADEN,YEM,IRAN,IRN,190,재래식 군사력 사용,19,4,-10.0,2,1,2,0.0,Yemen,YM,https://www.kuna.net.kw/ArticleDetails.aspx?id=3025305&language=en
20220209,1027472145,20220209,ISRAEL,ISR,SYRIA,SYR,194,포병·전차를 이용한 전투,19,4,-10.0,1,1,1,-7.69230769230769,"Damascus, Dimashq, Syria",SY,https://tass.com/world/1400621
20220209,1027472146,20220209,ISRAELI,ISR,SANA,YEM,190,재래식 군사력 사용,19,4,-10.0,2,1,2,-7.69230769230769,"Damascus, Dimashq, Syria",SY,https://tass.com/world/1400621
20220209,1027472147,20220209,ISRAELI,ISR,SANA,YEM,190,재래식 군사력 사용,19,4,-10.0,8,1,8,-7.69230769230769,Israel,IS,https://tass.com/world/1400621
20220209,1027472158,20220209,ISRAEL,ISR,SYRIAN,SYR,194,포병·전차를 이용한 전투,19,4,-10.0,3,1,3,-7.69230769230769,Israel,IS,https://tass.com/world/1400621
20220209,1027472373,20220209,SAUDI,SAU,YEMEN,YEM,190,재래식 군사력 사용,19,4,-10.0,16,1,16,-5.84258812168035,"Masam, Abyan, Yemen",YM,https://alsahwa-yemen.net/p-54586
20220209,1027475606,20220209,ISRAELI,ISR,WEST BANK,PSE,193,소형무기·경무기를 이용한 전투,19,4,-10.0,10,1,10,-8.34645669291339,"Nablus, West Bank (general), West Bank",WE,https://www.presstv.ir/Detail/2022/02/09/676510/Palestinians-protesting-against-fatal-shooting-in-West-Bank-injured-by-Israeli-forces
20220209,1027475624,20220209,ISRAELI,ISR,TURKISH,TUR,190,재래식 군사력 사용,19,4,-10.0,2,1,2,-0.50143266475645,Israel,IS,https://www.jta.org/2022/02/09/global/under-erdogan-turkish-authorities-are-leading-a-revival-of-jewish-heritage
20220209,1027475625,20220209,ISRAEL,ISR,TURKEY,TUR,190,재래식 군사력 사용,19,4,-10.0,1,1,1,-0.50143266475645,"Kilis, Kilis, Turkey",TU,https://www.jta.org/2022/02/09/global/under-erdogan-turkish-authorities-are-leading-a-revival-of-jewish-heritage
20220209,1027475936,20220209,TURKISH,TUR,ISRAELI,ISR,190,재래식 군사력 사용,19,4,-10.0,2,1,2,-0.50143266475645,Israel,IS,https://www.jta.org/2022/02/09/global/under-erdogan-turkish-authorities-are-leading-a-revival-of-jewish-heritage
20220209,1027475937,20220209,TURKEY,TUR,ISRAEL,ISR,190,재래식 군사력 사용,19,4,-10.0,1,1,1,-0.50143266475645,"Kilis, Kilis, Turkey",TU,https://www.jta.org/2022/02/09/global/under-erdogan-turkish-authorities-are-leading-a-revival-of-jewish-heritage
20220209,1027481019,20220209,ISRAELI,ISR,SYRIA,SYR,190,재래식 군사력 사용,19,4,-10.0,12,2,12,-3.85674931129476,"Golan Heights, Syria (general), Syria",SY,https://www.bignewsnetwork.com/news/272282494/syria-shoots-down-israeli-missiles-russia
20220209,1027481283,20220209,SYRIA,SYR,ISRAEL,ISR,193,소형무기·경무기를 이용한 전투,19,4,-10.0,4,2,4,-3.85674931129476,"Damascus, Dimashq, Syria",SY,https://www.bignewsnetwork.com/news/272282494/syria-shoots-down-israeli-missiles-russia
20220209,1027481284,20220209,SYRIA,SYR,ISRAELI,ISR,193,소형무기·경무기를 이용한 전투,19,4,-10.0,8,2,8,-3.85674931129476,"Pantsir, Saratovskaya Oblast', Russia",RS,https://www.bignewsnetwork.com/news/272282494/syria-shoots-down-israeli-missiles-russia
20220209,1027481285,20220209,SYRIA,SYR,ISRAELI,ISR,193,소형무기·경무기를 이용한 전투,19,4,-10.0,8,2,8,-3.85674931129476,"Pantsir, Saratovskaya Oblast', Russia",RS,https://www.bignewsnetwork.com/news/272282494/syria-shoots-down-israeli-missiles-russia
20220209,1027483137,20220209,BAGHDAD,IRQ,SYRIA,SYR,190,재래식 군사력 사용,19,4,-10.0,10,1,10,-6.89655172413793,Syria,SY,https://www.washingtonpost.com/podcasts/post-reports/is-isis-back/
20220209,1027485194,20220209,SAUDI ARABIA,SAU,YEMEN,YEM,194,포병·전차를 이용한 전투,19,4,-10.0,2,1,2,-0.32258064516129,Iran,IR,https://www.msn.com/en-ae/news/world/biden-and-king-salman-discuss-houthi-attacks-and-iran/ar-AATFzEG
20220209,1027485195,20220209,SAUDI ARABIA,SAU,YEMEN,YEM,194,포병·전차를 이용한 전투,19,4,-10.0,8,1,8,-0.32258064516129,Yemen,YM,https://www.msn.com/en-ae/news/world/biden-and-king-salman-discuss-houthi-attacks-and-iran/ar-AATFzEG
20220209,1027486683,20220209,JERUSALEM,ISR,SYRIA,SYR,194,포병·전차를 이용한 전투,19,4,-10.0,2,1,2,-2.9045643153527,Iran,IR,http://jordantimes.com/news/region/israel-hits-missile-targets-syria-%E2%80%94-occupation-forces
20220210,1027491093,20220210,ISRAEL,ISR,SYRIAN,SYR,190,재래식 군사력 사용,19,4,-10.0,2,1,2,-5.46021840873635,"Kiev, Ukraine (general), Ukraine",UP,https://www.wsws.org/en/articles/2022/02/09/isra-f09.html
20220210,1027491094,20220210,ISRAEL,ISR,DAMASCUS,SYR,190,재래식 군사력 사용,19,4,-10.0,2,1,2,-5.46021840873635,"Damascus, Dimashq, Syria",SY,https://www.wsws.org/en/articles/2022/02/09/isra-f09.html
20220210,1027491095,20220210,ISRAEL,ISR,SYRIA,SYR,190,재래식 군사력 사용,19,4,-10.0,2,1,2,-5.46021840873635,"Jerusalem, Israel (general), Israel",IS,https://www.wsws.org/en/articles/2022/02/09/isra-f09.html
20220210,1027491096,20220210,ISRAEL,ISR,SYRIA,SYR,190,재래식 군사력 사용,19,4,-10.0,6,1,6,-5.46021840873635,"Mediterranean Sea, Oceans (general), Oceans",OS,https://www.wsws.org/en/articles/2022/02/09/isra-f09.html
20220210,1027491097,20220210,ISRAEL,ISR,SYRIA,SYR,190,재래식 군사력 사용,19,4,-10.0,4,1,4,-5.46021840873635,"Tel Aviv, Tel Aviv, Israel",IS,https://www.wsws.org/en/articles/2022/02/09/isra-f09.html
20220210,1027491098,20220210,ISRAEL,ISR,DAMASCUS,SYR,190,재래식 군사력 사용,19,4,-10.0,11,3,11,-3.32390582848427,"Jerusalem, Israel (general), Israel",IS,https://www.wsws.org/en/articles/2022/02/09/isra-f09.html
20220210,1027491099,20220210,ISRAEL,ISR,SYRIAN,SYR,190,재래식 군사력 사용,19,4,-10.0,2,1,2,-5.46021840873635,"Jerusalem, Israel (general), Israel",IS,https://www.wsws.org/en/articles/2022/02/09/isra-f09.html
20220210,1027491100,20220210,ISRAELI,ISR,DAMASCUS,SYR,194,포병·전차를 이용한 전투,19,4,-10.0,20,2,20,-9.49367088607595,Israel,IS,https://www.middleeaststar.com/news/272281838/yemen-condemns-israeli-aggression-on-areas-in-vicinity-of-damascus
20220210,1027491101,20220210,ISRAEL,ISR,SYRIA,SYR,195,공중무기 사용,19,4,-10.0,12,2,12,-5.2553617296207,"Umm Al-Fahm, H_efa, Israel",IS,https://www.wsws.org/en/articles/2022/02/09/isra-f09.html
20220210,1027491102,20220210,ISRAEL,ISR,SYRIAN,SYR,190,재래식 군사력 사용,19,4,-10.0,6,1,6,-5.46021840873635,"Kiev, Ukraine (general), Ukraine",UP,https://www.wsws.org/en/articles/2022/02/09/isra-f09.html
20220210,1027493511,20220209,AMMAN,JOR,DAMASCUS,SYR,195,공중무기 사용,19,4,-10.0,6,1,6,-5.37897310513447,"Damascus, Dimashq, Syria",SY,https://thepeninsulaqatar.com/article/22/11/2012/jets-blast-rebels-in-damascus
20220210,1027493512,20220209,AMMAN,JOR,DAMASCUS,SYR,195,공중무기 사용,19,4,-10.0,2,1,2,-5.37897310513447,"Damascus, Dimashq, Syria",SY,https://thepeninsulaqatar.com/article/22/11/2012/jets-blast-rebels-in-damascus
20220210,1027494520,20220210,IRAQ,IRQ,SAUDI ARABIA,SAU,190,재래식 군사력 사용,19,4,-10.0,1,1,1,-2.62793914246197,"Tehran, Tehran, Iran",IR,https://www.newdelhitimes.com/us-general-says-russia-turmoil-could-spill-to-middle-east/
20220210,1027494521,20220210,IRAQ,IRQ,SAUDI ARABIA,SAU,190,재래식 군사력 사용,19,4,-10.0,2,1,2,-2.62793914246197,Saudi Arabia,SA,https://www.newdelhitimes.com/us-general-says-russia-turmoil-could-spill-to-middle-east/
20220210,1027495022,20220210,SYRIA,SYR,SAUDI ARABIA,SAU,190,재래식 군사력 사용,19,4,-10.0,1,1,1,-2.62793914246197,"Tehran, Tehran, Iran",IR,https://www.newdelhitimes.com/us-general-says-russia-turmoil-could-spill-to-middle-east/
20220210,1027495023,20220210,SYRIA,SYR,SAUDI ARABIA,SAU,190,재래식 군사력 사용,19,4,-10.0,2,1,2,-2.62793914246197,Saudi Arabia,SA,https://www.newdelhitimes.com/us-general-says-russia-turmoil-could-spill-to-middle-east/
20220210,1027497843,20220210,ISRAEL,ISR,HAMAS,PSE,190,재래식 군사력 사용,19,4,-10.0,4,1,4,-3.22580645161291,Gaza Strip,GZ,https://www.jns.org/tlaib-paid-170000-to-firm-run-by-activist-who-accuses-israel-of-ethnic-cleansing/
20220210,1027497844,20220210,ISRAEL,ISR,HAMAS,PSE,190,재래식 군사력 사용,19,4,-10.0,29,5,29,-5.95165348790804,Israel,IS,https://www.jta.org/2022/02/09/global/british-jews-record-2255-antisemitic-incidents-last-year-the-highest-tally-in-europe
20220210,1027497845,20220210,ISRAEL,ISR,HAMAS,PSE,190,재래식 군사력 사용,19,4,-10.0,2,2,2,-2.96425457715781,United States,US,https://www.jns.org/tlaib-paid-170000-to-firm-run-by-activist-who-accuses-israel-of-ethnic-cleansing/
20220210,1027497846,20220210,ISRAEL,ISR,HAMAS,PSE,193,소형무기·경무기를 이용한 전투,19,4,-10.0,45,5,45,-6.34666388291843,"London, London, City of, United Kingdom",UK,https://www.jta.org/2022/02/09/global/british-jews-record-2255-antisemitic-incidents-last-year-the-highest-tally-in-europe
20220210,1027497867,20220210,ISRAELI,ISR,TURKISH,TUR,190,재래식 군사력 사용,19,4,-10.0,2,1,2,-0.57929036929762,Israel,IS,https://www.clevelandjewishnews.com/jta/under-erdo-an-turkish-authorities-are-leading-a-revival-of-jewish-heritage/article_67261baf-910b-5126-9cc7-5421559e1cad.html
20220210,1027497868,20220210,ISRAEL,ISR,TURKEY,TUR,190,재래식 군사력 사용,19,4,-10.0,1,1,1,-0.57929036929762,"Izmir, Izmir, Turkey",TU,https://www.clevelandjewishnews.com/jta/under-erdo-an-turkish-authorities-are-leading-a-revival-of-jewish-heritage/article_67261baf-910b-5126-9cc7-5421559e1cad.html
20220210,1027498316,20220210,GAZA,PSE,ISRAEL,ISR,190,재래식 군사력 사용,19,4,-10.0,8,2,8,-6.91358841961251,"South Yorkshire, United Kingdom (general), United Kingdom",UK,https://www.theguardian.com/news/2022/feb/10/anti-jewish-hate-incidents-hit-record-high-in-uk
20220210,1027498317,20220210,GAZA,PSE,ISRAEL,ISR,190,재래식 군사력 사용,19,4,-10.0,12,3,12,-7.33402726073027,"Gaza, Israel (general), Israel",IS,https://www.theguardian.com/news/2022/feb/10/anti-jewish-hate-incidents-hit-record-high-in-uk
20220210,1027498318,20220210,GAZA,PSE,ISRAEL,ISR,194,포병·전차를 이용한 전투,19,4,-10.0,12,2,12,-6.91358841961251,"Gaza, Israel (general), Israel",IS,https://www.theguardian.com/news/2022/feb/10/anti-jewish-hate-incidents-hit-record-high-in-uk
20220210,1027498324,20220210,HAMAS,PSE,ISRAEL,ISR,190,재래식 군사력 사용,19,4,-10.0,48,5,48,-6.38702977027209,"Gaza, Israel (general), Israel",IS,https://www.theguardian.com/news/2022/feb/10/anti-jewish-hate-incidents-hit-record-high-in-uk
20220210,1027498325,20220210,HAMAS,PSE,ISRAEL,ISR,190,재래식 군사력 사용,19,4,-10.0,7,2,7,-2.96425457715781,Gaza Strip,GZ,https://www.jns.org/tlaib-paid-170000-to-firm-run-by-activist-who-accuses-israel-of-ethnic-cleansing/
20220210,1027498326,20220210,HAMAS,PSE,ISRAEL,ISR,190,재래식 군사력 사용,19,4,-10.0,26,4,26,-6.76389118420937,Israel,IS,https://www.jta.org/2022/02/09/global/british-jews-record-2255-antisemitic-incidents-last-year-the-highest-tally-in-europe
20220210,1027498327,20220210,HAMAS,PSE,ISRAEL,ISR,190,재래식 군사력 사용,19,4,-10.0,2,2,2,-2.96425457715781,United States,US,https://www.jns.org/tlaib-paid-170000-to-firm-run-by-activist-who-accuses-israel-of-ethnic-cleansing/
20220210,1027498328,20220210,HAMAS,PSE,ISRAEL,ISR,193,소형무기·경무기를 이용한 전투,19,4,-10.0,35,4,35,-6.76389118420937,Israel,IS,https://www.jta.org/2022/02/09/global/british-jews-record-2255-antisemitic-incidents-last-year-the-highest-tally-in-europe
20220210,1027498329,20220210,HAMAS,PSE,ISRAEL,ISR,194,포병·전차를 이용한 전투,19,4,-10.0,20,2,20,-6.91358841961251,"Gaza, Israel (general), Israel",IS,https://www.theguardian.com/news/2022/feb/10/anti-jewish-hate-incidents-hit-record-high-in-uk
20220210,1027498509,20220210,TURKISH,TUR,ISRAELI,ISR,190,재래식 군사력 사용,19,4,-10.0,2,1,2,-0.57929036929762,Israel,IS,https://www.clevelandjewishnews.com/jta/under-erdo-an-turkish-authorities-are-leading-a-revival-of-jewish-heritage/article_67261baf-910b-5126-9cc7-5421559e1cad.html
20220210,1027498510,20220210,TURKEY,TUR,ISRAEL,ISR,190,재래식 군사력 사용,19,4,-10.0,1,1,1,-0.57929036929762,"Izmir, Izmir, Turkey",TU,https://www.clevelandjewishnews.com/jta/under-erdo-an-turkish-authorities-are-leading-a-revival-of-jewish-heritage/article_67261baf-910b-5126-9cc7-5421559e1cad.html
20220210,1027503208,20220210,ISRAELI,ISR,SYRIA,SYR,190,재래식 군사력 사용,19,4,-10.0,12,6,12,-4.29332283877738,"Golan Heights, Syria (general), Syria",SY,https://www.europesun.com/news/272282494/syria-shoots-down-israeli-missiles-russia
20220210,1027503226,20220210,ISRAELI,ISR,SYRIA,SYR,190,재래식 군사력 사용,19,4,-10.0,30,5,30,-3.85674931129476,"Golan Heights, Syria (general), Syria",SY,https://www.europesun.com/news/272282494/syria-shoots-down-israeli-missiles-russia
20220210,1027503577,20220210,SYRIA,SYR,ISRAEL,ISR,193,소형무기·경무기를 이용한 전투,19,4,-10.0,10,5,10,-3.85674931129476,"Damascus, Dimashq, Syria",SY,https://www.europesun.com/news/272282494/syria-shoots-down-israeli-missiles-russia
20220210,1027503578,20220210,SYRIA,SYR,ISRAELI,ISR,193,소형무기·경무기를 이용한 전투,19,4,-10.0,20,5,20,-3.85674931129476,"Pantsir, Saratovskaya Oblast', Russia",RS,https://www.europesun.com/news/272282494/syria-shoots-down-israeli-missiles-russia
20220210,1027503579,20220210,SYRIA,SYR,ISRAELI,ISR,193,소형무기·경무기를 이용한 전투,19,4,-10.0,20,5,20,-3.85674931129476,"Pantsir, Saratovskaya Oblast', Russia",RS,https://www.europesun.com/news/272282494/syria-shoots-down-israeli-missiles-russia
20220210,1027507373,20220210,ISRAELI,ISR,WEST BANK,PSE,193,소형무기·경무기를 이용한 전투,19,4,-10.0,1,1,1,-7.53424657534247,"Nablus, West Bank (general), West Bank",WE,https://kesq.com/news/2022/02/08/three-palestinian-militants-killed-in-nablus-in-israeli-counter-terror-operation/
20220210,1027507374,20220210,ISRAELI,ISR,WEST BANK,PSE,193,소형무기·경무기를 이용한 전투,19,4,-10.0,7,1,7,-7.53424657534247,Israel,IS,https://kesq.com/news/2022/02/08/three-palestinian-militants-killed-in-nablus-in-israeli-counter-terror-operation/
20220210,1027507375,20220210,ISRAELI,ISR,WEST BANK,PSE,193,소형무기·경무기를 이용한 전투,19,4,-10.0,2,1,2,-7.53424657534247,Israel,IS,https://kesq.com/news/2022/02/08/three-palestinian-militants-killed-in-nablus-in-israeli-counter-terror-operation/
20220210,1027507670,20220210,WEST BANK,PSE,ISRAEL,ISR,190,재래식 군사력 사용,19,4,-10.0,6,1,6,-7.53424657534247,Israel,IS,https://kesq.com/news/2022/02/08/three-palestinian-militants-killed-in-nablus-in-israeli-counter-terror-operation/
20220210,1027509715,20220210,SYRIA,SYR,ISRAELI,ISR,193,소형무기·경무기를 이용한 전투,19,4,-10.0,10,1,10,-3.14685314685315,"Golan Heights, Syria (general), Syria",SY,http://gnnliberia.com/2022/02/09/syria-shoots-down-israeli-missiles-russia/
20220210,1027511280,20220210,JERUSALEM,ISR,SYRIA,SYR,194,포병·전차를 이용한 전투,19,4,-10.0,4,2,4,-2.87504638531863,Iran,IR,http://www.jordantimes.com/news/region/israel-hits-missile-targets-syria-%E2%80%94-occupation-forces
20220210,1027519651,20220210,TEHRAN,IRN,IRAQI,IRQ,1384,재래식 군사 공격 위협,13,3,-7.0,1,1,1,-5.88235294117647,"Tehran, Tehran, Iran",IR,https://english.newsnationtv.com/business/gold-silver/gold-silver-rate-today-10-feb-2022-gold-and-silver-jump-before-inflation-data-in-us-what-to-do-now-249616.html
20220210,1027523179,20220210,SAUDI,SAU,YEMEN,YEM,190,재래식 군사력 사용,19,4,-10.0,8,1,8,-6.42201834862385,"Masam, Abyan, Yemen",YM,https://www.alsahwa-yemen.net/en/p-%2054586
20220210,1027525675,20220210,ISRAELI,ISR,PALESTINIAN,PSE,190,재래식 군사력 사용,19,4,-10.0,24,4,24,-5.24945646670708,"Jerusalem, Israel (general), Israel",IS,https://blogs.timesofisrael.com/idf-kills-terrorists-and-some-media-outlets-refuse-to-call-them-terrrorists/
20220210,1027525843,20220210,PALESTINIAN,PSE,ISRAELI,ISR,190,재래식 군사력 사용,19,4,-10.0,8,2,8,-8.71726696177435,"Jerusalem, Israel (general), Israel",IS,https://blogs.timesofisrael.com/idf-kills-terrorists-and-some-media-outlets-refuse-to-call-them-terrrorists/
20220210,1027525846,20220210,PALESTINIAN,PSE,ISRAELI,ISR,190,재래식 군사력 사용,19,4,-10.0,2,1,2,-7.19769673704414,"Jerusalem, Israel (general), Israel",IS,https://blogs.timesofisrael.com/idf-kills-terrorists-and-some-media-outlets-refuse-to-call-them-terrrorists/
20220210,1027525856,20220210,AL JAZEERA,QAT,PALESTINIAN,PSE,190,재래식 군사력 사용,19,4,-10.0,7,1,7,-7.19769673704414,"Jerusalem, Israel (general), Israel",IS,https://blogs.timesofisrael.com/idf-kills-terrorists-and-some-media-outlets-refuse-to-call-them-terrrorists/
20220210,1027525857,20220210,AL JAZEERA,QAT,PALESTINIAN,PSE,193,소형무기·경무기를 이용한 전투,19,4,-10.0,7,1,7,-7.19769673704414,"Jerusalem, Israel (general), Israel",IS,https://blogs.timesofisrael.com/idf-kills-terrorists-and-some-media-outlets-refuse-to-call-them-terrrorists/
20220210,1027525908,20220210,TURKEY,TUR,ISRAEL,ISR,190,재래식 군사력 사용,19,4,-10.0,1,1,1,-2.36686390532545,"Cavusoglu, Erzurum, Turkey",TU,https://www.israelnationalnews.com/news/322042
20220210,1027525909,20220210,TURKEY,TUR,ISRAEL,ISR,190,재래식 군사력 사용,19,4,-10.0,1,1,1,-2.36686390532545,"Gaza, Israel (general), Israel",IS,https://www.israelnationalnews.com/news/322042
20220210,1027527283,20220210,ISRAEL,ISR,SYRIA,SYR,194,포병·전차를 이용한 전투,19,4,-10.0,1,1,1,-0.826446280991736,"Damascus, Dimashq, Syria",SY,https://www.dawn.com/news/1674269/israel-bombs-targets-in-syria
20220210,1027527284,20220210,JERUSALEM,ISR,SYRIA,SYR,194,포병·전차를 이용한 전투,19,4,-10.0,2,1,2,-0.826446280991736,"Damascus, Dimashq, Syria",SY,https://www.dawn.com/news/1674269/israel-bombs-targets-in-syria
20220210,1027527285,20220210,ISRAEL,ISR,SYRIA,SYR,190,재래식 군사력 사용,19,4,-10.0,10,1,10,-0.826446280991736,"Damascus, Dimashq, Syria",SY,https://www.dawn.com/news/1674269/israel-bombs-targets-in-syria
20220210,1027529013,20220210,SYRIAN,SYR,ISRAEL,ISR,190,재래식 군사력 사용,19,4,-10.0,18,9,18,-5.82788671023965,Israel,IS,https://www.devdiscourse.com/article/international/1916852-syria-can-use-all-legal-means-to-respond-to-israeli-strikes-foreign-ministry
20220210,1027531404,20220210,ISRAELI,ISR,PALESTINIAN,PSE,190,재래식 군사력 사용,19,4,-10.0,1,1,1,-0.0722543352601202,"Jerusalem, Israel (general), Israel",IS,https://blogs.timesofisrael.com/amnesty-report-factually-accurate-and-must-be-read-despite-apartheid-label/
20220210,1027535068,20220210,PALESTINIAN,PSE,ISRAEL,ISR,190,재래식 군사력 사용,19,4,-10.0,10,2,10,-8.25980308656696,Israel,IS,https://menafn.com/1103668150/A-general-strike-in-Palestinian-cities-in-mourning-for-three-Palestinians-killed-by-IOF-in-Nablus&source=138
20220210,1027551057,20220210,IRAN,IRN,YEMEN,YEM,194,포병·전차를 이용한 전투,19,4,-10.0,14,7,14,2.35635045035192,Iran,IR,https://www.rfi.fr/en/middle-east/20220210-prince-william-makes-climate-focused-visit-to-uae
20220210,1027551058,20220210,IRAN,IRN,YEMEN,YEM,194,포병·전차를 이용한 전투,19,4,-10.0,64,8,64,2.3645748101479,Yemen,YM,https://www.rfi.fr/en/middle-east/20220210-prince-william-makes-climate-focused-visit-to-uae
20220210,1027551077,20220210,ISRAEL,ISR,PALESTINIAN,PSE,190,재래식 군사력 사용,19,4,-10.0,12,2,12,-5.85681097426064,"Tantura, H_efa, Israel",IS,http://www.amin.org/articles.php?t=ENews&id=5946
20220210,1027551078,20220210,ISRAELI,ISR,PALESTINIAN,PSE,192,영토 점령,19,4,-9.5,7,2,7,-5.85681097426064,"Tantura, H_efa, Israel",IS,http://www.amin.org/articles.php?t=ENews&id=5946
20220210,1027553690,20220210,ISRAEL,ISR,HAMAS,PSE,190,재래식 군사력 사용,19,4,-10.0,18,2,18,-7.16343874238611,"Gaza, Israel (general), Israel",IS,https://apnews.com/article/hamas-gaza-strip-middle-east-israel-militant-groups-5d571358b44c456a451ee53bf2b693d5
20220210,1027555162,20220210,SYRIAN,SYR,PALESTINIAN,PSE,195,공중무기 사용,19,4,-10.0,8,1,8,-8.65603644646922,Turkey,TU,https://thepeninsulaqatar.com/article/17/12/2012/25-killed-as-syrian-jets-bomb-palestinian-camp
20220210,1027556972,20220210,ISRAELI,ISR,PALESTINIAN,PSE,190,재래식 군사력 사용,19,4,-10.0,6,1,6,-3.24074074074074,Israel,IS,https://www.middleeastmonitor.com/20220210-israel-threatens-to-continue-assassinations/
20220210,1027559158,20220210,SAUDI ARABIA,SAU,YEMEN,YEM,195,공중무기 사용,19,4,-10.0,1,1,1,-2.28013029315961,"Riyadh, Ar Riya?, Saudi Arabia",SA,https://www.tasnimnews.com/en/news/2022/02/10/2660381/saudi-led-coalition-spy-drone-shot-down-over-yemen-s-hajjah
20220210,1027559159,20220210,SAUDI ARABIA,SAU,YEMEN,YEM,195,공중무기 사용,19,4,-10.0,1,1,1,-2.28013029315961,"Riyadh, Ar Riya?, Saudi Arabia",SA,https://www.tasnimnews.com/en/news/2022/02/10/2660381/saudi-led-coalition-spy-drone-shot-down-over-yemen-s-hajjah
20220210,1027563048,20220210,ISRAELI,ISR,SYRIA,SYR,195,공중무기 사용,19,4,-10.0,6,1,6,-5.05050505050505,"Damascus, Dimashq, Syria",SY,https://www.tasnimnews.com/en/news/2022/02/10/2660406/syrian-air-defenses-shoot-down-israeli-missiles-russia
20220210,1027571405,20220210,IRAN,IRN,YEMEN,YEM,194,포병·전차를 이용한 전투,19,4,-10.0,2,1,2,2.42214532871973,Iran,IR,https://www.channelstv.com/2022/02/10/prince-william-makes-climate-focused-visit-to-uae/
20220210,1027574182,20220210,EGYPT,EGY,ISRAEL,ISR,190,재래식 군사력 사용,19,4,-10.0,2,1,2,-4.30256766134629,"Gaza, Israel (general), Israel",IS,https://www.dw.com/en/german-foreign-minister-commemorates-holocaust-victims/a-60723867
20220210,1027574183,20220210,EGYPT,EGY,ISRAEL,ISR,190,재래식 군사력 사용,19,4,-10.0,2,1,2,-4.30256766134629,"Gaza, Israel (general), Israel",IS,https://www.dw.com/en/german-foreign-minister-commemorates-holocaust-victims/a-60723867
20220210,1027574184,20220210,EGYPT,EGY,ISRAEL,ISR,190,재래식 군사력 사용,19,4,-10.0,6,1,6,-4.30256766134629,Egypt,EG,https://www.dw.com/en/german-foreign-minister-commemorates-holocaust-victims/a-60723867
20220210,1027574437,20220210,IRAQ,IRQ,ISRAEL,ISR,190,재래식 군사력 사용,19,4,-10.0,2,1,2,-4.30256766134629,"Gaza, Israel (general), Israel",IS,https://www.dw.com/en/german-foreign-minister-commemorates-holocaust-victims/a-60723867
20220210,1027574438,20220210,IRAQ,IRQ,ISRAEL,ISR,190,재래식 군사력 사용,19,4,-10.0,6,1,6,-4.30256766134629,Egypt,EG,https://www.dw.com/en/german-foreign-minister-commemorates-holocaust-victims/a-60723867
20220210,1027574439,20220210,IRAQ,IRQ,ISRAEL,ISR,190,재래식 군사력 사용,19,4,-10.0,2,1,2,-4.30256766134629,"Gaza, Israel (general), Israel",IS,https://www.dw.com/en/german-foreign-minister-commemorates-holocaust-victims/a-60723867
20220210,1027574476,20220210,JORDAN,JOR,ISRAEL,ISR,190,재래식 군사력 사용,19,4,-10.0,2,1,2,-4.30256766134629,"Gaza, Israel (general), Israel",IS,https://www.dw.com/en/german-foreign-minister-commemorates-holocaust-victims/a-60723867
20220210,1027574477,20220210,JORDAN,JOR,ISRAEL,ISR,190,재래식 군사력 사용,19,4,-10.0,6,1,6,-4.30256766134629,Egypt,EG,https://www.dw.com/en/german-foreign-minister-commemorates-holocaust-victims/a-60723867
20220210,1027574478,20220210,JORDAN,JOR,ISRAEL,ISR,190,재래식 군사력 사용,19,4,-10.0,2,1,2,-4.30256766134629,"Gaza, Israel (general), Israel",IS,https://www.dw.com/en/german-foreign-minister-commemorates-holocaust-victims/a-60723867
20220210,1027574730,20220210,SYRIA,SYR,ISRAEL,ISR,190,재래식 군사력 사용,19,4,-10.0,2,1,2,-4.30256766134629,"Gaza, Israel (general), Israel",IS,https://www.dw.com/en/german-foreign-minister-commemorates-holocaust-victims/a-60723867
20220210,1027574731,20220210,SYRIA,SYR,ISRAEL,ISR,190,재래식 군사력 사용,19,4,-10.0,2,1,2,-4.30256766134629,"Gaza, Israel (general), Israel",IS,https://www.dw.com/en/german-foreign-minister-commemorates-holocaust-victims/a-60723867
20220210,1027574732,20220210,SYRIA,SYR,ISRAEL,ISR,190,재래식 군사력 사용,19,4,-10.0,6,1,6,-4.30256766134629,Egypt,EG,https://www.dw.com/en/german-foreign-minister-commemorates-holocaust-victims/a-60723867
20220210,1027576722,20220210,ISRAEL,ISR,JORDANIAN,JOR,152,군 경계태세 강화,15,4,-7.2,2,1,2,-1.4519056261343,"Beit Shemesh, Yerushalayim, Israel",IS,https://blogs.timesofisrael.com/island-of-peace-massacre/
20220210,1027577030,20220210,PALESTINIAN,PSE,JERUSALEM,ISR,193,소형무기·경무기를 이용한 전투,19,4,-10.0,10,1,10,-8.50661625708884,"Nablus, West Bank (general), West Bank",WE,https://www.ynetnews.com/article/sjthi8fk5
20220210,1027580574,20220210,IRAN,IRN,SAUDI ARABIA,SAU,194,포병·전차를 이용한 전투,19,4,-10.0,1,1,1,-2.46575342465754,Iran,IR,https://english.aawsat.com/home/article/3466866/centcom-nominee-there-are-risks-irans-sanctions-relief
20220210,1027580575,20220210,IRAN,IRN,SAUDI ARABIA,SAU,194,포병·전차를 이용한 전투,19,4,-10.0,1,1,1,-2.46575342465754,Saudi Arabia,SA,https://english.aawsat.com/home/article/3466866/centcom-nominee-there-are-risks-irans-sanctions-relief
20220210,1027581087,20220210,YEMEN,YEM,SAUDI ARABIA,SAU,190,재래식 군사력 사용,19,4,-10.0,2,1,2,-8.27067669172932,Yemen,YM,https://www.bnnbloomberg.ca/four-hurt-in-drone-attack-on-saudi-airport-al-arabiya-reports-1.1721308
20220210,1027581088,20220210,YEMEN,YEM,SAUDI ARABIA,SAU,190,재래식 군사력 사용,19,4,-10.0,8,1,8,-8.27067669172932,Saudi Arabia,SA,https://www.bnnbloomberg.ca/four-hurt-in-drone-attack-on-saudi-airport-al-arabiya-reports-1.1721308
20220210,1027583951,20220210,IRAQI,IRQ,IRAN,IRN,190,재래식 군사력 사용,19,4,-10.0,8,1,8,-6.07287449392713,"Baghdad, Baghdad, Iraq",IZ,https://english.newsnationtv.com/lifestyle/fashion/how-to-get-rid-of-itchy-scalp-acne-pimples-cure-treatment-home-remedies-ginger-apple-cider-vinegar-beauty-tips-249762.html
20220210,1027583952,20220210,IRAQI,IRQ,IRAN,IRN,190,재래식 군사력 사용,19,4,-10.0,2,1,2,-6.07287449392713,"Washington, District of Columbia, United States",US,https://english.newsnationtv.com/lifestyle/fashion/how-to-get-rid-of-itchy-scalp-acne-pimples-cure-treatment-home-remedies-ginger-apple-cider-vinegar-beauty-tips-249762.html
20220210,1027586244,20220210,ISRAELI,ISR,SYRIAN,SYR,190,재래식 군사력 사용,19,4,-10.0,2,2,2,-6.32451499118165,"Washington, District of Columbia, United States",US,https://www.presstv.ir/Detail/2022/02/10/676543/Syria-Israel-missiles-Golan
20220210,1027586245,20220210,ISRAELI,ISR,SYRIAN,SYR,190,재래식 군사력 사용,19,4,-10.0,2,2,2,-6.32451499118165,"Washington, District of Columbia, United States",US,https://www.presstv.ir/Detail/2022/02/10/676543/Syria-Israel-missiles-Golan
20220210,1027586251,20220210,ISRAELI,ISR,SYRIAN,SYR,190,재래식 군사력 사용,19,4,-10.0,6,1,6,-6.47619047619047,"Dimashq, Dimashq, Syria",SY,https://www.presstv.ir/Detail/2022/02/10/676543/Syria-Israel-missiles-Golan
20220210,1027586568,20220210,SAUDI ARABIA,SAU,YEMEN,YEM,195,공중무기 사용,19,4,-10.0,2,1,2,-2.13414634146341,"Marib, Ma'rib, Yemen",YM,https://www.presstv.ir/Detail/2022/02/10/676532/Yemen-Saudi-spy-drone-Hajjah
20220210,1027586569,20220210,SAUDI,SAU,YEMEN,YEM,195,공중무기 사용,19,4,-10.0,8,1,8,-7.8125,"Sanaa, Sana', Yemen",YM,https://www.middleeasteye.net/news/saudi-arabia-abha-airport-drone-intercepted-shrapnel-wounds
20220210,1027586787,20220210,YEMEN,YEM,SAUDI ARABIA,SAU,193,소형무기·경무기를 이용한 전투,19,4,-10.0,1,1,1,-4.95495495495496,"Hajjah, ?ajjah, Yemen",YM,https://www.presstv.ir/Detail/2022/02/10/676539/Iran-president-Raeisi-foreign-ambassador-Tehran-meeting-
20220210,1027586788,20220210,YEMEN,YEM,SAUDI,SAU,193,소형무기·경무기를 이용한 전투,19,4,-10.0,3,1,3,-4.95495495495496,Saudi Arabia,SA,https://www.presstv.ir/Detail/2022/02/10/676539/Iran-president-Raeisi-foreign-ambassador-Tehran-meeting-
20220210,1027586789,20220210,YEMENI,YEM,SAUDI,SAU,193,소형무기·경무기를 이용한 전투,19,4,-10.0,8,1,8,-2.13414634146341,"Sanaa, Sana', Yemen",YM,https://www.presstv.ir/Detail/2022/02/10/676532/Yemen-Saudi-spy-drone-Hajjah
20220210,1027586790,20220210,YEMEN,YEM,SAUDI,SAU,193,소형무기·경무기를 이용한 전투,19,4,-10.0,1,1,1,-4.95495495495496,"Hajjah, ?ajjah, Yemen",YM,https://www.presstv.ir/Detail/2022/02/10/676539/Iran-president-Raeisi-foreign-ambassador-Tehran-meeting-
20220210,1027586793,20220210,YEMEN,YEM,SAUDI ARABIA,SAU,193,소형무기·경무기를 이용한 전투,19,4,-10.0,1,1,1,-4.95495495495496,"Hajjah, ?ajjah, Yemen",YM,https://www.presstv.ir/Detail/2022/02/10/676539/Iran-president-Raeisi-foreign-ambassador-Tehran-meeting-
20220210,1027586794,20220210,YEMENI,YEM,SAUDI,SAU,193,소형무기·경무기를 이용한 전투,19,4,-10.0,2,1,2,-4.95495495495496,Saudi Arabia,SA,https://www.presstv.ir/Detail/2022/02/10/676539/Iran-president-Raeisi-foreign-ambassador-Tehran-meeting-
20220210,1027587617,20220210,IRAN,IRN,YEMEN,YEM,192,영토 점령,19,4,-9.5,1,1,1,-7.10295291300877,"Shabwa, La?ij, Yemen",YM,https://www.dailymail.co.uk/news/article-10498059/Shrapnel-drone-injures-12-passengers-workers-Saudi-international-airport.html
20220210,1027587618,20220210,IRAN,IRN,YEMEN,YEM,192,영토 점령,19,4,-9.5,8,2,8,-7.06674010127774,"Tehran, Tehran, Iran",IR,https://www.dailymail.co.uk/news/article-10498059/Shrapnel-drone-injures-12-passengers-workers-Saudi-international-airport.html
20220210,1027595858,20220210,IRAN,IRN,YEMEN,YEM,192,영토 점령,19,4,-9.5,1,1,1,-7.03052728954672,"Tehran, Tehran, Iran",IR,https://www.msn.com/en-gb/news/world/shrapnel-injures-at-least-12-at-saudi-international-airport/ar-AATGXgA
20220210,1027595869,20220210,IRAQI,IRQ,IRAN,IRN,190,재래식 군사력 사용,19,4,-10.0,8,1,8,-7.31707317073171,"Baghdad, Baghdad, Iraq",IZ,https://english.newsnationtv.com/entertainment/bollywood/from-yami-gautam-to-vicky-katrina-these-bollywood-couples-will-celebrate-their-first-valentines-day-after-marriage-249769.html
20220210,1027595870,20220210,IRAQI,IRQ,IRAN,IRN,190,재래식 군사력 사용,19,4,-10.0,2,1,2,-7.31707317073171,"Tehran, Tehran, Iran",IR,https://english.newsnationtv.com/entertainment/bollywood/from-yami-gautam-to-vicky-katrina-these-bollywood-couples-will-celebrate-their-first-valentines-day-after-marriage-249769.html
20220210,1027598379,20220210,ISRAELI,ISR,WEST BANK,PSE,190,재래식 군사력 사용,19,4,-10.0,2,1,2,-6.81818181818182,"Jerusalem, Israel (general), Israel",IS,https://www.jewishpress.com/indepth/columns/khaled-abu-toameh/palestinians-the-human-rights-violations-no-one-talks-about/2022/02/10/
20220210,1027598380,20220210,ISRAEL,ISR,HAMAS,PSE,190,재래식 군사력 사용,19,4,-10.0,1,1,1,-2.7027027027027,United States,US,https://www.jewishpress.com/news/us-news/rashida-tlaib-paid-170000-to-firm-run-by-activist-who-accuses-israel-of-ethnic-cleansing/2022/02/10/
20220210,1027598392,20220210,ISRAEL,ISR,WEST BANK,PSE,190,재래식 군사력 사용,19,4,-10.0,4,1,4,-6.81818181818182,"Jerusalem, Israel (general), Israel",IS,https://www.jewishpress.com/indepth/columns/khaled-abu-toameh/palestinians-the-human-rights-violations-no-one-talks-about/2022/02/10/
20220210,1027598724,20220210,WEST BANK,PSE,ISRAEL,ISR,190,재래식 군사력 사용,19,4,-10.0,2,1,2,-6.81818181818182,"Jerusalem, Israel (general), Israel",IS,https://www.jewishpress.com/indepth/columns/khaled-abu-toameh/palestinians-the-human-rights-violations-no-one-talks-about/2022/02/10/
20220210,1027598730,20220210,WEST BANK,PSE,ISRAEL,ISR,190,재래식 군사력 사용,19,4,-10.0,4,1,4,-6.81818181818182,"Jerusalem, Israel (general), Israel",IS,https://www.jewishpress.com/indepth/columns/khaled-abu-toameh/palestinians-the-human-rights-violations-no-one-talks-about/2022/02/10/
20220210,1027598731,20220210,HAMAS,PSE,ISRAEL,ISR,190,재래식 군사력 사용,19,4,-10.0,1,1,1,-2.7027027027027,United States,US,https://www.jewishpress.com/news/us-news/rashida-tlaib-paid-170000-to-firm-run-by-activist-who-accuses-israel-of-ethnic-cleansing/2022/02/10/
20220210,1027600963,20220210,ISRAEL,ISR,SYRIA,SYR,138,군사력 사용 위협,13,3,-7.0,5,1,5,-9.76744186046516,"Damascus, Dimashq, Syria",SY,https://www.middleeastmonitor.com/20220210-israel-raids-on-syria-pose-threat-to-international-aviation-warns-russia/
20220210,1027600964,20220210,ISRAEL,ISR,SYRIA,SYR,190,재래식 군사력 사용,19,4,-10.0,1,1,1,-9.76744186046516,Israel,IS,https://www.middleeastmonitor.com/20220210-israel-raids-on-syria-pose-threat-to-international-aviation-warns-russia/
20220210,1027600965,20220210,ISRAELI,ISR,SYRIA,SYR,190,재래식 군사력 사용,19,4,-10.0,4,2,4,-8.75468867216807,"Damascus, Dimashq, Syria",SY,https://www.middleeastmonitor.com/20220210-israel-raids-on-syria-pose-threat-to-international-aviation-warns-russia/
20220210,1027600966,20220210,ISRAELI,ISR,SYRIA,SYR,190,재래식 군사력 사용,19,4,-10.0,2,1,2,-9.76744186046516,Israel,IS,https://www.middleeastmonitor.com/20220210-israel-raids-on-syria-pose-threat-to-international-aviation-warns-russia/
20220210,1027600967,20220210,ISRAELI,ISR,SYRIA,SYR,194,포병·전차를 이용한 전투,19,4,-10.0,2,1,2,-9.76744186046516,Israel,IS,https://www.middleeastmonitor.com/20220210-israel-raids-on-syria-pose-threat-to-international-aviation-warns-russia/
20220210,1027600968,20220210,ISRAELI,ISR,SYRIA,SYR,194,포병·전차를 이용한 전투,19,4,-10.0,2,1,2,-9.76744186046516,"Damascus, Dimashq, Syria",SY,https://www.middleeastmonitor.com/20220210-israel-raids-on-syria-pose-threat-to-international-aviation-warns-russia/
20220210,1027600974,20220210,ISRAEL,ISR,SYRIA,SYR,194,포병·전차를 이용한 전투,19,4,-10.0,2,1,2,-9.76744186046516,"Damascus, Dimashq, Syria",SY,https://www.middleeastmonitor.com/20220210-israel-raids-on-syria-pose-threat-to-international-aviation-warns-russia/
20220210,1027600975,20220210,ISRAELI,ISR,SYRIA,SYR,194,포병·전차를 이용한 전투,19,4,-10.0,4,1,4,-9.76744186046516,"Damascus, Dimashq, Syria",SY,https://www.middleeastmonitor.com/20220210-israel-raids-on-syria-pose-threat-to-international-aviation-warns-russia/
20220210,1027606315,20220210,ISRAELI,ISR,LEBANON,LBN,195,공중무기 사용,19,4,-10.0,8,1,8,-5.55555555555555,Israel,IS,https://www.telegraphindia.com/world/israel-attacks-syria-missiles/cid/1851310
20220210,1027606316,20220210,ISRAELI,ISR,LEBANON,LBN,195,공중무기 사용,19,4,-10.0,2,1,2,-5.55555555555555,Israel,IS,https://www.telegraphindia.com/world/israel-attacks-syria-missiles/cid/1851310
20220210,1027606317,20220210,ISRAEL,ISR,GAZA,PSE,190,재래식 군사력 사용,19,4,-10.0,5,1,5,-0.48780487804878,Israel,IS,https://english.aawsat.com/home/article/3467096/turkey-says-israel-normalization-does-not-mean-palestinian-policy-change
20220210,1027606318,20220210,ISRAEL,ISR,GAZA,PSE,190,재래식 군사력 사용,19,4,-10.0,1,1,1,-0.48780487804878,Israel,IS,https://english.aawsat.com/home/article/3467096/turkey-says-israel-normalization-does-not-mean-palestinian-policy-change
20220210,1027606319,20220210,ISRAEL,ISR,GAZA,PSE,190,재래식 군사력 사용,19,4,-10.0,2,1,2,-0.48780487804878,Israel,IS,https://english.aawsat.com/home/article/3467096/turkey-says-israel-normalization-does-not-mean-palestinian-policy-change
20220210,1027606578,20220210,SYRIA,SYR,ISRAEL,ISR,193,소형무기·경무기를 이용한 전투,19,4,-10.0,2,1,2,-5.55555555555555,"Beirut, Beyrouth, Lebanon",LE,https://www.telegraphindia.com/world/israel-attacks-syria-missiles/cid/1851310
20220210,1027606608,20220210,TURKEY,TUR,GAZA,PSE,190,재래식 군사력 사용,19,4,-10.0,1,1,1,-0.48780487804878,Israel,IS,https://english.aawsat.com/home/article/3467096/turkey-says-israel-normalization-does-not-mean-palestinian-policy-change
20220210,1027606609,20220210,TURKEY,TUR,GAZA,PSE,190,재래식 군사력 사용,19,4,-10.0,7,1,7,-0.48780487804878,Israel,IS,https://english.aawsat.com/home/article/3467096/turkey-says-israel-normalization-does-not-mean-palestinian-policy-change
20220210,1027608878,20220210,HAMAS,PSE,ISRAEL,ISR,193,소형무기·경무기를 이용한 전투,19,4,-10.0,10,1,10,-4.67775467775468,"Gaza, Israel (general), Israel",IS,https://www.ynetnews.com/article/h1t3byg1c
20220210,1027613405,20220210,ISRAELI,ISR,PALESTINIAN,PSE,193,소형무기·경무기를 이용한 전투,19,4,-10.0,2,1,2,-10.1063829787234,"Gaza, Israel (general), Israel",IS,https://www.ghanaiantimes.com.gh/palestinian-militants-killed-in-israeli-ambush/
20220210,1027613406,20220210,ISRAELI,ISR,PALESTINIAN,PSE,190,재래식 군사력 사용,19,4,-10.0,2,1,2,-10.1063829787234,"Gaza, Israel (general), Israel",IS,https://www.ghanaiantimes.com.gh/palestinian-militants-killed-in-israeli-ambush/
20220210,1027613408,20220210,ISRAELI,ISR,SYRIAN,SYR,190,재래식 군사력 사용,19,4,-10.0,2,1,2,-6.17283950617284,"Damascus, Dimashq, Syria",SY,https://www.albawaba.com/news/syrian-defense-forces-thwart-80-israeli-missile-attacks-1465842
20220210,1027613417,20220210,ISRAELI,ISR,SYRIAN,SYR,190,재래식 군사력 사용,19,4,-10.0,6,1,6,-6.17283950617284,"Damascus, Dimashq, Syria",SY,https://www.albawaba.com/news/syrian-defense-forces-thwart-80-israeli-missile-attacks-1465842
20220210,1027613739,20220210,WEST BANK,PSE,ISRAELI,ISR,190,재래식 군사력 사용,19,4,-10.0,4,1,4,-10.1063829787234,"Gaza, Israel (general), Israel",IS,https://www.ghanaiantimes.com.gh/palestinian-militants-killed-in-israeli-ambush/
20220210,1027613740,20220210,WEST BANK,PSE,ISRAEL,ISR,190,재래식 군사력 사용,19,4,-10.0,4,1,4,-10.1063829787234,"Gaza, Israel (general), Israel",IS,https://www.ghanaiantimes.com.gh/palestinian-militants-killed-in-israeli-ambush/
20220210,1027616035,20220210,SAUDI ARABIA,SAU,YEMEN,YEM,190,재래식 군사력 사용,19,4,-10.0,2,1,2,-6.84039087947883,United Arab Emirates,AE,https://www.jagonews24.com/en/international/news/60308
20220210,1027616036,20220210,SAUDI ARABIA,SAU,YEMEN,YEM,190,재래식 군사력 사용,19,4,-10.0,2,1,2,-6.84039087947883,"Sanaa, Sana', Yemen",YM,https://www.jagonews24.com/en/international/news/60308
20220210,1027616313,20220210,YEMENI,YEM,SAUDI ARABIA,SAU,190,재래식 군사력 사용,19,4,-10.0,13,2,13,-6.70486697258613,United Arab Emirates,AE,https://www.jagonews24.com/en/international/news/60308
20220210,1027620554,20220210,IRAN,IRN,SAUDI ARABIA,SAU,190,재래식 군사력 사용,19,4,-10.0,4,2,4,-7.263847896218,"Alhasan, Sana', Yemen",YM,https://www.aljazeera.com/news/2022/2/10/how-will-uae-respond-to-houthi-attacks
20220210,1027620921,20220210,SAUDI ARABIA,SAU,IRAN,IRN,190,재래식 군사력 사용,19,4,-10.0,4,2,4,-7.263847896218,Iran,IR,https://www.aljazeera.com/news/2022/2/10/how-will-uae-respond-to-houthi-attacks
20220210,1027620922,20220210,SAUDI ARABIA,SAU,YEMEN,YEM,190,재래식 군사력 사용,19,4,-10.0,2,1,2,-7.07395498392283,"Sanaa, Sana', Yemen",YM,https://thehimalayantimes.com/world/shrapnel-injures-12-including-a-nepali-citizen-at-saudi-abha-airport-as-drone-intercepted
20220210,1027620923,20220210,SAUDI ARABIA,SAU,YEMEN,YEM,190,재래식 군사력 사용,19,4,-10.0,3,2,3,-7.29191820342387,"Dubai, Dubayy, United Arab Emirates",AE,https://thehimalayantimes.com/world/shrapnel-injures-12-including-a-nepali-citizen-at-saudi-abha-airport-as-drone-intercepted
20220210,1027620924,20220210,SAUDI ARABIA,SAU,YEMEN,YEM,190,재래식 군사력 사용,19,4,-10.0,2,1,2,-7.18954248366014,"Sanaa, Sana', Yemen",YM,https://timesofindia.indiatimes.com/world/middle-east/shrapnel-injures-12-at-saudi-abha-airport-as-drone-intercepted/articleshow/89482842.cms
20220210,1027620925,20220210,SAUDI ARABIA,SAU,YEMEN,YEM,190,재래식 군사력 사용,19,4,-10.0,3,2,3,-7.34971195329252,Saudi Arabia,SA,https://timesofindia.indiatimes.com/world/middle-east/shrapnel-injures-12-at-saudi-abha-airport-as-drone-intercepted/articleshow/89482842.cms
20220210,1027621166,20220210,SANAA,YEM,IRAN,IRN,190,재래식 군사력 사용,19,4,-10.0,6,2,6,-7.263847896218,"Alhasan, Sana', Yemen",YM,https://www.aljazeera.com/news/2022/2/10/how-will-uae-respond-to-houthi-attacks
20220210,1027621172,20220210,YEMEN,YEM,SAUDI ARABIA,SAU,190,재래식 군사력 사용,19,4,-10.0,3,2,3,-7.34971195329252,"Sanaa, Sana', Yemen",YM,https://timesofindia.indiatimes.com/world/middle-east/shrapnel-injures-12-at-saudi-abha-airport-as-drone-intercepted/articleshow/89482842.cms
20220210,1027621173,20220210,YEMENI,YEM,SAUDI ARABIA,SAU,190,재래식 군사력 사용,19,4,-10.0,9,2,9,-7.29191820342387,"Dubai, Dubayy, United Arab Emirates",AE,https://thehimalayantimes.com/world/shrapnel-injures-12-including-a-nepali-citizen-at-saudi-abha-airport-as-drone-intercepted
20220210,1027621174,20220210,YEMENI,YEM,SAUDI ARABIA,SAU,190,재래식 군사력 사용,19,4,-10.0,6,2,6,-7.34971195329252,"Sanaa, Sana', Yemen",YM,https://timesofindia.indiatimes.com/world/middle-east/shrapnel-injures-12-at-saudi-abha-airport-as-drone-intercepted/articleshow/89482842.cms
20220210,1027622492,20220210,YEMEN,YEM,SAUDI ARABIA,SAU,195,공중무기 사용,19,4,-10.0,10,1,10,-5.8695652173913,Saudi Arabia,SA,https://www.deccanherald.com/international/world-news-politics/12-hurt-in-airport-attack-near-yemen-in-saudi-arabia-1080197.html
20220210,1027630432,20220210,SAUDI ARABIA,SAU,YEMEN,YEM,190,재래식 군사력 사용,19,4,-10.0,1,1,1,-7.5098814229249,"Dubai, Dubayy, United Arab Emirates",AE,https://www.tap.info.tn/en/Portal-World/14865236-shrapnel-injures-12
20220210,1027630433,20220210,SAUDI ARABIA,SAU,YEMENI,YEM,190,재래식 군사력 사용,19,4,-10.0,1,1,1,-7.5098814229249,"Sanaa, Sana', Yemen",YM,https://www.tap.info.tn/en/Portal-World/14865236-shrapnel-injures-12
20220210,1027635123,20220210,ISRAELI,ISR,SYRIAN,SYR,193,소형무기·경무기를 이용한 전투,19,4,-10.0,10,1,10,-4.23076923076923,Syria,SY,https://www.veteranstoday.com/2022/02/10/kosher-fail-on-steroids-israels-iron-dome-missed-every-syrian-air-defense-missile/
20220210,1027635449,20220210,PALESTINIAN,PSE,ISRAEL,ISR,193,소형무기·경무기를 이용한 전투,19,4,-10.0,5,1,5,-5.61085972850679,Israel,IS,https://honestreporting.com/media-obfuscate-palestinian-authority-chief-abbas-ties-to-us-designated-terrorist-group/
20220210,1027635556,20220210,SYRIA,SYR,ISRAELI,ISR,194,포병·전차를 이용한 전투,19,4,-10.0,1,1,1,-4.23076923076923,Syria,SY,https://www.veteranstoday.com/2022/02/10/kosher-fail-on-steroids-israels-iron-dome-missed-every-syrian-air-defense-missile/
20220210,1027635557,20220210,SYRIA,SYR,ISRAELI,ISR,194,포병·전차를 이용한 전투,19,4,-10.0,9,1,9,-4.23076923076923,Syria,SY,https://www.veteranstoday.com/2022/02/10/kosher-fail-on-steroids-israels-iron-dome-missed-every-syrian-air-defense-missile/
20220210,1027635907,20220210,YEMENI,YEM,SAUDI ARABIA,SAU,190,재래식 군사력 사용,19,4,-10.0,8,1,8,-2.68817204301075,"Riyadh, Ar Riya?, Saudi Arabia",SA,https://www.presstv.ir/Detail/2022/02/10/676556/Yemeni-forces-launch-retaliatory-drone-attack-against-Saudi-Arabia
20220210,1027638130,20220210,YEMENI,YEM,SAUDI,SAU,190,재래식 군사력 사용,19,4,-10.0,3,1,3,-6.56934306569343,United Arab Emirates,AE,https://bdnews24.com/world/2022/02/10/shrapnel-injures-12-including-bangladeshis-at-saudi-abha-airport-as-drone-intercepted
20220210,1027639901,20220210,ISRAELI,ISR,IRANIAN,IRN,190,재래식 군사력 사용,19,4,-10.0,3,1,3,-1.39911634756996,Israel,IS,https://english.alaraby.co.uk/analysis/how-iran-and-russia-became-frenemies-syria
20220210,1027642298,20220210,YEMENI,YEM,SAUDI,SAU,190,재래식 군사력 사용,19,4,-10.0,2,1,2,-6.39386189258312,"Sanaa, Sana', Yemen",YM,https://www.msn.com/en-us/news/politics/white-house-says-it-will-hold-houthis-accountable-for-attack-on-saudi-arabia/ar-AATHGZG
20220210,1027642299,20220210,YEMENI,YEM,SAUDI,SAU,190,재래식 군사력 사용,19,4,-10.0,2,1,2,-6.39386189258312,"Riyadh, Ar Riya?, Saudi Arabia",SA,https://www.msn.com/en-us/news/politics/white-house-says-it-will-hold-houthis-accountable-for-attack-on-saudi-arabia/ar-AATHGZG
20220210,1027646373,20220210,IRAQI,IRQ,SYRIA,SYR,152,군 경계태세 강화,15,4,-7.2,4,1,4,-12.1212121212121,Syria,SY,https://www.basnews.com/en/babat/739521
20220210,1027646377,20220210,IRAQI,IRQ,SYRIA,SYR,152,군 경계태세 강화,15,4,-7.2,6,1,6,-12.1212121212121,Syria,SY,https://www.basnews.com/en/babat/739521
20220210,1027646389,20220210,ISRAEL,ISR,SYRIA,SYR,190,재래식 군사력 사용,19,4,-10.0,4,2,4,-7.48798225070875,Israel,IS,https://tass.com/politics/1401261
20220210,1027646390,20220210,ISRAEL,ISR,SYRIA,SYR,190,재래식 군사력 사용,19,4,-10.0,18,1,10,-10.5263157894737,Israel,IS,https://tass.com/politics/1401261
20220210,1027650892,20220210,ISRAEL,ISR,IRANIAN,IRN,190,재래식 군사력 사용,19,4,-10.0,4,1,4,-4.04858299595142,Iran,IR,https://www.jpost.com/middle-east/article-696138
20220210,1027650893,20220210,ISRAEL,ISR,IRAN,IRN,190,재래식 군사력 사용,19,4,-10.0,1,1,1,-4.04858299595142,Israel,IS,https://www.jpost.com/middle-east/article-696138
20220210,1027655292,20220210,IRAN,IRN,SYRIA,SYR,190,재래식 군사력 사용,19,4,-10.0,7,1,7,-8.19423368740511,Syria,SY,https://www.breitbart.com/faith/2022/02/10/pope-francis-condemns-inequalities-caused-by-economic-liberalism/
20220210,1027655293,20220210,IRAN,IRN,SYRIA,SYR,190,재래식 군사력 사용,19,4,-10.0,1,1,1,-8.19423368740511,Iran,IR,https://www.breitbart.com/faith/2022/02/10/pope-francis-condemns-inequalities-caused-by-economic-liberalism/
20220210,1027655318,20220210,ISRAELI,ISR,GAZA,PSE,190,재래식 군사력 사용,19,4,-10.0,2,1,2,-2.98755186721991,"Gaza, Israel (general), Israel",IS,https://www.aljazeera.com/opinions/2022/2/10/how-a-palestinian-academic-defeated-a-campaign-to-silence-her
20220210,1027657525,20220210,LEBANESE,LBN,ISRAEL,ISR,192,영토 점령,19,4,-9.5,8,1,8,-13.8888888888889,Israel,IS,https://www.jpost.com/breaking-news/article-696131
20220210,1027657526,20220210,LEBANESE,LBN,ISRAEL,ISR,192,영토 점령,19,4,-9.5,8,1,8,-13.8888888888889,Lebanon,LE,https://www.jpost.com/breaking-news/article-696131
20220210,1027661884,20220210,SYRIA,SYR,TURKEY,TUR,190,재래식 군사력 사용,19,4,-10.0,2,1,2,-7.54132231404959,"Baghuz, Al ?asakah, Syria",SY,https://www.jpost.com/opinion/article-696154
20220210,1027661885,20220210,SYRIA,SYR,TURKEY,TUR,190,재래식 군사력 사용,19,4,-10.0,2,1,2,-7.54132231404959,"Baghuz, Al ?asakah, Syria",SY,https://www.jpost.com/opinion/article-696154
20220210,1027669942,20220210,ISRAEL,ISR,SYRIA,SYR,190,재래식 군사력 사용,19,4,-10.0,1,1,1,-4.44964871194379,Israel,IS,https://www.haaretz.com/israel-news/russia-decries-israel-s-crude-violations-of-syria-s-sovreignty-after-airstrikes-1.10605745
20220210,1027669943,20220210,ISRAELI,ISR,SYRIA,SYR,190,재래식 군사력 사용,19,4,-10.0,1,1,1,-4.44964871194379,"Idlib, Idlib, Syria",SY,https://www.haaretz.com/israel-news/russia-decries-israel-s-crude-violations-of-syria-s-sovreignty-after-airstrikes-1.10605745
20220210,1027669944,20220210,ISRAELI,ISR,SYRIA,SYR,190,재래식 군사력 사용,19,4,-10.0,1,1,1,-4.44964871194379,"Idlib, Idlib, Syria",SY,https://www.haaretz.com/israel-news/russia-decries-israel-s-crude-violations-of-syria-s-sovreignty-after-airstrikes-1.10605745
20220210,1027669946,20220210,ISRAEL,ISR,SYRIAN,SYR,194,포병·전차를 이용한 전투,19,4,-10.0,1,1,1,-4.44964871194379,"Idlib, Idlib, Syria",SY,https://www.haaretz.com/israel-news/russia-decries-israel-s-crude-violations-of-syria-s-sovreignty-after-airstrikes-1.10605745
20220210,1027669947,20220210,ISRAEL,ISR,SYRIAN,SYR,194,포병·전차를 이용한 전투,19,4,-10.0,1,1,1,-4.44964871194379,Israel,IS,https://www.haaretz.com/israel-news/russia-decries-israel-s-crude-violations-of-syria-s-sovreignty-after-airstrikes-1.10605745
20220210,1027677833,20220210,SYRIA,SYR,BEIRUT,LBN,190,재래식 군사력 사용,19,4,-10.0,2,1,2,-6.99300699300699,"Idlib, Idlib, Syria",SY,https://www.qatar-tribune.com/news-details/id/229283/three-children-mother-killed-in-house-collapse-in-war-torn-syria
20220210,1027679605,20220210,PALESTINIAN,PSE,ISRAELI,ISR,193,소형무기·경무기를 이용한 전투,19,4,-10.0,1,1,1,-7.38255033557047,Israel,IS,https://www.timesofisrael.com/pas-abbas-threatens-to-get-back-at-israel-after-killing-of-terror-suspects/
20220210,1027681471,20220210,SYRIAN,SYR,ABDULLAH,SAU,190,재래식 군사력 사용,19,4,-10.0,1,1,1,-4.52358036573629,"Barisha, Idlib, Syria",SY,https://www.al-monitor.com/originals/2022/02/us-raid-raises-questions-turkeys-commitment-vs-islamic-state
20220210,1027681472,20220210,SYRIAN,SYR,ABDULLAH,SAU,190,재래식 군사력 사용,19,4,-10.0,1,1,1,-4.52358036573629,"Ankara, Ankara, Turkey",TU,https://www.al-monitor.com/originals/2022/02/us-raid-raises-questions-turkeys-commitment-vs-islamic-state
20220210,1027681475,20220210,SYRIA,SYR,TURKEY,TUR,190,재래식 군사력 사용,19,4,-10.0,2,1,2,-4.52358036573629,"Barisha, Idlib, Syria",SY,https://www.al-monitor.com/originals/2022/02/us-raid-raises-questions-turkeys-commitment-vs-islamic-state
20220210,1027681476,20220210,SYRIA,SYR,TURKEY,TUR,190,재래식 군사력 사용,19,4,-10.0,1,1,1,-4.52358036573629,"Barisha, Idlib, Syria",SY,https://www.al-monitor.com/originals/2022/02/us-raid-raises-questions-turkeys-commitment-vs-islamic-state
20220210,1027681477,20220210,SYRIAN,SYR,ABDULLAH,SAU,190,재래식 군사력 사용,19,4,-10.0,3,1,3,-4.52358036573629,"Barisha, Idlib, Syria",SY,https://www.al-monitor.com/originals/2022/02/us-raid-raises-questions-turkeys-commitment-vs-islamic-state
20220210,1027681478,20220210,SYRIAN,SYR,ABDULLAH,SAU,190,재래식 군사력 사용,19,4,-10.0,3,1,3,-4.52358036573629,"Ankara, Ankara, Turkey",TU,https://www.al-monitor.com/originals/2022/02/us-raid-raises-questions-turkeys-commitment-vs-islamic-state
20220210,1027681497,20220210,TURKEY,TUR,SYRIA,SYR,190,재래식 군사력 사용,19,4,-10.0,4,1,4,-4.52358036573629,"Manbij, ?alab, Syria",SY,https://www.al-monitor.com/originals/2022/02/us-raid-raises-questions-turkeys-commitment-vs-islamic-state
20220210,1027681817,20220210,SANAA,YEM,SAUDI ARABIA,SAU,190,재래식 군사력 사용,19,4,-10.0,4,2,4,-3.47826086956521,"Tripoli, Tarabulus, Libya",LY,https://www.bignewsnetwork.com/news/272286270/xinhua-middle-east--summary-at-2200-gmt-feb-10
20220210,1027681818,20220210,SANAA,YEM,SAUDI ARABIA,SAU,190,재래식 군사력 사용,19,4,-10.0,16,2,16,-3.47826086956521,Saudi Arabia,SA,https://www.bignewsnetwork.com/news/272286270/xinhua-middle-east--summary-at-2200-gmt-feb-10
20220210,1027683060,20220210,ISRAEL,ISR,WEST BANK,PSE,193,소형무기·경무기를 이용한 전투,19,4,-10.0,1,1,1,-1.8457481872116,"Jerusalem, Israel (general), Israel",IS,https://www.jpost.com/opinion/article-696143
20220210,1027683061,20220210,ISRAEL,ISR,WEST BANK,PSE,193,소형무기·경무기를 이용한 전투,19,4,-10.0,1,1,1,-1.8457481872116,"Jerusalem, Israel (general), Israel",IS,https://www.jpost.com/opinion/article-696143
20220210,1027683349,20220210,TURKEY,TUR,SYRIAN,SYR,190,재래식 군사력 사용,19,4,-10.0,2,1,2,-5.11945392491467,"Sinjar, Idlib, Syria",SY,https://jamestown.org/program/al-hasakah-prison-break-sparks-fear-of-islamic-state-resurgence-in-iraq/
20220210,1027683350,20220210,TURKEY,TUR,SYRIAN,SYR,190,재래식 군사력 사용,19,4,-10.0,8,1,8,-5.11945392491467,"Sinjar, Idlib, Syria",SY,https://jamestown.org/program/al-hasakah-prison-break-sparks-fear-of-islamic-state-resurgence-in-iraq/
20220210,1027687947,20220210,ISTANBUL,TUR,SAUDI ARABIA,SAU,190,재래식 군사력 사용,19,4,-10.0,2,1,2,-4.99168053244593,"Riyadh, Ar Riya?, Saudi Arabia",SA,https://www.timesofisrael.com/prominent-jordanians-among-hundreds-in-country-reportedly-hacked-by-israeli-spyware/
20220210,1027687948,20220210,ISTANBUL,TUR,RIYADH,SAU,190,재래식 군사력 사용,19,4,-10.0,5,1,5,-4.99168053244593,"Riyadh, Ar Riya?, Saudi Arabia",SA,https://www.timesofisrael.com/prominent-jordanians-among-hundreds-in-country-reportedly-hacked-by-israeli-spyware/
20220211,1027690125,20220211,IRAN,IRN,SYRIA,SYR,190,재래식 군사력 사용,19,4,-10.0,7,1,7,-8.19423368740511,Syria,SY,https://www.breitbart.com/politics/2022/02/10/pope-francis-condemns-inequalities-caused-by-economic-liberalism/
20220211,1027690126,20220211,IRAN,IRN,SYRIA,SYR,190,재래식 군사력 사용,19,4,-10.0,1,1,1,-8.19423368740511,Iran,IR,https://www.breitbart.com/politics/2022/02/10/pope-francis-condemns-inequalities-caused-by-economic-liberalism/
20220211,1027693530,20220211,ISRAEL,ISR,WEST BANK,PSE,190,재래식 군사력 사용,19,4,-10.0,4,1,4,-4.0174672489083,Israel,IS,https://www.ynetnews.com/article/sjwcipfjq
20220211,1027693789,20220211,WEST BANK,PSE,ISRAEL,ISR,190,재래식 군사력 사용,19,4,-10.0,4,1,4,-4.0174672489083,Israel,IS,https://www.ynetnews.com/article/sjwcipfjq
20220211,1027701826,20220211,ISRAEL,ISR,GAZA,PSE,193,소형무기·경무기를 이용한 전투,19,4,-10.0,1,1,1,-1.05820105820106,"Brooklyn, Florida, United States",US,https://jewishjournal.com/culture/arts/books/344887/paths-of-the-righteous-book-shines-light-on-non-jewish-allies/
20220211,1027704539,20220211,HAMAS,PSE,ISRAELI,ISR,194,포병·전차를 이용한 전투,19,4,-10.0,3,2,3,-3.44506784906274,"Northern Ireland, Craigavon, United Kingdom",UK,https://www.clevelandjewishnews.com/jns/anti-semitic-incidents-in-uk-surge-by-one-third-in-2021/article_fe2b2096-0e29-5341-a368-2ca5eba08673.html
20220211,1027704540,20220211,HAMAS,PSE,ISRAELI,ISR,194,포병·전차를 이용한 전투,19,4,-10.0,15,3,15,-3.47275012061735,"Northern Ireland, Craigavon, United Kingdom",UK,https://www.clevelandjewishnews.com/jns/anti-semitic-incidents-in-uk-surge-by-one-third-in-2021/article_fe2b2096-0e29-5341-a368-2ca5eba08673.html
20220211,1027709517,20220211,ISRAELI,ISR,SYRIAN,SYR,190,재래식 군사력 사용,19,4,-10.0,2,1,2,-8.57142857142857,"Golan Heights, Syria (general), Syria",SY,https://www.presstv.ir/Detail/2022/02/10/676589/Russia-repeats-call-for-Israeli-regime-to-stop-Syria-strikes
20220211,1027709518,20220211,ISRAELI,ISR,SYRIAN,SYR,190,재래식 군사력 사용,19,4,-10.0,2,1,2,-8.57142857142857,"Golan Heights, Syria (general), Syria",SY,https://www.presstv.ir/Detail/2022/02/10/676589/Russia-repeats-call-for-Israeli-regime-to-stop-Syria-strikes
20220211,1027709525,20220211,ISRAEL,ISR,SYRIA,SYR,190,재래식 군사력 사용,19,4,-10.0,2,1,2,-8.57142857142857,"Golan Heights, Syria (general), Syria",SY,https://www.presstv.ir/Detail/2022/02/10/676589/Russia-repeats-call-for-Israeli-regime-to-stop-Syria-strikes
20220211,1027709526,20220211,ISRAELI,ISR,SYRIAN,SYR,190,재래식 군사력 사용,19,4,-10.0,4,1,4,-8.57142857142857,"Golan Heights, Syria (general), Syria",SY,https://www.presstv.ir/Detail/2022/02/10/676589/Russia-repeats-call-for-Israeli-regime-to-stop-Syria-strikes
20220211,1027709750,20220211,HAMAS,PSE,ISRAELI,ISR,194,포병·전차를 이용한 전투,19,4,-10.0,13,3,13,-4.16446345737856,"Gaza, Israel (general), Israel",IS,https://www.jns.org/anti-semitic-incidents-in-uk-surge-by-one-third-in-2021/
20220211,1027713752,20220211,SYRIA,SYR,TURKISH,TUR,193,소형무기·경무기를 이용한 전투,19,4,-10.0,5,1,5,-1.05263157894737,"Washington, District of Columbia, United States",US,https://www.atlanticcouncil.org/blogs/turkeysource/why-a-new-missile-system-could-solve-turkeys-us-russia-conundrum/
20220211,1027715573,20220211,SANAA,YEM,SAUDI ARABIA,SAU,190,재래식 군사력 사용,19,4,-10.0,4,2,4,-3.47826086956521,"Tripoli, Tarabulus, Libya",LY,https://www.arabherald.com/news/272286270/xinhua-middle-east--summary-at-2200-gmt-feb-10
20220211,1027715574,20220211,SANAA,YEM,SAUDI ARABIA,SAU,190,재래식 군사력 사용,19,4,-10.0,16,2,16,-3.47826086956521,Saudi Arabia,SA,https://www.arabherald.com/news/272286270/xinhua-middle-east--summary-at-2200-gmt-feb-10
20220211,1027716588,20220211,TURKISH,TUR,IRAQ,IRQ,138,군사력 사용 위협,13,3,-7.0,2,1,2,-8.42607313195549,"Ankara, Ankara, Turkey",TU,https://www.trtworld.com/turkey/t%C3%BCrkiye-slams-greece-over-inhumane-practices-against-migrants-54619
20220211,1027730677,20220211,YEMEN,YEM,SAUDI ARABIA,SAU,190,재래식 군사력 사용,19,4,-10.0,8,3,8,-6.02942034032159,"Sanaa, Sana', Yemen",YM,https://www.newsofbahrain.com/bahrain/78673.html
20220211,1027730678,20220211,YEMENI,YEM,SAUDI ARABIA,SAU,190,재래식 군사력 사용,19,4,-10.0,18,3,18,-6.02942034032159,"Sanaa, Sana', Yemen",YM,https://www.newsofbahrain.com/bahrain/78673.html
20220211,1027731899,20220211,ISRAEL,ISR,WEST BANK,PSE,190,재래식 군사력 사용,19,4,-10.0,1,1,1,-5.06993006993007,"Hebron, Israel (general), Israel",IS,https://www.haaretz.com/israel-news/.premium-israeli-police-reorganize-in-bid-to-improve-response-to-settler-violence-1.10605375
20220211,1027731900,20220211,ISRAEL,ISR,WEST BANK,PSE,190,재래식 군사력 사용,19,4,-10.0,1,1,1,-5.06993006993007,"Samaria, West Bank (general), West Bank",WE,https://www.haaretz.com/israel-news/.premium-israeli-police-reorganize-in-bid-to-improve-response-to-settler-violence-1.10605375
20220211,1027731901,20220211,ISRAEL,ISR,HAMAS,PSE,190,재래식 군사력 사용,19,4,-10.0,2,1,2,-0.9765625,"Jerusalem, Israel (general), Israel",IS,https://www.washingtonexaminer.com/politics/the-peacemaker-vs-the-striped-pants-boys
20220211,1027731902,20220211,ISRAEL,ISR,HAMAS,PSE,190,재래식 군사력 사용,19,4,-10.0,18,2,18,-2.8346499650838,"Gaza, Israel (general), Israel",IS,https://www.washingtonexaminer.com/politics/the-peacemaker-vs-the-striped-pants-boys
20220211,1027732214,20220211,HAMAS,PSE,ISRAEL,ISR,190,재래식 군사력 사용,19,4,-10.0,2,1,2,-0.9765625,"Jerusalem, Israel (general), Israel",IS,https://www.washingtonexaminer.com/politics/the-peacemaker-vs-the-striped-pants-boys
20220211,1027732215,20220211,HAMAS,PSE,ISRAEL,ISR,190,재래식 군사력 사용,19,4,-10.0,28,3,28,-3.10434154217462,"Gaza, Israel (general), Israel",IS,https://www.washingtonexaminer.com/politics/the-peacemaker-vs-the-striped-pants-boys
20220211,1027737009,20220211,HAMAS,PSE,ISRAEL,ISR,194,포병·전차를 이용한 전투,19,4,-10.0,1,1,1,-3.36590662323561,"Gaza, Israel (general), Israel",IS,https://www.jwire.com.au/anti-semitic-incidents-in-uk-surge-by-one-third-in-2021/
20220211,1027737158,20220211,YEMEN,YEM,SAUDI ARABIA,SAU,194,포병·전차를 이용한 전투,19,4,-10.0,6,1,6,-5.93471810089021,"Sanaa, Sana', Yemen",YM,http://idrw.org/saudi-arabia-intercepted-houthi-drone-shrapnel-injures-12-including-an-indian/
20220211,1027737159,20220211,YEMEN,YEM,SAUDI,SAU,194,포병·전차를 이용한 전투,19,4,-10.0,2,1,2,-5.93471810089021,"Marib, Ma'rib, Yemen",YM,http://idrw.org/saudi-arabia-intercepted-houthi-drone-shrapnel-injures-12-including-an-indian/
20220211,1027737160,20220211,YEMEN,YEM,SAUDI,SAU,194,포병·전차를 이용한 전투,19,4,-10.0,2,1,2,-5.93471810089021,Saudi Arabia,SA,http://idrw.org/saudi-arabia-intercepted-houthi-drone-shrapnel-injures-12-including-an-indian/
20220211,1027738612,20220211,SAUDI,SAU,IRAN,IRN,195,공중무기 사용,19,4,-10.0,10,1,10,-11.5044247787611,Saudi Arabia,SA,https://english.aawsat.com/home/article/3466931/12-civilians-wounded-terrorist-houthi-attack-abha-airport
20220211,1027744034,20220211,SAUDI,SAU,SANAA,YEM,138,군사력 사용 위협,13,3,-7.0,5,1,5,-10.5109489051095,"Jizan, Jizan, Saudi Arabia",SA,https://dunyanews.tv/en/World/640752-/
20220211,1027744036,20220211,SAUDI ARABIA,SAU,YEMEN,YEM,190,재래식 군사력 사용,19,4,-10.0,2,1,2,-6.82492581602374,"Sanaa, Sana', Yemen",YM,https://tuoitrenews.vn/news/international/20220211/shrapnel-injures-12-at-saudi-abha-airport-as-drone-intercepted/65666.html
20220211,1027744037,20220211,SAUDI ARABIA,SAU,YEMEN,YEM,190,재래식 군사력 사용,19,4,-10.0,2,1,2,-6.82492581602374,Saudi Arabia,SA,https://tuoitrenews.vn/news/international/20220211/shrapnel-injures-12-at-saudi-abha-airport-as-drone-intercepted/65666.html
20220211,1027747696,20220211,LEBANON,LBN,ISRAEL,ISR,192,영토 점령,19,4,-9.5,10,1,10,-7.04225352112676,"Shtula, Ha?afon, Israel",IS,https://www.israelnationalnews.com/flashes/567389
20220211,1027749625,20220211,SAUDI ARABIA,SAU,YEMEN,YEM,190,재래식 군사력 사용,19,4,-10.0,2,1,2,-7.14285714285715,"Sanaa, Sana', Yemen",YM,https://www.theepochtimes.com/shrapnel-injures-12-at-saudi-abha-airport-as-drone-intercepted_4269191.html
20220211,1027749626,20220211,SAUDI ARABIA,SAU,YEMEN,YEM,190,재래식 군사력 사용,19,4,-10.0,2,1,2,-7.14285714285715,"Dubai, Dubayy, United Arab Emirates",AE,https://www.theepochtimes.com/shrapnel-injures-12-at-saudi-abha-airport-as-drone-intercepted_4269191.html
20220211,1027749834,20220211,YEMENI,YEM,SAUDI ARABIA,SAU,190,재래식 군사력 사용,19,4,-10.0,6,1,6,-7.14285714285715,"Dubai, Dubayy, United Arab Emirates",AE,https://www.theepochtimes.com/shrapnel-injures-12-at-saudi-abha-airport-as-drone-intercepted_4269191.html
20220211,1027752075,20220211,IRAN,IRN,ISRAEL,ISR,195,공중무기 사용,19,4,-10.0,2,1,2,-3.04878048780487,Iran,IR,https://ca.news.yahoo.com/ransomware-payments-getting-bigger-hackers-150547518.html
20220211,1027752076,20220211,IRAN,IRN,ISRAEL,ISR,195,공중무기 사용,19,4,-10.0,2,1,2,-3.04878048780487,Iran,IR,https://ca.news.yahoo.com/ransomware-payments-getting-bigger-hackers-150547518.html
20220211,1027752077,20220211,IRAN,IRN,ISRAEL,ISR,195,공중무기 사용,19,4,-10.0,6,1,6,-3.04878048780487,Russia,RS,https://ca.news.yahoo.com/ransomware-payments-getting-bigger-hackers-150547518.html
20220211,1027754115,20220211,GAZA,PSE,ISRAEL,ISR,194,포병·전차를 이용한 전투,19,4,-10.0,4,1,4,-9.52380952380952,"Gaza, Israel (general), Israel",IS,https://www.israelnationalnews.com/flashes/567395
20220211,1027755786,20220211,ISRAEL,ISR,PALESTINIAN,PSE,190,재래식 군사력 사용,19,4,-10.0,30,3,30,-6.78177908753797,Israel,IS,http://www.frontpagemag.com/fpm/2022/02/palestinian-holocaust-hugh-fitzgerald/
20220211,1027755856,20220211,LEBANON,LBN,PALESTINIAN,PSE,190,재래식 군사력 사용,19,4,-10.0,2,2,2,-6.18716138493015,Israel,IS,http://www.frontpagemag.com/fpm/2022/02/palestinian-holocaust-hugh-fitzgerald/
20220211,1027755857,20220211,LEBANON,LBN,PALESTINIAN,PSE,190,재래식 군사력 사용,19,4,-10.0,2,2,2,-6.18716138493015,Israel,IS,http://www.frontpagemag.com/fpm/2022/02/palestinian-holocaust-hugh-fitzgerald/
20220211,1027755858,20220211,LEBANON,LBN,PALESTINIAN,PSE,190,재래식 군사력 사용,19,4,-10.0,16,2,16,-6.18716138493015,Lebanon,LE,http://www.frontpagemag.com/fpm/2022/02/palestinian-holocaust-hugh-fitzgerald/
20220211,1027762471,20220211,SYRIA,SYR,TURKEY,TUR,190,재래식 군사력 사용,19,4,-10.0,1,1,1,-6.41379310344828,"Mersin, Iç, Turkey",TU,https://bianet.org/english/law/257599-kobani-trial-statements-reveal-plaintiffs-don-t-know-defendants
20220211,1027762472,20220211,SYRIA,SYR,TURKEY,TUR,190,재래식 군사력 사용,19,4,-10.0,3,1,3,-6.41379310344828,Syria,SY,https://bianet.org/english/law/257599-kobani-trial-statements-reveal-plaintiffs-don-t-know-defendants
20220211,1027762473,20220211,SYRIA,SYR,TURKEY,TUR,190,재래식 군사력 사용,19,4,-10.0,1,1,1,-6.41379310344828,Syria,SY,https://bianet.org/english/law/257599-kobani-trial-statements-reveal-plaintiffs-don-t-know-defendants
20220211,1027763254,20220211,ISRAEL,ISR,PALESTINIAN,PSE,190,재래식 군사력 사용,19,4,-10.0,6,1,6,-5.83254938852304,"Tantura, H_efa, Israel",IS,https://www.counterpunch.org/2022/02/11/from-tantura-to-naqab-israels-long-hidden-truths-are-finally-revealed/
20220211,1027763255,20220211,ISRAELI,ISR,PALESTINIAN,PSE,192,영토 점령,19,4,-9.5,5,1,5,-5.83254938852304,"Tantura, H_efa, Israel",IS,https://www.counterpunch.org/2022/02/11/from-tantura-to-naqab-israels-long-hidden-truths-are-finally-revealed/
20220211,1027763257,20220211,ISRAEL,ISR,SYRIA,SYR,190,재래식 군사력 사용,19,4,-10.0,5,1,5,-5.17241379310345,"Jerusalem, Israel (general), Israel",IS,https://www.i24news.tv/en/news/israel/diplomacy/1644572502-russia-calls-on-israel-to-stop-airstrikes-in-syria
20220211,1027763258,20220211,ISRAELI,ISR,SYRIA,SYR,190,재래식 군사력 사용,19,4,-10.0,2,1,2,-5.17241379310345,Syria,SY,https://www.i24news.tv/en/news/israel/diplomacy/1644572502-russia-calls-on-israel-to-stop-airstrikes-in-syria
20220211,1027763483,20220211,HAMAS,PSE,ISRAEL,ISR,194,포병·전차를 이용한 전투,19,4,-10.0,2,1,2,-5.5993690851735,"Gaza, Israel (general), Israel",IS,https://www.americanthinker.com/blog/2022/02/kuwait_bans_israeli_actress_gal_gadots_latest_film.html
20220211,1027766335,20220211,ANKARA,TUR,KURDISTAN,IRN,195,공중무기 사용,19,4,-10.0,6,1,6,-1.03092783505155,"Ankara, Ankara, Turkey",TU,https://www.bignewsnetwork.com/news/272281560/turkish-airstrike-kills-5-pkk-members-in-n-iraq
20220211,1027766336,20220211,TURKEY,TUR,KURDISTAN,IRN,195,공중무기 사용,19,4,-10.0,2,1,2,-1.03092783505155,"Ankara, Ankara, Turkey",TU,https://www.bignewsnetwork.com/news/272281560/turkish-airstrike-kills-5-pkk-members-in-n-iraq
20220211,1027766337,20220211,ANKARA,TUR,KURDISTAN,IRN,195,공중무기 사용,19,4,-10.0,2,1,2,-1.03092783505155,Syria,SY,https://www.bignewsnetwork.com/news/272281560/turkish-airstrike-kills-5-pkk-members-in-n-iraq
20220211,1027766338,20220211,TURKISH,TUR,IRAQ,IRQ,195,공중무기 사용,19,4,-10.0,8,1,8,-1.03092783505155,Syria,SY,https://www.bignewsnetwork.com/news/272281560/turkish-airstrike-kills-5-pkk-members-in-n-iraq
20220211,1027770135,20220211,IRAN,IRN,YEMEN,YEM,190,재래식 군사력 사용,19,4,-10.0,10,1,10,-3.17848410757946,"Washington, District of Columbia, United States",US,https://english.aawsat.com/home/article/3468401/us-condemns-terrorist-attack-abha-vows-hold-houthis-account
20220211,1027770149,20220211,IRAQ,IRQ,TURKEY,TUR,190,재래식 군사력 사용,19,4,-10.0,2,1,2,-5.95562475671468,"Idlib, Idlib, Syria",SY,https://www.dailymail.co.uk/news/article-10499929/US-Civilian-toll-Syria-raid-higher-thought.html
20220211,1027770150,20220211,IRAQ,IRQ,TURKEY,TUR,190,재래식 군사력 사용,19,4,-10.0,2,1,2,-5.95562475671468,"Tal Afar, NinawáZ, Iraq",IZ,https://www.dailymail.co.uk/news/article-10499929/US-Civilian-toll-Syria-raid-higher-thought.html
20220211,1027771314,20220211,ISRAELI,ISR,IRANIAN,IRN,190,재래식 군사력 사용,19,4,-10.0,5,1,5,-2.57611241217799,Iran,IR,https://www.middleeasteye.net/news/turkey-israel-businessman-yair-geller-assassination-foiled
20220211,1027775427,20220211,ISRAEL,ISR,WEST BANK,PSE,190,재래식 군사력 사용,19,4,-10.0,6,1,6,-7.97101449275362,Israel,IS,http://gnnliberia.com/2022/02/08/soldiers-kill-3-palestinian-terror-suspects-in-west-bank-operation/
20220211,1027775611,20220211,PALESTINIAN,PSE,ISRAEL,ISR,193,소형무기·경무기를 이용한 전투,19,4,-10.0,2,1,2,-10.1182654402103,"Gilboa, Ha?afon, Israel",IS,https://www.presstv.ir/Detail/2022/02/11/676613/Struggle-against-occupying-Israeli-regime-will-continue-across-Palestinian-lands--Islamic-Jihad-chief
20220211,1027778632,20220211,ISRAELI,ISR,TURKISH,TUR,190,재래식 군사력 사용,19,4,-10.0,4,1,4,-2.5,"Istanbul, Istanbul, Turkey",TU,https://www.jewishpress.com/news/israel/turkey-and-mossad-thwart-irans-assassination-of-israeli-businessman/2022/02/11/
20220211,1027778633,20220211,ISRAELI,ISR,TURKEY,TUR,190,재래식 군사력 사용,19,4,-10.0,1,1,1,-2.5,"Istanbul, Istanbul, Turkey",TU,https://www.jewishpress.com/news/israel/turkey-and-mossad-thwart-irans-assassination-of-israeli-businessman/2022/02/11/
20220211,1027780086,20220211,TURKEY,TUR,SYRIA,SYR,190,재래식 군사력 사용,19,4,-10.0,20,5,20,-4.20231729055259,"Euphrates, Dayr az Zawr, Syria",SY,http://www.xinhuanet.com/english/europe/20220211/fbda74452e1a4f58a5849ad49cdcc3d9/c.html
20220211,1027780087,20220211,TURKISH,TUR,SYRIA,SYR,190,재래식 군사력 사용,19,4,-10.0,30,5,30,-4.20231729055259,"Ankara, Ankara, Turkey",TU,http://www.xinhuanet.com/english/europe/20220211/fbda74452e1a4f58a5849ad49cdcc3d9/c.html
20220211,1027790473,20220211,IRAN,IRN,ISRAELI,ISR,190,재래식 군사력 사용,19,4,-10.0,4,1,4,-7.03363914373089,"Ankara, Ankara, Turkey",TU,https://www.naharnet.com:443/stories/en/287844-turkey-reportedly-foils-iranian-plot-to-kill-israeli-businessman
20220211,1027790474,20220211,IRAN,IRN,ISRAELI,ISR,190,재래식 군사력 사용,19,4,-10.0,14,2,14,-6.95538171432862,Iran,IR,https://www.naharnet.com:443/stories/en/287844-turkey-reportedly-foils-iranian-plot-to-kill-israeli-businessman
20220211,1027790475,20220211,IRAN,IRN,ISRAELI,ISR,190,재래식 군사력 사용,19,4,-10.0,4,1,4,-7.03363914373089,Iran,IR,https://www.naharnet.com:443/stories/en/287844-turkey-reportedly-foils-iranian-plot-to-kill-israeli-businessman
20220211,1027790745,20220211,GAZA,PSE,ISRAEL,ISR,194,포병·전차를 이용한 전투,19,4,-10.0,8,1,8,-1.86335403726708,"Ashkelon, HaDarom, Israel",IS,https://www.jpost.com/arab-israeli-conflict/article-696193
20220211,1027790746,20220211,GAZA,PSE,ISRAEL,ISR,194,포병·전차를 이용한 전투,19,4,-10.0,9,1,8,-1.86335403726708,"Khan Yunis, Gaza Strip (general), Gaza Strip",GZ,https://www.jpost.com/arab-israeli-conflict/article-696193
20220211,1027790747,20220211,GAZA,PSE,ISRAEL,ISR,194,포병·전차를 이용한 전투,19,4,-10.0,3,1,2,-1.86335403726708,"Khan Yunis, Gaza Strip (general), Gaza Strip",GZ,https://www.jpost.com/arab-israeli-conflict/article-696193
20220211,1027797021,20220211,IRANIAN,IRN,SYRIA,SYR,154,군 병력 동원·증강,15,4,-7.2,1,1,1,-5.1975051975052,"Damascus, Dimashq, Syria",SY,https://www.timesofisrael.com/russia-cites-deep-concern-over-ongoing-israeli-strikes-in-syria/
20220211,1027797022,20220211,IRANIAN,IRN,SYRIA,SYR,154,군 병력 동원·증강,15,4,-7.2,1,1,1,-5.1975051975052,Lebanon,LE,https://www.timesofisrael.com/russia-cites-deep-concern-over-ongoing-israeli-strikes-in-syria/
20220211,1027797032,20220211,ISRAEL,ISR,SYRIA,SYR,195,공중무기 사용,19,4,-10.0,4,1,4,-5.1975051975052,"Golan Heights, Syria (general), Syria",SY,https://www.timesofisrael.com/russia-cites-deep-concern-over-ongoing-israeli-strikes-in-syria/
20220211,1027797033,20220211,ISRAEL,ISR,SYRIA,SYR,195,공중무기 사용,19,4,-10.0,1,1,1,-5.1975051975052,Israel,IS,https://www.timesofisrael.com/russia-cites-deep-concern-over-ongoing-israeli-strikes-in-syria/
20220211,1027805177,20220211,IRAN,IRN,ISRAELI,ISR,190,재래식 군사력 사용,19,4,-10.0,18,2,18,-6.92704078972523,Iran,IR,https://gulfnews.com/world/mena/turkey-spies-thwart-murder-of-israeli-businessman-report-1.85630990
20220211,1027805621,20220211,TURKEY,TUR,ISRAELI,ISR,190,재래식 군사력 사용,19,4,-10.0,16,2,16,-6.92704078972523,Iran,IR,https://gulfnews.com/world/mena/turkey-spies-thwart-murder-of-israeli-businessman-report-1.85630990
20220211,1027805622,20220211,TURKEY,TUR,ISRAELI,ISR,190,재래식 군사력 사용,19,4,-10.0,2,1,2,-6.79886685552408,Israel,IS,https://gulfnews.com/world/mena/turkey-spies-thwart-murder-of-israeli-businessman-report-1.85630990
20220211,1027811128,20220211,ISRAEL,ISR,HAMAS,PSE,194,포병·전차를 이용한 전투,19,4,-10.0,78,13,78,-7.0980647507758,Israel,IS,https://www.bignewsnetwork.com/news/272288807/gal-gadot-starrer-death-on-the-nile-gets-banned-in-lebanon-kuwait
20220211,1027813320,20220211,IRANIAN,IRN,ISRAELI,ISR,138,군사력 사용 위협,13,3,-7.0,1,1,1,-2.15633423180593,Iran,IR,https://breakingdefense.com/2022/02/how-the-ukraine-situation-could-impact-israels-strategies-for-syria-and-iran/
20220211,1027813321,20220211,IRANIAN,IRN,ISRAELI,ISR,138,군사력 사용 위협,13,3,-7.0,1,1,1,-2.15633423180593,Iran,IR,https://breakingdefense.com/2022/02/how-the-ukraine-situation-could-impact-israels-strategies-for-syria-and-iran/
20220211,1027813330,20220211,ISRAEL,ISR,IRANIAN,IRN,190,재래식 군사력 사용,19,4,-10.0,1,1,1,-2.15633423180593,"Jerusalem, Israel (general), Israel",IS,https://breakingdefense.com/2022/02/how-the-ukraine-situation-could-impact-israels-strategies-for-syria-and-iran/
20220211,1027813331,20220211,ISRAEL,ISR,IRANIAN,IRN,190,재래식 군사력 사용,19,4,-10.0,4,1,4,-2.15633423180593,Iran,IR,https://breakingdefense.com/2022/02/how-the-ukraine-situation-could-impact-israels-strategies-for-syria-and-iran/
20220211,1027813332,20220211,ISRAEL,ISR,IRANIAN,IRN,190,재래식 군사력 사용,19,4,-10.0,1,1,1,-2.15633423180593,Iraq,IZ,https://breakingdefense.com/2022/02/how-the-ukraine-situation-could-impact-israels-strategies-for-syria-and-iran/
20220211,1027813333,20220211,ISRAEL,ISR,IRANIAN,IRN,190,재래식 군사력 사용,19,4,-10.0,4,1,4,-2.15633423180593,Iran,IR,https://breakingdefense.com/2022/02/how-the-ukraine-situation-could-impact-israels-strategies-for-syria-and-iran/
20220211,1027818060,20220211,IRAQ,IRQ,SYRIA,SYR,138,군사력 사용 위협,13,3,-7.0,1,1,1,-10.5740181268882,Iraq,IZ,https://english.alaraby.co.uk/news/un-says-6000-10000-militants-active-iraq-syria
20220211,1027820438,20220211,LEBANON,LBN,HAMAS,PSE,194,포병·전차를 이용한 전투,19,4,-10.0,2,1,2,-7.16845878136201,Israel,IS,https://news.webindia123.com/news/articles/Entertainment/20220211/3906558.html
20220211,1027820439,20220211,LEBANON,LBN,HAMAS,PSE,194,포병·전차를 이용한 전투,19,4,-10.0,2,1,2,-7.16845878136201,Lebanon,LE,https://news.webindia123.com/news/articles/Entertainment/20220211/3906558.html
20220211,1027824022,20220211,SYRIA,SYR,TURKEY,TUR,190,재래식 군사력 사용,19,4,-10.0,1,1,1,-10.0737100737101,"Afrin, ?alab, Syria",SY,https://en.haberler.com/grieving-syrian-family-wants-ypg-pkk-to-be-held-1692830/
20220211,1027824023,20220211,SYRIA,SYR,TURKEY,TUR,190,재래식 군사력 사용,19,4,-10.0,1,1,1,-10.0737100737101,"Anadolu, Turkey (general), Turkey",TU,https://en.haberler.com/grieving-syrian-family-wants-ypg-pkk-to-be-held-1692830/
20220211,1027824034,20220211,TURKEY,TUR,SYRIA,SYR,190,재래식 군사력 사용,19,4,-10.0,2,1,2,-10.0737100737101,"Afrin, ?alab, Syria",SY,https://en.haberler.com/grieving-syrian-family-wants-ypg-pkk-to-be-held-1692830/
20220211,1027828786,20220211,TURKEY,TUR,SYRIA,SYR,190,재래식 군사력 사용,19,4,-10.0,4,1,4,-4.14201183431952,"Euphrates, Dayr az Zawr, Syria",SY,http://famagusta-gazette.com/2022/02/11/turkey-says-kills-29-kurdish-militants-in-northern-syria/
20220211,1027828787,20220211,TURKISH,TUR,SYRIA,SYR,190,재래식 군사력 사용,19,4,-10.0,6,1,6,-4.14201183431952,Turkey,TU,http://famagusta-gazette.com/2022/02/11/turkey-says-kills-29-kurdish-militants-in-northern-syria/
20220211,1027835129,20220211,IRAN,IRN,TURKISH,TUR,138,군사력 사용 위협,13,3,-7.0,2,1,2,-2.06746463547334,"Rifat, Osmaniye, Turkey",TU,https://www.understandingwar.org/backgrounder/turkey-review-january-19-%e2%80%93-february-7-2022
20220211,1027835130,20220211,IRANIAN,IRN,TURKISH,TUR,190,재래식 군사력 사용,19,4,-10.0,1,1,1,-2.06746463547334,"Kabul, Kabol, Afghanistan",AF,https://www.understandingwar.org/backgrounder/turkey-review-january-19-%e2%80%93-february-7-2022
20220211,1027835131,20220211,IRANIAN,IRN,TURKISH,TUR,190,재래식 군사력 사용,19,4,-10.0,1,1,1,-2.06746463547334,"Bodrum, Iç, Turkey",TU,https://www.understandingwar.org/backgrounder/turkey-review-january-19-%e2%80%93-february-7-2022
20220211,1027835132,20220211,IRAN,IRN,TURKEY,TUR,154,군 병력 동원·증강,15,4,-7.2,2,1,2,-2.06746463547334,"Rifat, Osmaniye, Turkey",TU,https://www.understandingwar.org/backgrounder/turkey-review-january-19-%e2%80%93-february-7-2022
20220211,1027835133,20220211,IRANIAN,IRN,TURKISH,TUR,190,재래식 군사력 사용,19,4,-10.0,6,1,6,-2.06746463547334,"Kabul, Kabol, Afghanistan",AF,https://www.understandingwar.org/backgrounder/turkey-review-january-19-%e2%80%93-february-7-2022
20220211,1027835144,20220211,IRAQ,IRQ,TURKEY,TUR,138,군사력 사용 위협,13,3,-7.0,2,1,2,-2.06746463547334,"Rifat, Osmaniye, Turkey",TU,https://www.understandingwar.org/backgrounder/turkey-review-january-19-%e2%80%93-february-7-2022
20220211,1027835145,20220211,IRAQ,IRQ,TURKEY,TUR,190,재래식 군사력 사용,19,4,-10.0,2,1,2,-2.06746463547334,"Aleppo, ?alab, Syria",SY,https://www.understandingwar.org/backgrounder/turkey-review-january-19-%e2%80%93-february-7-2022
20220211,1027835146,20220211,IRAQ,IRQ,TURKEY,TUR,154,군 병력 동원·증강,15,4,-7.2,2,1,2,-2.06746463547334,"Rifat, Osmaniye, Turkey",TU,https://www.understandingwar.org/backgrounder/turkey-review-january-19-%e2%80%93-february-7-2022
20220211,1027835150,20220211,ISRAELI,ISR,SYRIA,SYR,190,재래식 군사력 사용,19,4,-10.0,2,1,2,-7.08333333333333,Iran,IR,https://apnews.com/article/middle-east-israel-syria-damascus-6b7034024ae70f8bb4408de200c7cd77
20220211,1027835151,20220211,ISRAEL,ISR,SYRIA,SYR,195,공중무기 사용,19,4,-10.0,5,1,5,-7.08333333333333,Iran,IR,https://apnews.com/article/middle-east-israel-syria-damascus-6b7034024ae70f8bb4408de200c7cd77
20220211,1027835577,20220211,SYRIA,SYR,ISRAEL,ISR,190,재래식 군사력 사용,19,4,-10.0,2,1,2,-7.08333333333333,"Damascus, Dimashq, Syria",SY,https://apnews.com/article/middle-east-israel-syria-damascus-6b7034024ae70f8bb4408de200c7cd77
20220211,1027835578,20220211,SYRIA,SYR,ISRAEL,ISR,190,재래식 군사력 사용,19,4,-10.0,2,1,2,-7.08333333333333,"Damascus, Dimashq, Syria",SY,https://apnews.com/article/middle-east-israel-syria-damascus-6b7034024ae70f8bb4408de200c7cd77
20220211,1027835581,20220211,SYRIA,SYR,TURKEY,TUR,190,재래식 군사력 사용,19,4,-10.0,2,1,2,-2.06746463547334,"Aleppo, ?alab, Syria",SY,https://www.understandingwar.org/backgrounder/turkey-review-january-19-%e2%80%93-february-7-2022
20220211,1027835582,20220211,SYRIA,SYR,TURKISH,TUR,190,재래식 군사력 사용,19,4,-10.0,1,1,1,-2.06746463547334,"Cizre, Sirnak, Turkey",TU,https://www.understandingwar.org/backgrounder/turkey-review-january-19-%e2%80%93-february-7-2022
20220211,1027835583,20220211,ALEPPO,SYR,TURKISH,TUR,190,재래식 군사력 사용,19,4,-10.0,4,1,4,-2.06746463547334,"Aleppo, ?alab, Syria",SY,https://www.understandingwar.org/backgrounder/turkey-review-january-19-%e2%80%93-february-7-2022
20220211,1027835584,20220211,SYRIA,SYR,TURKISH,TUR,190,재래식 군사력 사용,19,4,-10.0,1,1,1,-2.06746463547334,"Aleppo, ?alab, Syria",SY,https://www.understandingwar.org/backgrounder/turkey-review-january-19-%e2%80%93-february-7-2022
20220211,1027835585,20220211,ALEPPO,SYR,TURKISH,TUR,190,재래식 군사력 사용,19,4,-10.0,2,1,2,-2.06746463547334,"Rifat, Osmaniye, Turkey",TU,https://www.understandingwar.org/backgrounder/turkey-review-january-19-%e2%80%93-february-7-2022
20220211,1027835586,20220211,SYRIA,SYR,TURKEY,TUR,190,재래식 군사력 사용,19,4,-10.0,1,1,1,-2.06746463547334,"Aleppo, ?alab, Syria",SY,https://www.understandingwar.org/backgrounder/turkey-review-january-19-%e2%80%93-february-7-2022
20220211,1027835587,20220211,SYRIA,SYR,TURKEY,TUR,194,포병·전차를 이용한 전투,19,4,-10.0,1,1,1,-2.06746463547334,"Aleppo, ?alab, Syria",SY,https://www.understandingwar.org/backgrounder/turkey-review-january-19-%e2%80%93-february-7-2022
20220211,1027835588,20220211,SYRIAN,SYR,TURKISH,TUR,194,포병·전차를 이용한 전투,19,4,-10.0,1,1,1,-2.06746463547334,"Cizre, Sirnak, Turkey",TU,https://www.understandingwar.org/backgrounder/turkey-review-january-19-%e2%80%93-february-7-2022
20220211,1027835589,20220211,SYRIAN,SYR,TURKEY,TUR,194,포병·전차를 이용한 전투,19,4,-10.0,2,1,2,-2.06746463547334,"Aleppo, ?alab, Syria",SY,https://www.understandingwar.org/backgrounder/turkey-review-january-19-%e2%80%93-february-7-2022
20220211,1027835590,20220211,SYRIAN,SYR,TURKISH,TUR,194,포병·전차를 이용한 전투,19,4,-10.0,1,1,1,-2.06746463547334,"Aleppo, ?alab, Syria",SY,https://www.understandingwar.org/backgrounder/turkey-review-january-19-%e2%80%93-february-7-2022
20220211,1027835616,20220211,TURKEY,TUR,IRAN,IRN,190,재래식 군사력 사용,19,4,-10.0,2,1,2,-2.06746463547334,"Kurdistan, Khuzestan, Iran",IR,https://www.understandingwar.org/backgrounder/turkey-review-january-19-%e2%80%93-february-7-2022
20220211,1027835626,20220211,TURKEY,TUR,IRAQ,IRQ,190,재래식 군사력 사용,19,4,-10.0,4,1,4,-2.06746463547334,"Kurdistan, Khuzestan, Iran",IR,https://www.understandingwar.org/backgrounder/turkey-review-january-19-%e2%80%93-february-7-2022
20220211,1027835627,20220211,TURKEY,TUR,IRAQ,IRQ,190,재래식 군사력 사용,19,4,-10.0,2,1,2,-2.06746463547334,"Kurdistan, Khuzestan, Iran",IR,https://www.understandingwar.org/backgrounder/turkey-review-january-19-%e2%80%93-february-7-2022
20220211,1027835628,20220211,TURKEY,TUR,IRAQ,IRQ,190,재래식 군사력 사용,19,4,-10.0,2,1,2,-2.06746463547334,"Baghdad, Baghdad, Iraq",IZ,https://www.understandingwar.org/backgrounder/turkey-review-january-19-%e2%80%93-february-7-2022
20220211,1027835629,20220211,TURKEY,TUR,IRAQ,IRQ,190,재래식 군사력 사용,19,4,-10.0,2,1,2,-2.06746463547334,"Aleppo, ?alab, Syria",SY,https://www.understandingwar.org/backgrounder/turkey-review-january-19-%e2%80%93-february-7-2022
20220211,1027835663,20220211,TURKISH,TUR,ALEPPO,SYR,190,재래식 군사력 사용,19,4,-10.0,2,1,2,-2.06746463547334,"Rifat, Osmaniye, Turkey",TU,https://www.understandingwar.org/backgrounder/turkey-review-january-19-%e2%80%93-february-7-2022
20220211,1027835664,20220211,TURKEY,TUR,SYRIA,SYR,190,재래식 군사력 사용,19,4,-10.0,1,1,1,-2.06746463547334,"Bashiqa, NinawáZ, Iraq",IZ,https://www.understandingwar.org/backgrounder/turkey-review-january-19-%e2%80%93-february-7-2022
20220211,1027835665,20220211,TURKEY,TUR,SYRIA,SYR,190,재래식 군사력 사용,19,4,-10.0,1,1,1,-2.06746463547334,"Rifat, Osmaniye, Turkey",TU,https://www.understandingwar.org/backgrounder/turkey-review-january-19-%e2%80%93-february-7-2022
20220211,1027835666,20220211,TURKEY,TUR,SYRIA,SYR,190,재래식 군사력 사용,19,4,-10.0,1,1,1,-2.06746463547334,"Calik, Güne, Turkey",TU,https://www.understandingwar.org/backgrounder/turkey-review-january-19-%e2%80%93-february-7-2022
20220211,1027835667,20220211,TURKEY,TUR,SYRIA,SYR,190,재래식 군사력 사용,19,4,-10.0,2,1,2,-2.06746463547334,"Aleppo, ?alab, Syria",SY,https://www.understandingwar.org/backgrounder/turkey-review-january-19-%e2%80%93-february-7-2022
20220211,1027835668,20220211,TURKISH,TUR,ALEPPO,SYR,190,재래식 군사력 사용,19,4,-10.0,4,1,4,-2.06746463547334,"Aleppo, ?alab, Syria",SY,https://www.understandingwar.org/backgrounder/turkey-review-january-19-%e2%80%93-february-7-2022
20220211,1027835669,20220211,TURKEY,TUR,SYRIA,SYR,190,재래식 군사력 사용,19,4,-10.0,7,1,7,-2.06746463547334,"Rifat, Osmaniye, Turkey",TU,https://www.understandingwar.org/backgrounder/turkey-review-january-19-%e2%80%93-february-7-2022
20220211,1027835670,20220211,TURKEY,TUR,SYRIA,SYR,190,재래식 군사력 사용,19,4,-10.0,1,1,1,-2.06746463547334,"Aleppo, ?alab, Syria",SY,https://www.understandingwar.org/backgrounder/turkey-review-january-19-%e2%80%93-february-7-2022
20220211,1027840646,20220211,HAMAS,PSE,ISRAEL,ISR,194,포병·전차를 이용한 전투,19,4,-10.0,20,2,20,-4.8179176919321,"Jerusalem, Israel (general), Israel",IS,https://www.jns.org/experts-debate-steps-israel-must-take-to-prevent-future-arab-violence-integration-into-state/
20220211,1027840698,20220211,TURKEY,TUR,ISRAELI,ISR,190,재래식 군사력 사용,19,4,-10.0,2,1,2,-7.05521472392638,"Ankara, Ankara, Turkey",TU,https://english.alaraby.co.uk/news/turkey-spies-thwart-murder-israeli-businessman-report
20220211,1027843243,20220211,QATARI,QAT,IRAN,IRN,190,재래식 군사력 사용,19,4,-10.0,10,1,10,-5.07682030728123,United States,US,https://www.thehindu.com/opinion/lead/taking-a-byte-out-of-cyber-threats/article38414892.ece
20220211,1027845137,20220211,ISRAELI,ISR,TURKEY,TUR,195,공중무기 사용,19,4,-10.0,5,1,5,-2.1978021978022,"Istanbul, Istanbul, Turkey",TU,https://www.arabnews.com/node/2022966/middle-east
20220211,1027845138,20220211,ISRAELI,ISR,TURKEY,TUR,195,공중무기 사용,19,4,-10.0,1,1,1,-2.1978021978022,"Istanbul, Istanbul, Turkey",TU,https://www.arabnews.com/node/2022966/middle-east
20220211,1027845139,20220211,ISRAELI,ISR,TURKEY,TUR,195,공중무기 사용,19,4,-10.0,4,1,4,-2.1978021978022,Israel,IS,https://www.arabnews.com/node/2022966/middle-east
20220211,1027854731,20220204,IRAN,IRN,IRAQ,IRQ,154,군 병력 동원·증강,15,4,-7.2,2,1,2,-3.29457364341085,United States,US,https://english.newsnationtv.com/states/uttar-pradesh/yogi-governments-announcement-all-schools-will-open-in-up-from-monday-250144.html
20220211,1027855497,20220211,IRAN,IRN,IRAQI,IRQ,194,포병·전차를 이용한 전투,19,4,-10.0,2,1,2,-3.04659498207885,"Baghdad, Baghdad, Iraq",IZ,https://english.newsnationtv.com/states/uttar-pradesh/high-court-order-complete-judicial-inquiry-into-altafs-death-soon-250139.html
20220211,1027855498,20220211,IRAN,IRN,IRAQI,IRQ,194,포병·전차를 이용한 전투,19,4,-10.0,6,1,6,-3.04659498207885,Syria,SY,https://english.newsnationtv.com/states/uttar-pradesh/high-court-order-complete-judicial-inquiry-into-altafs-death-soon-250139.html
20220211,1027855509,20220211,IRAQI,IRQ,IRAN,IRN,194,포병·전차를 이용한 전투,19,4,-10.0,2,1,2,-3.04659498207885,"Tehran, Tehran, Iran",IR,https://english.newsnationtv.com/states/uttar-pradesh/high-court-order-complete-judicial-inquiry-into-altafs-death-soon-250139.html
20220211,1027859645,20220211,IRAN,IRN,IRAQ,IRQ,190,재래식 군사력 사용,19,4,-10.0,3,1,3,-3.71605526441162,Iraq,IZ,https://www.memri.org/reports/jihad-and-terrorism-threat-monitor-jttm-weekly-february-5-%e2%80%93-12-2022
20220211,1027867148,20220211,ISRAELI,ISR,EGYPT,EGY,190,재래식 군사력 사용,19,4,-10.0,2,1,2,-1.6260162601626,"White House, District of Columbia, United States",US,https://americanfreepress.net/uss-liberty-cover-up-proves-the-power-of-the-israel-lobby/
20220211,1027867149,20220211,ISRAELI,ISR,EGYPT,EGY,190,재래식 군사력 사용,19,4,-10.0,2,1,2,-1.6260162601626,Israel,IS,https://americanfreepress.net/uss-liberty-cover-up-proves-the-power-of-the-israel-lobby/
20220211,1027867156,20220211,ISRAELI,ISR,EGYPT,EGY,190,재래식 군사력 사용,19,4,-10.0,6,1,6,-1.6260162601626,"White House, District of Columbia, United States",US,https://americanfreepress.net/uss-liberty-cover-up-proves-the-power-of-the-israel-lobby/
20220211,1027872315,20220211,ISRAELI,ISR,PALESTINIAN,PSE,190,재래식 군사력 사용,19,4,-10.0,20,2,20,-7.25806451612903,"Beit Dajan, HaMerkaz, Israel",IS,http://www.chinaview.cn/20220212/7daeb72ce58e48258f7baa6550e87da8/c.html
20220211,1027872938,20220211,YEMEN,YEM,SAUDI,SAU,190,재래식 군사력 사용,19,4,-10.0,8,1,8,-6.58307210031348,"Riyadh, Ar Riya?, Saudi Arabia",SA,https://borneobulletin.com.bn/12-hurt-in-attack-targetting-airport-near-yemen/
20220211,1027872939,20220211,YEMEN,YEM,SAUDI ARABIA,SAU,190,재래식 군사력 사용,19,4,-10.0,2,1,2,-6.58307210031348,"Sanaa, Sana', Yemen",YM,https://borneobulletin.com.bn/12-hurt-in-attack-targetting-airport-near-yemen/
20220211,1027875370,20220211,RIYADH,SAU,SANAA,YEM,190,재래식 군사력 사용,19,4,-10.0,10,1,10,-2.85714285714285,"Sanaa, Sana', Yemen",YM,https://www.arabnews.com/node/2023156/middle-east
20220212,1027878739,20220212,ISRAELI,ISR,PALESTINIAN,PSE,190,재래식 군사력 사용,19,4,-10.0,40,4,40,-7.08725824260629,"Beit Dajan, HaMerkaz, Israel",IS,https://mb.com.ph/2022/02/12/165-palestinians-injured-in-clashes-with-israeli-soldiers-in-west-bank-medics/
20220212,1027878755,20220212,ISRAEL,ISR,YEMEN,YEM,194,포병·전차를 이용한 전투,19,4,-10.0,2,1,2,-0.55066079295154,"Damascus, Dimashq, Syria",SY,https://www.arabnews.com/node/2023031
20220212,1027878756,20220212,ISRAEL,ISR,YEMEN,YEM,194,포병·전차를 이용한 전투,19,4,-10.0,2,1,2,-0.55066079295154,Yemen,YM,https://www.arabnews.com/node/2023031
20220212,1027879192,20220212,PALESTINIAN,PSE,ISRAELI,ISR,190,재래식 군사력 사용,19,4,-10.0,40,4,40,-7.08725824260629,"Jerusalem, Israel (general), Israel",IS,https://mb.com.ph/2022/02/12/165-palestinians-injured-in-clashes-with-israeli-soldiers-in-west-bank-medics/
20220212,1027882196,20220212,TURKISH,TUR,SYRIA,SYR,190,재래식 군사력 사용,19,4,-10.0,48,6,48,-3.92156862745098,"Ankara, Ankara, Turkey",TU,https://www.iraqsun.com/news/272289685/xinhua-middle-east--summary-at-2200-gmt-feb-11
20220212,1027882197,20220212,TURKEY,TUR,SYRIA,SYR,190,재래식 군사력 사용,19,4,-10.0,12,6,12,-3.92156862745098,"Ankara, Ankara, Turkey",TU,https://www.iraqsun.com/news/272289685/xinhua-middle-east--summary-at-2200-gmt-feb-11
20220212,1027883265,20220212,EGYPTIAN,EGY,ISRAEL,ISR,163,금수·보이콧·제재 부과,16,4,-8.0,3,1,3,-7.41163055872292,Egypt,EG,https://www.msn.com/en-us/news/world/egypt-prisoners-tortured-to-give-up-names/ar-AATKNdC
20220212,1027883266,20220212,EGYPTIAN,EGY,ISRAEL,ISR,163,금수·보이콧·제재 부과,16,4,-8.0,7,3,7,-7.21733070461407,Israel,IS,https://www.bbc.co.uk/news/world-middle-east-60306267
20220212,1027883557,20220212,ISRAEL,ISR,PALESTINIAN,PSE,163,금수·보이콧·제재 부과,16,4,-8.0,3,1,3,-7.41163055872292,Egypt,EG,https://www.msn.com/en-us/news/world/egypt-prisoners-tortured-to-give-up-names/ar-AATKNdC
20220212,1027883558,20220212,ISRAEL,ISR,PALESTINIAN,PSE,163,금수·보이콧·제재 부과,16,4,-8.0,3,1,3,-7.41163055872292,Israel,IS,https://www.msn.com/en-us/news/world/egypt-prisoners-tortured-to-give-up-names/ar-AATKNdC
20220212,1027883559,20220212,ISRAEL,ISR,PALESTINIAN,PSE,163,금수·보이콧·제재 부과,16,4,-8.0,4,2,4,-6.92588092345079,Israel,IS,https://www.bbc.co.uk/news/world-middle-east-60306267
20220212,1027883560,20220212,ISRAEL,ISR,PALESTINIAN,PSE,163,금수·보이콧·제재 부과,16,4,-8.0,34,4,34,-6.34777558717839,Israel,IS,https://www.msn.com/en-us/news/world/egypt-prisoners-tortured-to-give-up-names/ar-AATKNdC
20220212,1027890525,20220212,HASSAN,JOR,IRAN,IRN,190,재래식 군사력 사용,19,4,-10.0,1,1,1,-0.0908265213442299,"Tehran, Tehran, Iran",IR,https://www.episcopalnewsservice.org/2022/02/11/decades-after-fleeing-iran-daughter-follows-father-into-episcopal-priesthood/
20220212,1027899853,20220212,ISRAEL,ISR,SYRIA,SYR,190,재래식 군사력 사용,19,4,-10.0,6,2,6,-9.32539682539683,Israel,IS,https://news.antiwar.com/2022/02/11/russia-says-israeli-airstrikes-are-a-crude-violation-of-syrias-sovereignty/
20220212,1027899854,20220212,ISRAEL,ISR,SYRIA,SYR,195,공중무기 사용,19,4,-10.0,6,2,6,-9.32539682539683,"Golan Heights, Syria (general), Syria",SY,https://news.antiwar.com/2022/02/11/russia-says-israeli-airstrikes-are-a-crude-violation-of-syrias-sovereignty/
20220212,1027899855,20220212,ISRAEL,ISR,SYRIA,SYR,195,공중무기 사용,19,4,-10.0,2,2,2,-9.32539682539683,Israel,IS,https://news.antiwar.com/2022/02/11/russia-says-israeli-airstrikes-are-a-crude-violation-of-syrias-sovereignty/
20220212,1027899856,20220212,ISRAEL,ISR,SYRIA,SYR,195,공중무기 사용,19,4,-10.0,2,2,2,-9.32539682539683,Israel,IS,https://news.antiwar.com/2022/02/11/russia-says-israeli-airstrikes-are-a-crude-violation-of-syrias-sovereignty/
20220212,1027904173,20220212,IRAN,IRN,IRAQI,IRQ,194,포병·전차를 이용한 전투,19,4,-10.0,8,1,8,-5.0,"Tehran, Tehran, Iran",IR,https://english.newsnationtv.com/entertainment/bollywood/sunny-deol-said-that-my-son-is-a-good-dancer-or-actor-i-cannot-say-that-250166.html
20220212,1027904174,20220212,IRAN,IRN,IRAQI,IRQ,194,포병·전차를 이용한 전투,19,4,-10.0,2,1,2,-5.0,"Tehran, Tehran, Iran",IR,https://english.newsnationtv.com/entertainment/bollywood/sunny-deol-said-that-my-son-is-a-good-dancer-or-actor-i-cannot-say-that-250166.html
20220212,1027909551,20220212,ISRAEL,ISR,HAMAS,PSE,194,포병·전차를 이용한 전투,19,4,-10.0,6,1,6,-7.04697986577181,Israel,IS,https://www.freepressjournal.in/entertainment/hollywood/heres-why-lebanon-kuwait-have-banned-gal-gadot-starrer-death-on-the-nile
20220212,1027919907,20220212,IRAN,IRN,ISRAELI,ISR,190,재래식 군사력 사용,19,4,-10.0,6,1,6,-7.18954248366014,Israel,IS,https://english.aawsat.com/home/article/3470266/turkey-spies-thwart-iran-plotted-murder-israeli-businessman
20220212,1027919908,20220212,IRAN,IRN,ISRAELI,ISR,190,재래식 군사력 사용,19,4,-10.0,4,1,4,-7.18954248366014,Israel,IS,https://english.aawsat.com/home/article/3470266/turkey-spies-thwart-iran-plotted-murder-israeli-businessman
20220212,1027925164,20220212,SAUDI ARABIA,SAU,YEMEN,YEM,190,재래식 군사력 사용,19,4,-10.0,4,1,4,2.65486725663717,"Lahj, La?ij, Yemen",YM,https://menafn.com/1103684024/Saudi-KSrelief-Organizes-Training-Course-for-Laboratory-Technicians-to-Combat-Malaria-in-Aden-and-Lahj-Governorates-Yemen&source=138
20220212,1027925166,20220212,SAUDI ARABIA,SAU,YEMEN,YEM,190,재래식 군사력 사용,19,4,-10.0,2,1,2,2.65486725663717,"Lahj, La?ij, Yemen",YM,https://menafn.com/1103684024/Saudi-KSrelief-Organizes-Training-Course-for-Laboratory-Technicians-to-Combat-Malaria-in-Aden-and-Lahj-Governorates-Yemen&source=138
20220212,1027931007,20220212,ISRAEL,ISR,PALESTINIAN,PSE,190,재래식 군사력 사용,19,4,-10.0,6,1,6,-5.44157002676182,"Tantura, H_efa, Israel",IS,https://original.antiwar.com/ramzy-baroud/2022/02/11/from-tantura-to-naqab-israels-long-hidden-truths-are-finally-revealed/
20220212,1027931008,20220212,ISRAELI,ISR,PALESTINIAN,PSE,192,영토 점령,19,4,-9.5,5,1,5,-5.44157002676182,"Tantura, H_efa, Israel",IS,https://original.antiwar.com/ramzy-baroud/2022/02/11/from-tantura-to-naqab-israels-long-hidden-truths-are-finally-revealed/
20220212,1027938404,20220212,IRAQ,IRQ,SYRIA,SYR,190,재래식 군사력 사용,19,4,-10.0,1,1,1,-4.05797101449275,Iraq,IZ,https://www.al-monitor.com/originals/2022/02/turkish-attacks-stop-displaced-iraqi-yazidis-returning-home
20220212,1027938405,20220212,IRAQ,IRQ,SYRIA,SYR,190,재래식 군사력 사용,19,4,-10.0,3,1,3,-4.05797101449275,Iraq,IZ,https://www.al-monitor.com/originals/2022/02/turkish-attacks-stop-displaced-iraqi-yazidis-returning-home
20220212,1027938406,20220212,IRAQ,IRQ,SYRIA,SYR,190,재래식 군사력 사용,19,4,-10.0,1,1,1,-4.05797101449275,Turkey,TU,https://www.al-monitor.com/originals/2022/02/turkish-attacks-stop-displaced-iraqi-yazidis-returning-home
20220212,1027955374,20220212,SAUDI,SAU,YEMEN,YEM,195,공중무기 사용,19,4,-10.0,4,1,4,-6.91358024691358,"Riyadh, Ar Riya?, Saudi Arabia",SA,https://www.presstv.ir/Detail/2022/02/12/676674/Saudi-Arabia-conducts-new-round-of-airstrikes-against-various-areas-across-Yemen
20220212,1027955377,20220212,SAUDI,SAU,SANAA,YEM,195,공중무기 사용,19,4,-10.0,6,1,6,-6.91358024691358,"Riyadh, Ar Riya?, Saudi Arabia",SA,https://www.presstv.ir/Detail/2022/02/12/676674/Saudi-Arabia-conducts-new-round-of-airstrikes-against-various-areas-across-Yemen
20220212,1027957892,20220212,ISRAELI,ISR,TURKISH,TUR,190,재래식 군사력 사용,19,4,-10.0,2,1,2,-0.21762785636562,Israel,IS,https://www.ynetnews.com/article/rjlx2ifj9
20220212,1027957893,20220212,ISRAEL,ISR,TURKEY,TUR,190,재래식 군사력 사용,19,4,-10.0,1,1,1,-0.21762785636562,"Izmir, Izmir, Turkey",TU,https://www.ynetnews.com/article/rjlx2ifj9
20220212,1027958045,20220212,TURKISH,TUR,ISRAELI,ISR,190,재래식 군사력 사용,19,4,-10.0,2,1,2,-0.21762785636562,Israel,IS,https://www.ynetnews.com/article/rjlx2ifj9
20220212,1027958046,20220212,TURKEY,TUR,ISRAEL,ISR,190,재래식 군사력 사용,19,4,-10.0,1,1,1,-0.21762785636562,"Izmir, Izmir, Turkey",TU,https://www.ynetnews.com/article/rjlx2ifj9
20220212,1027959195,20220212,CAIRO,EGY,QATAR,QAT,193,소형무기·경무기를 이용한 전투,19,4,-10.0,2,1,2,1.36986301369863,"Doha, Ad Daw?ah, Qatar",QA,https://gulfnews.com/world/gulf/qatar/qatar-covid-19-booster-shots-top-1-million-mark-1.85654496
20220212,1027962021,20220212,SYRIAN,SYR,BEIRUT,LBN,190,재래식 군사력 사용,19,4,-10.0,50,15,50,-6.73340890331259,"Idlib, Idlib, Syria",SY,https://www.chron.com/news/article/Artillery-in-northwest-Syria-kills-6-including-2-16912933.php
20220212,1027962022,20220212,SYRIAN,SYR,BEIRUT,LBN,190,재래식 군사력 사용,19,4,-10.0,87,15,87,-6.73340890331259,"Idlib, Idlib, Syria",SY,https://www.chron.com/news/article/Artillery-in-northwest-Syria-kills-6-including-2-16912933.php
20220212,1027970257,20220212,SAUDI ARABIA,SAU,YEMEN,YEM,190,재래식 군사력 사용,19,4,-10.0,8,1,8,-4.27350427350427,"Riyadh, Ar Riya?, Saudi Arabia",SA,https://www.presstv.ir/Detail/2022/02/12/676686/Aggressors-can
20220212,1027992000,20220212,JERUSALEM,ISR,IRANIAN,IRN,190,재래식 군사력 사용,19,4,-10.0,1,1,1,-2.46305418719212,"Jerusalem, Israel (general), Israel",IS,https://www.timesofisrael.com/bennett-urges-israelis-to-immediately-leave-ukraine-as-evacuation-plans-readied/
20220212,1027992001,20220212,JERUSALEM,ISR,IRANIAN,IRN,190,재래식 군사력 사용,19,4,-10.0,7,1,7,-2.46305418719212,Iran,IR,https://www.timesofisrael.com/bennett-urges-israelis-to-immediately-leave-ukraine-as-evacuation-plans-readied/
20220212,1027994514,20220212,QATAR,QAT,TURKEY,TUR,190,재래식 군사력 사용,19,4,-10.0,20,1,20,-2.94117647058824,Turkey,TU,https://menafn.com/1103685449/Qatar-Turkey-lowers-taxes-on-basic-foods-to-fight-high-inflation&source=25
20220212,1027996977,20220212,IRAN,IRN,SANAA,YEM,192,영토 점령,19,4,-9.5,3,1,3,-8.21114369501466,"Sanaa, Sana', Yemen",YM,https://www.stripes.com/incoming/2022-02-12/yemen-officials-suspected-militants-abduct-un-workers-4986745.html
20220212,1027997062,20220212,RIYADH,SAU,SANAA,YEM,195,공중무기 사용,19,4,-10.0,10,1,10,-2.02020202020202,"Hajjah, ?ajjah, Yemen",YM,https://www.arabnews.com/node/2023426/middle-east
20220213,1028016272,20220213,ISRAELI,ISR,TURKEY,TUR,195,공중무기 사용,19,4,-10.0,8,1,8,-2.57400257400257,"Istanbul, Istanbul, Turkey",TU,https://www.thenews.com.pk/print/933206-turkey-israel-foil-iran-bid-to-kill-businessman-in-istanbul
20220213,1028016273,20220213,ISRAELI,ISR,TURKEY,TUR,195,공중무기 사용,19,4,-10.0,2,1,2,-2.57400257400257,"Tehran, Tehran, Iran",IR,https://www.thenews.com.pk/print/933206-turkey-israel-foil-iran-bid-to-kill-businessman-in-istanbul
20220213,1028022371,20220213,GAZA,PSE,ISRAELI,ISR,138,군사력 사용 위협,13,3,-7.0,2,1,2,-2.32383808095952,"Gaza, Israel (general), Israel",IS,https://americanfreepress.net/afp-podcast-article-israels-insulting-offer-to-massacre-victims/
20220213,1028022373,20220213,GAZA,PSE,ISRAELI,ISR,138,군사력 사용 위협,13,3,-7.0,2,1,2,-2.32383808095952,"Gaza, Israel (general), Israel",IS,https://americanfreepress.net/afp-podcast-article-israels-insulting-offer-to-massacre-victims/
20220213,1028030288,20220213,IRAN,IRN,SANAA,YEM,192,영토 점령,19,4,-9.5,20,2,20,-7.22233973681005,"Sanaa, Sana', Yemen",YM,https://www.dw.com/en/yemen-5-un-staff-abducted-by-suspected-militants/a-60759786
20220213,1028041371,20220213,ISRAELI,ISR,PALESTINIAN,PSE,190,재래식 군사력 사용,19,4,-10.0,47,7,40,-7.74530728313604,"Sheikh Jarrah, Yerushalayim, Israel",IS,https://www.haaretz.com/israel-news/.premium-two-injured-in-clashes-after-mk-announces-plan-to-reopen-office-in-sheikh-jarrah-1.10608382
20220213,1028041372,20220213,ISRAEL,ISR,HAMAS,PSE,190,재래식 군사력 사용,19,4,-10.0,11,2,11,-5.98745916092465,"Sheikh Jarrah, Yerushalayim, Israel",IS,https://www.haaretz.com/israel-news/.premium-two-injured-in-clashes-after-mk-announces-plan-to-reopen-office-in-sheikh-jarrah-1.10608382
20220213,1028041579,20220213,PALESTINIAN,PSE,ISRAELI,ISR,190,재래식 군사력 사용,19,4,-10.0,50,6,39,-7.43141941147677,"Sheikh Jarrah, Yerushalayim, Israel",IS,https://www.haaretz.com/israel-news/.premium-two-injured-in-clashes-after-mk-announces-plan-to-reopen-office-in-sheikh-jarrah-1.10608382
20220213,1028041582,20220213,HAMAS,PSE,ISRAEL,ISR,190,재래식 군사력 사용,19,4,-10.0,11,2,11,-5.98745916092465,"Sheikh Jarrah, Yerushalayim, Israel",IS,https://www.haaretz.com/israel-news/.premium-two-injured-in-clashes-after-mk-announces-plan-to-reopen-office-in-sheikh-jarrah-1.10608382
20220213,1028049310,20220213,IRAN,IRN,IRAQ,IRQ,190,재래식 군사력 사용,19,4,-10.0,6,1,6,-5.1150895140665,"Rutba, Al Anbar, Iraq",IZ,https://www.al-monitor.com/originals/2022/02/islamic-state-kills-iraqi-forces-sparsely-populated-anbar-desert
20220213,1028049327,20220213,IRAQ,IRQ,SYRIA,SYR,190,재래식 군사력 사용,19,4,-10.0,2,1,2,-5.1150895140665,Syria,SY,https://www.al-monitor.com/originals/2022/02/islamic-state-kills-iraqi-forces-sparsely-populated-anbar-desert
20220213,1028049337,20220213,JORDAN,JOR,IRAQ,IRQ,190,재래식 군사력 사용,19,4,-10.0,1,1,1,-5.1150895140665,"Rutba, Al Anbar, Iraq",IZ,https://www.al-monitor.com/originals/2022/02/islamic-state-kills-iraqi-forces-sparsely-populated-anbar-desert
20220213,1028049540,20220213,SYRIA,SYR,IRAQ,IRQ,190,재래식 군사력 사용,19,4,-10.0,2,1,2,-5.1150895140665,Syria,SY,https://www.al-monitor.com/originals/2022/02/islamic-state-kills-iraqi-forces-sparsely-populated-anbar-desert
20220213,1028055375,20220213,TURKEY,TUR,SYRIA,SYR,190,재래식 군사력 사용,19,4,-10.0,4,1,4,-4.24242424242425,"Euphrates, Dayr az Zawr, Syria",SY,https://www.bignewsnetwork.com/news/272288097/turkey-says-kills-29-kurdish-militants-in-northern-syria
20220213,1028055376,20220213,TURKISH,TUR,SYRIA,SYR,190,재래식 군사력 사용,19,4,-10.0,6,1,6,-4.24242424242425,"Ankara, Ankara, Turkey",TU,https://www.bignewsnetwork.com/news/272288097/turkey-says-kills-29-kurdish-militants-in-northern-syria
20220213,1028057963,20220213,ISRAELI,ISR,JORDAN,JOR,190,재래식 군사력 사용,19,4,-10.0,3,1,3,-10.2941176470588,"Jordan Valley, Israel (general), Israel",IS,https://www.jpost.com/breaking-news/article-696302
20220213,1028057966,20220213,ISRAEL,ISR,PALESTINIAN,PSE,190,재래식 군사력 사용,19,4,-10.0,6,1,6,-10.2941176470588,"Jordan Valley, Israel (general), Israel",IS,https://www.jpost.com/breaking-news/article-696302
20220213,1028058121,20220213,PALESTINIAN,PSE,ISRAEL,ISR,190,재래식 군사력 사용,19,4,-10.0,6,1,6,-10.2941176470588,"Jordan Valley, Israel (general), Israel",IS,https://www.jpost.com/breaking-news/article-696302
20220213,1028064269,20220213,ISRAEL,ISR,SYRIA,SYR,190,재래식 군사력 사용,19,4,-10.0,1,1,1,-4.13087934560327,"Moscow, Moskva, Russia",RS,https://www.forbes.com/sites/pauliddon/2022/02/13/what-joint-russian-syrian-air-patrols-might-mean-for-foreign-air-forces-over-syria/
20220213,1028064270,20220213,ISRAEL,ISR,SYRIA,SYR,190,재래식 군사력 사용,19,4,-10.0,10,4,10,-5.36304885095854,Israel,IS,https://www.forbes.com/sites/pauliddon/2022/02/13/what-joint-russian-syrian-air-patrols-might-mean-for-foreign-air-forces-over-syria/
20220213,1028064548,20220213,LATAKIA,SYR,ISRAELI,ISR,194,포병·전차를 이용한 전투,19,4,-10.0,1,1,1,-4.13087934560327,"Latakia, Al Ladhiqiyah, Syria",SY,https://www.forbes.com/sites/pauliddon/2022/02/13/what-joint-russian-syrian-air-patrols-might-mean-for-foreign-air-forces-over-syria/
20220213,1028064549,20220213,SYRIA,SYR,ISRAEL,ISR,194,포병·전차를 이용한 전투,19,4,-10.0,2,1,2,-4.13087934560327,"Latakia, Al Ladhiqiyah, Syria",SY,https://www.forbes.com/sites/pauliddon/2022/02/13/what-joint-russian-syrian-air-patrols-might-mean-for-foreign-air-forces-over-syria/
20220213,1028064550,20220213,LATAKIA,SYR,ISRAELI,ISR,194,포병·전차를 이용한 전투,19,4,-10.0,5,1,5,-4.13087934560327,Israel,IS,https://www.forbes.com/sites/pauliddon/2022/02/13/what-joint-russian-syrian-air-patrols-might-mean-for-foreign-air-forces-over-syria/
20220213,1028064565,20220213,SYRIA,SYR,TURKISH,TUR,193,소형무기·경무기를 이용한 전투,19,4,-10.0,1,1,1,-4.13087934560327,Turkey,TU,https://www.forbes.com/sites/pauliddon/2022/02/13/what-joint-russian-syrian-air-patrols-might-mean-for-foreign-air-forces-over-syria/
20220213,1028064566,20220213,SYRIA,SYR,TURKISH,TUR,193,소형무기·경무기를 이용한 전투,19,4,-10.0,1,1,1,-4.13087934560327,Turkey,TU,https://www.forbes.com/sites/pauliddon/2022/02/13/what-joint-russian-syrian-air-patrols-might-mean-for-foreign-air-forces-over-syria/
20220213,1028064591,20220213,TURKEY,TUR,SYRIA,SYR,192,영토 점령,19,4,-9.5,2,1,2,-4.13087934560327,Turkey,TU,https://www.forbes.com/sites/pauliddon/2022/02/13/what-joint-russian-syrian-air-patrols-might-mean-for-foreign-air-forces-over-syria/
20220213,1028065765,20220213,ISRAEL,ISR,LEBANON,LBN,190,재래식 군사력 사용,19,4,-10.0,2,1,2,-1.42857142857143,Lebanon,LE,https://www.israellycool.com/2022/02/13/ridiculous-anti-israel-propaganda-of-the-day-12/
20220213,1028065770,20220213,ISRAELI,ISR,PALESTINIAN,PSE,190,재래식 군사력 사용,19,4,-10.0,19,3,18,-7.41076445578375,"Jerusalem, Israel (general), Israel",IS,https://www.timesofisrael.com/clashes-in-flashpoint-sheikh-jarrah-after-far-right-mk-opens-protest-office/
20220213,1028065771,20220213,ISRAELI,ISR,PALESTINIAN,PSE,190,재래식 군사력 사용,19,4,-10.0,49,13,48,-8.77092428919045,"Jerusalem, Israel (general), Israel",IS,https://www.timesofisrael.com/clashes-in-flashpoint-sheikh-jarrah-after-far-right-mk-opens-protest-office/
20220213,1028065772,20220213,ISRAEL,ISR,HAMAS,PSE,190,재래식 군사력 사용,19,4,-10.0,1,1,1,-5.11571254567601,"Sheikh Jarrah, Yerushalayim, Israel",IS,https://www.timesofisrael.com/clashes-in-flashpoint-sheikh-jarrah-after-far-right-mk-opens-protest-office/
20220213,1028065773,20220213,ISRAEL,ISR,HAMAS,PSE,190,재래식 군사력 사용,19,4,-10.0,5,2,5,-4.62610859962188,"Jerusalem, Israel (general), Israel",IS,https://www.timesofisrael.com/clashes-in-flashpoint-sheikh-jarrah-after-far-right-mk-opens-protest-office/
20220213,1028065785,20220213,JERUSALEM,ISR,PALESTINIAN,PSE,190,재래식 군사력 사용,19,4,-10.0,6,1,6,-5.11571254567601,"Jerusalem, Israel (general), Israel",IS,https://www.timesofisrael.com/clashes-in-flashpoint-sheikh-jarrah-after-far-right-mk-opens-protest-office/
20220213,1028065786,20220213,ISRAEL,ISR,PALESTINIAN,PSE,190,재래식 군사력 사용,19,4,-10.0,2,1,2,-5.11571254567601,"Jerusalem, Israel (general), Israel",IS,https://www.timesofisrael.com/clashes-in-flashpoint-sheikh-jarrah-after-far-right-mk-opens-protest-office/
20220213,1028065880,20220213,PALESTINIAN,PSE,ISRAELI,ISR,190,재래식 군사력 사용,19,4,-10.0,19,2,18,-6.50458249276916,"Jerusalem, Israel (general), Israel",IS,https://www.timesofisrael.com/clashes-in-flashpoint-sheikh-jarrah-after-far-right-mk-opens-protest-office/
20220213,1028065881,20220213,PALESTINIAN,PSE,ISRAELI,ISR,190,재래식 군사력 사용,19,4,-10.0,37,8,37,-9.4862287676476,"Jerusalem, Israel (general), Israel",IS,https://www.timesofisrael.com/clashes-in-flashpoint-sheikh-jarrah-after-far-right-mk-opens-protest-office/
20220213,1028065883,20220213,PALESTINIAN,PSE,JERUSALEM,ISR,190,재래식 군사력 사용,19,4,-10.0,6,1,6,-5.11571254567601,"Jerusalem, Israel (general), Israel",IS,https://www.timesofisrael.com/clashes-in-flashpoint-sheikh-jarrah-after-far-right-mk-opens-protest-office/
20220213,1028065884,20220213,PALESTINIAN,PSE,ISRAEL,ISR,190,재래식 군사력 사용,19,4,-10.0,14,2,14,-7.9457245776302,"Jerusalem, Israel (general), Israel",IS,https://www.timesofisrael.com/clashes-in-flashpoint-sheikh-jarrah-after-far-right-mk-opens-protest-office/
20220213,1028065887,20220213,HAMAS,PSE,ISRAEL,ISR,190,재래식 군사력 사용,19,4,-10.0,1,1,1,-5.11571254567601,"Sheikh Jarrah, Yerushalayim, Israel",IS,https://www.timesofisrael.com/clashes-in-flashpoint-sheikh-jarrah-after-far-right-mk-opens-protest-office/
20220213,1028065888,20220213,HAMAS,PSE,ISRAEL,ISR,190,재래식 군사력 사용,19,4,-10.0,5,2,5,-4.62610859962188,"Jerusalem, Israel (general), Israel",IS,https://www.timesofisrael.com/clashes-in-flashpoint-sheikh-jarrah-after-far-right-mk-opens-protest-office/
20220213,1028067177,20220213,ISRAEL,ISR,PALESTINIAN,PSE,190,재래식 군사력 사용,19,4,-10.0,4,1,4,-9.3607305936073,"Jerusalem, Israel (general), Israel",IS,https://www.msn.com/en-us/news/world/tension-as-controversial-israeli-lawmaker-visits-jerusalem-flashpoint/ar-AATNf84
20220213,1028067183,20220213,JERUSALEM,ISR,PALESTINIAN,PSE,190,재래식 군사력 사용,19,4,-10.0,12,1,12,-9.3607305936073,"Sheikh Jarrah, Yerushalayim, Israel",IS,https://www.msn.com/en-us/news/world/tension-as-controversial-israeli-lawmaker-visits-jerusalem-flashpoint/ar-AATNf84
20220213,1028067308,20220213,PALESTINIAN,PSE,ISRAEL,ISR,190,재래식 군사력 사용,19,4,-10.0,15,6,15,-8.20462451950512,"Sheikh Jarrah, Yerushalayim, Israel",IS,https://www.msn.com/en-us/news/world/tension-as-controversial-israeli-lawmaker-visits-jerusalem-flashpoint/ar-AATNf84
20220213,1028070038,20220213,ISRAELI,ISR,PALESTINIAN,PSE,190,재래식 군사력 사용,19,4,-10.0,30,3,30,-10.8526659299395,"Jerusalem, Israel (general), Israel",IS,https://www.al-monitor.com/originals/2022/02/tension-controversial-israeli-lawmaker-visits-jerusalem-flashpoint
20220213,1028070190,20220213,PALESTINIAN,PSE,ISRAELI,ISR,190,재래식 군사력 사용,19,4,-10.0,30,3,30,-10.8526659299395,"Jerusalem, Israel (general), Israel",IS,https://www.al-monitor.com/originals/2022/02/tension-controversial-israeli-lawmaker-visits-jerusalem-flashpoint
20220213,1028075756,20220213,SYRIA,SYR,ISRAEL,ISR,1383,비정규 폭력 사용 위협,13,3,-7.0,10,1,10,-6.4,"Kyiv, Kyyiv, Misto, Ukraine",UP,https://www.i24news.tv/en/news/israel/defense/1644752116-strictly-security-s-top-5-security-facts-from-last-week
20220213,1028081291,20220213,ISRAELI,ISR,WEST BANK,PSE,190,재래식 군사력 사용,19,4,-10.0,1,1,1,-9.95879120879118,"Gilboa, Ha?afon, Israel",IS,https://www.aljazeera.com/news/2022/2/13/prisoners
20220213,1028081292,20220213,ISRAELI,ISR,WEST BANK,PSE,190,재래식 군사력 사용,19,4,-10.0,1,1,1,-9.95879120879118,"Ramallah, West Bank (general), West Bank",WE,https://www.aljazeera.com/news/2022/2/13/prisoners
20220213,1028081298,20220213,ISRAELI,ISR,PALESTINIAN,PSE,190,재래식 군사력 사용,19,4,-10.0,6,1,6,-9.3390804597701,"Sheikh Jarrah, Yerushalayim, Israel",IS,https://www.presstv.ir/Detail/2022/02/13/676751/Palestine-Israel-clashes-settlers-al-Quds-Sheikh-Jarrah-lawmaker-office-evictions
20220213,1028081422,20220213,PALESTINIAN,PSE,ISRAELI,ISR,190,재래식 군사력 사용,19,4,-10.0,6,1,6,-9.3390804597701,"Sheikh Jarrah, Yerushalayim, Israel",IS,https://www.presstv.ir/Detail/2022/02/13/676751/Palestine-Israel-clashes-settlers-al-Quds-Sheikh-Jarrah-lawmaker-office-evictions
20220213,1028081424,20220213,HAMAS,PSE,ISRAELI,ISR,138,군사력 사용 위협,13,3,-7.0,2,1,2,-9.3390804597701,"Sheikh Jarrah, Yerushalayim, Israel",IS,https://www.presstv.ir/Detail/2022/02/13/676751/Palestine-Israel-clashes-settlers-al-Quds-Sheikh-Jarrah-lawmaker-office-evictions
20220213,1028082917,20220213,PALESTINIAN,PSE,ISRAEL,ISR,192,영토 점령,19,4,-9.5,10,1,10,-8.48214285714286,"Gaza, Israel (general), Israel",IS,https://themedialine.org/headlines/riots-break-out-in-sheikh-jarrah-over-right-wing-lawmakers-office/
20220213,1028082918,20220213,PALESTINIAN,PSE,JERUSALEM,ISR,194,포병·전차를 이용한 전투,19,4,-10.0,1,1,1,-8.48214285714286,"Gaza, Israel (general), Israel",IS,https://themedialine.org/headlines/riots-break-out-in-sheikh-jarrah-over-right-wing-lawmakers-office/
20220213,1028082919,20220213,PALESTINIAN,PSE,ISRAEL,ISR,194,포병·전차를 이용한 전투,19,4,-10.0,4,1,4,-8.48214285714286,"Gaza, Israel (general), Israel",IS,https://themedialine.org/headlines/riots-break-out-in-sheikh-jarrah-over-right-wing-lawmakers-office/
20220213,1028082970,20220213,SAUDI ARABIA,SAU,IRAN,IRN,190,재래식 군사력 사용,19,4,-10.0,1,1,1,-5.49242424242424,"Tehran, Tehran, Iran",IR,https://www.cnn.com/2019/09/18/middleeast/iran-rouhani-saudi-arabia-intl/
20220213,1028082971,20220213,SAUDI ARABIA,SAU,IRAN,IRN,190,재래식 군사력 사용,19,4,-10.0,1,1,1,-5.49242424242424,"White House, District of Columbia, United States",US,https://www.cnn.com/2019/09/18/middleeast/iran-rouhani-saudi-arabia-intl/
20220213,1028086873,20220213,ISRAEL,ISR,TURKISH,TUR,1384,재래식 군사 공격 위협,13,3,-7.0,1,1,1,-0.65359477124183,"Ankara, Ankara, Turkey",TU,https://www.msn.com/en-ca/news/world/why-is-mossad-fighting-turkey-for-credit-at-thwarting-terror-against-jews-analysis/ar-AATNJkm
20220213,1028086874,20220213,ISRAEL,ISR,TURKISH,TUR,1384,재래식 군사 공격 위협,13,3,-7.0,1,1,1,-0.65359477124183,Iran,IR,https://www.msn.com/en-ca/news/world/why-is-mossad-fighting-turkey-for-credit-at-thwarting-terror-against-jews-analysis/ar-AATNJkm
20220213,1028091388,20220213,LEBANON,LBN,ISRAELI,ISR,190,재래식 군사력 사용,19,4,-10.0,8,1,8,-5.55555555555554,Israel,IS,https://www.israelnationalnews.com/flashes/567577
20220213,1028091389,20220213,LEBANON,LBN,ISRAELI,ISR,192,영토 점령,19,4,-9.5,8,1,8,-5.55555555555554,Israel,IS,https://www.israelnationalnews.com/flashes/567577
20220213,1028093923,20220213,HAMAS,PSE,TURKEY,TUR,190,재래식 군사력 사용,19,4,-10.0,8,1,8,-4.52147701582517,"Tehran, Tehran, Iran",IR,https://www.msn.com/en-us/news/world/iran-isis-hamas-why-are-extremist-groups-launching-threats-in-turkey/ar-AATNR87
20220213,1028093924,20220213,HAMAS,PSE,TURKEY,TUR,190,재래식 군사력 사용,19,4,-10.0,2,1,2,-4.52147701582517,"Tehran, Tehran, Iran",IR,https://www.msn.com/en-us/news/world/iran-isis-hamas-why-are-extremist-groups-launching-threats-in-turkey/ar-AATNR87
20220213,1028094985,20220213,IRAN,IRN,BAGHDAD,IRQ,195,공중무기 사용,19,4,-10.0,2,1,2,-5.14851485148515,"Tehran, Tehran, Iran",IR,https://english.newsnationtv.com/entertainment/bollywood/when-bipasha-basu-and-dino-morea-eat-10-rupees-thali-to-save-money-during-their-struggling-days-bollywood-latest-news-hindi-250642.html
20220213,1028094986,20220213,IRAN,IRN,BAGHDAD,IRQ,195,공중무기 사용,19,4,-10.0,2,1,2,-5.14851485148515,"Baghdad, Baghdad, Iraq",IZ,https://english.newsnationtv.com/entertainment/bollywood/when-bipasha-basu-and-dino-morea-eat-10-rupees-thali-to-save-money-during-their-struggling-days-bollywood-latest-news-hindi-250642.html
20220213,1028095017,20220213,ISRAELI,ISR,PALESTINIAN,PSE,190,재래식 군사력 사용,19,4,-10.0,19,2,19,-8.52250214796817,"Sheikh Jarrah, Yerushalayim, Israel",IS,https://www.france24.com/en/live-news/20220213-clashes-as-controversial-israeli-lawmaker-visits-jerusalem-flashpoint
20220213,1028095018,20220213,ISRAELI,ISR,PALESTINIAN,PSE,190,재래식 군사력 사용,19,4,-10.0,21,2,21,-8.55885580225234,"Jerusalem, Israel (general), Israel",IS,http://www.msn.com/en-us/news/world/clashes-as-controversial-israeli-lawmaker-visits-jerusalem-flashpoint/ar-AATNNx7
20220213,1028095019,20220213,ISRAEL,ISR,PALESTINIAN,PSE,190,재래식 군사력 사용,19,4,-10.0,2,1,2,-8.28402366863906,"Sheikh Jarrah, Yerushalayim, Israel",IS,http://www.msn.com/en-us/news/world/clashes-as-controversial-israeli-lawmaker-visits-jerusalem-flashpoint/ar-AATNNx7
20220213,1028095032,20220213,LEBANON,LBN,ISRAELI,ISR,192,영토 점령,19,4,-9.5,10,1,10,-7.00389105058365,Israel,IS,https://www.timesofisrael.com/soldiers-fire-on-idf-drone-on-lebanon-border-due-to-mistaken-identification/
20220213,1028095087,20220213,PALESTINIAN,PSE,ISRAELI,ISR,190,재래식 군사력 사용,19,4,-10.0,35,2,29,-8.52250214796817,"Sheikh Jarrah, Yerushalayim, Israel",IS,http://www.msn.com/en-us/news/world/clashes-as-controversial-israeli-lawmaker-visits-jerusalem-flashpoint/ar-AATNNx7
20220213,1028097356,20220213,ISRAEL,ISR,HAMAS,PSE,190,재래식 군사력 사용,19,4,-10.0,2,1,2,-4.31266846361186,"Sheikh Jarrah, Yerushalayim, Israel",IS,https://www.ynetnews.com/article/sjz9odik5
20220213,1028097357,20220213,ISRAEL,ISR,HAMAS,PSE,190,재래식 군사력 사용,19,4,-10.0,2,1,2,-4.31266846361186,Gaza Strip,GZ,https://www.ynetnews.com/article/sjz9odik5
20220213,1028097494,20220213,HAMAS,PSE,ISRAEL,ISR,190,재래식 군사력 사용,19,4,-10.0,4,1,4,-4.31266846361186,"Jerusalem, Israel (general), Israel",IS,https://www.ynetnews.com/article/sjz9odik5
20220213,1028098825,20220213,ISRAEL,ISR,SYRIA,SYR,195,공중무기 사용,19,4,-10.0,30,3,24,-5.7737720194103,"Damascus, Dimashq, Syria",SY,https://dissidentvoice.org/2022/02/will-iran-strike-at-global-oil-supply-if-russia-invaded-ukraine/
20220213,1028098826,20220213,ISRAEL,ISR,SYRIA,SYR,195,공중무기 사용,19,4,-10.0,9,3,9,-5.7737720194103,Israel,IS,https://dissidentvoice.org/2022/02/will-iran-strike-at-global-oil-supply-if-russia-invaded-ukraine/
20220213,1028098980,20220213,PALESTINIAN,PSE,ISRAEL,ISR,194,포병·전차를 이용한 전투,19,4,-10.0,2,1,2,-1.30353817504655,"Nirim, HaDarom, Israel",IS,https://www.jpost.com/israel-news/article-696343
20220213,1028098981,20220213,HAMAS,PSE,ISRAEL,ISR,194,포병·전차를 이용한 전투,19,4,-10.0,4,1,4,-1.30353817504655,"Nirim, HaDarom, Israel",IS,https://www.jpost.com/israel-news/article-696343
20220213,1028100095,20220213,ISRAELI,ISR,IRAN,IRN,138,군사력 사용 위협,13,3,-7.0,1,1,1,-4.77489768076398,"Karaj, Tehran, Iran",IR,http://www.campaigniran.org/casmii/?q=node/14917
20220213,1028100096,20220213,ISRAELI,ISR,IRAN,IRN,138,군사력 사용 위협,13,3,-7.0,1,1,1,-4.77489768076398,"Gaza, Israel (general), Israel",IS,http://www.campaigniran.org/casmii/?q=node/14917
20220213,1028104158,20220213,ISRAELI,ISR,PALESTINIAN,PSE,190,재래식 군사력 사용,19,4,-10.0,1,1,1,-8.89774236387782,"Jerusalem, Israel (general), Israel",IS,https://www.aljazeera.com/news/2022/2/13/arrests-as-israeli-lawmaker-visits-east-jerusalem-flashpoint
20220213,1028104159,20220213,ISRAELI,ISR,PALESTINIAN,PSE,190,재래식 군사력 사용,19,4,-10.0,1,1,1,-8.89774236387782,"Sheikh Jarrah, Yerushalayim, Israel",IS,https://www.aljazeera.com/news/2022/2/13/arrests-as-israeli-lawmaker-visits-east-jerusalem-flashpoint
20220213,1028104224,20220213,PALESTINIAN,PSE,ISRAELI,ISR,190,재래식 군사력 사용,19,4,-10.0,1,1,1,-8.89774236387782,"Jerusalem, Israel (general), Israel",IS,https://www.aljazeera.com/news/2022/2/13/arrests-as-israeli-lawmaker-visits-east-jerusalem-flashpoint
20220213,1028104225,20220213,PALESTINIAN,PSE,ISRAELI,ISR,190,재래식 군사력 사용,19,4,-10.0,7,2,7,-8.83368793586561,"Jerusalem, Israel (general), Israel",IS,https://www.aljazeera.com/news/2022/2/13/arrests-as-israeli-lawmaker-visits-east-jerusalem-flashpoint
20220213,1028104739,20220213,PALESTINIAN,PSE,AL JAZEERA,QAT,190,재래식 군사력 사용,19,4,-10.0,7,1,7,-8.7696335078534,"Sheikh Jarrah, Yerushalayim, Israel",IS,https://www.msn.com/en-us/news/world/arrests-made-as-israeli-lawmaker-visits-east-jerusalem-flashpoint/ar-AATNYVM
20220213,1028104740,20220213,PALESTINIAN,PSE,AL JAZEERA,QAT,190,재래식 군사력 사용,19,4,-10.0,1,1,1,-8.7696335078534,"Jerusalem, Israel (general), Israel",IS,https://www.msn.com/en-us/news/world/arrests-made-as-israeli-lawmaker-visits-east-jerusalem-flashpoint/ar-AATNYVM
20220213,1028104745,20220213,AL JAZEERA,QAT,PALESTINIAN,PSE,190,재래식 군사력 사용,19,4,-10.0,1,1,1,-8.7696335078534,"Jerusalem, Israel (general), Israel",IS,https://www.msn.com/en-us/news/world/arrests-made-as-israeli-lawmaker-visits-east-jerusalem-flashpoint/ar-AATNYVM
20220213,1028104746,20220213,AL JAZEERA,QAT,PALESTINIAN,PSE,190,재래식 군사력 사용,19,4,-10.0,7,1,7,-8.7696335078534,"Sheikh Jarrah, Yerushalayim, Israel",IS,https://www.msn.com/en-us/news/world/arrests-made-as-israeli-lawmaker-visits-east-jerusalem-flashpoint/ar-AATNYVM
20220213,1028105936,20220213,ISRAELI,ISR,PALESTINIAN,PSE,193,소형무기·경무기를 이용한 전투,19,4,-10.0,12,1,10,-6.99790062981106,"Hebron, Israel (general), Israel",IS,"http://aljazeerah.info/News/2022/February/14%20n/3%20Palestinians%20Assassinated,%20Scores%20Injured%20and%20Abducted,%20Homes%20Demolished%20by%20Israeli%20Occupation%20Soldiers,%20February%2014,%202022.htm"
20220213,1028105937,20220213,ISRAELI,ISR,PALESTINIAN,PSE,193,소형무기·경무기를 이용한 전투,19,4,-10.0,2,1,2,-6.99790062981106,"Hebron, Israel (general), Israel",IS,"http://aljazeerah.info/News/2022/February/14%20n/3%20Palestinians%20Assassinated,%20Scores%20Injured%20and%20Abducted,%20Homes%20Demolished%20by%20Israeli%20Occupation%20Soldiers,%20February%2014,%202022.htm"
20220213,1028105947,20220213,ISRAELI,ISR,PALESTINIAN,PSE,190,재래식 군사력 사용,19,4,-10.0,3,1,3,-6.99790062981106,"Gaza, Israel (general), Israel",IS,"http://aljazeerah.info/News/2022/February/14%20n/3%20Palestinians%20Assassinated,%20Scores%20Injured%20and%20Abducted,%20Homes%20Demolished%20by%20Israeli%20Occupation%20Soldiers,%20February%2014,%202022.htm"
20220213,1028105948,20220213,ISRAELI,ISR,PALESTINIAN,PSE,193,소형무기·경무기를 이용한 전투,19,4,-10.0,3,1,3,-6.99790062981106,"Hebron, Israel (general), Israel",IS,"http://aljazeerah.info/News/2022/February/14%20n/3%20Palestinians%20Assassinated,%20Scores%20Injured%20and%20Abducted,%20Homes%20Demolished%20by%20Israeli%20Occupation%20Soldiers,%20February%2014,%202022.htm"
20220213,1028105949,20220213,ISRAELI,ISR,PALESTINIAN,PSE,193,소형무기·경무기를 이용한 전투,19,4,-10.0,3,1,3,-6.99790062981106,"Jerusalem, Israel (general), Israel",IS,"http://aljazeerah.info/News/2022/February/14%20n/3%20Palestinians%20Assassinated,%20Scores%20Injured%20and%20Abducted,%20Homes%20Demolished%20by%20Israeli%20Occupation%20Soldiers,%20February%2014,%202022.htm"
20220213,1028107419,20220213,PALESTINIAN,PSE,ISRAELI,ISR,163,금수·보이콧·제재 부과,16,4,-8.0,6,1,4,-10.6060606060606,"Tel Aviv, Tel Aviv, Israel",IS,https://www.presstv.ir/Detail/2022/02/13/676759/Palestine-Israel-IPS-West-Bank-Islamic-Jihad-
20220213,1028107428,20220213,PALESTINIAN,PSE,ISRAELI,ISR,163,금수·보이콧·제재 부과,16,4,-8.0,2,1,2,-10.6060606060606,"Tel Aviv, Tel Aviv, Israel",IS,https://www.presstv.ir/Detail/2022/02/13/676759/Palestine-Israel-IPS-West-Bank-Islamic-Jihad-
20220213,1028107430,20220213,PALESTINIAN,PSE,ISRAELI,ISR,163,금수·보이콧·제재 부과,16,4,-8.0,2,1,2,-10.6060606060606,"Tel Aviv, Tel Aviv, Israel",IS,https://www.presstv.ir/Detail/2022/02/13/676759/Palestine-Israel-IPS-West-Bank-Islamic-Jihad-
20220213,1028108989,20220213,ISRAEL,ISR,IRAN,IRN,190,재래식 군사력 사용,19,4,-10.0,1,1,1,-2.54545454545455,Israel,IS,https://www.jpost.com/opinion/article-696367
20220213,1028108990,20220213,ISRAEL,ISR,IRAN,IRN,190,재래식 군사력 사용,19,4,-10.0,1,1,1,-2.54545454545455,"Tehran, Tehran, Iran",IR,https://www.jpost.com/opinion/article-696367
20220213,1028108991,20220213,ISRAELI,ISR,IRAN,IRN,190,재래식 군사력 사용,19,4,-10.0,6,1,6,-2.54545454545455,Israel,IS,https://www.jpost.com/opinion/article-696367
20220213,1028114431,20220213,ISRAEL,ISR,PALESTINIAN,PSE,193,소형무기·경무기를 이용한 전투,19,4,-10.0,22,10,22,-9.39619115014509,"Jerusalem, Israel (general), Israel",IS,https://www.washingtonpost.com/world/israeli-police-try-to-contain-violence-in-east-jerusalem/2022/02/13/4beb0d76-8d10-11ec-8ddd-52136988d263_story.html
20220213,1028116613,20220213,ISRAEL,ISR,PALESTINIAN,PSE,190,재래식 군사력 사용,19,4,-10.0,4,1,4,-17.3410404624277,Israel,IS,https://www.israelnationalnews.com/news/322222
20220213,1028118728,20220206,YEMEN,YEM,RIYADH,SAU,194,포병·전차를 이용한 전투,19,4,-10.0,10,1,10,0.0,"Riyadh, Ar Riya?, Saudi Arabia",SA,https://www.arabnews.com/node/2024161/middle-east
20220213,1028119649,20220213,ISRAELI,ISR,PALESTINIAN,PSE,190,재래식 군사력 사용,19,4,-10.0,1,1,1,-10.4803493449781,"Sheikh Jarrah, Yerushalayim, Israel",IS,https://www.al-monitor.com/originals/2022/02/clashes-controversial-israeli-lawmaker-visits-jerusalem-flashpoint
20220213,1028119650,20220213,ISRAEL,ISR,PALESTINIAN,PSE,193,소형무기·경무기를 이용한 전투,19,4,-10.0,2,1,2,-10.443864229765,"Homesh, West Bank (general), West Bank",WE,https://www.haaretz.com/israel-news/.premium-palestinian-critically-wounded-in-clashes-with-israeli-forces-after-house-demolition-1.10609915
20220213,1028119655,20220213,ISRAEL,ISR,WEST BANK,PSE,190,재래식 군사력 사용,19,4,-10.0,2,1,2,-6.81818181818182,"Jerusalem, Israel (general), Israel",IS,https://itongadol.com/noticias/56110-violence-breaks-out-in-nakba-day-protests
20220213,1028119656,20220213,ISRAEL,ISR,WEST BANK,PSE,190,재래식 군사력 사용,19,4,-10.0,2,1,2,-6.81818181818182,"Jerusalem, Israel (general), Israel",IS,https://itongadol.com/noticias/56110-violence-breaks-out-in-nakba-day-protests
20220213,1028119819,20220213,WEST BANK,PSE,ISRAEL,ISR,190,재래식 군사력 사용,19,4,-10.0,2,1,2,-6.81818181818182,"Jerusalem, Israel (general), Israel",IS,https://itongadol.com/noticias/56110-violence-breaks-out-in-nakba-day-protests
20220213,1028119820,20220213,WEST BANK,PSE,ISRAEL,ISR,190,재래식 군사력 사용,19,4,-10.0,2,1,2,-6.81818181818182,"Jerusalem, Israel (general), Israel",IS,https://itongadol.com/noticias/56110-violence-breaks-out-in-nakba-day-protests
20220214,1028127834,20220214,JERUSALEM,ISR,PALESTINIAN,PSE,190,재래식 군사력 사용,19,4,-10.0,9,3,9,-7.85372049641964,"Jerusalem, Israel (general), Israel",IS,http://www.jordantimes.com/news/region/confrontations-israeli-mp-visits-jerusalem-flashpoint
20220214,1028127835,20220214,JERUSALEM,ISR,PALESTINIAN,PSE,190,재래식 군사력 사용,19,4,-10.0,64,23,59,-8.55258452884599,"Jerusalem, Israel (general), Israel",IS,http://www.jordantimes.com/news/region/confrontations-israeli-mp-visits-jerusalem-flashpoint
20220214,1028127836,20220214,ISRAEL,ISR,PALESTINIAN,PSE,193,소형무기·경무기를 이용한 전투,19,4,-10.0,126,28,112,-10.057869642765,"Jerusalem, Israel (general), Israel",IS,https://www.mymotherlode.com/news/middle-east/2338329/israeli-police-try-to-contain-violence-in-east-jerusalem.html
20220214,1028127837,20220214,ISRAELI,ISR,PALESTINIAN,PSE,193,소형무기·경무기를 이용한 전투,19,4,-10.0,29,7,25,-10.4548513252487,"Gaza, Israel (general), Israel",IS,https://www.msn.com/en-us/news/world/israeli-forces-kill-palestinian-in-west-bank-clash-palestinian-health-ministry-says/ar-AATOdui
20220214,1028128082,20220214,PALESTINIAN,PSE,ISRAEL,ISR,190,재래식 군사력 사용,19,4,-10.0,8,5,8,-7.55953858611388,"Sheikh Jarrah, Yerushalayim, Israel",IS,https://www.bignewsnetwork.com/news/272293649/clashes-erupt-between-palestinians-jewish-settlers-in-e-jerusalem
20220214,1028128083,20220214,PALESTINIAN,PSE,JERUSALEM,ISR,190,재래식 군사력 사용,19,4,-10.0,59,14,59,-7.92064755649993,"Jerusalem, Israel (general), Israel",IS,http://www.jordantimes.com/news/region/confrontations-israeli-mp-visits-jerusalem-flashpoint
20220214,1028128084,20220214,WEST BANK,PSE,ISRAEL,ISR,193,소형무기·경무기를 이용한 전투,19,4,-10.0,56,14,56,-10.3090361275085,"Gaza, Israel (general), Israel",IS,https://www.msn.com/en-us/news/world/israeli-forces-kill-palestinian-in-west-bank-clash-palestinian-health-ministry-says/ar-AATOdui
20220214,1028129253,20220214,EGYPT,EGY,ISRAEL,ISR,190,재래식 군사력 사용,19,4,-10.0,2,1,2,-6.93009118541033,"Gaza, Israel (general), Israel",IS,https://www.dw.com/en/israel-far-right-lawmaker-visit-sparks-uproar-in-east-jerusalem/a-60765745
20220214,1028129254,20220214,EGYPT,EGY,ISRAEL,ISR,190,재래식 군사력 사용,19,4,-10.0,2,1,2,-6.93009118541033,"Gaza, Israel (general), Israel",IS,https://www.dw.com/en/israel-far-right-lawmaker-visit-sparks-uproar-in-east-jerusalem/a-60765745
20220214,1028129255,20220214,EGYPT,EGY,ISRAEL,ISR,190,재래식 군사력 사용,19,4,-10.0,6,1,6,-6.93009118541033,Egypt,EG,https://www.dw.com/en/israel-far-right-lawmaker-visit-sparks-uproar-in-east-jerusalem/a-60765745
20220214,1028129388,20220214,IRAQ,IRQ,ISRAEL,ISR,190,재래식 군사력 사용,19,4,-10.0,2,1,2,-6.93009118541033,"Gaza, Israel (general), Israel",IS,https://www.dw.com/en/israel-far-right-lawmaker-visit-sparks-uproar-in-east-jerusalem/a-60765745
20220214,1028129389,20220214,IRAQ,IRQ,ISRAEL,ISR,190,재래식 군사력 사용,19,4,-10.0,6,1,6,-6.93009118541033,Egypt,EG,https://www.dw.com/en/israel-far-right-lawmaker-visit-sparks-uproar-in-east-jerusalem/a-60765745
20220214,1028129390,20220214,IRAQ,IRQ,ISRAEL,ISR,190,재래식 군사력 사용,19,4,-10.0,2,1,2,-6.93009118541033,"Gaza, Israel (general), Israel",IS,https://www.dw.com/en/israel-far-right-lawmaker-visit-sparks-uproar-in-east-jerusalem/a-60765745
20220214,1028129439,20220214,ISRAELI,ISR,WEST BANK,PSE,190,재래식 군사력 사용,19,4,-10.0,8,1,8,-6.60980810234541,"Nablus, West Bank (general), West Bank",WE,https://www.timesofisrael.com/palestinian-17-killed-in-firefight-with-idf-near-jenin-during-home-demolition-raid/
20220214,1028129440,20220214,ISRAELI,ISR,WEST BANK,PSE,190,재래식 군사력 사용,19,4,-10.0,33,7,31,-6.59187736872543,"Gaza, Israel (general), Israel",IS,https://www.timesofisrael.com/palestinian-17-killed-in-firefight-with-idf-near-jenin-during-home-demolition-raid/
20220214,1028129441,20220214,ISRAELI,ISR,WEST BANK,PSE,192,영토 점령,19,4,-9.5,4,1,4,-6.60980810234541,"Silat Al-Harithiya, West Bank (general), West Bank",WE,https://www.timesofisrael.com/palestinian-17-killed-in-firefight-with-idf-near-jenin-during-home-demolition-raid/
20220214,1028129442,20220214,ISRAEL,ISR,WEST BANK,PSE,192,영토 점령,19,4,-9.5,2,1,2,-6.60980810234541,"Gaza, Israel (general), Israel",IS,https://www.timesofisrael.com/palestinian-17-killed-in-firefight-with-idf-near-jenin-during-home-demolition-raid/
20220214,1028129470,20220214,JORDAN,JOR,ISRAEL,ISR,190,재래식 군사력 사용,19,4,-10.0,2,1,2,-6.93009118541033,"Gaza, Israel (general), Israel",IS,https://www.dw.com/en/israel-far-right-lawmaker-visit-sparks-uproar-in-east-jerusalem/a-60765745
20220214,1028129471,20220214,JORDAN,JOR,ISRAEL,ISR,190,재래식 군사력 사용,19,4,-10.0,6,1,6,-6.93009118541033,Egypt,EG,https://www.dw.com/en/israel-far-right-lawmaker-visit-sparks-uproar-in-east-jerusalem/a-60765745
20220214,1028129472,20220214,JORDAN,JOR,ISRAEL,ISR,190,재래식 군사력 사용,19,4,-10.0,2,1,2,-6.93009118541033,"Gaza, Israel (general), Israel",IS,https://www.dw.com/en/israel-far-right-lawmaker-visit-sparks-uproar-in-east-jerusalem/a-60765745
20220214,1028129598,20220214,WEST BANK,PSE,ISRAEL,ISR,190,재래식 군사력 사용,19,4,-10.0,2,1,2,-6.60980810234541,"Jenin, West Bank (general), West Bank",WE,https://www.timesofisrael.com/palestinian-17-killed-in-firefight-with-idf-near-jenin-during-home-demolition-raid/
20220214,1028129599,20220214,WEST BANK,PSE,ISRAEL,ISR,190,재래식 군사력 사용,19,4,-10.0,2,1,2,-6.60980810234541,"Gaza, Israel (general), Israel",IS,https://www.timesofisrael.com/palestinian-17-killed-in-firefight-with-idf-near-jenin-during-home-demolition-raid/
20220214,1028129600,20220214,PALESTINIAN,PSE,ISRAEL,ISR,190,재래식 군사력 사용,19,4,-10.0,4,1,4,-6.60980810234541,"Jenin, West Bank (general), West Bank",WE,https://www.timesofisrael.com/palestinian-17-killed-in-firefight-with-idf-near-jenin-during-home-demolition-raid/
20220214,1028129655,20220214,SYRIA,SYR,ISRAEL,ISR,190,재래식 군사력 사용,19,4,-10.0,2,1,2,-6.93009118541033,"Gaza, Israel (general), Israel",IS,https://www.dw.com/en/israel-far-right-lawmaker-visit-sparks-uproar-in-east-jerusalem/a-60765745
20220214,1028129656,20220214,SYRIA,SYR,ISRAEL,ISR,190,재래식 군사력 사용,19,4,-10.0,2,1,2,-6.93009118541033,"Gaza, Israel (general), Israel",IS,https://www.dw.com/en/israel-far-right-lawmaker-visit-sparks-uproar-in-east-jerusalem/a-60765745
20220214,1028129657,20220214,SYRIA,SYR,ISRAEL,ISR,190,재래식 군사력 사용,19,4,-10.0,6,1,6,-6.93009118541033,Egypt,EG,https://www.dw.com/en/israel-far-right-lawmaker-visit-sparks-uproar-in-east-jerusalem/a-60765745
20220214,1028133725,20220214,ISRAELI,ISR,PALESTINIAN,PSE,190,재래식 군사력 사용,19,4,-10.0,4,1,4,-7.14285714285715,"Jenin, West Bank (general), West Bank",WE,https://www.uniindia.com/story/Over-30-injured-in-clashes-in-East-Jerusalem
20220214,1028133726,20220214,ISRAEL,ISR,WEST BANK,PSE,190,재래식 군사력 사용,19,4,-10.0,4,1,4,-7.14285714285715,"Jenin, West Bank (general), West Bank",WE,https://www.uniindia.com/story/Over-30-injured-in-clashes-in-East-Jerusalem
20220214,1028133727,20220214,TEL AVIV,ISR,PALESTINE,PSE,190,재래식 군사력 사용,19,4,-10.0,2,1,2,-7.14285714285715,"Tel Aviv, Tel Aviv, Israel",IS,https://www.uniindia.com/story/Over-30-injured-in-clashes-in-East-Jerusalem
20220214,1028133890,20220214,PALESTINIAN,PSE,ISRAELI,ISR,190,재래식 군사력 사용,19,4,-10.0,4,1,4,-7.14285714285715,"Jenin, West Bank (general), West Bank",WE,https://www.uniindia.com/story/Over-30-injured-in-clashes-in-East-Jerusalem
20220214,1028133891,20220214,WEST BANK,PSE,ISRAEL,ISR,190,재래식 군사력 사용,19,4,-10.0,4,1,4,-7.14285714285715,"Jenin, West Bank (general), West Bank",WE,https://www.uniindia.com/story/Over-30-injured-in-clashes-in-East-Jerusalem
20220214,1028133892,20220214,PALESTINE,PSE,TEL AVIV,ISR,190,재래식 군사력 사용,19,4,-10.0,2,1,2,-7.14285714285715,"Tel Aviv, Tel Aviv, Israel",IS,https://www.uniindia.com/story/Over-30-injured-in-clashes-in-East-Jerusalem
20220214,1028134728,20220214,SAUDI,SAU,YEMEN,YEM,195,공중무기 사용,19,4,-10.0,5,1,5,-4.88958990536277,"Riyadh, Ar Riya?, Saudi Arabia",SA,https://frontline.thehindu.com/world-affairs/yemens-unending-tragedy/article38382049.ece
20220214,1028134729,20220214,SAUDI,SAU,HODEIDA,YEM,195,공중무기 사용,19,4,-10.0,8,2,8,-5.05349060485529,"Hodeida, Al ?udaydah, Yemen",YM,https://frontline.thehindu.com/world-affairs/yemens-unending-tragedy/article38382049.ece
20220214,1028134730,20220214,SAUDI ARABIAN,SAU,YEMEN,YEM,195,공중무기 사용,19,4,-10.0,1,1,1,-4.88958990536277,"Riyadh, Ar Riya?, Saudi Arabia",SA,https://frontline.thehindu.com/world-affairs/yemens-unending-tragedy/article38382049.ece
20220214,1028134731,20220214,SAUDI ARABIAN,SAU,YEMEN,YEM,195,공중무기 사용,19,4,-10.0,1,1,1,-4.88958990536277,"Socotra, ?a?ramawt, Yemen",YM,https://frontline.thehindu.com/world-affairs/yemens-unending-tragedy/article38382049.ece
20220214,1028134733,20220214,SAUDI ARABIA,SAU,YEMEN,YEM,195,공중무기 사용,19,4,-10.0,1,1,1,-4.88958990536277,"Riyadh, Ar Riya?, Saudi Arabia",SA,https://frontline.thehindu.com/world-affairs/yemens-unending-tragedy/article38382049.ece
20220214,1028134734,20220214,SAUDI ARABIAN,SAU,YEMEN,YEM,195,공중무기 사용,19,4,-10.0,6,1,6,-4.88958990536277,"Hodeida, Al ?udaydah, Yemen",YM,https://frontline.thehindu.com/world-affairs/yemens-unending-tragedy/article38382049.ece
20220214,1028134735,20220214,SAUDI ARABIAN,SAU,YEMEN,YEM,195,공중무기 사용,19,4,-10.0,2,1,2,-4.88958990536277,"Riyadh, Ar Riya?, Saudi Arabia",SA,https://frontline.thehindu.com/world-affairs/yemens-unending-tragedy/article38382049.ece
20220214,1028134736,20220214,SAUDI ARABIA,SAU,YEMEN,YEM,195,공중무기 사용,19,4,-10.0,1,1,1,-4.88958990536277,"Riyadh, Ar Riya?, Saudi Arabia",SA,https://frontline.thehindu.com/world-affairs/yemens-unending-tragedy/article38382049.ece
20220214,1028138502,20220214,SAUDI,SAU,YEMEN,YEM,190,재래식 군사력 사용,19,4,-10.0,10,1,10,-9.3167701863354,"Riyadh, Ar Riya?, Saudi Arabia",SA,https://www.france24.com/en/middle-east/20220214-saudi-led-coalition-strikes-target-yemen-capital-after-drone-attack
20220214,1028138503,20220214,SAUDI,SAU,YEMEN,YEM,190,재래식 군사력 사용,19,4,-10.0,10,1,10,-5.33333333333333,"Sanaa, Sana', Yemen",YM,https://www.malaysiakini.com/world/610639
20220214,1028139611,20220214,ISRAEL,ISR,WEST BANK,PSE,190,재래식 군사력 사용,19,4,-10.0,18,8,18,-10.0362578179131,"Jerusalem, Israel (general), Israel",IS,https://www.bozemandailychronicle.com/ap_news/international/israeli-troops-kill-palestinian-in-west-bank-clashes/article_9b91757e-3970-57a0-9d70-ffb3fc43cd9e.html
20220214,1028139612,20220214,ISRAELI,ISR,WEST BANK,PSE,190,재래식 군사력 사용,19,4,-10.0,20,3,16,-10.3293197043197,"Silat Al-Harithiya, West Bank (general), West Bank",WE,https://www.ourmidland.com/news/article/Israeli-police-try-to-contain-violence-in-east-16915218.php
20220214,1028139613,20220214,JERUSALEM,ISR,WEST BANK,PSE,190,재래식 군사력 사용,19,4,-10.0,116,10,84,-10.0222854800035,"Jerusalem, Israel (general), Israel",IS,https://www.bozemandailychronicle.com/ap_news/international/israeli-troops-kill-palestinian-in-west-bank-clashes/article_9b91757e-3970-57a0-9d70-ffb3fc43cd9e.html
20220214,1028139614,20220214,ISRAELI,ISR,WEST BANK,PSE,190,재래식 군사력 사용,19,4,-10.0,1,1,1,-10.3365384615385,"Gaza, Israel (general), Israel",IS,https://www.ourmidland.com/news/article/Israeli-police-try-to-contain-violence-in-east-16915218.php
20220214,1028139615,20220214,ISRAELI,ISR,WEST BANK,PSE,190,재래식 군사력 사용,19,4,-10.0,11,10,11,-10.1118405327938,"Gaza, Israel (general), Israel",IS,https://www.bozemandailychronicle.com/ap_news/international/israeli-troops-kill-palestinian-in-west-bank-clashes/article_9b91757e-3970-57a0-9d70-ffb3fc43cd9e.html
20220214,1028139616,20220214,ISRAEL,ISR,PALESTINIAN,PSE,190,재래식 군사력 사용,19,4,-10.0,14,7,14,-10.4573807744513,"Silat Al-Harithiya, West Bank (general), West Bank",WE,https://www.bignewsnetwork.com/news/272295020/palestinian-teenager-killed-by-israeli-soldiers-in-west-bank-medics
20220214,1028139617,20220214,ISRAEL,ISR,WEST BANK,PSE,193,소형무기·경무기를 이용한 전투,19,4,-10.0,14,7,14,-9.98582692090351,"Jerusalem, Israel (general), Israel",IS,https://www.bozemandailychronicle.com/ap_news/international/israeli-troops-kill-palestinian-in-west-bank-clashes/article_9b91757e-3970-57a0-9d70-ffb3fc43cd9e.html
20220214,1028139618,20220214,ISRAEL,ISR,WEST BANK,PSE,193,소형무기·경무기를 이용한 전투,19,4,-10.0,20,9,20,-9.97995648501605,"Jerusalem, Israel (general), Israel",IS,https://www.bozemandailychronicle.com/ap_news/international/israeli-troops-kill-palestinian-in-west-bank-clashes/article_9b91757e-3970-57a0-9d70-ffb3fc43cd9e.html
20220214,1028139619,20220214,ISRAELI,ISR,PALESTINIAN,PSE,193,소형무기·경무기를 이용한 전투,19,4,-10.0,44,11,44,-10.0628379487118,"Gaza, Israel (general), Israel",IS,https://www.bozemandailychronicle.com/ap_news/international/israeli-troops-kill-palestinian-in-west-bank-clashes/article_9b91757e-3970-57a0-9d70-ffb3fc43cd9e.html
20220214,1028139779,20220214,WEST BANK,PSE,ISRAEL,ISR,190,재래식 군사력 사용,19,4,-10.0,8,3,6,-10.3293197043197,"Silat Al-Harithiya, West Bank (general), West Bank",WE,https://www.ourmidland.com/news/article/Israeli-police-try-to-contain-violence-in-east-16915218.php
20220214,1028139780,20220214,WEST BANK,PSE,ISRAEL,ISR,190,재래식 군사력 사용,19,4,-10.0,16,8,16,-10.0369748551669,"Jerusalem, Israel (general), Israel",IS,https://www.bozemandailychronicle.com/ap_news/international/israeli-troops-kill-palestinian-in-west-bank-clashes/article_9b91757e-3970-57a0-9d70-ffb3fc43cd9e.html
20220214,1028139781,20220214,WEST BANK,PSE,ISRAEL,ISR,190,재래식 군사력 사용,19,4,-10.0,24,10,20,-10.0888747559284,"Silat Al-Harithiya, West Bank (general), West Bank",WE,https://www.bozemandailychronicle.com/ap_news/international/israeli-troops-kill-palestinian-in-west-bank-clashes/article_9b91757e-3970-57a0-9d70-ffb3fc43cd9e.html
20220214,1028139782,20220214,PALESTINIAN,PSE,ISRAEL,ISR,190,재래식 군사력 사용,19,4,-10.0,14,7,14,-10.4573807744513,"Jenin, West Bank (general), West Bank",WE,https://www.bignewsnetwork.com/news/272295020/palestinian-teenager-killed-by-israeli-soldiers-in-west-bank-medics
20220214,1028139784,20220214,PALESTINIAN,PSE,ISRAELI,ISR,190,재래식 군사력 사용,19,4,-10.0,7,7,7,-10.4573807744513,Israel,IS,https://www.bignewsnetwork.com/news/272295020/palestinian-teenager-killed-by-israeli-soldiers-in-west-bank-medics
20220214,1028139785,20220214,PALESTINIAN,PSE,ISRAELI,ISR,193,소형무기·경무기를 이용한 전투,19,4,-10.0,7,7,7,-10.4573807744513,Israel,IS,https://www.bignewsnetwork.com/news/272295020/palestinian-teenager-killed-by-israeli-soldiers-in-west-bank-medics
20220214,1028139822,20220214,SAUDI ARABIA,SAU,YEMEN,YEM,190,재래식 군사력 사용,19,4,-10.0,4,2,4,-9.1304347826087,Saudi Arabia,SA,https://www.sheppnews.com.au/world/saudi-strikes-target-yemen-comms-station/
20220214,1028139823,20220214,SAUDI,SAU,YEMEN,YEM,190,재래식 군사력 사용,19,4,-10.0,6,2,6,-9.1304347826087,Saudi Arabia,SA,https://www.sheppnews.com.au/world/saudi-strikes-target-yemen-comms-station/
20220214,1028139824,20220214,SAUDI,SAU,YEMEN,YEM,190,재래식 군사력 사용,19,4,-10.0,4,2,4,-9.1304347826087,"Sanaa, Sana', Yemen",YM,https://www.sheppnews.com.au/world/saudi-strikes-target-yemen-comms-station/
20220214,1028139825,20220214,SAUDI,SAU,YEMEN,YEM,190,재래식 군사력 사용,19,4,-10.0,14,3,14,-9.28560972039234,Saudi Arabia,SA,https://www.sheppnews.com.au/world/saudi-strikes-target-yemen-comms-station/
20220214,1028139826,20220214,SAUDI,SAU,YEMEN,YEM,190,재래식 군사력 사용,19,4,-10.0,10,2,10,-9.1304347826087,Saudi Arabia,SA,https://www.sheppnews.com.au/world/saudi-strikes-target-yemen-comms-station/
20220214,1028140838,20220214,WEST BANK,PSE,ISRAEL,ISR,193,소형무기·경무기를 이용한 전투,19,4,-10.0,4,2,4,-10.3257103257104,"Jerusalem, Israel (general), Israel",IS,https://infotel.ca/newsitem/ml-israel-palestinians/cp841798656
20220214,1028140839,20220214,WEST BANK,PSE,ISRAEL,ISR,193,소형무기·경무기를 이용한 전투,19,4,-10.0,18,6,18,-10.8124946396281,"Jerusalem, Israel (general), Israel",IS,https://infotel.ca/newsitem/ml-israel-palestinians/cp841798656
20220214,1028142053,20220214,ISRAEL,ISR,PALESTINIAN,PSE,190,재래식 군사력 사용,19,4,-10.0,8,2,8,-5.99865726753944,"Jerusalem, Israel (general), Israel",IS,http://famagusta-gazette.com/2022/02/14/clashes-erupt-between-palestinians-jewish-settlers-in-e-jerusalem/
20220214,1028142159,20220214,PALESTINIAN,PSE,ISRAEL,ISR,190,재래식 군사력 사용,19,4,-10.0,2,1,2,-7.55287009063444,"Jerusalem, Israel (general), Israel",IS,http://famagusta-gazette.com/2022/02/14/clashes-erupt-between-palestinians-jewish-settlers-in-e-jerusalem/
20220214,1028144775,20220214,ISRAEL,ISR,WEST BANK,PSE,190,재래식 군사력 사용,19,4,-10.0,2,1,2,-10.3950103950104,"Jerusalem, Israel (general), Israel",IS,https://isp.netscape.com/news/world/story/0001/20220214/8d5162173ff987ea1f13e882b760a63f
20220214,1028144776,20220214,ISRAEL,ISR,WEST BANK,PSE,193,소형무기·경무기를 이용한 전투,19,4,-10.0,2,1,2,-10.3950103950104,"Jerusalem, Israel (general), Israel",IS,https://isp.netscape.com/news/world/story/0001/20220214/8d5162173ff987ea1f13e882b760a63f
20220214,1028145865,20220214,ISRAELI,ISR,PALESTINIAN,PSE,193,소형무기·경무기를 이용한 전투,19,4,-10.0,3,3,3,-12.724197257445,"Homesh, West Bank (general), West Bank",WE,https://www.arabnews.com/node/2024236/middle-east
20220214,1028145996,20220214,WEST BANK,PSE,ISRAEL,ISR,190,재래식 군사력 사용,19,4,-10.0,12,3,12,-12.724197257445,"Jerusalem, Israel (general), Israel",IS,https://www.arabnews.com/node/2024236/middle-east
20220214,1028147741,20220214,ISRAELI,ISR,PALESTINIAN,PSE,190,재래식 군사력 사용,19,4,-10.0,1,1,1,-14.4654088050314,"Homesh, West Bank (general), West Bank",WE,https://www.i24news.tv/en/news/middle-east/palestinian-territories/1644800296-reports-1-killed-in-clashes-at-home-demolition-of-terrorist
20220214,1028147982,20220214,PALESTINIAN,PSE,ISRAELI,ISR,190,재래식 군사력 사용,19,4,-10.0,1,1,1,-14.4654088050314,Israel,IS,https://www.i24news.tv/en/news/middle-east/palestinian-territories/1644800296-reports-1-killed-in-clashes-at-home-demolition-of-terrorist
20220214,1028149144,20220214,ISRAEL,ISR,WEST BANK,PSE,190,재래식 군사력 사용,19,4,-10.0,4,1,4,-13.0081300813009,"Jenin, West Bank (general), West Bank",WE,https://www.aljazeera.com/news/2022/2/14/palestinian-teen-killed-in-west-bank-clashes-with-israeli-forces
20220214,1028149145,20220214,ISRAELI,ISR,WEST BANK,PSE,190,재래식 군사력 사용,19,4,-10.0,8,2,8,-12.9556779438763,Israel,IS,https://www.aljazeera.com/news/2022/2/14/palestinian-teen-killed-in-west-bank-clashes-with-israeli-forces
20220214,1028149146,20220214,ISRAELI,ISR,PALESTINIAN,PSE,190,재래식 군사력 사용,19,4,-10.0,8,2,8,-12.9556779438763,"Jenin, West Bank (general), West Bank",WE,https://www.aljazeera.com/news/2022/2/14/palestinian-teen-killed-in-west-bank-clashes-with-israeli-forces
20220214,1028149147,20220214,ISRAEL,ISR,WEST BANK,PSE,190,재래식 군사력 사용,19,4,-10.0,8,2,8,-12.9556779438763,Israel,IS,https://www.aljazeera.com/news/2022/2/14/palestinian-teen-killed-in-west-bank-clashes-with-israeli-forces
20220214,1028149306,20220214,WEST BANK,PSE,ISRAEL,ISR,193,소형무기·경무기를 이용한 전투,19,4,-10.0,10,4,10,-11.7111046920193,Israel,IS,https://www.aljazeera.com/news/2022/2/14/palestinian-teen-killed-in-west-bank-clashes-with-israeli-forces
20220214,1028149307,20220214,WEST BANK,PSE,ISRAEL,ISR,190,재래식 군사력 사용,19,4,-10.0,40,10,40,-11.5302839452144,Israel,IS,https://www.aljazeera.com/news/2022/2/14/palestinian-teen-killed-in-west-bank-clashes-with-israeli-forces
20220214,1028149904,20220214,ISRAEL,ISR,WEST BANK,PSE,190,재래식 군사력 사용,19,4,-10.0,7,3,7,-9.76514407276786,Israel,IS,https://www.macaubusiness.com/palestinian-teenager-killed-by-israeli-soldiers-in-west-bank-medics/
20220214,1028150037,20220214,WEST BANK,PSE,ISRAEL,ISR,190,재래식 군사력 사용,19,4,-10.0,10,3,10,-10.0605392645398,Israel,IS,https://www.macaubusiness.com/palestinian-teenager-killed-by-israeli-soldiers-in-west-bank-medics/
20220214,1028150038,20220214,WEST BANK,PSE,ISRAEL,ISR,193,소형무기·경무기를 이용한 전투,19,4,-10.0,2,2,2,-10.4665314401622,Israel,IS,https://www.macaubusiness.com/palestinian-teenager-killed-by-israeli-soldiers-in-west-bank-medics/
20220214,1028150039,20220214,WEST BANK,PSE,ISRAELI,ISR,193,소형무기·경무기를 이용한 전투,19,4,-10.0,2,2,2,-10.4665314401622,Israel,IS,https://www.macaubusiness.com/palestinian-teenager-killed-by-israeli-soldiers-in-west-bank-medics/
20220214,1028152992,20220214,EGYPT,EGY,SYRIA,SYR,190,재래식 군사력 사용,19,4,-10.0,6,1,6,-2.35294117647059,"Gaza, Israel (general), Israel",IS,https://www.dw.com/en/palestinians-in-jerusalem-neighborhood-fear-for-their-future/a-58717801
20220214,1028152993,20220214,EGYPT,EGY,SYRIA,SYR,190,재래식 군사력 사용,19,4,-10.0,2,1,2,-2.35294117647059,"Golan Heights, Syria (general), Syria",SY,https://www.dw.com/en/palestinians-in-jerusalem-neighborhood-fear-for-their-future/a-58717801
20220214,1028152994,20220214,EGYPT,EGY,SYRIA,SYR,190,재래식 군사력 사용,19,4,-10.0,2,1,2,-2.35294117647059,"Washington, District of Columbia, United States",US,https://www.dw.com/en/palestinians-in-jerusalem-neighborhood-fear-for-their-future/a-58717801
20220214,1028153242,20220214,ISRAEL,ISR,SINAI,EGY,192,영토 점령,19,4,-9.5,2,1,2,-2.35294117647059,"Gaza, Israel (general), Israel",IS,https://www.dw.com/en/palestinians-in-jerusalem-neighborhood-fear-for-their-future/a-58717801
20220214,1028153243,20220214,ISRAEL,ISR,SINAI,EGY,192,영토 점령,19,4,-9.5,2,1,2,-2.35294117647059,"Jerusalem, Israel (general), Israel",IS,https://www.dw.com/en/palestinians-in-jerusalem-neighborhood-fear-for-their-future/a-58717801
20220214,1028153244,20220214,ISRAEL,ISR,SINAI,EGY,192,영토 점령,19,4,-9.5,6,1,6,-2.35294117647059,"Gaza, Israel (general), Israel",IS,https://www.dw.com/en/palestinians-in-jerusalem-neighborhood-fear-for-their-future/a-58717801
20220214,1028153270,20220214,ISRAELI,ISR,PALESTINIAN,PSE,190,재래식 군사력 사용,19,4,-10.0,8,2,8,-8.95118999596612,"Jerusalem, Israel (general), Israel",IS,https://www.trtworld.com/middle-east/israeli-troops-on-home-demolition-mission-kill-palestinian-teen-54713
20220214,1028153283,20220214,ISRAELI,ISR,PALESTINIAN,PSE,190,재래식 군사력 사용,19,4,-10.0,12,2,12,-10.0364948704432,"Jerusalem, Israel (general), Israel",IS,https://www.phnompenhpost.com/international/clashes-erupt-jerusalem-lawmaker-sets-office
20220214,1028153284,20220214,ISRAEL,ISR,PALESTINIAN,PSE,193,소형무기·경무기를 이용한 전투,19,4,-10.0,12,3,12,-4.62962962962963,"Jerusalem, Israel (general), Israel",IS,http://www.xinhuanet.com/english/20220214/583ff089c657439b82f6263603bbdbfb/c.html
20220214,1028153489,20220214,PALESTINIAN,PSE,ISRAELI,ISR,190,재래식 군사력 사용,19,4,-10.0,10,3,10,-9.40180343165418,"Jerusalem, Israel (general), Israel",IS,https://www.trtworld.com/middle-east/israeli-troops-on-home-demolition-mission-kill-palestinian-teen-54713
20220214,1028153490,20220214,PALESTINIAN,PSE,ISRAELI,ISR,190,재래식 군사력 사용,19,4,-10.0,13,3,13,-8.58544854240643,"Jerusalem, Israel (general), Israel",IS,https://www.phnompenhpost.com/international/clashes-erupt-jerusalem-lawmaker-sets-office
20220214,1028153503,20220214,WEST BANK,PSE,ISRAEL,ISR,190,재래식 군사력 사용,19,4,-10.0,4,1,4,-9.25373134328359,"Sheikh Jarrah, Yerushalayim, Israel",IS,https://www.trtworld.com/middle-east/israeli-troops-on-home-demolition-mission-kill-palestinian-teen-54713
20220214,1028153556,20220214,SYRIA,SYR,EGYPT,EGY,190,재래식 군사력 사용,19,4,-10.0,6,1,6,-2.35294117647059,"Gaza, Israel (general), Israel",IS,https://www.dw.com/en/palestinians-in-jerusalem-neighborhood-fear-for-their-future/a-58717801
20220214,1028153557,20220214,SYRIA,SYR,EGYPT,EGY,190,재래식 군사력 사용,19,4,-10.0,2,1,2,-2.35294117647059,"Golan Heights, Syria (general), Syria",SY,https://www.dw.com/en/palestinians-in-jerusalem-neighborhood-fear-for-their-future/a-58717801
20220214,1028153558,20220214,SYRIA,SYR,EGYPT,EGY,190,재래식 군사력 사용,19,4,-10.0,2,1,2,-2.35294117647059,"Washington, District of Columbia, United States",US,https://www.dw.com/en/palestinians-in-jerusalem-neighborhood-fear-for-their-future/a-58717801
20220214,1028154341,20220214,WEST BANK,PSE,ISRAEL,ISR,190,재래식 군사력 사용,19,4,-10.0,4,1,4,-8.1180811808118,Bahrain,BA,https://www.presstv.ir/Detail/2022/02/14/676787/Press-TV-news-headlines
20220214,1028156912,20220214,ISRAEL,ISR,WEST BANK,PSE,190,재래식 군사력 사용,19,4,-10.0,2,1,2,-12.135922330097,"Silat Al-Harithiya, West Bank (general), West Bank",WE,https://www.lbcgroup.tv/news/regional/631192/israeli-forces-kill-palestinian-in-west-bank-clash/en
20220214,1028156913,20220214,ISRAEL,ISR,WEST BANK,PSE,190,재래식 군사력 사용,19,4,-10.0,10,3,10,-8.42975345215573,Israel,IS,https://www.lbcgroup.tv/news/regional/631192/israeli-forces-kill-palestinian-in-west-bank-clash/en
20220214,1028157147,20220214,WEST BANK,PSE,ISRAEL,ISR,190,재래식 군사력 사용,19,4,-10.0,2,1,2,-12.135922330097,"Silat Al-Harithiya, West Bank (general), West Bank",WE,https://www.lbcgroup.tv/news/regional/631192/israeli-forces-kill-palestinian-in-west-bank-clash/en
20220214,1028157148,20220214,WEST BANK,PSE,ISRAEL,ISR,190,재래식 군사력 사용,19,4,-10.0,2,1,2,-12.135922330097,Israel,IS,https://www.lbcgroup.tv/news/regional/631192/israeli-forces-kill-palestinian-in-west-bank-clash/en
20220214,1028157180,20220214,SAUDI,SAU,YEMEN,YEM,190,재래식 군사력 사용,19,4,-10.0,4,1,4,-9.5959595959596,Saudi Arabia,SA,https://www.lbcgroup.tv/news/regional/631194/saudi-led-coalition-strikes-target-satellites-stat/en
20220214,1028158304,20220214,LEBANON,LBN,IRANIAN,IRN,190,재래식 군사력 사용,19,4,-10.0,2,1,2,0.0,"Kermanshah, Kermanshah, Iran",IR,https://www.lbcgroup.tv/news/regional/631198/fire-extinguished-at-iranian-military-base-no-casu/en
20220214,1028158305,20220214,LEBANON,LBN,IRANIAN,IRN,190,재래식 군사력 사용,19,4,-10.0,3,1,3,0.0,"Kermanshah, Kermanshah, Iran",IR,https://www.lbcgroup.tv/news/regional/631198/fire-extinguished-at-iranian-military-base-no-casu/en
20220214,1028159799,20220214,ISRAELI,ISR,PALESTINIAN,PSE,193,소형무기·경무기를 이용한 전투,19,4,-10.0,7,2,7,-10.2315954352204,"Silat Al-Harithiya, West Bank (general), West Bank",WE,https://www.bssnews.net/international/44465
20220214,1028159800,20220214,ISRAELI,ISR,PALESTINIAN,PSE,193,소형무기·경무기를 이용한 전투,19,4,-10.0,1,1,1,-8.5365853658537,Israel,IS,https://www.bssnews.net/international/44465
20220214,1028159999,20220214,WEST BANK,PSE,ISRAEL,ISR,193,소형무기·경무기를 이용한 전투,19,4,-10.0,6,2,6,-10.2315954352204,"Silat Al-Harithiya, West Bank (general), West Bank",WE,https://www.bssnews.net/international/44465
20220214,1028160000,20220214,WEST BANK,PSE,ISRAEL,ISR,193,소형무기·경무기를 이용한 전투,19,4,-10.0,2,1,2,-8.5365853658537,"Silat Al-Harithiya, West Bank (general), West Bank",WE,https://www.bssnews.net/international/44465
20220214,1028160001,20220214,PALESTINIAN,PSE,ISRAEL,ISR,193,소형무기·경무기를 이용한 전투,19,4,-10.0,1,1,1,-8.5365853658537,Israel,IS,https://www.bssnews.net/international/44465
20220214,1028160002,20220214,PALESTINIAN,PSE,ISRAEL,ISR,193,소형무기·경무기를 이용한 전투,19,4,-10.0,1,1,1,-8.5365853658537,Israel,IS,https://www.bssnews.net/international/44465
20220214,1028163257,20220214,IRAQ,IRQ,IRANIAN,IRN,195,공중무기 사용,19,4,-10.0,10,1,10,-2.02839756592292,Syria,SY,https://english.newsnationtv.com/health/news/to-protect-children-from-fever-and-diseases-do-not-forget-to-feed-them-raisins-250745.html
20220214,1028166390,20220214,ISRAEL,ISR,WEST BANK,PSE,190,재래식 군사력 사용,19,4,-10.0,6,1,6,-12.4183006535948,"Ramallah, West Bank (general), West Bank",WE,https://www.prokerala.com/news/articles/a1247872.html
20220214,1028166391,20220214,ISRAEL,ISR,WEST BANK,PSE,190,재래식 군사력 사용,19,4,-10.0,2,1,2,-12.4183006535948,"Ramallah, West Bank (general), West Bank",WE,https://www.prokerala.com/news/articles/a1247872.html
20220214,1028166393,20220214,ISRAEL,ISR,WEST BANK,PSE,190,재래식 군사력 사용,19,4,-10.0,2,1,2,-12.4183006535948,Israel,IS,https://www.prokerala.com/news/articles/a1247872.html
20220214,1028166394,20220214,ISRAEL,ISR,WEST BANK,PSE,193,소형무기·경무기를 이용한 전투,19,4,-10.0,2,1,2,-12.4183006535948,Israel,IS,https://www.prokerala.com/news/articles/a1247872.html
20220214,1028166671,20220214,WEST BANK,PSE,ISRAEL,ISR,193,소형무기·경무기를 이용한 전투,19,4,-10.0,2,1,2,-12.4183006535948,"Ramallah, West Bank (general), West Bank",WE,https://www.prokerala.com/news/articles/a1247872.html
20220214,1028166672,20220214,WEST BANK,PSE,ISRAEL,ISR,193,소형무기·경무기를 이용한 전투,19,4,-10.0,10,2,10,-6.11865760093463,Israel,IS,https://www.prokerala.com/news/articles/a1247872.html
20220214,1028166673,20220214,WEST BANK,PSE,ISRAEL,ISR,193,소형무기·경무기를 이용한 전투,19,4,-10.0,4,1,4,-12.4183006535948,"Ramallah, West Bank (general), West Bank",WE,https://www.prokerala.com/news/articles/a1247872.html
20220214,1028166714,20220214,SAUDI ARABIA,SAU,YEMEN,YEM,195,공중무기 사용,19,4,-10.0,2,1,2,-10.4166666666667,Saudi Arabia,SA,https://www.msn.com/en-us/news/world/saudi-led-coalition-bombs-sanaa-says-it-hit-drone-control-site/ar-AATOU04
20220214,1028166715,20220214,SAUDI ARABIA,SAU,YEMEN,YEM,195,공중무기 사용,19,4,-10.0,11,4,11,-10.0737191522669,"Sanaa, Sana', Yemen",YM,https://www.msn.com/en-us/news/world/saudi-led-coalition-bombs-sanaa-says-it-hit-drone-control-site/ar-AATOU04
20220214,1028166716,20220214,SAUDI,SAU,YEMEN,YEM,195,공중무기 사용,19,4,-10.0,24,4,24,-10.0737191522669,Saudi Arabia,SA,https://www.msn.com/en-us/news/world/saudi-led-coalition-bombs-sanaa-says-it-hit-drone-control-site/ar-AATOU04
20220214,1028168300,20220214,SAUDI,SAU,YEMEN,YEM,195,공중무기 사용,19,4,-10.0,1,1,1,-9.57446808510638,Saudi Arabia,SA,https://www.dw.com/en/saudi-coalition-targets-drone-control-system-in-yemen/a-60767421
20220214,1028170096,20220214,YEMEN,YEM,IRAN,IRN,190,재래식 군사력 사용,19,4,-10.0,5,1,5,-10.3092783505154,"Sanaa, Sana', Yemen",YM,https://www.msn.com/en-us/news/world/saudi-coalition-targets-drone-control-system-in-yemen/ar-AATOEjc
20220214,1028171420,20220214,PALESTINIAN,PSE,ISRAELI,ISR,190,재래식 군사력 사용,19,4,-10.0,2,1,2,-5.48653582042554,"Jerusalem, Israel (general), Israel",IS,https://www.timesofisrael.com/far-right-mk-returns-to-sheikh-jarrah-hotspot-claims-cops-were-told-to-assault-him/
20220214,1028174763,20220214,ISRAEL,ISR,HAMAS,PSE,190,재래식 군사력 사용,19,4,-10.0,2,1,2,-6.27118644067797,"Sheikh Jarrah, Yerushalayim, Israel",IS,https://www.haaretz.com/israel-news/.premium-after-a-day-of-clashes-far-right-lawmaker-returns-to-sheikh-jarrah-1.10610219
20220214,1028174969,20220214,HAMAS,PSE,ISRAEL,ISR,190,재래식 군사력 사용,19,4,-10.0,2,1,2,-6.27118644067797,"Sheikh Jarrah, Yerushalayim, Israel",IS,https://www.haaretz.com/israel-news/.premium-after-a-day-of-clashes-far-right-lawmaker-returns-to-sheikh-jarrah-1.10610219
20220214,1028175030,20220214,TURKISH,TUR,SYRIA,SYR,190,재래식 군사력 사용,19,4,-10.0,8,1,8,-1.04575163398693,Syria,SY,https://www.ndtv.com/business/indias-drone-strategy-could-be-a-money-spinner-heres-how-to-play-it-2767241
20220214,1028175031,20220214,TURKISH,TUR,SYRIA,SYR,190,재래식 군사력 사용,19,4,-10.0,2,1,2,-1.04575163398693,Turkey,TU,https://www.ndtv.com/business/indias-drone-strategy-could-be-a-money-spinner-heres-how-to-play-it-2767241
20220214,1028178726,20220213,ISRAELI,ISR,OCCUPIED TERRITORIES,PSE,190,재래식 군사력 사용,19,4,-10.0,4,1,4,-5.88235294117647,Israel,IS,https://www.asianews.it/news-en/Russia-Ukraine-conflict-a-threat-to-Taiwanese-microchips-55138.html
20220214,1028178728,20220213,ISRAEL,ISR,OCCUPIED TERRITORIES,PSE,190,재래식 군사력 사용,19,4,-10.0,2,1,2,-5.88235294117647,Israel,IS,https://www.asianews.it/news-en/Russia-Ukraine-conflict-a-threat-to-Taiwanese-microchips-55138.html
20220214,1028178729,20220213,ISRAELI,ISR,PALESTINIAN,PSE,190,재래식 군사력 사용,19,4,-10.0,6,1,6,-5.88235294117647,Israel,IS,https://www.asianews.it/news-en/Russia-Ukraine-conflict-a-threat-to-Taiwanese-microchips-55138.html
20220214,1028178732,20220213,OCCUPIED TERRITORIES,PSE,ISRAELI,ISR,190,재래식 군사력 사용,19,4,-10.0,4,1,4,-5.88235294117647,Israel,IS,https://www.asianews.it/news-en/Russia-Ukraine-conflict-a-threat-to-Taiwanese-microchips-55138.html
20220214,1028178733,20220213,OCCUPIED TERRITORIES,PSE,ISRAELI,ISR,190,재래식 군사력 사용,19,4,-10.0,4,1,4,-5.88235294117647,Israel,IS,https://www.asianews.it/news-en/Russia-Ukraine-conflict-a-threat-to-Taiwanese-microchips-55138.html
20220214,1028178734,20220213,OCCUPIED TERRITORIES,PSE,ISRAEL,ISR,190,재래식 군사력 사용,19,4,-10.0,2,1,2,-5.88235294117647,Israel,IS,https://www.asianews.it/news-en/Russia-Ukraine-conflict-a-threat-to-Taiwanese-microchips-55138.html
20220214,1028180465,20220214,ISRAEL,ISR,WEST BANK,PSE,190,재래식 군사력 사용,19,4,-10.0,8,2,8,-7.50321123267041,Israel,IS,https://menafn.com/1103691434/Israeli-forces-murder-17-year-old-Palestinian-injure-17-others-near-Jenin&source=24
20220214,1028180761,20220214,PALESTINIAN,PSE,ISRAEL,ISR,192,영토 점령,19,4,-9.5,2,1,2,-4.91803278688525,"Givatayim, Tel Aviv, Israel",IS,https://www.jns.org/opinion/case-study-the-anatomy-of-one-of-amnestys-falsehoods/
20220214,1028180763,20220214,PALESTINIAN,PSE,ISRAEL,ISR,192,영토 점령,19,4,-9.5,2,1,2,-4.91803278688525,"Givatayim, Tel Aviv, Israel",IS,https://www.jns.org/opinion/case-study-the-anatomy-of-one-of-amnestys-falsehoods/
20220214,1028182774,20220214,ISRAELI,ISR,WEST BANK,PSE,190,재래식 군사력 사용,19,4,-10.0,3,2,3,-8.28037211015934,"Jerusalem, Israel (general), Israel",IS,https://www.naharnet.com/stories/en/287889-israeli-troops-kill-palestinian-in-west-bank-clashes
20220214,1028182775,20220214,ISRAELI,ISR,WEST BANK,PSE,190,재래식 군사력 사용,19,4,-10.0,1,1,1,-8.36236933797909,"Silat Al-Harithiya, West Bank (general), West Bank",WE,https://www.middleeasteye.net/news/palestine-israel-forces-kill-teenager-house-demolition-west-bank-jenin
20220214,1028187049,20220214,ISRAEL,ISR,WEST BANK,PSE,190,재래식 군사력 사용,19,4,-10.0,8,2,8,-10.0736197575361,"Silat Al-Harithiya, West Bank (general), West Bank",WE,https://www.presstv.ir/Detail/2022/02/14/676794/EU-voices-concern-about-violence-in-flashpoint-East-al-Quds-neighborhood-of-Sheikh-Jarrah-
20220214,1028187279,20220214,HAMAS,PSE,ISRAELI,ISR,138,군사력 사용 위협,13,3,-7.0,2,1,2,-10.6159895150721,"Gaza, Israel (general), Israel",IS,https://www.presstv.ir/Detail/2022/02/14/676794/EU-voices-concern-about-violence-in-flashpoint-East-al-Quds-neighborhood-of-Sheikh-Jarrah-
20220214,1028187616,20220214,YEMEN,YEM,SAUDI ARABIA,SAU,195,공중무기 사용,19,4,-10.0,1,1,1,-3.30708661417323,"Hudaydah, Al ?udaydah, Yemen",YM,https://www.presstv.ir/Detail/2022/02/14/676793/Saudi-airstrikes-destroy-telecommunications-facility-Sana
20220214,1028187617,20220214,YEMEN,YEM,SAUDI ARABIA,SAU,195,공중무기 사용,19,4,-10.0,1,1,1,-3.30708661417323,"Riyadh, Ar Riya?, Saudi Arabia",SA,https://www.presstv.ir/Detail/2022/02/14/676793/Saudi-airstrikes-destroy-telecommunications-facility-Sana
20220214,1028191785,20220214,IRAN,IRN,IRAQ,IRQ,138,군사력 사용 위협,13,3,-7.0,16,2,16,-6.01418966362061,"Gulf Of Oman, Iran (general), Iran",IR,https://www.msn.com/en-us/news/world/mideast-drone-wars-increase-attack-in-iraq-airstrikes-in-yemen/ar-AATP92D
20220214,1028191786,20220214,IRAN,IRN,IRAQ,IRQ,190,재래식 군사력 사용,19,4,-10.0,14,2,14,-6.01418966362061,Singapore,SN,https://www.msn.com/en-us/news/world/mideast-drone-wars-increase-attack-in-iraq-airstrikes-in-yemen/ar-AATP92D
20220214,1028191787,20220214,IRAN,IRN,IRAQ,IRQ,190,재래식 군사력 사용,19,4,-10.0,2,2,2,-6.01418966362061,Singapore,SN,https://www.msn.com/en-us/news/world/mideast-drone-wars-increase-attack-in-iraq-airstrikes-in-yemen/ar-AATP92D
20220214,1028191805,20220214,ISRAEL,ISR,HAMAS,PSE,190,재래식 군사력 사용,19,4,-10.0,20,2,20,-6.01418966362061,Israel,IS,https://www.msn.com/en-us/news/world/mideast-drone-wars-increase-attack-in-iraq-airstrikes-in-yemen/ar-AATP92D
20220214,1028193751,20220214,IRAN,IRN,ISRAEL,ISR,190,재래식 군사력 사용,19,4,-10.0,1,1,1,-1.04712041884816,Iran,IR,https://www.middleeastmonitor.com/20220214-mossad-thwarted-12-attacks-on-israelis-in-turkey-over-past-2-years/
20220214,1028193752,20220214,IRAN,IRN,ISRAELI,ISR,190,재래식 군사력 사용,19,4,-10.0,6,1,6,-1.04712041884816,Israel,IS,https://www.middleeastmonitor.com/20220214-mossad-thwarted-12-attacks-on-israelis-in-turkey-over-past-2-years/
20220214,1028193774,20220214,ISRAEL,ISR,PALESTINIAN,PSE,190,재래식 군사력 사용,19,4,-10.0,1,1,1,-6.70103092783505,"Homesh, West Bank (general), West Bank",WE,https://www.kuna.net.kw/ArticleDetails.aspx?id=3025828&language=en
20220214,1028194032,20220214,WEST BANK,PSE,ISRAEL,ISR,193,소형무기·경무기를 이용한 전투,19,4,-10.0,2,1,2,-6.70103092783505,"Jenin, West Bank (general), West Bank",WE,https://www.kuna.net.kw/ArticleDetails.aspx?id=3025828&language=en
20220214,1028195221,20220207,ISRAELI,ISR,WEST BANK,PSE,190,재래식 군사력 사용,19,4,-10.0,1,1,1,-6.98080279232112,"Sheikh Jarrah, Yerushalayim, Israel",IS,https://www.haaretz.com/israel-news/.premium-gaza-keeps-a-wary-eye-on-jerusalem-as-tensions-in-sheikh-jarrah-mount-1.10610457
20220214,1028195222,20220207,ISRAELI,ISR,WEST BANK,PSE,190,재래식 군사력 사용,19,4,-10.0,1,1,1,-6.98080279232112,"Silat Al-Harithiya, West Bank (general), West Bank",WE,https://www.haaretz.com/israel-news/.premium-gaza-keeps-a-wary-eye-on-jerusalem-as-tensions-in-sheikh-jarrah-mount-1.10610457
20220214,1028195223,20220207,ISRAELI,ISR,WEST BANK,PSE,190,재래식 군사력 사용,19,4,-10.0,3,1,3,-6.98080279232112,"Sheikh Jarrah, Yerushalayim, Israel",IS,https://www.haaretz.com/israel-news/.premium-gaza-keeps-a-wary-eye-on-jerusalem-as-tensions-in-sheikh-jarrah-mount-1.10610457
20220214,1028195817,20220214,ISRAELI,ISR,WEST BANK,PSE,190,재래식 군사력 사용,19,4,-10.0,1,1,1,-6.98080279232112,"Sheikh Jarrah, Yerushalayim, Israel",IS,https://www.haaretz.com/israel-news/.premium-gaza-keeps-a-wary-eye-on-jerusalem-as-tensions-in-sheikh-jarrah-mount-1.10610457
20220214,1028195818,20220214,ISRAELI,ISR,GAZA,PSE,190,재래식 군사력 사용,19,4,-10.0,2,1,2,-6.98080279232112,"Sheikh Jarrah, Yerushalayim, Israel",IS,https://www.haaretz.com/israel-news/.premium-gaza-keeps-a-wary-eye-on-jerusalem-as-tensions-in-sheikh-jarrah-mount-1.10610457
20220214,1028195819,20220214,ISRAELI,ISR,GAZA,PSE,190,재래식 군사력 사용,19,4,-10.0,2,1,2,-6.98080279232112,Gaza Strip,GZ,https://www.haaretz.com/israel-news/.premium-gaza-keeps-a-wary-eye-on-jerusalem-as-tensions-in-sheikh-jarrah-mount-1.10610457
20220214,1028195820,20220214,ISRAELI,ISR,WEST BANK,PSE,190,재래식 군사력 사용,19,4,-10.0,1,1,1,-6.98080279232112,"Silat Al-Harithiya, West Bank (general), West Bank",WE,https://www.haaretz.com/israel-news/.premium-gaza-keeps-a-wary-eye-on-jerusalem-as-tensions-in-sheikh-jarrah-mount-1.10610457
20220214,1028195821,20220214,ISRAELI,ISR,WEST BANK,PSE,190,재래식 군사력 사용,19,4,-10.0,3,1,3,-6.98080279232112,"Sheikh Jarrah, Yerushalayim, Israel",IS,https://www.haaretz.com/israel-news/.premium-gaza-keeps-a-wary-eye-on-jerusalem-as-tensions-in-sheikh-jarrah-mount-1.10610457
20220214,1028196032,20220214,GAZA,PSE,ISRAELI,ISR,190,재래식 군사력 사용,19,4,-10.0,2,1,2,-6.98080279232112,"Sheikh Jarrah, Yerushalayim, Israel",IS,https://www.haaretz.com/israel-news/.premium-gaza-keeps-a-wary-eye-on-jerusalem-as-tensions-in-sheikh-jarrah-mount-1.10610457
20220214,1028196033,20220214,GAZA,PSE,ISRAELI,ISR,190,재래식 군사력 사용,19,4,-10.0,2,1,2,-6.98080279232112,Gaza Strip,GZ,https://www.haaretz.com/israel-news/.premium-gaza-keeps-a-wary-eye-on-jerusalem-as-tensions-in-sheikh-jarrah-mount-1.10610457
20220214,1028200195,20220214,ISRAEL,ISR,JORDAN,JOR,192,영토 점령,19,4,-9.5,8,1,8,-10.3030303030303,"Sheikh Jarrah, Yerushalayim, Israel",IS,https://www1.cbn.com/cbnnews/israel/2022/february/clashes-erupt-in-jerusalem-and-west-bank-raising-concerns-of-further-violence-nbsp-nbsp
20220214,1028200196,20220214,ISRAEL,ISR,JORDAN,JOR,192,영토 점령,19,4,-9.5,2,1,2,-10.3030303030303,Jordan,JO,https://www1.cbn.com/cbnnews/israel/2022/february/clashes-erupt-in-jerusalem-and-west-bank-raising-concerns-of-further-violence-nbsp-nbsp
20220214,1028200201,20220214,ISRAEL,ISR,WEST BANK,PSE,193,소형무기·경무기를 이용한 전투,19,4,-10.0,4,1,4,-10.3030303030303,"Jerusalem, Israel (general), Israel",IS,https://www1.cbn.com/cbnnews/israel/2022/february/clashes-erupt-in-jerusalem-and-west-bank-raising-concerns-of-further-violence-nbsp-nbsp
20220214,1028200202,20220214,ISRAEL,ISR,PALESTINIAN,PSE,194,포병·전차를 이용한 전투,19,4,-10.0,1,1,1,-10.3030303030303,"Gaza, Israel (general), Israel",IS,https://www1.cbn.com/cbnnews/israel/2022/february/clashes-erupt-in-jerusalem-and-west-bank-raising-concerns-of-further-violence-nbsp-nbsp
20220214,1028200203,20220214,ISRAEL,ISR,PALESTINIAN,PSE,194,포병·전차를 이용한 전투,19,4,-10.0,1,1,1,-10.3030303030303,"Sheikh Jarrah, Yerushalayim, Israel",IS,https://www1.cbn.com/cbnnews/israel/2022/february/clashes-erupt-in-jerusalem-and-west-bank-raising-concerns-of-further-violence-nbsp-nbsp
20220214,1028200209,20220214,ISRAEL,ISR,HAMAS,PSE,190,재래식 군사력 사용,19,4,-10.0,2,1,2,-10.3030303030303,"Jerusalem, Israel (general), Israel",IS,https://www1.cbn.com/cbnnews/israel/2022/february/clashes-erupt-in-jerusalem-and-west-bank-raising-concerns-of-further-violence-nbsp-nbsp
20220214,1028200210,20220214,ISRAEL,ISR,HAMAS,PSE,190,재래식 군사력 사용,19,4,-10.0,6,1,6,-10.3030303030303,"Sheikh Jarrah, Yerushalayim, Israel",IS,https://www1.cbn.com/cbnnews/israel/2022/february/clashes-erupt-in-jerusalem-and-west-bank-raising-concerns-of-further-violence-nbsp-nbsp
20220214,1028200211,20220214,ISRAEL,ISR,GAZA,PSE,194,포병·전차를 이용한 전투,19,4,-10.0,1,1,1,-10.3030303030303,"Gaza, Israel (general), Israel",IS,https://www1.cbn.com/cbnnews/israel/2022/february/clashes-erupt-in-jerusalem-and-west-bank-raising-concerns-of-further-violence-nbsp-nbsp
20220214,1028200212,20220214,ISRAEL,ISR,GAZA,PSE,194,포병·전차를 이용한 전투,19,4,-10.0,1,1,1,-10.3030303030303,"Sheikh Jarrah, Yerushalayim, Israel",IS,https://www1.cbn.com/cbnnews/israel/2022/february/clashes-erupt-in-jerusalem-and-west-bank-raising-concerns-of-further-violence-nbsp-nbsp
20220214,1028200459,20220214,PALESTINIAN,PSE,ISRAEL,ISR,190,재래식 군사력 사용,19,4,-10.0,4,1,4,-10.3030303030303,"Jerusalem, Israel (general), Israel",IS,https://www1.cbn.com/cbnnews/israel/2022/february/clashes-erupt-in-jerusalem-and-west-bank-raising-concerns-of-further-violence-nbsp-nbsp
20220214,1028200463,20220214,HAMAS,PSE,ISRAEL,ISR,190,재래식 군사력 사용,19,4,-10.0,2,1,2,-10.3030303030303,"Jerusalem, Israel (general), Israel",IS,https://www1.cbn.com/cbnnews/israel/2022/february/clashes-erupt-in-jerusalem-and-west-bank-raising-concerns-of-further-violence-nbsp-nbsp
20220214,1028200464,20220214,HAMAS,PSE,ISRAEL,ISR,190,재래식 군사력 사용,19,4,-10.0,6,1,6,-10.3030303030303,"Sheikh Jarrah, Yerushalayim, Israel",IS,https://www1.cbn.com/cbnnews/israel/2022/february/clashes-erupt-in-jerusalem-and-west-bank-raising-concerns-of-further-violence-nbsp-nbsp
20220214,1028202941,20220214,SAUDI ARABIA,SAU,YEMEN,YEM,195,공중무기 사용,19,4,-10.0,3,1,3,-5.21739130434782,"Hudaydah, Al ?udaydah, Yemen",YM,https://www.tasnimnews.com/en/news/2022/02/14/2662903/yemeni-telecommunications-facility-destroyed-in-latest-saudi-airstrikes-on-sana-a
20220214,1028202942,20220214,SAUDI ARABIA,SAU,YEMEN,YEM,195,공중무기 사용,19,4,-10.0,2,1,2,-5.21739130434782,"Hudaydah, Al ?udaydah, Yemen",YM,https://www.tasnimnews.com/en/news/2022/02/14/2662903/yemeni-telecommunications-facility-destroyed-in-latest-saudi-airstrikes-on-sana-a
20220214,1028209064,20220214,WEST BANK,PSE,ISRAEL,ISR,190,재래식 군사력 사용,19,4,-10.0,2,1,2,-8.64864864864865,"Jenin, West Bank (general), West Bank",WE,https://www.ansamed.info/ansamed/en/news/sections/generalnews/2022/02/14/another-night-of-violence-in-east-jerusalems-sheikh-jarrah_fe40a264-02a4-493c-95d1-f92f552c295b.html
20220214,1028211461,20220214,ISRAEL,ISR,PALESTINIAN,PSE,190,재래식 군사력 사용,19,4,-10.0,1,1,1,-4.97131931166348,"Umm Al-Fahm, H_efa, Israel",IS,https://www.timesofisrael.com/interior-minister-bars-firebrand-arab-israeli-cleric-from-leaving-country/
20220214,1028218466,20220214,ISRAELI,ISR,PALESTINIAN,PSE,190,재래식 군사력 사용,19,4,-10.0,2,1,2,-9.53125,"Gaza, Israel (general), Israel",IS,https://www.veteranstoday.com/2022/02/14/eu-demands-end-to-violence-in-flashpoint-east-al-quds-neighborhood-of-sheikh-jarrah/
20220214,1028239622,20220214,ISRAEL,ISR,PALESTINIAN,PSE,193,소형무기·경무기를 이용한 전투,19,4,-10.0,1,1,1,0.763358778625956,Israel,IS,https://www.kuna.net.kw/ArticleDetails.aspx?id=3025865&language=en
20220214,1028247741,20220214,HAMAS,PSE,ISRAEL,ISR,192,영토 점령,19,4,-9.5,4,1,4,-6.37450199203188,"Gaza, Israel (general), Israel",IS,http://famagusta-gazette.com/2022/02/14/israeli-naval-forces-detain-7-gazan-fishermen-confiscate-boat-palestinian-official/
20220214,1028249754,20220214,ISRAEL,ISR,GAZA,PSE,194,포병·전차를 이용한 전투,19,4,-10.0,2,1,2,-1.01694915254237,"Sderot, HaDarom, Israel",IS,https://www.timesofisrael.com/liveblog_entry/defense-ministry-to-reinforce-sderot-bomb-shelter-windows-after-death-of-child/
20220214,1028249988,20220214,GAZA,PSE,ISRAEL,ISR,190,재래식 군사력 사용,19,4,-10.0,2,1,2,-1.01694915254237,"Sderot, HaDarom, Israel",IS,https://www.timesofisrael.com/liveblog_entry/defense-ministry-to-reinforce-sderot-bomb-shelter-windows-after-death-of-child/
20220214,1028249989,20220214,GAZA,PSE,ISRAEL,ISR,194,포병·전차를 이용한 전투,19,4,-10.0,1,1,1,-1.01694915254237,"Sderot, HaDarom, Israel",IS,https://www.timesofisrael.com/liveblog_entry/defense-ministry-to-reinforce-sderot-bomb-shelter-windows-after-death-of-child/
20220214,1028249990,20220214,GAZA,PSE,ISRAEL,ISR,194,포병·전차를 이용한 전투,19,4,-10.0,1,1,1,-1.01694915254237,"Gaza, Israel (general), Israel",IS,https://www.timesofisrael.com/liveblog_entry/defense-ministry-to-reinforce-sderot-bomb-shelter-windows-after-death-of-child/
20220214,1028257114,20220214,PALESTINIAN,PSE,ISRAEL,ISR,190,재래식 군사력 사용,19,4,-10.0,1,1,1,-5.68335588633288,Gaza Strip,GZ,https://www.arabnews.com/node/2024696/middle-east
20220214,1028257115,20220214,PALESTINIAN,PSE,ISRAELI,ISR,190,재래식 군사력 사용,19,4,-10.0,3,1,3,-5.68335588633288,Gaza Strip,GZ,https://www.arabnews.com/node/2024696/middle-east
20220214,1028259669,20220213,WEST BANK,PSE,ISRAEL,ISR,193,소형무기·경무기를 이용한 전투,19,4,-10.0,6,1,6,-10.412147505423,"Homesh, West Bank (general), West Bank",WE,https://www.kuwaittimes.com/zionist-forces-kill-palestinian-teenager/
20220214,1028260758,20220214,PALESTINIAN,PSE,ISRAEL,ISR,190,재래식 군사력 사용,19,4,-10.0,1,1,1,-10.412147505423,"Homesh, West Bank (general), West Bank",WE,https://www.kuwaittimes.com/zionist-forces-kill-palestinian-teenager/
20220214,1028260759,20220214,WEST BANK,PSE,ISRAEL,ISR,190,재래식 군사력 사용,19,4,-10.0,4,1,4,-10.412147505423,"Silat Al-Harithiya, West Bank (general), West Bank",WE,https://www.kuwaittimes.com/zionist-forces-kill-palestinian-teenager/
20220214,1028272665,20220214,SAUDI,SAU,SANAA,YEM,195,공중무기 사용,19,4,-10.0,5,1,5,-7.7922077922078,"Sanaa, Sana', Yemen",YM,https://www.middleeasteye.net/news/yemen-saudi-led-coalition-strikes-telecommunications-compound-sanaa
20220214,1028274760,20220214,GAZA,PSE,ISRAEL,ISR,194,포병·전차를 이용한 전투,19,4,-10.0,2,1,2,-4.52446906740535,"Jerusalem, Israel (general), Israel",IS,https://themedialine.org/top-stories/ukrainian-born-israelis-eye-events-on-russian-border-with-concern/
20220214,1028274761,20220214,GAZA,PSE,ISRAEL,ISR,194,포병·전차를 이용한 전투,19,4,-10.0,6,1,6,-4.52446906740535,Gaza Strip,GZ,https://themedialine.org/top-stories/ukrainian-born-israelis-eye-events-on-russian-border-with-concern/
20220214,1028274762,20220214,GAZA,PSE,ISRAEL,ISR,194,포병·전차를 이용한 전투,19,4,-10.0,2,1,2,-4.52446906740535,Gaza Strip,GZ,https://themedialine.org/top-stories/ukrainian-born-israelis-eye-events-on-russian-border-with-concern/
20220214,1028276515,20220214,ISRAELI,ISR,IRAN,IRN,195,공중무기 사용,19,4,-10.0,10,1,10,-0.76142131979696,Israel,IS,https://www.timesofisrael.com/israeli-jets-again-escort-us-bomber-to-gulf-in-show-of-force-to-iran/
20220214,1028276516,20220214,ISRAELI,ISR,IRAN,IRN,195,공중무기 사용,19,4,-10.0,8,1,8,1.74563591022444,United States,US,https://www.timesofisrael.com/liveblog_entry/israeli-jets-escort-american-bomber-in-message-to-iran/
20220214,1028276517,20220214,ISRAELI,ISR,IRAN,IRN,195,공중무기 사용,19,4,-10.0,2,1,2,1.74563591022444,Israel,IS,https://www.timesofisrael.com/liveblog_entry/israeli-jets-escort-american-bomber-in-message-to-iran/
20220214,1028276731,20220214,PALESTINIAN,PSE,ISRAELI,ISR,163,금수·보이콧·제재 부과,16,4,-8.0,4,1,4,-11.6853932584269,"Megiddo, Ha?afon, Israel",IS,https://www.presstv.ir/Detail/2022/02/14/676824/Hamas-Israel
20220214,1028276738,20220214,PALESTINIAN,PSE,ISRAELI,ISR,163,금수·보이콧·제재 부과,16,4,-8.0,2,1,2,-11.6853932584269,"Megiddo, Ha?afon, Israel",IS,https://www.presstv.ir/Detail/2022/02/14/676824/Hamas-Israel
20220214,1028278754,20220214,ANKARA,TUR,SYRIA,SYR,193,소형무기·경무기를 이용한 전투,19,4,-10.0,12,3,12,-3.82536382536382,"Ankara, Ankara, Turkey",TU,https://www.arabherald.com/news/272297486/turkey-kills-4-ypg-members-in-northern-syria-ministry
20220214,1028278755,20220214,ANKARA,TUR,SYRIA,SYR,193,소형무기·경무기를 이용한 전투,19,4,-10.0,18,3,18,-3.82536382536382,"Ankara, Ankara, Turkey",TU,https://www.arabherald.com/news/272297486/turkey-kills-4-ypg-members-in-northern-syria-ministry
20220214,1028288999,20220214,PALESTINIAN,PSE,ISRAELI,ISR,190,재래식 군사력 사용,19,4,-10.0,2,1,2,-4.44444444444445,"Damascus, Dimashq, Syria",SY,https://forward.com/news/482475/explainer-east-jerusalem-sheikh-jarrah-israel-middle-east/
20220214,1028289000,20220214,PALESTINIAN,PSE,ISRAELI,ISR,190,재래식 군사력 사용,19,4,-10.0,6,1,6,-4.44444444444445,"Gaza, Israel (general), Israel",IS,https://forward.com/news/482475/explainer-east-jerusalem-sheikh-jarrah-israel-middle-east/
20220214,1028295913,20220214,ANKARA,TUR,SYRIA,SYR,193,소형무기·경무기를 이용한 전투,19,4,-10.0,10,1,10,-3.30188679245283,"Euphrates, Dayr az Zawr, Syria",SY,http://www.china.org.cn/world/Off_the_Wire/2022-02/15/content_78048374.htm
20220214,1028300396,20220214,ISRAELI,ISR,PALESTINIAN,PSE,190,재래식 군사력 사용,19,4,-10.0,6,1,6,-4.41558441558441,"Gaza, Israel (general), Israel",IS,https://www.timesofisrael.com/clashes-resume-in-sheikh-jarrah-as-firebrand-mk-vows-to-stay-in-eye-of-storm/
20220214,1028300397,20220214,ISRAEL,ISR,PALESTINIAN,PSE,190,재래식 군사력 사용,19,4,-10.0,2,1,2,-4.41558441558441,"Red Crescent, West Bank (general), West Bank",WE,https://www.timesofisrael.com/clashes-resume-in-sheikh-jarrah-as-firebrand-mk-vows-to-stay-in-eye-of-storm/
20220214,1028300398,20220214,ISRAELI,ISR,WEST BANK,PSE,193,소형무기·경무기를 이용한 전투,19,4,-10.0,8,1,8,-4.71014492753623,West Bank,WE,https://mondoweiss.net/2022/02/pelosi-delegation-to-israel-draws-ire-for-enabling-settler-and-police-violence-against-palestinians/
20220214,1028300653,20220214,GAZA,PSE,ISRAEL,ISR,190,재래식 군사력 사용,19,4,-10.0,1,1,1,-4.41558441558441,"Jerusalem, Israel (general), Israel",IS,https://www.timesofisrael.com/clashes-resume-in-sheikh-jarrah-as-firebrand-mk-vows-to-stay-in-eye-of-storm/
20220214,1028300654,20220214,PALESTINIAN,PSE,ISRAELI,ISR,190,재래식 군사력 사용,19,4,-10.0,6,1,6,-4.41558441558441,"Gaza, Israel (general), Israel",IS,https://www.timesofisrael.com/clashes-resume-in-sheikh-jarrah-as-firebrand-mk-vows-to-stay-in-eye-of-storm/
20220214,1028300655,20220214,PALESTINIAN,PSE,ISRAEL,ISR,190,재래식 군사력 사용,19,4,-10.0,2,1,2,-4.41558441558441,"Red Crescent, West Bank (general), West Bank",WE,https://www.timesofisrael.com/clashes-resume-in-sheikh-jarrah-as-firebrand-mk-vows-to-stay-in-eye-of-storm/
20220214,1028300661,20220214,HAMAS,PSE,JERUSALEM,ISR,194,포병·전차를 이용한 전투,19,4,-10.0,1,1,1,-2.17755443886097,"Sheikh Jarrah, Yerushalayim, Israel",IS,https://www.timesofisrael.com/us-fears-repeat-of-violence-in-israel-as-religious-holy-days-converge-in-april/
20220214,1028300662,20220214,HAMAS,PSE,JERUSALEM,ISR,194,포병·전차를 이용한 전투,19,4,-10.0,4,1,4,-2.17755443886097,"Jerusalem, Israel (general), Israel",IS,https://www.timesofisrael.com/us-fears-repeat-of-violence-in-israel-as-religious-holy-days-converge-in-april/
20220215,1028302715,20220215,ISRAELI,ISR,PALESTINIAN,PSE,193,소형무기·경무기를 이용한 전투,19,4,-10.0,10,3,10,-5.02293886790704,Israel,IS,http://www.jordantimes.com/news/region/israeli-forces-kill-palestinian-teen-west-bank-clashes
20220215,1028303106,20220215,WEST BANK,PSE,ISRAEL,ISR,190,재래식 군사력 사용,19,4,-10.0,1,1,1,-9.86964618249534,Israel,IS,http://www.jordantimes.com/news/region/israeli-forces-kill-palestinian-teen-west-bank-clashes
20220215,1028303107,20220215,WEST BANK,PSE,ISRAEL,ISR,190,재래식 군사력 사용,19,4,-10.0,54,11,50,-6.92501870389985,Israel,IS,http://www.jordantimes.com/news/region/israeli-forces-kill-palestinian-teen-west-bank-clashes
20220215,1028303108,20220215,WEST BANK,PSE,ISRAEL,ISR,193,소형무기·경무기를 이용한 전투,19,4,-10.0,11,4,11,-7.57416904462108,Israel,IS,http://www.jordantimes.com/news/region/israeli-forces-kill-palestinian-teen-west-bank-clashes
20220215,1028303109,20220215,WEST BANK,PSE,ISRAEL,ISR,190,재래식 군사력 사용,19,4,-10.0,4,1,4,-9.86964618249534,Israel,IS,http://www.jordantimes.com/news/region/israeli-forces-kill-palestinian-teen-west-bank-clashes
20220215,1028313808,20220215,ANKARA,TUR,SYRIA,SYR,193,소형무기·경무기를 이용한 전투,19,4,-10.0,8,2,8,-3.78378378378379,"Ankara, Ankara, Turkey",TU,http://www.xinhuanet.com/english/20220215/654a8daf11714526a0b7ec23e2c04a0e/c.html
20220215,1028313809,20220215,ANKARA,TUR,SYRIA,SYR,193,소형무기·경무기를 이용한 전투,19,4,-10.0,12,2,12,-3.78378378378379,"Ankara, Ankara, Turkey",TU,http://www.xinhuanet.com/english/20220215/654a8daf11714526a0b7ec23e2c04a0e/c.html
20220215,1028315879,20220215,WEST BANK,PSE,ISRAEL,ISR,190,재래식 군사력 사용,19,4,-10.0,4,1,4,-10.5084745762712,"Sheikh Jarrah, Yerushalayim, Israel",IS,https://www.presstv.ir/Detail/2022/02/14/676845/Israeli-aggression-escalates-across-occupied-territories
20220215,1028321076,20220215,ISRAEL,ISR,PALESTINIAN,PSE,190,재래식 군사력 사용,19,4,-10.0,67,15,59,-6.86311634686903,"Jerusalem, Israel (general), Israel",IS,http://europe.chinadaily.com.cn/a/202202/15/WS620afde1a310cdd39bc869cf.html
20220215,1028321350,20220215,PALESTINIAN,PSE,ISRAEL,ISR,190,재래식 군사력 사용,19,4,-10.0,72,16,64,-6.9339988232871,"Jerusalem, Israel (general), Israel",IS,http://europe.chinadaily.com.cn/a/202202/15/WS620afde1a310cdd39bc869cf.html
20220215,1028321351,20220215,PALESTINIAN,PSE,ISRAELI,ISR,193,소형무기·경무기를 이용한 전투,19,4,-10.0,46,14,44,-6.22196082632708,"Jerusalem, Israel (general), Israel",IS,http://europe.chinadaily.com.cn/a/202202/15/WS620afde1a310cdd39bc869cf.html
20220215,1028339503,20220215,JERUSALEM,ISR,PALESTINIAN,PSE,190,재래식 군사력 사용,19,4,-10.0,3,1,3,-9.80810234541575,"Jerusalem, Israel (general), Israel",IS,https://menafn.com/1103696309/UK-Confrontations-as-Israeli-MP-visits-Jerusalem-flashpoint&source=24
20220215,1028341982,20220215,ISRAEL,ISR,WEST BANK,PSE,190,재래식 군사력 사용,19,4,-10.0,2,1,2,-10.8552631578947,"Sheikh Jarrah, Yerushalayim, Israel",IS,https://www.albawaba.com/news/israel-kills-palestinian-youth-demolishes-house-occupied-west-bank-1466300
20220215,1028341985,20220215,ISRAEL,ISR,PALESTINIAN,PSE,190,재래식 군사력 사용,19,4,-10.0,2,1,2,-10.8552631578947,"Jerusalem, Israel (general), Israel",IS,https://www.albawaba.com/news/israel-kills-palestinian-youth-demolishes-house-occupied-west-bank-1466300
20220215,1028341986,20220215,ISRAELI,ISR,PALESTINIAN,PSE,190,재래식 군사력 사용,19,4,-10.0,4,1,4,-10.8552631578947,"Jerusalem, Israel (general), Israel",IS,https://www.albawaba.com/news/israel-kills-palestinian-youth-demolishes-house-occupied-west-bank-1466300
20220215,1028342142,20220215,PALESTINIAN,PSE,ISRAEL,ISR,190,재래식 군사력 사용,19,4,-10.0,2,1,2,-10.8552631578947,"Jerusalem, Israel (general), Israel",IS,https://www.albawaba.com/news/israel-kills-palestinian-youth-demolishes-house-occupied-west-bank-1466300
20220215,1028342143,20220215,PALESTINIAN,PSE,ISRAELI,ISR,190,재래식 군사력 사용,19,4,-10.0,4,1,4,-10.8552631578947,"Jerusalem, Israel (general), Israel",IS,https://www.albawaba.com/news/israel-kills-palestinian-youth-demolishes-house-occupied-west-bank-1466300
20220215,1028362688,20220215,ISRAELI,ISR,WEST BANK,PSE,190,재래식 군사력 사용,19,4,-10.0,3,1,3,-10.2803738317757,"Jenin, West Bank (general), West Bank",WE,https://www.timesofisrael.com/idf-arrests-hamas-official-in-jenin-in-overnight-raid/
20220215,1028377472,20220215,EGYPTIAN,EGY,ISRAEL,ISR,163,금수·보이콧·제재 부과,16,4,-8.0,3,1,3,-3.93890675241158,"Jerusalem, Israel (general), Israel",IS,https://www.timesofisrael.com/jailed-egypt-activist-sees-wider-struggle-for-rights-in-israeli-palestinian-conflict/
20220215,1028377973,20220215,PALESTINIAN,PSE,ISRAEL,ISR,163,금수·보이콧·제재 부과,16,4,-8.0,1,1,1,-3.93890675241158,"Jerusalem, Israel (general), Israel",IS,https://www.timesofisrael.com/jailed-egypt-activist-sees-wider-struggle-for-rights-in-israeli-palestinian-conflict/
20220215,1028377974,20220215,PALESTINIAN,PSE,ISRAEL,ISR,163,금수·보이콧·제재 부과,16,4,-8.0,4,1,4,-3.93890675241158,"Jerusalem, Israel (general), Israel",IS,https://www.timesofisrael.com/jailed-egypt-activist-sees-wider-struggle-for-rights-in-israeli-palestinian-conflict/
20220215,1028383302,20220215,ISRAELI,ISR,SYRIA,SYR,195,공중무기 사용,19,4,-10.0,4,1,4,-5.8972198820556,Israel,IS,https://www.strategypage.com/qnd/syria/articles/20220215.aspx
20220215,1028383303,20220215,ISRAELI,ISR,SYRIA,SYR,195,공중무기 사용,19,4,-10.0,16,1,16,-5.8972198820556,"Damascus, Dimashq, Syria",SY,https://www.strategypage.com/qnd/syria/articles/20220215.aspx
20220215,1028383573,20220215,SYRIA,SYR,IRANIAN,IRN,195,공중무기 사용,19,4,-10.0,4,1,4,-5.8972198820556,"Damascus, Dimashq, Syria",SY,https://www.strategypage.com/qnd/syria/articles/20220215.aspx
20220215,1028383574,20220215,DAMASCUS,SYR,IRANIAN,IRN,195,공중무기 사용,19,4,-10.0,14,1,14,-5.8972198820556,Israel,IS,https://www.strategypage.com/qnd/syria/articles/20220215.aspx
20220215,1028383575,20220215,SYRIA,SYR,IRANIAN,IRN,195,공중무기 사용,19,4,-10.0,2,1,2,-5.8972198820556,Israel,IS,https://www.strategypage.com/qnd/syria/articles/20220215.aspx
20220215,1028383580,20220215,SYRIA,SYR,ISRAEL,ISR,190,재래식 군사력 사용,19,4,-10.0,4,1,4,-5.8972198820556,Israel,IS,https://www.strategypage.com/qnd/syria/articles/20220215.aspx
20220215,1028383581,20220215,DAMASCUS,SYR,ISRAEL,ISR,190,재래식 군사력 사용,19,4,-10.0,16,1,16,-5.8972198820556,Israel,IS,https://www.strategypage.com/qnd/syria/articles/20220215.aspx
20220215,1028402939,20220215,ISRAEL,ISR,PALESTINIAN,PSE,190,재래식 군사력 사용,19,4,-10.0,1,1,1,-7.05882352941176,"Jenin, Jordan (general), Jordan",JO,https://www.middleeastmonitor.com/20220215-palestinian-activist-raises-money-to-build-houses-for-syria-refugees/
20220215,1028402940,20220215,ISRAEL,ISR,PALESTINIAN,PSE,190,재래식 군사력 사용,19,4,-10.0,3,2,3,-7.13765918738629,Israel,IS,https://www.middleeastmonitor.com/20220215-palestinian-activist-raises-money-to-build-houses-for-syria-refugees/
20220215,1028402951,20220215,JORDAN,JOR,ISRAEL,ISR,190,재래식 군사력 사용,19,4,-10.0,1,1,1,-7.05882352941176,"Jenin, Jordan (general), Jordan",JO,https://www.middleeastmonitor.com/20220215-palestinian-activist-raises-money-to-build-houses-for-syria-refugees/
20220215,1028402952,20220215,JORDAN,JOR,ISRAEL,ISR,190,재래식 군사력 사용,19,4,-10.0,2,1,2,-7.05882352941176,"Jenin, Jordan (general), Jordan",JO,https://www.middleeastmonitor.com/20220215-palestinian-activist-raises-money-to-build-houses-for-syria-refugees/
20220215,1028402953,20220215,JORDAN,JOR,ISRAEL,ISR,190,재래식 군사력 사용,19,4,-10.0,2,1,2,-7.05882352941176,"Jenin, Jordan (general), Jordan",JO,https://www.middleeastmonitor.com/20220215-palestinian-activist-raises-money-to-build-houses-for-syria-refugees/
20220215,1028402954,20220215,JORDAN,JOR,ISRAEL,ISR,190,재래식 군사력 사용,19,4,-10.0,1,1,1,-7.05882352941176,Israel,IS,https://www.middleeastmonitor.com/20220215-palestinian-activist-raises-money-to-build-houses-for-syria-refugees/
20220215,1028403160,20220215,PALESTINIAN,PSE,ISRAELI,ISR,190,재래식 군사력 사용,19,4,-10.0,2,1,2,-7.05882352941176,"Jenin, Jordan (general), Jordan",JO,https://www.middleeastmonitor.com/20220215-palestinian-activist-raises-money-to-build-houses-for-syria-refugees/
20220215,1028405454,20220215,IRAN,IRN,ISRAELI,ISR,190,재래식 군사력 사용,19,4,-10.0,2,1,2,-10.8882521489971,"Nazareth, Ha?afon, Israel",IS,https://www.timesofisrael.com/relative-of-former-top-arab-cop-hakrush-shot-dead/
20220215,1028405457,20220215,IRAN,IRN,ISRAEL,ISR,190,재래식 군사력 사용,19,4,-10.0,2,1,2,-10.8882521489971,"Nazareth, Ha?afon, Israel",IS,https://www.timesofisrael.com/relative-of-former-top-arab-cop-hakrush-shot-dead/
20220215,1028405501,20220215,ISRAEL,ISR,GAZA,PSE,190,재래식 군사력 사용,19,4,-10.0,1,1,1,0.77519379844962,"Sedat, Diyarbakir, Turkey",TU,https://www.cumhuriyet.com.tr/cumhuriyet-daily/turkey-to-host-israeli-president-next-month-1908206
20220215,1028405502,20220215,ISRAEL,ISR,GAZA,PSE,190,재래식 군사력 사용,19,4,-10.0,2,1,2,0.77519379844962,"Tel Aviv, Tel Aviv, Israel",IS,https://www.cumhuriyet.com.tr/cumhuriyet-daily/turkey-to-host-israeli-president-next-month-1908206
20220215,1028405503,20220215,ISRAEL,ISR,GAZA,PSE,190,재래식 군사력 사용,19,4,-10.0,5,1,5,0.77519379844962,"Tel Aviv, Tel Aviv, Israel",IS,https://www.cumhuriyet.com.tr/cumhuriyet-daily/turkey-to-host-israeli-president-next-month-1908206
20220215,1028405838,20220215,TURKEY,TUR,ISRAEL,ISR,190,재래식 군사력 사용,19,4,-10.0,1,1,1,0.77519379844962,"Sedat, Diyarbakir, Turkey",TU,https://www.cumhuriyet.com.tr/cumhuriyet-daily/turkey-to-host-israeli-president-next-month-1908206
20220215,1028405839,20220215,TURKEY,TUR,ISRAEL,ISR,190,재래식 군사력 사용,19,4,-10.0,1,1,1,0.77519379844962,"Tel Aviv, Tel Aviv, Israel",IS,https://www.cumhuriyet.com.tr/cumhuriyet-daily/turkey-to-host-israeli-president-next-month-1908206
20220215,1028405844,20220215,TURKEY,TUR,GAZA,PSE,190,재래식 군사력 사용,19,4,-10.0,1,1,1,0.77519379844962,"Sedat, Diyarbakir, Turkey",TU,https://www.cumhuriyet.com.tr/cumhuriyet-daily/turkey-to-host-israeli-president-next-month-1908206
20220215,1028405845,20220215,TURKEY,TUR,GAZA,PSE,190,재래식 군사력 사용,19,4,-10.0,7,1,7,0.77519379844962,"Tel Aviv, Tel Aviv, Israel",IS,https://www.cumhuriyet.com.tr/cumhuriyet-daily/turkey-to-host-israeli-president-next-month-1908206
20220215,1028407706,20220215,ISRAEL,ISR,HAMAS,PSE,190,재래식 군사력 사용,19,4,-10.0,8,2,8,-5.76695585048475,"Jerusalem, Israel (general), Israel",IS,https://www.jpost.com/middle-east/article-696568
20220215,1028407890,20220215,HAMAS,PSE,JERUSALEM,ISR,194,포병·전차를 이용한 전투,19,4,-10.0,20,2,20,-5.76695585048475,"Jerusalem, Israel (general), Israel",IS,https://www.jpost.com/middle-east/article-696568
20220215,1028407891,20220215,HAMAS,PSE,ISRAEL,ISR,190,재래식 군사력 사용,19,4,-10.0,8,2,8,-5.76695585048475,"Jerusalem, Israel (general), Israel",IS,https://www.jpost.com/middle-east/article-696568
20220215,1028410007,20220215,ISRAEL,ISR,JORDAN,JOR,192,영토 점령,19,4,-9.5,2,1,2,0.0411522633744896,"Dead Sea, Israel (general), Israel",IS,https://www.haaretz.com/israel-news/travel/EXT.premium.EXT-STATIC-where-jesus-meets-flamingos-1.10500678
20220215,1028410008,20220215,ISRAEL,ISR,JORDAN,JOR,192,영토 점령,19,4,-9.5,4,1,4,0.0411522633744896,"Dead Sea, Israel (general), Israel",IS,https://www.haaretz.com/israel-news/travel/EXT.premium.EXT-STATIC-where-jesus-meets-flamingos-1.10500678
20220215,1028410009,20220215,ISRAEL,ISR,JORDAN,JOR,192,영토 점령,19,4,-9.5,4,1,4,0.0411522633744896,"Naharayim, Jordan (general), Jordan",JO,https://www.haaretz.com/israel-news/travel/EXT.premium.EXT-STATIC-where-jesus-meets-flamingos-1.10500678
20220215,1028410219,20220215,PALESTINIAN,PSE,ISRAEL,ISR,138,군사력 사용 위협,13,3,-7.0,2,1,2,-8.22368421052631,"Sheikh Jarrah, Yerushalayim, Israel",IS,https://www.jns.org/gaza-terrorists-warn-of-fresh-hostilities-over-sheikh-jarrah-unrest/
20220215,1028422113,20220215,WEST BANK,PSE,ISRAEL,ISR,193,소형무기·경무기를 이용한 전투,19,4,-10.0,6,2,5,-2.92340034161082,Israel,IS,https://www.timesofisrael.com/liveblog_entry/palestinian-shot-dead-by-idf-in-clashes-says-pa-health-ministry/
20220215,1028422116,20220215,WEST BANK,PSE,ISRAEL,ISR,193,소형무기·경무기를 이용한 전투,19,4,-10.0,2,1,2,1.12994350282486,Israel,IS,https://www.timesofisrael.com/liveblog_entry/palestinian-shot-dead-by-idf-in-clashes-says-pa-health-ministry/
20220215,1028424216,20220215,ISRAELI,ISR,PALESTINIAN,PSE,193,소형무기·경무기를 이용한 전투,19,4,-10.0,1,1,1,-6.19469026548673,Israel,IS,https://www.kuna.net.kw/ArticleDetails.aspx?id=3026019&language=en
20220215,1028424220,20220215,ISRAEL,ISR,WEST BANK,PSE,190,재래식 군사력 사용,19,4,-10.0,1,1,1,-6.19469026548673,"Kafr Ein, West Bank (general), West Bank",WE,https://www.kuna.net.kw/ArticleDetails.aspx?id=3026019&language=en
20220215,1028424221,20220215,ISRAEL,ISR,WEST BANK,PSE,190,재래식 군사력 사용,19,4,-10.0,1,1,1,-6.19469026548673,"Kafr Ein, West Bank (general), West Bank",WE,https://www.kuna.net.kw/ArticleDetails.aspx?id=3026019&language=en
20220215,1028424428,20220215,WEST BANK,PSE,ISRAEL,ISR,193,소형무기·경무기를 이용한 전투,19,4,-10.0,1,1,1,-6.19469026548673,Israel,IS,https://www.kuna.net.kw/ArticleDetails.aspx?id=3026019&language=en
20220215,1028424429,20220215,WEST BANK,PSE,ISRAEL,ISR,193,소형무기·경무기를 이용한 전투,19,4,-10.0,5,1,5,-6.19469026548673,Israel,IS,https://www.kuna.net.kw/ArticleDetails.aspx?id=3026019&language=en
20220215,1028424430,20220215,WEST BANK,PSE,ISRAEL,ISR,193,소형무기·경무기를 이용한 전투,19,4,-10.0,2,1,2,-6.19469026548673,Israel,IS,https://www.kuna.net.kw/ArticleDetails.aspx?id=3026019&language=en
20220215,1028427700,20220215,ISRAEL,ISR,PALESTINIAN,PSE,190,재래식 군사력 사용,19,4,-10.0,2,1,2,-6.97674418604651,"Ramallah, West Bank (general), West Bank",WE,https://www.middleeasteye.net/news/israel-palestine-soldiers-kill-palestinian-west-bank
20220215,1028427701,20220215,ISRAEL,ISR,PALESTINIAN,PSE,190,재래식 군사력 사용,19,4,-10.0,1,1,1,-6.97674418604651,"Ramallah, West Bank (general), West Bank",WE,https://www.middleeasteye.net/news/israel-palestine-soldiers-kill-palestinian-west-bank
20220215,1028427973,20220215,WEST BANK,PSE,ISRAELI,ISR,193,소형무기·경무기를 이용한 전투,19,4,-10.0,5,1,5,-6.97674418604651,"Ramallah, West Bank (general), West Bank",WE,https://www.middleeasteye.net/news/israel-palestine-soldiers-kill-palestinian-west-bank
20220215,1028427976,20220215,WEST BANK,PSE,ISRAEL,ISR,193,소형무기·경무기를 이용한 전투,19,4,-10.0,1,1,1,-6.97674418604651,Israel,IS,https://www.middleeasteye.net/news/israel-palestine-soldiers-kill-palestinian-west-bank
20220215,1028431008,20220214,ISRAELI,ISR,PALESTINIAN,PSE,190,재래식 군사력 사용,19,4,-10.0,2,1,2,-8.0188679245283,Israel,IS,https://www.middleeastmonitor.com/20220215-israel-settlers-attack-disabled-palestinian-in-nablus/
20220215,1028431011,20220214,WEST BANK,PSE,ISRAELI,ISR,193,소형무기·경무기를 이용한 전투,19,4,-10.0,6,1,6,-8.0188679245283,"Beita, West Bank (general), West Bank",WE,https://www.middleeastmonitor.com/20220215-israel-settlers-attack-disabled-palestinian-in-nablus/
20220215,1028431012,20220214,WEST BANK,PSE,ISRAELI,ISR,193,소형무기·경무기를 이용한 전투,19,4,-10.0,2,1,2,-8.0188679245283,"Beita, West Bank (general), West Bank",WE,https://www.middleeastmonitor.com/20220215-israel-settlers-attack-disabled-palestinian-in-nablus/
20220215,1028431810,20220215,BAGHDAD,IRQ,IRAN,IRN,190,재래식 군사력 사용,19,4,-10.0,4,1,4,-8.08080808080808,"Baghdad, Baghdad, Iraq",IZ,https://www.freepressjournal.in/world/in-pictures-clashes-erupt-in-kashmir-after-army-personnel-allegedly-burns-qasem-soleimanis-poster
20220215,1028431811,20220215,BAGHDAD,IRQ,IRANIAN,IRN,190,재래식 군사력 사용,19,4,-10.0,12,1,12,-8.08080808080808,Iran,IR,https://www.freepressjournal.in/world/in-pictures-clashes-erupt-in-kashmir-after-army-personnel-allegedly-burns-qasem-soleimanis-poster
20220215,1028431812,20220215,BAGHDAD,IRQ,IRAN,IRN,190,재래식 군사력 사용,19,4,-10.0,4,1,4,-8.08080808080808,Iran,IR,https://www.freepressjournal.in/world/in-pictures-clashes-erupt-in-kashmir-after-army-personnel-allegedly-burns-qasem-soleimanis-poster
20220215,1028431848,20220215,ISRAELI,ISR,PALESTINIAN,PSE,190,재래식 군사력 사용,19,4,-10.0,7,3,7,-6.13917178802675,"Nablus, West Bank (general), West Bank",WE,https://www.digitaljournal.com/world/israeli-forces-kill-palestinian-in-w-bank/article
20220215,1028432179,20220215,PALESTINIAN,PSE,ISRAELI,ISR,190,재래식 군사력 사용,19,4,-10.0,4,2,4,-6.99745547073791,"Nablus, West Bank (general), West Bank",WE,https://www.digitaljournal.com/world/israeli-forces-kill-palestinian-in-w-bank/article
20220215,1028432180,20220215,WEST BANK,PSE,ISRAEL,ISR,190,재래식 군사력 사용,19,4,-10.0,2,2,2,-6.99745547073791,"Jenin, West Bank (general), West Bank",WE,https://www.digitaljournal.com/world/israeli-forces-kill-palestinian-in-w-bank/article
20220215,1028432181,20220215,WEST BANK,PSE,ISRAEL,ISR,190,재래식 군사력 사용,19,4,-10.0,1,1,1,-6.66666666666666,Israel,IS,https://www.digitaljournal.com/world/israeli-forces-kill-palestinian-in-w-bank/article
20220215,1028432182,20220215,PALESTINIAN,PSE,ISRAEL,ISR,190,재래식 군사력 사용,19,4,-10.0,1,1,1,-6.66666666666666,"Jenin, West Bank (general), West Bank",WE,https://www.digitaljournal.com/world/israeli-forces-kill-palestinian-in-w-bank/article
20220215,1028432183,20220215,WEST BANK,PSE,ISRAEL,ISR,190,재래식 군사력 사용,19,4,-10.0,10,5,10,-7.23005738242219,Israel,IS,https://www.digitaljournal.com/world/israeli-forces-kill-palestinian-in-w-bank/article
20220215,1028434186,20220215,ISRAEL,ISR,PALESTINIAN,PSE,190,재래식 군사력 사용,19,4,-10.0,4,2,4,-7.61573504063039,"Jenin, West Bank (general), West Bank",WE,https://www.msn.com/en-us/news/world/israeli-forces-kill-palestinian-in-w-bank/ar-AATSXk7
20220215,1028434187,20220215,ISRAELI,ISR,PALESTINIAN,PSE,190,재래식 군사력 사용,19,4,-10.0,2,1,2,-7.32824427480916,Israel,IS,https://www.msn.com/en-us/news/world/israeli-forces-kill-palestinian-in-w-bank/ar-AATSXk7
20220215,1028434188,20220215,JERUSALEM,ISR,WEST BANK,PSE,190,재래식 군사력 사용,19,4,-10.0,10,1,6,-4.57354758961681,"Sheikh Jarrah, West Bank (general), West Bank",WE,https://www.jpost.com/arab-israeli-conflict/article-696589
20220215,1028434189,20220215,ISRAEL,ISR,WEST BANK,PSE,190,재래식 군사력 사용,19,4,-10.0,2,1,2,-4.57354758961681,"Jerusalem, Israel (general), Israel",IS,https://www.jpost.com/arab-israeli-conflict/article-696589
20220215,1028434190,20220215,ISRAEL,ISR,PALESTINIAN,PSE,190,재래식 군사력 사용,19,4,-10.0,2,1,2,-7.32824427480916,Israel,IS,https://www.msn.com/en-us/news/world/israeli-forces-kill-palestinian-in-w-bank/ar-AATSXk7
20220215,1028434426,20220215,WEST BANK,PSE,ISRAEL,ISR,190,재래식 군사력 사용,19,4,-10.0,1,1,1,-7.32824427480916,"Jenin, West Bank (general), West Bank",WE,https://www.msn.com/en-us/news/world/israeli-forces-kill-palestinian-in-w-bank/ar-AATSXk7
20220215,1028434431,20220215,WEST BANK,PSE,JERUSALEM,ISR,190,재래식 군사력 사용,19,4,-10.0,6,1,6,-4.57354758961681,"Sheikh Jarrah, West Bank (general), West Bank",WE,https://www.jpost.com/arab-israeli-conflict/article-696589
20220215,1028434432,20220215,WEST BANK,PSE,JERUSALEM,ISR,190,재래식 군사력 사용,19,4,-10.0,6,1,6,-4.57354758961681,"Sheikh Jarrah, West Bank (general), West Bank",WE,https://www.jpost.com/arab-israeli-conflict/article-696589
20220215,1028436591,20220215,ISRAELI,ISR,WEST BANK,PSE,193,소형무기·경무기를 이용한 전투,19,4,-10.0,3,3,3,-7.04235809481383,"Ramallah, West Bank (general), West Bank",WE,https://www.france24.com/en/live-news/20220215-israeli-forces-kill-palestinian-in-w-bank
20220215,1028436592,20220215,ISRAELI,ISR,WEST BANK,PSE,193,소형무기·경무기를 이용한 전투,19,4,-10.0,3,3,3,-7.04235809481383,Israel,IS,https://www.france24.com/en/live-news/20220215-israeli-forces-kill-palestinian-in-w-bank
20220215,1028439195,20220208,ISRAELI,ISR,WEST BANK,PSE,190,재래식 군사력 사용,19,4,-10.0,2,1,2,-6.35641316685585,"Sheikh Jarrah, Yerushalayim, Israel",IS,https://www.timesofisrael.com/palestinian-shot-dead-by-israeli-troops-in-west-bank-pa/
20220215,1028439196,20220208,ISRAELI,ISR,WEST BANK,PSE,190,재래식 군사력 사용,19,4,-10.0,8,1,8,-6.35641316685585,"Nablus, West Bank (general), West Bank",WE,https://www.timesofisrael.com/palestinian-shot-dead-by-israeli-troops-in-west-bank-pa/
20220215,1028440181,20220215,ISRAELI,ISR,PALESTINIAN,PSE,193,소형무기·경무기를 이용한 전투,19,4,-10.0,2,1,2,-6.35641316685585,"Sheikh Jarrah, Yerushalayim, Israel",IS,https://www.timesofisrael.com/palestinian-shot-dead-by-israeli-troops-in-west-bank-pa/
20220215,1028440182,20220215,ISRAELI,ISR,PALESTINIAN,PSE,190,재래식 군사력 사용,19,4,-10.0,4,2,4,-7.00068293288632,"Jerusalem, Israel (general), Israel",IS,https://www.aljazeera.com/news/2022/2/15/palestinian-teen-shot-and-killed-by-israeli-forces-in-west-bank
20220215,1028440201,20220215,ISRAEL,ISR,PALESTINIAN,PSE,190,재래식 군사력 사용,19,4,-10.0,2,1,2,-6.35641316685585,"Jerusalem, Israel (general), Israel",IS,https://www.timesofisrael.com/palestinian-shot-dead-by-israeli-troops-in-west-bank-pa/
20220215,1028440610,20220215,PALESTINIAN,PSE,ISRAEL,ISR,190,재래식 군사력 사용,19,4,-10.0,2,1,2,-6.35641316685585,"Jerusalem, Israel (general), Israel",IS,https://www.timesofisrael.com/palestinian-shot-dead-by-israeli-troops-in-west-bank-pa/
20220215,1028440611,20220215,WEST BANK,PSE,ISRAEL,ISR,190,재래식 군사력 사용,19,4,-10.0,1,1,1,-8.35164835164835,"Nablus, West Bank (general), West Bank",WE,https://www.aljazeera.com/news/2022/2/15/palestinian-teen-shot-and-killed-by-israeli-forces-in-west-bank
20220215,1028440612,20220215,WEST BANK,PSE,ISRAEL,ISR,190,재래식 군사력 사용,19,4,-10.0,7,2,7,-7.00068293288632,"Jerusalem, Israel (general), Israel",IS,https://www.aljazeera.com/news/2022/2/15/palestinian-teen-shot-and-killed-by-israeli-forces-in-west-bank
20220215,1028440744,20220215,SAUDI,SAU,BAHRAIN,BHR,154,군 병력 동원·증강,15,4,-7.2,1,1,1,1.58562367864693,"Manama, Al Manamah, Bahrain",BA,https://www.nytimes.com/2022/02/15/world/middleeast/israel-bahrain-naftali-bennett.html
20220215,1028440745,20220215,SAUDI,SAU,BAHRAIN,BHR,154,군 병력 동원·증강,15,4,-7.2,1,1,1,1.58562367864693,Saudi Arabia,SA,https://www.nytimes.com/2022/02/15/world/middleeast/israel-bahrain-naftali-bennett.html
20220215,1028442083,20220215,ISRAEL,ISR,WEST BANK,PSE,190,재래식 군사력 사용,19,4,-10.0,2,1,2,-7.90322580645161,"Ramallah, West Bank (general), West Bank",WE,https://www.ynetnews.com/article/bjd00wnfkq
20220215,1028442084,20220215,ISRAEL,ISR,WEST BANK,PSE,190,재래식 군사력 사용,19,4,-10.0,1,1,1,-7.90322580645161,"Jenin, West Bank (general), West Bank",WE,https://www.ynetnews.com/article/bjd00wnfkq
20220215,1028442085,20220215,ISRAELI,ISR,PALESTINIAN,PSE,190,재래식 군사력 사용,19,4,-10.0,6,1,6,-7.90322580645161,"Ramallah, West Bank (general), West Bank",WE,https://www.ynetnews.com/article/bjd00wnfkq
20220215,1028442097,20220215,ISRAELI,ISR,PALESTINIAN,PSE,190,재래식 군사력 사용,19,4,-10.0,2,1,2,-7.90322580645161,Israel,IS,https://www.ynetnews.com/article/bjd00wnfkq
20220215,1028442099,20220215,ISRAEL,ISR,WEST BANK,PSE,193,소형무기·경무기를 이용한 전투,19,4,-10.0,4,1,4,-7.90322580645161,Israel,IS,https://www.ynetnews.com/article/bjd00wnfkq
20220215,1028442341,20220215,WEST BANK,PSE,ISRAEL,ISR,190,재래식 군사력 사용,19,4,-10.0,6,1,6,-7.90322580645161,Israel,IS,https://www.ynetnews.com/article/bjd00wnfkq
20220215,1028442342,20220215,PALESTINIAN,PSE,ISRAELI,ISR,190,재래식 군사력 사용,19,4,-10.0,2,1,2,-7.90322580645161,"Jenin, West Bank (general), West Bank",WE,https://www.ynetnews.com/article/bjd00wnfkq
20220215,1028442343,20220215,PALESTINIAN,PSE,ISRAELI,ISR,190,재래식 군사력 사용,19,4,-10.0,2,1,2,-7.90322580645161,Israel,IS,https://www.ynetnews.com/article/bjd00wnfkq
20220215,1028442344,20220215,PALESTINIAN,PSE,ISRAEL,ISR,193,소형무기·경무기를 이용한 전투,19,4,-10.0,1,1,1,-7.90322580645161,"Jenin, West Bank (general), West Bank",WE,https://www.ynetnews.com/article/bjd00wnfkq
20220215,1028442345,20220215,PALESTINIAN,PSE,ISRAEL,ISR,193,소형무기·경무기를 이용한 전투,19,4,-10.0,2,1,2,-7.90322580645161,Israel,IS,https://www.ynetnews.com/article/bjd00wnfkq
20220215,1028442351,20220215,WEST BANK,PSE,ISRAEL,ISR,190,재래식 군사력 사용,19,4,-10.0,1,1,1,-7.90322580645161,"Jenin, West Bank (general), West Bank",WE,https://www.ynetnews.com/article/bjd00wnfkq
20220215,1028442352,20220215,WEST BANK,PSE,ISRAEL,ISR,190,재래식 군사력 사용,19,4,-10.0,1,1,1,-7.90322580645161,Israel,IS,https://www.ynetnews.com/article/bjd00wnfkq
20220215,1028445881,20220215,TURKEY,TUR,SYRIA,SYR,190,재래식 군사력 사용,19,4,-10.0,2,1,2,-8.57142857142857,Turkey,TU,https://www.haberx.com/post/729103/turkish-forces-eliminate-10-ypg-pkk-terrorists-in-northern-syria
20220215,1028445882,20220215,TURKISH,TUR,SYRIAN,SYR,190,재래식 군사력 사용,19,4,-10.0,6,1,6,-8.57142857142857,Turkey,TU,https://www.haberx.com/post/729103/turkish-forces-eliminate-10-ypg-pkk-terrorists-in-northern-syria
20220215,1028447874,20220215,JORDANIAN,JOR,SAUDI ARABIA,SAU,190,재래식 군사력 사용,19,4,-10.0,2,1,2,-7.94701986754963,"Jazan, Jizan, Saudi Arabia",SA,https://gulfnews.com/world/gulf/saudi/jordanian-executed-for-murdering-man-in-saudi-arabia-1.85735993
20220215,1028447875,20220215,JORDANIAN,JOR,SAUDI ARABIA,SAU,190,재래식 군사력 사용,19,4,-10.0,6,1,6,-7.94701986754963,Jordan,JO,https://gulfnews.com/world/gulf/saudi/jordanian-executed-for-murdering-man-in-saudi-arabia-1.85735993
20220215,1028448105,20220215,PALESTINIAN,PSE,ISRAEL,ISR,193,소형무기·경무기를 이용한 전투,19,4,-10.0,2,2,2,-4.76247504990021,West Bank,WE,https://www.michigansthumb.com/news/article/Palestinian-reported-killed-by-Israeli-fire-in-16919967.php
20220215,1028455886,20220215,MANAMA,BHR,JERUSALEM,ISR,190,재래식 군사력 사용,19,4,-10.0,10,1,10,0.0,"Sheikh Jarrah, Yerushalayim, Israel",IS,https://www.timesofisrael.com/liveblog_entry/sheikh-jarrah-clashes-could-lead-to-regional-escalation-says-government-official/
20220215,1028456423,20220215,ISRAEL,ISR,BAHRAIN,BHR,190,재래식 군사력 사용,19,4,-10.0,6,1,6,0.0,"Sheikh Jarrah, Yerushalayim, Israel",IS,https://www.timesofisrael.com/liveblog_entry/sheikh-jarrah-clashes-could-lead-to-regional-escalation-says-government-official/
20220215,1028456424,20220215,ISRAEL,ISR,MANAMA,BHR,190,재래식 군사력 사용,19,4,-10.0,2,1,2,0.0,"Manama, Al Manamah, Bahrain",BA,https://www.timesofisrael.com/liveblog_entry/sheikh-jarrah-clashes-could-lead-to-regional-escalation-says-government-official/
20220215,1028456425,20220215,JERUSALEM,ISR,MANAMA,BHR,190,재래식 군사력 사용,19,4,-10.0,2,1,2,0.0,"Sheikh Jarrah, Yerushalayim, Israel",IS,https://www.timesofisrael.com/liveblog_entry/sheikh-jarrah-clashes-could-lead-to-regional-escalation-says-government-official/
20220215,1028458885,20220215,ISRAEL,ISR,WEST BANK,PSE,190,재래식 군사력 사용,19,4,-10.0,1,1,1,-7.14285714285715,"Silat Al-Harithiya, West Bank (general), West Bank",WE,https://mondoweiss.net/2022/02/israeli-forces-kill-2-palestinian-teens-in-24-hours-5-palestinians-in-a-week/
20220215,1028458886,20220215,ISRAEL,ISR,WEST BANK,PSE,190,재래식 군사력 사용,19,4,-10.0,1,1,1,-7.14285714285715,"Silat Al-Harithiya, West Bank (general), West Bank",WE,https://mondoweiss.net/2022/02/israeli-forces-kill-2-palestinian-teens-in-24-hours-5-palestinians-in-a-week/
20220215,1028464053,20220215,ISRAELI,ISR,PALESTINIAN,PSE,190,재래식 군사력 사용,19,4,-10.0,5,1,5,-3.5195103289977,"Gaza, Israel (general), Israel",IS,https://www.algemeiner.com/2022/02/15/dutch-universities-move-to-reveal-correspondences-with-israel-supporters-after-demand-by-pro-palestinian-org/
20220215,1028464335,20220215,PALESTINIAN,PSE,ISRAEL,ISR,163,금수·보이콧·제재 부과,16,4,-8.0,6,1,6,-1.44787644787645,Israel,IS,https://forward.com/opinion/482522/how-i-stay-close-to-my-son-while-arguing-over-israel-and-palestine/
20220215,1028469798,20220215,PALESTINIAN,PSE,ISRAELI,ISR,192,영토 점령,19,4,-9.5,2,1,2,-5.8047493403694,"Gaza, Israel (general), Israel",IS,https://www.presstv.ir/Detail/2022/02/15/676910/Palestinian-Islamic-Jihad-movement-Israeli-military-forces-Sheikh-Jarrah
20220215,1028475495,20220214,WEST BANK,PSE,ISRAEL,ISR,190,재래식 군사력 사용,19,4,-10.0,1,1,1,-8.35654596100279,"Nablus, West Bank (general), West Bank",WE,https://www.kuwaittimes.com/zionist-forces-kill-another-palestinian-teen/
20220215,1028476186,20220215,IRAN,IRN,IRAQ,IRQ,190,재래식 군사력 사용,19,4,-10.0,1,1,1,-8.63309352517984,"Magam, Khuzestan, Iran",IR,https://timesofindia.indiatimes.com/india/soldiers-misconduct-stirs-protest-in-jammu-and-kashmirs-budgam/articleshow/89600536.cms
20220215,1028476418,20220215,WEST BANK,PSE,ISRAEL,ISR,190,재래식 군사력 사용,19,4,-10.0,2,1,2,-8.35654596100279,Israel,IS,https://www.kuwaittimes.com/zionist-forces-kill-another-palestinian-teen/
20220215,1028477539,20220215,ISRAEL,ISR,PALESTINIAN,PSE,190,재래식 군사력 사용,19,4,-10.0,1,1,1,-6.91056910569106,Israel,IS,http://jordantimes.com/news/region/israeli-forces-kill-palestinian-w-bank
20220215,1028480343,20220215,ISRAEL,ISR,GAZA,PSE,190,재래식 군사력 사용,19,4,-10.0,3,1,3,-5.4673721340388,"Istanbul, Istanbul, Turkey",TU,https://www.timesofisrael.com/israel-fears-sheikh-jarrah-clashes-could-spiral-into-fighting-with-gaza-again/
20220215,1028480344,20220215,ISRAEL,ISR,GAZA,PSE,190,재래식 군사력 사용,19,4,-10.0,1,1,1,-5.4673721340388,"Jerusalem, Israel (general), Israel",IS,https://www.timesofisrael.com/israel-fears-sheikh-jarrah-clashes-could-spiral-into-fighting-with-gaza-again/
20220215,1028480345,20220215,ISRAEL,ISR,GAZA,PSE,190,재래식 군사력 사용,19,4,-10.0,1,1,1,-5.4673721340388,"Gaza, Israel (general), Israel",IS,https://www.timesofisrael.com/israel-fears-sheikh-jarrah-clashes-could-spiral-into-fighting-with-gaza-again/
20220215,1028480346,20220215,ISRAEL,ISR,GAZA,PSE,190,재래식 군사력 사용,19,4,-10.0,1,1,1,-5.4673721340388,"Jerusalem, Israel (general), Israel",IS,https://www.timesofisrael.com/israel-fears-sheikh-jarrah-clashes-could-spiral-into-fighting-with-gaza-again/
20220215,1028480568,20220215,GAZA,PSE,ISRAEL,ISR,190,재래식 군사력 사용,19,4,-10.0,4,1,4,-5.4673721340388,"Sheikh Jarrah, Yerushalayim, Israel",IS,https://www.timesofisrael.com/israel-fears-sheikh-jarrah-clashes-could-spiral-into-fighting-with-gaza-again/
20220215,1028480569,20220215,GAZA,PSE,ISRAEL,ISR,190,재래식 군사력 사용,19,4,-10.0,1,1,1,-5.4673721340388,"Jerusalem, Israel (general), Israel",IS,https://www.timesofisrael.com/israel-fears-sheikh-jarrah-clashes-could-spiral-into-fighting-with-gaza-again/
20220215,1028480570,20220215,GAZA,PSE,ISRAEL,ISR,190,재래식 군사력 사용,19,4,-10.0,1,1,1,-5.4673721340388,"Jerusalem, Israel (general), Israel",IS,https://www.timesofisrael.com/israel-fears-sheikh-jarrah-clashes-could-spiral-into-fighting-with-gaza-again/
20220215,1028480685,20220215,TURKISH,TUR,SYRIA,SYR,190,재래식 군사력 사용,19,4,-10.0,20,5,20,-2.59142335742755,"Euphrates, Dayr az Zawr, Syria",SY,https://www.europesun.com/news/272301258/turkey-kills-10-ypg-members-in-northern-syria
20220215,1028480686,20220215,TURKISH,TUR,SYRIA,SYR,190,재래식 군사력 사용,19,4,-10.0,32,4,32,-2.66324233042499,"Euphrates, Dayr az Zawr, Syria",SY,https://www.europesun.com/news/272301258/turkey-kills-10-ypg-members-in-northern-syria
20220215,1028480687,20220215,TURKEY,TUR,SYRIA,SYR,190,재래식 군사력 사용,19,4,-10.0,8,4,8,-2.66324233042499,"Euphrates, Dayr az Zawr, Syria",SY,https://www.europesun.com/news/272301258/turkey-kills-10-ypg-members-in-northern-syria
20220215,1028480692,20220215,TURKEY,TUR,SYRIA,SYR,190,재래식 군사력 사용,19,4,-10.0,20,5,20,-2.59142335742755,"Euphrates, Dayr az Zawr, Syria",SY,https://www.europesun.com/news/272301258/turkey-kills-10-ypg-members-in-northern-syria
20220215,1028481839,20220215,ISRAEL,ISR,PALESTINIAN,PSE,190,재래식 군사력 사용,19,4,-10.0,1,1,1,-4.42260442260442,"Aqraba, West Bank (general), West Bank",WE,https://english.almayadeen.net/news/politics/israeli-occupation-forces-kill-palestinian-in-west-bank
20220215,1028482131,20220215,SAUDI,SAU,BAHRAIN,BHR,154,군 병력 동원·증강,15,4,-7.2,2,1,2,1.33928571428572,Bahrain,BA,https://bdnews24.com/world/middle-east/2022/02/16/israeli-leader-meets-bahraini-counterpart-signalling-regional-shift
20220215,1028482164,20220215,TURKISH,TUR,SYRIA,SYR,190,재래식 군사력 사용,19,4,-10.0,10,1,10,-2.30414746543779,"Ankara, Ankara, Turkey",TU,http://www.china.org.cn/world/Off_the_Wire/2022-02/16/content_78051149.htm
20220215,1028492559,20220215,TURKISH,TUR,SYRIA,SYR,193,소형무기·경무기를 이용한 전투,19,4,-10.0,2,1,2,-3.78378378378379,Turkey,TU,http://famagusta-gazette.com/2022/02/15/turkey-kills-4-ypg-members-in-northern-syria-ministry/
20220215,1028492560,20220215,TURKISH,TUR,SYRIA,SYR,193,소형무기·경무기를 이용한 전투,19,4,-10.0,2,1,2,-3.78378378378379,Turkey,TU,http://famagusta-gazette.com/2022/02/15/turkey-kills-4-ypg-members-in-northern-syria-ministry/
20220215,1028492561,20220215,TURKEY,TUR,SYRIA,SYR,193,소형무기·경무기를 이용한 전투,19,4,-10.0,2,1,2,-3.78378378378379,Turkey,TU,http://famagusta-gazette.com/2022/02/15/turkey-kills-4-ypg-members-in-northern-syria-ministry/
20220215,1028492562,20220215,TURKISH,TUR,SYRIA,SYR,193,소형무기·경무기를 이용한 전투,19,4,-10.0,4,1,4,-3.78378378378379,Turkey,TU,http://famagusta-gazette.com/2022/02/15/turkey-kills-4-ypg-members-in-northern-syria-ministry/
20220215,1028494255,20220215,GAZA,PSE,ISRAEL,ISR,194,포병·전차를 이용한 전투,19,4,-10.0,2,1,2,-3.05938812237553,"Jerusalem, Israel (general), Israel",IS,https://www.ynetnews.com/magazine/article/b1zap11tjq
20220215,1028494256,20220215,GAZA,PSE,ISRAEL,ISR,194,포병·전차를 이용한 전투,19,4,-10.0,6,1,6,-3.05938812237553,Gaza Strip,GZ,https://www.ynetnews.com/magazine/article/b1zap11tjq
20220215,1028494257,20220215,GAZA,PSE,ISRAEL,ISR,194,포병·전차를 이용한 전투,19,4,-10.0,2,1,2,-3.05938812237553,Gaza Strip,GZ,https://www.ynetnews.com/magazine/article/b1zap11tjq
20220215,1028495684,20220215,ISRAEL,ISR,SYRIA,SYR,195,공중무기 사용,19,4,-10.0,1,1,1,-3.10204081632653,"Jerusalem, Israel (general), Israel",IS,https://www.al-monitor.com/originals/2022/02/israeli-leadership-caught-between-us-russia-over-ukraine
20220215,1028495685,20220215,ISRAEL,ISR,SYRIA,SYR,195,공중무기 사용,19,4,-10.0,7,1,7,-3.10204081632653,Iran,IR,https://www.al-monitor.com/originals/2022/02/israeli-leadership-caught-between-us-russia-over-ukraine
20220215,1028496998,20220215,IRAN,IRN,ISRAEL,ISR,194,포병·전차를 이용한 전투,19,4,-10.0,1,1,1,-4.50704225352113,"Gaza, Israel (general), Israel",IS,https://www.washingtontimes.com:443/news/2022/feb/15/congress-overdue-to-help-fund-israels-iron-dome/
20220215,1028497025,20220215,ISRAEL,ISR,HAMAS,PSE,194,포병·전차를 이용한 전투,19,4,-10.0,10,1,10,-4.50704225352113,"Gaza, Israel (general), Israel",IS,https://www.washingtontimes.com:443/news/2022/feb/15/congress-overdue-to-help-fund-israels-iron-dome/
20220215,1028497036,20220215,ISRAELI,ISR,PALESTINIAN,PSE,193,소형무기·경무기를 이용한 전투,19,4,-10.0,2,1,2,-7.57225433526011,"Hebron, Israel (general), Israel",IS,https://theintercept.com/2022/02/15/israel-assassination-west-bank-palestine/
20220215,1028497037,20220215,ISRAELI,ISR,PALESTINIAN,PSE,193,소형무기·경무기를 이용한 전투,19,4,-10.0,2,1,2,-7.30676328502415,"Gaza, Israel (general), Israel",IS,https://www.972mag.com/west-bank-assassination-palestinians/
20220215,1028497243,20220215,WEST BANK,PSE,ISRAEL,ISR,193,소형무기·경무기를 이용한 전투,19,4,-10.0,6,1,6,-7.57225433526011,"Hebron, Israel (general), Israel",IS,https://theintercept.com/2022/02/15/israel-assassination-west-bank-palestine/
20220215,1028497244,20220215,WEST BANK,PSE,ISRAEL,ISR,193,소형무기·경무기를 이용한 전투,19,4,-10.0,6,1,6,-7.30676328502415,"Gaza, Israel (general), Israel",IS,https://www.972mag.com/west-bank-assassination-palestinians/
20220215,1028497252,20220215,GAZA,PSE,ISRAEL,ISR,194,포병·전차를 이용한 전투,19,4,-10.0,3,1,3,-4.50704225352113,"Gaza, Israel (general), Israel",IS,https://www.washingtontimes.com:443/news/2022/feb/15/congress-overdue-to-help-fund-israels-iron-dome/
20220216,1028502147,20220216,IRAN,IRN,ISRAEL,ISR,194,포병·전차를 이용한 전투,19,4,-10.0,1,1,1,-4.50704225352113,"Gaza, Israel (general), Israel",IS,https://www.washingtontimes.com/news/2022/feb/15/congress-overdue-to-help-fund-israels-iron-dome/
20220216,1028502161,20220216,ISRAEL,ISR,HAMAS,PSE,194,포병·전차를 이용한 전투,19,4,-10.0,10,1,10,-4.50704225352113,"Gaza, Israel (general), Israel",IS,https://www.washingtontimes.com/news/2022/feb/15/congress-overdue-to-help-fund-israels-iron-dome/
20220216,1028502656,20220216,GAZA,PSE,ISRAEL,ISR,194,포병·전차를 이용한 전투,19,4,-10.0,3,1,3,-4.50704225352113,"Gaza, Israel (general), Israel",IS,https://www.washingtontimes.com/news/2022/feb/15/congress-overdue-to-help-fund-israels-iron-dome/
20220216,1028505853,20220216,ISRAEL,ISR,PALESTINIAN,PSE,190,재래식 군사력 사용,19,4,-10.0,1,1,1,-6.91056910569106,Israel,IS,http://www.jordantimes.com/news/region/israeli-forces-kill-palestinian-w-bank
20220216,1028505854,20220216,ISRAELI,ISR,PALESTINIAN,PSE,190,재래식 군사력 사용,19,4,-10.0,30,7,27,-4.15275754446415,Israel,IS,http://www.jordantimes.com/news/region/israeli-forces-kill-palestinian-w-bank
20220216,1028505855,20220216,ISRAELI,ISR,WEST BANK,PSE,193,소형무기·경무기를 이용한 전투,19,4,-10.0,1,1,1,-6.91056910569106,"Ramallah, West Bank (general), West Bank",WE,http://www.jordantimes.com/news/region/israeli-forces-kill-palestinian-w-bank
20220216,1028505856,20220216,ISRAELI,ISR,WEST BANK,PSE,193,소형무기·경무기를 이용한 전투,19,4,-10.0,1,1,1,-6.91056910569106,Israel,IS,http://www.jordantimes.com/news/region/israeli-forces-kill-palestinian-w-bank
20220216,1028505857,20220216,ISRAELI,ISR,PALESTINIAN,PSE,190,재래식 군사력 사용,19,4,-10.0,2,1,2,-6.91056910569106,Israel,IS,http://www.jordantimes.com/news/region/israeli-forces-kill-palestinian-w-bank
20220216,1028506147,20220216,PALESTINIAN,PSE,ISRAELI,ISR,190,재래식 군사력 사용,19,4,-10.0,11,2,11,-6.23306233062331,Israel,IS,http://www.jordantimes.com/news/region/israeli-forces-kill-palestinian-w-bank
20220216,1028506148,20220216,WEST BANK,PSE,ISRAEL,ISR,190,재래식 군사력 사용,19,4,-10.0,2,1,2,-6.91056910569106,Israel,IS,http://www.jordantimes.com/news/region/israeli-forces-kill-palestinian-w-bank
20220216,1028512538,20220215,WEST BANK,PSE,ISRAEL,ISR,193,소형무기·경무기를 이용한 전투,19,4,-10.0,2,1,2,-6.81818181818182,"Jerusalem, Israel (general), Israel",IS,https://www.gulf-times.com/story/709955/Palestinian-shot-dead-in-West-Bank
20220216,1028513208,20220216,ISRAEL,ISR,WEST BANK,PSE,193,소형무기·경무기를 이용한 전투,19,4,-10.0,4,1,4,-6.81818181818182,"Jerusalem, Israel (general), Israel",IS,https://www.gulf-times.com/story/709955/Palestinian-shot-dead-in-West-Bank
20220216,1028514231,20220216,BAHRAIN,BHR,ISRAELI,ISR,190,재래식 군사력 사용,19,4,-10.0,1,1,1,-7.05882352941176,"Jerusalem, Israel (general), Israel",IS,https://www.i24news.tv/en/news/israel/defense/1644955084-deterioration-in-sheikh-jarrah-could-lead-to-regional-escalation-official
20220216,1028515025,20220216,ISRAELI,ISR,BAHRAIN,BHR,190,재래식 군사력 사용,19,4,-10.0,1,1,1,-7.05882352941176,"Jerusalem, Israel (general), Israel",IS,https://www.i24news.tv/en/news/israel/defense/1644955084-deterioration-in-sheikh-jarrah-could-lead-to-regional-escalation-official
20220216,1028519555,20220216,TURKISH,TUR,SYRIA,SYR,190,재래식 군사력 사용,19,4,-10.0,20,5,20,-2.99171551291621,"Euphrates, Dayr az Zawr, Syria",SY,https://www.arabherald.com/news/272301258/turkey-kills-10-ypg-members-in-northern-syria
20220216,1028519557,20220216,TURKISH,TUR,SYRIA,SYR,190,재래식 군사력 사용,19,4,-10.0,34,4,34,-2.65268786940613,"Euphrates, Dayr az Zawr, Syria",SY,https://www.arabherald.com/news/272301258/turkey-kills-10-ypg-members-in-northern-syria
20220216,1028519558,20220216,TURKEY,TUR,SYRIA,SYR,190,재래식 군사력 사용,19,4,-10.0,6,3,6,-2.64565156206023,"Euphrates, Dayr az Zawr, Syria",SY,https://www.arabherald.com/news/272301258/turkey-kills-10-ypg-members-in-northern-syria
20220216,1028519560,20220216,TURKEY,TUR,SYRIA,SYR,190,재래식 군사력 사용,19,4,-10.0,18,5,18,-2.99171551291621,"Euphrates, Dayr az Zawr, Syria",SY,https://www.arabherald.com/news/272301258/turkey-kills-10-ypg-members-in-northern-syria
20220216,1028525545,20220216,ISRAEL,ISR,PALESTINIAN,PSE,190,재래식 군사력 사용,19,4,-10.0,6,1,6,-5.58712121212122,"Tantura, H_efa, Israel",IS,https://www.thenews.com.pk/print/933987-long-hidden-truths
20220216,1028525546,20220216,ISRAELI,ISR,PALESTINIAN,PSE,192,영토 점령,19,4,-9.5,5,1,5,-5.58712121212122,"Tantura, H_efa, Israel",IS,https://www.thenews.com.pk/print/933987-long-hidden-truths
20220216,1028529490,20220216,ISRAEL,ISR,GAZA,PSE,190,재래식 군사력 사용,19,4,-10.0,2,1,2,-5.55555555555556,Gaza Strip,GZ,http://www.frontpagemag.com/fpm/2022/02/despair-gaza-hugh-fitzgerald/
20220216,1028529491,20220216,ISRAEL,ISR,GAZA,PSE,190,재래식 군사력 사용,19,4,-10.0,2,1,2,-5.55555555555556,Gaza Strip,GZ,http://www.frontpagemag.com/fpm/2022/02/despair-gaza-hugh-fitzgerald/
20220216,1028529492,20220216,ISRAEL,ISR,HAMAS,PSE,190,재래식 군사력 사용,19,4,-10.0,2,1,2,-5.55555555555556,Gaza Strip,GZ,http://www.frontpagemag.com/fpm/2022/02/despair-gaza-hugh-fitzgerald/
20220216,1028529493,20220216,ISRAEL,ISR,HAMAS,PSE,190,재래식 군사력 사용,19,4,-10.0,8,2,8,-6.13598673300166,Israel,IS,http://www.frontpagemag.com/fpm/2022/02/despair-gaza-hugh-fitzgerald/
20220216,1028529693,20220216,GAZA,PSE,ISRAEL,ISR,190,재래식 군사력 사용,19,4,-10.0,2,1,2,-5.55555555555556,Gaza Strip,GZ,http://www.frontpagemag.com/fpm/2022/02/despair-gaza-hugh-fitzgerald/
20220216,1028529694,20220216,GAZA,PSE,ISRAEL,ISR,190,재래식 군사력 사용,19,4,-10.0,2,1,2,-5.55555555555556,Gaza Strip,GZ,http://www.frontpagemag.com/fpm/2022/02/despair-gaza-hugh-fitzgerald/
20220216,1028529695,20220216,GAZA,PSE,ISRAEL,ISR,191,봉쇄·이동 제한,19,4,-9.5,1,1,1,-5.55555555555556,Israel,IS,http://www.frontpagemag.com/fpm/2022/02/despair-gaza-hugh-fitzgerald/
20220216,1028529696,20220216,GAZA,PSE,ISRAEL,ISR,191,봉쇄·이동 제한,19,4,-9.5,1,1,1,-5.55555555555556,Gaza Strip,GZ,http://www.frontpagemag.com/fpm/2022/02/despair-gaza-hugh-fitzgerald/
20220216,1028529697,20220216,GAZA,PSE,ISRAEL,ISR,191,봉쇄·이동 제한,19,4,-9.5,3,1,3,-5.55555555555556,Gaza Strip,GZ,http://www.frontpagemag.com/fpm/2022/02/despair-gaza-hugh-fitzgerald/
20220216,1028529700,20220216,HAMAS,PSE,ISRAEL,ISR,190,재래식 군사력 사용,19,4,-10.0,2,1,2,-5.55555555555556,Gaza Strip,GZ,http://www.frontpagemag.com/fpm/2022/02/despair-gaza-hugh-fitzgerald/
20220216,1028529701,20220216,HAMAS,PSE,ISRAEL,ISR,190,재래식 군사력 사용,19,4,-10.0,6,1,6,-5.55555555555556,Israel,IS,http://www.frontpagemag.com/fpm/2022/02/despair-gaza-hugh-fitzgerald/
20220216,1028544617,20220216,PALESTINIAN,PSE,ISRAELI,ISR,192,영토 점령,19,4,-9.5,2,1,2,-6.01719197707736,"Sheikh Jarrah, Yerushalayim, Israel",IS,https://www.tasnimnews.com/en/news/2022/02/16/2663399/islamic-jihad-israeli-regime-to-pay-price-for-crimes-in-sheikh-jarrah
20220216,1028549204,20220216,ISRAEL,ISR,TURKISH,TUR,190,재래식 군사력 사용,19,4,-10.0,2,1,2,0.58708414872798,"Sedat, Diyarbakir, Turkey",TU,https://www.dawn.com/news/1675348/israeli-president-plans-rare-visit-to-turkey
20220216,1028549205,20220216,ISRAEL,ISR,TURKISH,TUR,190,재래식 군사력 사용,19,4,-10.0,8,1,8,0.58708414872798,"Tel Aviv, Tel Aviv, Israel",IS,https://www.dawn.com/news/1675348/israeli-president-plans-rare-visit-to-turkey
20220216,1028550533,20220216,ISRAELI,ISR,GAZA,PSE,190,재래식 군사력 사용,19,4,-10.0,172,41,172,-7.13588005086118,Turkey,TU,https://www.registercitizen.com/news/article/No-Fauda-Hamas-TV-series-glorifies-fight-16922455.php
20220216,1028550534,20220216,ISRAEL,ISR,HAMAS,PSE,190,재래식 군사력 사용,19,4,-10.0,600,57,600,-7.2300564573408,"Jerusalem, Israel (general), Israel",IS,https://www.registercitizen.com/news/article/No-Fauda-Hamas-TV-series-glorifies-fight-16922455.php
20220216,1028550763,20220216,HAMAS,PSE,ISRAEL,ISR,190,재래식 군사력 사용,19,4,-10.0,480,57,480,-7.2300564573408,"Jerusalem, Israel (general), Israel",IS,https://www.registercitizen.com/news/article/No-Fauda-Hamas-TV-series-glorifies-fight-16922455.php
20220216,1028550764,20220216,HAMAS,PSE,ISRAEL,ISR,190,재래식 군사력 사용,19,4,-10.0,84,40,84,-7.14562820923638,Turkey,TU,https://www.registercitizen.com/news/article/No-Fauda-Hamas-TV-series-glorifies-fight-16922455.php
20220216,1028552773,20220216,IRAN,IRN,SANAA,YEM,192,영토 점령,19,4,-9.5,5,1,5,-7.43440233236151,"Sanaa, Sana', Yemen",YM,https://www.stripes.com/theaters/middle_east/2022-02-16/UN-Yemen-war-escalating-8-million-could-lose-aid-in-March-5036738.html
20220216,1028554000,20220216,ISRAELI,ISR,GAZA,PSE,190,재래식 군사력 사용,19,4,-10.0,80,21,80,-7.00790767006795,"Gaza, Israel (general), Israel",IS,https://statesville.com/news/national/no-fauda-hamas-tv-series-glorifies-fight-against-israel/article_2d70bbb7-91ea-5e51-9cc0-53b8ff67e0ae.html
20220216,1028554177,20220216,HAMAS,PSE,ISRAEL,ISR,190,재래식 군사력 사용,19,4,-10.0,36,17,36,-7.42705570291778,"Gaza, Israel (general), Israel",IS,https://statesville.com/news/national/no-fauda-hamas-tv-series-glorifies-fight-against-israel/article_2d70bbb7-91ea-5e51-9cc0-53b8ff67e0ae.html
20220216,1028564496,20220216,SAUDI,SAU,YEMENI,YEM,195,공중무기 사용,19,4,-10.0,2,1,2,-4.81335952848723,"Sanaa, Sana', Yemen",YM,https://original.antiwar.com/doug-bandow/2022/02/15/biden-administration-goes-all-in-for-saudis-and-emiratis/
20220216,1028564497,20220216,SAUDI,SAU,YEMENI,YEM,195,공중무기 사용,19,4,-10.0,2,1,2,-4.81335952848723,"Riyadh, Ar Riya?, Saudi Arabia",SA,https://original.antiwar.com/doug-bandow/2022/02/15/biden-administration-goes-all-in-for-saudis-and-emiratis/
20220216,1028564498,20220216,SAUDI,SAU,YEMENI,YEM,195,공중무기 사용,19,4,-10.0,3,1,3,-4.81335952848723,"Sanaa, Sana', Yemen",YM,https://original.antiwar.com/doug-bandow/2022/02/15/biden-administration-goes-all-in-for-saudis-and-emiratis/
20220216,1028573720,20220216,ISRAEL,ISR,GAZA,PSE,193,소형무기·경무기를 이용한 전투,19,4,-10.0,4,1,4,-6.34615384615384,"Gaza, Israel (general), Israel",IS,https://www.timesofisrael.com/hamas-tv-series-glorifies-fight-against-israel-but-its-no-fauda/
20220216,1028573920,20220216,PALESTINIAN,PSE,ISRAELI,ISR,190,재래식 군사력 사용,19,4,-10.0,20,5,20,-4.97535661677492,"Gaza, Israel (general), Israel",IS,https://www.timesofisrael.com/hamas-tv-series-glorifies-fight-against-israel-but-its-no-fauda/
20220216,1028573923,20220216,PALESTINIAN,PSE,ISRAELI,ISR,190,재래식 군사력 사용,19,4,-10.0,2,1,2,-6.34615384615384,"Gaza, Israel (general), Israel",IS,https://www.timesofisrael.com/hamas-tv-series-glorifies-fight-against-israel-but-its-no-fauda/
20220216,1028577915,20220216,TEL AVIV,ISR,HAMAS,PSE,138,군사력 사용 위협,13,3,-7.0,3,1,3,-6.42633228840125,"Tel Aviv, Tel Aviv, Israel",IS,https://sputniknews.com/20220216/as-poverty-in-gaza-continues-to-soar-hamas-official-explains-origins-of-the-crisis-1093076736.html
20220216,1028580404,20220216,TURKISH,TUR,SYRIAN,SYR,194,포병·전차를 이용한 전투,19,4,-10.0,3,1,3,-8.76404494382022,"Ankara, Ankara, Turkey",TU,https://eaworldview.com/2022/02/shelling-azaz-northwest-syria/
20220216,1028601295,20220216,SYRIA,SYR,IRAN,IRN,190,재래식 군사력 사용,19,4,-10.0,8,2,8,-8.76859033658293,Syria,SY,https://www.theguardian.com/world/2022/feb/16/human-rights-lawyers-attempt-to-bring-syria-war-crimes-cases-to-icc
20220216,1028606718,20220216,SAUDI,SAU,YEMEN,YEM,190,재래식 군사력 사용,19,4,-10.0,10,1,10,-9.35828877005348,"Riyadh, Ar Riya?, Saudi Arabia",SA,https://en.qantara.de/content/saudi-led-coalition-strikes-target-yemen-capital-after-drone-attack
20220216,1028606719,20220216,SAUDI ARABIA,SAU,YEMEN,YEM,190,재래식 군사력 사용,19,4,-10.0,2,1,2,-9.35828877005348,"Riyadh, Ar Riya?, Saudi Arabia",SA,https://en.qantara.de/content/saudi-led-coalition-strikes-target-yemen-capital-after-drone-attack
20220216,1028606720,20220216,SAUDI,SAU,YEMEN,YEM,190,재래식 군사력 사용,19,4,-10.0,8,1,8,-9.35828877005348,"Sanaa, Sana', Yemen",YM,https://en.qantara.de/content/saudi-led-coalition-strikes-target-yemen-capital-after-drone-attack
20220216,1028619291,20220216,BAHRAINI,BHR,TEL AVIV,ISR,190,재래식 군사력 사용,19,4,-10.0,2,1,2,-6.875,"Manama, Al Manamah, Bahrain",BA,https://www.albawaba.com/news/bahrainis-burn-israeli-flag-protest-bennett%E2%80%99s-visit-1466571
20220216,1028622050,20220216,ISRAELI,ISR,PALESTINIAN,PSE,190,재래식 군사력 사용,19,4,-10.0,2,1,2,-10.0,West Bank,WE,https://english.alaraby.co.uk/news/israelis-arrested-attacking-palestinian-village
20220216,1028622051,20220216,ISRAELI,ISR,PALESTINIAN,PSE,190,재래식 군사력 사용,19,4,-10.0,2,1,2,-10.0,West Bank,WE,https://english.alaraby.co.uk/news/israelis-arrested-attacking-palestinian-village
20220216,1028624445,20220216,ISRAELI,ISR,PALESTINIAN,PSE,190,재래식 군사력 사용,19,4,-10.0,10,1,10,-10.1239669421488,"Tel Aviv, Tel Aviv, Israel",IS,https://www.presstv.ir/Detail/2022/02/16/676946/Israel-Palestinian-assassination-Nablus
20220216,1028624695,20220216,PALESTINIAN,PSE,ISRAELI,ISR,190,재래식 군사력 사용,19,4,-10.0,10,1,10,-10.1239669421488,"Tel Aviv, Tel Aviv, Israel",IS,https://www.presstv.ir/Detail/2022/02/16/676946/Israel-Palestinian-assassination-Nablus
20220216,1028628132,20220216,ISRAEL,ISR,WEST BANK,PSE,190,재래식 군사력 사용,19,4,-10.0,4,1,4,-2.46913580246914,Israel,IS,https://www.democracynow.org/2022/2/16/headlines/israeli_forces_kill_2_palestinian_teenagers_in_west_bank_activists_condemn_us_delegation_to_israel
20220216,1028628133,20220216,ISRAELI,ISR,PALESTINIAN,PSE,193,소형무기·경무기를 이용한 전투,19,4,-10.0,1,1,1,-2.46913580246914,"Jenin, West Bank (general), West Bank",WE,https://www.democracynow.org/2022/2/16/headlines/israeli_forces_kill_2_palestinian_teenagers_in_west_bank_activists_condemn_us_delegation_to_israel
20220216,1028628134,20220216,ISRAELI,ISR,PALESTINIAN,PSE,193,소형무기·경무기를 이용한 전투,19,4,-10.0,7,1,7,-2.46913580246914,Israel,IS,https://www.democracynow.org/2022/2/16/headlines/israeli_forces_kill_2_palestinian_teenagers_in_west_bank_activists_condemn_us_delegation_to_israel
20220216,1028628471,20220216,WEST BANK,PSE,ISRAEL,ISR,190,재래식 군사력 사용,19,4,-10.0,5,1,5,-2.46913580246914,Israel,IS,https://www.democracynow.org/2022/2/16/headlines/israeli_forces_kill_2_palestinian_teenagers_in_west_bank_activists_condemn_us_delegation_to_israel
20220216,1028635871,20220216,ISRAEL,ISR,SYRIAN,SYR,190,재래식 군사력 사용,19,4,-10.0,14,9,14,-3.18586601936559,Israel,IS,https://www.chron.com/news/article/Hezbollah-chief-boasts-of-drones-16923377.php
20220216,1028635872,20220216,ISRAEL,ISR,SYRIAN,SYR,190,재래식 군사력 사용,19,4,-10.0,30,9,30,-3.18586601936559,Israel,IS,https://www.chron.com/news/article/Hezbollah-chief-boasts-of-drones-16923377.php
20220216,1028635890,20220216,HASSAN,JOR,ISRAELI,ISR,138,군사력 사용 위협,13,3,-7.0,12,3,12,-4.06126122117079,"Jerusalem, Israel (general), Israel",IS,https://www.msn.com/en-us/news/world/nasrallah-brags-about-missiles-drones-reminisces-on-1st-lebanese-war/ar-AATWbhS
20220216,1028635891,20220216,HASSAN,JOR,ISRAELI,ISR,138,군사력 사용 위협,13,3,-7.0,8,2,8,-3.47230185453522,"Kfar Kila, Nabatî, Lebanon",LE,https://www.msn.com/en-us/news/world/nasrallah-brags-about-missiles-drones-reminisces-on-1st-lebanese-war/ar-AATWbhS
20220216,1028635950,20220216,LEBANON,LBN,ISRAELI,ISR,138,군사력 사용 위협,13,3,-7.0,2,2,2,-3.47230185453522,"Jerusalem, Israel (general), Israel",IS,https://www.msn.com/en-us/news/world/nasrallah-brags-about-missiles-drones-reminisces-on-1st-lebanese-war/ar-AATWbhS
20220216,1028636160,20220216,SYRIAN,SYR,ISRAEL,ISR,190,재래식 군사력 사용,19,4,-10.0,14,9,14,-3.18586601936559,Israel,IS,https://www.chron.com/news/article/Hezbollah-chief-boasts-of-drones-16923377.php
20220216,1028636163,20220216,SYRIAN,SYR,ISRAEL,ISR,190,재래식 군사력 사용,19,4,-10.0,30,9,30,-3.18586601936559,Israel,IS,https://www.chron.com/news/article/Hezbollah-chief-boasts-of-drones-16923377.php
20220216,1028636189,20220216,TURKISH,TUR,SYRIA,SYR,190,재래식 군사력 사용,19,4,-10.0,10,1,10,-4.34782608695652,"Euphrates, Dayr az Zawr, Syria",SY,https://www.msn.com/en-ph/news/national/turkey-kills-10-rebels/ar-AATWqrf
20220216,1028636191,20220216,TURKEY,TUR,SYRIA,SYR,190,재래식 군사력 사용,19,4,-10.0,2,1,2,-4.34782608695652,"Euphrates, Dayr az Zawr, Syria",SY,https://www.msn.com/en-ph/news/national/turkey-kills-10-rebels/ar-AATWqrf
20220216,1028638232,20220216,ISRAEL,ISR,SYRIAN,SYR,190,재래식 군사력 사용,19,4,-10.0,6,5,6,-3.30691546861361,Israel,IS,https://apnews.com/ccc4740ce222cf944dbff6341e247f52
20220216,1028638736,20220216,SYRIAN,SYR,ISRAEL,ISR,190,재래식 군사력 사용,19,4,-10.0,6,5,6,-3.30691546861361,Israel,IS,https://apnews.com/ccc4740ce222cf944dbff6341e247f52
20220216,1028638767,20220216,TURKEY,TUR,SYRIA,SYR,154,군 병력 동원·증강,15,4,-7.2,1,1,1,-3.57487922705313,Russia,RS,https://www.veteranstoday.com/2022/02/16/the-history-of-al-qaeda-in-syria/
20220216,1028638768,20220216,TURKEY,TUR,SYRIA,SYR,154,군 병력 동원·증강,15,4,-7.2,1,1,1,-3.57487922705313,"Idlib, Idlib, Syria",SY,https://www.veteranstoday.com/2022/02/16/the-history-of-al-qaeda-in-syria/
20220216,1028640083,20220216,ISRAEL,ISR,LEBANON,LBN,190,재래식 군사력 사용,19,4,-10.0,2,1,2,-2.43243243243243,"Jerusalem, Israel (general), Israel",IS,https://www.oann.com/hezbollah-making-drones-can-turn-rockets-into-precision-missiles-nasrallah/
20220216,1028640084,20220216,ISRAEL,ISR,LEBANON,LBN,190,재래식 군사력 사용,19,4,-10.0,8,1,8,-2.43243243243243,"Beirut, Beyrouth, Lebanon",LE,https://www.oann.com/hezbollah-making-drones-can-turn-rockets-into-precision-missiles-nasrallah/
20220216,1028642438,20220216,ISRAEL,ISR,IRAN,IRN,190,재래식 군사력 사용,19,4,-10.0,1,1,1,-3.01302931596091,"Kremlin, Moskva, Russia",RS,https://www.haaretz.com/middle-east-news/.premium-if-israel-strikes-iran-a-trophy-and-trouble-awaits-1.10613141
20220216,1028642439,20220216,ISRAEL,ISR,IRAN,IRN,190,재래식 군사력 사용,19,4,-10.0,2,1,2,-3.01302931596091,"Tehran, Tehran, Iran",IR,https://www.haaretz.com/middle-east-news/.premium-if-israel-strikes-iran-a-trophy-and-trouble-awaits-1.10613141
20220216,1028642440,20220216,ISRAEL,ISR,IRAN,IRN,190,재래식 군사력 사용,19,4,-10.0,3,1,2,-3.01302931596091,"Tehran, Tehran, Iran",IR,https://www.haaretz.com/middle-east-news/.premium-if-israel-strikes-iran-a-trophy-and-trouble-awaits-1.10613141
20220216,1028642441,20220216,ISRAELI,ISR,IRAN,IRN,190,재래식 군사력 사용,19,4,-10.0,12,1,6,-3.01302931596091,Israel,IS,https://www.haaretz.com/middle-east-news/.premium-if-israel-strikes-iran-a-trophy-and-trouble-awaits-1.10613141
20220216,1028642444,20220216,ISRAEL,ISR,LEBANON,LBN,193,소형무기·경무기를 이용한 전투,19,4,-10.0,2,1,2,-2.51572327044025,Israel,IS,https://www.ynetnews.com/article/ryz5j991q
20220216,1028642445,20220216,ISRAELI,ISR,LEBANON,LBN,193,소형무기·경무기를 이용한 전투,19,4,-10.0,3,1,3,-2.51572327044025,Israel,IS,https://www.ynetnews.com/article/ryz5j991q
20220216,1028642446,20220216,ISRAEL,ISR,LEBANON,LBN,193,소형무기·경무기를 이용한 전투,19,4,-10.0,2,1,2,-2.51572327044025,Lebanon,LE,https://www.ynetnews.com/article/ryz5j991q
20220216,1028650445,20220216,TEHRAN,IRN,QATAR,QAT,163,금수·보이콧·제재 부과,16,4,-8.0,1,1,1,-2.91428571428571,"Doha, Ad Daw?ah, Qatar",QA,https://www.cnn.com/2022/02/16/middleeast/mideast-summary-02-16-2022-intl/
20220216,1028650446,20220216,TEHRAN,IRN,DOHA,QAT,163,금수·보이콧·제재 부과,16,4,-8.0,35,7,35,-2.99334114927177,"Doha, Ad Daw?ah, Qatar",QA,https://www.cnn.com/2022/02/16/middleeast/mideast-summary-02-16-2022-intl/
20220216,1028650447,20220216,IRAN,IRN,QATAR,QAT,163,금수·보이콧·제재 부과,16,4,-8.0,14,7,14,-2.99334114927177,"Doha, Ad Daw?ah, Qatar",QA,https://www.cnn.com/2022/02/16/middleeast/mideast-summary-02-16-2022-intl/
20220216,1028654907,20220216,IRAN,IRN,ISRAEL,ISR,138,군사력 사용 위협,13,3,-7.0,2,1,2,-5.23917995444191,Iran,IR,https://www.timesofisrael.com/nasrallah-claims-hezbollah-can-turn-rockets-into-precision-weapons-with-irans-help/
20220216,1028654932,20220216,ISRAELI,ISR,IRAN,IRN,190,재래식 군사력 사용,19,4,-10.0,1,1,1,-5.23917995444191,"Jerusalem, Israel (general), Israel",IS,https://www.timesofisrael.com/nasrallah-claims-hezbollah-can-turn-rockets-into-precision-weapons-with-irans-help/
20220216,1028654936,20220216,ISRAELI,ISR,HASSAN,JOR,190,재래식 군사력 사용,19,4,-10.0,6,1,6,-5.23917995444191,"Jerusalem, Israel (general), Israel",IS,https://www.timesofisrael.com/nasrallah-claims-hezbollah-can-turn-rockets-into-precision-weapons-with-irans-help/
20220216,1028654940,20220216,ISRAELI,ISR,GAZA,PSE,154,군 병력 동원·증강,15,4,-7.2,2,1,2,-4.40758293838862,"Jerusalem, Israel (general), Israel",IS,https://jewishcurrents.org/in-protests-the-naqab-affirms-its-palestinian-national-identity
20220216,1028654941,20220216,ISRAELI,ISR,GAZA,PSE,154,군 병력 동원·증강,15,4,-7.2,2,1,2,-4.40758293838862,"Gaza, Israel (general), Israel",IS,https://jewishcurrents.org/in-protests-the-naqab-affirms-its-palestinian-national-identity
20220216,1028654951,20220216,ISRAELI,ISR,GAZA,PSE,154,군 병력 동원·증강,15,4,-7.2,1,1,1,-4.40758293838862,"Gaza, Israel (general), Israel",IS,https://jewishcurrents.org/in-protests-the-naqab-affirms-its-palestinian-national-identity
20220216,1028654979,20220216,HASSAN,JOR,ISRAEL,ISR,138,군사력 사용 위협,13,3,-7.0,2,1,2,-5.23917995444191,Iran,IR,https://www.timesofisrael.com/nasrallah-claims-hezbollah-can-turn-rockets-into-precision-weapons-with-irans-help/
20220216,1028655035,20220216,BEIRUT,LBN,ISRAEL,ISR,190,재래식 군사력 사용,19,4,-10.0,2,1,2,-5.23917995444191,"Jerusalem, Israel (general), Israel",IS,https://www.timesofisrael.com/nasrallah-claims-hezbollah-can-turn-rockets-into-precision-weapons-with-irans-help/
20220216,1028655036,20220216,BEIRUT,LBN,ISRAEL,ISR,190,재래식 군사력 사용,19,4,-10.0,8,1,8,-5.23917995444191,"Beirut, Beyrouth, Lebanon",LE,https://www.timesofisrael.com/nasrallah-claims-hezbollah-can-turn-rockets-into-precision-weapons-with-irans-help/
20220216,1028657093,20220216,EGYPT,EGY,ISRAEL,ISR,163,금수·보이콧·제재 부과,16,4,-8.0,8,1,8,-4.41051738761662,"Gaza, Israel (general), Israel",IS,https://mondoweiss.net/2022/02/the-first-u-s-israeli-showdown-in-1957-and-the-next-one/
20220216,1028657094,20220216,EGYPT,EGY,ISRAEL,ISR,163,금수·보이콧·제재 부과,16,4,-8.0,2,1,2,-4.41051738761662,"Gaza, Israel (general), Israel",IS,https://mondoweiss.net/2022/02/the-first-u-s-israeli-showdown-in-1957-and-the-next-one/
20220216,1028657354,20220216,ISRAEL,ISR,EGYPT,EGY,190,재래식 군사력 사용,19,4,-10.0,2,1,2,-4.41051738761662,"Moscow, Moskva, Russia",RS,https://mondoweiss.net/2022/02/the-first-u-s-israeli-showdown-in-1957-and-the-next-one/
20220216,1028657355,20220216,ISRAEL,ISR,EGYPT,EGY,190,재래식 군사력 사용,19,4,-10.0,8,1,8,-4.41051738761662,"Tel Aviv, Tel Aviv, Israel",IS,https://mondoweiss.net/2022/02/the-first-u-s-israeli-showdown-in-1957-and-the-next-one/
20220216,1028657382,20220216,ISRAEL,ISR,PALESTINIAN,PSE,190,재래식 군사력 사용,19,4,-10.0,2,1,2,-4.41051738761662,"Washington, District of Columbia, United States",US,https://mondoweiss.net/2022/02/the-first-u-s-israeli-showdown-in-1957-and-the-next-one/
20220216,1028657419,20220216,JORDAN,JOR,ISRAELI,ISR,190,재래식 군사력 사용,19,4,-10.0,1,1,1,-4.41051738761662,"Tel Aviv, Tel Aviv, Israel",IS,https://mondoweiss.net/2022/02/the-first-u-s-israeli-showdown-in-1957-and-the-next-one/
20220216,1028657420,20220216,JORDAN,JOR,ISRAELI,ISR,190,재래식 군사력 사용,19,4,-10.0,1,1,1,-4.41051738761662,"Qibya, West Bank (general), West Bank",WE,https://mondoweiss.net/2022/02/the-first-u-s-israeli-showdown-in-1957-and-the-next-one/
20220216,1028657633,20220216,PALESTINE,PSE,ISRAEL,ISR,163,금수·보이콧·제재 부과,16,4,-8.0,4,1,4,-3.51157222665602,"Nesher, H_efa, Israel",IS,https://mondoweiss.net/2022/02/bulldozers-repulsed-from-the-muslim-cemetery-in-balad-a-sheikh/
20220216,1028662029,20220216,IRANIAN,IRN,LEBANON,LBN,190,재래식 군사력 사용,19,4,-10.0,7,1,7,-8.25892857142857,Bangladesh,BG,https://www.arabnews.com/node/2026241/middle-east
20220216,1028662057,20220216,ISRAELI,ISR,GAZA,PSE,190,재래식 군사력 사용,19,4,-10.0,8,1,8,-3.69565217391304,"Gaza, Israel (general), Israel",IS,https://www.algemeiner.com/2022/02/16/hamas-producing-fictional-tv-show-that-portrays-its-fighters-as-heroes-features-palestinian-viewpoint/
20220216,1028664511,20220216,ISRAELI,ISR,IRAN,IRN,190,재래식 군사력 사용,19,4,-10.0,8,1,8,-4.62962962962963,Iran,IR,https://www.haaretz.com/middle-east-news/.premium.HIGHLIGHT-if-israel-strikes-iran-a-trophy-and-trouble-awaits-1.10613141
20220216,1028664771,20220216,PALESTINE,PSE,ISRAEL,ISR,190,재래식 군사력 사용,19,4,-10.0,4,1,4,2.36486486486486,"Texas, United States",US,https://www.kens5.com/article/features/love-in-texas-palestine-police-officer-beats-covid-19-marries-fiance-in-hospital/501-4c24c11c-93b4-4e13-99d2-fd9e5c297cf1
20220216,1028664895,20220216,TURKEY,TUR,SYRIA,SYR,154,군 병력 동원·증강,15,4,-7.2,8,1,8,-4.57380457380458,"Ankara, Ankara, Turkey",TU,https://www.presstv.ir/Detail/2022/02/16/676969/Presence-US-Turkish-forces-Syria-violate-international-laws-
20220216,1028664896,20220216,TURKEY,TUR,SYRIA,SYR,154,군 병력 동원·증강,15,4,-7.2,2,1,2,-4.57380457380458,United States,US,https://www.presstv.ir/Detail/2022/02/16/676969/Presence-US-Turkish-forces-Syria-violate-international-laws-
20220216,1028666945,20220216,PALESTINIAN,PSE,ISRAELI,ISR,138,군사력 사용 위협,13,3,-7.0,2,1,2,-7.0945945945946,"Gaza, Israel (general), Israel",IS,https://www.presstv.ir/Detail/2022/02/16/676974/Palestinian-factions-Israel-will-pay-price-for-crimes-al-Quds
20220216,1028666946,20220216,PALESTINIAN,PSE,ISRAELI,ISR,138,군사력 사용 위협,13,3,-7.0,2,1,2,-7.0945945945946,"Gaza, Israel (general), Israel",IS,https://www.presstv.ir/Detail/2022/02/16/676974/Palestinian-factions-Israel-will-pay-price-for-crimes-al-Quds
20220216,1028666947,20220216,PALESTINIAN,PSE,ISRAELI,ISR,138,군사력 사용 위협,13,3,-7.0,2,1,2,-7.0945945945946,West Bank,WE,https://www.presstv.ir/Detail/2022/02/16/676974/Palestinian-factions-Israel-will-pay-price-for-crimes-al-Quds
20220216,1028668832,20220216,TEHRAN,IRN,QATAR,QAT,163,금수·보이콧·제재 부과,16,4,-8.0,5,5,5,-3.05362323710947,"Doha, Ad Daw?ah, Qatar",QA,https://kvia.com/news/us-world/cnn-europe-mideast-africa/2022/02/16/why-the-us-may-find-itself-forced-back-into-the-middle-east/
20220216,1028668851,20220216,ISRAEL,ISR,HAMAS,PSE,190,재래식 군사력 사용,19,4,-10.0,4,1,4,-7.66182298546896,"Jerusalem, Israel (general), Israel",IS,https://www.timesofisrael.com/hamas-terrorist-dies-in-gaza-tunnel-collapse-latest-in-series-of-incidents/
20220216,1028670967,20220216,LEBANESE,LBN,PALESTINIAN,PSE,190,재래식 군사력 사용,19,4,-10.0,1,1,1,-5.35298681148177,"Aidoun, ?amah, Syria",SY,https://www.mintpressnews.com/why-palestinian-refugees-lebanon-see-no-end-suffering/279689/
20220216,1028670968,20220216,LEBANESE,LBN,PALESTINIAN,PSE,190,재래식 군사력 사용,19,4,-10.0,1,1,1,-5.35298681148177,"Al-Maragha, Saudi Arabia (general), Saudi Arabia",SA,https://www.mintpressnews.com/why-palestinian-refugees-lebanon-see-no-end-suffering/279689/
20220216,1028674969,20220216,IRAN,IRN,HASSAN,JOR,190,재래식 군사력 사용,19,4,-10.0,3,1,3,-4.27852348993288,"Khuzestan, Khuzestan, Iran",IR,https://observers.france24.com/en/asia-pacific/20220216-femicide-iran-honour-killing-beheading
20220216,1028674982,20220216,IRAN,IRN,TURKEY,TUR,190,재래식 군사력 사용,19,4,-10.0,2,1,2,-4.27852348993288,"Khuzestan, Khuzestan, Iran",IR,https://observers.france24.com/en/asia-pacific/20220216-femicide-iran-honour-killing-beheading
20220216,1028680989,20220216,ISRAEL,ISR,LEBANON,LBN,190,재래식 군사력 사용,19,4,-10.0,2,1,2,-5.0,Israel,IS,https://tribune.com.pk/story/2343850/hezbollah-can-turn-rockets-into-precision-missiles-make-drones
20220216,1028680990,20220216,ISRAEL,ISR,LEBANON,LBN,190,재래식 군사력 사용,19,4,-10.0,8,1,8,-5.0,Israel,IS,https://tribune.com.pk/story/2343850/hezbollah-can-turn-rockets-into-precision-missiles-make-drones
20220216,1028684947,20220216,ISRAEL,ISR,HAMAS,PSE,190,재래식 군사력 사용,19,4,-10.0,2,1,2,-6.71641791044776,"Philippine, Benguet, Philippines",RP,https://newsinfo.inquirer.net/1555786/hamas-denies-plot-vs-israelis-in-ph
20220216,1028684948,20220216,ISRAELI,ISR,HAMAS,PSE,190,재래식 군사력 사용,19,4,-10.0,4,1,4,-6.71641791044776,Israel,IS,https://newsinfo.inquirer.net/1555786/hamas-denies-plot-vs-israelis-in-ph
20220216,1028695602,20220216,TEHRAN,IRN,QATAR,QAT,163,금수·보이콧·제재 부과,16,4,-8.0,1,1,1,-2.77098614506928,"Doha, Ad Daw?ah, Qatar",QA,https://localnews8.com/news/national-world/cnn-europe-mideast-africa/2022/02/16/why-the-us-may-find-itself-forced-back-into-the-middle-east/
20220216,1028697545,20220216,SYRIAN,SYR,ISRAEL,ISR,190,재래식 군사력 사용,19,4,-10.0,2,1,2,-6.50887573964497,"Wadi Ara, H_efa, Israel",IS,https://www.israelnationalnews.com/news/322408
20220216,1028697546,20220216,SYRIAN,SYR,ISRAEL,ISR,190,재래식 군사력 사용,19,4,-10.0,2,1,2,-9.23076923076923,Israel,IS,https://www.israelnationalnews.com/flashes/567988
20220216,1028697547,20220216,SYRIA,SYR,ISRAELI,ISR,195,공중무기 사용,19,4,-10.0,4,1,4,-6.50887573964497,"Damascus, Dimashq, Syria",SY,https://www.israelnationalnews.com/news/322408
20220216,1028697548,20220216,SYRIAN,SYR,ISRAEL,ISR,195,공중무기 사용,19,4,-10.0,6,1,2,-6.50887573964497,"Wadi Ara, H_efa, Israel",IS,https://www.israelnationalnews.com/news/322408
20220216,1028697549,20220216,SYRIA,SYR,ISRAELI,ISR,195,공중무기 사용,19,4,-10.0,6,1,6,-6.50887573964497,"Damascus, Dimashq, Syria",SY,https://www.israelnationalnews.com/news/322408
20220216,1028697550,20220216,SYRIAN,SYR,ISRAEL,ISR,195,공중무기 사용,19,4,-10.0,6,1,2,-6.50887573964497,"Wadi Ara, H_efa, Israel",IS,https://www.israelnationalnews.com/news/322408
20220217,1028699668,20220217,ISRAEL,ISR,LEBANON,LBN,190,재래식 군사력 사용,19,4,-10.0,8,1,8,-4.10094637223975,"Beirut, Beyrouth, Lebanon",LE,https://www.algemeiner.com/2022/02/16/hezbollah-can-turn-rockets-into-precision-missiles-make-drones-nasrallah/
20220217,1028699669,20220217,ISRAEL,ISR,LEBANON,LBN,190,재래식 군사력 사용,19,4,-10.0,2,1,2,-4.10094637223975,Israel,IS,https://www.algemeiner.com/2022/02/16/hezbollah-can-turn-rockets-into-precision-missiles-make-drones-nasrallah/
20220217,1028700191,20220217,PALESTINIAN,PSE,ISRAEL,ISR,190,재래식 군사력 사용,19,4,-10.0,48,10,48,-0.707388290544271,"Gaza, Israel (general), Israel",IS,https://www.algemeiner.com/2022/02/16/court-orders-pro-palestinian-activist-in-south-africa-to-apologize-to-jewish-community-for-zionists-are-friends-of-hitler-comment/
20220217,1028702209,20220216,PALESTINIAN,PSE,ISRAELI,ISR,193,소형무기·경무기를 이용한 전투,19,4,-10.0,1,1,1,-4.37235543018335,Israel,IS,https://wrp.org.uk/editorials/time-the-tuc-organised-general-strike-action-to-aid-the-establishment-of-palestinian-state/
20220217,1028703072,20220217,IRANIAN,IRN,SYRIA,SYR,154,군 병력 동원·증강,15,4,-7.2,1,1,1,-4.08653846153846,Lebanon,LE,https://www.timesofisrael.com/israel-said-to-target-army-base-near-damascus-used-by-iranian-forces/
20220217,1028703073,20220217,IRANIAN,IRN,SYRIA,SYR,154,군 병력 동원·증강,15,4,-7.2,1,1,1,-4.08653846153846,"Damascus, Dimashq, Syria",SY,https://www.timesofisrael.com/israel-said-to-target-army-base-near-damascus-used-by-iranian-forces/
20220217,1028703084,20220217,ISRAELI,ISR,DAMASCUS,SYR,194,포병·전차를 이용한 전투,19,4,-10.0,57,10,57,-6.55532051282051,"Damascus, Dimashq, Syria",SY,https://www.timesofisrael.com/israel-said-to-target-army-base-near-damascus-used-by-iranian-forces/
20220217,1028703085,20220217,ISRAELI,ISR,DAMASCUS,SYR,194,포병·전차를 이용한 전투,19,4,-10.0,2,1,2,-4.08653846153846,"Golan Heights, Syria (general), Syria",SY,https://www.timesofisrael.com/israel-said-to-target-army-base-near-damascus-used-by-iranian-forces/
20220217,1028703086,20220217,ISRAELI,ISR,DAMASCUS,SYR,194,포병·전차를 이용한 전투,19,4,-10.0,1,1,1,-4.08653846153846,"Damascus, Dimashq, Syria",SY,https://www.timesofisrael.com/israel-said-to-target-army-base-near-damascus-used-by-iranian-forces/
20220217,1028703087,20220217,ISRAEL,ISR,SYRIA,SYR,195,공중무기 사용,19,4,-10.0,2,1,2,-4.08653846153846,"Damascus, Dimashq, Syria",SY,https://www.timesofisrael.com/israel-said-to-target-army-base-near-damascus-used-by-iranian-forces/
20220217,1028703088,20220217,ISRAELI,ISR,DAMASCUS,SYR,195,공중무기 사용,19,4,-10.0,6,1,6,-4.08653846153846,"Umm Al-Fahm, H_efa, Israel",IS,https://www.timesofisrael.com/israel-said-to-target-army-base-near-damascus-used-by-iranian-forces/
20220217,1028703528,20220217,SYRIAN,SYR,ISRAEL,ISR,1383,비정규 폭력 사용 위협,13,3,-7.0,2,1,2,-4.08653846153846,"Damascus, Dimashq, Syria",SY,https://www.timesofisrael.com/israel-said-to-target-army-base-near-damascus-used-by-iranian-forces/
20220217,1028703529,20220217,SYRIAN,SYR,ISRAEL,ISR,1383,비정규 폭력 사용 위협,13,3,-7.0,8,1,8,-4.08653846153846,"Damascus, Dimashq, Syria",SY,https://www.timesofisrael.com/israel-said-to-target-army-base-near-damascus-used-by-iranian-forces/
20220217,1028708507,20220217,BEIRUT,LBN,SYRIAN,SYR,194,포병·전차를 이용한 전투,19,4,-10.0,10,1,10,-6.19469026548673,"Damascus, Dimashq, Syria",SY,https://www.uniindia.com/story/Israel-strikes-Syria-with-Surface-to-surface-missiles
20220217,1028713516,20220217,ISRAEL,ISR,SYRIA,SYR,194,포병·전차를 이용한 전투,19,4,-10.0,16,8,16,-7.08333333333333,"Tel Aviv, Tel Aviv, Israel",IS,https://www.bignewsnetwork.com/news/272306043/israel-fires-missiles-at-syria-reports
20220217,1028713517,20220217,ISRAEL,ISR,SYRIA,SYR,194,포병·전차를 이용한 전투,19,4,-10.0,32,8,32,-7.08333333333333,"Damascus, Dimashq, Syria",SY,https://www.bignewsnetwork.com/news/272306043/israel-fires-missiles-at-syria-reports
20220217,1028713518,20220217,ISRAELI,ISR,DAMASCUS,SYR,194,포병·전차를 이용한 전투,19,4,-10.0,16,8,16,-7.08333333333333,"Damascus, Dimashq, Syria",SY,https://www.bignewsnetwork.com/news/272306043/israel-fires-missiles-at-syria-reports
20220217,1028713519,20220217,ISRAEL,ISR,SYRIA,SYR,194,포병·전차를 이용한 전투,19,4,-10.0,64,8,64,-7.08333333333333,"Tel Aviv, Tel Aviv, Israel",IS,https://www.bignewsnetwork.com/news/272306043/israel-fires-missiles-at-syria-reports
20220217,1028713520,20220217,ISRAEL,ISR,LEBANESE,LBN,194,포병·전차를 이용한 전투,19,4,-10.0,40,8,40,-7.08333333333333,Lebanon,LE,https://www.bignewsnetwork.com/news/272306043/israel-fires-missiles-at-syria-reports
20220217,1028713521,20220217,ISRAEL,ISR,SYRIA,SYR,194,포병·전차를 이용한 전투,19,4,-10.0,80,8,80,-7.08333333333333,"Tel Aviv, Tel Aviv, Israel",IS,https://www.bignewsnetwork.com/news/272306043/israel-fires-missiles-at-syria-reports
20220217,1028717501,20220217,ISRAEL,ISR,SYRIAN,SYR,190,재래식 군사력 사용,19,4,-10.0,8,1,8,-3.80952380952381,"Damascus, Dimashq, Syria",SY,https://www.jpost.com/breaking-news/article-696733
20220217,1028717502,20220217,ISRAEL,ISR,SYRIA,SYR,190,재래식 군사력 사용,19,4,-10.0,2,1,2,-3.80952380952381,"Damascus, Dimashq, Syria",SY,https://www.jpost.com/breaking-news/article-696733
20220217,1028717503,20220217,ISRAEL,ISR,SYRIAN,SYR,194,포병·전차를 이용한 전투,19,4,-10.0,8,1,8,-3.80952380952381,"Umm Al-Fahm, H_efa, Israel",IS,https://www.jpost.com/breaking-news/article-696733
20220217,1028717504,20220217,ISRAEL,ISR,SYRIA,SYR,194,포병·전차를 이용한 전투,19,4,-10.0,2,1,2,-3.80952380952381,"Umm Al-Fahm, H_efa, Israel",IS,https://www.jpost.com/breaking-news/article-696733
20220217,1028717505,20220217,ISRAEL,ISR,SYRIA,SYR,195,공중무기 사용,19,4,-10.0,8,1,8,-3.80952380952381,"Golan Heights, Syria (general), Syria",SY,https://www.jpost.com/breaking-news/article-696733
20220217,1028717506,20220217,ISRAELI,ISR,SYRIAN,SYR,195,공중무기 사용,19,4,-10.0,5,1,5,-3.80952380952381,"Zakiyah, Rif Dimashq, Syria",SY,https://www.jpost.com/breaking-news/article-696733
20220217,1028717513,20220217,ISRAEL,ISR,SANA,YEM,195,공중무기 사용,19,4,-10.0,1,1,1,-3.80952380952381,"Golan Heights, Syria (general), Syria",SY,https://www.jpost.com/breaking-news/article-696733
20220217,1028717778,20220217,SYRIAN,SYR,ISRAEL,ISR,195,공중무기 사용,19,4,-10.0,2,1,2,-3.80952380952381,"Damascus, Dimashq, Syria",SY,https://www.jpost.com/breaking-news/article-696733
20220217,1028721220,20220217,PALESTINIAN,PSE,ISRAELI,ISR,190,재래식 군사력 사용,19,4,-10.0,3,1,3,-3.89380530973452,"Kfar Saba, HaMerkaz, Israel",IS,https://www.jpost.com/christianworld/article-696737
20220217,1028722573,20220217,DAMASCUS,SYR,ISRAELI,ISR,194,포병·전차를 이용한 전투,19,4,-10.0,12,5,12,-7.65826330532213,Israel,IS,https://www.bignewsnetwork.com/news/272306221/israel-fires-missiles-on-military-sites-near-syrian-capital
20220217,1028726053,20220217,ISRAEL,ISR,SINAI PENINSULA,EGY,190,재래식 군사력 사용,19,4,-10.0,1,1,1,1.31477184841454,"Gaza, Israel (general), Israel",IS,http://www.frontpagemag.com/fpm/2022/02/has-israel-finally-secured-peace-its-arab-joseph-puder/
20220217,1028726054,20220217,ISRAEL,ISR,SINAI PENINSULA,EGY,190,재래식 군사력 사용,19,4,-10.0,8,2,8,1.34809966173605,"Gaza, Israel (general), Israel",IS,http://www.frontpagemag.com/fpm/2022/02/has-israel-finally-secured-peace-its-arab-joseph-puder/
20220217,1028727752,20220217,IRANIAN,IRN,SYRIAN,SYR,190,재래식 군사력 사용,19,4,-10.0,2,1,2,-5.28169014084507,"Damascus, Dimashq, Syria",SY,https://www.archyde.com/israeli-missile-strikes-on-the-vicinity-of-damascus/
20220217,1028729570,20220217,ISRAELI,ISR,SYRIA,SYR,190,재래식 군사력 사용,19,4,-10.0,38,9,38,-6.44117226348309,"Golan Heights, Syria (general), Syria",SY,https://www.ndtv.com/world-news/israel-launches-missile-attack-at-syrias-damascus-2772932
20220217,1028729571,20220217,ISRAELI,ISR,SYRIA,SYR,190,재래식 군사력 사용,19,4,-10.0,24,6,24,-5.85467578905827,"Golan Heights, Syria (general), Syria",SY,https://www.ndtv.com/world-news/israel-launches-missile-attack-at-syrias-damascus-2772932
20220217,1028729572,20220217,ISRAELI,ISR,SYRIA,SYR,190,재래식 군사력 사용,19,4,-10.0,6,6,6,-5.85467578905827,Israel,IS,https://www.ndtv.com/world-news/israel-launches-missile-attack-at-syrias-damascus-2772932
20220217,1028729573,20220217,ISRAELI,ISR,SYRIA,SYR,194,포병·전차를 이용한 전투,19,4,-10.0,6,5,6,-5.89885038348964,Iran,IR,https://www.ndtv.com/world-news/israel-launches-missile-attack-at-syrias-damascus-2772932
20220217,1028729574,20220217,ISRAELI,ISR,SYRIA,SYR,194,포병·전차를 이용한 전투,19,4,-10.0,4,4,4,-5.92619455830942,Iran,IR,https://www.ndtv.com/world-news/israel-launches-missile-attack-at-syrias-damascus-2772932
20220217,1028729575,20220217,ISRAELI,ISR,SYRIA,SYR,194,포병·전차를 이용한 전투,19,4,-10.0,58,7,58,-5.86953536492092,"Golan Heights, Syria (general), Syria",SY,https://www.ndtv.com/world-news/israel-launches-missile-attack-at-syrias-damascus-2772932
20220217,1028734244,20220217,ISRAEL,ISR,PALESTINIAN,PSE,190,재래식 군사력 사용,19,4,-10.0,2,1,2,-8.12286689419795,"Jenin, West Bank (general), West Bank",WE,https://dissidentvoice.org/2022/02/criminal-cold-blooded-assassination-of-palestinian-resistance-fighters/
20220217,1028734245,20220217,ISRAEL,ISR,PALESTINIAN,PSE,190,재래식 군사력 사용,19,4,-10.0,2,1,2,-8.12286689419795,"Jerusalem, Israel (general), Israel",IS,https://dissidentvoice.org/2022/02/criminal-cold-blooded-assassination-of-palestinian-resistance-fighters/
20220217,1028734400,20220217,PALESTINIAN,PSE,ISRAEL,ISR,190,재래식 군사력 사용,19,4,-10.0,1,1,1,-8.12286689419795,"Jenin, West Bank (general), West Bank",WE,https://dissidentvoice.org/2022/02/criminal-cold-blooded-assassination-of-palestinian-resistance-fighters/
20220217,1028734401,20220217,PALESTINIAN,PSE,ISRAEL,ISR,190,재래식 군사력 사용,19,4,-10.0,1,1,1,-8.12286689419795,"Jerusalem, Israel (general), Israel",IS,https://dissidentvoice.org/2022/02/criminal-cold-blooded-assassination-of-palestinian-resistance-fighters/
20220217,1028736481,20220217,ISRAELI,ISR,PALESTINIAN,PSE,190,재래식 군사력 사용,19,4,-10.0,31,2,22,-6.17556082765248,Israel,IS,https://menafn.com/1103713974/UK-Israeli-forces-kill-Palestinian-in-W-Bank&source=28
20220217,1028736482,20220217,ISRAELI,ISR,WEST BANK,PSE,193,소형무기·경무기를 이용한 전투,19,4,-10.0,3,1,3,-6.84104627766599,"Ramallah, West Bank (general), West Bank",WE,https://menafn.com/1103713974/UK-Israeli-forces-kill-Palestinian-in-W-Bank&source=28
20220217,1028736483,20220217,ISRAELI,ISR,WEST BANK,PSE,193,소형무기·경무기를 이용한 전투,19,4,-10.0,3,1,3,-6.84104627766599,Israel,IS,https://menafn.com/1103713974/UK-Israeli-forces-kill-Palestinian-in-W-Bank&source=28
20220217,1028736484,20220217,ISRAELI,ISR,PALESTINIAN,PSE,190,재래식 군사력 사용,19,4,-10.0,6,1,6,-6.84104627766599,Israel,IS,https://menafn.com/1103713974/UK-Israeli-forces-kill-Palestinian-in-W-Bank&source=28
20220217,1028736485,20220217,ISRAEL,ISR,DAMASCUS,SYR,195,공중무기 사용,19,4,-10.0,4,1,4,-7.05882352941176,"Jenin, West Bank (general), West Bank",WE,https://www.haaretz.com/israel-news/.premium-syria-israel-attacks-targets-in-southern-damascus-overnight-1.10617237
20220217,1028736486,20220217,ISRAEL,ISR,SYRIA,SYR,195,공중무기 사용,19,4,-10.0,1,1,1,-7.05882352941176,"Jenin, West Bank (general), West Bank",WE,https://www.haaretz.com/israel-news/.premium-syria-israel-attacks-targets-in-southern-damascus-overnight-1.10617237
20220217,1028736675,20220217,PALESTINIAN,PSE,ISRAELI,ISR,190,재래식 군사력 사용,19,4,-10.0,19,2,19,-6.17556082765248,Israel,IS,https://menafn.com/1103713974/UK-Israeli-forces-kill-Palestinian-in-W-Bank&source=28
20220217,1028736676,20220217,WEST BANK,PSE,ISRAEL,ISR,190,재래식 군사력 사용,19,4,-10.0,6,1,6,-6.84104627766599,Israel,IS,https://menafn.com/1103713974/UK-Israeli-forces-kill-Palestinian-in-W-Bank&source=28
20220217,1028736737,20220217,SYRIA,SYR,ISRAELI,ISR,190,재래식 군사력 사용,19,4,-10.0,5,1,5,-7.05882352941176,"Damascus, Dimashq, Syria",SY,https://www.haaretz.com/israel-news/.premium-syria-israel-attacks-targets-in-southern-damascus-overnight-1.10617237
20220217,1028738332,20220217,ISRAELI,ISR,SYRIAN,SYR,190,재래식 군사력 사용,19,4,-10.0,2,1,2,-11.25,"Golan Heights, Syria (general), Syria",SY,https://www.presstv.ir/Detail/2022/02/17/676986/Syria-repels-Israeli-attack-on-Damascus-countryside
20220217,1028738333,20220217,ISRAEL,ISR,SYRIA,SYR,190,재래식 군사력 사용,19,4,-10.0,8,1,8,-11.25,"Tel Aviv, Tel Aviv, Israel",IS,https://www.presstv.ir/Detail/2022/02/17/676986/Syria-repels-Israeli-attack-on-Damascus-countryside
20220217,1028738334,20220217,ISRAELI,ISR,SYRIA,SYR,190,재래식 군사력 사용,19,4,-10.0,4,1,4,-11.25,"Damascus, Dimashq, Syria",SY,https://www.presstv.ir/Detail/2022/02/17/676986/Syria-repels-Israeli-attack-on-Damascus-countryside
20220217,1028738335,20220217,ISRAEL,ISR,SYRIA,SYR,190,재래식 군사력 사용,19,4,-10.0,2,1,2,-11.25,"Tel Aviv, Tel Aviv, Israel",IS,https://www.presstv.ir/Detail/2022/02/17/676986/Syria-repels-Israeli-attack-on-Damascus-countryside
20220217,1028738336,20220217,ISRAELI,ISR,SYRIA,SYR,194,포병·전차를 이용한 전투,19,4,-10.0,8,1,8,-4.27046263345196,Iran,IR,https://www.msn.com/en-ae/news/middleeast/israel-launches-missile-strikes-on-syrian-town-south-of-damascus/ar-AATYiRZ
20220217,1028738337,20220217,ISRAELI,ISR,SYRIA,SYR,194,포병·전차를 이용한 전투,19,4,-10.0,2,1,2,-4.27046263345196,Iran,IR,https://www.msn.com/en-ae/news/middleeast/israel-launches-missile-strikes-on-syrian-town-south-of-damascus/ar-AATYiRZ
20220217,1028738340,20220217,ISRAEL,ISR,SYRIA,SYR,190,재래식 군사력 사용,19,4,-10.0,2,1,2,-11.25,"Golan Heights, Syria (general), Syria",SY,https://www.presstv.ir/Detail/2022/02/17/676986/Syria-repels-Israeli-attack-on-Damascus-countryside
20220217,1028738341,20220217,ISRAELI,ISR,SYRIAN,SYR,190,재래식 군사력 사용,19,4,-10.0,4,1,4,-11.25,"Golan Heights, Syria (general), Syria",SY,https://www.presstv.ir/Detail/2022/02/17/676986/Syria-repels-Israeli-attack-on-Damascus-countryside
20220217,1028738342,20220217,ISRAELI,ISR,SYRIA,SYR,190,재래식 군사력 사용,19,4,-10.0,6,1,6,-11.25,"Damascus, Dimashq, Syria",SY,https://www.presstv.ir/Detail/2022/02/17/676986/Syria-repels-Israeli-attack-on-Damascus-countryside
20220217,1028738596,20220217,SYRIAN,SYR,ISRAELI,ISR,190,재래식 군사력 사용,19,4,-10.0,8,1,8,-11.25,"Tel Aviv, Tel Aviv, Israel",IS,https://www.presstv.ir/Detail/2022/02/17/676986/Syria-repels-Israeli-attack-on-Damascus-countryside
20220217,1028738597,20220217,SYRIA,SYR,ISRAELI,ISR,190,재래식 군사력 사용,19,4,-10.0,4,1,4,-11.25,"Tel Aviv, Tel Aviv, Israel",IS,https://www.presstv.ir/Detail/2022/02/17/676986/Syria-repels-Israeli-attack-on-Damascus-countryside
20220217,1028738598,20220217,SYRIA,SYR,ISRAELI,ISR,190,재래식 군사력 사용,19,4,-10.0,6,1,6,-11.25,"Tel Aviv, Tel Aviv, Israel",IS,https://www.presstv.ir/Detail/2022/02/17/676986/Syria-repels-Israeli-attack-on-Damascus-countryside
20220217,1028742892,20220217,IRAQ,IRQ,LEBANESE,LBN,190,재래식 군사력 사용,19,4,-10.0,10,1,10,-5.94594594594595,Iraq,IZ,https://www.mnnonline.org/news/poverty-in-lebanon-heightens-extremist-appeal/
20220217,1028743163,20220217,TURKEY,TUR,ISRAEL,ISR,190,재래식 군사력 사용,19,4,-10.0,1,1,1,-0.57471264367816,"Sedat, Diyarbakir, Turkey",TU,https://www.israelnationalnews.com/news/322420
20220217,1028743164,20220217,TURKEY,TUR,ISRAEL,ISR,190,재래식 군사력 사용,19,4,-10.0,1,1,1,-0.57471264367816,"Gaza, Israel (general), Israel",IS,https://www.israelnationalnews.com/news/322420
20220217,1028750225,20220217,TEHRAN,IRN,QATAR,QAT,163,금수·보이콧·제재 부과,16,4,-8.0,2,1,2,-3.06936771025169,"Doha, Ad Daw?ah, Qatar",QA,https://www.cnnphilippines.com:443/world/2022/2/17/Why-the-US-may-find-itself-forced-back-into-the-Middle-East.html
20220217,1028750226,20220217,TEHRAN,IRN,DOHA,QAT,163,금수·보이콧·제재 부과,16,4,-8.0,10,1,10,-3.06936771025169,"Doha, Ad Daw?ah, Qatar",QA,https://www.cnnphilippines.com:443/world/2022/2/17/Why-the-US-may-find-itself-forced-back-into-the-Middle-East.html
20220217,1028750227,20220217,IRAN,IRN,QATAR,QAT,163,금수·보이콧·제재 부과,16,4,-8.0,4,1,4,-3.06936771025169,"Doha, Ad Daw?ah, Qatar",QA,https://www.cnnphilippines.com:443/world/2022/2/17/Why-the-US-may-find-itself-forced-back-into-the-Middle-East.html
20220217,1028751940,20220217,ISRAEL,ISR,SYRIAN,SYR,190,재래식 군사력 사용,19,4,-10.0,4,1,4,-5.0,Iran,IR,https://news.antiwar.com/2022/02/16/israel-attacks-syrian-army-base-near-damascus/
20220217,1028751941,20220217,ISRAEL,ISR,SYRIAN,SYR,190,재래식 군사력 사용,19,4,-10.0,8,2,8,-5.14550264550265,Israel,IS,https://news.antiwar.com/2022/02/16/israel-attacks-syrian-army-base-near-damascus/
20220217,1028756796,20220217,ISRAELI,ISR,SYRIA,SYR,194,포병·전차를 이용한 전투,19,4,-10.0,2,1,2,-6.99300699300699,"Damascus, Dimashq, Syria",SY,https://www.msn.com/en-us/news/world/israeli-missiles-strike-syrian-town-south-of-damascus/ar-AATYz4N
20220217,1028756797,20220217,ISRAELI,ISR,SYRIA,SYR,194,포병·전차를 이용한 전투,19,4,-10.0,2,1,2,-6.69456066945607,Iran,IR,https://www.aljazeera.com/news/2022/2/17/israel-strikes-town-south-of-damascus-says-syrian-state-media
20220217,1028758724,20220217,ISRAELI,ISR,GAZA,PSE,190,재래식 군사력 사용,19,4,-10.0,4,1,4,-6.99745547073791,Turkey,TU,https://www.timesunion.com/news/article/No-Fauda-Hamas-TV-series-glorifies-fight-16922455.php
20220217,1028758725,20220217,ISRAEL,ISR,HAMAS,PSE,190,재래식 군사력 사용,19,4,-10.0,10,1,10,-6.99745547073791,"Jerusalem, Israel (general), Israel",IS,https://www.timesunion.com/news/article/No-Fauda-Hamas-TV-series-glorifies-fight-16922455.php
20220217,1028758898,20220217,HAMAS,PSE,ISRAEL,ISR,190,재래식 군사력 사용,19,4,-10.0,8,1,8,-6.99745547073791,"Jerusalem, Israel (general), Israel",IS,https://www.timesunion.com/news/article/No-Fauda-Hamas-TV-series-glorifies-fight-16922455.php
20220217,1028758899,20220217,HAMAS,PSE,ISRAEL,ISR,190,재래식 군사력 사용,19,4,-10.0,2,1,2,-6.99745547073791,Turkey,TU,https://www.timesunion.com/news/article/No-Fauda-Hamas-TV-series-glorifies-fight-16922455.php
20220217,1028760346,20220217,ISRAEL,ISR,SYRIAN,SYR,190,재래식 군사력 사용,19,4,-10.0,7,2,7,-3.752688172043,Israel,IS,https://www1.cbn.com/cbnnews/israel/2022/february/hezbollah-chief-boasts-of-drones-precision-guided-missiles
20220217,1028760347,20220217,ISRAEL,ISR,SYRIAN,SYR,190,재래식 군사력 사용,19,4,-10.0,1,1,1,-2.66666666666666,Israel,IS,https://www1.cbn.com/cbnnews/israel/2022/february/hezbollah-chief-boasts-of-drones-precision-guided-missiles
20220217,1028760348,20220217,ISRAEL,ISR,SYRIAN,SYR,190,재래식 군사력 사용,19,4,-10.0,3,1,3,-2.66666666666666,Israel,IS,https://www1.cbn.com/cbnnews/israel/2022/february/hezbollah-chief-boasts-of-drones-precision-guided-missiles
20220217,1028760536,20220217,SYRIAN,SYR,ISRAEL,ISR,190,재래식 군사력 사용,19,4,-10.0,1,1,1,-2.66666666666666,Israel,IS,https://www1.cbn.com/cbnnews/israel/2022/february/hezbollah-chief-boasts-of-drones-precision-guided-missiles
20220217,1028760537,20220217,SYRIAN,SYR,ISRAEL,ISR,190,재래식 군사력 사용,19,4,-10.0,1,1,1,-2.66666666666666,Israel,IS,https://www1.cbn.com/cbnnews/israel/2022/february/hezbollah-chief-boasts-of-drones-precision-guided-missiles
20220217,1028760541,20220217,SYRIAN,SYR,ISRAEL,ISR,190,재래식 군사력 사용,19,4,-10.0,3,1,3,-2.66666666666666,Israel,IS,https://www1.cbn.com/cbnnews/israel/2022/february/hezbollah-chief-boasts-of-drones-precision-guided-missiles
20220217,1028765457,20220217,ISRAELI,ISR,PALESTINIAN,PSE,190,재래식 군사력 사용,19,4,-10.0,49,10,49,-1.08617425350442,"Gaza, Israel (general), Israel",IS,https://www.middleeasteye.net/news/australia-palestine-declare-hamas-terrorist-organisation
20220217,1028767660,20220217,SAUDI,SAU,SANAA,YEM,190,재래식 군사력 사용,19,4,-10.0,6,1,6,-3.62903225806452,"Sanaa, Sana', Yemen",YM,"http://orientxxi.info/magazine/why-the-houthi-drones-struck-abu-dhabi,5378"
20220217,1028767661,20220217,SAUDI,SAU,SANAA,YEM,190,재래식 군사력 사용,19,4,-10.0,1,1,1,-3.62903225806452,"Riyadh, Ar Riya?, Saudi Arabia",SA,"http://orientxxi.info/magazine/why-the-houthi-drones-struck-abu-dhabi,5378"
20220217,1028770416,20220217,ISRAEL,ISR,TURKISH,TUR,190,재래식 군사력 사용,19,4,-10.0,4,1,4,-3.25226044573164,"Gaza, Israel (general), Israel",IS,https://cnsnews.com/article/international/patrick-goodenough/un-human-rights-council-defends-selection-outspoken-israel
20220217,1028770417,20220217,ISRAEL,ISR,TURKISH,TUR,190,재래식 군사력 사용,19,4,-10.0,4,1,4,-3.25226044573164,Turkey,TU,https://cnsnews.com/article/international/patrick-goodenough/un-human-rights-council-defends-selection-outspoken-israel
20220217,1028770422,20220217,ISRAELI,ISR,TURKISH,TUR,190,재래식 군사력 사용,19,4,-10.0,24,1,24,-3.25226044573164,"Jerusalem, Israel (general), Israel",IS,https://cnsnews.com/article/international/patrick-goodenough/un-human-rights-council-defends-selection-outspoken-israel
20220217,1028770867,20220217,TURKISH,TUR,HAMAS,PSE,190,재래식 군사력 사용,19,4,-10.0,4,1,4,-3.25226044573164,"Gaza, Israel (general), Israel",IS,https://cnsnews.com/article/international/patrick-goodenough/un-human-rights-council-defends-selection-outspoken-israel
20220217,1028770868,20220217,TURKISH,TUR,HAMAS,PSE,190,재래식 군사력 사용,19,4,-10.0,4,1,4,-3.25226044573164,"Gaza, Israel (general), Israel",IS,https://cnsnews.com/article/international/patrick-goodenough/un-human-rights-council-defends-selection-outspoken-israel
20220217,1028770870,20220217,TURKISH,TUR,HAMAS,PSE,190,재래식 군사력 사용,19,4,-10.0,24,1,24,-3.25226044573164,"Gaza, Israel (general), Israel",IS,https://cnsnews.com/article/international/patrick-goodenough/un-human-rights-council-defends-selection-outspoken-israel
20220217,1028775600,20220217,ISRAELI,ISR,DAMASCUS,SYR,194,포병·전차를 이용한 전투,19,4,-10.0,3,1,3,-4.8,"Damascus, Dimashq, Syria",SY,https://themedialine.org/headlines/syrian-state-media-israel-fires-missiles-at-base-near-damascus/
20220217,1028775601,20220217,ISRAELI,ISR,SYRIAN,SYR,194,포병·전차를 이용한 전투,19,4,-10.0,3,1,3,-4.8,"Damascus, Dimashq, Syria",SY,https://themedialine.org/headlines/syrian-state-media-israel-fires-missiles-at-base-near-damascus/
20220217,1028775698,20220217,LEBANON,LBN,ISRAELI,ISR,154,군 병력 동원·증강,15,4,-7.2,2,1,2,-3.2520325203252,Israel,IS,https://themedialine.org/headlines/nasrallah-says-hizbullah-can-convert-rockets-to-precision-missiles-thanks-to-iran/
20220217,1028775699,20220217,LEBANON,LBN,ISRAELI,ISR,154,군 병력 동원·증강,15,4,-7.2,6,1,6,-3.2520325203252,Lebanon,LE,https://themedialine.org/headlines/nasrallah-says-hizbullah-can-convert-rockets-to-precision-missiles-thanks-to-iran/
20220217,1028775700,20220217,LEBANON,LBN,ISRAEL,ISR,154,군 병력 동원·증강,15,4,-7.2,2,1,2,-3.2520325203252,Lebanon,LE,https://themedialine.org/headlines/nasrallah-says-hizbullah-can-convert-rockets-to-precision-missiles-thanks-to-iran/
20220217,1028776022,20220217,SYRIAN,SYR,YEMENI,YEM,190,재래식 군사력 사용,19,4,-10.0,6,1,6,-0.57720057720058,"United States Agency For International Development, Amanat al `Asimah, Yemen",YM,https://www.nytimes.com/2022/02/17/opinion/afghanistan-immigration-visa-us.html
20220217,1028776023,20220217,SYRIA,SYR,YEMEN,YEM,190,재래식 군사력 사용,19,4,-10.0,2,1,2,-0.57720057720058,"United States Agency For International Development, Amanat al `Asimah, Yemen",YM,https://www.nytimes.com/2022/02/17/opinion/afghanistan-immigration-visa-us.html
20220217,1028776024,20220217,SYRIAN,SYR,YEMENI,YEM,190,재래식 군사력 사용,19,4,-10.0,2,1,2,-0.57720057720058,Syria,SY,https://www.nytimes.com/2022/02/17/opinion/afghanistan-immigration-visa-us.html
20220217,1028776242,20220217,YEMENI,YEM,SYRIAN,SYR,190,재래식 군사력 사용,19,4,-10.0,6,1,6,-0.57720057720058,"United States Agency For International Development, Amanat al `Asimah, Yemen",YM,https://www.nytimes.com/2022/02/17/opinion/afghanistan-immigration-visa-us.html
20220217,1028776243,20220217,YEMEN,YEM,SYRIA,SYR,190,재래식 군사력 사용,19,4,-10.0,2,1,2,-0.57720057720058,"United States Agency For International Development, Amanat al `Asimah, Yemen",YM,https://www.nytimes.com/2022/02/17/opinion/afghanistan-immigration-visa-us.html
20220217,1028776244,20220217,YEMENI,YEM,SYRIAN,SYR,190,재래식 군사력 사용,19,4,-10.0,2,1,2,-0.57720057720058,Syria,SY,https://www.nytimes.com/2022/02/17/opinion/afghanistan-immigration-visa-us.html
20220217,1028777101,20220217,ISRAEL,ISR,LEBANON,LBN,190,재래식 군사력 사용,19,4,-10.0,2,1,2,-2.99727520435968,Lebanon,LE,https://www.middleeastmonitor.com/20220217-hezbollah-can-turn-rockets-into-precision-missiles-make-drones-claims-nasrallah/
20220217,1028777102,20220217,ISRAEL,ISR,LEBANON,LBN,190,재래식 군사력 사용,19,4,-10.0,8,1,8,-2.99727520435968,Lebanon,LE,https://www.middleeastmonitor.com/20220217-hezbollah-can-turn-rockets-into-precision-missiles-make-drones-claims-nasrallah/
20220217,1028777105,20220217,ISRAEL,ISR,PALESTINIAN,PSE,190,재래식 군사력 사용,19,4,-10.0,1,1,1,-3.14685314685314,"Sheikh Jarrah, West Bank (general), West Bank",WE,https://www.middleeastmonitor.com/20220217-un-calls-on-israel-to-stop-demolition-of-palestinian-homes/
20220217,1028777106,20220217,ISRAEL,ISR,PALESTINIAN,PSE,190,재래식 군사력 사용,19,4,-10.0,31,4,30,-2.92973254762609,"Jerusalem, Israel (general), Israel",IS,https://www.middleeastmonitor.com/20220217-un-calls-on-israel-to-stop-demolition-of-palestinian-homes/
20220217,1028777377,20220217,PALESTINIAN,PSE,ISRAEL,ISR,190,재래식 군사력 사용,19,4,-10.0,2,1,2,-1.9559902200489,"Hebron, Israel (general), Israel",IS,https://www.middleeastmonitor.com/20220217-israel-continuing-to-judaise-ibrahimi-mosque-palestinians-say/
20220217,1028777378,20220217,PALESTINIAN,PSE,ISRAEL,ISR,190,재래식 군사력 사용,19,4,-10.0,16,3,16,-3.27200962210764,"Jerusalem, Israel (general), Israel",IS,https://www.middleeastmonitor.com/20220217-un-calls-on-israel-to-stop-demolition-of-palestinian-homes/
20220217,1028778783,20220217,ISRAELI,ISR,SYRIAN,SYR,190,재래식 군사력 사용,19,4,-10.0,2,1,2,-4.81283422459893,"Damascus, Dimashq, Syria",SY,https://www.jns.org/israel-strike-said-to-target-syrian-military-base-used-by-iranian-militias/
20220217,1028778784,20220217,ISRAEL,ISR,DAMASCUS,SYR,190,재래식 군사력 사용,19,4,-10.0,2,1,2,-4.81283422459893,Israel,IS,https://www.jns.org/israel-strike-said-to-target-syrian-military-base-used-by-iranian-militias/
20220217,1028778787,20220217,ISRAELI,ISR,SYRIAN,SYR,190,재래식 군사력 사용,19,4,-10.0,6,1,6,-4.81283422459893,"Damascus, Dimashq, Syria",SY,https://www.jns.org/israel-strike-said-to-target-syrian-military-base-used-by-iranian-militias/
20220217,1028779712,20220217,SANA,YEM,ISRAELI,ISR,190,재래식 군사력 사용,19,4,-10.0,8,3,8,-4.95524809250299,Israel,IS,https://www.jns.org/israel-strike-said-to-target-syrian-military-base-used-by-iranian-militias/
20220217,1028779713,20220217,SANA,YEM,ISRAELI,ISR,190,재래식 군사력 사용,19,4,-10.0,14,3,14,-4.95524809250299,Israel,IS,https://www.jns.org/israel-strike-said-to-target-syrian-military-base-used-by-iranian-militias/
20220217,1028779714,20220217,SANA,YEM,ISRAELI,ISR,195,공중무기 사용,19,4,-10.0,20,3,20,-4.95524809250299,Israel,IS,https://www.jns.org/israel-strike-said-to-target-syrian-military-base-used-by-iranian-militias/
20220217,1028781493,20220217,ISRAEL,ISR,SYRIA,SYR,190,재래식 군사력 사용,19,4,-10.0,2,1,2,-5.29100529100529,Israel,IS,https://www.clevelandjewishnews.com/jns/israel-strike-said-to-target-syrian-military-base-used-by-iranian-militias/article_8c8ff517-b46b-5cb1-b04b-72e40279789d.html
20220217,1028781494,20220217,ISRAEL,ISR,SYRIAN,SYR,190,재래식 군사력 사용,19,4,-10.0,4,1,4,-5.29100529100529,Israel,IS,https://www.clevelandjewishnews.com/jns/israel-strike-said-to-target-syrian-military-base-used-by-iranian-militias/article_8c8ff517-b46b-5cb1-b04b-72e40279789d.html
20220217,1028781907,20220217,SYRIA,SYR,ISRAELI,ISR,190,재래식 군사력 사용,19,4,-10.0,10,1,10,-7.14285714285714,"Damascus, Dimashq, Syria",SY,https://www.debka.com/mivzak/syria-reports-israeli-missile-attack-sw-of-damascus-from-the-golan/
20220217,1028781908,20220217,SYRIA,SYR,ISRAEL,ISR,194,포병·전차를 이용한 전투,19,4,-10.0,2,1,2,-7.14285714285714,Israel,IS,https://www.debka.com/mivzak/syria-reports-israeli-missile-attack-sw-of-damascus-from-the-golan/
20220217,1028782106,20220217,SANA,YEM,ISRAEL,ISR,190,재래식 군사력 사용,19,4,-10.0,4,2,4,-5.02645502645503,Israel,IS,https://www.clevelandjewishnews.com/jns/israel-strike-said-to-target-syrian-military-base-used-by-iranian-militias/article_8c8ff517-b46b-5cb1-b04b-72e40279789d.html
20220217,1028782107,20220217,SANA,YEM,ISRAEL,ISR,195,공중무기 사용,19,4,-10.0,4,2,4,-5.02645502645503,Israel,IS,https://www.clevelandjewishnews.com/jns/israel-strike-said-to-target-syrian-military-base-used-by-iranian-militias/article_8c8ff517-b46b-5cb1-b04b-72e40279789d.html
20220217,1028784236,20220217,GAZA,PSE,ISRAEL,ISR,194,포병·전차를 이용한 전투,19,4,-10.0,14,3,14,-5.2412283364138,"Gaza, Israel (general), Israel",IS,https://www.aljazeera.com/news/2022/2/17/australia-to-list-hamas-as-terror-group
20220217,1028791223,20220217,ISRAEL,ISR,SINAI PENINSULA,EGY,190,재래식 군사력 사용,19,4,-10.0,1,1,1,1.38142747505756,"Cairo, Al Qahirah, Egypt",EG,http://www.ruthfullyyours.com/2022/02/17/israels-peace-with-some-arab-neighbors-intriguing-developments-with-the-uae-and-bahrain-joseph-puder/
20220217,1028798981,20220217,BEIRUT,LBN,SYRIAN,SYR,193,소형무기·경무기를 이용한 전투,19,4,-10.0,2,1,2,-8.03571428571429,"Damascus, Dimashq, Syria",SY,https://www.ansamed.info/ansamed/en/news/sections/generalnews/2022/02/17/syria-ngo-reports-govt-insurgent-armed-clashes-in-north_1f80da2a-3442-474a-ac64-72ed5e1c4e72.html
20220217,1028798982,20220217,BEIRUT,LBN,SYRIAN,SYR,193,소형무기·경무기를 이용한 전투,19,4,-10.0,2,1,2,-8.03571428571429,"Damascus, Dimashq, Syria",SY,https://www.ansamed.info/ansamed/en/news/sections/generalnews/2022/02/17/syria-ngo-reports-govt-insurgent-armed-clashes-in-north_1f80da2a-3442-474a-ac64-72ed5e1c4e72.html
20220217,1028798983,20220217,LEBANON,LBN,SYRIA,SYR,193,소형무기·경무기를 이용한 전투,19,4,-10.0,1,1,1,-8.03571428571429,"Beirut, Beyrouth, Lebanon",LE,https://www.ansamed.info/ansamed/en/news/sections/generalnews/2022/02/17/syria-ngo-reports-govt-insurgent-armed-clashes-in-north_1f80da2a-3442-474a-ac64-72ed5e1c4e72.html
20220217,1028799146,20220217,PALESTINIAN,PSE,ISRAELI,ISR,163,금수·보이콧·제재 부과,16,4,-8.0,6,2,6,-6.43174175958002,Israel,IS,https://www.972mag.com/administrative-detention-boycott/
20220217,1028799147,20220217,PALESTINIAN,PSE,ISRAELI,ISR,163,금수·보이콧·제재 부과,16,4,-8.0,2,1,2,-7.7069457659372,Israel,IS,https://www.972mag.com/administrative-detention-boycott/
20220217,1028799259,20220217,SYRIAN,SYR,BEIRUT,LBN,193,소형무기·경무기를 이용한 전투,19,4,-10.0,2,1,2,-8.03571428571429,"Damascus, Dimashq, Syria",SY,https://www.ansamed.info/ansamed/en/news/sections/generalnews/2022/02/17/syria-ngo-reports-govt-insurgent-armed-clashes-in-north_1f80da2a-3442-474a-ac64-72ed5e1c4e72.html
20220217,1028799263,20220217,SYRIAN,SYR,BEIRUT,LBN,193,소형무기·경무기를 이용한 전투,19,4,-10.0,2,1,2,-8.03571428571429,"Damascus, Dimashq, Syria",SY,https://www.ansamed.info/ansamed/en/news/sections/generalnews/2022/02/17/syria-ngo-reports-govt-insurgent-armed-clashes-in-north_1f80da2a-3442-474a-ac64-72ed5e1c4e72.html
20220217,1028799264,20220217,SYRIA,SYR,LEBANON,LBN,193,소형무기·경무기를 이용한 전투,19,4,-10.0,1,1,1,-8.03571428571429,"Beirut, Beyrouth, Lebanon",LE,https://www.ansamed.info/ansamed/en/news/sections/generalnews/2022/02/17/syria-ngo-reports-govt-insurgent-armed-clashes-in-north_1f80da2a-3442-474a-ac64-72ed5e1c4e72.html
20220217,1028806439,20220217,ISRAELI,ISR,SYRIA,SYR,194,포병·전차를 이용한 전투,19,4,-10.0,2,1,2,-5.83333333333333,"Golan Heights, Syria (general), Syria",SY,https://english.aawsat.com/home/article/3479896/israel-strikes-town-south-damascus
20220217,1028812357,20220217,IRAQ,IRQ,IRAN,IRN,190,재래식 군사력 사용,19,4,-10.0,2,1,2,-3.09278350515464,"Kashmir, Hormozgan, Iran",IR,https://www.middleeastmonitor.com/20220217-kashmir-protests-force-india-army-to-replace-soleimani-poster-after-burning-one/
20220217,1028812358,20220217,IRAQ,IRQ,IRAN,IRN,190,재래식 군사력 사용,19,4,-10.0,2,1,2,-3.09278350515464,"Kashmir, Hormozgan, Iran",IR,https://www.middleeastmonitor.com/20220217-kashmir-protests-force-india-army-to-replace-soleimani-poster-after-burning-one/
20220217,1028812394,20220217,ISRAEL,ISR,HAMAS,PSE,190,재래식 군사력 사용,19,4,-10.0,40,11,40,-1.21824739499627,"Gaza, Israel (general), Israel",IS,https://www.tribuneindia.com/news/schools/builders-find-2-000-year-old-roman-cemetery-in-gaza-370745
20220217,1028812691,20220217,HAMAS,PSE,ISRAEL,ISR,190,재래식 군사력 사용,19,4,-10.0,20,9,20,-0.476197646247042,"Gaza, Israel (general), Israel",IS,https://www.tribuneindia.com/news/schools/builders-find-2-000-year-old-roman-cemetery-in-gaza-370745
20220217,1028812692,20220217,HAMAS,PSE,ISRAELI,ISR,194,포병·전차를 이용한 전투,19,4,-10.0,210,20,210,-6.48167115411706,"Gaza, Israel (general), Israel",IS,https://www.israelnationalnews.com/news/322457
20220217,1028825565,20220217,ISRAELI,ISR,PALESTINIAN,PSE,190,재래식 군사력 사용,19,4,-10.0,3,1,3,-5.73065902578796,"Jerusalem, Israel (general), Israel",IS,https://english.ahram.org.eg/NewsContent/1/1234/461262/Egypt/Foreign-Affairs/Egypt-reiterates-condemnation-of-evicting-Palestin.aspx
20220217,1028825881,20220217,PALESTINIAN,PSE,ISRAELI,ISR,190,재래식 군사력 사용,19,4,-10.0,3,1,3,-5.73065902578796,"Jerusalem, Israel (general), Israel",IS,https://english.ahram.org.eg/NewsContent/1/1234/461262/Egypt/Foreign-Affairs/Egypt-reiterates-condemnation-of-evicting-Palestin.aspx
20220217,1028825883,20220217,HAMAS,PSE,ISRAEL,ISR,190,재래식 군사력 사용,19,4,-10.0,10,1,10,-5.66666666666666,United Kingdom,UK,https://www.wiredprnews.com/australia-says-it-will-list-hamas-as-terrorist-group-hamas-news/
20220217,1028827702,20220217,PALESTINIAN,PSE,ISRAELI,ISR,190,재래식 군사력 사용,19,4,-10.0,3,1,3,-4.30107526881721,"Jordan River, Israel (general), Israel",IS,http://english.pnn.ps/2022/02/17/israeli-settlers-storm-archaeological-site-north-of-nablus/
20220217,1028836254,20220217,ISRAELI,ISR,LEBANON,LBN,192,영토 점령,19,4,-9.5,8,1,8,-4.54545454545455,Israel,IS,https://www.israelnationalnews.com/flashes/568068
20220217,1028836259,20220217,ISRAEL,ISR,HAMAS,PSE,194,포병·전차를 이용한 전투,19,4,-10.0,5,1,5,-4.49438202247191,"Jerusalem, Israel (general), Israel",IS,https://www.heritage.org/middle-east/commentary/congress-overdue-help-fund-israels-iron-dome
20220217,1028836260,20220217,ISRAEL,ISR,HAMAS,PSE,194,포병·전차를 이용한 전투,19,4,-10.0,5,1,5,-4.49438202247191,"Gaza, Israel (general), Israel",IS,https://www.heritage.org/middle-east/commentary/congress-overdue-help-fund-israels-iron-dome
20220217,1028836568,20220217,GAZA,PSE,ISRAEL,ISR,194,포병·전차를 이용한 전투,19,4,-10.0,3,1,3,-4.49438202247191,"Gaza, Israel (general), Israel",IS,https://www.heritage.org/middle-east/commentary/congress-overdue-help-fund-israels-iron-dome
20220217,1028840389,20220217,LEBANON,LBN,JERUSALEM,ISR,194,포병·전차를 이용한 전투,19,4,-10.0,24,3,24,-5.68181818181818,"Jerusalem, Israel (general), Israel",IS,https://www.sfgate.com/news/article/Israel-shoots-down-alleged-drone-launched-by-16926749.php
20220217,1028840390,20220217,LEBANON,LBN,JERUSALEM,ISR,194,포병·전차를 이용한 전투,19,4,-10.0,6,3,6,-5.68181818181818,"Beirut, Beyrouth, Lebanon",LE,https://www.sfgate.com/news/article/Israel-shoots-down-alleged-drone-launched-by-16926749.php
20220217,1028840659,20220217,SYRIA,SYR,IRAN,IRN,138,군사력 사용 위협,13,3,-7.0,2,1,2,-5.40242557883131,"Karim Khan, Iran (general), Iran",IR,https://www.middleeasteye.net/news/syria-iran-lawyers-call-icc-open-probe-war-crimes
20220217,1028840660,20220217,SYRIA,SYR,IRAN,IRN,138,군사력 사용 위협,13,3,-7.0,4,1,4,-5.40242557883131,"Karim Khan, Iran (general), Iran",IR,https://www.middleeasteye.net/news/syria-iran-lawyers-call-icc-open-probe-war-crimes
20220217,1028840661,20220217,SYRIA,SYR,IRAN,IRN,138,군사력 사용 위협,13,3,-7.0,4,1,4,-5.40242557883131,United Kingdom,UK,https://www.middleeasteye.net/news/syria-iran-lawyers-call-icc-open-probe-war-crimes
20220217,1028842918,20220217,LEBANON,LBN,JERUSALEM,ISR,194,포병·전차를 이용한 전투,19,4,-10.0,28,4,28,-6.89065574233602,"Jerusalem, Israel (general), Israel",IS,https://apnews.com/article/technology-business-lebanon-hassan-nasrallah-militant-groups-04292313a9309e12a1b6cad64a044ffe
20220217,1028842919,20220217,LEBANON,LBN,JERUSALEM,ISR,194,포병·전차를 이용한 전투,19,4,-10.0,12,3,12,-6.8424823633157,Lebanon,LE,https://apnews.com/article/technology-business-lebanon-hassan-nasrallah-militant-groups-04292313a9309e12a1b6cad64a044ffe
20220217,1028845339,20220217,ISRAELI,ISR,PALESTINIAN,PSE,190,재래식 군사력 사용,19,4,-10.0,8,1,8,-4.21052631578947,"Sheikh Jarrah, Yerushalayim, Israel",IS,https://www.timesofisrael.com/police-arrest-additional-suspects-over-sheikh-jarrah-firebombing/
20220217,1028845604,20220217,PALESTINIAN,PSE,ISRAELI,ISR,190,재래식 군사력 사용,19,4,-10.0,8,1,8,-4.21052631578947,"Sheikh Jarrah, Yerushalayim, Israel",IS,https://www.timesofisrael.com/police-arrest-additional-suspects-over-sheikh-jarrah-firebombing/
20220217,1028845748,20220217,SYRIAN,SYR,SANA,YEM,194,포병·전차를 이용한 전투,19,4,-10.0,2,1,2,-4.76190476190476,Israel,IS,https://www.algemeiner.com/2022/02/17/israeli-strike-said-to-target-syrian-military-base-used-by-iranian-militias/
20220217,1028845749,20220217,SYRIAN,SYR,SANA,YEM,194,포병·전차를 이용한 전투,19,4,-10.0,2,1,2,-4.76190476190476,Israel,IS,https://www.algemeiner.com/2022/02/17/israeli-strike-said-to-target-syrian-military-base-used-by-iranian-militias/
20220217,1028845751,20220217,SYRIA,SYR,ISRAEL,ISR,190,재래식 군사력 사용,19,4,-10.0,2,1,2,-4.76190476190476,"Damascus, Dimashq, Syria",SY,https://www.algemeiner.com/2022/02/17/israeli-strike-said-to-target-syrian-military-base-used-by-iranian-militias/
20220217,1028845752,20220217,SYRIAN,SYR,ISRAELI,ISR,190,재래식 군사력 사용,19,4,-10.0,4,1,4,-4.76190476190476,Israel,IS,https://www.algemeiner.com/2022/02/17/israeli-strike-said-to-target-syrian-military-base-used-by-iranian-militias/
20220217,1028851241,20220217,ISRAEL,ISR,IRANIAN,IRN,190,재래식 군사력 사용,19,4,-10.0,8,1,8,-3.44827586206897,"Gaza, Israel (general), Israel",IS,https://www.jewishpress.com/news/middle-east/turkey/turkey-to-expel-members-of-hamas-military-wing-report/2022/02/17/
20220217,1028851242,20220217,ISRAEL,ISR,IRAN,IRN,190,재래식 군사력 사용,19,4,-10.0,2,1,2,-3.44827586206897,Iran,IR,https://www.jewishpress.com/news/middle-east/turkey/turkey-to-expel-members-of-hamas-military-wing-report/2022/02/17/
20220217,1028851584,20220217,HAMAS,PSE,ISRAEL,ISR,190,재래식 군사력 사용,19,4,-10.0,8,1,8,-3.44827586206897,"Istanbul, Istanbul, Turkey",TU,https://www.jewishpress.com/news/middle-east/turkey/turkey-to-expel-members-of-hamas-military-wing-report/2022/02/17/
20220217,1028851585,20220217,HAMAS,PSE,ISRAEL,ISR,190,재래식 군사력 사용,19,4,-10.0,2,1,2,-3.44827586206897,Russia,RS,https://www.jewishpress.com/news/middle-east/turkey/turkey-to-expel-members-of-hamas-military-wing-report/2022/02/17/
20220217,1028854007,20220217,ISRAELI,ISR,PALESTINIAN,PSE,193,소형무기·경무기를 이용한 전투,19,4,-10.0,4,1,4,-1.65721761883995,"Gaza, Israel (general), Israel",IS,https://mondoweiss.net/2022/02/pelosis-israel-delegation/
20220217,1028855597,20220217,IRANIAN,IRN,ISRAEL,ISR,138,군사력 사용 위협,13,3,-7.0,2,1,2,-1.7921146953405,Iran,IR,https://www.algemeiner.com/2022/02/17/hezbollah-drone-shot-down-in-israeli-air-space-day-after-leader-brags-whoever-wants-to-buy-them-submit-an-order/
20220217,1028855598,20220217,IRAN,IRN,ISRAEL,ISR,138,군사력 사용 위협,13,3,-7.0,2,1,2,-1.7921146953405,"Kfar Kila, Nabatî, Lebanon",LE,https://www.algemeiner.com/2022/02/17/hezbollah-drone-shot-down-in-israeli-air-space-day-after-leader-brags-whoever-wants-to-buy-them-submit-an-order/
20220217,1028855599,20220217,IRANIAN,IRN,ISRAEL,ISR,138,군사력 사용 위협,13,3,-7.0,6,1,6,-1.7921146953405,Israel,IS,https://www.algemeiner.com/2022/02/17/hezbollah-drone-shot-down-in-israeli-air-space-day-after-leader-brags-whoever-wants-to-buy-them-submit-an-order/
20220217,1028855603,20220217,IRANIAN,IRN,LEBANESE,LBN,138,군사력 사용 위협,13,3,-7.0,1,1,1,-1.7921146953405,"Kfar Kila, Nabatî, Lebanon",LE,https://www.algemeiner.com/2022/02/17/hezbollah-drone-shot-down-in-israeli-air-space-day-after-leader-brags-whoever-wants-to-buy-them-submit-an-order/
20220217,1028855604,20220217,IRANIAN,IRN,LEBANESE,LBN,138,군사력 사용 위협,13,3,-7.0,6,1,6,-1.7921146953405,Iran,IR,https://www.algemeiner.com/2022/02/17/hezbollah-drone-shot-down-in-israeli-air-space-day-after-leader-brags-whoever-wants-to-buy-them-submit-an-order/
20220217,1028855605,20220217,IRANIAN,IRN,LEBANESE,LBN,138,군사력 사용 위협,13,3,-7.0,1,1,1,-1.7921146953405,Iran,IR,https://www.algemeiner.com/2022/02/17/hezbollah-drone-shot-down-in-israeli-air-space-day-after-leader-brags-whoever-wants-to-buy-them-submit-an-order/
20220217,1028855623,20220217,ISRAELI,ISR,LEBANON,LBN,190,재래식 군사력 사용,19,4,-10.0,1,1,1,-1.7921146953405,Iran,IR,https://www.algemeiner.com/2022/02/17/hezbollah-drone-shot-down-in-israeli-air-space-day-after-leader-brags-whoever-wants-to-buy-them-submit-an-order/
20220217,1028855624,20220217,ISRAELI,ISR,LEBANESE,LBN,190,재래식 군사력 사용,19,4,-10.0,4,1,4,-1.7921146953405,Israel,IS,https://www.algemeiner.com/2022/02/17/hezbollah-drone-shot-down-in-israeli-air-space-day-after-leader-brags-whoever-wants-to-buy-them-submit-an-order/
20220217,1028855625,20220217,ISRAELI,ISR,LEBANON,LBN,190,재래식 군사력 사용,19,4,-10.0,3,1,3,-1.7921146953405,Israel,IS,https://www.algemeiner.com/2022/02/17/hezbollah-drone-shot-down-in-israeli-air-space-day-after-leader-brags-whoever-wants-to-buy-them-submit-an-order/
20220217,1028863472,20220217,ISRAELI,ISR,PALESTINIAN,PSE,190,재래식 군사력 사용,19,4,-10.0,2,1,2,-4.17910447761194,Israel,IS,"https://www.presstv.ir/Detail/2022/02/17/677028/Israel-Palestine-conflict-resolution-key-to-peace,-stability-in-Middle-East--Arab-League-chief"
20220217,1028863780,20220217,PALESTINIAN,PSE,ISRAELI,ISR,190,재래식 군사력 사용,19,4,-10.0,2,1,2,-4.17910447761194,Israel,IS,"https://www.presstv.ir/Detail/2022/02/17/677028/Israel-Palestine-conflict-resolution-key-to-peace,-stability-in-Middle-East--Arab-League-chief"
20220217,1028867910,20220217,ISRAELI,ISR,LEBANON,LBN,192,영토 점령,19,4,-9.5,8,1,8,-6.57894736842105,Lebanon,LE,https://english.ahram.org.eg/News/461285.aspx
20220217,1028867911,20220217,ISRAEL,ISR,LEBANON,LBN,193,소형무기·경무기를 이용한 전투,19,4,-10.0,2,1,2,-6.25,Israel,IS,https://www.haaretz.com/israel-news/israel-shoots-down-hezbollah-drone-near-lebanon-border-military-says-1.10619078
20220217,1028867912,20220217,ISRAEL,ISR,LEBANON,LBN,193,소형무기·경무기를 이용한 전투,19,4,-10.0,8,1,8,-6.25,Syria,SY,https://www.haaretz.com/israel-news/israel-shoots-down-hezbollah-drone-near-lebanon-border-military-says-1.10619078
20220217,1028867914,20220217,ISRAELI,ISR,GAZA,PSE,192,영토 점령,19,4,-9.5,4,1,4,-2.98313878080415,"Gaza, Israel (general), Israel",IS,https://www.jpost.com/opinion/article-696866
20220217,1028867934,20220217,ISRAEL,ISR,LEBANON,LBN,192,영토 점령,19,4,-9.5,4,1,4,-6.57894736842105,Lebanon,LE,https://english.ahram.org.eg/News/461285.aspx
20220217,1028867935,20220217,ISRAELI,ISR,LEBANON,LBN,192,영토 점령,19,4,-9.5,8,1,8,-6.57894736842105,Lebanon,LE,https://english.ahram.org.eg/News/461285.aspx
20220217,1028867990,20220217,LEBANON,LBN,ISRAELI,ISR,194,포병·전차를 이용한 전투,19,4,-10.0,10,3,10,-4.94018776499091,Lebanon,LE,https://www.haaretz.com/israel-news/israel-shoots-down-hezbollah-drone-near-lebanon-border-military-says-1.10619078
20220217,1028867991,20220217,LEBANON,LBN,ISRAELI,ISR,194,포병·전차를 이용한 전투,19,4,-10.0,12,2,12,-5.48720472440944,Israel,IS,https://www.haaretz.com/israel-news/israel-shoots-down-hezbollah-drone-near-lebanon-border-military-says-1.10619078
20220217,1028870057,20220217,ISRAEL,ISR,HAMAS,PSE,194,포병·전차를 이용한 전투,19,4,-10.0,1,1,1,-0.9685230024213,"Jerusalem, Israel (general), Israel",IS,https://www.jpost.com/middle-east/article-696867
20220217,1028870144,20220217,LEBANON,LBN,ISRAELI,ISR,192,영토 점령,19,4,-9.5,8,1,8,2.46478873239436,Israel,IS,https://www.timesofisrael.com/liveblog_entry/idf-downs-hezbollah-drone-along-lebanon-border/
20220217,1028870280,20220217,GAZA,PSE,ISRAELI,ISR,192,영토 점령,19,4,-9.5,4,1,4,-4.76190476190476,"Gaza, Israel (general), Israel",IS,https://www.israelnationalnews.com/flashes/568093
20220217,1028870283,20220217,HAMAS,PSE,ISRAEL,ISR,194,포병·전차를 이용한 전투,19,4,-10.0,1,1,1,-0.9685230024213,"Sheikh Jarrah, Yerushalayim, Israel",IS,https://www.jpost.com/middle-east/article-696867
20220217,1028870284,20220217,HAMAS,PSE,ISRAEL,ISR,194,포병·전차를 이용한 전투,19,4,-10.0,1,1,1,-0.9685230024213,"Jerusalem, Israel (general), Israel",IS,https://www.jpost.com/middle-east/article-696867
20220217,1028870285,20220217,HAMAS,PSE,ISRAEL,ISR,194,포병·전차를 이용한 전투,19,4,-10.0,6,1,6,-0.9685230024213,"Jerusalem, Israel (general), Israel",IS,https://www.jpost.com/middle-east/article-696867
20220217,1028870286,20220217,HAMAS,PSE,ISRAEL,ISR,194,포병·전차를 이용한 전투,19,4,-10.0,4,1,4,-0.9685230024213,United Arab Emirates,AE,https://www.jpost.com/middle-east/article-696867
20220217,1028870287,20220217,HAMAS,PSE,TURKISH,TUR,194,포병·전차를 이용한 전투,19,4,-10.0,2,1,2,-0.9685230024213,"Istanbul, Istanbul, Turkey",TU,https://www.jpost.com/middle-east/article-696867
20220217,1028870288,20220217,HAMAS,PSE,TURKISH,TUR,194,포병·전차를 이용한 전투,19,4,-10.0,2,1,2,-0.9685230024213,"Jerusalem, Israel (general), Israel",IS,https://www.jpost.com/middle-east/article-696867
20220217,1028870289,20220217,HAMAS,PSE,TURKISH,TUR,194,포병·전차를 이용한 전투,19,4,-10.0,6,1,6,-0.9685230024213,"Istanbul, Istanbul, Turkey",TU,https://www.jpost.com/middle-east/article-696867
20220217,1028870395,20220217,SAUDI ARABIA,SAU,YEMEN,YEM,190,재래식 군사력 사용,19,4,-10.0,5,1,5,-4.78316326530612,"Haradh, Saudi Arabia (general), Saudi Arabia",SA,https://www.mintpressnews.com/us-renews-support-saudi-war-yemen-civilian-death-toll-doubles/279719/
20220217,1028870396,20220217,SAUDI,SAU,YEMEN,YEM,190,재래식 군사력 사용,19,4,-10.0,1,1,1,-4.78316326530612,"Jawf, Abyan, Yemen",YM,https://www.mintpressnews.com/us-renews-support-saudi-war-yemen-civilian-death-toll-doubles/279719/
20220217,1028870397,20220217,SAUDI ARABIA,SAU,YEMENI,YEM,195,공중무기 사용,19,4,-10.0,1,1,1,-4.78316326530612,"Kitaf, Sadah, Yemen",YM,https://www.mintpressnews.com/us-renews-support-saudi-war-yemen-civilian-death-toll-doubles/279719/
20220217,1028870398,20220217,SAUDI ARABIA,SAU,YEMENI,YEM,195,공중무기 사용,19,4,-10.0,1,1,1,-4.78316326530612,"Haradh, Saudi Arabia (general), Saudi Arabia",SA,https://www.mintpressnews.com/us-renews-support-saudi-war-yemen-civilian-death-toll-doubles/279719/
20220217,1028870399,20220217,SAUDI,SAU,YEMENI,YEM,195,공중무기 사용,19,4,-10.0,1,1,1,-4.78316326530612,"Kitaf, Sadah, Yemen",YM,https://www.mintpressnews.com/us-renews-support-saudi-war-yemen-civilian-death-toll-doubles/279719/
20220217,1028870400,20220217,SAUDI,SAU,YEMENI,YEM,195,공중무기 사용,19,4,-10.0,1,1,1,-4.78316326530612,"Haradh, Saudi Arabia (general), Saudi Arabia",SA,https://www.mintpressnews.com/us-renews-support-saudi-war-yemen-civilian-death-toll-doubles/279719/
20220217,1028870401,20220217,SAUDI,SAU,YEMENI,YEM,195,공중무기 사용,19,4,-10.0,4,1,4,-4.78316326530612,"Haradh, Saudi Arabia (general), Saudi Arabia",SA,https://www.mintpressnews.com/us-renews-support-saudi-war-yemen-civilian-death-toll-doubles/279719/
20220217,1028870439,20220217,TURKEY,TUR,EGYPT,EGY,192,영토 점령,19,4,-9.5,1,1,1,-0.9685230024213,"Istanbul, Istanbul, Turkey",TU,https://www.jpost.com/middle-east/article-696867
20220217,1028870440,20220217,TURKEY,TUR,EGYPT,EGY,192,영토 점령,19,4,-9.5,7,1,7,-0.9685230024213,"Istanbul, Istanbul, Turkey",TU,https://www.jpost.com/middle-east/article-696867
20220217,1028870444,20220217,TURKEY,TUR,IRANIAN,IRN,192,영토 점령,19,4,-9.5,1,1,1,-0.9685230024213,"Istanbul, Istanbul, Turkey",TU,https://www.jpost.com/middle-east/article-696867
20220217,1028870445,20220217,TURKEY,TUR,IRANIAN,IRN,192,영토 점령,19,4,-9.5,1,1,1,-0.9685230024213,"Istanbul, Istanbul, Turkey",TU,https://www.jpost.com/middle-east/article-696867
20220217,1028870453,20220217,TURKEY,TUR,SAUDI ARABIA,SAU,192,영토 점령,19,4,-9.5,1,1,1,-0.9685230024213,"Istanbul, Istanbul, Turkey",TU,https://www.jpost.com/middle-east/article-696867
20220217,1028870454,20220217,TURKEY,TUR,SAUDI ARABIA,SAU,192,영토 점령,19,4,-9.5,2,1,2,-0.9685230024213,"Istanbul, Istanbul, Turkey",TU,https://www.jpost.com/middle-east/article-696867
20220217,1028870455,20220217,TURKEY,TUR,SAUDI ARABIA,SAU,192,영토 점령,19,4,-9.5,5,1,5,-0.9685230024213,"Istanbul, Istanbul, Turkey",TU,https://www.jpost.com/middle-east/article-696867
20220217,1028872383,20220217,LEBANON,LBN,ISRAELI,ISR,192,영토 점령,19,4,-9.5,10,1,10,-3.75,Lebanon,LE,https://www.i24news.tv/en/news/israel/defense/1645114041-israel-s-army-says-it-downed-hezbollah-drone-in-its-airspace
20220217,1028872384,20220217,LEBANON,LBN,ISRAEL,ISR,194,포병·전차를 이용한 전투,19,4,-10.0,8,1,8,-4.72440944881889,"Golan Heights, Syria (general), Syria",SY,https://www.msn.com/en-ae/news/middleeast/israel-says-it-shot-down-drone-launched-by-hezbollah-from-lebanon/ar-AATZW2H
20220217,1028872385,20220217,LEBANON,LBN,ISRAEL,ISR,194,포병·전차를 이용한 전투,19,4,-10.0,2,1,2,-4.72440944881889,Israel,IS,https://www.msn.com/en-ae/news/middleeast/israel-says-it-shot-down-drone-launched-by-hezbollah-from-lebanon/ar-AATZW2H
20220217,1028872386,20220217,LEBANON,LBN,ISRAELI,ISR,194,포병·전차를 이용한 전투,19,4,-10.0,2,1,2,-4.72440944881889,Israel,IS,https://www.msn.com/en-ae/news/middleeast/israel-says-it-shot-down-drone-launched-by-hezbollah-from-lebanon/ar-AATZW2H
20220217,1028877180,20220217,HAMAS,PSE,ISRAEL,ISR,194,포병·전차를 이용한 전투,19,4,-10.0,5,1,5,0.15600624024961,Israel,IS,https://www.dailysignal.com/2022/02/17/israels-laser-missile-defenses-show-promise-for-the-future/
20220217,1028880753,20220217,IRAN,IRN,IRAQ,IRQ,194,포병·전차를 이용한 전투,19,4,-10.0,4,1,4,-0.35756853396901,Iran,IR,https://blogs.timesofisrael.com/china-expanding-its-presence-in-the-middle-east/
20220217,1028880754,20220217,IRAN,IRN,IRAQ,IRQ,194,포병·전차를 이용한 전투,19,4,-10.0,1,1,1,-0.35756853396901,Russia,RS,https://blogs.timesofisrael.com/china-expanding-its-presence-in-the-middle-east/
20220217,1028882676,20220217,ISRAELI,ISR,PALESTINIAN,PSE,190,재래식 군사력 사용,19,4,-10.0,10,1,10,-9.44625407166124,"Tel Aviv, Tel Aviv, Israel",IS,https://www.albawaba.com/news/investigation-israel-reuses-old-assassination-tactic-1466742
20220217,1028882759,20220217,LEBANON,LBN,ISRAELI,ISR,194,포병·전차를 이용한 전투,19,4,-10.0,6,1,6,-3.84615384615385,Israel,IS,https://english.aawsat.com/home/article/3481176/israel-says-it-shot-down-hezbollah-drone
20220217,1028882887,20220217,PALESTINIAN,PSE,ISRAELI,ISR,190,재래식 군사력 사용,19,4,-10.0,10,1,10,-9.44625407166124,"Tel Aviv, Tel Aviv, Israel",IS,https://www.albawaba.com/news/investigation-israel-reuses-old-assassination-tactic-1466742
20220217,1028882950,20220217,ISTANBUL,TUR,IRANIAN,IRN,193,소형무기·경무기를 이용한 전투,19,4,-10.0,6,1,6,-8.58524788391782,"Istanbul, Istanbul, Turkey",TU,https://www.arabnews.com/node/2026991
20220217,1028882951,20220217,ISTANBUL,TUR,IRANIAN,IRN,193,소형무기·경무기를 이용한 전투,19,4,-10.0,6,1,6,-8.58524788391782,"Tehran, Tehran, Iran",IR,https://www.arabnews.com/node/2026991
20220217,1028883878,20220217,ISRAEL,ISR,SYRIA,SYR,190,재래식 군사력 사용,19,4,-10.0,5,1,5,-4.51977401129943,Syria,SY,https://www.gzeromedia.com/hard-numbers-deadly-mudslides-in-brazil-israel-strikes-syria-saudi-women-seek-bullets-problem-parrots-in-new-zealand
20220217,1028895767,20220217,PALESTINIAN,PSE,ISRAELI,ISR,194,포병·전차를 이용한 전투,19,4,-10.0,2,1,2,-4.92505353319058,Australia,AS,https://www.algemeiner.com/2022/02/17/no-place-for-hateful-ideologies-israel-welcomes-australias-move-to-fully-list-hamas-as-terror-group/
20220218,1028908536,20220218,HAMAS,PSE,ISRAELI,ISR,194,포병·전차를 이용한 전투,19,4,-10.0,66,8,66,-6.51564360149775,"Gaza, Israel (general), Israel",IS,https://www.clevelandjewishnews.com/news/world_news/israel-citing-bias-wont-cooperate-with-un-rights-team/article_f7dd1580-8262-5e09-a661-460ab230d591.html
20220218,1028908537,20220218,HAMAS,PSE,ISRAEL,ISR,194,포병·전차를 이용한 전투,19,4,-10.0,15,2,15,-2.79163100599099,Israel,IS,https://www.heritage.org/missile-defense/commentary/israels-laser-missile-defenses-show-promise-the-future
20220218,1028920564,20220218,GAZA,PSE,ISRAEL,ISR,194,포병·전차를 이용한 전투,19,4,-10.0,4,1,4,-5.82010582010582,"Gaza, Israel (general), Israel",IS,http://voiceofvienna.org/2022/02/18/australia-says-it-will-list-hamas-as-terrorist-group/
20220218,1028941089,20220211,ISRAELI,ISR,PALESTINIAN,PSE,190,재래식 군사력 사용,19,4,-10.0,2,1,2,-7.13577799801784,"Hebron, Israel (general), Israel",IS,https://www.haaretz.com/israel-news/.premium-war-tomorrow-how-israel-is-preparing-for-a-west-bank-conflict-1.10619314
20220218,1028941090,20220211,ISRAELI,ISR,PALESTINIAN,PSE,190,재래식 군사력 사용,19,4,-10.0,3,1,3,-7.13577799801784,"Hebron, Israel (general), Israel",IS,https://www.haaretz.com/israel-news/.premium-war-tomorrow-how-israel-is-preparing-for-a-west-bank-conflict-1.10619314
20220218,1028941091,20220211,PALESTINIAN,PSE,ISRAELI,ISR,190,재래식 군사력 사용,19,4,-10.0,2,1,2,-7.13577799801784,"Hebron, Israel (general), Israel",IS,https://www.haaretz.com/israel-news/.premium-war-tomorrow-how-israel-is-preparing-for-a-west-bank-conflict-1.10619314
20220218,1028941092,20220211,PALESTINIAN,PSE,ISRAELI,ISR,190,재래식 군사력 사용,19,4,-10.0,3,1,3,-7.13577799801784,"Hebron, Israel (general), Israel",IS,https://www.haaretz.com/israel-news/.premium-war-tomorrow-how-israel-is-preparing-for-a-west-bank-conflict-1.10619314
20220218,1028941693,20220218,JERUSALEM,ISR,WEST BANK,PSE,190,재래식 군사력 사용,19,4,-10.0,6,1,6,-7.13577799801784,"Jerusalem, Israel (general), Israel",IS,https://www.haaretz.com/israel-news/.premium-war-tomorrow-how-israel-is-preparing-for-a-west-bank-conflict-1.10619314
20220218,1028941694,20220218,JERUSALEM,ISR,WEST BANK,PSE,190,재래식 군사력 사용,19,4,-10.0,9,3,9,-6.33139096102422,"Jerusalem, Israel (general), Israel",IS,https://www.haaretz.com/israel-news/.premium-war-tomorrow-how-israel-is-preparing-for-a-west-bank-conflict-1.10619314
20220218,1028941703,20220218,ISRAELI,ISR,PALESTINIAN,PSE,190,재래식 군사력 사용,19,4,-10.0,3,1,3,-7.13577799801784,"Hebron, Israel (general), Israel",IS,https://www.haaretz.com/israel-news/.premium-war-tomorrow-how-israel-is-preparing-for-a-west-bank-conflict-1.10619314
20220218,1028941927,20220218,PALESTINIAN,PSE,ISRAELI,ISR,190,재래식 군사력 사용,19,4,-10.0,2,1,2,-7.13577799801784,"Hebron, Israel (general), Israel",IS,https://www.haaretz.com/israel-news/.premium-war-tomorrow-how-israel-is-preparing-for-a-west-bank-conflict-1.10619314
20220218,1028941928,20220218,WEST BANK,PSE,JERUSALEM,ISR,190,재래식 군사력 사용,19,4,-10.0,6,1,6,-7.13577799801784,"Jerusalem, Israel (general), Israel",IS,https://www.haaretz.com/israel-news/.premium-war-tomorrow-how-israel-is-preparing-for-a-west-bank-conflict-1.10619314
20220218,1028941929,20220218,WEST BANK,PSE,JERUSALEM,ISR,190,재래식 군사력 사용,19,4,-10.0,7,2,7,-6.36333267474515,"Jerusalem, Israel (general), Israel",IS,https://www.haaretz.com/israel-news/.premium-war-tomorrow-how-israel-is-preparing-for-a-west-bank-conflict-1.10619314
20220218,1028941930,20220218,PALESTINIAN,PSE,ISRAELI,ISR,190,재래식 군사력 사용,19,4,-10.0,3,1,3,-7.13577799801784,"Hebron, Israel (general), Israel",IS,https://www.haaretz.com/israel-news/.premium-war-tomorrow-how-israel-is-preparing-for-a-west-bank-conflict-1.10619314
20220218,1028945047,20220218,ISRAELI,ISR,SYRIA,SYR,190,재래식 군사력 사용,19,4,-10.0,1,1,1,-3.19303338171262,"Deir Ezzor, Dayr az Zawr, Syria",SY,https://www.washingtoninstitute.org/policy-analysis/how-iranian-militias-have-swallowed-deir-ezzor
20220218,1028945048,20220218,ISRAEL,ISR,SYRIA,SYR,190,재래식 군사력 사용,19,4,-10.0,4,1,4,-3.19303338171262,"Al-Jura, HaDarom, Israel",IS,https://www.washingtoninstitute.org/policy-analysis/how-iranian-militias-have-swallowed-deir-ezzor
20220218,1028945049,20220218,ISRAELI,ISR,SYRIA,SYR,190,재래식 군사력 사용,19,4,-10.0,1,1,1,-3.19303338171262,"Al-Jura, HaDarom, Israel",IS,https://www.washingtoninstitute.org/policy-analysis/how-iranian-militias-have-swallowed-deir-ezzor
20220218,1028949167,20220218,ISRAELI,ISR,LEBANON,LBN,192,영토 점령,19,4,-9.5,16,3,16,-4.95324922667894,Lebanon,LE,https://dunyanews.tv/en/World/641797-Israel-says-downed-Hezbollah-drone
20220218,1028949174,20220218,ISRAELI,ISR,LEBANON,LBN,192,영토 점령,19,4,-9.5,8,2,8,-5.46908952629292,Lebanon,LE,https://dunyanews.tv/en/World/641797-Israel-says-downed-Hezbollah-drone
20220218,1028949175,20220218,ISRAEL,ISR,LEBANON,LBN,192,영토 점령,19,4,-9.5,4,2,4,-5.46908952629292,Lebanon,LE,https://dunyanews.tv/en/World/641797-Israel-says-downed-Hezbollah-drone
20220218,1028949223,20220218,LEBANON,LBN,JERUSALEM,ISR,194,포병·전차를 이용한 전투,19,4,-10.0,6,2,6,-6.17537422097967,Lebanon,LE,https://dunyanews.tv/en/World/641797-Israel-says-downed-Hezbollah-drone
20220218,1028949379,20220218,PALESTINIAN,PSE,ISRAELI,ISR,190,재래식 군사력 사용,19,4,-10.0,3,1,3,-4.24403183023873,"Jordan River, Israel (general), Israel",IS,https://menafn.com/1103719295/Israeli-settlers-storm-archaeological-site-north-of-Nablus&source=138
20220218,1028949476,20220218,TURKEY,TUR,ISRAEL,ISR,190,재래식 군사력 사용,19,4,-10.0,1,1,1,-0.58139534883721,"Ankara, Ankara, Turkey",TU,https://www.israelnationalnews.com/news/322489
20220218,1028949477,20220218,TURKEY,TUR,ISRAEL,ISR,190,재래식 군사력 사용,19,4,-10.0,1,1,1,-0.58139534883721,"Gaza, Israel (general), Israel",IS,https://www.israelnationalnews.com/news/322489
20220218,1028951686,20220218,IRAN,IRN,SAUDI ARABIA,SAU,190,재래식 군사력 사용,19,4,-10.0,1,1,1,-0.72225869993434,"Tehran, Tehran, Iran",IR,https://www.foreignaffairs.com/articles/middle-east/2022-02-18/israels-new-strategy
20220218,1028951687,20220218,IRAN,IRN,SAUDI ARABIA,SAU,190,재래식 군사력 사용,19,4,-10.0,2,1,2,-0.72225869993434,"Riyadh, Ar Riya?, Saudi Arabia",SA,https://www.foreignaffairs.com/articles/middle-east/2022-02-18/israels-new-strategy
20220218,1028951688,20220218,TEHRAN,IRN,SAUDI,SAU,190,재래식 군사력 사용,19,4,-10.0,4,1,4,-0.72225869993434,"Tehran, Tehran, Iran",IR,https://www.foreignaffairs.com/articles/middle-east/2022-02-18/israels-new-strategy
20220218,1028951689,20220218,IRAN,IRN,SAUDI,SAU,190,재래식 군사력 사용,19,4,-10.0,1,1,1,-0.72225869993434,Iraq,IZ,https://www.foreignaffairs.com/articles/middle-east/2022-02-18/israels-new-strategy
20220218,1028951690,20220218,TEHRAN,IRN,SAUDI,SAU,190,재래식 군사력 사용,19,4,-10.0,1,1,1,-0.72225869993434,Yemen,YM,https://www.foreignaffairs.com/articles/middle-east/2022-02-18/israels-new-strategy
20220218,1028951693,20220218,TEHRAN,IRN,YEMEN,YEM,194,포병·전차를 이용한 전투,19,4,-10.0,10,1,10,-1.14942528735632,Yemen,YM,https://mosaicmagazine.com/picks/israel-zionism/2022/02/attacks-on-the-uae-from-yemen-will-drive-it-closer-to-israel/
20220218,1028951696,20220218,IRAQ,IRQ,SYRIA,SYR,190,재래식 군사력 사용,19,4,-10.0,1,1,1,-0.72225869993434,Syria,SY,https://www.foreignaffairs.com/articles/middle-east/2022-02-18/israels-new-strategy
20220218,1028951697,20220218,IRAQ,IRQ,SYRIA,SYR,190,재래식 군사력 사용,19,4,-10.0,1,1,1,-0.72225869993434,"Tehran, Tehran, Iran",IR,https://www.foreignaffairs.com/articles/middle-east/2022-02-18/israels-new-strategy
20220218,1028951698,20220218,IRAQ,IRQ,SYRIA,SYR,190,재래식 군사력 사용,19,4,-10.0,3,1,3,-0.72225869993434,"Tehran, Tehran, Iran",IR,https://www.foreignaffairs.com/articles/middle-east/2022-02-18/israels-new-strategy
20220218,1028952189,20220218,YEMEN,YEM,IRANIAN,IRN,194,포병·전차를 이용한 전투,19,4,-10.0,2,1,2,-0.72225869993434,"Tehran, Tehran, Iran",IR,https://www.foreignaffairs.com/articles/middle-east/2022-02-18/israels-new-strategy
20220218,1028952190,20220218,YEMEN,YEM,IRANIAN,IRN,194,포병·전차를 이용한 전투,19,4,-10.0,6,1,6,-0.72225869993434,Yemen,YM,https://www.foreignaffairs.com/articles/middle-east/2022-02-18/israels-new-strategy
20220218,1028952191,20220218,YEMEN,YEM,IRAN,IRN,194,포병·전차를 이용한 전투,19,4,-10.0,2,1,2,-0.72225869993434,Yemen,YM,https://www.foreignaffairs.com/articles/middle-east/2022-02-18/israels-new-strategy
20220218,1028960753,20220218,ISRAELI,ISR,PALESTINIAN,PSE,190,재래식 군사력 사용,19,4,-10.0,10,1,10,-3.98305084745763,"Sheikh Jarrah, Yerushalayim, Israel",IS,https://www.ynetnews.com/article/hyffzts19
20220218,1028960754,20220218,ISRAEL,ISR,GAZA,PSE,190,재래식 군사력 사용,19,4,-10.0,18,4,18,-3.14614417524515,"Gaza, Israel (general), Israel",IS,https://www.ynetnews.com/article/hyffzts19
20220218,1028960966,20220218,PALESTINIAN,PSE,ISRAELI,ISR,190,재래식 군사력 사용,19,4,-10.0,10,1,10,-3.98305084745763,"Sheikh Jarrah, Yerushalayim, Israel",IS,https://www.ynetnews.com/article/hyffzts19
20220218,1028960967,20220218,GAZA,PSE,ISRAEL,ISR,190,재래식 군사력 사용,19,4,-10.0,12,3,12,-1.80903749610056,"Gaza, Israel (general), Israel",IS,https://www.ynetnews.com/article/hyffzts19
20220218,1028961041,20220218,SAUDI ARABIA,SAU,YEMEN,YEM,195,공중무기 사용,19,4,-10.0,2,1,2,-3.88219544846051,"Riyadh, Ar Riya?, Saudi Arabia",SA,"https://www.presstv.ir/Detail/2022/02/18/677055/Saudi-warplanes-intensify-air-strikes-against-residential-areas-across-Yemeni-capital,-other-cities"
20220218,1028961042,20220218,SAUDI ARABIA,SAU,YEMEN,YEM,195,공중무기 사용,19,4,-10.0,2,1,2,-3.88219544846051,"Riyadh, Ar Riya?, Saudi Arabia",SA,"https://www.presstv.ir/Detail/2022/02/18/677055/Saudi-warplanes-intensify-air-strikes-against-residential-areas-across-Yemeni-capital,-other-cities"
20220218,1028961043,20220218,SAUDI,SAU,YEMEN,YEM,195,공중무기 사용,19,4,-10.0,6,1,6,-3.88219544846051,"Harad, ?ajjah, Yemen",YM,"https://www.presstv.ir/Detail/2022/02/18/677055/Saudi-warplanes-intensify-air-strikes-against-residential-areas-across-Yemeni-capital,-other-cities"
20220218,1028961044,20220218,SAUDI,SAU,SANAA,YEM,195,공중무기 사용,19,4,-10.0,1,1,1,-3.88219544846051,"Riyadh, Ar Riya?, Saudi Arabia",SA,"https://www.presstv.ir/Detail/2022/02/18/677055/Saudi-warplanes-intensify-air-strikes-against-residential-areas-across-Yemeni-capital,-other-cities"
20220218,1028961045,20220218,SAUDI ARABIA,SAU,YEMEN,YEM,190,재래식 군사력 사용,19,4,-10.0,8,1,8,-3.88219544846051,"Jubah, Taizz, Yemen",YM,"https://www.presstv.ir/Detail/2022/02/18/677055/Saudi-warplanes-intensify-air-strikes-against-residential-areas-across-Yemeni-capital,-other-cities"
20220218,1028961279,20220218,YEMENI,YEM,SAUDI,SAU,190,재래식 군사력 사용,19,4,-10.0,2,1,2,-3.88219544846051,"Jubah, Taizz, Yemen",YM,"https://www.presstv.ir/Detail/2022/02/18/677055/Saudi-warplanes-intensify-air-strikes-against-residential-areas-across-Yemeni-capital,-other-cities"
20220218,1028961884,20220218,LEBANON,LBN,JERUSALEM,ISR,194,포병·전차를 이용한 전투,19,4,-10.0,6,1,6,-6.70103092783505,"Jerusalem, Israel (general), Israel",IS,https://www1.cbn.com/cbnnews/israel/2022/february/israel-shoots-down-alleged-drone-launched-by-hezbollah
20220218,1028963551,20220218,ISRAEL,ISR,PALESTINIAN,PSE,190,재래식 군사력 사용,19,4,-10.0,2,1,2,-8.70588235294118,"Gilboa, Ha?afon, Israel",IS,https://english.alaraby.co.uk/news/three-palestinians-wounded-israeli-raid-jenin
20220218,1028963552,20220218,ISRAELI,ISR,WEST BANK,PSE,190,재래식 군사력 사용,19,4,-10.0,2,1,2,-8.70588235294118,"Jenin, West Bank (general), West Bank",WE,https://english.alaraby.co.uk/news/three-palestinians-wounded-israeli-raid-jenin
20220218,1028963553,20220218,ISRAELI,ISR,PALESTINIAN,PSE,193,소형무기·경무기를 이용한 전투,19,4,-10.0,4,1,4,-8.70588235294118,"Gilboa, Ha?afon, Israel",IS,https://english.alaraby.co.uk/news/three-palestinians-wounded-israeli-raid-jenin
20220218,1028963565,20220218,ISRAELI,ISR,WEST BANK,PSE,190,재래식 군사력 사용,19,4,-10.0,3,1,3,-8.70588235294118,"Gilboa, Ha?afon, Israel",IS,https://english.alaraby.co.uk/news/three-palestinians-wounded-israeli-raid-jenin
20220218,1028963566,20220218,ISRAEL,ISR,WEST BANK,PSE,190,재래식 군사력 사용,19,4,-10.0,4,1,4,-8.70588235294118,"Jenin, West Bank (general), West Bank",WE,https://english.alaraby.co.uk/news/three-palestinians-wounded-israeli-raid-jenin
20220218,1028963744,20220218,PALESTINIAN,PSE,ISRAELI,ISR,190,재래식 군사력 사용,19,4,-10.0,7,1,5,-8.70588235294118,"Gilboa, Ha?afon, Israel",IS,https://english.alaraby.co.uk/news/three-palestinians-wounded-israeli-raid-jenin
20220218,1028963745,20220218,PALESTINIAN,PSE,ISRAEL,ISR,190,재래식 군사력 사용,19,4,-10.0,2,1,2,-8.70588235294118,"Jenin, West Bank (general), West Bank",WE,https://english.alaraby.co.uk/news/three-palestinians-wounded-israeli-raid-jenin
20220218,1028963746,20220218,PALESTINIAN,PSE,ISRAEL,ISR,190,재래식 군사력 사용,19,4,-10.0,2,1,2,-8.70588235294118,"Gilboa, Ha?afon, Israel",IS,https://english.alaraby.co.uk/news/three-palestinians-wounded-israeli-raid-jenin
20220218,1028970309,20220218,LEBANON,LBN,JERUSALEM,ISR,194,포병·전차를 이용한 전투,19,4,-10.0,4,1,4,-5.28846153846154,"Jerusalem, Israel (general), Israel",IS,https://gulfnews.com/world/mena/israel-says-downed-hezbollah-drone-1.85827521
20220218,1028970310,20220218,LEBANON,LBN,JERUSALEM,ISR,194,포병·전차를 이용한 전투,19,4,-10.0,6,1,6,-5.28846153846154,Lebanon,LE,https://gulfnews.com/world/mena/israel-says-downed-hezbollah-drone-1.85827521
20220218,1028973863,20220218,PALESTINIAN,PSE,ISRAEL,ISR,138,군사력 사용 위협,13,3,-7.0,10,1,10,-1.46886016451234,"Gaza, Israel (general), Israel",IS,https://blogs.timesofisrael.com/why-i-support-the-palestinians/
20220218,1028981457,20220218,IRAN,IRN,YEMENI,YEM,190,재래식 군사력 사용,19,4,-10.0,4,1,4,-9.38416422287394,"Safra, Khuzestan, Iran",IR,https://english.aawsat.com/home/article/3482016/houthi-attack-repelled-yemens-hajjah
20220218,1028981458,20220218,IRAN,IRN,YEMENI,YEM,190,재래식 군사력 사용,19,4,-10.0,6,1,6,-9.38416422287394,"Safra, Khuzestan, Iran",IR,https://english.aawsat.com/home/article/3482016/houthi-attack-repelled-yemens-hajjah
20220218,1028981905,20220218,YEMENI,YEM,IRAN,IRN,190,재래식 군사력 사용,19,4,-10.0,4,1,4,-9.38416422287394,"Safra, Khuzestan, Iran",IR,https://english.aawsat.com/home/article/3482016/houthi-attack-repelled-yemens-hajjah
20220218,1028981906,20220218,YEMENI,YEM,IRAN,IRN,190,재래식 군사력 사용,19,4,-10.0,6,1,6,-9.38416422287394,"Safra, Khuzestan, Iran",IR,https://english.aawsat.com/home/article/3482016/houthi-attack-repelled-yemens-hajjah
20220218,1028983453,20220218,ISRAEL,ISR,LEBANON,LBN,192,영토 점령,19,4,-9.5,10,1,10,1.63934426229508,Israel,IS,https://news.cgtn.com/news/2022-02-18/Israel-says-intercepted-drone-from-Lebanon--17KUFBXtVny/
20220218,1028983529,20220218,LEBANON,LBN,ISRAEL,ISR,192,영토 점령,19,4,-9.5,5,1,5,-1.92307692307692,Israel,IS,https://www.israelnationalnews.com/flashes/568150
20220218,1028986457,20220218,JERUSALEM,ISR,LEBANON,LBN,192,영토 점령,19,4,-9.5,8,1,8,0.0,"Jerusalem, Israel (general), Israel",IS,https://www.fxempire.com/news/article/unmanned-aircraft-from-lebanon-crossed-into-israel-israeli-army-says-903642
20220218,1028986501,20220218,LEBANON,LBN,ISRAEL,ISR,192,영토 점령,19,4,-9.5,10,1,10,0.0,"Jerusalem, Israel (general), Israel",IS,https://www.fxempire.com/news/article/unmanned-aircraft-from-lebanon-crossed-into-israel-israeli-army-says-903642
20220218,1028987642,20220218,ISRAELI,ISR,LEBANON,LBN,192,영토 점령,19,4,-9.5,3,1,2,-5.06059085042306,"Galilee, Ha?afon, Israel",IS,https://www.israelnationalnews.com/news/322509
20220218,1028987643,20220218,ISRAELI,ISR,LEBANON,LBN,192,영토 점령,19,4,-9.5,5,1,4,-6.57894736842105,"Galilee, Ha?afon, Israel",IS,https://www.israelnationalnews.com/news/322509
20220218,1028989737,20220218,ISRAEL,ISR,LEBANON,LBN,192,영토 점령,19,4,-9.5,2,1,2,-2.53164556962025,"Gaza, Israel (general), Israel",IS,https://themedialine.org/headlines/drone-from-lebanon-crosses-into-israel-activates-iron-dome/
20220218,1028989738,20220218,ISRAEL,ISR,LEBANON,LBN,192,영토 점령,19,4,-9.5,8,1,8,-2.53164556962025,"Gaza, Israel (general), Israel",IS,https://themedialine.org/headlines/drone-from-lebanon-crosses-into-israel-activates-iron-dome/
20220218,1028989739,20220218,ISRAEL,ISR,LEBANON,LBN,194,포병·전차를 이용한 전투,19,4,-10.0,100,10,100,-6.27832940159889,"Jerusalem, Israel (general), Israel",IS,https://apnews.com/article/business-middle-east-israel-lebanon-militant-groups-d6af7e14d815952c22f3670397623568
20220218,1028989740,20220218,ISRAEL,ISR,LEBANON,LBN,194,포병·전차를 이용한 전투,19,4,-10.0,10,1,10,-7.63052208835342,"Jerusalem, Israel (general), Israel",IS,https://infotel.ca/newsitem/ml-israel-lebanon/cp1774140666
20220218,1028989793,20220218,LEBANON,LBN,ISRAELI,ISR,154,군 병력 동원·증강,15,4,-7.2,2,1,2,-2.53164556962025,"Gaza, Israel (general), Israel",IS,https://themedialine.org/headlines/drone-from-lebanon-crosses-into-israel-activates-iron-dome/
20220218,1028989794,20220218,LEBANON,LBN,ISRAELI,ISR,154,군 병력 동원·증강,15,4,-7.2,6,1,6,-2.53164556962025,Lebanon,LE,https://themedialine.org/headlines/drone-from-lebanon-crosses-into-israel-activates-iron-dome/
20220218,1028989795,20220218,LEBANON,LBN,ISRAEL,ISR,154,군 병력 동원·증강,15,4,-7.2,2,1,2,-2.53164556962025,"Gaza, Israel (general), Israel",IS,https://themedialine.org/headlines/drone-from-lebanon-crosses-into-israel-activates-iron-dome/
20220218,1028989796,20220218,LEBANON,LBN,ISRAEL,ISR,190,재래식 군사력 사용,19,4,-10.0,2,1,2,-2.53164556962025,Iran,IR,https://themedialine.org/headlines/drone-from-lebanon-crosses-into-israel-activates-iron-dome/
20220218,1028989797,20220218,LEBANON,LBN,ISRAEL,ISR,190,재래식 군사력 사용,19,4,-10.0,8,1,8,-2.53164556962025,"Gaza, Israel (general), Israel",IS,https://themedialine.org/headlines/drone-from-lebanon-crosses-into-israel-activates-iron-dome/
20220218,1028989798,20220218,LEBANON,LBN,ISRAEL,ISR,192,영토 점령,19,4,-9.5,2,1,2,-2.53164556962025,"Gaza, Israel (general), Israel",IS,https://themedialine.org/headlines/drone-from-lebanon-crosses-into-israel-activates-iron-dome/
20220218,1028989799,20220218,LEBANON,LBN,ISRAEL,ISR,192,영토 점령,19,4,-9.5,8,1,8,-2.53164556962025,"Gaza, Israel (general), Israel",IS,https://themedialine.org/headlines/drone-from-lebanon-crosses-into-israel-activates-iron-dome/
20220218,1028989800,20220218,LEBANON,LBN,ISRAEL,ISR,193,소형무기·경무기를 이용한 전투,19,4,-10.0,20,4,20,-7.59967043596123,"Jerusalem, Israel (general), Israel",IS,https://apnews.com/article/business-middle-east-israel-lebanon-militant-groups-d6af7e14d815952c22f3670397623568
20220218,1028992973,20220218,SAUDI,SAU,YEMENI,YEM,138,군사력 사용 위협,13,3,-7.0,8,1,8,-4.87012987012987,"Jubah, Saudi Arabia (general), Saudi Arabia",SA,https://www.tasnimnews.com/en/news/2022/02/18/2666455/civilian-killed-as-saudi-jets-continue-to-bomb-yemeni-neighborhoods
20220218,1028992974,20220218,SAUDI,SAU,YEMEN,YEM,195,공중무기 사용,19,4,-10.0,2,1,2,-4.87012987012987,"Harad, ?ajjah, Yemen",YM,https://www.tasnimnews.com/en/news/2022/02/18/2666455/civilian-killed-as-saudi-jets-continue-to-bomb-yemeni-neighborhoods
20220218,1028992975,20220218,SAUDI,SAU,YEMEN,YEM,195,공중무기 사용,19,4,-10.0,4,1,4,-4.87012987012987,"Harad, ?ajjah, Yemen",YM,https://www.tasnimnews.com/en/news/2022/02/18/2666455/civilian-killed-as-saudi-jets-continue-to-bomb-yemeni-neighborhoods
20220218,1028992976,20220218,SAUDI,SAU,YEMEN,YEM,195,공중무기 사용,19,4,-10.0,4,1,4,-4.87012987012987,"Jubah, Saudi Arabia (general), Saudi Arabia",SA,https://www.tasnimnews.com/en/news/2022/02/18/2666455/civilian-killed-as-saudi-jets-continue-to-bomb-yemeni-neighborhoods
20220218,1028992977,20220218,SAUDI,SAU,YEMENI,YEM,195,공중무기 사용,19,4,-10.0,6,1,6,-4.87012987012987,"Sirwah, Ibb, Yemen",YM,https://www.tasnimnews.com/en/news/2022/02/18/2666455/civilian-killed-as-saudi-jets-continue-to-bomb-yemeni-neighborhoods
20220218,1028992978,20220218,SAUDI ARABIA,SAU,YEMEN,YEM,195,공중무기 사용,19,4,-10.0,2,1,2,-4.87012987012987,"Jubah, Saudi Arabia (general), Saudi Arabia",SA,https://www.tasnimnews.com/en/news/2022/02/18/2666455/civilian-killed-as-saudi-jets-continue-to-bomb-yemeni-neighborhoods
20220218,1028992980,20220218,SAUDI,SAU,SANAA,YEM,195,공중무기 사용,19,4,-10.0,10,1,10,-4.87012987012987,"Jubah, Saudi Arabia (general), Saudi Arabia",SA,https://www.tasnimnews.com/en/news/2022/02/18/2666455/civilian-killed-as-saudi-jets-continue-to-bomb-yemeni-neighborhoods
20220218,1028993908,20220218,ISRAEL,ISR,LEBANON,LBN,192,영토 점령,19,4,-9.5,2,1,2,-2.26666666666667,"Jordan Valley, Israel (general), Israel",IS,https://www.jpost.com/breaking-news/article-696921
20220218,1028993909,20220218,ISRAEL,ISR,LEBANON,LBN,194,포병·전차를 이용한 전투,19,4,-10.0,40,4,40,-7.44985552928815,Israel,IS,https://www.chron.com/news/article/Israel-shoots-down-alleged-Hezbollah-drone-16929163.php
20220218,1028994001,20220218,LEBANON,LBN,ISRAELI,ISR,192,영토 점령,19,4,-9.5,8,1,8,-2.26666666666667,"Beqaa, Béa, Lebanon",LE,https://www.jpost.com/breaking-news/article-696921
20220218,1028994002,20220218,LEBANON,LBN,ISRAEL,ISR,192,영토 점령,19,4,-9.5,2,1,2,-2.26666666666667,"Beqaa, Béa, Lebanon",LE,https://www.jpost.com/breaking-news/article-696921
20220218,1028994164,20220218,SYRIA,SYR,ISRAEL,ISR,192,영토 점령,19,4,-9.5,8,1,8,-2.26666666666667,"Jordan Valley, Israel (general), Israel",IS,https://www.jpost.com/breaking-news/article-696921
20220218,1028996027,20220218,ISRAEL,ISR,LEBANON,LBN,192,영토 점령,19,4,-9.5,3,2,3,-4.11219215567042,Israel,IS,https://sputniknews.com/20220218/israeli-military-launches-missile-interceptors-after-uav-from-lebanon-enters-israeli-airspace-1093137863.html
20220218,1028996028,20220218,ISRAELI,ISR,LEBANON,LBN,192,영토 점령,19,4,-9.5,10,2,10,-4.11219215567042,Israel,IS,https://sputniknews.com/20220218/israeli-military-launches-missile-interceptors-after-uav-from-lebanon-enters-israeli-airspace-1093137863.html
20220218,1028999390,20220218,ISRAEL,ISR,LEBANON,LBN,192,영토 점령,19,4,-9.5,2,1,2,-6.77966101694915,"Galilee, Ha?afon, Israel",IS,https://www.zawya.com/mena/en/economy/story/Unmanned_aircraft_from_Lebanon_crossed_into_Israel_Israeli_army_says-TR20220218nL1N2UT0Q8X1/
20220218,1028999391,20220218,JERUSALEM,ISR,LEBANON,LBN,192,영토 점령,19,4,-9.5,8,1,8,-6.77966101694915,"Galilee, Ha?afon, Israel",IS,https://www.zawya.com/mena/en/economy/story/Unmanned_aircraft_from_Lebanon_crossed_into_Israel_Israeli_army_says-TR20220218nL1N2UT0Q8X1/
20220218,1028999392,20220218,ISRAELI,ISR,LEBANON,LBN,192,영토 점령,19,4,-9.5,5,1,5,-1.49892933618844,Iran,IR,https://www.ynetnews.com/article/skr300eaj9
20220218,1028999498,20220218,LEBANON,LBN,ISRAEL,ISR,192,영토 점령,19,4,-9.5,8,1,8,-6.77966101694915,"Galilee, Ha?afon, Israel",IS,https://www.zawya.com/mena/en/economy/story/Unmanned_aircraft_from_Lebanon_crossed_into_Israel_Israeli_army_says-TR20220218nL1N2UT0Q8X1/
20220218,1028999499,20220218,LEBANON,LBN,ISRAEL,ISR,192,영토 점령,19,4,-9.5,2,1,2,-6.77966101694915,Lebanon,LE,https://www.zawya.com/mena/en/economy/story/Unmanned_aircraft_from_Lebanon_crossed_into_Israel_Israeli_army_says-TR20220218nL1N2UT0Q8X1/
20220218,1029008815,20220218,ISRAELI,ISR,LEBANON,LBN,192,영토 점령,19,4,-9.5,1,1,1,-3.67892976588629,Lebanon,LE,https://southfront.org/israel-says-it-lost-track-of-drone-that-penetrated-its-airspace-dodged-its-interceptors-fighter-jets/
20220218,1029008816,20220218,ISRAELI,ISR,LEBANON,LBN,192,영토 점령,19,4,-9.5,67,10,67,-3.41687640759941,Lebanon,LE,https://southfront.org/israel-says-it-lost-track-of-drone-that-penetrated-its-airspace-dodged-its-interceptors-fighter-jets/
20220218,1029008825,20220218,ISRAELI,ISR,WEST BANK,PSE,190,재래식 군사력 사용,19,4,-10.0,7,1,7,-4.84652665589661,"Sheikh Jarrah, Yerushalayim, Israel",IS,https://www.middleeasteye.net/news/israel-palestine-east-jerusalem-blocks-travelling-sheikh-jarrah
20220218,1029008826,20220218,ISRAELI,ISR,WEST BANK,PSE,190,재래식 군사력 사용,19,4,-10.0,1,1,1,-4.84652665589661,"Sheikh Jarrah, Yerushalayim, Israel",IS,https://www.middleeasteye.net/news/israel-palestine-east-jerusalem-blocks-travelling-sheikh-jarrah
20220218,1029008828,20220218,ISRAELI,ISR,LEBANON,LBN,192,영토 점령,19,4,-9.5,17,2,17,-3.80024919666864,Lebanon,LE,https://southfront.org/israel-says-it-lost-track-of-drone-that-penetrated-its-airspace-dodged-its-interceptors-fighter-jets/
20220218,1029008829,20220218,ISRAEL,ISR,LEBANON,LBN,192,영토 점령,19,4,-9.5,1,1,1,-3.67892976588629,Lebanon,LE,https://southfront.org/israel-says-it-lost-track-of-drone-that-penetrated-its-airspace-dodged-its-interceptors-fighter-jets/
20220218,1029009114,20220218,WEST BANK,PSE,ISRAELI,ISR,190,재래식 군사력 사용,19,4,-10.0,1,1,1,-4.84652665589661,"Sheikh Jarrah, Yerushalayim, Israel",IS,https://www.middleeasteye.net/news/israel-palestine-east-jerusalem-blocks-travelling-sheikh-jarrah
20220218,1029009115,20220218,WEST BANK,PSE,ISRAELI,ISR,190,재래식 군사력 사용,19,4,-10.0,7,1,7,-4.84652665589661,"Sheikh Jarrah, Yerushalayim, Israel",IS,https://www.middleeasteye.net/news/israel-palestine-east-jerusalem-blocks-travelling-sheikh-jarrah
20220218,1029017707,20220218,LEBANON,LBN,ISRAEL,ISR,192,영토 점령,19,4,-9.5,13,4,13,-5.25473172627187,Lebanon,LE,https://www.i24news.tv/en/news/middle-east/levant-turkey/1645178391-alarms-sound-in-northern-israel-s-galilee-area
20220218,1029021143,20220218,ISRAEL,ISR,LEBANON,LBN,192,영토 점령,19,4,-9.5,16,8,16,-3.3210332103321,Israel,IS,https://www.iraqsun.com/news/272312049/drone-evades-israels-iron-dome-interceptor-reports
20220218,1029021144,20220218,ISRAELI,ISR,LEBANON,LBN,195,공중무기 사용,19,4,-10.0,2,1,2,-4.9645390070922,Lebanon,LE,https://www.the961.com/israel-allegedly-intercepted-drone-from-lebanon/
20220218,1029021161,20220218,ISRAELI,ISR,LEBANON,LBN,195,공중무기 사용,19,4,-10.0,8,1,8,-4.9645390070922,Lebanon,LE,https://www.the961.com/israel-allegedly-intercepted-drone-from-lebanon/
20220218,1029021467,20220218,SYRIA,SYR,IRAQ,IRQ,190,재래식 군사력 사용,19,4,-10.0,2,1,2,-5.07469244288225,"Hasakah, Dhi Qar, Iraq",IZ,https://english.enabbaladi.net/archives/2022/02/here-to-stay-islamic-state-revives-attacks-amid-futile-counter-campaigns-in-syria/
20220218,1029024605,20220218,ISRAEL,ISR,LEBANON,LBN,194,포병·전차를 이용한 전투,19,4,-10.0,10,1,10,-6.6914498141264,Lebanon,LE,https://kstp.com/associated-press/ap-international/israel-fires-missiles-at-alleged-drone-flown-from-lebanon/
20220218,1029024609,20220218,ISRAELI,ISR,WEST BANK,PSE,193,소형무기·경무기를 이용한 전투,19,4,-10.0,2,1,2,-6.23556581986143,"Jerusalem, Israel (general), Israel",IS,https://www.middleeasteye.net/news/israel-ehud-barak-no-regret-killing-palestinian-citizens
20220218,1029024618,20220218,ISRAEL,ISR,LEBANON,LBN,190,재래식 군사력 사용,19,4,-10.0,2,1,2,-3.92156862745098,Israel,IS,https://www.thehindu.com/news/international/israel-fires-on-new-drone-from-lebanon-army/article65063172.ece
20220218,1029024619,20220218,ISRAEL,ISR,LEBANON,LBN,190,재래식 군사력 사용,19,4,-10.0,8,1,8,-3.92156862745098,Lebanon,LE,https://www.thehindu.com/news/international/israel-fires-on-new-drone-from-lebanon-army/article65063172.ece
20220218,1029024874,20220218,WEST BANK,PSE,ISRAELI,ISR,193,소형무기·경무기를 이용한 전투,19,4,-10.0,9,1,9,-6.23556581986143,"Jerusalem, Israel (general), Israel",IS,https://www.middleeasteye.net/news/israel-ehud-barak-no-regret-killing-palestinian-citizens
20220218,1029024875,20220218,WEST BANK,PSE,ISRAEL,ISR,193,소형무기·경무기를 이용한 전투,19,4,-10.0,1,1,1,-6.23556581986143,"Jerusalem, Israel (general), Israel",IS,https://www.middleeasteye.net/news/israel-ehud-barak-no-regret-killing-palestinian-citizens
20220218,1029027206,20220218,LEBANON,LBN,ISRAELI,ISR,192,영토 점령,19,4,-9.5,4,1,4,-5.83941605839416,Israel,IS,https://edition.cnn.com/2022/02/18/middleeast/mideast-summary-02-18-2022-intl/
20220218,1029027207,20220218,LEBANON,LBN,ISRAELI,ISR,192,영토 점령,19,4,-9.5,48,4,48,-5.91669577864223,Lebanon,LE,https://edition.cnn.com/2022/02/18/middleeast/mideast-summary-02-18-2022-intl/
20220218,1029027361,20220218,PALESTINIAN,PSE,ISRAEL,ISR,190,재래식 군사력 사용,19,4,-10.0,4,1,4,-2.7355623100304,Israel,IS,https://www.timesofisrael.com/left-wing-activists-march-on-west-bank-outpost-in-rally-against-legalization-plan/
20220218,1029029413,20220218,ISRAEL,ISR,SINAI PENINSULA,EGY,190,재래식 군사력 사용,19,4,-10.0,1,1,1,1.38461538461538,"Gaza, Israel (general), Israel",IS,https://freerepublic.com/focus/f-news/4039452/posts
20220218,1029029414,20220218,ISRAEL,ISR,SINAI PENINSULA,EGY,190,재래식 군사력 사용,19,4,-10.0,4,1,4,1.38461538461538,"Gaza, Israel (general), Israel",IS,https://freerepublic.com/focus/f-news/4039452/posts
20220218,1029031679,20220218,ISRAELI,ISR,LEBANON,LBN,192,영토 점령,19,4,-9.5,4,1,4,-3.87409200968523,"Beirut, Beyrouth, Lebanon",LE,https://gulfnews.com/world/mena/loud-sound-heard-israeli-jets-seen-over-beirut-security-source-witness-say-1.85830246
20220218,1029031685,20220218,ISRAELI,ISR,LEBANON,LBN,192,영토 점령,19,4,-9.5,4,1,4,-3.87409200968523,"Beirut, Beyrouth, Lebanon",LE,https://gulfnews.com/world/mena/loud-sound-heard-israeli-jets-seen-over-beirut-security-source-witness-say-1.85830246
20220218,1029031686,20220218,ISRAEL,ISR,LEBANON,LBN,192,영토 점령,19,4,-9.5,2,1,2,-3.87409200968523,"Beirut, Beyrouth, Lebanon",LE,https://gulfnews.com/world/mena/loud-sound-heard-israeli-jets-seen-over-beirut-security-source-witness-say-1.85830246
20220218,1029037691,20220218,ISRAEL,ISR,LEBANON,LBN,154,군 병력 동원·증강,15,4,-7.2,1,1,1,-3.85164051355207,"Gaza, Israel (general), Israel",IS,https://www.timesofisrael.com/iaf-flies-over-lebanon-after-drone-enters-israel-hezbollah-takes-responsibility/
20220218,1029037692,20220218,ISRAELI,ISR,BEIRUT,LBN,154,군 병력 동원·증강,15,4,-7.2,2,1,2,-3.85164051355207,"Beirut, Beyrouth, Lebanon",LE,https://www.timesofisrael.com/iaf-flies-over-lebanon-after-drone-enters-israel-hezbollah-takes-responsibility/
20220218,1029043534,20220218,ISRAELI,ISR,PALESTINE,PSE,190,재래식 군사력 사용,19,4,-10.0,6,1,6,-11.4503816793893,"Beit Dajan, HaMerkaz, Israel",IS,https://www.presstv.ir/Detail/2022/02/18/677071/Israeli-forces-injure-dozens-of-Palestinians-in-West-Bank
20220218,1029043535,20220218,ISRAEL,ISR,WEST BANK,PSE,190,재래식 군사력 사용,19,4,-10.0,4,1,4,-11.4503816793893,"Beit Dajan, HaMerkaz, Israel",IS,https://www.presstv.ir/Detail/2022/02/18/677071/Israeli-forces-injure-dozens-of-Palestinians-in-West-Bank
20220218,1029043536,20220218,ISRAELI,ISR,WEST BANK,PSE,190,재래식 군사력 사용,19,4,-10.0,10,1,10,-11.4503816793893,"Kafr Qaddum, West Bank (general), West Bank",WE,https://www.presstv.ir/Detail/2022/02/18/677071/Israeli-forces-injure-dozens-of-Palestinians-in-West-Bank
20220218,1029043792,20220218,PALESTINE,PSE,ISRAELI,ISR,190,재래식 군사력 사용,19,4,-10.0,6,1,6,-11.4503816793893,"Beit Dajan, HaMerkaz, Israel",IS,https://www.presstv.ir/Detail/2022/02/18/677071/Israeli-forces-injure-dozens-of-Palestinians-in-West-Bank
20220218,1029043793,20220218,WEST BANK,PSE,ISRAEL,ISR,190,재래식 군사력 사용,19,4,-10.0,6,1,4,-11.4503816793893,"Beit Dajan, HaMerkaz, Israel",IS,https://www.presstv.ir/Detail/2022/02/18/677071/Israeli-forces-injure-dozens-of-Palestinians-in-West-Bank
20220218,1029043794,20220218,WEST BANK,PSE,ISRAELI,ISR,190,재래식 군사력 사용,19,4,-10.0,8,1,8,-11.4503816793893,"Beita, West Bank (general), West Bank",WE,https://www.presstv.ir/Detail/2022/02/18/677071/Israeli-forces-injure-dozens-of-Palestinians-in-West-Bank
20220218,1029043795,20220218,PALESTINIAN,PSE,ISRAEL,ISR,193,소형무기·경무기를 이용한 전투,19,4,-10.0,2,1,2,-9.36051899907323,"Tel Aviv, Tel Aviv, Israel",IS,https://www.trtworld.com/opinion/crimes-of-the-assad-dynasty-forty-years-of-international-impunity-54889
20220218,1029045031,20220218,ISRAEL,ISR,LEBANON,LBN,190,재래식 군사력 사용,19,4,-10.0,2,1,2,-1.43884892086331,Israel,IS,https://www.albawaba.com/news/israel-fires-hezbollah-drone-crossing-its-airspace-lebanon-1466839
20220218,1029045032,20220218,ISRAEL,ISR,LEBANON,LBN,190,재래식 군사력 사용,19,4,-10.0,2,1,2,-1.43884892086331,Israel,IS,https://www.albawaba.com/news/israel-fires-hezbollah-drone-crossing-its-airspace-lebanon-1466839
20220218,1029045033,20220218,ISRAEL,ISR,LEBANON,LBN,190,재래식 군사력 사용,19,4,-10.0,4,1,4,-1.43884892086331,"Beirut, Beyrouth, Lebanon",LE,https://www.albawaba.com/news/israel-fires-hezbollah-drone-crossing-its-airspace-lebanon-1466839
20220218,1029045034,20220218,ISRAEL,ISR,LEBANON,LBN,190,재래식 군사력 사용,19,4,-10.0,2,1,2,-1.43884892086331,Israel,IS,https://www.albawaba.com/news/israel-fires-hezbollah-drone-crossing-its-airspace-lebanon-1466839
20220218,1029045035,20220218,ISRAEL,ISR,LEBANON,LBN,192,영토 점령,19,4,-9.5,2,1,2,-1.43884892086331,"Beirut, Beyrouth, Lebanon",LE,https://www.albawaba.com/news/israel-fires-hezbollah-drone-crossing-its-airspace-lebanon-1466839
20220218,1029045036,20220218,ISRAEL,ISR,LEBANON,LBN,192,영토 점령,19,4,-9.5,38,4,38,-2.77872946030889,"Beirut, Beyrouth, Lebanon",LE,https://www.albawaba.com/news/israel-fires-hezbollah-drone-crossing-its-airspace-lebanon-1466839
20220218,1029055164,20220218,ISRAEL,ISR,GAZA,PSE,190,재래식 군사력 사용,19,4,-10.0,1,1,1,-6.63507109004739,"Sheikh Jarrah, Yerushalayim, Israel",IS,https://www.timesofisrael.com/palestinian-boy-12-said-hit-in-head-by-idf-fire-at-protest-against-illegal-outpost/
20220218,1029055165,20220218,ISRAEL,ISR,GAZA,PSE,194,포병·전차를 이용한 전투,19,4,-10.0,2,1,2,-4.58515283842795,"Gaza, Israel (general), Israel",IS,https://www.irishtimes.com/news/world/middle-east/israel-accuses-un-rights-council-of-politically-motivated-bias-1.4806376
20220218,1029055166,20220218,ISRAEL,ISR,GAZA,PSE,194,포병·전차를 이용한 전투,19,4,-10.0,1,1,1,-4.58515283842795,"Gaza, Israel (general), Israel",IS,https://www.irishtimes.com/news/world/middle-east/israel-accuses-un-rights-council-of-politically-motivated-bias-1.4806376
20220218,1029055197,20220218,HASSAN,JOR,ISRAELI,ISR,195,공중무기 사용,19,4,-10.0,25,5,25,-3.00945829750645,"Tel Aviv, Tel Aviv, Israel",IS,https://www.middleeaststar.com/news/272312830/why-israel-strikes-syria
20220218,1029055533,20220218,GAZA,PSE,ISRAEL,ISR,190,재래식 군사력 사용,19,4,-10.0,1,1,1,-6.63507109004739,"Sheikh Jarrah, Yerushalayim, Israel",IS,https://www.timesofisrael.com/palestinian-boy-12-said-hit-in-head-by-idf-fire-at-protest-against-illegal-outpost/
20220218,1029059689,20220218,ISRAELI,ISR,LEBANESE,LBN,154,군 병력 동원·증강,15,4,-7.2,4,1,4,-3.08641975308642,"Beirut, Beyrouth, Lebanon",LE,https://www.i24news.tv/en/news/israel/1645207457-hezbollah-takes-responsibility-for-drone-flown-into-israel
20220218,1029059690,20220218,ISRAEL,ISR,LEBANON,LBN,190,재래식 군사력 사용,19,4,-10.0,10,1,10,-3.08641975308642,Israel,IS,https://www.i24news.tv/en/news/israel/1645207457-hezbollah-takes-responsibility-for-drone-flown-into-israel
20220218,1029059691,20220218,ISRAEL,ISR,LEBANON,LBN,192,영토 점령,19,4,-9.5,10,1,10,-3.08641975308642,"Beirut, Beyrouth, Lebanon",LE,https://www.i24news.tv/en/news/israel/1645207457-hezbollah-takes-responsibility-for-drone-flown-into-israel
20220218,1029059700,20220218,ISRAEL,ISR,PALESTINIAN,PSE,193,소형무기·경무기를 이용한 전투,19,4,-10.0,2,1,2,-3.53697749196141,Israel,IS,https://www.haaretz.com/israel-news/.premium-12-year-old-palestinian-wounded-by-israeii-fire-in-the-west-bank-1.10620844
20220218,1029059703,20220218,ISRAELI,ISR,LEBANESE,LBN,154,군 병력 동원·증강,15,4,-7.2,4,1,4,-3.08641975308642,"Beirut, Beyrouth, Lebanon",LE,https://www.i24news.tv/en/news/israel/1645207457-hezbollah-takes-responsibility-for-drone-flown-into-israel
20220218,1029059704,20220218,ISRAEL,ISR,LEBANON,LBN,154,군 병력 동원·증강,15,4,-7.2,2,1,2,-3.08641975308642,Israel,IS,https://www.i24news.tv/en/news/israel/1645207457-hezbollah-takes-responsibility-for-drone-flown-into-israel
20220218,1029059965,20220218,PALESTINIAN,PSE,ISRAELI,ISR,193,소형무기·경무기를 이용한 전투,19,4,-10.0,1,1,1,-3.53697749196141,Israel,IS,https://www.haaretz.com/israel-news/.premium-12-year-old-palestinian-wounded-by-israeii-fire-in-the-west-bank-1.10620844
20220218,1029059969,20220218,HAMAS,PSE,ISRAEL,ISR,138,군사력 사용 위협,13,3,-7.0,48,4,48,-7.16033375569722,Gaza Strip,GZ,https://www.france24.com/en/live-news/20220218-israeli-police-scatter-palestinian-protesters-in-jerusalem
20220218,1029061797,20220218,ISRAEL,ISR,HAMAS,PSE,190,재래식 군사력 사용,19,4,-10.0,2,1,2,-0.60422960725076,"Gaza, Israel (general), Israel",IS,https://www.fijitimes.com/builders-find-2000-year-old-roman-cemetery-in-gaza/
20220218,1029062022,20220218,HAMAS,PSE,ISRAEL,ISR,190,재래식 군사력 사용,19,4,-10.0,2,1,2,-0.60422960725076,"Gaza, Israel (general), Israel",IS,https://www.fijitimes.com/builders-find-2000-year-old-roman-cemetery-in-gaza/
20220218,1029063887,20220218,ISRAELI,ISR,LEBANON,LBN,192,영토 점령,19,4,-9.5,5,1,4,-3.54223433242506,"Galilee, Ha?afon, Israel",IS,https://www.israelnationalnews.com/news/322526
20220218,1029063888,20220218,ISRAELI,ISR,LEBANON,LBN,192,영토 점령,19,4,-9.5,1,1,1,-3.54223433242506,"Galilee, Ha?afon, Israel",IS,https://www.israelnationalnews.com/news/322526
20220218,1029063891,20220218,ISRAELI,ISR,DAMASCUS,SYR,190,재래식 군사력 사용,19,4,-10.0,4,1,4,-5.80473032161181,"Damascus, Dimashq, Syria",SY,https://www.arabherald.com/news/272312458/south-sudan-president-arrives-in-uae-to-attend-his-country-national-day-at-expo-2020-dubai
20220218,1029063892,20220218,ISRAELI,ISR,DAMASCUS,SYR,190,재래식 군사력 사용,19,4,-10.0,24,1,24,-5.80473032161181,Israel,IS,https://www.arabherald.com/news/272312458/south-sudan-president-arrives-in-uae-to-attend-his-country-national-day-at-expo-2020-dubai
20220218,1029063893,20220218,ISRAELI,ISR,DAMASCUS,SYR,190,재래식 군사력 사용,19,4,-10.0,4,1,4,-5.80473032161181,Israel,IS,https://www.arabherald.com/news/272312458/south-sudan-president-arrives-in-uae-to-attend-his-country-national-day-at-expo-2020-dubai
20220218,1029063901,20220218,ISRAEL,ISR,LEBANON,LBN,190,재래식 군사력 사용,19,4,-10.0,24,3,24,-3.22535630679075,"Beirut, Beyrouth, Lebanon",LE,https://english.aawsat.com/home/article/3482591/hezbollah-drone-triggers-air-defenses-northern-israel
20220218,1029063902,20220218,ISRAEL,ISR,LEBANON,LBN,190,재래식 군사력 사용,19,4,-10.0,6,3,6,-3.22535630679075,Israel,IS,https://english.aawsat.com/home/article/3482591/hezbollah-drone-triggers-air-defenses-northern-israel
20220218,1029071346,20220218,PALESTINIAN,PSE,ISRAEL,ISR,190,재래식 군사력 사용,19,4,-10.0,2,1,2,-7.40740740740741,"Hebron, Israel (general), Israel",IS,https://www.arabnews.com/node/2027606
20220218,1029071353,20220218,WEST BANK,PSE,ISRAEL,ISR,190,재래식 군사력 사용,19,4,-10.0,2,1,2,-7.40740740740741,"Hebron, Israel (general), Israel",IS,https://www.arabnews.com/node/2027606
20220218,1029075673,20220218,JERUSALEM,ISR,LEBANON,LBN,190,재래식 군사력 사용,19,4,-10.0,10,1,10,-3.92156862745098,Lebanon,LE,https://www.daily-sun.com/./printversion/details/606215/Israel-fires-on-new-drone-from-Lebanon
20220218,1029079445,20220218,HAMAS,PSE,ISRAEL,ISR,138,군사력 사용 위협,13,3,-7.0,4,2,4,-6.94700676452501,"Sheikh Jarrah, Yerushalayim, Israel",IS,https://www.aljazeera.com/news/2022/2/18/israeli-police-scatter-palestinian-protesters-in-sheikh-jarrah
20220219,1029094034,20220218,ISRAELI,ISR,PALESTINIAN,PSE,193,소형무기·경무기를 이용한 전투,19,4,-10.0,1,1,1,-6.81818181818182,"Jerusalem, Israel (general), Israel",IS,https://www.gulf-times.com/story/709955/WFP-funding-crunch-in-Yemen-sees-millions-go-hungr
20220219,1029095536,20220219,JERUSALEM,ISR,LEBANON,LBN,192,영토 점령,19,4,-9.5,10,1,10,0.0,"Jerusalem, Israel (general), Israel",IS,https://www.swissinfo.ch/eng/reuters/unmanned-aircraft-from-lebanon-crossed-into-israel--israeli-army-says/47359294
20220219,1029095538,20220219,ISRAEL,ISR,WEST BANK,PSE,193,소형무기·경무기를 이용한 전투,19,4,-10.0,4,1,4,-6.81818181818182,"Jerusalem, Israel (general), Israel",IS,https://www.gulf-times.com/story/709955/WFP-funding-crunch-in-Yemen-sees-millions-go-hungr
20220219,1029095717,20220219,LEBANON,LBN,ISRAEL,ISR,192,영토 점령,19,4,-9.5,10,1,10,0.0,"Jerusalem, Israel (general), Israel",IS,https://www.swissinfo.ch/eng/reuters/unmanned-aircraft-from-lebanon-crossed-into-israel--israeli-army-says/47359294
20220219,1029096276,20220219,SYRIAN,SYR,ISRAELI,ISR,190,재래식 군사력 사용,19,4,-10.0,8,1,8,-3.93374741200828,"Tel Aviv, Tel Aviv, Israel",IS,https://www.greanvillepost.com/2022/02/18/in-ukraine-crisis-will-iran-emerge-a-winner-and-israel-a-loser/
20220219,1029096277,20220219,SYRIAN,SYR,ISRAEL,ISR,190,재래식 군사력 사용,19,4,-10.0,2,1,2,-3.93374741200828,"Tehran, Tehran, Iran",IR,https://www.greanvillepost.com/2022/02/18/in-ukraine-crisis-will-iran-emerge-a-winner-and-israel-a-loser/
20220219,1029105865,20220219,HAMAS,PSE,ISRAEL,ISR,138,군사력 사용 위협,13,3,-7.0,8,2,8,-6.96240172715792,Gaza Strip,GZ,https://www.al-monitor.com/originals/2022/02/israeli-police-scatter-palestinian-protesters-jerusalem
20220219,1029105866,20220219,HAMAS,PSE,ISRAEL,ISR,138,군사력 사용 위협,13,3,-7.0,1,1,1,-6.93877551020408,"Jerusalem, Israel (general), Israel",IS,https://www.al-monitor.com/originals/2022/02/israeli-police-scatter-palestinian-protesters-jerusalem
20220219,1029117709,20220219,HAMAS,PSE,ISRAEL,ISR,138,군사력 사용 위협,13,3,-7.0,8,2,8,-7.16897301800343,"Sheikh Jarrah, Yerushalayim, Israel",IS,https://www.wiredprnews.com/israeli-police-scatter-palestinian-protesters-in-sheikh-jarrah-israel-palestine-conflict-news/
20220219,1029117710,20220219,HAMAS,PSE,ISRAEL,ISR,138,군사력 사용 위협,13,3,-7.0,6,1,6,-7.02087286527514,Gaza Strip,GZ,https://www.wiredprnews.com/israeli-police-scatter-palestinian-protesters-in-sheikh-jarrah-israel-palestine-conflict-news/
20220219,1029130717,20220219,ISRAEL,ISR,HAMAS,PSE,190,재래식 군사력 사용,19,4,-10.0,8,4,8,-6.55533399800598,Israel,IS,https://english.news.cn/20220219/e58d156e7b2a475aabf62545c26b07e4/c.html
20220219,1029130814,20220219,HAMAS,PSE,ISRAEL,ISR,190,재래식 군사력 사용,19,4,-10.0,8,4,8,-6.55533399800598,Israel,IS,https://english.news.cn/20220219/e58d156e7b2a475aabf62545c26b07e4/c.html
20220219,1029131694,20220219,ISRAELI,ISR,PALESTINIAN,PSE,190,재래식 군사력 사용,19,4,-10.0,60,6,60,-9.44939833828723,"Beit Dajan, HaMerkaz, Israel",IS,https://www.bignewsnetwork.com/news/272313979/palestinians-injured-in-clashes-with-israeli-soldiers-in-west-bank-medics
20220219,1029131840,20220219,PALESTINIAN,PSE,ISRAELI,ISR,190,재래식 군사력 사용,19,4,-10.0,60,6,60,-9.44939833828723,"Beita, West Bank (general), West Bank",WE,https://www.bignewsnetwork.com/news/272313979/palestinians-injured-in-clashes-with-israeli-soldiers-in-west-bank-medics
20220219,1029133564,20220219,JERUSALEM,ISR,LEBANON,LBN,190,재래식 군사력 사용,19,4,-10.0,10,1,10,-2.02020202020202,"Jerusalem, Israel (general), Israel",IS,https://www.dawn.com/news/1675870/israel-says-drone-entered-its-airspace-from-lebanon
20220219,1029133565,20220219,JERUSALEM,ISR,LEBANON,LBN,192,영토 점령,19,4,-9.5,8,1,8,-2.02020202020202,"Beirut, Beyrouth, Lebanon",LE,https://www.dawn.com/news/1675870/israel-says-drone-entered-its-airspace-from-lebanon
20220219,1029133566,20220219,ISRAEL,ISR,LEBANON,LBN,192,영토 점령,19,4,-9.5,2,1,2,-2.02020202020202,"Beirut, Beyrouth, Lebanon",LE,https://www.dawn.com/news/1675870/israel-says-drone-entered-its-airspace-from-lebanon
20220219,1029148179,20220219,ISRAELI,ISR,HAMAS,PSE,190,재래식 군사력 사용,19,4,-10.0,2,1,2,-6.22406639004149,"Gaza, Israel (general), Israel",IS,https://mb.com.ph/2022/02/19/nothing-to-worry-about-afp-chief-quells-public-fear-over-hamas-terror-plot/
20220219,1029148180,20220219,ISRAELI,ISR,HAMAS,PSE,190,재래식 군사력 사용,19,4,-10.0,20,3,20,-3.94216670223333,"Gaza, Israel (general), Israel",IS,https://mb.com.ph/2022/02/19/nothing-to-worry-about-afp-chief-quells-public-fear-over-hamas-terror-plot/
20220219,1029148281,20220219,HAMAS,PSE,ISRAELI,ISR,190,재래식 군사력 사용,19,4,-10.0,2,1,2,-6.22406639004149,"Gaza, Israel (general), Israel",IS,https://mb.com.ph/2022/02/19/nothing-to-worry-about-afp-chief-quells-public-fear-over-hamas-terror-plot/
20220219,1029148282,20220219,HAMAS,PSE,ISRAELI,ISR,190,재래식 군사력 사용,19,4,-10.0,10,2,10,-4.42782266870496,"Gaza, Israel (general), Israel",IS,https://mb.com.ph/2022/02/19/nothing-to-worry-about-afp-chief-quells-public-fear-over-hamas-terror-plot/
20220219,1029152206,20220219,IRANIAN,IRN,HASSAN,JOR,190,재래식 군사력 사용,19,4,-10.0,2,1,2,-6.34390651085142,"Gilan, Kerman, Iran",IR,https://www.middleeasteye.net/news/iran-beheading-teenage-wife-femicide-violence-women
20220219,1029152225,20220219,ISRAEL,ISR,LEBANON,LBN,195,공중무기 사용,19,4,-10.0,4,1,4,-1.94594594594595,"Galilee, Ha?afon, Israel",IS,https://www.archyde.com/national-news-agency-middle-east-hezbollah-claims-to-launch-a-march-over-israel-and-tel-aviv-responds-by-flying-its-fighters-over-beirut/
20220219,1029152226,20220219,ISRAELI,ISR,LEBANON,LBN,195,공중무기 사용,19,4,-10.0,6,1,6,-1.94594594594595,"Mays Al-Jabal, Nabatî, Lebanon",LE,https://www.archyde.com/national-news-agency-middle-east-hezbollah-claims-to-launch-a-march-over-israel-and-tel-aviv-responds-by-flying-its-fighters-over-beirut/
20220219,1029153427,20220219,ISRAELI,ISR,PALESTINIAN,PSE,193,소형무기·경무기를 이용한 전투,19,4,-10.0,2,1,2,-8.01033591731267,"Tel Aviv, Tel Aviv, Israel",IS,https://www.presstv.ir/Detail/2022/02/19/677112/Ex-Israeli-PM-feels-no-guilt-killing-Palestinians-2000
20220219,1029153431,20220219,ISRAELI,ISR,PALESTINIAN,PSE,193,소형무기·경무기를 이용한 전투,19,4,-10.0,2,1,2,-8.01033591731267,"Tel Aviv, Tel Aviv, Israel",IS,https://www.presstv.ir/Detail/2022/02/19/677112/Ex-Israeli-PM-feels-no-guilt-killing-Palestinians-2000
20220219,1029153432,20220219,ISRAEL,ISR,PALESTINIAN,PSE,193,소형무기·경무기를 이용한 전투,19,4,-10.0,1,1,1,-8.01033591731267,"Tel Aviv, Tel Aviv, Israel",IS,https://www.presstv.ir/Detail/2022/02/19/677112/Ex-Israeli-PM-feels-no-guilt-killing-Palestinians-2000
20220219,1029158138,20220219,ISRAELI,ISR,PALESTINIAN,PSE,190,재래식 군사력 사용,19,4,-10.0,2,1,2,-4.20168067226891,"Jerusalem, Israel (general), Israel",IS,https://www.middleeastmonitor.com/20220219-israels-occupation-forces-attack-sheikh-jarrah-protesters/
20220219,1029158140,20220219,ISRAELI,ISR,PALESTINIAN,PSE,190,재래식 군사력 사용,19,4,-10.0,2,1,2,-4.20168067226891,"Jerusalem, Israel (general), Israel",IS,https://www.middleeastmonitor.com/20220219-israels-occupation-forces-attack-sheikh-jarrah-protesters/
20220219,1029158150,20220219,ISRAELI,ISR,PALESTINIAN,PSE,190,재래식 군사력 사용,19,4,-10.0,1,1,1,-4.89795918367347,"Jerusalem, Israel (general), Israel",IS,https://www.middleeastmonitor.com/20220219-ekrema-sabri-sheikh-jarrah-must-be-protected-by-all-muslims/
20220219,1029164184,20220219,ISRAEL,ISR,HAMAS,PSE,190,재래식 군사력 사용,19,4,-10.0,2,1,2,-5.10083036773428,"Gaza, Israel (general), Israel",IS,https://blogs.timesofisrael.com/reply-to-dan-perry-who-ignores-the-terrorist-threat-to-israel/
20220219,1029164320,20220219,HAMAS,PSE,ISRAEL,ISR,194,포병·전차를 이용한 전투,19,4,-10.0,1,1,1,-5.10083036773428,"Ramallah, West Bank (general), West Bank",WE,https://blogs.timesofisrael.com/reply-to-dan-perry-who-ignores-the-terrorist-threat-to-israel/
20220219,1029164321,20220219,HAMAS,PSE,ISRAEL,ISR,194,포병·전차를 이용한 전투,19,4,-10.0,5,1,5,-5.10083036773428,"Gaza, Israel (general), Israel",IS,https://blogs.timesofisrael.com/reply-to-dan-perry-who-ignores-the-terrorist-threat-to-israel/
20220219,1029164322,20220219,HAMAS,PSE,ISRAEL,ISR,194,포병·전차를 이용한 전투,19,4,-10.0,4,1,4,-5.10083036773428,"Gaza, Israel (general), Israel",IS,https://blogs.timesofisrael.com/reply-to-dan-perry-who-ignores-the-terrorist-threat-to-israel/
20220219,1029170844,20220219,HAMAS,PSE,ISRAEL,ISR,138,군사력 사용 위협,13,3,-7.0,1,1,1,-6.98602794411177,Gaza Strip,GZ,https://english.alaraby.co.uk/news/israel-forces-disperse-sheikh-jarrah-protesters-jerusalem
20220219,1029185048,20220219,ISRAELI,ISR,LEBANON,LBN,192,영토 점령,19,4,-9.5,3,2,3,-1.95835687938353,"Gaza, Israel (general), Israel",IS,https://www.jpost.com/middle-east/article-697004
20220219,1029185049,20220219,ISRAELI,ISR,LEBANON,LBN,192,영토 점령,19,4,-9.5,21,2,21,-1.95835687938353,"Gaza, Israel (general), Israel",IS,https://www.jpost.com/middle-east/article-697004
20220219,1029185879,20220219,ISRAEL,ISR,WEST BANK,PSE,190,재래식 군사력 사용,19,4,-10.0,2,1,2,-6.81222707423581,"Gaza, Israel (general), Israel",IS,https://english.ahram.org.eg/NewsContent/50/1203/461158/AlAhram-Weekly/World/Escalation-in-Jerusalem-and-the-West-Bank.aspx
20220219,1029185880,20220219,ISRAEL,ISR,WEST BANK,PSE,190,재래식 군사력 사용,19,4,-10.0,6,1,6,-6.81222707423581,"Gaza, Israel (general), Israel",IS,https://english.ahram.org.eg/NewsContent/50/1203/461158/AlAhram-Weekly/World/Escalation-in-Jerusalem-and-the-West-Bank.aspx
20220219,1029188053,20220219,ISRAEL,ISR,SYRIA,SYR,190,재래식 군사력 사용,19,4,-10.0,8,1,8,-2.8869286287089,"Golan Heights, Syria (general), Syria",SY,https://www.sott.net/article/464622-Why-Israel-strikes-on-Syria-may-be-more-about-targeting-Hezbollah
20220219,1029188054,20220219,ISRAEL,ISR,SYRIA,SYR,190,재래식 군사력 사용,19,4,-10.0,1,1,1,-2.8869286287089,"Latakia, Al Ladhiqiyah, Syria",SY,https://www.sott.net/article/464622-Why-Israel-strikes-on-Syria-may-be-more-about-targeting-Hezbollah
20220219,1029188055,20220219,ISRAEL,ISR,SYRIA,SYR,190,재래식 군사력 사용,19,4,-10.0,3,1,2,-2.8869286287089,"Tel Aviv, Tel Aviv, Israel",IS,https://www.sott.net/article/464622-Why-Israel-strikes-on-Syria-may-be-more-about-targeting-Hezbollah
20220219,1029188058,20220219,HASSAN,JOR,ISRAELI,ISR,195,공중무기 사용,19,4,-10.0,5,1,5,-2.8869286287089,"Tel Aviv, Tel Aviv, Israel",IS,https://www.sott.net/article/464622-Why-Israel-strikes-on-Syria-may-be-more-about-targeting-Hezbollah
20220219,1029188871,20220219,ISRAELI,ISR,WEST BANK,PSE,190,재래식 군사력 사용,19,4,-10.0,1,1,1,-5.21813515825492,"Ramallah, West Bank (general), West Bank",WE,https://www.ynetnews.com/article/bkxl0w5kq
20220219,1029188872,20220219,ISRAELI,ISR,WEST BANK,PSE,190,재래식 군사력 사용,19,4,-10.0,14,3,14,-2.76192020575042,"Gaza, Israel (general), Israel",IS,https://www.ynetnews.com/article/bkxl0w5kq
20220219,1029189019,20220219,WEST BANK,PSE,ISRAELI,ISR,190,재래식 군사력 사용,19,4,-10.0,2,1,2,-5.21813515825492,"Jenin, West Bank (general), West Bank",WE,https://www.ynetnews.com/article/bkxl0w5kq
20220219,1029190533,20220219,ISRAELI,ISR,PALESTINIAN,PSE,190,재래식 군사력 사용,19,4,-10.0,2,1,2,-1.13636363636364,"Sheikh Jarrah, Yerushalayim, Israel",IS,https://english.ahram.org.eg/News/461348.aspx
20220219,1029190535,20220219,ISRAELI,ISR,PALESTINIAN,PSE,190,재래식 군사력 사용,19,4,-10.0,6,1,6,-1.13636363636364,"Sheikh Jarrah, Yerushalayim, Israel",IS,https://english.ahram.org.eg/News/461348.aspx
20220219,1029190658,20220219,PALESTINIAN,PSE,ISRAELI,ISR,190,재래식 군사력 사용,19,4,-10.0,2,1,2,-1.13636363636364,"Sheikh Jarrah, Yerushalayim, Israel",IS,https://english.ahram.org.eg/News/461348.aspx
20220219,1029190659,20220219,PALESTINIAN,PSE,ISRAELI,ISR,190,재래식 군사력 사용,19,4,-10.0,6,1,6,-1.13636363636364,"Sheikh Jarrah, Yerushalayim, Israel",IS,https://english.ahram.org.eg/News/461348.aspx
20220219,1029192714,20220219,ISRAELI,ISR,PALESTINIAN,PSE,163,금수·보이콧·제재 부과,16,4,-8.0,2,1,2,1.01351351351351,"Gaza, Israel (general), Israel",IS,https://www.desmoinesregister.com/story/opinion/columnists/iowa-view/2022/02/19/iowa-israel-lawmakers-could-strengthen-support-human-rights/6841313001/
20220219,1029192715,20220219,ISRAELI,ISR,PALESTINIAN,PSE,163,금수·보이콧·제재 부과,16,4,-8.0,1,1,1,1.01351351351351,"Iowa, United States",US,https://www.desmoinesregister.com/story/opinion/columnists/iowa-view/2022/02/19/iowa-israel-lawmakers-could-strengthen-support-human-rights/6841313001/
20220219,1029192716,20220219,ISRAELI,ISR,PALESTINIAN,PSE,163,금수·보이콧·제재 부과,16,4,-8.0,1,1,1,1.01351351351351,"Gaza, Israel (general), Israel",IS,https://www.desmoinesregister.com/story/opinion/columnists/iowa-view/2022/02/19/iowa-israel-lawmakers-could-strengthen-support-human-rights/6841313001/
20220219,1029196743,20220219,HASSAN,JOR,IRAN,IRN,163,금수·보이콧·제재 부과,16,4,-8.0,8,1,8,-2.11640211640212,"Tehran, Tehran, Iran",IR,https://www.newyorker.com/news/our-columnists/iran-moves-toward-a-one-party-state
20220219,1029203003,20220219,GAZA,PSE,ISRAEL,ISR,190,재래식 군사력 사용,19,4,-10.0,7,2,7,-2.22188502557877,"Gaza, Israel (general), Israel",IS,https://www.timesofisrael.com/labor-mk-claims-progress-in-prisoner-swap-talks-with-hamas/
20220219,1029212898,20220219,BAHRAIN,BHR,EGYPT,EGY,163,금수·보이콧·제재 부과,16,4,-8.0,1,1,1,-2.23463687150838,Egypt,EG,https://english.alaraby.co.uk/news/saudi-qatar-fms-meet-munich-conference-sidelines
20220219,1029212899,20220219,BAHRAIN,BHR,EGYPT,EGY,163,금수·보이콧·제재 부과,16,4,-8.0,2,1,2,-2.23463687150838,Egypt,EG,https://english.alaraby.co.uk/news/saudi-qatar-fms-meet-munich-conference-sidelines
20220219,1029214922,20220219,ISRAELI,ISR,PALESTINIAN,PSE,190,재래식 군사력 사용,19,4,-10.0,2,1,2,-0.43604651162791,"Gaza, Israel (general), Israel",IS,https://bwog.com/2022/02/beyond-batman-and-black-widow-activism-and-the-graphic-novel/
20220220,1029238619,20220220,ISRAEL,ISR,PALESTINIAN,PSE,190,재래식 군사력 사용,19,4,-10.0,16,3,16,-6.88221656836519,"Sheikh Jarrah, Yerushalayim, Israel",IS,https://www.ynetnews.com/article/hyl9tmkyq
20220220,1029238620,20220220,ISRAEL,ISR,PALESTINIAN,PSE,190,재래식 군사력 사용,19,4,-10.0,1,1,1,-4.54545454545454,"Jerusalem, Israel (general), Israel",IS,https://www.ynetnews.com/article/hyl9tmkyq
20220220,1029238703,20220220,PALESTINIAN,PSE,ISRAEL,ISR,190,재래식 군사력 사용,19,4,-10.0,15,2,15,-4.27432797350651,"Sheikh Jarrah, Yerushalayim, Israel",IS,https://www.ynetnews.com/article/hyl9tmkyq
20220220,1029251282,20220220,SAUDI ARABIA,SAU,YEMEN,YEM,190,재래식 군사력 사용,19,4,-10.0,5,1,5,-8.2375478927203,United Arab Emirates,AE,https://edition.cnn.com/2022/01/21/middleeast/yemen-detention-strike-internet-outage-intl/
20220220,1029252675,20220220,ISRAEL,ISR,WEST BANK,PSE,190,재래식 군사력 사용,19,4,-10.0,5,1,5,-4.29447852760737,"Jerusalem, Israel (general), Israel",IS,https://www.haaretz.com/israel-news/.premium-israel-decides-against-jerusalem-barriers-during-ramadan-following-clashes-last-year-1.10618940
20220220,1029252676,20220220,JERUSALEM,ISR,GAZA,PSE,190,재래식 군사력 사용,19,4,-10.0,3,1,3,-4.29447852760737,"Gaza, Israel (general), Israel",IS,https://www.haaretz.com/israel-news/.premium-israel-decides-against-jerusalem-barriers-during-ramadan-following-clashes-last-year-1.10618940
20220220,1029252677,20220220,ISRAEL,ISR,GAZA,PSE,190,재래식 군사력 사용,19,4,-10.0,4,2,4,-4.1387646875325,"Gaza, Israel (general), Israel",IS,https://www.haaretz.com/israel-news/.premium-israel-decides-against-jerusalem-barriers-during-ramadan-following-clashes-last-year-1.10618940
20220220,1029252790,20220220,GAZA,PSE,JERUSALEM,ISR,190,재래식 군사력 사용,19,4,-10.0,3,1,3,-4.29447852760737,"Gaza, Israel (general), Israel",IS,https://www.haaretz.com/israel-news/.premium-israel-decides-against-jerusalem-barriers-during-ramadan-following-clashes-last-year-1.10618940
20220220,1029252791,20220220,GAZA,PSE,ISRAEL,ISR,190,재래식 군사력 사용,19,4,-10.0,4,2,4,-4.1387646875325,"Gaza, Israel (general), Israel",IS,https://www.haaretz.com/israel-news/.premium-israel-decides-against-jerusalem-barriers-during-ramadan-following-clashes-last-year-1.10618940
20220220,1029252792,20220220,WEST BANK,PSE,ISRAEL,ISR,190,재래식 군사력 사용,19,4,-10.0,5,1,5,-4.29447852760737,"Jerusalem, Israel (general), Israel",IS,https://www.haaretz.com/israel-news/.premium-israel-decides-against-jerusalem-barriers-during-ramadan-following-clashes-last-year-1.10618940
20220220,1029256536,20220220,ISRAELI,ISR,GAZA,PSE,190,재래식 군사력 사용,19,4,-10.0,8,2,8,-6.99745547073791,Turkey,TU,https://www.seattlepi.com/entertainment/article/No-Fauda-Hamas-TV-series-glorifies-fight-16922455.php
20220220,1029256537,20220220,ISRAEL,ISR,HAMAS,PSE,190,재래식 군사력 사용,19,4,-10.0,20,2,20,-6.99745547073791,"Jerusalem, Israel (general), Israel",IS,https://www.seattlepi.com/entertainment/article/No-Fauda-Hamas-TV-series-glorifies-fight-16922455.php
20220220,1029256649,20220220,HAMAS,PSE,ISRAEL,ISR,190,재래식 군사력 사용,19,4,-10.0,16,2,16,-6.99745547073791,"Jerusalem, Israel (general), Israel",IS,https://www.seattlepi.com/entertainment/article/No-Fauda-Hamas-TV-series-glorifies-fight-16922455.php
20220220,1029256650,20220220,HAMAS,PSE,ISRAEL,ISR,190,재래식 군사력 사용,19,4,-10.0,4,2,4,-6.99745547073791,Turkey,TU,https://www.seattlepi.com/entertainment/article/No-Fauda-Hamas-TV-series-glorifies-fight-16922455.php
20220220,1029258474,20220220,ISRAEL,ISR,HAMAS,PSE,194,포병·전차를 이용한 전투,19,4,-10.0,5,1,5,-6.19765494137354,Israel,IS,https://www.jns.org/opinion/the-rise-of-palestinian-nationalism-among-israeli-arabs/
20220220,1029258633,20220220,SYRIAN,SYR,YEMENI,YEM,190,재래식 군사력 사용,19,4,-10.0,5,1,5,-2.16494845360824,"United States Agency For International Development, Amanat al `Asimah, Yemen",YM,https://english.aawsat.com/home/article/3485446/ryan-c-crocker-and-philip-m-caruso/our-allies-deserve-better-starvation-and
20220220,1029258634,20220220,SYRIA,SYR,YEMEN,YEM,190,재래식 군사력 사용,19,4,-10.0,2,1,2,-2.16494845360824,"United States Agency For International Development, Amanat al `Asimah, Yemen",YM,https://english.aawsat.com/home/article/3485446/ryan-c-crocker-and-philip-m-caruso/our-allies-deserve-better-starvation-and
20220220,1029258635,20220220,SYRIAN,SYR,YEMEN,YEM,190,재래식 군사력 사용,19,4,-10.0,1,1,1,-2.16494845360824,Syria,SY,https://english.aawsat.com/home/article/3485446/ryan-c-crocker-and-philip-m-caruso/our-allies-deserve-better-starvation-and
20220220,1029258749,20220220,YEMENI,YEM,SYRIAN,SYR,190,재래식 군사력 사용,19,4,-10.0,5,1,5,-2.16494845360824,"United States Agency For International Development, Amanat al `Asimah, Yemen",YM,https://english.aawsat.com/home/article/3485446/ryan-c-crocker-and-philip-m-caruso/our-allies-deserve-better-starvation-and
20220220,1029258750,20220220,YEMEN,YEM,SYRIA,SYR,190,재래식 군사력 사용,19,4,-10.0,2,1,2,-2.16494845360824,"United States Agency For International Development, Amanat al `Asimah, Yemen",YM,https://english.aawsat.com/home/article/3485446/ryan-c-crocker-and-philip-m-caruso/our-allies-deserve-better-starvation-and
20220220,1029258751,20220220,YEMEN,YEM,SYRIAN,SYR,190,재래식 군사력 사용,19,4,-10.0,1,1,1,-2.16494845360824,Syria,SY,https://english.aawsat.com/home/article/3485446/ryan-c-crocker-and-philip-m-caruso/our-allies-deserve-better-starvation-and
20220220,1029267149,20220220,ISRAELI,ISR,TURKISH,TUR,190,재래식 군사력 사용,19,4,-10.0,2,1,2,0.0,Israel,IS,https://www.timesofisrael.com/under-erdogan-turkish-authorities-are-leading-a-revival-of-jewish-heritage/
20220220,1029267150,20220220,ISRAEL,ISR,TURKEY,TUR,190,재래식 군사력 사용,19,4,-10.0,1,1,1,0.0,"Izmir, Izmir, Turkey",TU,https://www.timesofisrael.com/under-erdogan-turkish-authorities-are-leading-a-revival-of-jewish-heritage/
20220220,1029267311,20220220,TURKISH,TUR,ISRAELI,ISR,190,재래식 군사력 사용,19,4,-10.0,2,1,2,0.0,Israel,IS,https://www.timesofisrael.com/under-erdogan-turkish-authorities-are-leading-a-revival-of-jewish-heritage/
20220220,1029267312,20220220,TURKEY,TUR,ISRAEL,ISR,190,재래식 군사력 사용,19,4,-10.0,1,1,1,0.0,"Izmir, Izmir, Turkey",TU,https://www.timesofisrael.com/under-erdogan-turkish-authorities-are-leading-a-revival-of-jewish-heritage/
20220220,1029274221,20220220,ISRAEL,ISR,PALESTINIAN,PSE,190,재래식 군사력 사용,19,4,-10.0,1,1,1,-2.77529095792301,Israel,IS,https://www.israelnationalnews.com/news/322572
20220220,1029275778,20220220,SAUDI,SAU,YEMENI,YEM,195,공중무기 사용,19,4,-10.0,1,1,1,-5.51378446115288,United Arab Emirates,AE,https://www.presstv.ir/Detail/2022/02/20/677170/Saudi-warplanes-hit-Yemen-after-missile-strike-targets-Riyadh-mercenaries-in-Shabwah
20220220,1029275779,20220220,SAUDI,SAU,YEMEN,YEM,195,공중무기 사용,19,4,-10.0,2,1,2,-5.51378446115288,"Jubah, Taizz, Yemen",YM,https://www.presstv.ir/Detail/2022/02/20/677170/Saudi-warplanes-hit-Yemen-after-missile-strike-targets-Riyadh-mercenaries-in-Shabwah
20220220,1029275780,20220220,SAUDI,SAU,YEMEN,YEM,195,공중무기 사용,19,4,-10.0,3,1,3,-5.51378446115288,"Sawadiyah, Saudi Arabia (general), Saudi Arabia",SA,https://www.presstv.ir/Detail/2022/02/20/677170/Saudi-warplanes-hit-Yemen-after-missile-strike-targets-Riyadh-mercenaries-in-Shabwah
20220220,1029275781,20220220,SAUDI,SAU,YEMEN,YEM,195,공중무기 사용,19,4,-10.0,4,1,4,-5.51378446115288,"Jubah, Taizz, Yemen",YM,https://www.presstv.ir/Detail/2022/02/20/677170/Saudi-warplanes-hit-Yemen-after-missile-strike-targets-Riyadh-mercenaries-in-Shabwah
20220220,1029275782,20220220,SAUDI,SAU,YEMENI,YEM,195,공중무기 사용,19,4,-10.0,1,1,1,-5.51378446115288,"Riyadh, Ar Riya?, Saudi Arabia",SA,https://www.presstv.ir/Detail/2022/02/20/677170/Saudi-warplanes-hit-Yemen-after-missile-strike-targets-Riyadh-mercenaries-in-Shabwah
20220220,1029275787,20220220,SAUDI,SAU,YEMENI,YEM,195,공중무기 사용,19,4,-10.0,1,1,1,-5.51378446115288,"Riyadh, Ar Riya?, Saudi Arabia",SA,https://www.presstv.ir/Detail/2022/02/20/677170/Saudi-warplanes-hit-Yemen-after-missile-strike-targets-Riyadh-mercenaries-in-Shabwah
20220220,1029275788,20220220,SAUDI ARABIA,SAU,YEMEN,YEM,195,공중무기 사용,19,4,-10.0,1,1,1,-5.51378446115288,"Shabwah, Shabwah, Yemen",YM,https://www.presstv.ir/Detail/2022/02/20/677170/Saudi-warplanes-hit-Yemen-after-missile-strike-targets-Riyadh-mercenaries-in-Shabwah
20220220,1029275789,20220220,SAUDI ARABIA,SAU,YEMEN,YEM,195,공중무기 사용,19,4,-10.0,1,1,1,-5.51378446115288,"Riyadh, Ar Riya?, Saudi Arabia",SA,https://www.presstv.ir/Detail/2022/02/20/677170/Saudi-warplanes-hit-Yemen-after-missile-strike-targets-Riyadh-mercenaries-in-Shabwah
20220220,1029276019,20220220,YEMEN,YEM,RIYADH,SAU,195,공중무기 사용,19,4,-10.0,1,1,1,-5.51378446115288,"Riyadh, Ar Riya?, Saudi Arabia",SA,https://www.presstv.ir/Detail/2022/02/20/677170/Saudi-warplanes-hit-Yemen-after-missile-strike-targets-Riyadh-mercenaries-in-Shabwah
20220220,1029276020,20220220,YEMEN,YEM,RIYADH,SAU,195,공중무기 사용,19,4,-10.0,1,1,1,-5.51378446115288,"Shabwah, Shabwah, Yemen",YM,https://www.presstv.ir/Detail/2022/02/20/677170/Saudi-warplanes-hit-Yemen-after-missile-strike-targets-Riyadh-mercenaries-in-Shabwah
20220220,1029276021,20220220,YEMEN,YEM,SAUDI ARABIA,SAU,195,공중무기 사용,19,4,-10.0,6,1,6,-5.51378446115288,"Harad, Saudi Arabia (general), Saudi Arabia",SA,https://www.presstv.ir/Detail/2022/02/20/677170/Saudi-warplanes-hit-Yemen-after-missile-strike-targets-Riyadh-mercenaries-in-Shabwah
20220220,1029276956,20220220,IRAN,IRN,ISRAEL,ISR,190,재래식 군사력 사용,19,4,-10.0,16,1,16,-3.63924050632911,"Jerusalem, Israel (general), Israel",IS,https://www.msn.com/en-us/news/world/iran-s-verbal-war-against-israel-continues-analysis/ar-AAU5Bvn
20220220,1029276957,20220220,IRAN,IRN,ISRAEL,ISR,190,재래식 군사력 사용,19,4,-10.0,6,2,6,-3.72909193364395,"Bandar Abbas, Hormozgan, Iran",IR,https://www.msn.com/en-us/news/world/iran-s-verbal-war-against-israel-continues-analysis/ar-AAU5Bvn
20220220,1029278080,20220220,ISRAEL,ISR,LEBANON,LBN,190,재래식 군사력 사용,19,4,-10.0,160,13,160,-4.64259623237889,Israel,IS,https://economictimes.indiatimes.com/news/international/uae/uae-warns-of-drone-threat-as-it-opens-defence-conference-on-unmanned-systems/articleshow/89702595.cms
20220220,1029278081,20220220,ISRAEL,ISR,LEBANON,LBN,192,영토 점령,19,4,-9.5,160,13,160,-4.64259623237889,Israel,IS,https://economictimes.indiatimes.com/news/international/uae/uae-warns-of-drone-threat-as-it-opens-defence-conference-on-unmanned-systems/articleshow/89702595.cms
20220220,1029281984,20220220,TEHRAN,IRN,TURKEY,TUR,190,재래식 군사력 사용,19,4,-10.0,2,1,2,-0.76045627376426,"Ankara, Ankara, Turkey",TU,https://www.jns.org/opinion/irans-fear-is-americas-opportunity/
20220220,1029283543,20220220,IRAN,IRN,ISRAEL,ISR,138,군사력 사용 위협,13,3,-7.0,2,2,2,-4.36925886067234,Israel,IS,https://www.jpost.com/middle-east/iran-news/article-697055
20220220,1029283544,20220220,IRAN,IRN,ISRAEL,ISR,138,군사력 사용 위협,13,3,-7.0,2,2,2,-4.36925886067234,Israel,IS,https://www.jpost.com/middle-east/iran-news/article-697055
20220220,1029283545,20220220,IRAN,IRN,ISRAEL,ISR,138,군사력 사용 위협,13,3,-7.0,2,2,2,-4.36925886067234,Ukraine,UP,https://www.jpost.com/middle-east/iran-news/article-697055
20220220,1029285024,20220220,ISRAELI,ISR,PALESTINIAN,PSE,193,소형무기·경무기를 이용한 전투,19,4,-10.0,4,1,4,-6.97674418604651,"Tel Aviv, Tel Aviv, Israel",IS,https://www.albawaba.com/news/ex-israeli-pm-not-ashamed-over-killing-palestinians-2000-1466973
20220220,1029285025,20220220,ISRAELI,ISR,PALESTINIAN,PSE,193,소형무기·경무기를 이용한 전투,19,4,-10.0,4,1,4,-6.97674418604651,"Tel Aviv, Tel Aviv, Israel",IS,https://www.albawaba.com/news/ex-israeli-pm-not-ashamed-over-killing-palestinians-2000-1466973
20220220,1029285026,20220220,ISRAEL,ISR,PALESTINIAN,PSE,193,소형무기·경무기를 이용한 전투,19,4,-10.0,2,1,2,-6.97674418604651,"Tel Aviv, Tel Aviv, Israel",IS,https://www.albawaba.com/news/ex-israeli-pm-not-ashamed-over-killing-palestinians-2000-1466973
20220220,1029286456,20220220,IRAN,IRN,ISRAEL,ISR,190,재래식 군사력 사용,19,4,-10.0,8,1,8,-3.90879478827362,Israel,IS,https://www.jpost.com/middle-east/iran-news/article-697050
20220220,1029286750,20220220,YEMEN,YEM,SAUDI,SAU,190,재래식 군사력 사용,19,4,-10.0,4,2,4,-4.27942609774312,Yemen,YM,https://www.macaubusiness.com/uae-warns-of-drone-threat-as-it-opens-defence-conference/
20220220,1029286751,20220220,YEMEN,YEM,SAUDI,SAU,190,재래식 군사력 사용,19,4,-10.0,4,2,4,-4.27942609774312,"Tehran, Tehran, Iran",IR,https://www.macaubusiness.com/uae-warns-of-drone-threat-as-it-opens-defence-conference/
20220220,1029294271,20220220,ISRAEL,ISR,LEBANON,LBN,190,재래식 군사력 사용,19,4,-10.0,20,7,20,-4.89676245272402,Israel,IS,https://www.digitaljournal.com/world/uae-drone-conference-warns-of-rising-threat/article
20220220,1029294272,20220220,ISRAEL,ISR,LEBANON,LBN,192,영토 점령,19,4,-9.5,20,7,20,-4.89676245272402,Israel,IS,https://www.digitaljournal.com/world/uae-drone-conference-warns-of-rising-threat/article
20220220,1029298330,20220220,EGYPT,EGY,YEMEN,YEM,190,재래식 군사력 사용,19,4,-10.0,2,1,2,-7.82608695652174,"Cairo, Al Qahirah, Egypt",EG,https://apnews.com/article/middle-east-yemen-houthis-4d0ea4fe7b2036bcc0ac615a25055482
20220220,1029298331,20220220,CAIRO,EGY,YEMENI,YEM,190,재래식 군사력 사용,19,4,-10.0,8,1,8,-7.82608695652174,"Marib, Ma'rib, Yemen",YM,https://apnews.com/article/middle-east-yemen-houthis-4d0ea4fe7b2036bcc0ac615a25055482
20220220,1029298832,20220220,YEMEN,YEM,EGYPT,EGY,190,재래식 군사력 사용,19,4,-10.0,2,1,2,-7.82608695652174,"Cairo, Al Qahirah, Egypt",EG,https://apnews.com/article/middle-east-yemen-houthis-4d0ea4fe7b2036bcc0ac615a25055482
20220220,1029298833,20220220,YEMENI,YEM,CAIRO,EGY,190,재래식 군사력 사용,19,4,-10.0,8,1,8,-7.82608695652174,"Marib, Ma'rib, Yemen",YM,https://apnews.com/article/middle-east-yemen-houthis-4d0ea4fe7b2036bcc0ac615a25055482
20220220,1029301376,20220220,ISRAEL,ISR,HAMAS,PSE,190,재래식 군사력 사용,19,4,-10.0,2,1,2,-6.94444444444444,Israel,IS,http://en.people.cn/n3/2022/0220/c90000-9960455.html
20220220,1029301571,20220220,HAMAS,PSE,ISRAEL,ISR,190,재래식 군사력 사용,19,4,-10.0,2,1,2,-6.94444444444444,Israel,IS,http://en.people.cn/n3/2022/0220/c90000-9960455.html
20220220,1029306514,20220220,ISRAELI,ISR,PALESTINIAN,PSE,193,소형무기·경무기를 이용한 전투,19,4,-10.0,4,1,4,-2.88540807914263,"Gaza, Israel (general), Israel",IS,https://americanfreepress.net/free-speech-on-the-ropes/
20220220,1029306519,20220220,ISRAELI,ISR,PALESTINIAN,PSE,193,소형무기·경무기를 이용한 전투,19,4,-10.0,3,1,3,-2.88540807914263,"Gaza, Israel (general), Israel",IS,https://americanfreepress.net/free-speech-on-the-ropes/
20220220,1029307841,20220220,IRAN,IRN,ISRAEL,ISR,190,재래식 군사력 사용,19,4,-10.0,6,1,6,-2.37288135593221,Israel,IS,https://www.ynetnews.com/article/ryzlvh1g9
20220220,1029310124,20220220,IRANIAN,IRN,IRAQ,IRQ,190,재래식 군사력 사용,19,4,-10.0,8,1,8,-4.87437185929648,"Fallujah, Al Anbar, Iraq",IZ,https://www.lawfareblog.com/building-iraqi-army-will-fight-prevent-another-disaster
20220220,1029310125,20220220,IRAN,IRN,IRAQ,IRQ,190,재래식 군사력 사용,19,4,-10.0,2,1,2,-4.87437185929648,Iran,IR,https://www.lawfareblog.com/building-iraqi-army-will-fight-prevent-another-disaster
20220220,1029311677,20220220,ISRAELI,ISR,PALESTINIAN,PSE,190,재래식 군사력 사용,19,4,-10.0,4,1,4,-14.7058823529412,"Jerusalem, Israel (general), Israel",IS,https://www.haberx.com/post/729852/palestinians-israeli-settlers-clash-in-sheikh-jarrah-in-jerusalem
20220220,1029311678,20220220,JERUSALEM,ISR,PALESTINIAN,PSE,190,재래식 군사력 사용,19,4,-10.0,5,1,5,-14.7058823529412,"Sheikh Jarrah, Yerushalayim, Israel",IS,https://www.haberx.com/post/729852/palestinians-israeli-settlers-clash-in-sheikh-jarrah-in-jerusalem
20220220,1029311684,20220220,ISRAELI,ISR,PALESTINIAN,PSE,190,재래식 군사력 사용,19,4,-10.0,4,1,4,-14.7058823529412,"Jerusalem, Israel (general), Israel",IS,https://www.haberx.com/post/729852/palestinians-israeli-settlers-clash-in-sheikh-jarrah-in-jerusalem
20220220,1029311685,20220220,ISRAEL,ISR,PALESTINIAN,PSE,190,재래식 군사력 사용,19,4,-10.0,2,1,2,-14.7058823529412,"Jerusalem, Israel (general), Israel",IS,https://www.haberx.com/post/729852/palestinians-israeli-settlers-clash-in-sheikh-jarrah-in-jerusalem
20220220,1029311816,20220220,PALESTINIAN,PSE,ISRAELI,ISR,190,재래식 군사력 사용,19,4,-10.0,4,1,4,-14.7058823529412,"Jerusalem, Israel (general), Israel",IS,https://www.haberx.com/post/729852/palestinians-israeli-settlers-clash-in-sheikh-jarrah-in-jerusalem
20220220,1029311817,20220220,PALESTINIAN,PSE,ISRAEL,ISR,190,재래식 군사력 사용,19,4,-10.0,4,1,4,-14.7058823529412,"Sheikh Jarrah, Yerushalayim, Israel",IS,https://www.haberx.com/post/729852/palestinians-israeli-settlers-clash-in-sheikh-jarrah-in-jerusalem
20220220,1029311818,20220220,PALESTINIAN,PSE,JERUSALEM,ISR,190,재래식 군사력 사용,19,4,-10.0,3,1,3,-14.7058823529412,"Jerusalem, Israel (general), Israel",IS,https://www.haberx.com/post/729852/palestinians-israeli-settlers-clash-in-sheikh-jarrah-in-jerusalem
20220220,1029311819,20220220,PALESTINIAN,PSE,ISRAELI,ISR,190,재래식 군사력 사용,19,4,-10.0,4,1,4,-14.7058823529412,"Jerusalem, Israel (general), Israel",IS,https://www.haberx.com/post/729852/palestinians-israeli-settlers-clash-in-sheikh-jarrah-in-jerusalem
20220220,1029311820,20220220,PALESTINIAN,PSE,ISRAEL,ISR,190,재래식 군사력 사용,19,4,-10.0,2,1,2,-14.7058823529412,"Jerusalem, Israel (general), Israel",IS,https://www.haberx.com/post/729852/palestinians-israeli-settlers-clash-in-sheikh-jarrah-in-jerusalem
20220220,1029327516,20220220,JORDAN,JOR,TURKEY,TUR,190,재래식 군사력 사용,19,4,-10.0,6,1,6,-7.01330108827086,Jordan,JO,https://www.veteranstoday.com/2022/02/20/how-is-restoring-iran-nuclear-pact-vital-for-global-energy-security/
20220220,1029327517,20220220,JORDAN,JOR,TURKEY,TUR,190,재래식 군사력 사용,19,4,-10.0,2,1,2,-7.01330108827086,Lebanon,LE,https://www.veteranstoday.com/2022/02/20/how-is-restoring-iran-nuclear-pact-vital-for-global-energy-security/
20220220,1029327518,20220220,JORDAN,JOR,TURKEY,TUR,190,재래식 군사력 사용,19,4,-10.0,2,1,2,-7.01330108827086,Jordan,JO,https://www.veteranstoday.com/2022/02/20/how-is-restoring-iran-nuclear-pact-vital-for-global-energy-security/
20220220,1029327678,20220220,TURKEY,TUR,JORDAN,JOR,190,재래식 군사력 사용,19,4,-10.0,2,1,2,-7.01330108827086,Lebanon,LE,https://www.veteranstoday.com/2022/02/20/how-is-restoring-iran-nuclear-pact-vital-for-global-energy-security/
20220220,1029327679,20220220,TURKEY,TUR,JORDAN,JOR,190,재래식 군사력 사용,19,4,-10.0,6,1,6,-7.01330108827086,Jordan,JO,https://www.veteranstoday.com/2022/02/20/how-is-restoring-iran-nuclear-pact-vital-for-global-energy-security/
20220220,1029327680,20220220,TURKEY,TUR,JORDAN,JOR,190,재래식 군사력 사용,19,4,-10.0,2,1,2,-7.01330108827086,Jordan,JO,https://www.veteranstoday.com/2022/02/20/how-is-restoring-iran-nuclear-pact-vital-for-global-energy-security/
20220220,1029332505,20220220,IRANIAN,IRN,IRAQ,IRQ,195,공중무기 사용,19,4,-10.0,2,1,2,-2.19876868953386,"Baghdad, Baghdad, Iraq",IZ,https://en.qantara.de/content/irans-foreign-policy-all-options-are-open
20220220,1029332506,20220220,IRANIAN,IRN,IRAQ,IRQ,195,공중무기 사용,19,4,-10.0,3,1,3,-2.19876868953386,"Tehran, Tehran, Iran",IR,https://en.qantara.de/content/irans-foreign-policy-all-options-are-open
20220220,1029332507,20220220,IRANIAN,IRN,IRAQ,IRQ,195,공중무기 사용,19,4,-10.0,2,1,2,-2.19876868953386,"Tehran, Tehran, Iran",IR,https://en.qantara.de/content/irans-foreign-policy-all-options-are-open
20220220,1029333611,20220220,ISRAELI,ISR,GAZA,PSE,192,영토 점령,19,4,-9.5,4,1,4,-2.49221183800623,"Gaza, Israel (general), Israel",IS,https://www.jewishpress.com/news/eye-on-palestine/hamas/former-mia-negotiator-says-families-not-aware-of-all-efforts-being-made-to-free-hamas-captives/2022/02/20/
20220220,1029333613,20220220,ISRAEL,ISR,HAMAS,PSE,190,재래식 군사력 사용,19,4,-10.0,2,1,2,-2.49221183800623,"Gaza, Israel (general), Israel",IS,https://www.jewishpress.com/news/eye-on-palestine/hamas/former-mia-negotiator-says-families-not-aware-of-all-efforts-being-made-to-free-hamas-captives/2022/02/20/
20220220,1029333706,20220220,HAMAS,PSE,ISRAEL,ISR,190,재래식 군사력 사용,19,4,-10.0,2,1,2,-2.49221183800623,"Gaza, Israel (general), Israel",IS,https://www.jewishpress.com/news/eye-on-palestine/hamas/former-mia-negotiator-says-families-not-aware-of-all-efforts-being-made-to-free-hamas-captives/2022/02/20/
20220220,1029341259,20220213,ISRAELI,ISR,LEBANESE,LBN,190,재래식 군사력 사용,19,4,-10.0,6,1,6,-5.4673721340388,"Jerusalem, Israel (general), Israel",IS,https://www.algemeiner.com/2022/02/20/israel-expects-shorter-weaker-iran-nuclear-deal-soon-preparing-for-day-after/
20220220,1029341260,20220213,ISRAEL,ISR,LEBANON,LBN,190,재래식 군사력 사용,19,4,-10.0,2,1,2,-5.4673721340388,Lebanon,LE,https://www.algemeiner.com/2022/02/20/israel-expects-shorter-weaker-iran-nuclear-deal-soon-preparing-for-day-after/
20220220,1029341261,20220213,ISRAELI,ISR,LEBANON,LBN,190,재래식 군사력 사용,19,4,-10.0,2,1,2,-5.4673721340388,Iran,IR,https://www.algemeiner.com/2022/02/20/israel-expects-shorter-weaker-iran-nuclear-deal-soon-preparing-for-day-after/
20220220,1029342493,20220220,YEMENI,YEM,SAUDI ARABIA,SAU,138,군사력 사용 위협,13,3,-7.0,1,1,1,-1.42057684029273,"Normandy, France (general), France",FR,https://english.aawsat.com/home/article/3486471/french-ambassador-un-asharq-al-awsat-political-process-syria-has-become-joke
20220220,1029342494,20220220,YEMENI,YEM,SAUDI ARABIA,SAU,138,군사력 사용 위협,13,3,-7.0,1,1,1,-1.42057684029273,Mali,ML,https://english.aawsat.com/home/article/3486471/french-ambassador-un-asharq-al-awsat-political-process-syria-has-become-joke
20220221,1029355353,20220221,ISRAEL,ISR,LEBANON,LBN,190,재래식 군사력 사용,19,4,-10.0,34,4,34,-4.80033542043075,Israel,IS,https://www.arabnews.com/node/2028671
20220221,1029355354,20220221,ISRAEL,ISR,LEBANON,LBN,190,재래식 군사력 사용,19,4,-10.0,6,3,6,-4.88200904936682,Israel,IS,https://www.arabnews.com/node/2028671
20220221,1029355355,20220221,ISRAEL,ISR,LEBANON,LBN,192,영토 점령,19,4,-9.5,34,4,34,-4.80033542043075,Israel,IS,https://www.arabnews.com/node/2028671
20220221,1029355356,20220221,ISRAEL,ISR,LEBANON,LBN,192,영토 점령,19,4,-9.5,6,3,6,-4.88200904936682,Israel,IS,https://www.arabnews.com/node/2028671
20220221,1029383126,20220221,ISRAELI,ISR,PALESTINIAN,PSE,191,봉쇄·이동 제한,19,4,-9.5,4,2,4,-5.82047244094488,"Jerusalem, Israel (general), Israel",IS,https://www.mdjonline.com/tribune/politics_and_government/commentary-a-rogue-military-unit-is-israels-weakest-link/article_0ea44994-f66b-550b-a245-b1686233daf7.html
20220221,1029383127,20220221,ISRAELI,ISR,PALESTINIAN,PSE,191,봉쇄·이동 제한,19,4,-9.5,4,2,4,-5.82047244094488,"Wisconsin, United States",US,https://www.mdjonline.com/tribune/politics_and_government/commentary-a-rogue-military-unit-is-israels-weakest-link/article_0ea44994-f66b-550b-a245-b1686233daf7.html
20220221,1029383140,20220221,JORDAN,JOR,NILE,EGY,163,금수·보이콧·제재 부과,16,4,-8.0,6,1,6,-3.66492146596859,Israel,IS,https://menafn.com/1103733183/Jordan-Calls-rise-for-Death-on-the-Nile-boycott&source=21
20220221,1029383141,20220221,JORDAN,JOR,NILE,EGY,163,금수·보이콧·제재 부과,16,4,-8.0,4,1,4,-3.66492146596859,Kuwait,KU,https://menafn.com/1103733183/Jordan-Calls-rise-for-Death-on-the-Nile-boycott&source=21
20220221,1029394167,20220221,SAUDI,SAU,YEMENI,YEM,190,재래식 군사력 사용,19,4,-10.0,4,1,4,-6.90335305719917,"Riyadh, Ar Riya?, Saudi Arabia",SA,https://www.presstv.ir/Detail/2022/02/21/677233/Saudi-airstrike-kills-injures-11-family-members-Yemen
20220221,1029394168,20220221,SAUDI,SAU,YEMENI,YEM,190,재래식 군사력 사용,19,4,-10.0,1,1,1,-6.90335305719917,"Marib, Ma'rib, Yemen",YM,https://www.presstv.ir/Detail/2022/02/21/677233/Saudi-airstrike-kills-injures-11-family-members-Yemen
20220221,1029394169,20220221,SAUDI,SAU,YEMEN,YEM,195,공중무기 사용,19,4,-10.0,3,1,3,-6.90335305719917,"Marib, Ma'rib, Yemen",YM,https://www.presstv.ir/Detail/2022/02/21/677233/Saudi-airstrike-kills-injures-11-family-members-Yemen
20220221,1029394170,20220221,SAUDI,SAU,YEMEN,YEM,195,공중무기 사용,19,4,-10.0,1,1,1,-6.90335305719917,"Marib, Ma'rib, Yemen",YM,https://www.presstv.ir/Detail/2022/02/21/677233/Saudi-airstrike-kills-injures-11-family-members-Yemen
20220221,1029394171,20220221,SAUDI,SAU,YEMENI,YEM,195,공중무기 사용,19,4,-10.0,5,1,5,-6.90335305719917,"Hajjah, ?ajjah, Yemen",YM,https://www.presstv.ir/Detail/2022/02/21/677233/Saudi-airstrike-kills-injures-11-family-members-Yemen
20220221,1029394172,20220221,SAUDI,SAU,YEMEN,YEM,195,공중무기 사용,19,4,-10.0,1,1,1,-6.90335305719917,"Marib, Ma'rib, Yemen",YM,https://www.presstv.ir/Detail/2022/02/21/677233/Saudi-airstrike-kills-injures-11-family-members-Yemen
20220221,1029402226,20220221,SAUDI ARABIA,SAU,YEMEN,YEM,195,공중무기 사용,19,4,-10.0,7,1,7,-3.10391363022942,Yemen,YM,https://www.southernafricalitigationcentre.org/2022/02/21/news-release-civil-society-organisations-welcome-directive-to-avoid-further-delays-in-arms-trade-case/
20220221,1029403840,20220221,ISRAELI,ISR,GAZA,PSE,190,재래식 군사력 사용,19,4,-10.0,2,1,2,-5.0632911392405,"Gaza, Israel (general), Israel",IS,https://english.newsnationtv.com/utilities/news/pan-card-alert-how-to-change-surname-in-pan-card-after-marriage-know-the-process-252754.html
20220221,1029403848,20220221,ISRAELI,ISR,GAZA,PSE,190,재래식 군사력 사용,19,4,-10.0,4,1,4,-5.0632911392405,"Gaza, Israel (general), Israel",IS,https://english.newsnationtv.com/utilities/news/pan-card-alert-how-to-change-surname-in-pan-card-after-marriage-know-the-process-252754.html
20220221,1029407770,20220221,HAMAS,PSE,ISRAEL,ISR,190,재래식 군사력 사용,19,4,-10.0,3,1,3,-3.27349524815206,"Sheikh Jarrah, Yerushalayim, Israel",IS,https://www.jewishpress.com/indepth/opinions/religious-zionists-vs-hamas-whose-side-is-israels-govt-on/2022/02/21/
20220221,1029413696,20220221,JERUSALEM,ISR,HAMAS,PSE,190,재래식 군사력 사용,19,4,-10.0,5,1,5,-4.43202979515828,"Jerusalem, Israel (general), Israel",IS,https://www.jewishpress.com/blogs/from-israel-there-is-no-other-way/2022/02/21/
20220221,1029413956,20220221,HAMAS,PSE,JERUSALEM,ISR,190,재래식 군사력 사용,19,4,-10.0,5,1,5,-4.43202979515828,"Jerusalem, Israel (general), Israel",IS,https://www.jewishpress.com/blogs/from-israel-there-is-no-other-way/2022/02/21/
20220221,1029423673,20220221,ISRAEL,ISR,PALESTINIAN,PSE,190,재래식 군사력 사용,19,4,-10.0,10,1,10,-11.1888111888112,"Jerusalem, Israel (general), Israel",IS,https://www.haaretz.com/israel-news/.premium-israel-arrests-13-palestinians-in-nighttime-raid-in-east-jerusalem-1.10624827
20220221,1029424193,20220221,YEMEN,YEM,SAUDI,SAU,190,재래식 군사력 사용,19,4,-10.0,1,1,1,-4.55531453362256,Yemen,YM,http://dailyexpress.com.my/news/187393/uae-warns-of-drone-threat-as-defence-conference-begins/
20220221,1029424194,20220221,YEMEN,YEM,SAUDI,SAU,190,재래식 군사력 사용,19,4,-10.0,1,1,1,-4.55531453362256,"Tehran, Tehran, Iran",IR,http://dailyexpress.com.my/news/187393/uae-warns-of-drone-threat-as-defence-conference-begins/
20220221,1029425073,20220221,ALEPPO,SYR,SANA,YEM,190,재래식 군사력 사용,19,4,-10.0,8,1,8,-6.24,"Saraqeb, Idlib, Syria",SY,https://english.newsnationtv.com/entertainment/bollywood/hrithik-roshan-farhan-akhtar-dance-on-senorita-song-from-film-zindagi-na-milegi-dobara-on-farhan-shibani-wedding-252785.html
20220221,1029425074,20220221,ALEPPO,SYR,SANA,YEM,190,재래식 군사력 사용,19,4,-10.0,2,1,2,-6.24,"Saraqeb, Idlib, Syria",SY,https://english.newsnationtv.com/entertainment/bollywood/hrithik-roshan-farhan-akhtar-dance-on-senorita-song-from-film-zindagi-na-milegi-dobara-on-farhan-shibani-wedding-252785.html
20220221,1029425239,20220221,SANA,YEM,ALEPPO,SYR,190,재래식 군사력 사용,19,4,-10.0,8,1,8,-6.24,"Saraqeb, Idlib, Syria",SY,https://english.newsnationtv.com/entertainment/bollywood/hrithik-roshan-farhan-akhtar-dance-on-senorita-song-from-film-zindagi-na-milegi-dobara-on-farhan-shibani-wedding-252785.html
20220221,1029425240,20220221,SANA,YEM,ALEPPO,SYR,190,재래식 군사력 사용,19,4,-10.0,2,1,2,-6.24,"Saraqeb, Idlib, Syria",SY,https://english.newsnationtv.com/entertainment/bollywood/hrithik-roshan-farhan-akhtar-dance-on-senorita-song-from-film-zindagi-na-milegi-dobara-on-farhan-shibani-wedding-252785.html
20220221,1029429113,20220221,BEIRUT,LBN,SYRIA,SYR,192,영토 점령,19,4,-9.5,40,5,40,-5.14910667367314,"Bekaa, Béa, Lebanon",LE,http://www.chinaview.cn/20220221/0b52d4f9849a4b629bfe7037b0853908/c.html
20220221,1029433753,20220221,BEIRUT,LBN,SYRIA,SYR,192,영토 점령,19,4,-9.5,7,1,7,-4.43349753694582,"Jeddah, Makkah, Saudi Arabia",SA,http://www.china.org.cn/world/Off_the_Wire/2022-02/21/content_78062818.htm
20220221,1029440824,20220221,IRAQ,IRQ,IRAN,IRN,190,재래식 군사력 사용,19,4,-10.0,16,2,16,-5.70133504913417,"Baghdad, Baghdad, Iraq",IZ,https://www.msn.com/en-us/news/world/what-the-us-is-saying-about-iranian-drone-threats-in-iraq-and-syria/ar-AAU7PVX
20220221,1029440825,20220221,IRAQ,IRQ,IRAN,IRN,190,재래식 군사력 사용,19,4,-10.0,4,2,4,-5.70133504913417,"Baghdad, Baghdad, Iraq",IZ,https://www.msn.com/en-us/news/world/what-the-us-is-saying-about-iranian-drone-threats-in-iraq-and-syria/ar-AAU7PVX
20220221,1029440835,20220221,ISRAEL,ISR,IRANIAN,IRN,190,재래식 군사력 사용,19,4,-10.0,1,1,1,-2.6595744680851,"Gaza, Israel (general), Israel",IS,https://en.qantara.de/content/ukraine-ripples-turkey-and-israel-eye-co-operation-in-central-asia
20220221,1029440836,20220221,ISRAELI,ISR,IRANIAN,IRN,190,재래식 군사력 사용,19,4,-10.0,1,1,1,-2.6595744680851,"Gaza, Israel (general), Israel",IS,https://en.qantara.de/content/ukraine-ripples-turkey-and-israel-eye-co-operation-in-central-asia
20220221,1029440837,20220221,ISRAELI,ISR,IRANIAN,IRN,190,재래식 군사력 사용,19,4,-10.0,8,1,8,-2.6595744680851,Iran,IR,https://en.qantara.de/content/ukraine-ripples-turkey-and-israel-eye-co-operation-in-central-asia
20220221,1029441385,20220221,TURKEY,TUR,SYRIA,SYR,154,군 병력 동원·증강,15,4,-7.2,8,1,8,-1.32352941176471,"Ankara, Ankara, Turkey",TU,https://www.presstv.ir/Detail/2022/02/21/677250/Syria-Iranian-Arab-dialogue-key-regional-stability
20220221,1029441386,20220221,TURKEY,TUR,SYRIA,SYR,154,군 병력 동원·증강,15,4,-7.2,2,1,2,-1.32352941176471,United States,US,https://www.presstv.ir/Detail/2022/02/21/677250/Syria-Iranian-Arab-dialogue-key-regional-stability
20220221,1029443469,20220221,IRAN,IRN,QATAR,QAT,163,금수·보이콧·제재 부과,16,4,-8.0,66,7,66,-3.50783721121977,"Doha, Ad Daw?ah, Qatar",QA,https://english.ahram.org.eg/News/461467.aspx
20220221,1029447065,20220221,IRAN,IRN,QATAR,QAT,163,금수·보이콧·제재 부과,16,4,-8.0,2,1,2,-3.43283582089552,"Doha, Ad Daw?ah, Qatar",QA,https://www.bangkokpost.com/world/2267651/iran-hails-nuclear-talk-progress-but-raisi-insists-us-sanctions-end
20220221,1029450625,20220221,ISRAEL,ISR,PALESTINIAN,PSE,192,영토 점령,19,4,-9.5,1,1,1,-3.42771982116245,"Jerusalem, Israel (general), Israel",IS,https://www.middleeastmonitor.com/20220221-israeli-expansion-of-national-park-slammed-as-premeditated-attack-on-the-christians-in-the-holy-land/
20220221,1029454057,20220221,IRAN,IRN,QATAR,QAT,163,금수·보이콧·제재 부과,16,4,-8.0,2,1,2,-2.9126213592233,"Tehran, Tehran, Iran",IR,https://www.malaymail.com/news/world/2022/02/21/iran-president-makes-maiden-gulf-trip-for-gas-nuclear-talks/2042992
20220221,1029463301,20220221,ISRAEL,ISR,GAZA,PSE,190,재래식 군사력 사용,19,4,-10.0,14,4,14,-1.47610371631567,Gaza Strip,GZ,http://www.china.org.cn/world/Off_the_Wire/2022-02/21/content_78062991.htm
20220221,1029463525,20220221,GAZA,PSE,EGYPT,EGY,190,재래식 군사력 사용,19,4,-10.0,21,4,21,-1.47610371631567,Gaza Strip,GZ,http://www.china.org.cn/world/Off_the_Wire/2022-02/21/content_78062991.htm
20220221,1029472137,20220221,HASSAN,JOR,TEHRAN,IRN,163,금수·보이콧·제재 부과,16,4,-8.0,7,1,7,0.47393364928909,"Tehran, Tehran, Iran",IR,https://www.latimes.com/world/la-fg-iran-election-results-20170520-story.html
20220221,1029478041,20220221,IRANIAN,IRN,ISRAELI,ISR,190,재래식 군사력 사용,19,4,-10.0,1,1,1,0.48661800486618,"Tehran, Tehran, Iran",IR,https://www.algemeiner.com/2022/02/21/israel-tests-naval-iron-dome-system-on-warship-against-cruise-missiles-drones/
20220221,1029478042,20220221,IRANIAN,IRN,ISRAELI,ISR,190,재래식 군사력 사용,19,4,-10.0,6,1,6,0.48661800486618,"Tehran, Tehran, Iran",IR,https://www.algemeiner.com/2022/02/21/israel-tests-naval-iron-dome-system-on-warship-against-cruise-missiles-drones/
20220221,1029478043,20220221,IRANIAN,IRN,ISRAELI,ISR,190,재래식 군사력 사용,19,4,-10.0,1,1,1,0.48661800486618,Israel,IS,https://www.algemeiner.com/2022/02/21/israel-tests-naval-iron-dome-system-on-warship-against-cruise-missiles-drones/
20220221,1029481843,20220221,LEBANON,LBN,ISRAEL,ISR,192,영토 점령,19,4,-9.5,3,1,3,-1.7167381974249,Israel,IS,https://www.i24news.tv/en/news/israel/defense/1645460169-mitzpe-shlagim-outpost-the-eyes-of-the-state-of-israel
20220221,1029482105,20220221,SYRIA,SYR,ISRAEL,ISR,192,영토 점령,19,4,-9.5,1,1,1,-1.7167381974249,Israel,IS,https://www.i24news.tv/en/news/israel/defense/1645460169-mitzpe-shlagim-outpost-the-eyes-of-the-state-of-israel
20220221,1029486462,20220221,LEBANON,LBN,SYRIA,SYR,192,영토 점령,19,4,-9.5,4,1,4,-6.79611650485437,"Arsal, Mohafazat Baalbek-Hermel, Lebanon",LE,https://www.mtv.com.lb/en/News/Local/1258085/lebanese-army-busts-captagon-smuggling-operation-from-syria-into-lebanon
20220221,1029486709,20220221,SYRIA,SYR,LEBANON,LBN,192,영토 점령,19,4,-9.5,1,1,1,-6.79611650485437,"Arsal, Mohafazat Baalbek-Hermel, Lebanon",LE,https://www.mtv.com.lb/en/News/Local/1258085/lebanese-army-busts-captagon-smuggling-operation-from-syria-into-lebanon
20220221,1029491773,20220221,IRANIAN,IRN,SYRIA,SYR,154,군 병력 동원·증강,15,4,-7.2,1,1,1,-4.58265139116203,"Golan Heights, Syria (general), Syria",SY,https://www.timesofisrael.com/israel-said-worried-us-sanctions-on-russia-could-affect-syria-operations/
20220221,1029491774,20220221,IRANIAN,IRN,SYRIA,SYR,154,군 병력 동원·증강,15,4,-7.2,1,1,1,-4.58265139116203,Lebanon,LE,https://www.timesofisrael.com/israel-said-worried-us-sanctions-on-russia-could-affect-syria-operations/
20220221,1029491797,20220221,ISRAEL,ISR,SYRIA,SYR,195,공중무기 사용,19,4,-10.0,4,1,4,-4.58265139116203,"Golan Heights, Syria (general), Syria",SY,https://www.timesofisrael.com/israel-said-worried-us-sanctions-on-russia-could-affect-syria-operations/
20220221,1029491798,20220221,ISRAEL,ISR,SYRIA,SYR,195,공중무기 사용,19,4,-10.0,1,1,1,-4.58265139116203,"Jerusalem, Israel (general), Israel",IS,https://www.timesofisrael.com/israel-said-worried-us-sanctions-on-russia-could-affect-syria-operations/
20220221,1029492014,20220221,GAZA,PSE,EGYPT,EGY,190,재래식 군사력 사용,19,4,-10.0,2,1,2,-1.26582278481013,Gaza Strip,GZ,https://english.news.cn/20220222/183ff5beddc94cb7ba922ba34af84572/c.html
20220221,1029501780,20220221,DOHA,QAT,IRAN,IRN,163,금수·보이콧·제재 부과,16,4,-8.0,1,1,1,-0.53191489361702,"Tehran, Tehran, Iran",IR,https://english.aawsat.com/home/article/3487581/iran%E2%80%99s-raisi-calls-us-lift-sanctions-revive-nuclear-deal
20220221,1029501781,20220221,DOHA,QAT,IRAN,IRN,163,금수·보이콧·제재 부과,16,4,-8.0,1,1,1,-0.53191489361702,"Tehran, Tehran, Iran",IR,https://english.aawsat.com/home/article/3487581/iran%E2%80%99s-raisi-calls-us-lift-sanctions-revive-nuclear-deal
20220221,1029501842,20220221,SAUDI ARABIA,SAU,YEMEN,YEM,195,공중무기 사용,19,4,-10.0,42,6,42,-6.20333694687798,"Marib, Ma'rib, Yemen",YM,https://www.chron.com/news/article/Saudi-Arabia-16-hurt-in-airport-drone-attack-16936200.php
20220221,1029505840,20220221,IRAN,IRN,QATAR,QAT,163,금수·보이콧·제재 부과,16,4,-8.0,2,1,2,-3.55987055016182,"Doha, Ad Daw?ah, Qatar",QA,https://www.kuwaittimes.com/raisi-on-first-gulf-trip-for-gas-nuke-talks/
20220221,1029505841,20220221,IRAN,IRN,QATAR,QAT,163,금수·보이콧·제재 부과,16,4,-8.0,2,1,2,-3.55987055016182,China,CH,https://www.kuwaittimes.com/raisi-on-first-gulf-trip-for-gas-nuke-talks/
20220221,1029505842,20220221,IRAN,IRN,QATAR,QAT,163,금수·보이콧·제재 부과,16,4,-8.0,6,1,6,-3.55987055016182,China,CH,https://www.kuwaittimes.com/raisi-on-first-gulf-trip-for-gas-nuke-talks/
20220221,1029508528,20220221,EGYPT,EGY,SAUDI ARABIA,SAU,194,포병·전차를 이용한 전투,19,4,-10.0,2,1,2,-6.61157024793388,Egypt,EG,https://english.ahram.org.eg/NewsContent/1/1234/461501/Egypt/Foreign-Affairs/Egypt-denounces-Houthi-missile-attacks-on-Saudi-Ar.aspx
20220221,1029508529,20220221,EGYPT,EGY,SAUDI ARABIA,SAU,194,포병·전차를 이용한 전투,19,4,-10.0,8,1,8,-6.61157024793388,Saudi Arabia,SA,https://english.ahram.org.eg/NewsContent/1/1234/461501/Egypt/Foreign-Affairs/Egypt-denounces-Houthi-missile-attacks-on-Saudi-Ar.aspx
20220221,1029516469,20220221,IRAN,IRN,QATAR,QAT,163,금수·보이콧·제재 부과,16,4,-8.0,10,1,10,-5.05836575875487,"Doha, Ad Daw?ah, Qatar",QA,https://www.arabnews.com/node/2029296/middle-east
20220221,1029518522,20220221,HAMAS,PSE,ISRAEL,ISR,163,금수·보이콧·제재 부과,16,4,-8.0,10,1,10,-1.60857908847185,"Gaza, Israel (general), Israel",IS,https://www.jns.org/opinion/j-street-convinces-congressman-to-turn-against-the-jewish-state/
20220221,1029520517,20220221,PALESTINIAN,PSE,ISRAEL,ISR,190,재래식 군사력 사용,19,4,-10.0,2,1,2,-8.41379310344827,"Jerusalem, Israel (general), Israel",IS,http://jordantimes.com/opinion/james-j-zogby/turning-point-criticism-israeli-human-rights-policies
20220221,1029520518,20220221,PALESTINIAN,PSE,ISRAEL,ISR,190,재래식 군사력 사용,19,4,-10.0,2,1,2,-8.41379310344827,United States,US,http://jordantimes.com/opinion/james-j-zogby/turning-point-criticism-israeli-human-rights-policies
20220221,1029523347,20220221,SAUDI ARABIA,SAU,IRAN,IRN,190,재래식 군사력 사용,19,4,-10.0,1,1,1,-0.8160237388724,"Washington, District of Columbia, United States",US,https://oilprice.com/Energy/Energy-General/China-And-Saudi-Arabia-Strengthen-Ties-With-10-Billion-Petrochemical-Plan.html
20220221,1029523348,20220221,SAUDI ARABIA,SAU,IRAN,IRN,190,재래식 군사력 사용,19,4,-10.0,1,1,1,-0.8160237388724,Russia,RS,https://oilprice.com/Energy/Energy-General/China-And-Saudi-Arabia-Strengthen-Ties-With-10-Billion-Petrochemical-Plan.html
20220221,1029523652,20220221,YEMEN,YEM,SAUDI ARABIA,SAU,190,재래식 군사력 사용,19,4,-10.0,5,1,5,-9.67032967032968,"Sanaa, Sana', Yemen",YM,https://www.geo.tv/latest/400722-16-hurt-as-yemen-rebel-drone-targets-saudi-airport-coalition
20220222,1029535280,20220222,SAUDI ARABIA,SAU,YEMEN,YEM,195,공중무기 사용,19,4,-10.0,21,3,21,-6.21680254259134,"Marib, Ma'rib, Yemen",YM,https://www.stripes.com/theaters/middle_east/2022-02-21/saudia-arabia-yemen-airport-drone-attack-injuries-5101295.html
20220222,1029558931,20220222,SYRIAN,SYR,TURKISH,TUR,192,영토 점령,19,4,-9.5,26,7,26,-3.40090850887405,"Aleppo, ?alab, Syria",SY,http://www.msn.com/en-us/news/world/in-turkish-funded-syria-camps-tents-give-way-to-homes/ar-AAU8Vzn
20220222,1029558932,20220222,SYRIAN,SYR,TURKISH,TUR,192,영토 점령,19,4,-9.5,4,2,4,-3.93247217304291,"Aleppo, ?alab, Syria",SY,http://www.msn.com/en-us/news/world/in-turkish-funded-syria-camps-tents-give-way-to-homes/ar-AAU8Vzn
20220222,1029558933,20220222,SYRIAN,SYR,TURKISH,TUR,192,영토 점령,19,4,-9.5,36,3,36,-3.63448348556077,"Ankara, Ankara, Turkey",TU,http://www.msn.com/en-us/news/world/in-turkish-funded-syria-camps-tents-give-way-to-homes/ar-AAU8Vzn
20220222,1029565384,20220222,IRAN,IRN,QATAR,QAT,163,금수·보이콧·제재 부과,16,4,-8.0,20,2,20,-3.93518518518519,"Doha, Ad Daw?ah, Qatar",QA,https://www.thenews.com.pk/print/935653-iran-hails-n-talk-progress-but-raisi-insists-us-sanctions-end
20220222,1029567081,20220222,ISRAEL,ISR,IRANIAN,IRN,190,재래식 군사력 사용,19,4,-10.0,18,2,18,-4.73285530218669,"Tehran, Tehran, Iran",IR,https://www.msn.com/en-nz/news/other/christians-wake-up-if-world-doesn-t-stop-putin-nato-israel-are-next/ar-AAU8T4y
20220222,1029567082,20220222,ISRAEL,ISR,IRAN,IRN,190,재래식 군사력 사용,19,4,-10.0,6,2,6,-4.73285530218669,Israel,IS,https://www.msn.com/en-nz/news/other/christians-wake-up-if-world-doesn-t-stop-putin-nato-israel-are-next/ar-AAU8T4y
20220222,1029567083,20220222,ISRAEL,ISR,IRANIAN,IRN,190,재래식 군사력 사용,19,4,-10.0,6,2,6,-4.73285530218669,Israel,IS,https://www.msn.com/en-nz/news/other/christians-wake-up-if-world-doesn-t-stop-putin-nato-israel-are-next/ar-AAU8T4y
20220222,1029568047,20220222,ISRAEL,ISR,GAZA,PSE,190,재래식 군사력 사용,19,4,-10.0,4,1,4,-1.62162162162162,Gaza Strip,GZ,https://www.bignewsnetwork.com/news/272321179/gaza-receives-500000-doses-of-vacsera-sinovac-covid-19-vaccines
20220222,1029568194,20220222,GAZA,PSE,EGYPT,EGY,190,재래식 군사력 사용,19,4,-10.0,6,1,6,-1.62162162162162,Gaza Strip,GZ,https://www.bignewsnetwork.com/news/272321179/gaza-receives-500000-doses-of-vacsera-sinovac-covid-19-vaccines
20220222,1029571312,20220222,IRAN,IRN,QATAR,QAT,163,금수·보이콧·제재 부과,16,4,-8.0,10,1,10,-3.55731225296443,"Doha, Ad Daw?ah, Qatar",QA,https://news.cgtn.com/news/2022-02-22/Iran-hails-nuclear-talk-progress-but-insists-U-S-sanctions-end-17R1bHG2nKg/
20220222,1029581531,20220222,ISRAEL,ISR,GAZA,PSE,190,재래식 군사력 사용,19,4,-10.0,2,1,2,-1.84049079754602,"Gaza City, Israel (general), Israel",IS,https://www.timesofisrael.com/astonishing-recovery-10-months-after-self-immolating-idf-vet-is-again-walking/
20220222,1029581652,20220222,GAZA,PSE,ISRAEL,ISR,190,재래식 군사력 사용,19,4,-10.0,2,1,2,-1.84049079754602,"Gaza City, Israel (general), Israel",IS,https://www.timesofisrael.com/astonishing-recovery-10-months-after-self-immolating-idf-vet-is-again-walking/
20220222,1029581793,20220222,SYRIAN,SYR,TURKISH,TUR,192,영토 점령,19,4,-9.5,4,4,4,-2.77331426262801,"Al-Bab, ?alab, Syria",SY,https://www.macaubusiness.com/in-turkish-funded-syria-camps-tents-give-way-to-homes/
20220222,1029581794,20220222,SYRIAN,SYR,TURKISH,TUR,192,영토 점령,19,4,-9.5,28,4,28,-2.77331426262801,"Ankara, Ankara, Turkey",TU,https://www.macaubusiness.com/in-turkish-funded-syria-camps-tents-give-way-to-homes/
20220222,1029590751,20220222,YEMEN,YEM,RIYADH,SAU,190,재래식 군사력 사용,19,4,-10.0,2,1,2,-7.65027322404372,"Riyadh, Ar Riya?, Saudi Arabia",SA,https://english.newstracklive.com/news/yemens-houthi-militia-drone-attack-on-saudi-airport-injures-16-sc57-nu318-ta318-1213599-1.html
20220222,1029590752,20220222,YEMEN,YEM,RIYADH,SAU,190,재래식 군사력 사용,19,4,-10.0,5,1,5,-7.65027322404372,"Sanaa, Sana', Yemen",YM,https://english.newstracklive.com/news/yemens-houthi-militia-drone-attack-on-saudi-airport-injures-16-sc57-nu318-ta318-1213599-1.html
20220222,1029590753,20220222,YEMEN,YEM,SAUDI,SAU,190,재래식 군사력 사용,19,4,-10.0,10,1,10,-7.65027322404372,"Sanaa, Sana', Yemen",YM,https://english.newstracklive.com/news/yemens-houthi-militia-drone-attack-on-saudi-airport-injures-16-sc57-nu318-ta318-1213599-1.html
20220222,1029614539,20220222,SAUDI ARABIA,SAU,YEMEN,YEM,196,휴전 위반,19,4,-9.5,4,1,4,-5.09090909090909,"Riyadh, Ar Riya?, Saudi Arabia",SA,https://www.presstv.ir/Detail/2022/02/22/677303/Yemeni-civilians-killed-injured-fresh-Saudi-led-attacks
20220222,1029614540,20220222,SAUDI ARABIA,SAU,YEMEN,YEM,196,휴전 위반,19,4,-9.5,4,1,4,-5.09090909090909,"Riyadh, Ar Riya?, Saudi Arabia",SA,https://www.presstv.ir/Detail/2022/02/22/677303/Yemeni-civilians-killed-injured-fresh-Saudi-led-attacks
20220222,1029619988,20220222,IRAN,IRN,ABDULLAH,SAU,190,재래식 군사력 사용,19,4,-10.0,2,1,2,-3.2329988851728,"Jazan, Ostan-e Alborz, Iran",IR,https://english.aawsat.com/home/article/3489411/camelia-entekhabifard/what-irgc-if-not-terror-organization
20220222,1029620356,20220222,SAUDI,SAU,IRAN,IRN,190,재래식 군사력 사용,19,4,-10.0,3,1,3,-3.2329988851728,"Jazan, Ostan-e Alborz, Iran",IR,https://english.aawsat.com/home/article/3489411/camelia-entekhabifard/what-irgc-if-not-terror-organization
20220222,1029620357,20220222,SAUDI ARABIA,SAU,IRAN,IRN,190,재래식 군사력 사용,19,4,-10.0,3,1,3,-3.2329988851728,"Jazan, Ostan-e Alborz, Iran",IR,https://english.aawsat.com/home/article/3489411/camelia-entekhabifard/what-irgc-if-not-terror-organization
20220222,1029624743,20220222,ISRAELI,ISR,SYRIA,SYR,195,공중무기 사용,19,4,-10.0,20,1,20,-3.95458104933438,"Damascus, Dimashq, Syria",SY,https://www.strategypage.com/qnd/israel/20220222.aspx
20220222,1029625231,20220222,SYRIAN,SYR,IRANIAN,IRN,195,공중무기 사용,19,4,-10.0,20,1,20,-3.95458104933438,"Gaza, Israel (general), Israel",IS,https://www.strategypage.com/qnd/israel/20220222.aspx
20220222,1029625232,20220222,SYRIA,SYR,ISRAEL,ISR,190,재래식 군사력 사용,19,4,-10.0,4,1,4,-3.95458104933438,"Gaza, Israel (general), Israel",IS,https://www.strategypage.com/qnd/israel/20220222.aspx
20220222,1029625233,20220222,SYRIAN,SYR,ISRAEL,ISR,190,재래식 군사력 사용,19,4,-10.0,16,1,16,-3.95458104933438,"Gaza, Israel (general), Israel",IS,https://www.strategypage.com/qnd/israel/20220222.aspx
20220222,1029632256,20220222,ISRAELI,ISR,LEBANON,LBN,192,영토 점령,19,4,-9.5,20,1,20,-7.23981900452489,"Metulla, Ha?afon, Israel",IS,https://www.naharnet.com:443/stories/en/288048-israeli-jets-overfly-southern-cities-and-towns-at-low-medium-altitudes
20220222,1029636461,20220222,ISRAELI,ISR,PALESTINIAN,PSE,191,봉쇄·이동 제한,19,4,-9.5,6,2,6,-5.58854904314306,"Jerusalem, Israel (general), Israel",IS,https://www.newstribune.com/news/2022/feb/22/commentary-a-rogue-military-unit-is-israels/
20220222,1029636462,20220222,ISRAELI,ISR,PALESTINIAN,PSE,191,봉쇄·이동 제한,19,4,-9.5,2,1,2,-5.78186596583443,"Wisconsin, United States",US,https://www.newstribune.com/news/2022/feb/22/commentary-a-rogue-military-unit-is-israels/
20220222,1029643239,20220222,ISRAELI,ISR,LEBANESE,LBN,154,군 병력 동원·증강,15,4,-7.2,2,1,2,-2.57510729613734,Israel,IS,https://www.i24news.tv/en/news/israel/defense/1645532951-hezbollah-claims-drone-flew-nearly-20-miles-into-israeli-airspace
20220222,1029643240,20220222,ISRAELI,ISR,LEBANESE,LBN,154,군 병력 동원·증강,15,4,-7.2,2,1,2,-2.57510729613734,"Beirut, Beyrouth, Lebanon",LE,https://www.i24news.tv/en/news/israel/defense/1645532951-hezbollah-claims-drone-flew-nearly-20-miles-into-israeli-airspace
20220222,1029643245,20220222,ISRAELI,ISR,LEBANESE,LBN,154,군 병력 동원·증강,15,4,-7.2,4,1,4,-2.57510729613734,"Beirut, Beyrouth, Lebanon",LE,https://www.i24news.tv/en/news/israel/defense/1645532951-hezbollah-claims-drone-flew-nearly-20-miles-into-israeli-airspace
20220222,1029643246,20220222,ISRAEL,ISR,LEBANON,LBN,154,군 병력 동원·증강,15,4,-7.2,2,1,2,-2.57510729613734,Israel,IS,https://www.i24news.tv/en/news/israel/defense/1645532951-hezbollah-claims-drone-flew-nearly-20-miles-into-israeli-airspace
20220222,1029643247,20220222,ISRAEL,ISR,LEBANON,LBN,193,소형무기·경무기를 이용한 전투,19,4,-10.0,10,1,10,-2.57510729613734,Israel,IS,https://www.i24news.tv/en/news/israel/defense/1645532951-hezbollah-claims-drone-flew-nearly-20-miles-into-israeli-airspace
20220222,1029654515,20220222,PALESTINIAN,PSE,ISRAELI,ISR,190,재래식 군사력 사용,19,4,-10.0,8,3,8,-11.7349514971171,"Jerusalem, Israel (general), Israel",IS,https://english.alaraby.co.uk/news/israeli-soldiers-drag-away-palestinian-downs-syndrome
20220222,1029658186,20220222,ISRAELI,ISR,PALESTINIAN,PSE,190,재래식 군사력 사용,19,4,-10.0,6,2,6,-7.30612564153475,"Sheikh Jarrah, Yerushalayim, Israel",IS,https://www.presstv.ir/Detail/2022/02/22/677324/Israeli-forces-attack-intellectually-disabled-man-Sheikh-Jarrah
20220222,1029658187,20220222,ISRAEL,ISR,PALESTINIAN,PSE,192,영토 점령,19,4,-9.5,1,1,1,-1.89504373177842,"Jerusalem, Israel (general), Israel",IS,https://www.middleeastmonitor.com/20220222-israel-shelves-contentious-plan-to-seize-christian-holy-sites/
20220222,1029666095,20220222,ISRAELI,ISR,PALESTINIAN,PSE,190,재래식 군사력 사용,19,4,-10.0,28,4,24,-8.47703516978749,"Jerusalem, Israel (general), Israel",IS,https://www.middleeasteye.net/news/israel-palestine-withholding-bodies-nine-children
20220222,1029667888,20220222,ISRAEL,ISR,GAZA,PSE,192,영토 점령,19,4,-9.5,2,1,2,0.57471264367816,Gaza Strip,GZ,https://www.thenewhumanitarian.org/report/96155/analysis-tunnel-free-future-gaza
20220222,1029668300,20220222,HAMAS,PSE,ISRAEL,ISR,192,영토 점령,19,4,-9.5,4,1,4,0.57471264367816,"Gaza, Israel (general), Israel",IS,https://www.thenewhumanitarian.org/report/96155/analysis-tunnel-free-future-gaza
20220222,1029672111,20220222,ISRAEL,ISR,LEBANON,LBN,192,영토 점령,19,4,-9.5,2,1,2,-3.65198711063373,"Gaza, Israel (general), Israel",IS,https://www.middleeastmonitor.com/20220222-messages-from-hezbollahs-drones/
20220222,1029672112,20220222,ISRAEL,ISR,LEBANESE,LBN,192,영토 점령,19,4,-9.5,8,1,8,-3.65198711063373,Lebanon,LE,https://www.middleeastmonitor.com/20220222-messages-from-hezbollahs-drones/
20220222,1029672113,20220222,ISRAEL,ISR,LEBANESE,LBN,193,소형무기·경무기를 이용한 전투,19,4,-10.0,10,1,10,-3.65198711063373,"Gaza, Israel (general), Israel",IS,https://www.middleeastmonitor.com/20220222-messages-from-hezbollahs-drones/
20220222,1029673634,20220222,LEBANESE,LBN,ISRAEL,ISR,194,포병·전차를 이용한 전투,19,4,-10.0,2,1,2,-4.34782608695652,"Tel Aviv, Tel Aviv, Israel",IS,https://www.plenglish.com/news/2022/02/22/tension-rises-between-lebanon-and-israel-over-hizbullahs-drone/
20220222,1029673635,20220222,LEBANESE,LBN,ISRAEL,ISR,194,포병·전차를 이용한 전투,19,4,-10.0,8,1,8,-4.34782608695652,"Tel Aviv, Tel Aviv, Israel",IS,https://www.plenglish.com/news/2022/02/22/tension-rises-between-lebanon-and-israel-over-hizbullahs-drone/
20220222,1029693922,20220222,GAZA,PSE,ISRAEL,ISR,194,포병·전차를 이용한 전투,19,4,-10.0,4,1,4,-1.7725258493353,"Gaza, Israel (general), Israel",IS,https://www.memri.org/reports/palestinian-writer-peace-and-coexistence-are-only-way-resolve-conflict-israel-requires
20220222,1029700278,20220222,HAMAS,PSE,ISRAEL,ISR,194,포병·전차를 이용한 전투,19,4,-10.0,4,1,4,-1.10213078618662,"Gaza, Israel (general), Israel",IS,https://sofrep.com/news/iron-dome-too-expensive-israel-develops-laser-wall-for-cost-effectiveness/
20220222,1029707510,20220222,ISRAEL,ISR,SYRIA,SYR,190,재래식 군사력 사용,19,4,-10.0,1,1,1,-3.125,"Moscow, Moskva, Russia",RS,https://www.veteranstoday.com/2022/02/22/russia-breathes-down-middle-east-necks-over-ukraine/
20220222,1029707511,20220222,ISRAEL,ISR,SYRIA,SYR,190,재래식 군사력 사용,19,4,-10.0,1,1,1,-3.125,Israel,IS,https://www.veteranstoday.com/2022/02/22/russia-breathes-down-middle-east-necks-over-ukraine/
20220222,1029712379,20220222,ISRAEL,ISR,IRANIAN,IRN,190,재래식 군사력 사용,19,4,-10.0,3,1,3,-0.19455252918288,Iran,IR,https://www.jpost.com/israel-news/article-698290
20220222,1029712380,20220222,ISRAEL,ISR,IRAN,IRN,190,재래식 군사력 사용,19,4,-10.0,1,1,1,-0.19455252918288,Syria,SY,https://www.jpost.com/israel-news/article-698290
20220222,1029712381,20220222,ISRAEL,ISR,IRANIAN,IRN,190,재래식 군사력 사용,19,4,-10.0,1,1,1,-0.19455252918288,"Jerusalem, Israel (general), Israel",IS,https://www.jpost.com/israel-news/article-698290
20220222,1029712391,20220222,ISRAELI,ISR,PALESTINIAN,PSE,190,재래식 군사력 사용,19,4,-10.0,4,1,4,-4.48968585681542,"London, London, City of, United Kingdom",UK,https://www.veteranstoday.com/2022/02/22/the-hidden-history-of-the-incredibly-evil-khazarian-mafia/
20220222,1029712803,20220222,SYRIA,SYR,TURKISH,TUR,192,영토 점령,19,4,-9.5,2,1,2,-2.02578268876611,"Ankara, Ankara, Turkey",TU,https://www.kuwaittimes.com/in-turkish-funded-syria-camps-tents-give-way-to-homes/
20220222,1029712805,20220222,SYRIA,SYR,IRANIAN,IRN,190,재래식 군사력 사용,19,4,-10.0,2,1,2,-0.19455252918288,Iran,IR,https://www.jpost.com/israel-news/article-698290
20220222,1029712806,20220222,SYRIA,SYR,IRAN,IRN,190,재래식 군사력 사용,19,4,-10.0,1,1,1,-0.19455252918288,Syria,SY,https://www.jpost.com/israel-news/article-698290
20220222,1029714905,20220222,ISRAELI,ISR,PALESTINIAN,PSE,190,재래식 군사력 사용,19,4,-10.0,8,1,8,-4.70809792843691,"Jerusalem, Israel (general), Israel",IS,https://www.timesofisrael.com/court-freezes-eviction-of-palestinian-family-from-sheikh-jarrah-home/
20220222,1029715131,20220222,PALESTINIAN,PSE,ISRAELI,ISR,190,재래식 군사력 사용,19,4,-10.0,2,1,2,-4.70809792843691,"Sheikh Jarrah, Yerushalayim, Israel",IS,https://www.timesofisrael.com/court-freezes-eviction-of-palestinian-family-from-sheikh-jarrah-home/
20220222,1029715132,20220222,PALESTINIAN,PSE,ISRAELI,ISR,190,재래식 군사력 사용,19,4,-10.0,8,1,8,-4.70809792843691,"Jerusalem, Israel (general), Israel",IS,https://www.timesofisrael.com/court-freezes-eviction-of-palestinian-family-from-sheikh-jarrah-home/
20220222,1029718960,20220222,ISRAELI,ISR,PALESTINIAN,PSE,190,재래식 군사력 사용,19,4,-10.0,20,4,20,-6.49537609946993,Israel,IS,https://www.timesofisrael.com/liveblog_entry/army-says-14-year-old-palestinian-who-hurled-firebomb-shot-dead-near-bethlehem/
20220222,1029718973,20220222,ISRAELI,ISR,PALESTINIAN,PSE,193,소형무기·경무기를 이용한 전투,19,4,-10.0,2,1,2,-0.56497175141243,Israel,IS,https://www.timesofisrael.com/liveblog_entry/army-says-14-year-old-palestinian-who-hurled-firebomb-shot-dead-near-bethlehem/
20220222,1029719173,20220222,PALESTINIAN,PSE,ISRAELI,ISR,193,소형무기·경무기를 이용한 전투,19,4,-10.0,6,1,6,-3.41880341880342,"Jerusalem, Israel (general), Israel",IS,https://www.jpost.com/breaking-news/article-698288
20220222,1029722046,20220222,IRAQ,IRQ,SYRIA,SYR,192,영토 점령,19,4,-9.5,10,1,10,-5.12820512820513,"Erbil, Liwa' Irbil, Iraq",IZ,https://www.rudaw.net/english/middleeast/iraq/220220222
20220222,1029722385,20220222,SYRIA,SYR,IRAQ,IRQ,192,영토 점령,19,4,-9.5,2,1,2,-5.12820512820513,"Erbil, Liwa' Irbil, Iraq",IZ,https://www.rudaw.net/english/middleeast/iraq/220220222
20220222,1029722386,20220222,SYRIA,SYR,IRAQ,IRQ,192,영토 점령,19,4,-9.5,8,1,8,-5.12820512820513,"Erbil, Liwa' Irbil, Iraq",IZ,https://www.rudaw.net/english/middleeast/iraq/220220222
20220222,1029726833,20220222,SYRIAN,SYR,TURKISH,TUR,192,영토 점령,19,4,-9.5,2,1,2,-2.44252873563219,"Idlib, Idlib, Syria",SY,https://www.taipeitimes.com/News/world/archives/2022/02/23/2003773633
20220222,1029728401,20220222,ISRAELI,ISR,PALESTINIAN,PSE,193,소형무기·경무기를 이용한 전투,19,4,-10.0,1,1,1,-3.69984366857738,"London, London, City of, United Kingdom",UK,https://mishpacha.com/keyboard-warrior/
20220222,1029728402,20220222,ISRAELI,ISR,PALESTINIAN,PSE,193,소형무기·경무기를 이용한 전투,19,4,-10.0,19,2,15,-4.76769371757782,"Al Quds, Israel (general), Israel",IS,https://mishpacha.com/keyboard-warrior/
20220222,1029729689,20220222,ISRAELI,ISR,PALESTINIAN,PSE,193,소형무기·경무기를 이용한 전투,19,4,-10.0,2,1,2,-1.8348623853211,Israel,IS,https://www.haaretz.com/israel-news/.premium-palestinian-health-ministry-14-year-old-killed-by-israeli-forces-near-bethlehem-1.10628263
20220222,1029729699,20220222,ISRAEL,ISR,PALESTINIAN,PSE,193,소형무기·경무기를 이용한 전투,19,4,-10.0,1,1,1,-1.8348623853211,"Kafr Qaddum, West Bank (general), West Bank",WE,https://www.haaretz.com/israel-news/.premium-palestinian-health-ministry-14-year-old-killed-by-israeli-forces-near-bethlehem-1.10628263
20220222,1029729700,20220222,ISRAEL,ISR,PALESTINIAN,PSE,193,소형무기·경무기를 이용한 전투,19,4,-10.0,1,1,1,-1.8348623853211,Israel,IS,https://www.haaretz.com/israel-news/.premium-palestinian-health-ministry-14-year-old-killed-by-israeli-forces-near-bethlehem-1.10628263
20220222,1029729930,20220222,PALESTINIAN,PSE,ISRAELI,ISR,193,소형무기·경무기를 이용한 전투,19,4,-10.0,1,1,1,-1.8348623853211,Israel,IS,https://www.haaretz.com/israel-news/.premium-palestinian-health-ministry-14-year-old-killed-by-israeli-forces-near-bethlehem-1.10628263
20220222,1029732745,20220222,TEHRAN,IRN,ISRAELI,ISR,190,재래식 군사력 사용,19,4,-10.0,1,1,1,-3.97260273972603,Lebanon,LE,https://www.timesofisrael.com/gantz-accuses-iran-of-providing-venezuela-with-attack-drone-know-how/
20220222,1029732746,20220222,TEHRAN,IRN,ISRAELI,ISR,190,재래식 군사력 사용,19,4,-10.0,1,1,1,-3.97260273972603,"Jerusalem, Israel (general), Israel",IS,https://www.timesofisrael.com/gantz-accuses-iran-of-providing-venezuela-with-attack-drone-know-how/
20220222,1029732763,20220222,ISRAEL,ISR,IRAN,IRN,195,공중무기 사용,19,4,-10.0,3,1,3,-2.00729927007299,"Moscow, Moskva, Russia",RS,https://www.algemeiner.com/2022/02/22/israel-evacuates-diplomatic-staff-from-capital-kyiv-as-ukraine-crisis-deepens/
20220222,1029732764,20220222,ISRAEL,ISR,IRAN,IRN,195,공중무기 사용,19,4,-10.0,1,1,1,-2.00729927007299,Israel,IS,https://www.algemeiner.com/2022/02/22/israel-evacuates-diplomatic-staff-from-capital-kyiv-as-ukraine-crisis-deepens/
20220222,1029732765,20220222,ISRAEL,ISR,IRAN,IRN,195,공중무기 사용,19,4,-10.0,1,1,1,-2.00729927007299,"Moscow, Moskva, Russia",RS,https://www.algemeiner.com/2022/02/22/israel-evacuates-diplomatic-staff-from-capital-kyiv-as-ukraine-crisis-deepens/
20220222,1029732766,20220222,ISRAEL,ISR,PALESTINIAN,PSE,190,재래식 군사력 사용,19,4,-10.0,2,1,2,-9.09090909090909,"Jerusalem, Israel (general), Israel",IS,https://www.aljazeera.com/news/2022/2/22/palestinian-teen-killed-by-israeli-forces-ministry
20220222,1029732767,20220222,ISRAEL,ISR,PALESTINIAN,PSE,190,재래식 군사력 사용,19,4,-10.0,2,1,2,-9.09090909090909,"Jerusalem, Israel (general), Israel",IS,https://www.aljazeera.com/news/2022/2/22/palestinian-teen-killed-by-israeli-forces-ministry
20220222,1029732768,20220222,ISRAEL,ISR,PALESTINIAN,PSE,190,재래식 군사력 사용,19,4,-10.0,2,1,2,-9.09090909090909,West Bank,WE,https://www.aljazeera.com/news/2022/2/22/palestinian-teen-killed-by-israeli-forces-ministry
20220222,1029732773,20220222,ISRAEL,ISR,SYRIA,SYR,195,공중무기 사용,19,4,-10.0,4,1,4,-2.00729927007299,"Moscow, Moskva, Russia",RS,https://www.algemeiner.com/2022/02/22/israel-evacuates-diplomatic-staff-from-capital-kyiv-as-ukraine-crisis-deepens/
20220222,1029732774,20220222,ISRAEL,ISR,SYRIA,SYR,195,공중무기 사용,19,4,-10.0,1,1,1,-2.00729927007299,Iran,IR,https://www.algemeiner.com/2022/02/22/israel-evacuates-diplomatic-staff-from-capital-kyiv-as-ukraine-crisis-deepens/
20220222,1029734333,20220215,ISRAELI,ISR,PALESTINIAN,PSE,193,소형무기·경무기를 이용한 전투,19,4,-10.0,2,1,2,-6.7238912732475,"Silat Al-Harithiya, West Bank (general), West Bank",WE,https://www.timesofisrael.com/14-year-old-palestinian-killed-by-troops-allegedly-while-hurling-firebombs-at-cars/
20220222,1029734908,20220222,ISRAELI,ISR,WEST BANK,PSE,190,재래식 군사력 사용,19,4,-10.0,2,1,2,-6.7238912732475,Israel,IS,https://www.timesofisrael.com/14-year-old-palestinian-killed-by-troops-allegedly-while-hurling-firebombs-at-cars/
20220222,1029734909,20220222,ISRAELI,ISR,WEST BANK,PSE,190,재래식 군사력 사용,19,4,-10.0,2,1,2,-6.7238912732475,Israel,IS,https://www.timesofisrael.com/14-year-old-palestinian-killed-by-troops-allegedly-while-hurling-firebombs-at-cars/
20220222,1029734910,20220222,ISRAELI,ISR,WEST BANK,PSE,190,재래식 군사력 사용,19,4,-10.0,2,1,2,-6.7238912732475,"Homesh, West Bank (general), West Bank",WE,https://www.timesofisrael.com/14-year-old-palestinian-killed-by-troops-allegedly-while-hurling-firebombs-at-cars/
20220222,1029734911,20220222,ISRAELI,ISR,WEST BANK,PSE,190,재래식 군사력 사용,19,4,-10.0,8,1,8,-6.7238912732475,"Nablus, West Bank (general), West Bank",WE,https://www.timesofisrael.com/14-year-old-palestinian-killed-by-troops-allegedly-while-hurling-firebombs-at-cars/
20220222,1029734912,20220222,ISRAELI,ISR,PALESTINIAN,PSE,193,소형무기·경무기를 이용한 전투,19,4,-10.0,4,2,4,-9.03204872940725,Israel,IS,https://www.timesofisrael.com/14-year-old-palestinian-killed-by-troops-allegedly-while-hurling-firebombs-at-cars/
20220222,1029734917,20220222,ISRAELI,ISR,WEST BANK,PSE,190,재래식 군사력 사용,19,4,-10.0,5,1,5,-6.7238912732475,"Homesh, West Bank (general), West Bank",WE,https://www.timesofisrael.com/14-year-old-palestinian-killed-by-troops-allegedly-while-hurling-firebombs-at-cars/
20220222,1029744766,20220222,QATAR,QAT,ISRAEL,ISR,190,재래식 군사력 사용,19,4,-10.0,4,1,4,-4.16666666666667,Israel,IS,https://article.wn.com/view/2022/02/22/Arafat_was_Killed_by_Someone_Close_to_Him_Former_Qatari_PM_C/
20220222,1029746550,20220222,ISRAEL,ISR,PALESTINIAN,PSE,190,재래식 군사력 사용,19,4,-10.0,1,1,1,-5.83554376657825,"Jenin, West Bank (general), West Bank",WE,https://www.middleeasteye.net/news/israel-palestine-soldiers-kill-14-year-old-bethlehem
20220222,1029746551,20220222,ISRAEL,ISR,PALESTINIAN,PSE,190,재래식 군사력 사용,19,4,-10.0,1,1,1,-5.83554376657825,"Jenin, West Bank (general), West Bank",WE,https://www.middleeasteye.net/news/israel-palestine-soldiers-kill-14-year-old-bethlehem
20220222,1029746552,20220222,ISRAELI,ISR,PALESTINIAN,PSE,190,재래식 군사력 사용,19,4,-10.0,2,1,2,-5.83554376657825,"Nablus, West Bank (general), West Bank",WE,https://www.middleeasteye.net/news/israel-palestine-soldiers-kill-14-year-old-bethlehem
20220222,1029746553,20220222,ISRAEL,ISR,PALESTINIAN,PSE,190,재래식 군사력 사용,19,4,-10.0,1,1,1,-5.83554376657825,"Jerusalem, Israel (general), Israel",IS,https://www.middleeasteye.net/news/israel-palestine-soldiers-kill-14-year-old-bethlehem
20220222,1029746554,20220222,ISRAEL,ISR,PALESTINIAN,PSE,193,소형무기·경무기를 이용한 전투,19,4,-10.0,2,1,2,-5.83554376657825,"Nablus, West Bank (general), West Bank",WE,https://www.middleeasteye.net/news/israel-palestine-soldiers-kill-14-year-old-bethlehem
20220222,1029746555,20220222,ISRAEL,ISR,WEST BANK,PSE,193,소형무기·경무기를 이용한 전투,19,4,-10.0,4,1,4,-5.83554376657825,"Nablus, West Bank (general), West Bank",WE,https://www.middleeasteye.net/news/israel-palestine-soldiers-kill-14-year-old-bethlehem
20220222,1029746561,20220222,ISRAEL,ISR,WEST BANK,PSE,190,재래식 군사력 사용,19,4,-10.0,1,1,1,-5.83554376657825,"Silat Al-Harithiya, West Bank (general), West Bank",WE,https://www.middleeasteye.net/news/israel-palestine-soldiers-kill-14-year-old-bethlehem
20220222,1029746562,20220222,ISRAEL,ISR,WEST BANK,PSE,190,재래식 군사력 사용,19,4,-10.0,1,1,1,-5.83554376657825,"Jerusalem, Israel (general), Israel",IS,https://www.middleeasteye.net/news/israel-palestine-soldiers-kill-14-year-old-bethlehem
20220222,1029746564,20220222,ISRAEL,ISR,PALESTINIAN,PSE,190,재래식 군사력 사용,19,4,-10.0,4,2,4,-7.54813717671185,Israel,IS,https://www.arabherald.com/news/272325590/palestinian-boy-killed-by-israeli-soldiers-in-west-bank-health-ministry
20220222,1029746774,20220222,PALESTINIAN,PSE,ISRAEL,ISR,190,재래식 군사력 사용,19,4,-10.0,4,2,4,-7.54813717671185,Israel,IS,https://www.arabherald.com/news/272325590/palestinian-boy-killed-by-israeli-soldiers-in-west-bank-health-ministry
20220222,1029746879,20220222,SYRIA,SYR,TURKISH,TUR,192,영토 점령,19,4,-9.5,1,1,1,-2.95774647887324,"Idlib, Idlib, Syria",SY,http://www.jordantimes.com/news/region/turkish-funded-syria-camps-tents-give-way-homes
20220222,1029746880,20220222,SYRIAN,SYR,TURKISH,TUR,192,영토 점령,19,4,-9.5,7,1,7,-2.95774647887324,"Ankara, Ankara, Turkey",TU,http://www.jordantimes.com/news/region/turkish-funded-syria-camps-tents-give-way-homes
20220223,1029752968,20220223,ISRAELI,ISR,IRAN,IRN,138,군사력 사용 위협,13,3,-7.0,1,1,1,-1.12704918032787,"Jerusalem, Israel (general), Israel",IS,https://www.al-monitor.com/originals/2022/02/israel-slams-possible-iran-nuclear-deal-without-criticizing-us
20220223,1029752969,20220223,ISRAELI,ISR,IRAN,IRN,138,군사력 사용 위협,13,3,-7.0,7,1,7,-1.12704918032787,"Jerusalem, Israel (general), Israel",IS,https://www.al-monitor.com/originals/2022/02/israel-slams-possible-iran-nuclear-deal-without-criticizing-us
20220223,1029757260,20220223,ISRAELI,ISR,PALESTINIAN,PSE,190,재래식 군사력 사용,19,4,-10.0,10,6,10,-8.9807538569726,"Jerusalem, Israel (general), Israel",IS,https://www.arabnews.com/node/2030101/middle-east
20220223,1029757636,20220223,PALESTINIAN,PSE,ISRAEL,ISR,190,재래식 군사력 사용,19,4,-10.0,27,9,25,-8.24578266650811,"Jerusalem, Israel (general), Israel",IS,https://www.arabnews.com/node/2030101/middle-east
20220223,1029763502,20220223,ISRAELI,ISR,PALESTINIAN,PSE,190,재래식 군사력 사용,19,4,-10.0,19,7,19,-6.9155027650401,Israel,IS,https://www.euronews.com/2022/02/22/uk-israel-palestinians-violence
20220223,1029763503,20220223,ISRAELI,ISR,PALESTINIAN,PSE,190,재래식 군사력 사용,19,4,-10.0,3,3,3,-4.70495526815927,West Bank,WE,https://www.euronews.com/2022/02/22/uk-israel-palestinians-violence
20220223,1029768061,20220223,ISRAEL,ISR,HAMAS,PSE,190,재래식 군사력 사용,19,4,-10.0,1,1,1,-4.66666666666666,"Jerusalem, Israel (general), Israel",IS,https://greekreporter.com/2022/02/23/siege-gaza-alexander-great-cemetery/
20220223,1029768064,20220223,ISRAEL,ISR,PALESTINIAN,PSE,190,재래식 군사력 사용,19,4,-10.0,4,2,4,-7.54813717671185,Israel,IS,https://www.middleeaststar.com/news/272325590/palestinian-boy-killed-by-israeli-soldiers-in-west-bank-health-ministry
20220223,1029768315,20220223,PALESTINIAN,PSE,ISRAELI,ISR,190,재래식 군사력 사용,19,4,-10.0,8,4,8,-8.57341338770072,Israel,IS,https://www.middleeaststar.com/news/272325590/palestinian-boy-killed-by-israeli-soldiers-in-west-bank-health-ministry
20220223,1029768316,20220223,PALESTINIAN,PSE,ISRAEL,ISR,190,재래식 군사력 사용,19,4,-10.0,4,2,4,-7.54813717671185,Israel,IS,https://www.middleeaststar.com/news/272325590/palestinian-boy-killed-by-israeli-soldiers-in-west-bank-health-ministry
20220223,1029768319,20220223,HAMAS,PSE,ISRAEL,ISR,190,재래식 군사력 사용,19,4,-10.0,1,1,1,-4.66666666666666,"Jerusalem, Israel (general), Israel",IS,https://greekreporter.com/2022/02/23/siege-gaza-alexander-great-cemetery/
20220223,1029773053,20220223,SYRIAN,SYR,ISRAEL,ISR,195,공중무기 사용,19,4,-10.0,4,1,4,-8.92857142857143,Israel,IS,https://www.israelnationalnews.com/news/322737
20220223,1029773054,20220223,SYRIAN,SYR,ISRAEL,ISR,195,공중무기 사용,19,4,-10.0,2,1,2,-8.92857142857143,Israel,IS,https://www.israelnationalnews.com/news/322737
20220223,1029774883,20220223,ISRAEL,ISR,GAZA,PSE,190,재래식 군사력 사용,19,4,-10.0,11,2,11,-3.18493239983833,"Gaza, Israel (general), Israel",IS,https://greekcitytimes.com/2022/02/23/alexander-the-greats-siege-of-gaza-found-2000-year-old-cemetery/
20220223,1029774884,20220223,ISRAEL,ISR,HAMAS,PSE,190,재래식 군사력 사용,19,4,-10.0,2,1,2,-4.72972972972973,"Gaza, Israel (general), Israel",IS,https://greekcitytimes.com/2022/02/23/alexander-the-greats-siege-of-gaza-found-2000-year-old-cemetery/
20220223,1029775150,20220223,GAZA,PSE,ISRAEL,ISR,190,재래식 군사력 사용,19,4,-10.0,3,1,3,-4.72972972972973,"Gaza, Israel (general), Israel",IS,https://greekcitytimes.com/2022/02/23/alexander-the-greats-siege-of-gaza-found-2000-year-old-cemetery/
20220223,1029775151,20220223,GAZA,PSE,ISRAEL,ISR,190,재래식 군사력 사용,19,4,-10.0,1,1,1,-4.72972972972973,"Gaza, Israel (general), Israel",IS,https://greekcitytimes.com/2022/02/23/alexander-the-greats-siege-of-gaza-found-2000-year-old-cemetery/
20220223,1029775152,20220223,GAZA,PSE,ISRAEL,ISR,190,재래식 군사력 사용,19,4,-10.0,1,1,1,-4.72972972972973,Macedonia,MK,https://greekcitytimes.com/2022/02/23/alexander-the-greats-siege-of-gaza-found-2000-year-old-cemetery/
20220223,1029775155,20220223,HAMAS,PSE,ISRAEL,ISR,190,재래식 군사력 사용,19,4,-10.0,2,1,2,-4.72972972972973,"Gaza, Israel (general), Israel",IS,https://greekcitytimes.com/2022/02/23/alexander-the-greats-siege-of-gaza-found-2000-year-old-cemetery/
20220223,1029776842,20220223,CAIRO,EGY,SYRIA,SYR,190,재래식 군사력 사용,19,4,-10.0,29,3,29,-4.7823712481671,Israel,IS,https://www.arabnews.com/node/2030111/middle-east
20220223,1029781133,20220223,ISRAEL,ISR,IRAN,IRN,190,재래식 군사력 사용,19,4,-10.0,5,1,5,-3.72093023255814,Iran,IR,https://www.timesofisrael.com/israel-said-to-fire-missiles-at-syrian-targets-across-golan-heights-frontier/
20220223,1029781138,20220223,ISRAEL,ISR,SYRIA,SYR,194,포병·전차를 이용한 전투,19,4,-10.0,2,1,2,-3.72093023255814,Israel,IS,https://www.timesofisrael.com/israel-said-to-fire-missiles-at-syrian-targets-across-golan-heights-frontier/
20220223,1029781139,20220223,ISRAEL,ISR,SYRIAN,SYR,194,포병·전차를 이용한 전투,19,4,-10.0,11,3,11,-5.02101285142299,Israel,IS,https://www.timesofisrael.com/israel-said-to-fire-missiles-at-syrian-targets-across-golan-heights-frontier/
20220223,1029781140,20220223,ISRAEL,ISR,SYRIA,SYR,194,포병·전차를 이용한 전투,19,4,-10.0,38,5,38,-5.75439942870264,Israel,IS,https://www.timesofisrael.com/israel-said-to-fire-missiles-at-syrian-targets-across-golan-heights-frontier/
20220223,1029782891,20220223,ISRAEL,ISR,SYRIA,SYR,190,재래식 군사력 사용,19,4,-10.0,17,3,17,-5.55566384834677,"Damascus, Dimashq, Syria",SY,https://www.haaretz.com/israel-news/.premium-israel-strikes-near-syria-s-quneitra-province-syrian-military-says-1.10628713
20220223,1029782892,20220223,ISRAEL,ISR,SYRIA,SYR,190,재래식 군사력 사용,19,4,-10.0,8,2,8,-6.12570356472795,"Damascus, Dimashq, Syria",SY,https://www.haaretz.com/israel-news/.premium-israel-strikes-near-syria-s-quneitra-province-syrian-military-says-1.10628713
20220223,1029782893,20220223,ISRAEL,ISR,SYRIA,SYR,190,재래식 군사력 사용,19,4,-10.0,2,1,2,-6.15384615384615,"Damascus, Dimashq, Syria",SY,https://www.haaretz.com/israel-news/.premium-israel-strikes-near-syria-s-quneitra-province-syrian-military-says-1.10628713
20220223,1029783195,20220223,SYRIA,SYR,ISRAELI,ISR,190,재래식 군사력 사용,19,4,-10.0,10,1,10,-6.20192307692307,"Damascus, Dimashq, Syria",SY,https://www.haaretz.com/israel-news/.premium-israel-strikes-near-syria-s-quneitra-province-syrian-military-says-1.10628713
20220223,1029783196,20220223,SYRIA,SYR,ISRAEL,ISR,190,재래식 군사력 사용,19,4,-10.0,3,1,3,-6.20192307692307,Israel,IS,https://www.haaretz.com/israel-news/.premium-israel-strikes-near-syria-s-quneitra-province-syrian-military-says-1.10628713
20220223,1029786042,20220223,ISRAEL,ISR,SYRIA,SYR,190,재래식 군사력 사용,19,4,-10.0,1,1,1,-6.09756097560975,Israel,IS,https://www.i24news.tv/en/news/middle-east/levant-turkey/1645580415-report-israel-attacks-syria-s-quneitra
20220223,1029786043,20220223,ISRAELI,ISR,SYRIAN,SYR,190,재래식 군사력 사용,19,4,-10.0,6,1,6,-6.09756097560975,Israel,IS,https://www.i24news.tv/en/news/middle-east/levant-turkey/1645580415-report-israel-attacks-syria-s-quneitra
20220223,1029786382,20220223,SYRIAN,SYR,TURKISH,TUR,192,영토 점령,19,4,-9.5,2,1,2,-2.95774647887324,"Aleppo, ?alab, Syria",SY,http://jordantimes.com/news/region/turkish-funded-syria-camps-tents-give-way-homes
20220223,1029786383,20220223,SYRIA,SYR,TURKISH,TUR,192,영토 점령,19,4,-9.5,1,1,1,-2.95774647887324,"Idlib, Idlib, Syria",SY,http://jordantimes.com/news/region/turkish-funded-syria-camps-tents-give-way-homes
20220223,1029786384,20220223,SYRIAN,SYR,TURKISH,TUR,192,영토 점령,19,4,-9.5,7,1,7,-2.95774647887324,"Ankara, Ankara, Turkey",TU,http://jordantimes.com/news/region/turkish-funded-syria-camps-tents-give-way-homes
20220223,1029792769,20220223,ISRAELI,ISR,PALESTINIAN,PSE,190,재래식 군사력 사용,19,4,-10.0,21,4,16,-6.59403985401435,"Sheikh Jarrah, Yerushalayim, Israel",IS,https://www.presstv.ir/Detail/2022/02/22/677360/Israel-killing-Palestinian-teenager-Bethlehem
20220223,1029796908,20220223,ISRAEL,ISR,SYRIA,SYR,190,재래식 군사력 사용,19,4,-10.0,1,1,1,-3.10378273520854,"Luhansk, Luhans'ka Oblast', Ukraine",UP,https://menafn.com/1103747761/UAE-Russia-breathes-down-Middle-East-necks-over-Ukraine
20220223,1029796909,20220223,ISRAEL,ISR,SYRIA,SYR,190,재래식 군사력 사용,19,4,-10.0,1,1,1,-3.10378273520854,Israel,IS,https://menafn.com/1103747761/UAE-Russia-breathes-down-Middle-East-necks-over-Ukraine
20220223,1029797076,20220223,PALESTINIAN,PSE,ISRAEL,ISR,190,재래식 군사력 사용,19,4,-10.0,3,2,3,-5.45455705115775,"Sheikh Jarrah, Yerushalayim, Israel",IS,https://www.thenation.com/article/society/goysplaining/
20220223,1029801165,20220223,SYRIA,SYR,ISRAELI,ISR,190,재래식 군사력 사용,19,4,-10.0,150,15,150,-6.09105348490381,"Golan Heights, Syria (general), Syria",SY,https://www.chron.com/news/article/Syria-reports-Israeli-missile-attack-near-Golan-16939828.php
20220223,1029801166,20220223,SYRIAN,SYR,ISRAELI,ISR,190,재래식 군사력 사용,19,4,-10.0,35,18,35,-6.31127747779112,Israel,IS,https://www.chron.com/news/article/Syria-reports-Israeli-missile-attack-near-Golan-16939828.php
20220223,1029801167,20220223,SYRIA,SYR,ISRAEL,ISR,194,포병·전차를 이용한 전투,19,4,-10.0,28,14,28,-6.19390282020425,Israel,IS,https://www.chron.com/news/article/Syria-reports-Israeli-missile-attack-near-Golan-16939828.php
20220223,1029801168,20220223,SYRIA,SYR,ISRAEL,ISR,194,포병·전차를 이용한 전투,19,4,-10.0,28,14,28,-6.19390282020425,"Golan Heights, Syria (general), Syria",SY,https://www.chron.com/news/article/Syria-reports-Israeli-missile-attack-near-Golan-16939828.php
20220223,1029801169,20220223,SYRIA,SYR,ISRAELI,ISR,194,포병·전차를 이용한 전투,19,4,-10.0,61,17,61,-6.15983040251969,Israel,IS,https://www.chron.com/news/article/Syria-reports-Israeli-missile-attack-near-Golan-16939828.php
20220223,1029801170,20220223,SYRIAN,SYR,ISRAEL,ISR,194,포병·전차를 이용한 전투,19,4,-10.0,130,24,130,-6.11226971252463,Israel,IS,https://www.chron.com/news/article/Syria-reports-Israeli-missile-attack-near-Golan-16939828.php
20220223,1029801171,20220223,SYRIAN,SYR,ISRAELI,ISR,190,재래식 군사력 사용,19,4,-10.0,108,18,108,-6.31127747779112,"Damascus, Dimashq, Syria",SY,https://www.chron.com/news/article/Syria-reports-Israeli-missile-attack-near-Golan-16939828.php
20220223,1029802635,20220223,CAIRO,EGY,ISRAEL,ISR,190,재래식 군사력 사용,19,4,-10.0,1,1,1,-4.16666666666667,Israel,IS,https://www.chinadailyhk.com/article/261009
20220223,1029804754,20220223,ISRAEL,ISR,SYRIA,SYR,194,포병·전차를 이용한 전투,19,4,-10.0,21,3,17,-5.49010448330532,"Golan Heights, Syria (general), Syria",SY,https://www.dairynewsaustralia.com.au/world/syria-reports-israeli-missile-strikes/
20220223,1029804755,20220223,ISRAEL,ISR,SYRIA,SYR,194,포병·전차를 이용한 전투,19,4,-10.0,7,2,7,-5.67105416085542,"Golan Heights, Syria (general), Syria",SY,https://www.dairynewsaustralia.com.au/world/syria-reports-israeli-missile-strikes/
20220223,1029804756,20220223,ISRAEL,ISR,SYRIAN,SYR,194,포병·전차를 이용한 전투,19,4,-10.0,4,1,4,-5.43933054393306,"Golan Heights, Syria (general), Syria",SY,https://www.dairynewsaustralia.com.au/world/syria-reports-israeli-missile-strikes/
20220223,1029804757,20220223,ISRAEL,ISR,SYRIAN,SYR,194,포병·전차를 이용한 전투,19,4,-10.0,3,1,3,-5.43933054393306,Israel,IS,https://www.dairynewsaustralia.com.au/world/syria-reports-israeli-missile-strikes/
20220223,1029806128,20220223,GAZA,PSE,ISRAEL,ISR,190,재래식 군사력 사용,19,4,-10.0,1,1,1,-4.37756497948016,"Wellington, New Zealand (general), New Zealand",NZ,https://www.stuff.co.nz/national/politics/127860341/nz-scolds-russian-ambassador-over-ukraine-encroachment
20220223,1029806129,20220223,GAZA,PSE,ISRAEL,ISR,190,재래식 군사력 사용,19,4,-10.0,1,1,1,-4.37756497948016,"Gaza, Israel (general), Israel",IS,https://www.stuff.co.nz/national/politics/127860341/nz-scolds-russian-ambassador-over-ukraine-encroachment
20220223,1029806202,20220223,SYRIAN,SYR,ISRAELI,ISR,190,재래식 군사력 사용,19,4,-10.0,1,1,1,-4.65116279069768,"Damascus, Dimashq, Syria",SY,https://www.ynetnews.com/article/bjcoybqg9
20220223,1029806203,20220223,SYRIA,SYR,ISRAEL,ISR,194,포병·전차를 이용한 전투,19,4,-10.0,2,1,2,-4.65116279069768,Israel,IS,https://www.ynetnews.com/article/bjcoybqg9
20220223,1029806204,20220223,SYRIAN,SYR,ISRAEL,ISR,194,포병·전차를 이용한 전투,19,4,-10.0,2,1,2,-4.65116279069768,"Damascus, Dimashq, Syria",SY,https://www.ynetnews.com/article/bjcoybqg9
20220223,1029806205,20220223,SYRIA,SYR,ISRAELI,ISR,194,포병·전차를 이용한 전투,19,4,-10.0,6,1,6,-4.65116279069768,Israel,IS,https://www.ynetnews.com/article/bjcoybqg9
20220223,1029808972,20220223,SYRIAN,SYR,ISRAELI,ISR,190,재래식 군사력 사용,19,4,-10.0,5,3,5,-6.06442763300293,Israel,IS,https://english.aawsat.com/home/article/3491201/syria-reports-israeli-missile-attack-near-golan-heights
20220223,1029808973,20220223,SYRIAN,SYR,ISRAELI,ISR,190,재래식 군사력 사용,19,4,-10.0,5,3,5,-6.06442763300293,Israel,IS,https://english.aawsat.com/home/article/3491201/syria-reports-israeli-missile-attack-near-golan-heights
20220223,1029808974,20220223,SYRIAN,SYR,ISRAEL,ISR,194,포병·전차를 이용한 전투,19,4,-10.0,5,3,5,-6.06442763300293,Israel,IS,https://english.aawsat.com/home/article/3491201/syria-reports-israeli-missile-attack-near-golan-heights
20220223,1029808975,20220223,SYRIAN,SYR,ISRAELI,ISR,190,재래식 군사력 사용,19,4,-10.0,30,3,30,-6.06442763300293,Israel,IS,https://english.aawsat.com/home/article/3491201/syria-reports-israeli-missile-attack-near-golan-heights
20220223,1029815219,20220223,ISRAEL,ISR,PALESTINIAN,PSE,190,재래식 군사력 사용,19,4,-10.0,6,1,6,-10.8333333333333,"Jenin, West Bank (general), West Bank",WE,https://dailytimes.com.pk/890335/israel-forces-kill-palestinian-teen-in-w-bank-palestinians/
20220223,1029815220,20220223,ISRAELI,ISR,PALESTINIAN,PSE,190,재래식 군사력 사용,19,4,-10.0,10,1,10,-10.8333333333333,"Ramallah, West Bank (general), West Bank",WE,https://dailytimes.com.pk/890335/israel-forces-kill-palestinian-teen-in-w-bank-palestinians/
20220223,1029815222,20220223,ISRAEL,ISR,SYRIA,SYR,194,포병·전차를 이용한 전투,19,4,-10.0,6,3,6,-6.6409539275833,Israel,IS,https://www.msn.com/en-us/news/world/israel-fires-missiles-on-border-positions-inside-syria/ar-AAUbWYd
20220223,1029815223,20220223,ISRAEL,ISR,SYRIA,SYR,194,포병·전차를 이용한 전투,19,4,-10.0,20,2,20,-6.83643089137495,Israel,IS,https://www.msn.com/en-us/news/world/israel-fires-missiles-on-border-positions-inside-syria/ar-AAUbWYd
20220223,1029815387,20220223,PALESTINIAN,PSE,ISRAEL,ISR,190,재래식 군사력 사용,19,4,-10.0,4,1,4,-10.8333333333333,"Jenin, West Bank (general), West Bank",WE,https://dailytimes.com.pk/890335/israel-forces-kill-palestinian-teen-in-w-bank-palestinians/
20220223,1029815388,20220223,PALESTINIAN,PSE,ISRAELI,ISR,190,재래식 군사력 사용,19,4,-10.0,6,1,6,-10.8333333333333,"Ramallah, West Bank (general), West Bank",WE,https://dailytimes.com.pk/890335/israel-forces-kill-palestinian-teen-in-w-bank-palestinians/
20220223,1029815481,20220223,SYRIA,SYR,ISRAEL,ISR,192,영토 점령,19,4,-9.5,4,2,4,-6.83643089137495,"Golan Heights, Syria (general), Syria",SY,https://www.msn.com/en-us/news/world/israel-fires-missiles-on-border-positions-inside-syria/ar-AAUbWYd
20220223,1029818004,20220223,SYRIAN,SYR,ISRAEL,ISR,194,포병·전차를 이용한 전투,19,4,-10.0,2,1,2,-6.25,"Damascus, Dimashq, Syria",SY,https://www.haaretz.com/israel-news/israel-strikes-near-syria-s-quneitra-province-syrian-military-says-1.10628713
20220223,1029818005,20220223,SYRIAN,SYR,ISRAEL,ISR,194,포병·전차를 이용한 전투,19,4,-10.0,2,1,2,-6.25,"Damascus, Dimashq, Syria",SY,https://www.haaretz.com/israel-news/israel-strikes-near-syria-s-quneitra-province-syrian-military-says-1.10628713
20220223,1029818006,20220223,SYRIA,SYR,ISRAEL,ISR,190,재래식 군사력 사용,19,4,-10.0,1,1,1,-6.25,"Damascus, Dimashq, Syria",SY,https://www.haaretz.com/israel-news/israel-strikes-near-syria-s-quneitra-province-syrian-military-says-1.10628713
20220223,1029818743,20220223,ISRAELI,ISR,SYRIA,SYR,193,소형무기·경무기를 이용한 전투,19,4,-10.0,18,3,18,-5.44368383708697,Israel,IS,https://english.ahram.org.eg/News/461618.aspx
20220223,1029818744,20220223,ISRAELI,ISR,DAMASCUS,SYR,193,소형무기·경무기를 이용한 전투,19,4,-10.0,32,2,32,-5.31058089197624,"Damascus, Dimashq, Syria",SY,https://english.ahram.org.eg/News/461618.aspx
20220223,1029822790,20220223,WEST BANK,PSE,ISRAEL,ISR,190,재래식 군사력 사용,19,4,-10.0,6,1,6,-11.6216216216216,Israel,IS,https://www.presstv.ir/Detail/2022/02/23/677374/resistance-Israel-Palestinin-killing-
20220223,1029824853,20220223,SYRIA,SYR,ISRAELI,ISR,194,포병·전차를 이용한 전투,19,4,-10.0,2,1,2,-3.96039603960396,"Quneitra, Al Qunaytirah, Syria",SY,https://www.debka.com/mivzak/syria-military-claims-israeli-missile-attack-near-quneitra/
20220223,1029827901,20220222,ISRAELI,ISR,WEST BANK,PSE,192,영토 점령,19,4,-9.5,2,1,2,-4.83870967741936,"Sheikh Jarrah, Yerushalayim, Israel",IS,https://www.middleeastmonitor.com/20220223-israel-forces-shoot-kill-palestinian-boy-in-west-bank/
20220223,1029827902,20220222,ISRAEL,ISR,WEST BANK,PSE,192,영토 점령,19,4,-9.5,1,1,1,-4.83870967741936,"Sheikh Jarrah, Yerushalayim, Israel",IS,https://www.middleeastmonitor.com/20220223-israel-forces-shoot-kill-palestinian-boy-in-west-bank/
20220223,1029827903,20220222,WEST BANK,PSE,ISRAELI,ISR,193,소형무기·경무기를 이용한 전투,19,4,-10.0,2,1,2,-4.83870967741936,"Sheikh Jarrah, Yerushalayim, Israel",IS,https://www.middleeastmonitor.com/20220223-israel-forces-shoot-kill-palestinian-boy-in-west-bank/
20220223,1029827904,20220222,WEST BANK,PSE,ISRAEL,ISR,193,소형무기·경무기를 이용한 전투,19,4,-10.0,1,1,1,-4.83870967741936,"Sheikh Jarrah, Yerushalayim, Israel",IS,https://www.middleeastmonitor.com/20220223-israel-forces-shoot-kill-palestinian-boy-in-west-bank/
20220223,1029828559,20220223,ISRAEL,ISR,PALESTINIAN,PSE,193,소형무기·경무기를 이용한 전투,19,4,-10.0,7,1,7,-4.83870967741936,"Sheikh Jarrah, Yerushalayim, Israel",IS,https://www.middleeastmonitor.com/20220223-israel-forces-shoot-kill-palestinian-boy-in-west-bank/
20220223,1029834915,20220223,ISRAELI,ISR,PALESTINIAN,PSE,193,소형무기·경무기를 이용한 전투,19,4,-10.0,2,1,2,-4.41717791411043,"Golan Heights, Syria (general), Syria",SY,https://www.bicom.org.uk/media_summary/wife-of-assassinated-saudi-journalist-reveals-spying-campaign/
20220223,1029837527,20220223,PALESTINIAN,PSE,ISRAELI,ISR,163,금수·보이콧·제재 부과,16,4,-8.0,1,1,1,-7.43626062322946,"Megiddo, Ha?afon, Israel",IS,https://www.counterpunch.org/2022/02/23/no-to-preventive-detention-from-palestine-to-guantanamo-to-u-s-jails/
20220223,1029839536,20220223,ISRAEL,ISR,DAMASCUS,SYR,190,재래식 군사력 사용,19,4,-10.0,50,5,50,-7.60603882099209,Israel,IS,https://english.news.cn/20220223/e0dd4d1dda9845b5a5b277b131f1e342/c.html
20220223,1029844447,20220216,SYRIAN,SYR,ISRAEL,ISR,190,재래식 군사력 사용,19,4,-10.0,2,1,2,-6.31578947368421,"Damascus, Dimashq, Syria",SY,https://www.jns.org/israel-hits-targets-near-quneitra-syrian-media-reports/
20220223,1029844448,20220216,SYRIAN,SYR,ISRAEL,ISR,190,재래식 군사력 사용,19,4,-10.0,2,1,2,-6.31578947368421,Iran,IR,https://www.jns.org/israel-hits-targets-near-quneitra-syrian-media-reports/
20220223,1029845331,20220223,ISRAEL,ISR,HAMAS,PSE,190,재래식 군사력 사용,19,4,-10.0,20,2,20,-6.94795021941194,Israel,IS,https://www.jns.org/opinion/the-dangers-of-negating-jewish-identity/
20220223,1029845545,20220223,HAMAS,PSE,ISRAEL,ISR,190,재래식 군사력 사용,19,4,-10.0,3,1,3,-6.47130647130648,"California, United States",US,https://www.jns.org/opinion/the-dangers-of-negating-jewish-identity/
20220223,1029845546,20220223,HAMAS,PSE,ISRAEL,ISR,190,재래식 군사력 사용,19,4,-10.0,21,3,21,-6.48676278538433,Israel,IS,https://www.jns.org/opinion/the-dangers-of-negating-jewish-identity/
20220223,1029845688,20220223,SYRIAN,SYR,ISRAELI,ISR,138,군사력 사용 위협,13,3,-7.0,6,2,6,-6.28575329374019,"Damascus, Dimashq, Syria",SY,https://www.jns.org/israel-hits-targets-near-quneitra-syrian-media-reports/
20220223,1029845689,20220223,SYRIAN,SYR,ISRAELI,ISR,138,군사력 사용 위협,13,3,-7.0,6,2,6,-6.28575329374019,"Damascus, Dimashq, Syria",SY,https://www.jns.org/israel-hits-targets-near-quneitra-syrian-media-reports/
20220223,1029848332,20220223,SYRIA,SYR,AL JAZEERA,QAT,190,재래식 군사력 사용,19,4,-10.0,10,1,10,-3.125,Syria,SY,http://www.journalismpakistan.com/Al-Jazeera-cameraman-killed-in-Syria
20220223,1029853200,20220216,SYRIAN,SYR,ISRAEL,ISR,190,재래식 군사력 사용,19,4,-10.0,1,1,1,-6.22568093385214,Israel,IS,https://www.clevelandjewishnews.com/jns/israel-hits-targets-near-quneitra-syrian-media-reports/article_abd04771-3ee9-5efc-b6a9-aa8c553e7a25.html
20220223,1029853201,20220216,SYRIAN,SYR,ISRAEL,ISR,190,재래식 군사력 사용,19,4,-10.0,1,1,1,-6.22568093385214,Israel,IS,https://www.clevelandjewishnews.com/jns/israel-hits-targets-near-quneitra-syrian-media-reports/article_abd04771-3ee9-5efc-b6a9-aa8c553e7a25.html
20220223,1029853839,20220223,ISRAELI,ISR,SYRIA,SYR,194,포병·전차를 이용한 전투,19,4,-10.0,1,1,1,-6.22568093385214,Iran,IR,https://www.clevelandjewishnews.com/jns/israel-hits-targets-near-quneitra-syrian-media-reports/article_abd04771-3ee9-5efc-b6a9-aa8c553e7a25.html
20220223,1029853840,20220223,ISRAELI,ISR,SYRIA,SYR,194,포병·전차를 이용한 전투,19,4,-10.0,6,1,6,-6.22568093385214,Israel,IS,https://www.clevelandjewishnews.com/jns/israel-hits-targets-near-quneitra-syrian-media-reports/article_abd04771-3ee9-5efc-b6a9-aa8c553e7a25.html
20220223,1029854185,20220223,SYRIAN,SYR,SANA,YEM,194,포병·전차를 이용한 전투,19,4,-10.0,3,1,3,-6.22568093385214,"Golan Heights, Syria (general), Syria",SY,https://www.clevelandjewishnews.com/jns/israel-hits-targets-near-quneitra-syrian-media-reports/article_abd04771-3ee9-5efc-b6a9-aa8c553e7a25.html
20220223,1029857984,20220222,ISRAEL,ISR,PALESTINIAN,PSE,163,금수·보이콧·제재 부과,16,4,-8.0,4,1,4,-10.6796116504854,Israel,IS,https://www.middleeastmonitor.com/20220223-israel-tightens-restrictions-on-palestinian-prisoners/
20220223,1029857985,20220222,ISRAEL,ISR,PALESTINIAN,PSE,163,금수·보이콧·제재 부과,16,4,-8.0,2,1,2,-10.6796116504854,Israel,IS,https://www.middleeastmonitor.com/20220223-israel-tightens-restrictions-on-palestinian-prisoners/
20220223,1029886915,20220223,IRAN,IRN,TURKISH,TUR,190,재래식 군사력 사용,19,4,-10.0,2,1,2,-1.98938992042441,"Ankara, Ankara, Turkey",TU,https://www.middleeasteye.net/opinion/middle-east-reconciliation-season-what-will-come
20220223,1029892215,20220223,IRAQI,IRQ,LEBANON,LBN,190,재래식 군사력 사용,19,4,-10.0,3,2,3,-13.0073959408325,"Beirut, Beyrouth, Lebanon",LE,https://www.the961.com/lebanon-foiled-islamic-state-attacks-in-beirut/
20220223,1029892216,20220223,IRAQI,IRQ,LEBANON,LBN,190,재래식 군사력 사용,19,4,-10.0,1,1,1,-15.1960784313725,Iraq,IZ,https://www.the961.com/lebanon-foiled-islamic-state-attacks-in-beirut/
20220223,1029892217,20220223,IRAQI,IRQ,LEBANESE,LBN,190,재래식 군사력 사용,19,4,-10.0,3,1,3,-10.8187134502925,"Beirut, Beyrouth, Lebanon",LE,https://gulfnews.com/world/mena/lebanese-security-forces-foil-attempt-daesh-suicide-attacks-1.85947529
20220223,1029892218,20220223,IRAQ,IRQ,LEBANON,LBN,190,재래식 군사력 사용,19,4,-10.0,2,1,2,-15.1960784313725,"Beirut, Beyrouth, Lebanon",LE,https://www.the961.com/lebanon-foiled-islamic-state-attacks-in-beirut/
20220223,1029892219,20220223,IRAQI,IRQ,LEBANESE,LBN,190,재래식 군사력 사용,19,4,-10.0,7,2,7,-13.0073959408325,Iraq,IZ,https://www.the961.com/lebanon-foiled-islamic-state-attacks-in-beirut/
20220223,1029909759,20220223,ISRAEL,ISR,HAMAS,PSE,194,포병·전차를 이용한 전투,19,4,-10.0,4,1,4,-2.17391304347826,Gaza Strip,GZ,https://www.jpost.com/breaking-news/article-698386
20220223,1029913428,20220223,SAUDI,SAU,IRAN,IRN,194,포병·전차를 이용한 전투,19,4,-10.0,2,1,2,-2.03252032520325,"Washington, District of Columbia, United States",US,https://www.orfonline.org/expert-speak/attacks-on-the-united-arab-emirates-test-resilience-of-nascent-peace-moves-in-west-asia/
20220223,1029913429,20220223,SAUDI ARABIA,SAU,IRAN,IRN,194,포병·전차를 이용한 전투,19,4,-10.0,8,1,8,-2.03252032520325,"Riyadh, Ar Riya?, Saudi Arabia",SA,https://www.orfonline.org/expert-speak/attacks-on-the-united-arab-emirates-test-resilience-of-nascent-peace-moves-in-west-asia/
20220223,1029914950,20220223,PALESTINIAN,PSE,ISRAELI,ISR,193,소형무기·경무기를 이용한 전투,19,4,-10.0,6,1,6,-3.76411543287328,"Jerusalem, Israel (general), Israel",IS,https://mondoweiss.net/2022/02/where-is-bilal-palestinian-family-searches-for-son-shot-by-israeli-army/
20220223,1029917203,20220223,ISRAELI,ISR,WEST BANK,PSE,190,재래식 군사력 사용,19,4,-10.0,7,1,7,-6.29032258064516,"Sheikh Jarrah, Yerushalayim, Israel",IS,https://www.middleeasteye.net/news/israel-palestine-sheikh-jarrah-salem-family-welcomes-eviction-freeze
20220223,1029917204,20220223,JERUSALEM,ISR,PALESTINIAN,PSE,192,영토 점령,19,4,-9.5,3,1,3,-6.29032258064516,"Jerusalem, Israel (general), Israel",IS,https://www.middleeasteye.net/news/israel-palestine-sheikh-jarrah-salem-family-welcomes-eviction-freeze
20220223,1029917512,20220223,WEST BANK,PSE,ISRAEL,ISR,190,재래식 군사력 사용,19,4,-10.0,3,1,2,-5.07462686567164,"Jerusalem, Israel (general), Israel",IS,https://mondoweiss.net/2022/02/israeli-force-shoot-kill-13-year-old-palestinian-boy/
20220223,1029917513,20220223,WEST BANK,PSE,ISRAELI,ISR,190,재래식 군사력 사용,19,4,-10.0,7,1,7,-6.29032258064516,"Sheikh Jarrah, Yerushalayim, Israel",IS,https://www.middleeasteye.net/news/israel-palestine-sheikh-jarrah-salem-family-welcomes-eviction-freeze
20220223,1029930189,20220223,HAMAS,PSE,ISRAEL,ISR,163,금수·보이콧·제재 부과,16,4,-8.0,10,1,10,-1.83356840620593,"Gaza, Israel (general), Israel",IS,https://www.jewishpress.com/indepth/opinions/j-street-cons-congressman-to-turn-against-the-jewish-state/2022/02/23/
20220223,1029932140,20220223,ISRAELI,ISR,WEST BANK,PSE,193,소형무기·경무기를 이용한 전투,19,4,-10.0,13,2,13,-10.9092829645395,West Bank,WE,https://apnews.com/a65f681ca09d3b5adcb47e924f3560e4
20220223,1029932141,20220223,ISRAELI,ISR,WEST BANK,PSE,193,소형무기·경무기를 이용한 전투,19,4,-10.0,1,1,1,-10.8635097493036,West Bank,WE,https://apnews.com/a65f681ca09d3b5adcb47e924f3560e4
20220223,1029933499,20220223,ISRAEL,ISR,PALESTINIAN,PSE,163,금수·보이콧·제재 부과,16,4,-8.0,2,1,2,-2.95202952029521,Israel,IS,https://www.codepink.org/ctp-day-124
20220223,1029933500,20220223,ISRAELI,ISR,WEST BANK,PSE,193,소형무기·경무기를 이용한 전투,19,4,-10.0,1,1,1,-10.9550561797753,"Jerusalem, Israel (general), Israel",IS,https://abcnews.go.com/International/wireStory/palestinian-boy-buried-killed-israeli-fire-83067737
20220223,1029935768,20220223,JORDANIAN,JOR,PALESTINIAN,PSE,192,영토 점령,19,4,-9.5,4,4,4,5.47967980295567,"Jerusalem, Israel (general), Israel",IS,https://www.bignewsnetwork.com/news/272329322/jordan-reaffirms-support-for-two-state-solution-to-attain-mideast-peace
20220223,1029935769,20220223,JORDANIAN,JOR,PALESTINIAN,PSE,192,영토 점령,19,4,-9.5,4,4,4,5.47967980295567,"Jerusalem, Israel (general), Israel",IS,https://www.bignewsnetwork.com/news/272329322/jordan-reaffirms-support-for-two-state-solution-to-attain-mideast-peace
20220223,1029953596,20220223,IRAN,IRN,ISRAEL,ISR,194,포병·전차를 이용한 전투,19,4,-10.0,6,1,6,-6.43776824034334,"Sderot, HaDarom, Israel",IS,https://www.algemeiner.com/2022/02/23/as-security-council-debates-middle-east-while-ukraine-crisis-intensifies-israeli-envoy-to-un-questions-its-priorities/
20220223,1029953602,20220223,ISRAELI,ISR,PALESTINIAN,PSE,194,포병·전차를 이용한 전투,19,4,-10.0,2,1,2,-6.43776824034334,"Sderot, HaDarom, Israel",IS,https://www.algemeiner.com/2022/02/23/as-security-council-debates-middle-east-while-ukraine-crisis-intensifies-israeli-envoy-to-un-questions-its-priorities/
20220223,1029953848,20220223,HAMAS,PSE,ISRAEL,ISR,194,포병·전차를 이용한 전투,19,4,-10.0,1,1,1,-6.43776824034334,"Luhansk, Luhans'ka Oblast', Ukraine",UP,https://www.algemeiner.com/2022/02/23/as-security-council-debates-middle-east-while-ukraine-crisis-intensifies-israeli-envoy-to-un-questions-its-priorities/
20220223,1029953849,20220223,HAMAS,PSE,ISRAEL,ISR,194,포병·전차를 이용한 전투,19,4,-10.0,1,1,1,-6.43776824034334,Russia,RS,https://www.algemeiner.com/2022/02/23/as-security-council-debates-middle-east-while-ukraine-crisis-intensifies-israeli-envoy-to-un-questions-its-priorities/
20220223,1029955589,20220223,ISRAELI,ISR,HAMAS,PSE,193,소형무기·경무기를 이용한 전투,19,4,-10.0,4,1,4,1.63934426229508,"Gaza, Israel (general), Israel",IS,https://www.jewishpress.com/news/israel/idf/idf-shoots-down-hamas-drone/2022/02/23/
20220223,1029955602,20220223,ISRAELI,ISR,HAMAS,PSE,193,소형무기·경무기를 이용한 전투,19,4,-10.0,6,1,6,1.63934426229508,"Gaza, Israel (general), Israel",IS,https://www.jewishpress.com/news/israel/idf/idf-shoots-down-hamas-drone/2022/02/23/
20220223,1029955603,20220223,ISRAEL,ISR,WEST BANK,PSE,190,재래식 군사력 사용,19,4,-10.0,2,1,2,-8.50439882697951,"Silat Al-Harithiya, West Bank (general), West Bank",WE,https://www.timesofisrael.com/idf-informs-family-of-alleged-palestinian-terrorist-it-will-raze-their-home/
20220223,1029955604,20220223,ISRAEL,ISR,WEST BANK,PSE,193,소형무기·경무기를 이용한 전투,19,4,-10.0,2,1,2,-8.50439882697951,"Silat Al-Harithiya, West Bank (general), West Bank",WE,https://www.timesofisrael.com/idf-informs-family-of-alleged-palestinian-terrorist-it-will-raze-their-home/
20220223,1029957783,20220223,ISRAELI,ISR,PALESTINIAN,PSE,190,재래식 군사력 사용,19,4,-10.0,1,1,1,-1.64013506994693,"Michigan, United States",US,https://www.jta.org/2022/02/23/default/for-years-she-led-palestinian-resistance-efforts-now-huwaida-arraf-wants-a-seat-in-congress
20220223,1029957784,20220223,ISRAEL,ISR,PALESTINIAN,PSE,190,재래식 군사력 사용,19,4,-10.0,1,1,1,-1.64013506994693,"Michigan, United States",US,https://www.jta.org/2022/02/23/default/for-years-she-led-palestinian-resistance-efforts-now-huwaida-arraf-wants-a-seat-in-congress
20220223,1029957785,20220223,ISRAELI,ISR,PALESTINIAN,PSE,193,소형무기·경무기를 이용한 전투,19,4,-10.0,5,1,5,-2.54372019077901,"Hebron, Israel (general), Israel",IS,https://www.jta.org/1997/06/05/lifestyle/behind-the-headlines-tranquility-in-hebron-masks-potential-for-renewed-violence
20220223,1029957787,20220223,ISRAEL,ISR,PALESTINIAN,PSE,190,재래식 군사력 사용,19,4,-10.0,8,1,8,-1.64013506994693,"Jerusalem, Israel (general), Israel",IS,https://www.jta.org/2022/02/23/default/for-years-she-led-palestinian-resistance-efforts-now-huwaida-arraf-wants-a-seat-in-congress
20220223,1029958043,20220223,PALESTINIAN,PSE,ISRAELI,ISR,190,재래식 군사력 사용,19,4,-10.0,1,1,1,-1.64013506994693,"Michigan, United States",US,https://www.jta.org/2022/02/23/default/for-years-she-led-palestinian-resistance-efforts-now-huwaida-arraf-wants-a-seat-in-congress
20220223,1029958044,20220223,WEST BANK,PSE,ISRAEL,ISR,193,소형무기·경무기를 이용한 전투,19,4,-10.0,1,1,1,-8.76404494382023,"Sheikh Jarrah, Yerushalayim, Israel",IS,https://www.presstv.ir/Detail/2022/02/23/677415/EU-Israeli-violations-contradict-international-law
20220223,1029958045,20220223,WEST BANK,PSE,ISRAEL,ISR,193,소형무기·경무기를 이용한 전투,19,4,-10.0,1,1,1,-8.76404494382023,"Sheikh Jarrah, Yerushalayim, Israel",IS,https://www.presstv.ir/Detail/2022/02/23/677415/EU-Israeli-violations-contradict-international-law
20220223,1029958046,20220223,WEST BANK,PSE,ISRAELI,ISR,193,소형무기·경무기를 이용한 전투,19,4,-10.0,3,1,3,-8.76404494382023,West Bank,WE,https://www.presstv.ir/Detail/2022/02/23/677415/EU-Israeli-violations-contradict-international-law
20220223,1029958049,20220223,PALESTINIAN,PSE,ISRAEL,ISR,190,재래식 군사력 사용,19,4,-10.0,2,1,2,-1.64013506994693,"Gaza, Israel (general), Israel",IS,https://www.jta.org/2022/02/23/default/for-years-she-led-palestinian-resistance-efforts-now-huwaida-arraf-wants-a-seat-in-congress
20220223,1029958050,20220223,PALESTINIAN,PSE,ISRAELI,ISR,190,재래식 군사력 사용,19,4,-10.0,6,1,6,-1.64013506994693,"Gaza, Israel (general), Israel",IS,https://www.jta.org/2022/02/23/default/for-years-she-led-palestinian-resistance-efforts-now-huwaida-arraf-wants-a-seat-in-congress
20220223,1029959830,20220223,HAMAS,PSE,GILAD ERDAN,ISR,190,재래식 군사력 사용,19,4,-10.0,3,1,3,-5.5643879173291,Israel,IS,https://www.israelnationalnews.com/news/322795
20220224,1029972476,20220224,ISRAEL,ISR,DAMASCUS,SYR,195,공중무기 사용,19,4,-10.0,2,1,2,-5.98802395209581,"Quneitra, Al Qunaytirah, Syria",SY,https://www.haaretz.com/israel-news/.premium-syrian-state-media-israel-attacks-targets-from-the-air-in-the-damascus-area-1.10631233
20220224,1029972767,20220224,PALESTINIAN,PSE,ISRAEL,ISR,190,재래식 군사력 사용,19,4,-10.0,2,1,2,-6.72823218997361,"Jerusalem, Israel (general), Israel",IS,https://www.middleeastmonitor.com/20220223-oppressing-the-weak/
20220224,1029972768,20220224,PALESTINIAN,PSE,ISRAEL,ISR,190,재래식 군사력 사용,19,4,-10.0,52,5,50,-7.51403429601111,"Gaza, Israel (general), Israel",IS,https://www.middleeastmonitor.com/20220223-oppressing-the-weak/
20220224,1029973003,20220224,SYRIAN,SYR,ISRAELI,ISR,190,재래식 군사력 사용,19,4,-10.0,2,1,2,-5.98802395209581,Israel,IS,https://www.haaretz.com/israel-news/.premium-syrian-state-media-israel-attacks-targets-from-the-air-in-the-damascus-area-1.10631233
20220224,1029973004,20220224,SYRIA,SYR,ISRAELI,ISR,190,재래식 군사력 사용,19,4,-10.0,8,1,8,-5.16605166051661,Iran,IR,https://www.timesofisrael.com/syria-says-israeli-strikes-target-sites-near-damascus/
20220224,1029973008,20220224,SYRIAN,SYR,ISRAELI,ISR,190,재래식 군사력 사용,19,4,-10.0,3,1,3,-5.98802395209581,"Quneitra, Al Qunaytirah, Syria",SY,https://www.haaretz.com/israel-news/.premium-syrian-state-media-israel-attacks-targets-from-the-air-in-the-damascus-area-1.10631233
20220224,1029973009,20220224,SYRIAN,SYR,ISRAELI,ISR,190,재래식 군사력 사용,19,4,-10.0,3,1,3,-5.98802395209581,"Damascus, Dimashq, Syria",SY,https://www.haaretz.com/israel-news/.premium-syrian-state-media-israel-attacks-targets-from-the-air-in-the-damascus-area-1.10631233
20220224,1029975563,20220224,ISRAELI,ISR,PALESTINIAN,PSE,190,재래식 군사력 사용,19,4,-10.0,19,7,19,-3.92343759826125,"Jerusalem, Israel (general), Israel",IS,https://jewishchronicle.timesofisrael.com/huwaida-arraf-who-led-palestinian-resistance-efforts-wants-a-seat-in-congress/
20220224,1029975564,20220224,ISRAEL,ISR,PALESTINIAN,PSE,190,재래식 군사력 사용,19,4,-10.0,44,7,40,-2.72152734611805,"Gaza, Israel (general), Israel",IS,https://jewishchronicle.timesofisrael.com/huwaida-arraf-who-led-palestinian-resistance-efforts-wants-a-seat-in-congress/
20220224,1029975565,20220224,ISRAELI,ISR,PALESTINIAN,PSE,190,재래식 군사력 사용,19,4,-10.0,6,4,6,-1.6457420803179,"Michigan, United States",US,https://jewishchronicle.timesofisrael.com/huwaida-arraf-who-led-palestinian-resistance-efforts-wants-a-seat-in-congress/
20220224,1029975566,20220224,ISRAEL,ISR,PALESTINIAN,PSE,190,재래식 군사력 사용,19,4,-10.0,40,5,40,-1.64733296386522,"Jerusalem, Israel (general), Israel",IS,https://jewishchronicle.timesofisrael.com/huwaida-arraf-who-led-palestinian-resistance-efforts-wants-a-seat-in-congress/
20220224,1029975573,20220224,ISRAELI,ISR,DAMASCUS,SYR,194,포병·전차를 이용한 전투,19,4,-10.0,24,3,24,-5.53407437858824,"Damascus, Dimashq, Syria",SY,https://news.yahoo.com/three-soldiers-killed-israeli-rocket-002650680.html
20220224,1029975905,20220224,PALESTINIAN,PSE,ISRAELI,ISR,190,재래식 군사력 사용,19,4,-10.0,34,10,34,-4.62930792785107,"Jerusalem, Israel (general), Israel",IS,https://jewishchronicle.timesofisrael.com/huwaida-arraf-who-led-palestinian-resistance-efforts-wants-a-seat-in-congress/
20220224,1029975906,20220224,PALESTINIAN,PSE,ISRAELI,ISR,190,재래식 군사력 사용,19,4,-10.0,2,2,2,-1.68285082970374,"Michigan, United States",US,https://jewishchronicle.timesofisrael.com/huwaida-arraf-who-led-palestinian-resistance-efforts-wants-a-seat-in-congress/
20220224,1029975910,20220224,PALESTINIAN,PSE,ISRAEL,ISR,190,재래식 군사력 사용,19,4,-10.0,10,5,10,-1.64733296386522,"Gaza, Israel (general), Israel",IS,https://jewishchronicle.timesofisrael.com/huwaida-arraf-who-led-palestinian-resistance-efforts-wants-a-seat-in-congress/
20220224,1029975911,20220224,PALESTINIAN,PSE,ISRAELI,ISR,190,재래식 군사력 사용,19,4,-10.0,30,5,30,-1.64733296386522,"Gaza, Israel (general), Israel",IS,https://jewishchronicle.timesofisrael.com/huwaida-arraf-who-led-palestinian-resistance-efforts-wants-a-seat-in-congress/
20220224,1029978641,20220224,ISRAELI,ISR,DAMASCUS,SYR,194,포병·전차를 이용한 전투,19,4,-10.0,2,1,2,-6.89655172413793,"Tel Aviv, Tel Aviv, Israel",IS,https://sputniknews.com/20220223/syrian-air-defenses-combating-israeli-strike-on-damascus---state-media-1093315665.html
20220224,1029978649,20220224,ISRAELI,ISR,DAMASCUS,SYR,194,포병·전차를 이용한 전투,19,4,-10.0,8,1,8,-6.89655172413793,"Tel Aviv, Tel Aviv, Israel",IS,https://sputniknews.com/20220223/syrian-air-defenses-combating-israeli-strike-on-damascus---state-media-1093315665.html
20220224,1029979000,20220224,SYRIAN,SYR,ISRAEL,ISR,195,공중무기 사용,19,4,-10.0,2,1,2,-6.5,Israel,IS,https://www.israelnationalnews.com/news/322797
20220224,1029979001,20220224,SYRIA,SYR,ISRAEL,ISR,195,공중무기 사용,19,4,-10.0,10,1,10,-6.5,"Damascus, Dimashq, Syria",SY,https://www.israelnationalnews.com/news/322797
20220224,1029979002,20220224,SYRIAN,SYR,ISRAEL,ISR,195,공중무기 사용,19,4,-10.0,4,1,4,-6.5,Israel,IS,https://www.israelnationalnews.com/news/322797
20220224,1029980431,20220224,ISRAELI,ISR,PALESTINIAN,PSE,193,소형무기·경무기를 이용한 전투,19,4,-10.0,15,5,15,-8.5800348103095,"Jerusalem, Israel (general), Israel",IS,http://www.xinhuanet.com/english/20220224/d234a2be61684bbe8d0e298ebc857cb3/c.html
20220224,1029980432,20220224,ISRAELI,ISR,PALESTINIAN,PSE,193,소형무기·경무기를 이용한 전투,19,4,-10.0,14,3,14,-7.66335049000424,"Gaza, Israel (general), Israel",IS,https://menafn.com/1103754227/14-yr-old-Palestinian-boy-killed-in-West-Bank-Israeli-military
20220224,1029980433,20220224,ISRAELI,ISR,PALESTINIAN,PSE,193,소형무기·경무기를 이용한 전투,19,4,-10.0,8,4,8,-7.97779076563413,"Jerusalem, Israel (general), Israel",IS,http://www.xinhuanet.com/english/20220224/d234a2be61684bbe8d0e298ebc857cb3/c.html
20220224,1029980434,20220224,ISRAELI,ISR,PALESTINIAN,PSE,193,소형무기·경무기를 이용한 전투,19,4,-10.0,14,3,14,-7.66335049000424,"Gaza, Israel (general), Israel",IS,https://menafn.com/1103754227/14-yr-old-Palestinian-boy-killed-in-West-Bank-Israeli-military
20220224,1029983758,20220224,JORDANIAN,JOR,PALESTINIAN,PSE,192,영토 점령,19,4,-9.5,2,2,2,5.5,"Jerusalem, Israel (general), Israel",IS,https://www.middleeaststar.com/news/272329322/jordan-reaffirms-support-for-two-state-solution-to-attain-mideast-peace
20220224,1029983759,20220224,JORDANIAN,JOR,PALESTINIAN,PSE,192,영토 점령,19,4,-9.5,2,2,2,5.5,"Jerusalem, Israel (general), Israel",IS,https://www.middleeaststar.com/news/272329322/jordan-reaffirms-support-for-two-state-solution-to-attain-mideast-peace
20220224,1029987990,20220224,ISRAEL,ISR,SYRIA,SYR,195,공중무기 사용,19,4,-10.0,2,1,2,-11.4285714285714,Israel,IS,https://news.cgtn.com/news/2022-02-24/Syrian-air-defenses-confront-Israeli-attack-on-Damascus-State-TV-17U7wGj7nig/
20220224,1029987991,20220224,ISRAELI,ISR,DAMASCUS,SYR,195,공중무기 사용,19,4,-10.0,16,2,16,-11.9642857142857,Israel,IS,https://news.cgtn.com/news/2022-02-24/Syrian-air-defenses-confront-Israeli-attack-on-Damascus-State-TV-17U7wGj7nig/
20220224,1029990004,20220224,ISRAELI,ISR,DAMASCUS,SYR,194,포병·전차를 이용한 전투,19,4,-10.0,2,1,2,-8.21917808219178,"Damascus, Dimashq, Syria",SY,https://kelo.com/2022/02/23/three-soldiers-killed-in-israeli-rocket-attack-on-damascus-syrian-tv/
20220224,1029991925,20220224,ISRAELI,ISR,SYRIA,SYR,190,재래식 군사력 사용,19,4,-10.0,14,6,14,-8.14572262357715,"Damascus, Dimashq, Syria",SY,http://www.chinaview.cn/africa/20220224/994f9f4fe46e4a3aae0a17374b12fdfd/c.html
20220224,1029991926,20220224,ISRAEL,ISR,SYRIA,SYR,190,재래식 군사력 사용,19,4,-10.0,24,11,24,-7.59448139961534,Israel,IS,http://www.chinaview.cn/africa/20220224/994f9f4fe46e4a3aae0a17374b12fdfd/c.html
20220224,1029991927,20220224,ISRAEL,ISR,SYRIA,SYR,195,공중무기 사용,19,4,-10.0,2,1,2,-4.0,"Golan Heights, Syria (general), Syria",SY,https://www.france24.com/en/middle-east/20220224-israeli-air-strikes-kill-three-syrian-soldiers-near-damascus-syrian-media-says
20220224,1029991928,20220224,ISRAELI,ISR,SYRIAN,SYR,195,공중무기 사용,19,4,-10.0,4,1,4,-4.0,"Golan Heights, Syria (general), Syria",SY,https://www.france24.com/en/middle-east/20220224-israeli-air-strikes-kill-three-syrian-soldiers-near-damascus-syrian-media-says
20220224,1029991929,20220224,ISRAEL,ISR,SYRIAN,SYR,195,공중무기 사용,19,4,-10.0,2,1,2,-4.0,Iran,IR,https://www.france24.com/en/middle-east/20220224-israeli-air-strikes-kill-three-syrian-soldiers-near-damascus-syrian-media-says
20220224,1029997224,20220224,ISRAELI,ISR,SYRIAN,SYR,190,재래식 군사력 사용,19,4,-10.0,40,5,40,-6.56281380018067,"Latakia, Al Ladhiqiyah, Syria",SY,https://www.thesundaily.my/world/three-syrian-soldiers-killed-in-israeli-strike-near-damascus-MG8888428
20220224,1030001191,20220224,ISRAELI,ISR,SYRIAN,SYR,190,재래식 군사력 사용,19,4,-10.0,6,1,4,-9.82456140350873,"Damascus, Dimashq, Syria",SY,https://www.presstv.ir/Detail/2022/02/24/677437/Israel-Syria-attack-
20220224,1030001192,20220224,ISRAELI,ISR,SYRIA,SYR,190,재래식 군사력 사용,19,4,-10.0,152,9,152,-8.44831366120772,"Tel Aviv, Tel Aviv, Israel",IS,https://www.presstv.ir/Detail/2022/02/24/677437/Israel-Syria-attack-
20220224,1030001193,20220224,ISRAEL,ISR,SYRIA,SYR,195,공중무기 사용,19,4,-10.0,2,1,2,-12.5,Israel,IS,https://www.i24news.tv/en/news/middle-east/levant-turkey/1645659564-syrian-air-defense-responds-to-israeli-strike-report
20220224,1030001194,20220224,ISRAELI,ISR,SYRIAN,SYR,195,공중무기 사용,19,4,-10.0,6,1,6,-6.18336886993603,"Golan Heights, Syria (general), Syria",SY,https://www.msn.com/en-sg/news/world/three-syrian-soldiers-killed-in-israeli-strike-near-damascus-state-media/ar-AAUefSR
20220224,1030001195,20220224,ISRAELI,ISR,SYRIA,SYR,195,공중무기 사용,19,4,-10.0,2,1,2,-6.18336886993603,Israel,IS,https://www.msn.com/en-sg/news/world/three-syrian-soldiers-killed-in-israeli-strike-near-damascus-state-media/ar-AAUefSR
20220224,1030001196,20220224,ISRAELI,ISR,SYRIAN,SYR,190,재래식 군사력 사용,19,4,-10.0,9,1,6,-9.82456140350873,"Damascus, Dimashq, Syria",SY,https://www.presstv.ir/Detail/2022/02/24/677437/Israel-Syria-attack-
20220224,1030001197,20220224,ISRAELI,ISR,SYRIA,SYR,190,재래식 군사력 사용,19,4,-10.0,6,1,6,-9.82456140350873,"Tel Aviv, Tel Aviv, Israel",IS,https://www.presstv.ir/Detail/2022/02/24/677437/Israel-Syria-attack-
20220224,1030004493,20220224,ISRAELI,ISR,PALESTINIAN,PSE,190,재래식 군사력 사용,19,4,-10.0,2,2,2,-1.60863333093207,"Michigan, United States",US,https://www.jpost.com/international/article-698436
20220224,1030004701,20220224,PALESTINIAN,PSE,ISRAELI,ISR,190,재래식 군사력 사용,19,4,-10.0,2,2,2,-1.60863333093207,"Michigan, United States",US,https://www.jpost.com/international/article-698436
20220224,1030017688,20220224,SYRIA,SYR,ISRAEL,ISR,194,포병·전차를 이용한 전투,19,4,-10.0,6,2,6,-6.26965408805031,"Quneitra, Al Qunaytirah, Syria",SY,https://abcnews.go.com/International/wireStory/syria-israeli-strike-damascus-kills-soldiers-83078037
20220224,1030018866,20220224,ISRAELI,ISR,SYRIAN,SYR,190,재래식 군사력 사용,19,4,-10.0,11,2,11,-5.62589017249565,"Golan Heights, Syria (general), Syria",SY,https://english.aawsat.com/home/article/3493246/3-syrian-soldiers-killed-israeli-strike-near-damascus
20220224,1030020988,20220224,ISRAELI,ISR,DAMASCUS,SYR,190,재래식 군사력 사용,19,4,-10.0,1,1,1,-6.0790273556231,"Damascus, Dimashq, Syria",SY,https://www.jewishpress.com/news/middle-east/syria/iaf-bombs-targets-in-syria-3-soldiers-killed-report/2022/02/24/
20220224,1030020989,20220224,ISRAELI,ISR,SYRIAN,SYR,193,소형무기·경무기를 이용한 전투,19,4,-10.0,2,1,2,-6.0790273556231,"Damascus, Dimashq, Syria",SY,https://www.jewishpress.com/news/middle-east/syria/iaf-bombs-targets-in-syria-3-soldiers-killed-report/2022/02/24/
20220224,1030021818,20220224,SANA,YEM,ISRAEL,ISR,195,공중무기 사용,19,4,-10.0,7,1,7,-6.0790273556231,"Damascus, Dimashq, Syria",SY,https://www.jewishpress.com/news/middle-east/syria/iaf-bombs-targets-in-syria-3-soldiers-killed-report/2022/02/24/
20220224,1030021819,20220224,SANA,YEM,ISRAEL,ISR,195,공중무기 사용,19,4,-10.0,2,1,2,-6.0790273556231,Israel,IS,https://www.jewishpress.com/news/middle-east/syria/iaf-bombs-targets-in-syria-3-soldiers-killed-report/2022/02/24/
20220224,1030021820,20220224,SANA,YEM,ISRAEL,ISR,195,공중무기 사용,19,4,-10.0,1,1,1,-6.0790273556231,"Damascus, Dimashq, Syria",SY,https://www.jewishpress.com/news/middle-east/syria/iaf-bombs-targets-in-syria-3-soldiers-killed-report/2022/02/24/
20220224,1030029150,20220224,ISRAELI,ISR,SYRIA,SYR,190,재래식 군사력 사용,19,4,-10.0,16,8,16,-8.73786407766991,"Tel Aviv, Tel Aviv, Israel",IS,https://www.greekherald.com/news/272330409/syria-claims-soldiers-killed-in-israeli-airstrike---state-media
20220224,1030029823,20220224,SANA,YEM,DAMASCUS,SYR,195,공중무기 사용,19,4,-10.0,90,8,90,-8.35656381172099,"Lake Tiberias, Ha?afon, Israel",IS,https://www.greekherald.com/news/272330409/syria-claims-soldiers-killed-in-israeli-airstrike---state-media
20220224,1030029824,20220224,SANA,YEM,DAMASCUS,SYR,195,공중무기 사용,19,4,-10.0,30,8,30,-8.35656381172099,"Lake Tiberias, Ha?afon, Israel",IS,https://www.greekherald.com/news/272330409/syria-claims-soldiers-killed-in-israeli-airstrike---state-media
20220224,1030034395,20220224,EGYPT,EGY,TURKEY,TUR,190,재래식 군사력 사용,19,4,-10.0,6,1,6,-3.60547036883547,"Ankara, Ankara, Turkey",TU,https://moderndiplomacy.eu/2021/05/15/prospects-for-a-settlement-of-the-libyan-conflict-three-scenarios-of-the-mid-term-forecast/
20220224,1030034396,20220224,EGYPT,EGY,TURKEY,TUR,190,재래식 군사력 사용,19,4,-10.0,2,1,2,-3.60547036883547,"Cairo, Al Qahirah, Egypt",EG,https://moderndiplomacy.eu/2021/05/15/prospects-for-a-settlement-of-the-libyan-conflict-three-scenarios-of-the-mid-term-forecast/
20220224,1030034397,20220224,EGYPT,EGY,TURKEY,TUR,190,재래식 군사력 사용,19,4,-10.0,2,1,2,-3.60547036883547,"Ankara, Ankara, Turkey",TU,https://moderndiplomacy.eu/2021/05/15/prospects-for-a-settlement-of-the-libyan-conflict-three-scenarios-of-the-mid-term-forecast/
20220224,1030034693,20220224,ISRAELI,ISR,SYRIAN,SYR,195,공중무기 사용,19,4,-10.0,3,1,3,-4.83271375464684,"Golan Heights, Syria (general), Syria",SY,https://www.ndtv.com/world-news/three-soldiers-killed-in-israeli-rocket-attack-on-damascus-syrian-tv-2785833
20220224,1030035190,20220224,TURKEY,TUR,EGYPT,EGY,190,재래식 군사력 사용,19,4,-10.0,6,1,6,-3.60547036883547,"Ankara, Ankara, Turkey",TU,https://moderndiplomacy.eu/2021/05/15/prospects-for-a-settlement-of-the-libyan-conflict-three-scenarios-of-the-mid-term-forecast/
20220224,1030035191,20220224,TURKEY,TUR,EGYPT,EGY,190,재래식 군사력 사용,19,4,-10.0,2,1,2,-3.60547036883547,"Cairo, Al Qahirah, Egypt",EG,https://moderndiplomacy.eu/2021/05/15/prospects-for-a-settlement-of-the-libyan-conflict-three-scenarios-of-the-mid-term-forecast/
20220224,1030035192,20220224,TURKEY,TUR,EGYPT,EGY,190,재래식 군사력 사용,19,4,-10.0,2,1,2,-3.60547036883547,"Ankara, Ankara, Turkey",TU,https://moderndiplomacy.eu/2021/05/15/prospects-for-a-settlement-of-the-libyan-conflict-three-scenarios-of-the-mid-term-forecast/
20220224,1030037475,20220224,ISRAELI,ISR,SYRIAN,SYR,195,공중무기 사용,19,4,-10.0,8,1,8,-1.96078431372549,"Damascus, Dimashq, Syria",SY,https://article.wn.com/view/2022/02/24/Israeli_air_strikes_kill_three_Syrian_soldiers_near_Damascus/
20220224,1030038821,20220224,PALESTINIAN,PSE,ISRAEL,ISR,190,재래식 군사력 사용,19,4,-10.0,1,1,1,-6.14525139664804,"London, London, City of, United Kingdom",UK,https://www.israelnationalnews.com/news/322811
20220224,1030038822,20220224,PALESTINIAN,PSE,ISRAEL,ISR,190,재래식 군사력 사용,19,4,-10.0,2,1,2,-6.14525139664804,"Jerusalem, Israel (general), Israel",IS,https://www.israelnationalnews.com/news/322811
20220224,1030038964,20220224,SYRIAN,SYR,ISRAEL,ISR,192,영토 점령,19,4,-9.5,2,1,2,-4.7887323943662,Israel,IS,https://www.ibtimes.sg/israel-bombing-kills-three-syrian-soldiers-capital-damascus-62959
20220224,1030042208,20220224,SAUDI,SAU,SANAA,YEM,195,공중무기 사용,19,4,-10.0,10,1,10,-11.2676056338028,Saudi Arabia,SA,https://article.wn.com/view/2022/02/24/Saudi_Led_Coalition_Bombs_Telecommunications_Compound_In_Yem/
20220224,1030046350,20220224,ISRAEL,ISR,SYRIA,SYR,190,재래식 군사력 사용,19,4,-10.0,2,1,2,-5.63380281690141,"Damascus, Dimashq, Syria",SY,https://dailytimes.com.pk/891049/three-syrian-soldiers-killed-in-israeli-strike-near-damascus-state-media/
20220224,1030048459,20220223,ISRAELI,ISR,SYRIA,SYR,190,재래식 군사력 사용,19,4,-10.0,6,1,6,-9.93377483443709,"Lake Tiberias, Ha?afon, Israel",IS,https://www.archyde.com/3-casualties-of-the-syrian-army-as-a-result-of-an-israeli-aggression-in-the-vicinity-of-damascus/
20220224,1030049215,20220224,ISRAEL,ISR,SYRIA,SYR,190,재래식 군사력 사용,19,4,-10.0,32,3,32,-6.04119932221544,"Golan Heights, Syria (general), Syria",SY,https://www.capitalfm.co.ke/news/2022/02/israeli-strikes-kill-six-near-damascus-monitor/
20220224,1030049216,20220224,ISRAEL,ISR,SYRIA,SYR,190,재래식 군사력 사용,19,4,-10.0,8,3,8,-6.04119932221544,Israel,IS,https://www.capitalfm.co.ke/news/2022/02/israeli-strikes-kill-six-near-damascus-monitor/
20220224,1030049641,20220224,SYRIAN,SYR,ISRAELI,ISR,190,재래식 군사력 사용,19,4,-10.0,10,1,10,-9.93377483443709,"Quneitra, Al Qunaytirah, Syria",SY,https://www.archyde.com/3-casualties-of-the-syrian-army-as-a-result-of-an-israeli-aggression-in-the-vicinity-of-damascus/
20220224,1030051287,20220217,SYRIA,SYR,SANA,YEM,190,재래식 군사력 사용,19,4,-10.0,2,1,2,-4.31034482758621,"Quneitra, Al Qunaytirah, Syria",SY,https://www.ynetnews.com/article/bjh7so4gc
20220224,1030051288,20220217,SYRIA,SYR,SANA,YEM,190,재래식 군사력 사용,19,4,-10.0,8,1,8,-4.31034482758621,"Quneitra, Al Qunaytirah, Syria",SY,https://www.ynetnews.com/article/bjh7so4gc
20220224,1030051859,20220224,ISRAEL,ISR,SYRIAN,SYR,194,포병·전차를 이용한 전투,19,4,-10.0,3,1,3,-4.31034482758621,Israel,IS,https://www.ynetnews.com/article/bjh7so4gc
20220224,1030052210,20220224,SYRIA,SYR,ISRAELI,ISR,190,재래식 군사력 사용,19,4,-10.0,10,1,10,-4.31034482758621,Israel,IS,https://www.ynetnews.com/article/bjh7so4gc
20220224,1030052211,20220224,SYRIA,SYR,ISRAEL,ISR,194,포병·전차를 이용한 전투,19,4,-10.0,3,1,3,-4.31034482758621,Israel,IS,https://www.ynetnews.com/article/bjh7so4gc
20220224,1030052212,20220224,SYRIA,SYR,ISRAEL,ISR,194,포병·전차를 이용한 전투,19,4,-10.0,2,1,2,-4.31034482758621,Israel,IS,https://www.ynetnews.com/article/bjh7so4gc
20220224,1030052213,20220224,SYRIA,SYR,ISRAEL,ISR,194,포병·전차를 이용한 전투,19,4,-10.0,2,1,2,-4.31034482758621,"Damascus, Dimashq, Syria",SY,https://www.ynetnews.com/article/bjh7so4gc
20220224,1030054440,20220224,ISRAELI,ISR,SYRIA,SYR,193,소형무기·경무기를 이용한 전투,19,4,-10.0,4,1,4,-4.9469964664311,Israel,IS,http://dailyexpress.com.my/news/187581/israel-missiles-hit-syria-town-on-golan-truce-line/
20220224,1030054441,20220224,ISRAELI,ISR,DAMASCUS,SYR,193,소형무기·경무기를 이용한 전투,19,4,-10.0,16,1,16,-4.9469964664311,"Damascus, Dimashq, Syria",SY,http://dailyexpress.com.my/news/187581/israel-missiles-hit-syria-town-on-golan-truce-line/
20220224,1030060558,20220224,ISRAELI,ISR,PALESTINIAN,PSE,190,재래식 군사력 사용,19,4,-10.0,18,2,18,-8.9876372723088,"Ramallah, West Bank (general), West Bank",WE,https://www.phnompenhpost.com/international/israel-forces-kill-palestinian-teen-near-bethlehem
20220224,1030060562,20220224,ISRAEL,ISR,SYRIAN,SYR,194,포병·전차를 이용한 전투,19,4,-10.0,8,1,8,-4.82954545454545,"Jerusalem, Israel (general), Israel",IS,https://www.msn.com/en-us/news/world/a-war-in-ukraine-wont-stop-israels-war-between-wars-in-syria/ar-AAUeWt5
20220224,1030060563,20220224,ISRAELI,ISR,SYRIA,SYR,194,포병·전차를 이용한 전투,19,4,-10.0,4,1,4,-4.82954545454545,"Damascus, Dimashq, Syria",SY,https://www.msn.com/en-us/news/world/a-war-in-ukraine-wont-stop-israels-war-between-wars-in-syria/ar-AAUeWt5
20220224,1030060564,20220224,ISRAELI,ISR,SYRIAN,SYR,194,포병·전차를 이용한 전투,19,4,-10.0,12,1,12,-4.82954545454545,"Jerusalem, Israel (general), Israel",IS,https://www.msn.com/en-us/news/world/a-war-in-ukraine-wont-stop-israels-war-between-wars-in-syria/ar-AAUeWt5
20220224,1030060928,20220224,PALESTINIAN,PSE,ISRAELI,ISR,190,재래식 군사력 사용,19,4,-10.0,12,2,12,-8.9876372723088,"Ramallah, West Bank (general), West Bank",WE,https://www.phnompenhpost.com/international/israel-forces-kill-palestinian-teen-near-bethlehem
20220224,1030060929,20220224,PALESTINIAN,PSE,ISRAELI,ISR,190,재래식 군사력 사용,19,4,-10.0,6,1,6,-8.51581508515815,Israel,IS,https://www.phnompenhpost.com/international/israel-forces-kill-palestinian-teen-near-bethlehem
20220224,1030063715,20220224,IRAN,IRN,SAUDI ARABIA,SAU,190,재래식 군사력 사용,19,4,-10.0,20,1,20,-5.31594784353059,Saudi Arabia,SA,https://www.msn.com/en-us/news/world/how-war-in-ukraine-increases-iran-s-threat-to-israel-analysis/ar-AAUeBrN
20220224,1030063740,20220224,ISRAELI,ISR,HASSAN,JOR,193,소형무기·경무기를 이용한 전투,19,4,-10.0,5,1,5,-9.61968680089485,"Jerusalem, Israel (general), Israel",IS,https://www.middleeastmonitor.com/20220224-palestinian-minor-manasra-suffering-psychological-disorder-in-israel-jail/
20220224,1030063757,20220224,ISRAELI,ISR,WEST BANK,PSE,193,소형무기·경무기를 이용한 전투,19,4,-10.0,7,1,7,-7.77642770352369,"Jerusalem, Israel (general), Israel",IS,https://www.arkansasonline.com/news/2022/feb/24/omani-official-in-iran-amid-nuke-talks-japan/
20220224,1030063758,20220224,ISRAELI,ISR,WEST BANK,PSE,193,소형무기·경무기를 이용한 전투,19,4,-10.0,1,1,1,-7.77642770352369,West Bank,WE,https://www.arkansasonline.com/news/2022/feb/24/omani-official-in-iran-amid-nuke-talks-japan/
20220224,1030063759,20220224,ISRAEL,ISR,HAMAS,PSE,190,재래식 군사력 사용,19,4,-10.0,9,2,9,-4.51096395209255,"Gaza, Israel (general), Israel",IS,https://www.middleeastmonitor.com/20220224-demand-for-hebrew-lessons-jumps-in-gaza-as-israel-eases-work-restrictions/
20220224,1030064025,20220224,HAMAS,PSE,ISRAEL,ISR,190,재래식 군사력 사용,19,4,-10.0,9,2,9,-4.51096395209255,"Gaza, Israel (general), Israel",IS,https://www.middleeastmonitor.com/20220224-demand-for-hebrew-lessons-jumps-in-gaza-as-israel-eases-work-restrictions/
20220224,1030067231,20220224,ISRAEL,ISR,SYRIAN,SYR,194,포병·전차를 이용한 전투,19,4,-10.0,4,1,4,-5.14018691588785,"Umm El Fahm, H_efa, Israel",IS,https://www.jpost.com/middle-east/article-698468
20220224,1030067232,20220224,ISRAELI,ISR,SYRIA,SYR,194,포병·전차를 이용한 전투,19,4,-10.0,9,3,9,-6.10987241422024,"Quneitra, Al Qunaytirah, Syria",SY,https://www.clevelandjewishnews.com/jns/three-syrian-soldiers-reported-killed-in-israeli-strike-near-damascus/article_ec2da566-3b73-5683-8d20-c2f6a6f53e50.html
20220224,1030067233,20220224,ISRAELI,ISR,SYRIA,SYR,194,포병·전차를 이용한 전투,19,4,-10.0,2,1,2,-5.14018691588785,"Damascus, Dimashq, Syria",SY,https://www.jpost.com/middle-east/article-698468
20220224,1030067234,20220224,ISRAELI,ISR,SYRIAN,SYR,194,포병·전차를 이용한 전투,19,4,-10.0,6,1,6,-5.14018691588785,"Umm El Fahm, H_efa, Israel",IS,https://www.jpost.com/middle-east/article-698468
20220224,1030070409,20220224,ISRAELI,ISR,SYRIAN,SYR,190,재래식 군사력 사용,19,4,-10.0,8,1,8,-5.79710144927536,"Quneitra, Al Qunaytirah, Syria",SY,https://www.jns.org/three-syrian-soldiers-reported-killed-in-israeli-strike-near-damascus/
20220224,1030076684,20220224,ISRAEL,ISR,DAMASCUS,SYR,190,재래식 군사력 사용,19,4,-10.0,3,1,3,-5.77777777777778,"Ghouta, Dimashq, Syria",SY,https://www.hawarnews.com/en/haber/sohr-6-killed-in-israeli-airstrikes-destruction-of-weapons-depots-in-the-vicinity-of-the-damascus-airport-h29342.html
20220224,1030076693,20220224,ISRAEL,ISR,SANA,YEM,190,재래식 군사력 사용,19,4,-10.0,3,1,3,-5.77777777777778,Israel,IS,https://www.hawarnews.com/en/haber/sohr-6-killed-in-israeli-airstrikes-destruction-of-weapons-depots-in-the-vicinity-of-the-damascus-airport-h29342.html
20220224,1030076694,20220224,ISRAEL,ISR,SANA,YEM,194,포병·전차를 이용한 전투,19,4,-10.0,3,1,3,-5.77777777777778,Israel,IS,https://www.hawarnews.com/en/haber/sohr-6-killed-in-israeli-airstrikes-destruction-of-weapons-depots-in-the-vicinity-of-the-damascus-airport-h29342.html
20220224,1030077208,20220224,DAMASCUS,SYR,ISRAEL,ISR,194,포병·전차를 이용한 전투,19,4,-10.0,2,1,2,-8.91089108910891,Israel,IS,https://www.hawarnews.com/en/haber/3-members-of-damascus-forces-were-killed-in-an-israeli-missile-attack-h29339.html
20220224,1030085832,20220224,ISRAELI,ISR,PALESTINIAN,PSE,194,포병·전차를 이용한 전투,19,4,-10.0,2,1,2,-6.19469026548673,"Sderot, HaDarom, Israel",IS,https://unitedwithisrael.org/israel-questions-un-priorities-despite-ukraine-war-security-council-debates-middle-east/
20220224,1030099406,20220224,ISRAEL,ISR,HAMAS,PSE,190,재래식 군사력 사용,19,4,-10.0,6,1,6,-3.51526364477336,Israel,IS,https://www.forbes.com/sites/pauliddon/2022/02/24/is-iraq-becoming-a-launchpad-for-militia-attacks-on-regional-countries/
20220224,1030099407,20220224,ISRAEL,ISR,HAMAS,PSE,190,재래식 군사력 사용,19,4,-10.0,2,1,2,-3.51526364477336,Iraq,IZ,https://www.forbes.com/sites/pauliddon/2022/02/24/is-iraq-becoming-a-launchpad-for-militia-attacks-on-regional-countries/
20220224,1030099408,20220224,ISRAEL,ISR,HAMAS,PSE,190,재래식 군사력 사용,19,4,-10.0,2,1,2,-3.51526364477336,Iraq,IZ,https://www.forbes.com/sites/pauliddon/2022/02/24/is-iraq-becoming-a-launchpad-for-militia-attacks-on-regional-countries/
20220224,1030099612,20220224,HAMAS,PSE,ISRAEL,ISR,190,재래식 군사력 사용,19,4,-10.0,2,1,2,-3.51526364477336,Iraq,IZ,https://www.forbes.com/sites/pauliddon/2022/02/24/is-iraq-becoming-a-launchpad-for-militia-attacks-on-regional-countries/
20220224,1030099613,20220224,HAMAS,PSE,ISRAEL,ISR,190,재래식 군사력 사용,19,4,-10.0,2,1,2,-3.51526364477336,Iraq,IZ,https://www.forbes.com/sites/pauliddon/2022/02/24/is-iraq-becoming-a-launchpad-for-militia-attacks-on-regional-countries/
20220224,1030105223,20220224,EGYPTIAN,EGY,ISRAELI,ISR,190,재래식 군사력 사용,19,4,-10.0,2,1,2,-1.57185628742515,Egypt,EG,https://cpt.org/2022/02/24/keeping-the-right-of-return-alive
20220224,1030105225,20220224,EGYPTIAN,EGY,PALESTINIAN,PSE,190,재래식 군사력 사용,19,4,-10.0,10,1,10,-1.57185628742515,Egypt,EG,https://cpt.org/2022/02/24/keeping-the-right-of-return-alive
20220224,1030107738,20220224,SYRIA,SYR,TURKISH,TUR,190,재래식 군사력 사용,19,4,-10.0,7,1,7,-3.65448504983388,Afghanistan,AF,https://www.dw.com/en/whats-natos-article-4-and-why-are-people-talking-about-it/a-60898860
20220224,1030121504,20220224,ISRAEL,ISR,PALESTINIAN,PSE,190,재래식 군사력 사용,19,4,-10.0,4,1,4,-5.0561797752809,"Hebron, Israel (general), Israel",IS,https://peacenow.org/entry.php?id=39203
20220224,1030123126,20220224,ISRAELI,ISR,SANA,YEM,194,포병·전차를 이용한 전투,19,4,-10.0,1,1,1,-5.76923076923077,Israel,IS,https://www.algemeiner.com/2022/02/24/three-syrian-soldiers-reported-killed-in-israeli-strike-near-damascus/
20220224,1030123127,20220224,ISRAELI,ISR,SANA,YEM,194,포병·전차를 이용한 전투,19,4,-10.0,1,1,1,-5.76923076923077,"Quneitra, Al Qunaytirah, Syria",SY,https://www.algemeiner.com/2022/02/24/three-syrian-soldiers-reported-killed-in-israeli-strike-near-damascus/
20220224,1030131416,20220224,ISRAELI,ISR,WEST BANK,PSE,190,재래식 군사력 사용,19,4,-10.0,2,1,2,-9.45945945945945,"Ramallah, West Bank (general), West Bank",WE,http://www.coastaldigest.com/india-top-story/indians-ukraine-advised-rush-bomb-shelters-if-air-sirens-are-heard
20220224,1030131417,20220224,ISRAELI,ISR,PALESTINIAN,PSE,190,재래식 군사력 사용,19,4,-10.0,4,1,4,-9.45945945945945,Israel,IS,http://www.coastaldigest.com/india-top-story/indians-ukraine-advised-rush-bomb-shelters-if-air-sirens-are-heard
20220224,1030131436,20220224,ISRAEL,ISR,WEST BANK,PSE,190,재래식 군사력 사용,19,4,-10.0,2,1,2,-9.45945945945945,Israel,IS,http://www.coastaldigest.com/india-top-story/indians-ukraine-advised-rush-bomb-shelters-if-air-sirens-are-heard
20220224,1030131797,20220224,PALESTINIAN,PSE,ISRAELI,ISR,190,재래식 군사력 사용,19,4,-10.0,1,1,1,-2.44140625,"Tel Aviv, Tel Aviv, Israel",IS,https://www.jpost.com/arab-israeli-conflict/article-698536
20220224,1030131798,20220224,PALESTINIAN,PSE,ISRAELI,ISR,190,재래식 군사력 사용,19,4,-10.0,1,1,1,-2.44140625,"Tel Aviv, Tel Aviv, Israel",IS,https://www.jpost.com/arab-israeli-conflict/article-698536
20220224,1030131799,20220224,PALESTINIAN,PSE,ISRAELI,ISR,190,재래식 군사력 사용,19,4,-10.0,2,1,2,-9.45945945945945,Israel,IS,http://www.coastaldigest.com/india-top-story/indians-ukraine-advised-rush-bomb-shelters-if-air-sirens-are-heard
20220224,1030131800,20220224,WEST BANK,PSE,ISRAEL,ISR,194,포병·전차를 이용한 전투,19,4,-10.0,1,1,1,-2.44140625,"Oslo, Oslo, Norway",NO,https://www.jpost.com/arab-israeli-conflict/article-698536
20220224,1030131801,20220224,WEST BANK,PSE,ISRAEL,ISR,194,포병·전차를 이용한 전투,19,4,-10.0,3,1,3,-2.44140625,"Tel Aviv, Tel Aviv, Israel",IS,https://www.jpost.com/arab-israeli-conflict/article-698536
20220224,1030131802,20220224,WEST BANK,PSE,ISRAEL,ISR,194,포병·전차를 이용한 전투,19,4,-10.0,1,1,1,-2.44140625,"Tel Aviv, Tel Aviv, Israel",IS,https://www.jpost.com/arab-israeli-conflict/article-698536
20220224,1030131808,20220224,PALESTINIAN,PSE,ISRAELI,ISR,190,재래식 군사력 사용,19,4,-10.0,1,1,1,-2.44140625,"Tel Aviv, Tel Aviv, Israel",IS,https://www.jpost.com/arab-israeli-conflict/article-698536
20220224,1030131996,20220224,SYRIAN,SYR,ISRAELI,ISR,193,소형무기·경무기를 이용한 전투,19,4,-10.0,2,1,2,-5.88235294117647,"Damascus, Dimashq, Syria",SY,https://themedialine.org/headlines/6-syrian-and-iranian-back-fighters-killed-in-airstrike-near-damascus-war-monitor-says/
20220224,1030144560,20220224,ISRAEL,ISR,SYRIA,SYR,190,재래식 군사력 사용,19,4,-10.0,8,2,8,-4.56155349291646,Israel,IS,https://www.jta.org/2022/02/24/global/israel-condemns-russian-invasion-and-offers-humanitarian-assistance-to-ukrainians
20220224,1030144561,20220224,ISRAEL,ISR,SYRIA,SYR,190,재래식 군사력 사용,19,4,-10.0,2,2,2,-4.56155349291646,Russia,RS,https://www.jta.org/2022/02/24/global/israel-condemns-russian-invasion-and-offers-humanitarian-assistance-to-ukrainians
20220224,1030146643,20220224,IRANIAN,IRN,ISRAEL,ISR,193,소형무기·경무기를 이용한 전투,19,4,-10.0,6,1,6,-6.83760683760684,Israel,IS,https://www.ansamed.info/ansamed/en/news/sections/generalnews/2022/02/24/syria-six-killed-by-israeli-raid-in-damascus-ngo_9866bb2a-8a4b-460f-ae6d-12d1b1041a0c.html
20220224,1030146644,20220224,IRANIAN,IRN,ISRAEL,ISR,193,소형무기·경무기를 이용한 전투,19,4,-10.0,2,1,2,-6.83760683760684,"Damascus, Dimashq, Syria",SY,https://www.ansamed.info/ansamed/en/news/sections/generalnews/2022/02/24/syria-six-killed-by-israeli-raid-in-damascus-ngo_9866bb2a-8a4b-460f-ae6d-12d1b1041a0c.html
20220224,1030146645,20220224,IRAN,IRN,ISRAEL,ISR,193,소형무기·경무기를 이용한 전투,19,4,-10.0,2,1,2,-6.83760683760684,Israel,IS,https://www.ansamed.info/ansamed/en/news/sections/generalnews/2022/02/24/syria-six-killed-by-israeli-raid-in-damascus-ngo_9866bb2a-8a4b-460f-ae6d-12d1b1041a0c.html
20220224,1030146646,20220224,IRANIAN,IRN,SYRIA,SYR,190,재래식 군사력 사용,19,4,-10.0,2,1,2,-6.83760683760684,"Beirut, Beyrouth, Lebanon",LE,https://www.ansamed.info/ansamed/en/news/sections/generalnews/2022/02/24/syria-six-killed-by-israeli-raid-in-damascus-ngo_9866bb2a-8a4b-460f-ae6d-12d1b1041a0c.html
20220224,1030146655,20220224,ISRAEL,ISR,IRANIAN,IRN,193,소형무기·경무기를 이용한 전투,19,4,-10.0,3,1,3,-6.83760683760684,"Beirut, Beyrouth, Lebanon",LE,https://www.ansamed.info/ansamed/en/news/sections/generalnews/2022/02/24/syria-six-killed-by-israeli-raid-in-damascus-ngo_9866bb2a-8a4b-460f-ae6d-12d1b1041a0c.html
20220224,1030146656,20220224,ISRAEL,ISR,IRANIAN,IRN,193,소형무기·경무기를 이용한 전투,19,4,-10.0,4,1,4,-6.83760683760684,Israel,IS,https://www.ansamed.info/ansamed/en/news/sections/generalnews/2022/02/24/syria-six-killed-by-israeli-raid-in-damascus-ngo_9866bb2a-8a4b-460f-ae6d-12d1b1041a0c.html
20220224,1030146657,20220224,ISRAEL,ISR,IRANIAN,IRN,193,소형무기·경무기를 이용한 전투,19,4,-10.0,2,1,2,-6.83760683760684,"Damascus, Dimashq, Syria",SY,https://www.ansamed.info/ansamed/en/news/sections/generalnews/2022/02/24/syria-six-killed-by-israeli-raid-in-damascus-ngo_9866bb2a-8a4b-460f-ae6d-12d1b1041a0c.html
20220224,1030146658,20220224,ISRAEL,ISR,IRAN,IRN,193,소형무기·경무기를 이용한 전투,19,4,-10.0,1,1,1,-6.83760683760684,Israel,IS,https://www.ansamed.info/ansamed/en/news/sections/generalnews/2022/02/24/syria-six-killed-by-israeli-raid-in-damascus-ngo_9866bb2a-8a4b-460f-ae6d-12d1b1041a0c.html
20220224,1030147151,20220224,SYRIA,SYR,ISRAELI,ISR,190,재래식 군사력 사용,19,4,-10.0,2,1,2,-6.83760683760684,"Beirut, Beyrouth, Lebanon",LE,https://www.ansamed.info/ansamed/en/news/sections/generalnews/2022/02/24/syria-six-killed-by-israeli-raid-in-damascus-ngo_9866bb2a-8a4b-460f-ae6d-12d1b1041a0c.html
20220224,1030147152,20220224,SYRIA,SYR,ISRAELI,ISR,190,재래식 군사력 사용,19,4,-10.0,3,1,3,-6.83760683760684,"Beirut, Beyrouth, Lebanon",LE,https://www.ansamed.info/ansamed/en/news/sections/generalnews/2022/02/24/syria-six-killed-by-israeli-raid-in-damascus-ngo_9866bb2a-8a4b-460f-ae6d-12d1b1041a0c.html
20220224,1030147153,20220224,SYRIA,SYR,ISRAEL,ISR,190,재래식 군사력 사용,19,4,-10.0,2,1,2,-6.83760683760684,Iran,IR,https://www.ansamed.info/ansamed/en/news/sections/generalnews/2022/02/24/syria-six-killed-by-israeli-raid-in-damascus-ngo_9866bb2a-8a4b-460f-ae6d-12d1b1041a0c.html
20220224,1030157490,20220224,IRANIAN,IRN,SAUDI ARABIA,SAU,195,공중무기 사용,19,4,-10.0,6,1,6,2.83018867924529,Yemen,YM,https://www.dailysignal.com/2022/02/24/abraham-accords-sowing-seeds-of-peace-harvesting-fruits-of-prosperity/
20220224,1030157491,20220224,IRAN,IRN,SAUDI ARABIA,SAU,195,공중무기 사용,19,4,-10.0,2,1,2,2.83018867924529,Yemen,YM,https://www.dailysignal.com/2022/02/24/abraham-accords-sowing-seeds-of-peace-harvesting-fruits-of-prosperity/
20220224,1030157492,20220224,IRANIAN,IRN,SAUDI ARABIA,SAU,195,공중무기 사용,19,4,-10.0,2,1,2,2.83018867924529,Lebanon,LE,https://www.dailysignal.com/2022/02/24/abraham-accords-sowing-seeds-of-peace-harvesting-fruits-of-prosperity/
20220224,1030158490,20220224,YEMEN,YEM,SAUDI ARABIA,SAU,195,공중무기 사용,19,4,-10.0,2,1,2,2.83018867924529,Lebanon,LE,https://www.dailysignal.com/2022/02/24/abraham-accords-sowing-seeds-of-peace-harvesting-fruits-of-prosperity/
20220224,1030158491,20220224,YEMEN,YEM,SAUDI ARABIA,SAU,195,공중무기 사용,19,4,-10.0,8,1,8,2.83018867924529,Yemen,YM,https://www.dailysignal.com/2022/02/24/abraham-accords-sowing-seeds-of-peace-harvesting-fruits-of-prosperity/
20220224,1030159845,20220224,ISRAELI,ISR,PALESTINIAN,PSE,163,금수·보이콧·제재 부과,16,4,-8.0,6,1,6,-9.15395284327325,"Ashdod, HaDarom, Israel",IS,https://mondoweiss.net/2022/02/ism-co-founder-refuses-to-show-in-court-in-solidarity-with-palestinian-administrative-detainees/
20220224,1030184161,20220224,ISRAEL,ISR,DAMASCUS,SYR,194,포병·전차를 이용한 전투,19,4,-10.0,4,1,4,-2.99202127659574,"Damascus, Dimashq, Syria",SY,https://www.jpost.com/middle-east/article-698582
20220224,1030198402,20220224,ISRAELI,ISR,PALESTINIAN,PSE,190,재래식 군사력 사용,19,4,-10.0,1,1,1,-1.65369649805448,"Washington, District of Columbia, United States",US,https://forward.com/fast-forward/482898/huwaida-arraf-congress-palestinian-resistance-efforts/
20220224,1030198403,20220224,ISRAEL,ISR,PALESTINIAN,PSE,190,재래식 군사력 사용,19,4,-10.0,1,1,1,-1.65369649805448,"Washington, District of Columbia, United States",US,https://forward.com/fast-forward/482898/huwaida-arraf-congress-palestinian-resistance-efforts/
20220224,1030198666,20220224,PALESTINIAN,PSE,ISRAELI,ISR,190,재래식 군사력 사용,19,4,-10.0,1,1,1,-1.65369649805448,"Washington, District of Columbia, United States",US,https://forward.com/fast-forward/482898/huwaida-arraf-congress-palestinian-resistance-efforts/
20220224,1030198861,20220224,ANKARA,TUR,SYRIAN,SYR,1384,재래식 군사 공격 위협,13,3,-7.0,1,1,1,-10.4430379746835,"Ankara, Ankara, Turkey",TU,https://www.france24.com/en/20191013-france-worried-after-nearly-800-is-group-relatives-escape-syrian-camp-1
20220224,1030198862,20220224,ANKARA,TUR,SYRIAN,SYR,1384,재래식 군사 공격 위협,13,3,-7.0,4,1,4,-10.4430379746835,"Ankara, Ankara, Turkey",TU,https://www.france24.com/en/20191013-france-worried-after-nearly-800-is-group-relatives-escape-syrian-camp-1
20220224,1030198863,20220224,ANKARA,TUR,SYRIAN,SYR,190,재래식 군사력 사용,19,4,-10.0,1,1,1,-10.4430379746835,France,FR,https://www.france24.com/en/20191013-france-worried-after-nearly-800-is-group-relatives-escape-syrian-camp-1
20220224,1030198864,20220224,ANKARA,TUR,SYRIAN,SYR,190,재래식 군사력 사용,19,4,-10.0,4,1,4,-10.4430379746835,"Ankara, Ankara, Turkey",TU,https://www.france24.com/en/20191013-france-worried-after-nearly-800-is-group-relatives-escape-syrian-camp-1
20220224,1030207778,20220224,HASSAN,JOR,YEMEN,YEM,192,영토 점령,19,4,-9.5,2,1,2,-3.64400840925018,"Marib, Ma'rib, Yemen",YM,https://www.jpost.com/opinion/article-698567
20220224,1030207779,20220224,HASSAN,JOR,YEMEN,YEM,192,영토 점령,19,4,-9.5,1,1,1,-3.64400840925018,"Zaydi, La?ij, Yemen",YM,https://www.jpost.com/opinion/article-698567
20220224,1030215384,20220224,ISRAEL,ISR,SAUDI ARABIA,SAU,154,군 병력 동원·증강,15,4,-7.2,3,1,3,-2.79792746113989,Saudi Arabia,SA,https://www.al-monitor.com/originals/2022/02/israel-seeks-answers-iranian-drones
20220224,1030222589,20220224,ISRAEL,ISR,PALESTINIAN,PSE,190,재래식 군사력 사용,19,4,-10.0,4,1,2,-8.35214446952596,"Sheikh Jarrah, Yerushalayim, Israel",IS,https://www.presstv.ir/Detail/2022/02/24/677481/Palestine-East-al-Quds-Sheikh-Jarrah--Itamar-Ben-Gvir--Israel-
20220224,1030222590,20220224,ISRAELI,ISR,PALESTINIAN,PSE,190,재래식 군사력 사용,19,4,-10.0,1,1,1,-8.35214446952596,"Sheikh Jarrah, Yerushalayim, Israel",IS,https://www.presstv.ir/Detail/2022/02/24/677481/Palestine-East-al-Quds-Sheikh-Jarrah--Itamar-Ben-Gvir--Israel-
20220224,1030222860,20220224,PALESTINIAN,PSE,ISRAELI,ISR,190,재래식 군사력 사용,19,4,-10.0,2,1,2,-8.35214446952596,"Sheikh Jarrah, Yerushalayim, Israel",IS,https://www.presstv.ir/Detail/2022/02/24/677481/Palestine-East-al-Quds-Sheikh-Jarrah--Itamar-Ben-Gvir--Israel-
20220224,1030227042,20220224,ISRAEL,ISR,PALESTINIAN,PSE,190,재래식 군사력 사용,19,4,-10.0,1,1,1,-7.25462304409673,"Gaza, Israel (general), Israel",IS,https://www.aljazeera.com/news/2021/8/21/israel-fires-on-protesting-palestinians-in-gaza-dozens-wounded
20220224,1030227322,20220224,PALESTINIAN,PSE,ISRAEL,ISR,193,소형무기·경무기를 이용한 전투,19,4,-10.0,2,1,2,-7.25462304409673,"Gaza, Israel (general), Israel",IS,https://www.aljazeera.com/news/2021/8/21/israel-fires-on-protesting-palestinians-in-gaza-dozens-wounded
20220225,1030232521,20220225,ISRAELI,ISR,PALESTINIAN,PSE,190,재래식 군사력 사용,19,4,-10.0,8,1,8,-5.38699690402477,"Hebron, Israel (general), Israel",IS,https://www.dailymaverick.co.za/opinionista/2022-02-24-in-solidarity-with-the-people-of-palestine-remembering-the-goldstein-massacre/
20220225,1030232522,20220225,ISRAELI,ISR,PALESTINIAN,PSE,190,재래식 군사력 사용,19,4,-10.0,2,1,2,-5.38699690402477,"Hebron, Israel (general), Israel",IS,https://www.dailymaverick.co.za/opinionista/2022-02-24-in-solidarity-with-the-people-of-palestine-remembering-the-goldstein-massacre/
20220225,1030233144,20220225,PALESTINIAN,PSE,ISRAELI,ISR,190,재래식 군사력 사용,19,4,-10.0,8,1,8,-5.38699690402477,"Hebron, Israel (general), Israel",IS,https://www.dailymaverick.co.za/opinionista/2022-02-24-in-solidarity-with-the-people-of-palestine-remembering-the-goldstein-massacre/
20220225,1030233145,20220225,PALESTINIAN,PSE,ISRAELI,ISR,190,재래식 군사력 사용,19,4,-10.0,2,1,2,-5.38699690402477,"Hebron, Israel (general), Israel",IS,https://www.dailymaverick.co.za/opinionista/2022-02-24-in-solidarity-with-the-people-of-palestine-remembering-the-goldstein-massacre/
20220225,1030238145,20220225,ISRAELI,ISR,PALESTINIAN,PSE,190,재래식 군사력 사용,19,4,-10.0,10,1,10,-6.12025769506085,"Gaza, Israel (general), Israel",IS,https://schema-root.org/military/tactics/attacks/
20220225,1030254488,20220225,PALESTINIAN,PSE,ISRAELI,ISR,163,금수·보이콧·제재 부과,16,4,-8.0,1,1,1,-6.73267326732673,Israel,IS,https://www.thenews.com.pk/print/936573-detained
20220225,1030273652,20220225,ISRAEL,ISR,SYRIA,SYR,190,재래식 군사력 사용,19,4,-10.0,16,2,16,-4.4591515313987,"Golan Heights, Syria (general), Syria",SY,https://www.dawn.com/news/1676948/israeli-strikes-kill-six-near-damascus
20220225,1030273653,20220225,ISRAEL,ISR,SYRIA,SYR,190,재래식 군사력 사용,19,4,-10.0,4,2,4,-4.4591515313987,Israel,IS,https://www.dawn.com/news/1676948/israeli-strikes-kill-six-near-damascus
20220225,1030274960,20220218,ISRAELI,ISR,PALESTINIAN,PSE,190,재래식 군사력 사용,19,4,-10.0,2,1,2,-5.64516129032258,"Jenin, West Bank (general), West Bank",WE,https://www.i24news.tv/en/news/middle-east/palestinian-territories/1645755297-idf-palestinian-shot-trying-to-throw-explosive-device-at-soldiers
20220225,1030274961,20220218,ISRAELI,ISR,PALESTINIAN,PSE,190,재래식 군사력 사용,19,4,-10.0,8,1,8,-5.64516129032258,"Jenin, West Bank (general), West Bank",WE,https://www.i24news.tv/en/news/middle-east/palestinian-territories/1645755297-idf-palestinian-shot-trying-to-throw-explosive-device-at-soldiers
20220225,1030274964,20220218,PALESTINIAN,PSE,ISRAELI,ISR,190,재래식 군사력 사용,19,4,-10.0,2,1,2,-5.64516129032258,"Jenin, West Bank (general), West Bank",WE,https://www.i24news.tv/en/news/middle-east/palestinian-territories/1645755297-idf-palestinian-shot-trying-to-throw-explosive-device-at-soldiers
20220225,1030274966,20220218,PALESTINIAN,PSE,ISRAELI,ISR,190,재래식 군사력 사용,19,4,-10.0,8,1,8,-5.64516129032258,"Jenin, West Bank (general), West Bank",WE,https://www.i24news.tv/en/news/middle-east/palestinian-territories/1645755297-idf-palestinian-shot-trying-to-throw-explosive-device-at-soldiers
20220225,1030280570,20220225,YEMEN,YEM,SAUDI ARABIA,SAU,194,포병·전차를 이용한 전투,19,4,-10.0,1,1,1,-4.36893203883495,Saudi Arabia,SA,https://nationalinterest.org/blog/middle-east-watch/uae-signs-deal-purchase-chinese-l-15-fighter-jets-200804
20220225,1030280571,20220225,YEMEN,YEM,SAUDI ARABIA,SAU,194,포병·전차를 이용한 전투,19,4,-10.0,1,1,1,-4.36893203883495,Saudi Arabia,SA,https://nationalinterest.org/blog/middle-east-watch/uae-signs-deal-purchase-chinese-l-15-fighter-jets-200804
20220225,1030281722,20220225,ISRAEL,ISR,WEST BANK,PSE,193,소형무기·경무기를 이용한 전투,19,4,-10.0,4,1,4,-2.61437908496732,"Nablus, West Bank (general), West Bank",WE,https://www.haaretz.com/israel-news/.premium-palestinian-shot-by-israeli-forces-in-west-bank-after-throwing-explosive-device-1.10634624
20220225,1030281723,20220225,ISRAELI,ISR,PALESTINIAN,PSE,193,소형무기·경무기를 이용한 전투,19,4,-10.0,4,1,2,-2.61437908496732,Israel,IS,https://www.haaretz.com/israel-news/.premium-palestinian-shot-by-israeli-forces-in-west-bank-after-throwing-explosive-device-1.10634624
20220225,1030281949,20220225,WEST BANK,PSE,ISRAELI,ISR,193,소형무기·경무기를 이용한 전투,19,4,-10.0,8,1,8,-2.61437908496732,Israel,IS,https://www.haaretz.com/israel-news/.premium-palestinian-shot-by-israeli-forces-in-west-bank-after-throwing-explosive-device-1.10634624
20220225,1030281950,20220225,PALESTINIAN,PSE,ISRAELI,ISR,193,소형무기·경무기를 이용한 전투,19,4,-10.0,3,1,3,-2.61437908496732,"Nablus, West Bank (general), West Bank",WE,https://www.haaretz.com/israel-news/.premium-palestinian-shot-by-israeli-forces-in-west-bank-after-throwing-explosive-device-1.10634624
20220225,1030281951,20220225,PALESTINIAN,PSE,ISRAELI,ISR,193,소형무기·경무기를 이용한 전투,19,4,-10.0,1,1,1,-2.61437908496732,Israel,IS,https://www.haaretz.com/israel-news/.premium-palestinian-shot-by-israeli-forces-in-west-bank-after-throwing-explosive-device-1.10634624
20220225,1030299789,20220224,ISRAELI,ISR,LEBANON,LBN,192,영토 점령,19,4,-9.5,2,1,2,-6.87203791469194,"Damascus, Dimashq, Syria",SY,https://www.wsws.org/en/articles/2022/02/25/turk-f25.html
20220225,1030299790,20220224,ISRAELI,ISR,LEBANON,LBN,192,영토 점령,19,4,-9.5,8,1,8,-6.87203791469194,"Tel Aviv, Tel Aviv, Israel",IS,https://www.wsws.org/en/articles/2022/02/25/turk-f25.html
20220225,1030299798,20220224,SYRIAN,SYR,ISRAEL,ISR,190,재래식 군사력 사용,19,4,-10.0,1,1,1,-6.87203791469194,"Tel Aviv, Tel Aviv, Israel",IS,https://www.wsws.org/en/articles/2022/02/25/turk-f25.html
20220225,1030299799,20220224,SYRIAN,SYR,ISRAEL,ISR,194,포병·전차를 이용한 전투,19,4,-10.0,1,1,1,-6.87203791469194,"Damascus, Dimashq, Syria",SY,https://www.wsws.org/en/articles/2022/02/25/turk-f25.html
20220225,1030299800,20220224,SYRIAN,SYR,ISRAEL,ISR,194,포병·전차를 이용한 전투,19,4,-10.0,1,1,1,-6.87203791469194,"Tel Aviv, Tel Aviv, Israel",IS,https://www.wsws.org/en/articles/2022/02/25/turk-f25.html
20220225,1030299802,20220224,SYRIAN,SYR,ISRAEL,ISR,190,재래식 군사력 사용,19,4,-10.0,6,1,6,-6.87203791469194,"Tel Aviv, Tel Aviv, Israel",IS,https://www.wsws.org/en/articles/2022/02/25/turk-f25.html
20220225,1030299803,20220224,SYRIAN,SYR,ISRAEL,ISR,194,포병·전차를 이용한 전투,19,4,-10.0,6,1,6,-6.87203791469194,"Tel Aviv, Tel Aviv, Israel",IS,https://www.wsws.org/en/articles/2022/02/25/turk-f25.html
20220225,1030301844,20220224,ISRAELI,ISR,PALESTINIAN,PSE,190,재래식 군사력 사용,19,4,-10.0,2,1,2,-5.46697038724374,"Gaza, Israel (general), Israel",IS,https://ewn.co.za/contributors/paula-slier
20220225,1030302536,20220225,ISRAELI,ISR,GAZA,PSE,193,소형무기·경무기를 이용한 전투,19,4,-10.0,2,1,2,-5.46697038724374,"Gaza, Israel (general), Israel",IS,https://ewn.co.za/contributors/paula-slier
20220225,1030302560,20220225,JORDAN,JOR,ISRAEL,ISR,192,영토 점령,19,4,-9.5,8,1,8,-5.46697038724374,"Gaza, Israel (general), Israel",IS,https://ewn.co.za/contributors/paula-slier
20220225,1030302561,20220225,JORDAN,JOR,ISRAEL,ISR,192,영토 점령,19,4,-9.5,2,1,2,-5.46697038724374,Jordan,JO,https://ewn.co.za/contributors/paula-slier
20220225,1030302804,20220225,GAZA,PSE,ISRAEL,ISR,194,포병·전차를 이용한 전투,19,4,-10.0,1,1,1,-5.46697038724374,"Gaza, Israel (general), Israel",IS,https://ewn.co.za/contributors/paula-slier
20220225,1030307106,20220225,ISRAEL,ISR,SYRIA,SYR,194,포병·전차를 이용한 전투,19,4,-10.0,2,1,2,0.53763440860215,Israel,IS,https://www.timesofisrael.com/liveblog_entry/ukraine-fighting-reportedly-not-expected-to-keep-israel-from-bombing-syria/
20220225,1030325413,20220225,ISRAEL,ISR,IRANIAN,IRN,195,공중무기 사용,19,4,-10.0,2,1,2,-3.45679012345679,"Jerusalem, Israel (general), Israel",IS,https://blogs.timesofisrael.com/israels-strategic-vs-humane-choice-in-ukraine/
20220225,1030325414,20220225,ISRAEL,ISR,IRANIAN,IRN,195,공중무기 사용,19,4,-10.0,1,1,1,-3.45679012345679,"Jerusalem, Israel (general), Israel",IS,https://blogs.timesofisrael.com/israels-strategic-vs-humane-choice-in-ukraine/
20220225,1030325415,20220225,ISRAEL,ISR,IRANIAN,IRN,195,공중무기 사용,19,4,-10.0,7,1,7,-3.45679012345679,"Jerusalem, Israel (general), Israel",IS,https://blogs.timesofisrael.com/israels-strategic-vs-humane-choice-in-ukraine/
20220225,1030327047,20220225,ISRAEL,ISR,SYRIA,SYR,194,포병·전차를 이용한 전투,19,4,-10.0,1,1,1,-4.63414634146342,"Jerusalem, Israel (general), Israel",IS,https://www.timesofisrael.com/liveblog-february-25-2022/
20220225,1030327048,20220225,ISRAEL,ISR,SYRIA,SYR,194,포병·전차를 이용한 전투,19,4,-10.0,1,1,1,-4.63414634146342,"Jerusalem, Israel (general), Israel",IS,https://www.timesofisrael.com/liveblog-february-25-2022/
20220225,1030338546,20220225,ISRAEL,ISR,IRANIAN,IRN,195,공중무기 사용,19,4,-10.0,30,1,30,-3.57518401682439,Israel,IS,https://strategypage.com/qnd/russia/articles/20220225.aspx
20220225,1030338558,20220225,ISRAELI,ISR,SYRIA,SYR,195,공중무기 사용,19,4,-10.0,35,2,35,-4.40609234901777,"Damascus, Dimashq, Syria",SY,https://strategypage.com/qnd/russia/articles/20220225.aspx
20220225,1030339000,20220225,SYRIAN,SYR,IRANIAN,IRN,190,재래식 군사력 사용,19,4,-10.0,21,1,21,-3.57518401682439,Russia,RS,https://strategypage.com/qnd/russia/articles/20220225.aspx
20220225,1030354535,20220225,ISRAEL,ISR,IRANIAN,IRN,190,재래식 군사력 사용,19,4,-10.0,1,1,1,-2.73556231003039,"Gaza, Israel (general), Israel",IS,https://en.qantara.de/content/ukraine-conflict-turkey-and-israel-eye-co-operation-in-central-asia
20220225,1030354536,20220225,ISRAELI,ISR,IRANIAN,IRN,190,재래식 군사력 사용,19,4,-10.0,1,1,1,-2.73556231003039,"Gaza, Israel (general), Israel",IS,https://en.qantara.de/content/ukraine-conflict-turkey-and-israel-eye-co-operation-in-central-asia
20220225,1030354537,20220225,ISRAELI,ISR,IRANIAN,IRN,190,재래식 군사력 사용,19,4,-10.0,8,1,8,-2.73556231003039,Iran,IR,https://en.qantara.de/content/ukraine-conflict-turkey-and-israel-eye-co-operation-in-central-asia
20220225,1030354792,20220225,PALESTINIAN,PSE,ISRAEL,ISR,192,영토 점령,19,4,-9.5,2,1,2,-12.7659574468085,"Jerusalem, Israel (general), Israel",IS,https://english.aawsat.com/home/article/3496101/palestinians-warn-against-israel%E2%80%99s-exploitation-world%E2%80%99s-preoccupation-ukraine
20220225,1030381057,20220225,SAUDI,SAU,YEMEN,YEM,193,소형무기·경무기를 이용한 전투,19,4,-10.0,8,4,8,-3.79310344827586,"Harad, ?ajjah, Yemen",YM,https://www.europesun.com/news/272335741/yemeni-forces-bring-down-american-drone
20220225,1030381058,20220225,SAUDI ARABIA,SAU,YEMEN,YEM,193,소형무기·경무기를 이용한 전투,19,4,-10.0,4,4,4,-3.79310344827586,Saudi Arabia,SA,https://www.europesun.com/news/272335741/yemeni-forces-bring-down-american-drone
20220225,1030381059,20220225,SAUDI,SAU,YEMEN,YEM,195,공중무기 사용,19,4,-10.0,12,4,12,-3.79310344827586,Saudi Arabia,SA,https://www.europesun.com/news/272335741/yemeni-forces-bring-down-american-drone
20220225,1030381485,20220225,YEMEN,YEM,SAUDI,SAU,193,소형무기·경무기를 이용한 전투,19,4,-10.0,8,4,8,-3.79310344827586,"Harad, ?ajjah, Yemen",YM,https://www.europesun.com/news/272335741/yemeni-forces-bring-down-american-drone
20220225,1030381486,20220225,YEMEN,YEM,SAUDI ARABIA,SAU,193,소형무기·경무기를 이용한 전투,19,4,-10.0,4,4,4,-3.79310344827586,Saudi Arabia,SA,https://www.europesun.com/news/272335741/yemeni-forces-bring-down-american-drone
20220225,1030382394,20220225,ISRAEL,ISR,DAMASCUS,SYR,195,공중무기 사용,19,4,-10.0,6,2,6,-2.82259440400364,"Tel Aviv, Tel Aviv, Israel",IS,https://www.bicom.org.uk/news/foreign-minister-lapid-russian-attack-is-a-serious-violation-of-the-international-order/
20220225,1030382910,20220225,SYRIAN,SYR,ISRAEL,ISR,190,재래식 군사력 사용,19,4,-10.0,9,2,9,-2.82259440400364,"Tel Aviv, Tel Aviv, Israel",IS,https://www.bicom.org.uk/news/foreign-minister-lapid-russian-attack-is-a-serious-violation-of-the-international-order/
20220225,1030382911,20220225,SYRIAN,SYR,ISRAEL,ISR,190,재래식 군사력 사용,19,4,-10.0,1,1,1,-2.1875,Russia,RS,https://www.bicom.org.uk/news/foreign-minister-lapid-russian-attack-is-a-serious-violation-of-the-international-order/
20220225,1030382912,20220225,SYRIA,SYR,ISRAEL,ISR,190,재래식 군사력 사용,19,4,-10.0,1,1,1,-2.1875,Russia,RS,https://www.bicom.org.uk/news/foreign-minister-lapid-russian-attack-is-a-serious-violation-of-the-international-order/
20220225,1030389324,20220225,ISRAELI,ISR,SYRIAN,SYR,194,포병·전차를 이용한 전투,19,4,-10.0,10,1,10,-2.73972602739726,Iran,IR,https://www.democracynow.org/2022/2/25/headlines/missiles_hit_near_damascus_in_4th_israeli_airstrike_on_syria_this_month
20220225,1030389325,20220225,ISRAEL,ISR,SYRIA,SYR,190,재래식 군사력 사용,19,4,-10.0,1,1,1,-2.73972602739726,Israel,IS,https://www.democracynow.org/2022/2/25/headlines/missiles_hit_near_damascus_in_4th_israeli_airstrike_on_syria_this_month
20220225,1030389326,20220225,ISRAEL,ISR,SYRIAN,SYR,190,재래식 군사력 사용,19,4,-10.0,2,1,2,-2.73972602739726,"Quneitra, Al Qunaytirah, Syria",SY,https://www.democracynow.org/2022/2/25/headlines/missiles_hit_near_damascus_in_4th_israeli_airstrike_on_syria_this_month
20220225,1030398265,20220225,IRAQ,IRQ,SYRIA,SYR,190,재래식 군사력 사용,19,4,-10.0,1,1,1,-4.13333333333333,Syria,SY,https://www.globaltimes.cn/page/202202/1253228.shtml
20220225,1030398266,20220225,IRAQ,IRQ,SYRIA,SYR,190,재래식 군사력 사용,19,4,-10.0,1,1,1,-4.13333333333333,Libya,LY,https://www.globaltimes.cn/page/202202/1253228.shtml
20220225,1030398267,20220225,IRAQ,IRQ,SYRIA,SYR,190,재래식 군사력 사용,19,4,-10.0,3,1,3,-4.13333333333333,Syria,SY,https://www.globaltimes.cn/page/202202/1253228.shtml
20220225,1030398268,20220225,IRAQ,IRQ,YEMEN,YEM,190,재래식 군사력 사용,19,4,-10.0,1,1,1,-4.13333333333333,Libya,LY,https://www.globaltimes.cn/page/202202/1253228.shtml
20220225,1030398269,20220225,IRAQ,IRQ,YEMEN,YEM,190,재래식 군사력 사용,19,4,-10.0,1,1,1,-4.13333333333333,Syria,SY,https://www.globaltimes.cn/page/202202/1253228.shtml
20220225,1030398270,20220225,IRAQ,IRQ,YEMEN,YEM,190,재래식 군사력 사용,19,4,-10.0,3,1,3,-4.13333333333333,Syria,SY,https://www.globaltimes.cn/page/202202/1253228.shtml
20220225,1030398912,20220225,SYRIA,SYR,IRAQ,IRQ,190,재래식 군사력 사용,19,4,-10.0,1,1,1,-4.13333333333333,Syria,SY,https://www.globaltimes.cn/page/202202/1253228.shtml
20220225,1030398913,20220225,SYRIA,SYR,IRAQ,IRQ,190,재래식 군사력 사용,19,4,-10.0,1,1,1,-4.13333333333333,Libya,LY,https://www.globaltimes.cn/page/202202/1253228.shtml
20220225,1030398914,20220225,SYRIA,SYR,IRAQ,IRQ,190,재래식 군사력 사용,19,4,-10.0,3,1,3,-4.13333333333333,Syria,SY,https://www.globaltimes.cn/page/202202/1253228.shtml
20220225,1030398923,20220225,SYRIA,SYR,YEMEN,YEM,190,재래식 군사력 사용,19,4,-10.0,1,1,1,-4.13333333333333,Syria,SY,https://www.globaltimes.cn/page/202202/1253228.shtml
20220225,1030398924,20220225,SYRIA,SYR,YEMEN,YEM,190,재래식 군사력 사용,19,4,-10.0,1,1,1,-4.13333333333333,Libya,LY,https://www.globaltimes.cn/page/202202/1253228.shtml
20220225,1030398925,20220225,SYRIA,SYR,YEMEN,YEM,190,재래식 군사력 사용,19,4,-10.0,3,1,3,-4.13333333333333,Syria,SY,https://www.globaltimes.cn/page/202202/1253228.shtml
20220225,1030399440,20220225,YEMEN,YEM,IRAQ,IRQ,190,재래식 군사력 사용,19,4,-10.0,1,1,1,-4.13333333333333,Libya,LY,https://www.globaltimes.cn/page/202202/1253228.shtml
20220225,1030399441,20220225,YEMEN,YEM,IRAQ,IRQ,190,재래식 군사력 사용,19,4,-10.0,1,1,1,-4.13333333333333,Syria,SY,https://www.globaltimes.cn/page/202202/1253228.shtml
20220225,1030399442,20220225,YEMEN,YEM,IRAQ,IRQ,190,재래식 군사력 사용,19,4,-10.0,3,1,3,-4.13333333333333,Syria,SY,https://www.globaltimes.cn/page/202202/1253228.shtml
20220225,1030399455,20220225,YEMEN,YEM,SYRIA,SYR,190,재래식 군사력 사용,19,4,-10.0,1,1,1,-4.13333333333333,Libya,LY,https://www.globaltimes.cn/page/202202/1253228.shtml
20220225,1030399456,20220225,YEMEN,YEM,SYRIA,SYR,190,재래식 군사력 사용,19,4,-10.0,1,1,1,-4.13333333333333,Syria,SY,https://www.globaltimes.cn/page/202202/1253228.shtml
20220225,1030399457,20220225,YEMEN,YEM,SYRIA,SYR,190,재래식 군사력 사용,19,4,-10.0,3,1,3,-4.13333333333333,Syria,SY,https://www.globaltimes.cn/page/202202/1253228.shtml
20220225,1030413630,20220225,IRANIAN,IRN,SYRIA,SYR,190,재래식 군사력 사용,19,4,-10.0,1,1,1,-4.51866404715128,"Jerusalem, Israel (general), Israel",IS,https://www.al-monitor.com/originals/2022/02/israel-reluctantly-condemns-russia-over-ukraine
20220225,1030413631,20220225,IRANIAN,IRN,SYRIA,SYR,190,재래식 군사력 사용,19,4,-10.0,1,1,1,-4.51866404715128,Iran,IR,https://www.al-monitor.com/originals/2022/02/israel-reluctantly-condemns-russia-over-ukraine
20220225,1030420355,20220225,SYRIAN,SYR,ISRAEL,ISR,190,재래식 군사력 사용,19,4,-10.0,1,1,1,-3.45768880800728,"Damascus, Dimashq, Syria",SY,https://ejpress.org/israels-pm-speaks-with-ukrainian-president-zelensky/
20220225,1030428469,20220225,ISRAEL,ISR,HAMAS,PSE,194,포병·전차를 이용한 전투,19,4,-10.0,6,1,6,-4.49438202247191,"Jerusalem, Israel (general), Israel",IS,https://news.yahoo.com/two-old-photos-show-israeli-172143720.html
20220225,1030428470,20220225,ISRAEL,ISR,HAMAS,PSE,194,포병·전차를 이용한 전투,19,4,-10.0,2,1,2,-4.49438202247191,"Jerusalem, Israel (general), Israel",IS,https://news.yahoo.com/two-old-photos-show-israeli-172143720.html
20220225,1030428471,20220225,ISRAEL,ISR,HAMAS,PSE,194,포병·전차를 이용한 전투,19,4,-10.0,2,1,2,-4.49438202247191,"Gaza, Israel (general), Israel",IS,https://news.yahoo.com/two-old-photos-show-israeli-172143720.html
20220225,1030431157,20220225,ISRAEL,ISR,SYRIA,SYR,190,재래식 군사력 사용,19,4,-10.0,6,1,6,-6.8988173455979,"Damascus, Dimashq, Syria",SY,https://www.middleeasteye.net/news/middle-east-stories-missed-russia-ukraine-war
20220225,1030431158,20220225,ISRAEL,ISR,SYRIA,SYR,190,재래식 군사력 사용,19,4,-10.0,2,1,2,-6.8988173455979,Israel,IS,https://www.middleeasteye.net/news/middle-east-stories-missed-russia-ukraine-war
20220225,1030431159,20220225,ISRAEL,ISR,SYRIA,SYR,190,재래식 군사력 사용,19,4,-10.0,2,1,2,-6.8988173455979,Israel,IS,https://www.middleeasteye.net/news/middle-east-stories-missed-russia-ukraine-war
20220225,1030431160,20220225,ISRAEL,ISR,SYRIA,SYR,195,공중무기 사용,19,4,-10.0,2,1,2,-6.8988173455979,Israel,IS,https://www.middleeasteye.net/news/middle-east-stories-missed-russia-ukraine-war
20220225,1030431161,20220225,ISRAEL,ISR,SYRIAN,SYR,195,공중무기 사용,19,4,-10.0,1,1,1,-6.8988173455979,Israel,IS,https://www.middleeasteye.net/news/middle-east-stories-missed-russia-ukraine-war
20220225,1030457822,20220225,IRANIAN,IRN,ALEPPO,SYR,192,영토 점령,19,4,-9.5,8,1,8,-4.56968773800457,"Aleppo, ?alab, Syria",SY,https://en.qantara.de/content/putin-assad-and-the-fall-of-aleppo-masters-of-disinformation
20220225,1030465099,20220225,PALESTINIAN,PSE,ISRAEL,ISR,193,소형무기·경무기를 이용한 전투,19,4,-10.0,2,1,2,-10.1941747572815,"Beit Dajan, HaMerkaz, Israel",IS,https://www.presstv.ir/Detail/2022/02/25/677539/Israeli-forces-quell-protest-Sheikh-Jarrah
20220225,1030469438,20220225,PALESTINE,PSE,ISRAEL,ISR,163,금수·보이콧·제재 부과,16,4,-8.0,4,1,4,-2.75482093663912,Israel,IS,http://english.pnn.ps/2022/02/25/harvard-out-of-occupied-palestine-urges-students-to-boycott-israel-trek/
20220226,1030491677,20220226,HAMAS,PSE,ISRAELI,ISR,194,포병·전차를 이용한 전투,19,4,-10.0,1,1,1,-6.59459459459459,"Jerusalem, Israel (general), Israel",IS,https://www.msn.com/en-us/news/world/shocking-failure-of-west-on-display-in-not-preventing-ukraine-war-analysis/ar-AAUjV0W
20220226,1030491678,20220226,HAMAS,PSE,ISRAELI,ISR,194,포병·전차를 이용한 전투,19,4,-10.0,1,1,1,-6.59459459459459,Iran,IR,https://www.msn.com/en-us/news/world/shocking-failure-of-west-on-display-in-not-preventing-ukraine-war-analysis/ar-AAUjV0W
20220226,1030491679,20220226,HAMAS,PSE,ISRAELI,ISR,194,포병·전차를 이용한 전투,19,4,-10.0,4,1,4,-6.59459459459459,"Jerusalem, Israel (general), Israel",IS,https://www.msn.com/en-us/news/world/shocking-failure-of-west-on-display-in-not-preventing-ukraine-war-analysis/ar-AAUjV0W
20220226,1030491680,20220226,HAMAS,PSE,ISRAEL,ISR,194,포병·전차를 이용한 전투,19,4,-10.0,1,1,1,-6.59459459459459,Iran,IR,https://www.msn.com/en-us/news/world/shocking-failure-of-west-on-display-in-not-preventing-ukraine-war-analysis/ar-AAUjV0W
20220226,1030508295,20220226,SYRIAN,SYR,TURKEY,TUR,190,재래식 군사력 사용,19,4,-10.0,4,1,4,-1.29277566539924,Ukraine,UP,http://www.msn.com/en-us/news/world/multiple-eastern-european-countries-triggered-nato-s-article-4-here-s-what-that-means/ar-AAUk8bN
20220226,1030508296,20220226,SYRIAN,SYR,TURKISH,TUR,190,재래식 군사력 사용,19,4,-10.0,32,4,32,-1.32138892287165,Syria,SY,http://www.msn.com/en-us/news/world/multiple-eastern-european-countries-triggered-nato-s-article-4-here-s-what-that-means/ar-AAUk8bN
20220226,1030508297,20220226,SYRIA,SYR,TURKEY,TUR,190,재래식 군사력 사용,19,4,-10.0,10,4,10,-1.32138892287165,Turkey,TU,http://www.msn.com/en-us/news/world/multiple-eastern-european-countries-triggered-nato-s-article-4-here-s-what-that-means/ar-AAUk8bN
20220226,1030508306,20220226,TURKEY,TUR,SYRIAN,SYR,190,재래식 군사력 사용,19,4,-10.0,2,1,2,-1.29277566539924,Iraq,IZ,http://www.msn.com/en-us/news/world/multiple-eastern-european-countries-triggered-nato-s-article-4-here-s-what-that-means/ar-AAUk8bN
20220226,1030508307,20220226,TURKEY,TUR,SYRIAN,SYR,190,재래식 군사력 사용,19,4,-10.0,21,4,21,-1.32138892287165,Syria,SY,http://www.msn.com/en-us/news/world/multiple-eastern-european-countries-triggered-nato-s-article-4-here-s-what-that-means/ar-AAUk8bN
20220226,1030508308,20220226,TURKEY,TUR,SYRIA,SYR,194,포병·전차를 이용한 전투,19,4,-10.0,2,1,2,-1.29277566539924,Iraq,IZ,http://www.msn.com/en-us/news/world/multiple-eastern-european-countries-triggered-nato-s-article-4-here-s-what-that-means/ar-AAUk8bN
20220226,1030508309,20220226,TURKEY,TUR,SYRIAN,SYR,194,포병·전차를 이용한 전투,19,4,-10.0,21,4,21,-1.32138892287165,Syria,SY,http://www.msn.com/en-us/news/world/multiple-eastern-european-countries-triggered-nato-s-article-4-here-s-what-that-means/ar-AAUk8bN
20220226,1030528776,20220226,PALESTINIAN,PSE,ISRAELI,ISR,190,재래식 군사력 사용,19,4,-10.0,2,1,2,-10.2888086642599,"Beit Dajan, HaMerkaz, Israel",IS,https://www.tasnimnews.com/en/news/2022/02/26/2672813/israeli-forces-attack-activists-attending-rally-in-sheikh-jarrah-neighborhood
20220226,1030528777,20220226,PALESTINIAN,PSE,ISRAELI,ISR,193,소형무기·경무기를 이용한 전투,19,4,-10.0,2,1,2,-10.2888086642599,"Beit Dajan, HaMerkaz, Israel",IS,https://www.tasnimnews.com/en/news/2022/02/26/2672813/israeli-forces-attack-activists-attending-rally-in-sheikh-jarrah-neighborhood
20220226,1030530663,20220226,SYRIAN,SYR,TURKEY,TUR,190,재래식 군사력 사용,19,4,-10.0,4,2,4,-1.37721247888397,Turkey,TU,https://www.businessinsider.in/politics/world/news/multiple-eastern-european-countries-triggered-natos-article-4-heres-what-that-means-/articleshow/89840727.cms
20220226,1030530666,20220226,TURKEY,TUR,SYRIAN,SYR,190,재래식 군사력 사용,19,4,-10.0,2,2,2,-1.37721247888397,Turkey,TU,https://www.businessinsider.in/politics/world/news/multiple-eastern-european-countries-triggered-natos-article-4-heres-what-that-means-/articleshow/89840727.cms
20220226,1030530667,20220226,TURKEY,TUR,SYRIA,SYR,194,포병·전차를 이용한 전투,19,4,-10.0,2,2,2,-1.37721247888397,Syria,SY,https://www.businessinsider.in/politics/world/news/multiple-eastern-european-countries-triggered-natos-article-4-heres-what-that-means-/articleshow/89840727.cms
20220226,1030531567,20220226,HAMAS,PSE,ISRAELI,ISR,194,포병·전차를 이용한 전투,19,4,-10.0,2,1,2,-6.86164229471316,Israel,IS,https://www.jpost.com/international/article-698675
20220226,1030531568,20220226,HAMAS,PSE,ISRAELI,ISR,194,포병·전차를 이용한 전투,19,4,-10.0,5,1,5,-6.86164229471316,Israel,IS,https://www.jpost.com/international/article-698675
20220226,1030540197,20220226,YEMEN,YEM,SAUDI,SAU,190,재래식 군사력 사용,19,4,-10.0,2,1,2,-7.83582089552239,"Hajjah, ?ajjah, Yemen",YM,"https://www.presstv.ir/Detail/2022/02/26/677553/Yemeni-forces-inflict-massive-losses-on-Saudi-mercenaries-in-Hajjah,-kill-senior-militant-commander"
20220226,1030540198,20220226,YEMEN,YEM,SAUDI,SAU,195,공중무기 사용,19,4,-10.0,2,1,2,-7.83582089552239,"Hajjah, ?ajjah, Yemen",YM,"https://www.presstv.ir/Detail/2022/02/26/677553/Yemeni-forces-inflict-massive-losses-on-Saudi-mercenaries-in-Hajjah,-kill-senior-militant-commander"
20220226,1030560216,20220226,SYRIA,SYR,QATAR,QAT,190,재래식 군사력 사용,19,4,-10.0,1,1,1,-5.58598028477546,"Washington, District of Columbia, United States",US,https://www.msn.com/en-in/news/world/ukraine-should-realise-the-folly-of-nato-tilt-and-resume-talks-with-putin-s-russia/ar-AAUkvY0
20220226,1030560217,20220226,SYRIA,SYR,QATARI,QAT,190,재래식 군사력 사용,19,4,-10.0,3,1,3,-5.58598028477546,Syria,SY,https://www.msn.com/en-in/news/world/ukraine-should-realise-the-folly-of-nato-tilt-and-resume-talks-with-putin-s-russia/ar-AAUkvY0
20220226,1030565073,20220226,GAZA,PSE,ISRAEL,ISR,194,포병·전차를 이용한 전투,19,4,-10.0,20,1,10,-0.56818181818182,Gaza Strip,GZ,https://www.jpost.com/breaking-news/article-698691
20220226,1030577148,20220226,ISRAELI,ISR,PALESTINIAN,PSE,190,재래식 군사력 사용,19,4,-10.0,1,1,1,-1.68258299226922,"Michigan, United States",US,https://www.timesofisrael.com/palestinian-activist-huwaida-arraf-wants-a-seat-in-us-congress-for-michigan/
20220226,1030577149,20220226,ISRAELI,ISR,PALESTINIAN,PSE,190,재래식 군사력 사용,19,4,-10.0,2,1,2,-1.68258299226922,"Jerusalem, Israel (general), Israel",IS,https://www.timesofisrael.com/palestinian-activist-huwaida-arraf-wants-a-seat-in-us-congress-for-michigan/
20220226,1030577150,20220226,ISRAEL,ISR,PALESTINIAN,PSE,190,재래식 군사력 사용,19,4,-10.0,1,1,1,-1.68258299226922,"Michigan, United States",US,https://www.timesofisrael.com/palestinian-activist-huwaida-arraf-wants-a-seat-in-us-congress-for-michigan/
20220226,1030577151,20220226,ISRAEL,ISR,PALESTINIAN,PSE,190,재래식 군사력 사용,19,4,-10.0,8,1,8,-1.68258299226922,"Jerusalem, Israel (general), Israel",IS,https://www.timesofisrael.com/palestinian-activist-huwaida-arraf-wants-a-seat-in-us-congress-for-michigan/
20220226,1030577154,20220226,ISRAELI,ISR,PALESTINIAN,PSE,190,재래식 군사력 사용,19,4,-10.0,6,1,6,-1.68258299226922,"Gaza, Israel (general), Israel",IS,https://www.timesofisrael.com/palestinian-activist-huwaida-arraf-wants-a-seat-in-us-congress-for-michigan/
20220226,1030577306,20220226,PALESTINIAN,PSE,ISRAELI,ISR,190,재래식 군사력 사용,19,4,-10.0,1,1,1,-1.68258299226922,"Jerusalem, Israel (general), Israel",IS,https://www.timesofisrael.com/palestinian-activist-huwaida-arraf-wants-a-seat-in-us-congress-for-michigan/
20220226,1030577307,20220226,PALESTINIAN,PSE,ISRAELI,ISR,190,재래식 군사력 사용,19,4,-10.0,1,1,1,-1.68258299226922,"Michigan, United States",US,https://www.timesofisrael.com/palestinian-activist-huwaida-arraf-wants-a-seat-in-us-congress-for-michigan/
20220226,1030577313,20220226,PALESTINIAN,PSE,ISRAEL,ISR,190,재래식 군사력 사용,19,4,-10.0,2,1,2,-1.68258299226922,"Gaza, Israel (general), Israel",IS,https://www.timesofisrael.com/palestinian-activist-huwaida-arraf-wants-a-seat-in-us-congress-for-michigan/
20220226,1030577314,20220226,PALESTINIAN,PSE,ISRAELI,ISR,190,재래식 군사력 사용,19,4,-10.0,6,1,6,-1.68258299226922,"Gaza, Israel (general), Israel",IS,https://www.timesofisrael.com/palestinian-activist-huwaida-arraf-wants-a-seat-in-us-congress-for-michigan/
20220226,1030581614,20220226,ISRAEL,ISR,PALESTINIAN,PSE,193,소형무기·경무기를 이용한 전투,19,4,-10.0,5,1,5,-3.89610389610389,Israel,IS,https://www.jpost.com/christianworld/article-698709
20220226,1030586501,20220226,ISRAELI,ISR,PALESTINIAN,PSE,190,재래식 군사력 사용,19,4,-10.0,1,1,1,-1.34408602150537,"Hebron, Israel (general), Israel",IS,https://www.middleeastmonitor.com/20220226-plo-banning-palestinians-from-ibrahimi-mosque-a-violation-of-international-law/
20220226,1030586502,20220226,ISRAELI,ISR,PALESTINIAN,PSE,193,소형무기·경무기를 이용한 전투,19,4,-10.0,1,1,1,-1.34408602150537,"Hebron, Israel (general), Israel",IS,https://www.middleeastmonitor.com/20220226-plo-banning-palestinians-from-ibrahimi-mosque-a-violation-of-international-law/
20220226,1030624323,20220226,IRAQI,IRQ,SYRIA,SYR,192,영토 점령,19,4,-9.5,6,1,6,-3.68663594470046,"Damascus, Dimashq, Syria",SY,https://www.al-monitor.com/originals/2022/02/iraqi-populist-cleric-muqtada-al-sadr-calls-russia-ukraine-war-absolutely-useless
20220226,1030624324,20220226,IRAQI,IRQ,SYRIA,SYR,192,영토 점령,19,4,-9.5,4,1,4,-3.68663594470046,"Baghdad, Baghdad, Iraq",IZ,https://www.al-monitor.com/originals/2022/02/iraqi-populist-cleric-muqtada-al-sadr-calls-russia-ukraine-war-absolutely-useless
20220226,1030627890,20220226,ISRAELI,ISR,IRANIAN,IRN,190,재래식 군사력 사용,19,4,-10.0,8,1,8,-1.30925507900677,"New York, United States",US,https://www.israelnationalnews.com/news/322941
20220226,1030627891,20220226,ISRAELI,ISR,IRANIAN,IRN,190,재래식 군사력 사용,19,4,-10.0,2,1,2,-1.30925507900677,"Yerushalayim, Israel (general), Israel",IS,https://www.israelnationalnews.com/news/322941
20220226,1030632605,20220226,IRAN,IRN,IRAQ,IRQ,190,재래식 군사력 사용,19,4,-10.0,3,1,3,-2.65486725663717,"Tel Aviv, Tel Aviv, Israel",IS,https://en.vestikavkaza.ru/analysis/Amid-tensions-in-Europe-the-countries-of-the-Middle-East-make-up-with-each-other.html
20220226,1030632606,20220226,IRAN,IRN,TURKISH,TUR,190,재래식 군사력 사용,19,4,-10.0,2,1,2,-2.65486725663717,"Ankara, Ankara, Turkey",TU,https://en.vestikavkaza.ru/analysis/Amid-tensions-in-Europe-the-countries-of-the-Middle-East-make-up-with-each-other.html
20220226,1030646701,20220226,IRAQ,IRQ,IRANIAN,IRN,190,재래식 군사력 사용,19,4,-10.0,1,1,1,-2.71002710027101,Israel,IS,https://www.arabnews.com/node/2032486/middle-east
20220226,1030646702,20220226,IRAQ,IRQ,IRANIAN,IRN,190,재래식 군사력 사용,19,4,-10.0,1,1,1,-2.71002710027101,Iran,IR,https://www.arabnews.com/node/2032486/middle-east
20220226,1030646705,20220226,ISRAEL,ISR,HAMAS,PSE,192,영토 점령,19,4,-9.5,1,1,1,-1.72413793103448,"Gaza, Israel (general), Israel",IS,https://www.bignewsnetwork.com/news/272340028/feature-gazans-resort-to-musicotherapy-to-reduce-psychological-stress
20220226,1030646706,20220226,ISRAEL,ISR,HAMAS,PSE,192,영토 점령,19,4,-9.5,7,1,7,-1.72413793103448,Gaza Strip,GZ,https://www.bignewsnetwork.com/news/272340028/feature-gazans-resort-to-musicotherapy-to-reduce-psychological-stress
20220227,1030653097,20220227,ISRAEL,ISR,HAMAS,PSE,192,영토 점령,19,4,-9.5,10,4,10,-1.91781993091356,"Gaza, Israel (general), Israel",IS,http://www.xinhuanet.com/english/20220227/c7d517b344c0458bb1d4ea9a0d68e5cd/c.html
20220227,1030653098,20220227,ISRAEL,ISR,HAMAS,PSE,192,영토 점령,19,4,-9.5,21,3,21,-1.72167135316462,Gaza Strip,GZ,http://www.xinhuanet.com/english/20220227/c7d517b344c0458bb1d4ea9a0d68e5cd/c.html
20220227,1030660548,20220227,ISRAEL,ISR,HAMAS,PSE,192,영토 점령,19,4,-9.5,1,1,1,-2.5062656641604,Gaza Strip,GZ,http://www.news.cn/english/20220227/c7d517b344c0458bb1d4ea9a0d68e5cd/c.html
20220227,1030675825,20220227,ISRAEL,ISR,WEST BANK,PSE,193,소형무기·경무기를 이용한 전투,19,4,-10.0,4,1,4,-8.23045267489712,"Gaza City, Israel (general), Israel",IS,https://www.jpost.com/middle-east/article-698761
20220227,1030675953,20220227,PALESTINIAN,PSE,ISRAEL,ISR,193,소형무기·경무기를 이용한 전투,19,4,-10.0,2,1,2,-8.23045267489712,"Nablus, West Bank (general), West Bank",WE,https://www.jpost.com/middle-east/article-698761
20220227,1030675954,20220227,PALESTINIAN,PSE,ISRAEL,ISR,193,소형무기·경무기를 이용한 전투,19,4,-10.0,2,1,2,-8.23045267489712,"Nablus, West Bank (general), West Bank",WE,https://www.jpost.com/middle-east/article-698761
20220227,1030678724,20220227,ISRAELI,ISR,SYRIA,SYR,193,소형무기·경무기를 이용한 전투,19,4,-10.0,4,1,4,-5.32319391634981,Israel,IS,https://menafn.com/1103768098/UK-Israel-missiles-hit-Syria-town-on-Golan-truce-line&source=22
20220227,1030678725,20220227,ISRAELI,ISR,DAMASCUS,SYR,193,소형무기·경무기를 이용한 전투,19,4,-10.0,16,1,16,-5.32319391634981,"Damascus, Dimashq, Syria",SY,https://menafn.com/1103768098/UK-Israel-missiles-hit-Syria-town-on-Golan-truce-line&source=22
20220227,1030679036,20220227,SYRIAN,SYR,ISRAEL,ISR,194,포병·전차를 이용한 전투,19,4,-10.0,20,1,20,-5.32319391634981,Israel,IS,https://menafn.com/1103768098/UK-Israel-missiles-hit-Syria-town-on-Golan-truce-line&source=22
20220227,1030682819,20220227,SYRIAN,SYR,TURKISH,TUR,190,재래식 군사력 사용,19,4,-10.0,10,1,10,-4.06698564593301,"Idlib, Idlib, Syria",SY,https://english.newsnationtv.com/religion/dharm/aaj-ka-panchang-27-february-2022-vijay-ekadashi-shubh-muhurt-rahukaal-hindu-and-nakshatra-dharm-latest-news-254374.html
20220227,1030702795,20220227,PALESTINIAN,PSE,ISRAEL,ISR,190,재래식 군사력 사용,19,4,-10.0,2,1,2,-9.41072999120496,"Jerusalem, Israel (general), Israel",IS,https://www.jpost.com/israel-news/article-698780
20220227,1030702796,20220227,PALESTINIAN,PSE,ISRAEL,ISR,193,소형무기·경무기를 이용한 전투,19,4,-10.0,6,1,4,-9.41072999120496,"Jerusalem, Israel (general), Israel",IS,https://www.jpost.com/israel-news/article-698780
20220227,1030715670,20220227,ISRAELI,ISR,IRAQ,IRQ,195,공중무기 사용,19,4,-10.0,2,1,2,-0.0680735194009499,"Modiin, Israel (general), Israel",IS,https://www.haaretz.com/israel-news/.premium-how-bambino-the-magician-became-an-antiquities-trader-in-israel-1.10633114
20220227,1030715671,20220227,ISRAELI,ISR,IRAQ,IRQ,195,공중무기 사용,19,4,-10.0,2,1,2,-0.0680735194009499,Iraq,IZ,https://www.haaretz.com/israel-news/.premium-how-bambino-the-magician-became-an-antiquities-trader-in-israel-1.10633114
20220227,1030715695,20220227,ISRAELI,ISR,IRAQ,IRQ,195,공중무기 사용,19,4,-10.0,6,1,6,-0.0680735194009499,"Ben-Gurion, HaMerkaz, Israel",IS,https://www.haaretz.com/israel-news/.premium-how-bambino-the-magician-became-an-antiquities-trader-in-israel-1.10633114
20220227,1030721444,20220227,HAMAS,PSE,ISRAELI,ISR,190,재래식 군사력 사용,19,4,-10.0,2,1,2,-2.57978723404255,"Hebron, Israel (general), Israel",IS,http://www.slguardian.org/search/label/Yossi%20Melman
20220227,1030721445,20220227,HAMAS,PSE,ISRAELI,ISR,190,재래식 군사력 사용,19,4,-10.0,3,1,3,-2.57978723404255,"Hebron, Israel (general), Israel",IS,http://www.slguardian.org/search/label/Yossi%20Melman
20220227,1030724914,20220227,ISRAELI,ISR,SYRIA,SYR,190,재래식 군사력 사용,19,4,-10.0,1,1,1,-2.14477211796246,"Damascus, Dimashq, Syria",SY,https://www.timesofisrael.com/russia-says-military-coordination-with-israel-in-syria-will-continue-as-usual/
20220227,1030724915,20220227,ISRAELI,ISR,SYRIAN,SYR,190,재래식 군사력 사용,19,4,-10.0,6,1,6,-2.14477211796246,"Damascus, Dimashq, Syria",SY,https://www.timesofisrael.com/russia-says-military-coordination-with-israel-in-syria-will-continue-as-usual/
20220227,1030724916,20220227,ISRAELI,ISR,SYRIA,SYR,190,재래식 군사력 사용,19,4,-10.0,1,1,1,-2.14477211796246,"Jerusalem, Israel (general), Israel",IS,https://www.timesofisrael.com/russia-says-military-coordination-with-israel-in-syria-will-continue-as-usual/
20220227,1030725084,20220227,PALESTINIAN,PSE,ISRAELI,ISR,190,재래식 군사력 사용,19,4,-10.0,8,1,8,-8.90269151138716,"Tel Aviv, Tel Aviv, Israel",IS,https://www.presstv.ir/Detail/2022/02/27/677633/Israel-Palestinians-Nablus-Protest
20220227,1030727044,20220227,LEBANON,LBN,HAMAS,PSE,190,재래식 군사력 사용,19,4,-10.0,4,1,4,-5.63380281690141,Lebanon,LE,https://www.clevelandjewishnews.com/jns/hamas-hezbollah-leaders-meet-in-lebanon-to-discuss-israel/article_504c1edd-83ee-5751-aaf9-a18a85e86cec.html
20220227,1030727154,20220227,HAMAS,PSE,LEBANON,LBN,190,재래식 군사력 사용,19,4,-10.0,4,1,4,-5.63380281690141,Lebanon,LE,https://www.clevelandjewishnews.com/jns/hamas-hezbollah-leaders-meet-in-lebanon-to-discuss-israel/article_504c1edd-83ee-5751-aaf9-a18a85e86cec.html
20220227,1030735113,20220227,IRAN,IRN,IRAQ,IRQ,190,재래식 군사력 사용,19,4,-10.0,6,1,6,-6.62650602409639,Japan,JA,https://tucson.com/opinion/local/local-opinion-munich-and-ukraine-true-and-false-analogies/article_bf3cf784-969e-11ec-8409-97833508922f.html
20220227,1030735114,20220227,IRAN,IRN,IRAQ,IRQ,190,재래식 군사력 사용,19,4,-10.0,2,1,2,-6.62650602409639,Japan,JA,https://tucson.com/opinion/local/local-opinion-munich-and-ukraine-true-and-false-analogies/article_bf3cf784-969e-11ec-8409-97833508922f.html
20220227,1030735115,20220227,IRAN,IRN,IRAQ,IRQ,190,재래식 군사력 사용,19,4,-10.0,2,1,2,-6.62650602409639,Iraq,IZ,https://tucson.com/opinion/local/local-opinion-munich-and-ukraine-true-and-false-analogies/article_bf3cf784-969e-11ec-8409-97833508922f.html
20220227,1030735126,20220227,IRAQ,IRQ,IRAN,IRN,190,재래식 군사력 사용,19,4,-10.0,6,1,6,-6.62650602409639,Japan,JA,https://tucson.com/opinion/local/local-opinion-munich-and-ukraine-true-and-false-analogies/article_bf3cf784-969e-11ec-8409-97833508922f.html
20220227,1030735127,20220227,IRAQ,IRQ,IRAN,IRN,190,재래식 군사력 사용,19,4,-10.0,2,1,2,-6.62650602409639,Japan,JA,https://tucson.com/opinion/local/local-opinion-munich-and-ukraine-true-and-false-analogies/article_bf3cf784-969e-11ec-8409-97833508922f.html
20220227,1030735128,20220227,IRAQ,IRQ,IRAN,IRN,190,재래식 군사력 사용,19,4,-10.0,2,1,2,-6.62650602409639,Iraq,IZ,https://tucson.com/opinion/local/local-opinion-munich-and-ukraine-true-and-false-analogies/article_bf3cf784-969e-11ec-8409-97833508922f.html
20220227,1030735142,20220227,ISRAEL,ISR,GAZA,PSE,163,금수·보이콧·제재 부과,16,4,-8.0,2,1,2,-3.82081686429512,"Moscow, Moskva, Russia",RS,https://www.timesofisrael.com/pa-silent-on-ukraine-as-hamas-official-declares-end-of-american-domination/
20220227,1030735298,20220227,GAZA,PSE,ISRAEL,ISR,163,금수·보이콧·제재 부과,16,4,-8.0,2,1,2,-3.82081686429512,"Gaza City, Israel (general), Israel",IS,https://www.timesofisrael.com/pa-silent-on-ukraine-as-hamas-official-declares-end-of-american-domination/
20220227,1030746345,20220227,IRANIAN,IRN,LEBANON,LBN,154,군 병력 동원·증강,15,4,-7.2,2,1,2,-1.35135135135136,Iran,IR,https://www.washingtonpost.com/world/2022/02/27/ukraine-israel-russia-negotiations/
20220227,1030746346,20220227,IRANIAN,IRN,LEBANON,LBN,154,군 병력 동원·증강,15,4,-7.2,3,1,3,-1.35135135135136,Lebanon,LE,https://www.washingtonpost.com/world/2022/02/27/ukraine-israel-russia-negotiations/
20220227,1030760154,20220227,PALESTINIAN,PSE,ISRAELI,ISR,163,금수·보이콧·제재 부과,16,4,-8.0,2,1,2,-10.801393728223,Israel,IS,https://www.presstv.ir/Detail/2022/02/27/677640/Palestine-Israeli-jails-prisoners-boycott--court-hearings-administrative-detention-protest
20220227,1030760156,20220227,PALESTINIAN,PSE,ISRAELI,ISR,163,금수·보이콧·제재 부과,16,4,-8.0,2,1,2,-10.801393728223,Israel,IS,https://www.presstv.ir/Detail/2022/02/27/677640/Palestine-Israeli-jails-prisoners-boycott--court-hearings-administrative-detention-protest
20220227,1030764479,20220227,PALESTINIAN,PSE,ISRAEL,ISR,190,재래식 군사력 사용,19,4,-10.0,1,1,1,-10.5660377358491,"Jerusalem, Israel (general), Israel",IS,https://www.i24news.tv/en/news/israel/defense/1645965385-second-degree-murder-trial-of-jerusalem-police-officer-opens
20220227,1030769446,20220227,ISRAEL,ISR,LEBANON,LBN,190,재래식 군사력 사용,19,4,-10.0,2,1,2,-5.29801324503311,"Sheikh Jarrah, Yerushalayim, Israel",IS,https://www.jns.org/hamas-hezbollah-leaders-meet-in-lebanon-to-discuss-israel/
20220227,1030769447,20220227,ISRAEL,ISR,HAMAS,PSE,190,재래식 군사력 사용,19,4,-10.0,2,1,2,-5.29801324503311,"Sheikh Jarrah, Yerushalayim, Israel",IS,https://www.jns.org/hamas-hezbollah-leaders-meet-in-lebanon-to-discuss-israel/
20220227,1030769486,20220227,LEBANON,LBN,ISRAEL,ISR,190,재래식 군사력 사용,19,4,-10.0,2,1,2,-5.29801324503311,"Sheikh Jarrah, Yerushalayim, Israel",IS,https://www.jns.org/hamas-hezbollah-leaders-meet-in-lebanon-to-discuss-israel/
20220227,1030769684,20220227,HAMAS,PSE,ISRAEL,ISR,190,재래식 군사력 사용,19,4,-10.0,2,1,2,-5.29801324503311,"Sheikh Jarrah, Yerushalayim, Israel",IS,https://www.jns.org/hamas-hezbollah-leaders-meet-in-lebanon-to-discuss-israel/
20220228,1030836945,20220228,TURKEY,TUR,SYRIA,SYR,190,재래식 군사력 사용,19,4,-10.0,4,1,4,-4.74452554744525,"Afrin, ?alab, Syria",SY,https://www.kurdistan24.net/en/story/27418-Turkish-drone-targets-Syrian-government-forces-in-northern-Aleppo:-SOHR
20220228,1030836946,20220228,TURKISH,TUR,SYRIA,SYR,190,재래식 군사력 사용,19,4,-10.0,6,1,6,-4.74452554744525,"Erbil, Mardin, Turkey",TU,https://www.kurdistan24.net/en/story/27418-Turkish-drone-targets-Syrian-government-forces-in-northern-Aleppo:-SOHR
20220228,1030871554,20220228,IRAQ,IRQ,SYRIA,SYR,190,재래식 군사력 사용,19,4,-10.0,2,1,2,-4.59770114942528,Iraq,IZ,https://www.9news.com.au/national/australians-warned-not-to-travel-to-ukraine-to-fight-russian-army/37636c4d-57d5-4d53-9f86-35499aa7ec8f
20220228,1030871555,20220228,IRAQ,IRQ,SYRIA,SYR,190,재래식 군사력 사용,19,4,-10.0,2,1,2,-4.59770114942528,Syria,SY,https://www.9news.com.au/national/australians-warned-not-to-travel-to-ukraine-to-fight-russian-army/37636c4d-57d5-4d53-9f86-35499aa7ec8f
20220228,1030871556,20220228,IRAQ,IRQ,SYRIA,SYR,190,재래식 군사력 사용,19,4,-10.0,6,1,6,-4.59770114942528,Syria,SY,https://www.9news.com.au/national/australians-warned-not-to-travel-to-ukraine-to-fight-russian-army/37636c4d-57d5-4d53-9f86-35499aa7ec8f
20220228,1030871906,20220228,SYRIA,SYR,IRAQ,IRQ,190,재래식 군사력 사용,19,4,-10.0,2,1,2,-4.59770114942528,Iraq,IZ,https://www.9news.com.au/national/australians-warned-not-to-travel-to-ukraine-to-fight-russian-army/37636c4d-57d5-4d53-9f86-35499aa7ec8f
20220228,1030871907,20220228,SYRIA,SYR,IRAQ,IRQ,190,재래식 군사력 사용,19,4,-10.0,2,1,2,-4.59770114942528,Syria,SY,https://www.9news.com.au/national/australians-warned-not-to-travel-to-ukraine-to-fight-russian-army/37636c4d-57d5-4d53-9f86-35499aa7ec8f
20220228,1030871908,20220228,SYRIA,SYR,IRAQ,IRQ,190,재래식 군사력 사용,19,4,-10.0,6,1,6,-4.59770114942528,Syria,SY,https://www.9news.com.au/national/australians-warned-not-to-travel-to-ukraine-to-fight-russian-army/37636c4d-57d5-4d53-9f86-35499aa7ec8f
20220228,1030875119,20220228,EGYPT,EGY,TURKEY,TUR,190,재래식 군사력 사용,19,4,-10.0,1,1,1,-1.2135922330097,"Constantinople, Istanbul, Turkey",TU,https://www.fethiyetimes.com/news/44-news/39190-fethiye-commemorates-108-years-since-the-death-of-fethi-bey.html
20220228,1030875120,20220228,ALEXANDRIA,EGY,CONSTANTINOPLE,TUR,190,재래식 군사력 사용,19,4,-10.0,3,1,3,-1.2135922330097,"Fethiye, Bursa, Turkey",TU,https://www.fethiyetimes.com/news/44-news/39190-fethiye-commemorates-108-years-since-the-death-of-fethi-bey.html
20220228,1030875121,20220228,EGYPT,EGY,TURKEY,TUR,190,재래식 군사력 사용,19,4,-10.0,1,1,1,-1.2135922330097,"Constantinople, Istanbul, Turkey",TU,https://www.fethiyetimes.com/news/44-news/39190-fethiye-commemorates-108-years-since-the-death-of-fethi-bey.html
20220228,1030894976,20220228,ISRAELI,ISR,GAZA,PSE,195,공중무기 사용,19,4,-10.0,36,1,36,-5.84958217270195,Israel,IS,https://www.jamaicaobserver.com/history/history_245100?profile=1344
20220228,1030894977,20220228,ISRAEL,ISR,GAZA,PSE,195,공중무기 사용,19,4,-10.0,12,1,12,-5.84958217270195,Israel,IS,https://www.jamaicaobserver.com/history/history_245100?profile=1344
20220228,1030894978,20220228,ISRAELI,ISR,GAZA,PSE,195,공중무기 사용,19,4,-10.0,12,1,12,-5.84958217270195,"Mississippi, United States",US,https://www.jamaicaobserver.com/history/history_245100?profile=1344
20220228,1030904840,20220228,PALESTINIAN,PSE,ISRAELI,ISR,163,금수·보이콧·제재 부과,16,4,-8.0,2,1,2,-11.5456238361267,"Gilboa, Ha?afon, Israel",IS,https://www.presstv.ir/Detail/2022/02/28/677686/Palestinians-stage-protest-support-prisoners-Israeli-jails
20220228,1030904842,20220228,PALESTINIAN,PSE,ISRAELI,ISR,163,금수·보이콧·제재 부과,16,4,-8.0,2,1,2,-11.5456238361267,"Gilboa, Ha?afon, Israel",IS,https://www.presstv.ir/Detail/2022/02/28/677686/Palestinians-stage-protest-support-prisoners-Israeli-jails
20220228,1030905268,20220228,YEMEN,YEM,SAUDI ARABIA,SAU,190,재래식 군사력 사용,19,4,-10.0,1,1,1,-0.8716323296355,"Riyadh, Ar Riya?, Saudi Arabia",SA,https://www.presstv.ir/Detail/2022/02/28/677682/Yemeni-armed-forces-down-ScanEagle-spy-drone-Hajjah
20220228,1030905269,20220228,YEMEN,YEM,SAUDI ARABIA,SAU,190,재래식 군사력 사용,19,4,-10.0,5,1,5,-0.8716323296355,"Hajjah, ?ajjah, Yemen",YM,https://www.presstv.ir/Detail/2022/02/28/677682/Yemeni-armed-forces-down-ScanEagle-spy-drone-Hajjah
20220228,1030905270,20220228,YEMEN,YEM,SAUDI,SAU,190,재래식 군사력 사용,19,4,-10.0,1,1,1,-0.8716323296355,"Harad, Saudi Arabia (general), Saudi Arabia",SA,https://www.presstv.ir/Detail/2022/02/28/677682/Yemeni-armed-forces-down-ScanEagle-spy-drone-Hajjah
20220228,1030905271,20220228,YEMEN,YEM,SAUDI,SAU,190,재래식 군사력 사용,19,4,-10.0,1,1,1,-0.8716323296355,"Marib, Ma'rib, Yemen",YM,https://www.presstv.ir/Detail/2022/02/28/677682/Yemeni-armed-forces-down-ScanEagle-spy-drone-Hajjah
20220228,1030905272,20220228,YEMENI,YEM,SAUDI,SAU,193,소형무기·경무기를 이용한 전투,19,4,-10.0,2,1,2,-0.8716323296355,"Marib, Ma'rib, Yemen",YM,https://www.presstv.ir/Detail/2022/02/28/677682/Yemeni-armed-forces-down-ScanEagle-spy-drone-Hajjah
20220228,1030905273,20220228,YEMEN,YEM,SAUDI ARABIA,SAU,195,공중무기 사용,19,4,-10.0,1,1,1,-0.8716323296355,"Riyadh, Ar Riya?, Saudi Arabia",SA,https://www.presstv.ir/Detail/2022/02/28/677682/Yemeni-armed-forces-down-ScanEagle-spy-drone-Hajjah
20220228,1030905274,20220228,YEMEN,YEM,SAUDI ARABIA,SAU,195,공중무기 사용,19,4,-10.0,5,1,5,-0.8716323296355,"Harad, Saudi Arabia (general), Saudi Arabia",SA,https://www.presstv.ir/Detail/2022/02/28/677682/Yemeni-armed-forces-down-ScanEagle-spy-drone-Hajjah
20220228,1030905281,20220228,YEMENI,YEM,SAUDI,SAU,193,소형무기·경무기를 이용한 전투,19,4,-10.0,6,1,6,-0.8716323296355,"Marib, Ma'rib, Yemen",YM,https://www.presstv.ir/Detail/2022/02/28/677682/Yemeni-armed-forces-down-ScanEagle-spy-drone-Hajjah
20220228,1030907767,20220228,YEMEN,YEM,SAUDI,SAU,191,봉쇄·이동 제한,19,4,-9.5,1,1,1,-0.4950495049505,Saudi Arabia,SA,https://responsiblestatecraft.org/2022/02/28/recent-arms-sales-contradict-biden-promise-on-middle-east-pivot/
20220228,1030907768,20220228,YEMEN,YEM,SAUDI,SAU,191,봉쇄·이동 제한,19,4,-9.5,7,1,7,-0.4950495049505,Yemen,YM,https://responsiblestatecraft.org/2022/02/28/recent-arms-sales-contradict-biden-promise-on-middle-east-pivot/
20220228,1030919548,20220228,IRANIAN,IRN,ISRAEL,ISR,190,재래식 군사력 사용,19,4,-10.0,1,1,1,-0.8955223880597,"Jerusalem, Israel (general), Israel",IS,https://www.haaretz.com/israel-news/.premium-lapid-says-israel-will-back-un-vote-condemning-russia-1.10641200
20220228,1030919549,20220228,IRANIAN,IRN,ISRAEL,ISR,190,재래식 군사력 사용,19,4,-10.0,23,2,23,-1.14758990585282,Iran,IR,https://www.haaretz.com/israel-news/.premium-lapid-says-israel-will-back-un-vote-condemning-russia-1.10641200
20220228,1030919567,20220228,ISRAEL,ISR,IRANIAN,IRN,190,재래식 군사력 사용,19,4,-10.0,1,1,1,-0.8955223880597,"Jerusalem, Israel (general), Israel",IS,https://www.haaretz.com/israel-news/.premium-lapid-says-israel-will-back-un-vote-condemning-russia-1.10641200
20220228,1030919568,20220228,ISRAEL,ISR,IRANIAN,IRN,190,재래식 군사력 사용,19,4,-10.0,15,2,15,-0.44776119402985,Iran,IR,https://www.haaretz.com/israel-news/.premium-lapid-says-israel-will-back-un-vote-condemning-russia-1.10641200
20220228,1030920137,20220228,SAUDI,SAU,YEMENI,YEM,190,재래식 군사력 사용,19,4,-10.0,3,1,3,-3.40349305866547,"Sanaa, Sana', Yemen",YM,https://mondediplo.com/2019/09/06arms-sales
20220228,1030933703,20220228,LEBANON,LBN,HAMAS,PSE,190,재래식 군사력 사용,19,4,-10.0,4,1,4,-4.96688741721854,"Beirut, Beyrouth, Lebanon",LE,https://www.algemeiner.com/2022/02/28/hamas-hezbollah-leaders-meet-in-lebanon-to-discuss-israel/
20220228,1030933833,20220228,HAMAS,PSE,LEBANON,LBN,190,재래식 군사력 사용,19,4,-10.0,4,1,4,-4.96688741721854,"Beirut, Beyrouth, Lebanon",LE,https://www.algemeiner.com/2022/02/28/hamas-hezbollah-leaders-meet-in-lebanon-to-discuss-israel/
20220228,1030936220,20220228,IRAQ,IRQ,SYRIA,SYR,190,재래식 군사력 사용,19,4,-10.0,2,1,2,-8.47457627118644,"Hasakah, Dhi Qar, Iraq",IZ,https://www.basnews.com/en/babat/742718
20220228,1030936450,20220228,PALESTINIAN,PSE,ISRAEL,ISR,190,재래식 군사력 사용,19,4,-10.0,2,1,2,-15.9793814432989,"Rimon, HaDarom, Israel",IS,https://www.plenglish.com/news/2022/02/28/tension-grows-in-israeli-jails-after-measures-against-palestinians/
20220228,1030936455,20220228,PALESTINIAN,PSE,ISRAELI,ISR,190,재래식 군사력 사용,19,4,-10.0,2,1,2,-15.9793814432989,"Rimon, HaDarom, Israel",IS,https://www.plenglish.com/news/2022/02/28/tension-grows-in-israeli-jails-after-measures-against-palestinians/
20220228,1030939146,20220228,IRANIAN,IRN,ISRAEL,ISR,190,재래식 군사력 사용,19,4,-10.0,2,1,2,0.0,"Jerusalem, Israel (general), Israel",IS,https://forward.com/fast-forward/483106/israel-ukraine-russia-yair-lapid-un-vote/
20220228,1030939165,20220228,ISRAEL,ISR,IRANIAN,IRN,190,재래식 군사력 사용,19,4,-10.0,2,1,2,0.0,"Jerusalem, Israel (general), Israel",IS,https://forward.com/fast-forward/483106/israel-ukraine-russia-yair-lapid-un-vote/
20220228,1030941709,20220228,EGYPT,EGY,ISRAELI,ISR,193,소형무기·경무기를 이용한 전투,19,4,-10.0,2,1,2,-4.60526315789473,"Moscow, Moskva, Russia",RS,https://peacenow.org/entry.php?id=39214
20220228,1030942016,20220228,ISRAEL,ISR,SUEZ CANAL,EGY,190,재래식 군사력 사용,19,4,-10.0,2,1,2,-4.60526315789473,"Jerusalem, Israel (general), Israel",IS,https://peacenow.org/entry.php?id=39214
20220228,1030942017,20220228,ISRAEL,ISR,SUEZ CANAL,EGY,190,재래식 군사력 사용,19,4,-10.0,8,1,8,-4.60526315789473,"Suez Canal, As Suways, Egypt",EG,https://peacenow.org/entry.php?id=39214
20220228,1030942019,20220228,ISRAEL,ISR,IRANIAN,IRN,190,재래식 군사력 사용,19,4,-10.0,2,1,2,-4.60526315789473,West Bank,WE,https://peacenow.org/entry.php?id=39214
20220228,1030942367,20220228,HAMAS,PSE,ISRAEL,ISR,194,포병·전차를 이용한 전투,19,4,-10.0,8,1,8,-4.73118279569893,"Gaza, Israel (general), Israel",IS,https://blogs.timesofisrael.com/amnesty-report-is-latest-in-deliberate-effort-to-slander-the-only-jewish-state/
20220228,1030945326,20220228,ISRAEL,ISR,AL JAZEERA,QAT,190,재래식 군사력 사용,19,4,-10.0,10,1,10,-0.79681274900398,"Jerusalem, Israel (general), Israel",IS,https://unitedwithisrael.org/channeling-israel-europe-bans-russian-media/
20220228,1030945628,20220228,AL JAZEERA,QAT,ISRAEL,ISR,190,재래식 군사력 사용,19,4,-10.0,10,1,10,-0.79681274900398,"Jerusalem, Israel (general), Israel",IS,https://unitedwithisrael.org/channeling-israel-europe-bans-russian-media/
20220228,1030945795,20220228,ANKARA,TUR,SYRIA,SYR,193,소형무기·경무기를 이용한 전투,19,4,-10.0,76,11,76,-4.66101694915254,Syria,SY,http://www.chinaview.cn/20220228/1f9d454b11584464b7b2e0b890c63eeb/c.html
20220228,1030945796,20220228,ANKARA,TUR,SYRIA,SYR,193,소형무기·경무기를 이용한 전투,19,4,-10.0,34,11,34,-4.66101694915254,Syria,SY,http://www.chinaview.cn/20220228/1f9d454b11584464b7b2e0b890c63eeb/c.html
20220228,1030948994,20220228,YEMENI,YEM,SAUDI,SAU,193,소형무기·경무기를 이용한 전투,19,4,-10.0,1,1,1,-1.28205128205128,Saudi Arabia,SA,https://article.wn.com/view/2022/02/28/yemeni_armed_forces_shoot_down_saudi_coalition_x2019s_scanea/
20220228,1030948995,20220228,YEMENI,YEM,SAUDI,SAU,193,소형무기·경무기를 이용한 전투,19,4,-10.0,1,1,1,-1.28205128205128,Saudi Arabia,SA,https://article.wn.com/view/2022/02/28/yemeni_armed_forces_shoot_down_saudi_coalition_x2019s_scanea/
20220228,1030948997,20220228,YEMENI,YEM,SAUDI,SAU,193,소형무기·경무기를 이용한 전투,19,4,-10.0,6,1,6,-1.28205128205128,Saudi Arabia,SA,https://article.wn.com/view/2022/02/28/yemeni_armed_forces_shoot_down_saudi_coalition_x2019s_scanea/
20220228,1030950748,20220228,ISRAELI,ISR,DAMASCUS,SYR,190,재래식 군사력 사용,19,4,-10.0,3,1,3,0.24509803921569,"Jerusalem, Israel (general), Israel",IS,https://www.timesofisrael.com/liveblog_entry/police-palestinians-clash-at-jerusalems-damascus-gate-on-islamic-holy-day/
20220228,1030950961,20220228,PALESTINIAN,PSE,DAMASCUS,SYR,190,재래식 군사력 사용,19,4,-10.0,3,1,3,0.24509803921569,"Jerusalem, Israel (general), Israel",IS,https://www.timesofisrael.com/liveblog_entry/police-palestinians-clash-at-jerusalems-damascus-gate-on-islamic-holy-day/
20220228,1030951096,20220228,DAMASCUS,SYR,ISRAELI,ISR,190,재래식 군사력 사용,19,4,-10.0,3,1,3,0.24509803921569,"Jerusalem, Israel (general), Israel",IS,https://www.timesofisrael.com/liveblog_entry/police-palestinians-clash-at-jerusalems-damascus-gate-on-islamic-holy-day/
20220228,1030951098,20220228,DAMASCUS,SYR,PALESTINIAN,PSE,190,재래식 군사력 사용,19,4,-10.0,3,1,3,0.24509803921569,"Jerusalem, Israel (general), Israel",IS,https://www.timesofisrael.com/liveblog_entry/police-palestinians-clash-at-jerusalems-damascus-gate-on-islamic-holy-day/
20220228,1030959048,20220228,ISRAELI,ISR,PALESTINIAN,PSE,190,재래식 군사력 사용,19,4,-10.0,3,1,3,-7.95698924731183,"Jerusalem, Israel (general), Israel",IS,https://www.haaretz.com/israel-news/.premium-israeli-forces-detain-20-palestinians-in-jeruslaem-clashes-on-muslim-holiday-1.10641835
20220228,1030959397,20220228,PALESTINIAN,PSE,ISRAELI,ISR,190,재래식 군사력 사용,19,4,-10.0,3,1,3,-7.95698924731183,"Jerusalem, Israel (general), Israel",IS,https://www.haaretz.com/israel-news/.premium-israeli-forces-detain-20-palestinians-in-jeruslaem-clashes-on-muslim-holiday-1.10641835
20220228,1030969555,20220228,ISRAEL,ISR,IRAN,IRN,190,재래식 군사력 사용,19,4,-10.0,1,1,1,-3.28820116054159,"Jerusalem, Israel (general), Israel",IS,https://blogs.timesofisrael.com/israel-hews-to-neutrality-in-ukrainian-war/
20220228,1030969556,20220228,ISRAEL,ISR,IRAN,IRN,190,재래식 군사력 사용,19,4,-10.0,1,1,1,-3.28820116054159,Iran,IR,https://blogs.timesofisrael.com/israel-hews-to-neutrality-in-ukrainian-war/
20220228,1030975405,20220228,IRAN,IRN,SAUDI,SAU,190,재래식 군사력 사용,19,4,-10.0,24,3,24,-7.37016214465472,"Sanaa, Sana', Yemen",YM,https://www.msn.com/en-us/news/world/update-1-un-security-council-imposes-arms-embargo-on-yemens-houthi-group/ar-AAUqt2A
20220228,1030975406,20220228,IRAN,IRN,SAUDI,SAU,190,재래식 군사력 사용,19,4,-10.0,6,3,6,-7.37016214465472,"Sanaa, Sana', Yemen",YM,https://www.msn.com/en-us/news/world/update-1-un-security-council-imposes-arms-embargo-on-yemens-houthi-group/ar-AAUqt2A
20220228,1030975885,20220228,SAUDI,SAU,IRAN,IRN,190,재래식 군사력 사용,19,4,-10.0,24,3,24,-7.37016214465472,"Sanaa, Sana', Yemen",YM,https://www.msn.com/en-us/news/world/update-1-un-security-council-imposes-arms-embargo-on-yemens-houthi-group/ar-AAUqt2A
20220228,1030975886,20220228,SAUDI,SAU,IRAN,IRN,190,재래식 군사력 사용,19,4,-10.0,6,3,6,-7.37016214465472,"Sanaa, Sana', Yemen",YM,https://www.msn.com/en-us/news/world/update-1-un-security-council-imposes-arms-embargo-on-yemens-houthi-group/ar-AAUqt2A
20220228,1030984057,20220228,IRANIAN,IRN,SAUDI ARABIA,SAU,195,공중무기 사용,19,4,-10.0,5,1,5,2.91777188328913,Yemen,YM,https://www.heritage.org/middle-east/commentary/abraham-accords-sowing-seeds-peace-harvesting-fruits-prosperity
20220228,1030984058,20220228,IRAN,IRN,SAUDI ARABIA,SAU,195,공중무기 사용,19,4,-10.0,2,1,2,2.91777188328913,Yemen,YM,https://www.heritage.org/middle-east/commentary/abraham-accords-sowing-seeds-peace-harvesting-fruits-prosperity
20220228,1030984059,20220228,IRANIAN,IRN,SAUDI ARABIA,SAU,195,공중무기 사용,19,4,-10.0,1,1,1,2.91777188328913,Syria,SY,https://www.heritage.org/middle-east/commentary/abraham-accords-sowing-seeds-peace-harvesting-fruits-prosperity
20220228,1030985139,20220228,YEMEN,YEM,SAUDI ARABIA,SAU,195,공중무기 사용,19,4,-10.0,7,1,7,2.91777188328913,Yemen,YM,https://www.heritage.org/middle-east/commentary/abraham-accords-sowing-seeds-peace-harvesting-fruits-prosperity
20220228,1030985140,20220228,YEMEN,YEM,SAUDI ARABIA,SAU,195,공중무기 사용,19,4,-10.0,1,1,1,2.91777188328913,Syria,SY,https://www.heritage.org/middle-east/commentary/abraham-accords-sowing-seeds-peace-harvesting-fruits-prosperity
20220228,1030985886,20220228,ISRAEL,ISR,IRAN,IRN,1384,재래식 군사 공격 위협,13,3,-7.0,2,1,2,-2.19178082191781,"Jerusalem, Israel (general), Israel",IS,https://www.msn.com/en-gb/news/other/israel-must-stay-out-of-ukraine-russia-war-editorial/ar-AAUqrge
20220228,1030985887,20220228,ISRAEL,ISR,IRANIAN,IRN,1384,재래식 군사 공격 위협,13,3,-7.0,12,2,12,-2.31540260608086,Iran,IR,https://www.msn.com/en-gb/news/other/israel-must-stay-out-of-ukraine-russia-war-editorial/ar-AAUqrge
20220228,1030985888,20220228,ISRAEL,ISR,IRAN,IRN,1384,재래식 군사 공격 위협,13,3,-7.0,6,2,6,-2.31540260608086,Iran,IR,https://www.msn.com/en-gb/news/other/israel-must-stay-out-of-ukraine-russia-war-editorial/ar-AAUqrge
20220228,1030989537,20220228,HAMAS,PSE,ISRAEL,ISR,194,포병·전차를 이용한 전투,19,4,-10.0,10,1,10,-6.04534005037784,Israel,IS,http://www.algemeiner.com/author/david-harris/
20220228,1030992055,20220228,ISRAEL,ISR,WEST BANK,PSE,192,영토 점령,19,4,-9.5,10,1,10,-2.20162224797219,"Hebron, Israel (general), Israel",IS,https://www.jpost.com/opinion/article-698939
20220228,1030996434,20220228,ISRAEL,ISR,IRANIAN,IRN,190,재래식 군사력 사용,19,4,-10.0,8,1,8,-8.36454431960054,Iran,IR,https://thehill.com/opinion/national-security/595947-russias-one-sided-war-on-ukraine-is-modern-wars-true-image
20220228,1030996435,20220228,ISRAEL,ISR,IRAN,IRN,190,재래식 군사력 사용,19,4,-10.0,2,1,2,-8.36454431960054,Israel,IS,https://thehill.com/opinion/national-security/595947-russias-one-sided-war-on-ukraine-is-modern-wars-true-image
20220228,1031002272,20220228,ISRAEL,ISR,PALESTINIAN,PSE,193,소형무기·경무기를 이용한 전투,19,4,-10.0,12,3,12,-6.81067013060094,"Gaza, Israel (general), Israel",IS,https://apnews.com/0ee4d5cbdb843446e9083721a8cfb82b
20220228,1031002540,20220228,PALESTINIAN,PSE,ISRAEL,ISR,193,소형무기·경무기를 이용한 전투,19,4,-10.0,6,3,6,-6.81067013060094,"Jerusalem, Israel (general), Israel",IS,https://apnews.com/0ee4d5cbdb843446e9083721a8cfb82b
20220228,1031007177,20220228,IRANIAN,IRN,ISRAEL,ISR,190,재래식 군사력 사용,19,4,-10.0,2,1,2,-2.54724732949877,"Jerusalem, Israel (general), Israel",IS,https://www.haaretz.com/israel-news/.premium-israel-has-some-leverage-over-russia-if-it-is-only-willing-to-use-it-1.10642078
20220228,1031009493,20220228,ISRAEL,ISR,PALESTINIAN,PSE,193,소형무기·경무기를 이용한 전투,19,4,-10.0,8,2,8,-6.37960155470991,"Jerusalem, Israel (general), Israel",IS,https://mynorthwest.com/3371743/clashes-at-jerusalem-flashpoint-dozens-hurt-detained/
20220228,1031009720,20220228,PALESTINIAN,PSE,ISRAEL,ISR,193,소형무기·경무기를 이용한 전투,19,4,-10.0,4,2,4,-6.37960155470991,"Jerusalem, Israel (general), Israel",IS,https://mynorthwest.com/3371743/clashes-at-jerusalem-flashpoint-dozens-hurt-detained/
20220228,1031013904,20220228,ISRAELI,ISR,WEST BANK,PSE,193,소형무기·경무기를 이용한 전투,19,4,-10.0,8,1,8,-3.53356890459364,"Gaza, Israel (general), Israel",IS,https://thedailyblog.co.nz/2022/02/28/prevarication-is-no-answer/
20220228,1031015795,20220228,IRAN,IRN,SAUDI,SAU,190,재래식 군사력 사용,19,4,-10.0,18,3,18,-4.05722097451421,"Moscow, Moskva, Russia",RS,https://www.thestar.com.my/news/world/2022/03/01/un-arms-embargo-imposed-on-yemen039s-houthis-amid-vote-questions
20220228,1031015796,20220228,IRAN,IRN,SAUDI,SAU,190,재래식 군사력 사용,19,4,-10.0,12,3,12,-4.05722097451421,"Moscow, Moskva, Russia",RS,https://www.thestar.com.my/news/world/2022/03/01/un-arms-embargo-imposed-on-yemen039s-houthis-amid-vote-questions
20220228,1031016111,20220228,SAUDI,SAU,IRAN,IRN,190,재래식 군사력 사용,19,4,-10.0,18,3,18,-4.05722097451421,"Moscow, Moskva, Russia",RS,https://www.thestar.com.my/news/world/2022/03/01/un-arms-embargo-imposed-on-yemen039s-houthis-amid-vote-questions
20220228,1031016112,20220228,SAUDI,SAU,IRAN,IRN,190,재래식 군사력 사용,19,4,-10.0,12,3,12,-4.05722097451421,"Moscow, Moskva, Russia",RS,https://www.thestar.com.my/news/world/2022/03/01/un-arms-embargo-imposed-on-yemen039s-houthis-amid-vote-questions
20220228,1031024393,20220221,ISRAELI,ISR,PALESTINIAN,PSE,193,소형무기·경무기를 이용한 전투,19,4,-10.0,2,1,2,-9.375,"Hebron, Israel (general), Israel",IS,https://www.timesofisrael.com/idf-says-troops-fire-on-palestinians-hurling-molotov-cocktails-wounding-one/
20220228,1031025014,20220228,ISRAELI,ISR,PALESTINIAN,PSE,190,재래식 군사력 사용,19,4,-10.0,2,1,2,-9.375,"Hebron, Israel (general), Israel",IS,https://www.timesofisrael.com/idf-says-troops-fire-on-palestinians-hurling-molotov-cocktails-wounding-one/
20220228,1031025015,20220228,ISRAELI,ISR,WEST BANK,PSE,190,재래식 군사력 사용,19,4,-10.0,8,1,8,-9.375,"Nablus, West Bank (general), West Bank",WE,https://www.timesofisrael.com/idf-says-troops-fire-on-palestinians-hurling-molotov-cocktails-wounding-one/
20220228,1031025016,20220228,ISRAELI,ISR,WEST BANK,PSE,190,재래식 군사력 사용,19,4,-10.0,2,1,2,-9.375,"Hebron, Israel (general), Israel",IS,https://www.timesofisrael.com/idf-says-troops-fire-on-palestinians-hurling-molotov-cocktails-wounding-one/
20220228,1031025017,20220228,ISRAELI,ISR,PALESTINIAN,PSE,193,소형무기·경무기를 이용한 전투,19,4,-10.0,10,1,10,-9.375,"Hebron, Israel (general), Israel",IS,https://www.timesofisrael.com/idf-says-troops-fire-on-palestinians-hurling-molotov-cocktails-wounding-one/
20220228,1031025283,20220228,PALESTINIAN,PSE,ISRAEL,ISR,190,재래식 군사력 사용,19,4,-10.0,2,1,2,-9.375,"Hebron, Israel (general), Israel",IS,https://www.timesofisrael.com/idf-says-troops-fire-on-palestinians-hurling-molotov-cocktails-wounding-one/
