DATE,GLOBALEVENTID,SQLDATE,Actor1Name,Actor1CountryCode,Actor2Name,Actor2CountryCode,EventCode,EventCode_KR,EventRootCode,QuadClass,GoldsteinScale,NumMentions,NumSources,NumArticles,AvgTone,ActionGeo_FullName,ActionGeo_CountryCode,SOURCEURL
20211101,1012057142,20211101,ISRAEL,ISR,GAZA,PSE,194,포병·전차를 이용한 전투,19,4,-10.0,9,2,9,-7.26637509618511,"Gaza, Israel (general), Israel",IS,https://www.algemeiner.com/2021/10/31/vice-news-mourns-gaza-father-who-was-actually-a-terrorist/
20211101,1012057331,20211101,PALESTINIAN,PSE,ISRAEL,ISR,194,포병·전차를 이용한 전투,19,4,-10.0,5,2,5,-7.26637509618511,"Jerusalem, Israel (general), Israel",IS,https://www.algemeiner.com/2021/10/31/vice-news-mourns-gaza-father-who-was-actually-a-terrorist/
20211101,1012057332,20211101,PALESTINIAN,PSE,ISRAEL,ISR,194,포병·전차를 이용한 전투,19,4,-10.0,3,2,3,-7.26637509618511,"Jerusalem, Israel (general), Israel",IS,https://www.algemeiner.com/2021/10/31/vice-news-mourns-gaza-father-who-was-actually-a-terrorist/
20211101,1012057333,20211101,PALESTINIAN,PSE,ISRAEL,ISR,194,포병·전차를 이용한 전투,19,4,-10.0,4,2,4,-7.26637509618511,"Gaza, Israel (general), Israel",IS,https://www.algemeiner.com/2021/10/31/vice-news-mourns-gaza-father-who-was-actually-a-terrorist/
20211101,1012057334,20211101,PALESTINIAN,PSE,ISRAEL,ISR,194,포병·전차를 이용한 전투,19,4,-10.0,4,2,4,-7.26637509618511,"Gaza, Israel (general), Israel",IS,https://www.algemeiner.com/2021/10/31/vice-news-mourns-gaza-father-who-was-actually-a-terrorist/
20211101,1012058359,20211101,ISRAELI,ISR,SYRIA,SYR,195,공중무기 사용,19,4,-10.0,2,1,2,-4.59770114942529,"Damascus, Dimashq, Syria",SY,https://www.presstv.ir/Detail/2021/11/01/669659/Resistance-Strikes-al-Tanf-Base
20211101,1012058360,20211101,ISRAEL,ISR,SYRIA,SYR,195,공중무기 사용,19,4,-10.0,1,1,1,-4.59770114942529,United States,US,https://www.presstv.ir/Detail/2021/11/01/669659/Resistance-Strikes-al-Tanf-Base
20211101,1012059687,20211101,SAUDI ARABIA,SAU,LEBANON,LBN,139,최후통첩,13,3,-7.0,7,5,7,-0.767823850639803,"Beirut, Beyrouth, Lebanon",LE,https://www.dawn.com/news/1655210/uae-urges-citizens-to-leave-lebanon-as-soon-as-possible
20211101,1012059688,20211101,SAUDI ARABIA,SAU,LEBANON,LBN,139,최후통첩,13,3,-7.0,2,1,2,-2.01005025125628,"Riyadh, Ar Riya?, Saudi Arabia",SA,https://www.dawn.com/news/1655210/uae-urges-citizens-to-leave-lebanon-as-soon-as-possible
20211101,1012060634,20211101,ISRAELI,ISR,DAMASCUS,SYR,190,재래식 군사력 사용,19,4,-10.0,13,2,13,-5.81322272498743,"Damascus, Dimashq, Syria",SY,https://news.antiwar.com/2021/10/31/israeli-missile-strike-kills-five-in-damascus-suburbs/
20211101,1012065051,20211101,PALESTINE,PSE,ISRAEL,ISR,190,재래식 군사력 사용,19,4,-10.0,12,12,12,-3.05810397553517,"Jerusalem, Israel (general), Israel",IS,https://www.bignewsnetwork.com/news/271623507/defying-strong-criticism-from-the-us-and-eu-israel-plans-to-build-3130-homes-for-settlers
20211101,1012065052,20211101,PALESTINE,PSE,ISRAEL,ISR,190,재래식 군사력 사용,19,4,-10.0,12,12,12,-3.05810397553517,"Jerusalem, Israel (general), Israel",IS,https://www.bignewsnetwork.com/news/271623507/defying-strong-criticism-from-the-us-and-eu-israel-plans-to-build-3130-homes-for-settlers
20211101,1012067022,20211101,ISRAEL,ISR,SYRIAN,SYR,190,재래식 군사력 사용,19,4,-10.0,4,1,4,-5.80357142857143,"Damascus, Dimashq, Syria",SY,https://menafn.com/1103080738/Israel-missile-wounds-two-soldiers-near-Damascus-state-media
20211101,1012067023,20211101,ISRAEL,ISR,SYRIA,SYR,190,재래식 군사력 사용,19,4,-10.0,1,1,1,-5.80357142857143,Israel,IS,https://menafn.com/1103080738/Israel-missile-wounds-two-soldiers-near-Damascus-state-media
20211101,1012067024,20211101,ISRAEL,ISR,SYRIAN,SYR,190,재래식 군사력 사용,19,4,-10.0,5,1,5,-5.80357142857143,Iran,IR,https://menafn.com/1103080738/Israel-missile-wounds-two-soldiers-near-Damascus-state-media
20211101,1012074039,20211101,KURDISTAN,IRN,TURKISH,TUR,190,재래식 군사력 사용,19,4,-10.0,10,1,10,-15.2941176470588,Turkey,TU,https://original.antiwar.com/updates/2021/10/31/iraq-monthly-roundup-130-killed-in-october/
20211101,1012074218,20211101,TURKISH,TUR,KURDISTAN,IRN,190,재래식 군사력 사용,19,4,-10.0,10,1,10,-15.2941176470588,Turkey,TU,https://original.antiwar.com/updates/2021/10/31/iraq-monthly-roundup-130-killed-in-october/
20211101,1012074219,20211101,TURKEY,TUR,IRAQ,IRQ,190,재래식 군사력 사용,19,4,-10.0,2,1,2,-15.2941176470588,"Riyadh, Ar Riya?, Saudi Arabia",SA,https://original.antiwar.com/updates/2021/10/31/iraq-monthly-roundup-130-killed-in-october/
20211101,1012075366,20211101,SAUDI,SAU,LEBANON,LBN,139,최후통첩,13,3,-7.0,7,5,7,-1.47421719268099,"Riyadh, Ar Riya?, Saudi Arabia",SA,https://www.phnompenhpost.com/international/saudi-iran-proxy-wars-play-out-embattled-lebanon
20211101,1012092697,20211101,ISRAEL,ISR,GAZA,PSE,190,재래식 군사력 사용,19,4,-10.0,9,3,9,-7.03527235862433,"Gaza, Israel (general), Israel",IS,https://www.albawaba.com/node/israeli-ambassador-rips-un-human-rights-report-1453099
20211101,1012099137,20211101,LEBANON,LBN,SAUDI,SAU,163,금수·보이콧·제재 부과,16,4,-8.0,8,1,8,-4.12087912087912,Lebanon,LE,https://gulfnews.com/world/gulf/saudi/lebanon-to-incur-244m-in-annual-losses-due-to-saudi-ban-on-imports-1.83360854
20211101,1012099287,20211101,PALESTINIAN,PSE,ISRAEL,ISR,190,재래식 군사력 사용,19,4,-10.0,4,2,4,-3.81265076387028,Israel,IS,http://famagusta-gazette.com/2021/11/01/palestine-extends-state-of-emergency-amid-covid-19/
20211101,1012099288,20211101,WEST BANK,PSE,DOHA,QAT,190,재래식 군사력 사용,19,4,-10.0,4,1,4,-8.88888888888889,"Doha, Ad Daw?ah, Qatar",QA,http://english.wafa.ps/Pages/Details/126663
20211101,1012099289,20211101,WEST BANK,PSE,QATAR,QAT,190,재래식 군사력 사용,19,4,-10.0,1,1,1,-8.88888888888889,"Jerusalem, Israel (general), Israel",IS,http://english.wafa.ps/Pages/Details/126663
20211101,1012099290,20211101,WEST BANK,PSE,DOHA,QAT,190,재래식 군사력 사용,19,4,-10.0,2,1,2,-8.88888888888889,"Jerusalem, Israel (general), Israel",IS,http://english.wafa.ps/Pages/Details/126663
20211101,1012101420,20211101,ISRAEL,ISR,GAZA,PSE,190,재래식 군사력 사용,19,4,-10.0,14,2,14,-8.7204716236974,"Gaza, Israel (general), Israel",IS,https://www.israelnationalnews.com/News/News.aspx/316089
20211101,1012102730,20211101,PALESTINIAN,PSE,ISRAEL,ISR,190,재래식 군사력 사용,19,4,-10.0,4,2,4,-5.59529568592038,"Jerusalem, Israel (general), Israel",IS,https://www.latimes.com/opinion/story/2021-11-01/secret-history-israeli-palestinian-conflict
20211101,1012104447,20211101,ISRAEL,ISR,PALESTINIAN,PSE,190,재래식 군사력 사용,19,4,-10.0,7,1,7,-7.51445086705203,Lebanon,LE,https://www.jamaicaobserver.com/history/history_235105?profile=1373
20211101,1012104448,20211101,ISRAEL,ISR,ISTANBUL,TUR,190,재래식 군사력 사용,19,4,-10.0,8,1,8,-6.16016427104723,"Istanbul, Istanbul, Turkey",TU,https://www.haaretz.com/israel-news/.premium-israeli-bill-would-grant-legal-aid-for-sex-crimes-victims-from-moment-of-complaint-1.10342817
20211101,1012104726,20211101,SAUDI ARABIA,SAU,LEBANON,LBN,163,금수·보이콧·제재 부과,16,4,-8.0,2,1,2,-2.33690360272639,"Riyadh, Ar Riya?, Saudi Arabia",SA,https://www.haaretz.com/middle-east-news/.premium-how-a-lebanese-minister-stirred-up-a-regional-spat-with-saudi-arabia-and-uae-1.10343243
20211101,1012104727,20211101,SAUDI ARABIA,SAU,LEBANON,LBN,163,금수·보이콧·제재 부과,16,4,-8.0,13,2,13,-2.8303429188417,"Beirut, Beyrouth, Lebanon",LE,https://www.haaretz.com/middle-east-news/.premium-how-a-lebanese-minister-stirred-up-a-regional-spat-with-saudi-arabia-and-uae-1.10343243
20211101,1012104728,20211101,SAUDI,SAU,LEBANON,LBN,163,금수·보이콧·제재 부과,16,4,-8.0,2,1,2,-2.33690360272639,Israel,IS,https://www.haaretz.com/middle-east-news/.premium-how-a-lebanese-minister-stirred-up-a-regional-spat-with-saudi-arabia-and-uae-1.10343243
20211101,1012110629,20211101,KARBALA,IRQ,IRAN,IRN,190,재래식 군사력 사용,19,4,-10.0,2,1,2,-12.1951219512195,"Karbala, Hormozgan, Iran",IR,https://www.rudaw.net/english/middleeast/iraq/011120211
20211101,1012110630,20211101,KARBALA,IRQ,IRAN,IRN,190,재래식 군사력 사용,19,4,-10.0,2,1,2,-12.1951219512195,"Karbala, Hormozgan, Iran",IR,https://www.rudaw.net/english/middleeast/iraq/011120211
20211101,1012122097,20211101,ISRAELI,ISR,GAZA,PSE,190,재래식 군사력 사용,19,4,-10.0,4,1,4,-10.3092783505155,"Ramle, HaMerkaz, Israel",IS,https://www.timesofisrael.com/gaza-man-indicted-for-arson-attacks-in-central-israel-city-of-ramle/
20211101,1012122098,20211101,ISRAEL,ISR,GAZA,PSE,190,재래식 군사력 사용,19,4,-10.0,1,1,1,-10.3092783505155,Gaza Strip,GZ,https://www.timesofisrael.com/gaza-man-indicted-for-arson-attacks-in-central-israel-city-of-ramle/
20211101,1012122228,20211101,BEIRUT,LBN,SAUDI,SAU,193,소형무기·경무기를 이용한 전투,19,4,-10.0,1,1,1,-3.19516407599309,"Beirut, Beyrouth, Lebanon",LE,https://www.jns.org/opinion/the-battle-for-lebanons-arab-identity/
20211101,1012122229,20211101,BEIRUT,LBN,SAUDI,SAU,193,소형무기·경무기를 이용한 전투,19,4,-10.0,1,1,1,-3.19516407599309,"Beirut, Beyrouth, Lebanon",LE,https://www.jns.org/opinion/the-battle-for-lebanons-arab-identity/
20211101,1012122412,20211101,GAZA,PSE,ISRAEL,ISR,190,재래식 군사력 사용,19,4,-10.0,4,2,4,-6.91295546558704,"Ramle, HaMerkaz, Israel",IS,https://www.jns.org/ramle-arson-attacks-solved-gaza-resident-arrested/
20211101,1012122463,20211101,SAUDI,SAU,BEIRUT,LBN,193,소형무기·경무기를 이용한 전투,19,4,-10.0,1,1,1,-3.19516407599309,"Beirut, Beyrouth, Lebanon",LE,https://www.jns.org/opinion/the-battle-for-lebanons-arab-identity/
20211101,1012122464,20211101,SAUDI,SAU,BEIRUT,LBN,193,소형무기·경무기를 이용한 전투,19,4,-10.0,1,1,1,-3.19516407599309,"Beirut, Beyrouth, Lebanon",LE,https://www.jns.org/opinion/the-battle-for-lebanons-arab-identity/
20211101,1012122467,20211101,SAUDI,SAU,SYRIAN,SYR,190,재래식 군사력 사용,19,4,-10.0,1,1,1,-3.19516407599309,"Beirut, Beyrouth, Lebanon",LE,https://www.jns.org/opinion/the-battle-for-lebanons-arab-identity/
20211101,1012122468,20211101,SAUDI,SAU,SYRIAN,SYR,190,재래식 군사력 사용,19,4,-10.0,6,1,6,-3.19516407599309,"Jeddah, Makkah, Saudi Arabia",SA,https://www.jns.org/opinion/the-battle-for-lebanons-arab-identity/
20211101,1012122506,20211101,SYRIAN,SYR,SAUDI,SAU,190,재래식 군사력 사용,19,4,-10.0,1,1,1,-3.19516407599309,"Beirut, Beyrouth, Lebanon",LE,https://www.jns.org/opinion/the-battle-for-lebanons-arab-identity/
20211101,1012122507,20211101,SYRIAN,SYR,SAUDI,SAU,190,재래식 군사력 사용,19,4,-10.0,6,1,6,-3.19516407599309,"Jeddah, Makkah, Saudi Arabia",SA,https://www.jns.org/opinion/the-battle-for-lebanons-arab-identity/
20211101,1012126495,20211101,IRAN,IRN,ISRAELI,ISR,194,포병·전차를 이용한 전투,19,4,-10.0,8,1,8,-4.72049689440994,"Golan Heights, Syria (general), Syria",SY,https://www.washingtonpost.com/business/understanding-the-shadow-war-between-israel-and-iran/2021/11/01/9841a32a-3b11-11ec-bd6f-da376f47304e_story.html
20211101,1012126496,20211101,IRAN,IRN,ISRAELI,ISR,194,포병·전차를 이용한 전투,19,4,-10.0,2,1,2,-4.72049689440994,"Golan Heights, Syria (general), Syria",SY,https://www.washingtonpost.com/business/understanding-the-shadow-war-between-israel-and-iran/2021/11/01/9841a32a-3b11-11ec-bd6f-da376f47304e_story.html
20211101,1012126522,20211101,ISRAEL,ISR,IRAN,IRN,190,재래식 군사력 사용,19,4,-10.0,2,1,2,-4.72049689440994,Israel,IS,https://www.washingtonpost.com/business/understanding-the-shadow-war-between-israel-and-iran/2021/11/01/9841a32a-3b11-11ec-bd6f-da376f47304e_story.html
20211101,1012126523,20211101,ISRAEL,ISR,IRAN,IRN,190,재래식 군사력 사용,19,4,-10.0,2,1,2,-4.72049689440994,Romania,RO,https://www.washingtonpost.com/business/understanding-the-shadow-war-between-israel-and-iran/2021/11/01/9841a32a-3b11-11ec-bd6f-da376f47304e_story.html
20211101,1012126535,20211101,ISRAEL,ISR,PALESTINIAN,PSE,192,영토 점령,19,4,-9.5,4,1,4,-1.77935943060498,"Jerusalem, Israel (general), Israel",IS,http://english.wafa.ps/Pages/Details/126664
20211101,1012126536,20211101,ISRAEL,ISR,PALESTINIAN,PSE,192,영토 점령,19,4,-9.5,2,1,2,-1.77935943060498,"Jerusalem, Israel (general), Israel",IS,http://english.wafa.ps/Pages/Details/126664
20211101,1012126563,20211101,JORDAN,JOR,ISRAEL,ISR,190,재래식 군사력 사용,19,4,-10.0,4,1,4,-7.21649484536082,"Jordan Valley, Israel (general), Israel",IS,http://english.wafa.ps/Pages/Details/126667
20211101,1012129528,20211101,ISRAELI,ISR,GAZA,PSE,138,군사력 사용 위협,13,3,-7.0,4,1,4,-4.37788018433179,"Gaza, Israel (general), Israel",IS,https://www.ynetnews.com/article/hkbmsvpit
20211101,1012131004,20211101,IRAN,IRN,SAUDI ARABIA,SAU,190,재래식 군사력 사용,19,4,-10.0,2,1,2,-3.32378223495702,"Tehran, Tehran, Iran",IR,https://www.middleeasteye.net/news/lebanon-saudi-kordahi-kuwait-bahrain-cabinet-emergency-gulf-diplomatic-crisis
20211101,1012131005,20211101,IRAN,IRN,SAUDI,SAU,190,재래식 군사력 사용,19,4,-10.0,2,1,2,-3.32378223495702,"Beirut, Beyrouth, Lebanon",LE,https://www.middleeasteye.net/news/lebanon-saudi-kordahi-kuwait-bahrain-cabinet-emergency-gulf-diplomatic-crisis
20211101,1012131006,20211101,IRANIAN,IRN,SAUDI,SAU,190,재래식 군사력 사용,19,4,-10.0,6,1,6,-3.32378223495702,"Tehran, Tehran, Iran",IR,https://www.middleeasteye.net/news/lebanon-saudi-kordahi-kuwait-bahrain-cabinet-emergency-gulf-diplomatic-crisis
20211101,1012131395,20211101,SAUDI,SAU,IRANIAN,IRN,190,재래식 군사력 사용,19,4,-10.0,6,1,6,-3.32378223495702,"Tehran, Tehran, Iran",IR,https://www.middleeasteye.net/news/lebanon-saudi-kordahi-kuwait-bahrain-cabinet-emergency-gulf-diplomatic-crisis
20211101,1012131396,20211101,SAUDI ARABIA,SAU,IRAN,IRN,190,재래식 군사력 사용,19,4,-10.0,2,1,2,-3.32378223495702,"Tehran, Tehran, Iran",IR,https://www.middleeasteye.net/news/lebanon-saudi-kordahi-kuwait-bahrain-cabinet-emergency-gulf-diplomatic-crisis
20211101,1012131397,20211101,SAUDI,SAU,IRAN,IRN,190,재래식 군사력 사용,19,4,-10.0,2,1,2,-3.32378223495702,"Beirut, Beyrouth, Lebanon",LE,https://www.middleeasteye.net/news/lebanon-saudi-kordahi-kuwait-bahrain-cabinet-emergency-gulf-diplomatic-crisis
20211101,1012131408,20211101,SAUDI,SAU,LEBANESE,LBN,163,금수·보이콧·제재 부과,16,4,-8.0,1,1,1,-3.32378223495702,"Riyadh, Ar Riya?, Saudi Arabia",SA,https://www.middleeasteye.net/news/lebanon-saudi-kordahi-kuwait-bahrain-cabinet-emergency-gulf-diplomatic-crisis
20211101,1012133492,20211101,ISRAELI,ISR,PALESTINIAN,PSE,190,재래식 군사력 사용,19,4,-10.0,2,1,2,-7.67326732673268,"Gaza, Israel (general), Israel",IS,https://www.middleeastmonitor.com/20211101-israels-envoy-at-the-un-cant-handle-the-truth-about-its-human-rights-violations/
20211101,1012133500,20211101,ISRAELI,ISR,GAZA,PSE,190,재래식 군사력 사용,19,4,-10.0,1,1,1,-7.67326732673268,"Gaza, Israel (general), Israel",IS,https://www.middleeastmonitor.com/20211101-israels-envoy-at-the-un-cant-handle-the-truth-about-its-human-rights-violations/
20211101,1012133501,20211101,ISRAEL,ISR,GAZA,PSE,190,재래식 군사력 사용,19,4,-10.0,2,1,2,-7.67326732673268,"Gaza, Israel (general), Israel",IS,https://www.middleeastmonitor.com/20211101-israels-envoy-at-the-un-cant-handle-the-truth-about-its-human-rights-violations/
20211101,1012133780,20211101,GAZA,PSE,ISRAELI,ISR,190,재래식 군사력 사용,19,4,-10.0,1,1,1,-7.67326732673268,"Gaza, Israel (general), Israel",IS,https://www.middleeastmonitor.com/20211101-israels-envoy-at-the-un-cant-handle-the-truth-about-its-human-rights-violations/
20211101,1012136970,20211101,SAUDI,SAU,LEBANON,LBN,139,최후통첩,13,3,-7.0,4,2,4,-0.951223464592448,"Beirut, Beyrouth, Lebanon",LE,https://www.naharnet.com:443/stories/en/285370-miqati-receives-european-american-support-in-glasgow
20211101,1012136971,20211101,SAUDI,SAU,LEBANON,LBN,139,최후통첩,13,3,-7.0,4,2,4,-0.951223464592448,Saudi Arabia,SA,https://www.naharnet.com:443/stories/en/285370-miqati-receives-european-american-support-in-glasgow
20211101,1012137013,20211101,TURKISH,TUR,SYRIAN,SYR,190,재래식 군사력 사용,19,4,-10.0,6,2,6,-3.48412632493595,"Ankara, Ankara, Turkey",TU,https://www.rfi.fr/en/podcasts/international-report/20211101-turkey-steps-up-threats-against-syrian-kurdish-forces-after-car-bombing
20211101,1012138489,20211101,WEST BANK,PSE,ISRAEL,ISR,190,재래식 군사력 사용,19,4,-10.0,6,1,6,-6.16797900262467,"Hebron, Israel (general), Israel",IS,https://www.ynetnews.com/travel/article/hyjy11eaut
20211101,1012142941,20211101,GAZA,PSE,ISRAEL,ISR,192,영토 점령,19,4,-9.5,2,1,2,-7.74487471526196,"Central District, HaMerkaz, Israel",IS,https://www.haaretz.com/israel-news/.premium-palestinian-indicted-for-torching-sukkahs-empty-bus-in-central-israel-1.10343656
20211101,1012142942,20211101,GAZA,PSE,ISRAEL,ISR,192,영토 점령,19,4,-9.5,2,1,2,-7.74487471526196,"Gaza, Israel (general), Israel",IS,https://www.haaretz.com/israel-news/.premium-palestinian-indicted-for-torching-sukkahs-empty-bus-in-central-israel-1.10343656
20211101,1012145015,20211101,IRAN,IRN,SAUDI,SAU,192,영토 점령,19,4,-9.5,6,3,6,-4.28015771526002,"Marib, Ma'rib, Yemen",YM,http://english.sina.com/world/m/2021-11-01/detail-iktzqtyu4830002.shtml
20211101,1012147349,20211025,SYRIA,SYR,TURKEY,TUR,154,군 병력 동원·증강,15,4,-7.2,1,1,1,-4.39814814814815,"Ankara, Ankara, Turkey",TU,https://sputniknews.com/20211101/six-russian-helicopter-gunships-jet-reportedly-spotted-at-airbase-in-northern-syria-1090394654.html
20211101,1012147350,20211025,SYRIA,SYR,TURKEY,TUR,154,군 병력 동원·증강,15,4,-7.2,1,1,1,-4.39814814814815,"Ankara, Ankara, Turkey",TU,https://sputniknews.com/20211101/six-russian-helicopter-gunships-jet-reportedly-spotted-at-airbase-in-northern-syria-1090394654.html
20211101,1012150233,20211101,TURKISH,TUR,SYRIA,SYR,138,군사력 사용 위협,13,3,-7.0,7,1,7,-2.12014134275618,"Idlib, Idlib, Syria",SY,https://www.middleeasteye.net/news/turkey-russia-talks-clear-syrian-kurdish-group-kobane
20211101,1012153284,20211101,GAZA,PSE,ISRAEL,ISR,190,재래식 군사력 사용,19,4,-10.0,1,1,1,-7.39299610894941,"Ramle, HaMerkaz, Israel",IS,https://www.clevelandjewishnews.com/jns/ramle-arson-attacks-solved-gaza-resident-arrested/article_421b13f1-8391-5604-b8ca-f7253570b930.html
20211101,1012155435,20211101,PALESTINIAN,PSE,ISRAELI,ISR,193,소형무기·경무기를 이용한 전투,19,4,-10.0,2,1,2,-5.76131687242799,"Gaza, Israel (general), Israel",IS,https://www.icenews.is/2009/01/07/two-israelis-shot-in-danish-shopping-centre/
20211101,1012155436,20211101,PALESTINIAN,PSE,ISRAELI,ISR,193,소형무기·경무기를 이용한 전투,19,4,-10.0,2,1,2,-5.76131687242799,"Gaza, Israel (general), Israel",IS,https://www.icenews.is/2009/01/07/two-israelis-shot-in-danish-shopping-centre/
20211101,1012160028,20211101,TURKEY,TUR,SYRIA,SYR,190,재래식 군사력 사용,19,4,-10.0,6,1,6,-0.73529411764706,"Aleppo, ?alab, Syria",SY,https://www.plenglish.com/news/2021/11/01/turkey-completes-preparations-to-launch-offensive-in-syria/
20211101,1012160029,20211101,TURKEY,TUR,SYRIA,SYR,190,재래식 군사력 사용,19,4,-10.0,4,1,4,-0.73529411764706,"Aleppo, ?alab, Syria",SY,https://www.plenglish.com/news/2021/11/01/turkey-completes-preparations-to-launch-offensive-in-syria/
20211101,1012161370,20211101,ISRAELI,ISR,PALESTINIAN,PSE,190,재래식 군사력 사용,19,4,-10.0,1,1,1,-4.90463215258855,Israel,IS,http://muslimnews.co.uk/news/palestine/palestine-palestinian-journalists-demand-protection-israeli-violence/
20211101,1012161371,20211101,ISRAELI,ISR,PALESTINIAN,PSE,190,재래식 군사력 사용,19,4,-10.0,4,2,4,-7.56782762744943,Israel,IS,http://muslimnews.co.uk/news/palestine/palestine-palestinian-journalists-demand-protection-israeli-violence/
20211101,1012161372,20211101,ISRAELI,ISR,PALESTINIAN,PSE,190,재래식 군사력 사용,19,4,-10.0,1,1,1,-4.90463215258855,Israel,IS,http://muslimnews.co.uk/news/palestine/palestine-palestinian-journalists-demand-protection-israeli-violence/
20211101,1012161373,20211101,ISRAELI,ISR,PALESTINIAN,PSE,190,재래식 군사력 사용,19,4,-10.0,1,1,1,-4.90463215258855,Israel,IS,http://muslimnews.co.uk/news/palestine/palestine-palestinian-journalists-demand-protection-israeli-violence/
20211101,1012169551,20211101,IRANIAN,IRN,YEMEN,YEM,194,포병·전차를 이용한 전투,19,4,-10.0,1,1,1,-8.57908847184985,"Jizan, Jizan, Saudi Arabia",SA,https://www.al-monitor.com/originals/2021/11/houthi-missile-attack-marib-kills-injures-29
20211101,1012169552,20211101,IRANIAN,IRN,YEMEN,YEM,194,포병·전차를 이용한 전투,19,4,-10.0,1,1,1,-8.57908847184985,"Sanaa, Sana', Yemen",YM,https://www.al-monitor.com/originals/2021/11/houthi-missile-attack-marib-kills-injures-29
20211101,1012172482,20211101,QATAR,QAT,BEIRUT,LBN,190,재래식 군사력 사용,19,4,-10.0,1,1,1,-2.5,"Beirut, Beyrouth, Lebanon",LE,https://english.alaraby.co.uk/news/qatar-fm-visit-lebanon-solve-lebanon-gulf-row
20211101,1012172483,20211101,QATAR,QAT,BEIRUT,LBN,190,재래식 군사력 사용,19,4,-10.0,1,1,1,-2.5,"Beirut, Beyrouth, Lebanon",LE,https://english.alaraby.co.uk/news/qatar-fm-visit-lebanon-solve-lebanon-gulf-row
20211101,1012174449,20211101,BEIRUT,LBN,SAUDI,SAU,193,소형무기·경무기를 이용한 전투,19,4,-10.0,1,1,1,-3.20219579139981,"Beirut, Beyrouth, Lebanon",LE,https://www.algemeiner.com/2021/11/01/the-battle-for-lebanons-arab-identity/
20211101,1012174450,20211101,BEIRUT,LBN,SAUDI,SAU,193,소형무기·경무기를 이용한 전투,19,4,-10.0,1,1,1,-3.20219579139981,"Beirut, Beyrouth, Lebanon",LE,https://www.algemeiner.com/2021/11/01/the-battle-for-lebanons-arab-identity/
20211101,1012174630,20211101,SAUDI,SAU,BEIRUT,LBN,193,소형무기·경무기를 이용한 전투,19,4,-10.0,1,1,1,-3.20219579139981,"Beirut, Beyrouth, Lebanon",LE,https://www.algemeiner.com/2021/11/01/the-battle-for-lebanons-arab-identity/
20211101,1012174631,20211101,SAUDI,SAU,BEIRUT,LBN,193,소형무기·경무기를 이용한 전투,19,4,-10.0,1,1,1,-3.20219579139981,"Beirut, Beyrouth, Lebanon",LE,https://www.algemeiner.com/2021/11/01/the-battle-for-lebanons-arab-identity/
20211101,1012174634,20211101,SAUDI,SAU,SYRIAN,SYR,190,재래식 군사력 사용,19,4,-10.0,1,1,1,-3.20219579139981,"Beirut, Beyrouth, Lebanon",LE,https://www.algemeiner.com/2021/11/01/the-battle-for-lebanons-arab-identity/
20211101,1012174635,20211101,SAUDI,SAU,SYRIAN,SYR,190,재래식 군사력 사용,19,4,-10.0,6,1,6,-3.20219579139981,Saudi Arabia,SA,https://www.algemeiner.com/2021/11/01/the-battle-for-lebanons-arab-identity/
20211101,1012174646,20211101,SYRIAN,SYR,SAUDI,SAU,190,재래식 군사력 사용,19,4,-10.0,1,1,1,-3.20219579139981,"Beirut, Beyrouth, Lebanon",LE,https://www.algemeiner.com/2021/11/01/the-battle-for-lebanons-arab-identity/
20211101,1012174647,20211101,SYRIAN,SYR,SAUDI,SAU,190,재래식 군사력 사용,19,4,-10.0,6,1,6,-3.20219579139981,Saudi Arabia,SA,https://www.algemeiner.com/2021/11/01/the-battle-for-lebanons-arab-identity/
20211101,1012178362,20211101,IRAN,IRN,SYRIA,SYR,190,재래식 군사력 사용,19,4,-10.0,10,1,10,-2.74151436031331,"Anbar, Sistan va Baluchestan, Iran",IR,https://www.al-monitor.com/originals/2021/10/iran-presumed-behind-attack-us-outpost-eastern-syria
20211101,1012178693,20211101,SAUDI,SAU,LEBANON,LBN,163,금수·보이콧·제재 부과,16,4,-8.0,6,3,6,-0.95693779904307,Saudi Arabia,SA,https://www.bignewsnetwork.com/news/271628949/iraq-says-to-keep-markets-open-to-lebanese-exports-after-saudi-import-ban
20211101,1012178694,20211101,SAUDI,SAU,LEBANON,LBN,163,금수·보이콧·제재 부과,16,4,-8.0,6,3,6,-0.95693779904307,"Beirut, Beyrouth, Lebanon",LE,https://www.bignewsnetwork.com/news/271628949/iraq-says-to-keep-markets-open-to-lebanese-exports-after-saudi-import-ban
20211101,1012178695,20211101,SAUDI ARABIA,SAU,LEBANON,LBN,163,금수·보이콧·제재 부과,16,4,-8.0,18,3,18,-0.95693779904307,Saudi Arabia,SA,https://www.bignewsnetwork.com/news/271628949/iraq-says-to-keep-markets-open-to-lebanese-exports-after-saudi-import-ban
20211101,1012178726,20211101,TURKEY,TUR,SYRIAN,SYR,190,재래식 군사력 사용,19,4,-10.0,8,1,8,-3.19699106723084,"Bayraktar, Erzurum, Turkey",TU,https://www.memri.org/reports/former-donetsk-peoples-republic-defense-minister-igor-strelkov-russia-will-not-punish-turkey
20211101,1012178727,20211101,TURKEY,TUR,SYRIAN,SYR,190,재래식 군사력 사용,19,4,-10.0,2,1,2,-3.19699106723084,Syria,SY,https://www.memri.org/reports/former-donetsk-peoples-republic-defense-minister-igor-strelkov-russia-will-not-punish-turkey
20211101,1012179934,20211101,BAHRAINI,BHR,IRAN,IRN,190,재래식 군사력 사용,19,4,-10.0,1,1,1,-7.38916256157636,Bahrain,BA,http://famagusta-gazette.com/2021/11/01/iran-warns-against-israeli-threats-calls-u-s-military-flight-over-regional-waters-provocative/
20211101,1012179935,20211101,BAHRAINI,BHR,IRAN,IRN,190,재래식 군사력 사용,19,4,-10.0,1,1,1,-7.38916256157636,Bahrain,BA,http://famagusta-gazette.com/2021/11/01/iran-warns-against-israeli-threats-calls-u-s-military-flight-over-regional-waters-provocative/
20211101,1012179938,20211101,BAHRAINI,BHR,IRAN,IRN,190,재래식 군사력 사용,19,4,-10.0,4,1,4,-7.38916256157636,Bahrain,BA,http://famagusta-gazette.com/2021/11/01/iran-warns-against-israeli-threats-calls-u-s-military-flight-over-regional-waters-provocative/
20211101,1012179939,20211101,BAHRAIN,BHR,IRAN,IRN,190,재래식 군사력 사용,19,4,-10.0,2,1,2,-7.38916256157636,Bahrain,BA,http://famagusta-gazette.com/2021/11/01/iran-warns-against-israeli-threats-calls-u-s-military-flight-over-regional-waters-provocative/
20211101,1012180168,20211101,EGYPTIAN,EGY,IRAN,IRN,190,재래식 군사력 사용,19,4,-10.0,5,1,5,-7.38916256157636,Bahrain,BA,http://famagusta-gazette.com/2021/11/01/iran-warns-against-israeli-threats-calls-u-s-military-flight-over-regional-waters-provocative/
20211101,1012180169,20211101,EGYPTIAN,EGY,IRAN,IRN,190,재래식 군사력 사용,19,4,-10.0,3,1,3,-7.38916256157636,Bahrain,BA,http://famagusta-gazette.com/2021/11/01/iran-warns-against-israeli-threats-calls-u-s-military-flight-over-regional-waters-provocative/
20211101,1012180414,20211101,IRAN,IRN,SYRIA,SYR,190,재래식 군사력 사용,19,4,-10.0,2,1,2,0.38431975403536,Iran,IR,https://www.defenseone.com/threats/2021/11/the-d-brief-november-01-2021/186515/
20211101,1012180415,20211101,IRAN,IRN,SYRIA,SYR,190,재래식 군사력 사용,19,4,-10.0,8,1,8,0.38431975403536,Iran,IR,https://www.defenseone.com/threats/2021/11/the-d-brief-november-01-2021/186515/
20211101,1012180431,20211101,ISRAELI,ISR,IRAN,IRN,190,재래식 군사력 사용,19,4,-10.0,8,1,8,-7.38916256157636,Bahrain,BA,http://famagusta-gazette.com/2021/11/01/iran-warns-against-israeli-threats-calls-u-s-military-flight-over-regional-waters-provocative/
20211101,1012180668,20211101,SAUDI ARABIA,SAU,IRAN,IRN,190,재래식 군사력 사용,19,4,-10.0,2,1,2,-7.38916256157636,Bahrain,BA,http://famagusta-gazette.com/2021/11/01/iran-warns-against-israeli-threats-calls-u-s-military-flight-over-regional-waters-provocative/
20211101,1012180669,20211101,SAUDI ARABIAN,SAU,IRAN,IRN,190,재래식 군사력 사용,19,4,-10.0,1,1,1,-7.38916256157636,Bahrain,BA,http://famagusta-gazette.com/2021/11/01/iran-warns-against-israeli-threats-calls-u-s-military-flight-over-regional-waters-provocative/
20211101,1012180670,20211101,SAUDI ARABIAN,SAU,IRAN,IRN,190,재래식 군사력 사용,19,4,-10.0,5,1,5,-7.38916256157636,Bahrain,BA,http://famagusta-gazette.com/2021/11/01/iran-warns-against-israeli-threats-calls-u-s-military-flight-over-regional-waters-provocative/
20211101,1012181719,20211101,ISRAEL,ISR,GAZA,PSE,194,포병·전차를 이용한 전투,19,4,-10.0,2,1,2,-2.87081339712918,"Paris, France (general), France",FR,https://www.reuters.com/world/middle-east/egypt-allocate-500-mln-gaza-rebuilding-effort-presidency-2021-05-18/
20211101,1012190227,20211101,SAUDI ARABIA,SAU,SANAA,YEM,192,영토 점령,19,4,-9.5,28,22,28,-4.92580488034465,"Riyadh, Ar Riya?, Saudi Arabia",SA,https://halifax.citynews.ca/world-news/explainer-why-frustrated-saudi-is-lashing-out-at-lebanon-4711579
20211101,1012190228,20211101,SAUDI,SAU,SANAA,YEM,192,영토 점령,19,4,-9.5,124,27,124,-4.87428223568737,"Sanaa, Sana', Yemen",YM,https://www.thetelegraph.com/news/article/EXPLAINER-Why-frustrated-Saudi-is-lashing-out-at-16582919.php
20211101,1012191520,20211101,ISRAEL,ISR,WEST BANK,PSE,190,재래식 군사력 사용,19,4,-10.0,2,1,2,-10.2310231023103,"Nilin, West Bank (general), West Bank",WE,"https://www.presstv.ir/Detail/2021/11/01/669720/Palestine-West-Bank-Huthayfa-Jabari,-al-Khalil-al-Quds-"
20211101,1012191521,20211101,ISRAELI,ISR,WEST BANK,PSE,190,재래식 군사력 사용,19,4,-10.0,14,1,8,-10.2310231023103,"Nilin, West Bank (general), West Bank",WE,"https://www.presstv.ir/Detail/2021/11/01/669720/Palestine-West-Bank-Huthayfa-Jabari,-al-Khalil-al-Quds-"
20211101,1012191522,20211101,ISRAEL,ISR,WEST BANK,PSE,190,재래식 군사력 사용,19,4,-10.0,2,1,2,-10.2310231023103,Israel,IS,"https://www.presstv.ir/Detail/2021/11/01/669720/Palestine-West-Bank-Huthayfa-Jabari,-al-Khalil-al-Quds-"
20211101,1012191871,20211101,TURKEY,TUR,SYRIA,SYR,154,군 병력 동원·증강,15,4,-7.2,8,1,8,-2.05128205128205,"Ankara, Ankara, Turkey",TU,"https://www.presstv.ir/Detail/2021/11/01/669707/US,-Turkish-military-forces-dispatches-new-reinforcements-to-bases-in-northeastern-Syria"
20211101,1012191872,20211101,TURKEY,TUR,SYRIA,SYR,154,군 병력 동원·증강,15,4,-7.2,2,1,2,-2.05128205128205,"Ankara, Ankara, Turkey",TU,"https://www.presstv.ir/Detail/2021/11/01/669707/US,-Turkish-military-forces-dispatches-new-reinforcements-to-bases-in-northeastern-Syria"
20211101,1012192144,20211101,SANA,YEM,SYRIA,SYR,190,재래식 군사력 사용,19,4,-10.0,2,1,2,-2.05128205128205,"Ras Al-Ayn, Rif Dimashq, Syria",SY,"https://www.presstv.ir/Detail/2021/11/01/669707/US,-Turkish-military-forces-dispatches-new-reinforcements-to-bases-in-northeastern-Syria"
20211101,1012197520,20211101,IRAN,IRN,YEMEN,YEM,192,영토 점령,19,4,-9.5,4,2,4,-4.11522633744856,"Marib, Ma'rib, Yemen",YM,https://www.arabherald.com/news/271630091/25-killed-in-houthi-attack-in-yemen-marib
20211101,1012197747,20211101,SYRIA,SYR,IRANIAN,IRN,190,재래식 군사력 사용,19,4,-10.0,6,1,5,-3.23679727427598,"Tehran, Tehran, Iran",IR,https://www.arabnews.com/node/1959491
20211101,1012197748,20211101,SYRIA,SYR,IRANIAN,IRN,190,재래식 군사력 사용,19,4,-10.0,4,1,4,-3.23679727427598,Syria,SY,https://www.arabnews.com/node/1959491
20211101,1012203193,20211025,SAUDI ARABIA,SAU,LEBANON,LBN,139,최후통첩,13,3,-7.0,10,1,10,1.05263157894737,Saudi Arabia,SA,https://news.am/eng/news/670273.html
20211101,1012203903,20211101,ISRAELI,ISR,WEST BANK,PSE,190,재래식 군사력 사용,19,4,-10.0,2,1,2,0.0,"Paris, France (general), France",FR,https://www.al-monitor.com/originals/2021/11/bennett-meets-frances-macron-glasgow-discusses-spyware-flap
20211101,1012203904,20211101,ISRAELI,ISR,WEST BANK,PSE,190,재래식 군사력 사용,19,4,-10.0,8,1,8,0.0,"Jerusalem, Israel (general), Israel",IS,https://www.al-monitor.com/originals/2021/11/bennett-meets-frances-macron-glasgow-discusses-spyware-flap
20211101,1012210356,20211101,TURKEY,TUR,SYRIAN,SYR,190,재래식 군사력 사용,19,4,-10.0,2,1,2,-3.73665480427046,"Ankara, Ankara, Turkey",TU,https://www.modernghana.com/news/1115333/turkey-steps-up-threats-against-syrian-kurdish.html
20211102,1012215030,20211102,SAUDI,SAU,LEBANON,LBN,139,최후통첩,13,3,-7.0,2,1,2,-0.589970501474919,"Riyadh, Ar Riya?, Saudi Arabia",SA,http://www.jordantimes.com/news/region/lebanon%C2%A0invites-saudis-talks-diplomatic-row-deepens
20211102,1012215031,20211102,SAUDI,SAU,LEBANON,LBN,139,최후통첩,13,3,-7.0,11,7,11,-2.51239373845626,"Beirut, Beyrouth, Lebanon",LE,http://www.jordantimes.com/news/region/lebanon%C2%A0invites-saudis-talks-diplomatic-row-deepens
20211102,1012215041,20211102,SAUDI,SAU,SANAA,YEM,192,영토 점령,19,4,-9.5,39,36,39,-4.88108816660191,"Riyadh, Ar Riya?, Saudi Arabia",SA,https://www.ivpressonline.com/news/world/explainer-why-saudi-arabia-is-upset-lashing-out-at-lebanon/article_899be25f-a213-5475-b9fc-e0396c9a09a4.html
20211102,1012215042,20211102,SAUDI,SAU,SANAA,YEM,192,영토 점령,19,4,-9.5,185,43,185,-4.83962492017506,"Sanaa, Sana', Yemen",YM,https://www.ivpressonline.com/news/world/explainer-why-saudi-arabia-is-upset-lashing-out-at-lebanon/article_899be25f-a213-5475-b9fc-e0396c9a09a4.html
20211102,1012217214,20211102,SAUDI,SAU,LEBANON,LBN,163,금수·보이콧·제재 부과,16,4,-8.0,2,1,2,-0.95693779904307,Saudi Arabia,SA,https://www.middleeaststar.com/news/271628949/iraq-says-to-keep-markets-open-to-lebanese-exports-after-saudi-import-ban
20211102,1012217215,20211102,SAUDI,SAU,LEBANON,LBN,163,금수·보이콧·제재 부과,16,4,-8.0,2,1,2,-0.95693779904307,"Beirut, Beyrouth, Lebanon",LE,https://www.middleeaststar.com/news/271628949/iraq-says-to-keep-markets-open-to-lebanese-exports-after-saudi-import-ban
20211102,1012217216,20211102,SAUDI ARABIA,SAU,LEBANON,LBN,163,금수·보이콧·제재 부과,16,4,-8.0,6,1,6,-0.95693779904307,Saudi Arabia,SA,https://www.middleeaststar.com/news/271628949/iraq-says-to-keep-markets-open-to-lebanese-exports-after-saudi-import-ban
20211102,1012220183,20211102,IRAN,IRN,YEMEN,YEM,192,영토 점령,19,4,-9.5,10,5,10,-3.92008620719968,"Marib, Ma'rib, Yemen",YM,https://www.iraqsun.com/news/271630091/25-killed-in-houthi-attack-in-yemen-marib
20211102,1012224060,20211102,BAHRAINI,BHR,IRAN,IRN,190,재래식 군사력 사용,19,4,-10.0,11,5,11,-7.20328614269629,Bahrain,BA,http://www.news.cn/english/2021-11/01/c_1310284294.htm
20211102,1012224061,20211102,BAHRAINI,BHR,IRAN,IRN,190,재래식 군사력 사용,19,4,-10.0,2,2,2,-7.10053066037736,Saudi Arabia,SA,http://www.news.cn/english/2021-11/01/c_1310284294.htm
20211102,1012224064,20211102,BAHRAINI,BHR,IRAN,IRN,190,재래식 군사력 사용,19,4,-10.0,16,5,16,-7.20328614269629,Bahrain,BA,http://www.news.cn/english/2021-11/01/c_1310284294.htm
20211102,1012224065,20211102,BAHRAIN,BHR,IRAN,IRN,190,재래식 군사력 사용,19,4,-10.0,8,5,8,-7.20328614269629,Bahrain,BA,http://www.news.cn/english/2021-11/01/c_1310284294.htm
20211102,1012224278,20211102,EGYPTIAN,EGY,IRAN,IRN,190,재래식 군사력 사용,19,4,-10.0,27,5,27,-7.20328614269629,Bahrain,BA,http://www.news.cn/english/2021-11/01/c_1310284294.htm
20211102,1012224279,20211102,EGYPT,EGY,IRAN,IRN,190,재래식 군사력 사용,19,4,-10.0,8,5,8,-7.20328614269629,Bahrain,BA,http://www.news.cn/english/2021-11/01/c_1310284294.htm
20211102,1012224280,20211102,EGYPTIAN,EGY,IRAN,IRN,190,재래식 군사력 사용,19,4,-10.0,2,2,2,-7.10053066037736,Saudi Arabia,SA,http://www.news.cn/english/2021-11/01/c_1310284294.htm
20211102,1012224471,20211102,ISRAELI,ISR,IRAN,IRN,190,재래식 군사력 사용,19,4,-10.0,2,2,2,-7.10053066037736,Saudi Arabia,SA,http://www.news.cn/english/2021-11/01/c_1310284294.htm
20211102,1012224472,20211102,ISRAELI,ISR,IRAN,IRN,190,재래식 군사력 사용,19,4,-10.0,35,5,35,-7.20328614269629,Bahrain,BA,http://www.news.cn/english/2021-11/01/c_1310284294.htm
20211102,1012224711,20211102,SAUDI ARABIA,SAU,IRAN,IRN,190,재래식 군사력 사용,19,4,-10.0,8,5,8,-7.20328614269629,Bahrain,BA,http://www.news.cn/english/2021-11/01/c_1310284294.htm
20211102,1012224712,20211102,SAUDI ARABIAN,SAU,IRAN,IRN,190,재래식 군사력 사용,19,4,-10.0,2,2,2,-7.10053066037736,Saudi Arabia,SA,http://www.news.cn/english/2021-11/01/c_1310284294.htm
20211102,1012224713,20211102,SAUDI ARABIAN,SAU,IRAN,IRN,190,재래식 군사력 사용,19,4,-10.0,27,5,27,-7.20328614269629,Bahrain,BA,http://www.news.cn/english/2021-11/01/c_1310284294.htm
20211102,1012227579,20211102,BAHRAIN,BHR,LEBANESE,LBN,139,최후통첩,13,3,-7.0,2,1,2,-5.64263322884013,Bahrain,BA,https://www.al-monitor.com/originals/2021/11/four-gulf-states-recall-diplomats-beirut
20211102,1012227580,20211102,BAHRAIN,BHR,LEBANESE,LBN,139,최후통첩,13,3,-7.0,6,1,6,-5.64263322884013,Bahrain,BA,https://www.al-monitor.com/originals/2021/11/four-gulf-states-recall-diplomats-beirut
20211102,1012228655,20211102,SAUDI,SAU,YEMEN,YEM,190,재래식 군사력 사용,19,4,-10.0,2,1,2,-5.64263322884013,Saudi Arabia,SA,https://www.al-monitor.com/originals/2021/11/four-gulf-states-recall-diplomats-beirut
20211102,1012228656,20211102,SAUDI ARABIA,SAU,YEMEN,YEM,190,재래식 군사력 사용,19,4,-10.0,6,1,6,-5.64263322884013,Saudi Arabia,SA,https://www.al-monitor.com/originals/2021/11/four-gulf-states-recall-diplomats-beirut
20211102,1012228657,20211102,SAUDI,SAU,YEMEN,YEM,190,재래식 군사력 사용,19,4,-10.0,2,1,2,-5.64263322884013,Yemen,YM,https://www.al-monitor.com/originals/2021/11/four-gulf-states-recall-diplomats-beirut
20211102,1012237179,20211102,ISRAEL,ISR,EGYPT,EGY,190,재래식 군사력 사용,19,4,-10.0,2,2,2,-7.94930875576037,"Kafr Qasim, HaMerkaz, Israel",IS,https://www.rfi.fr/en/suez-crisis-triggered-israel-s-first-occupation-of-gaza
20211102,1012237180,20211102,ISRAEL,ISR,EGYPT,EGY,190,재래식 군사력 사용,19,4,-10.0,29,5,29,-7.83522927541156,"Kafr Qasim, HaMerkaz, Israel",IS,https://www.rfi.fr/en/suez-crisis-triggered-israel-s-first-occupation-of-gaza
20211102,1012237181,20211102,ISRAEL,ISR,EGYPT,EGY,190,재래식 군사력 사용,19,4,-10.0,3,1,3,-7.86516853932585,"Kafr Qasim, HaMerkaz, Israel",IS,http://www.msn.com/en-us/news/world/suez-crisis-triggered-israel-s-first-occupation-of-gaza/ar-AAQcsAQ
20211102,1012237182,20211102,ISRAEL,ISR,EGYPT,EGY,192,영토 점령,19,4,-9.5,4,2,4,-7.94930875576037,"Gaza, Israel (general), Israel",IS,https://www.rfi.fr/en/suez-crisis-triggered-israel-s-first-occupation-of-gaza
20211102,1012237183,20211102,ISRAEL,ISR,SINAI PENINSULA,EGY,192,영토 점령,19,4,-9.5,16,4,16,-7.77624115195554,"Gaza, Israel (general), Israel",IS,https://www.rfi.fr/en/suez-crisis-triggered-israel-s-first-occupation-of-gaza
20211102,1012237188,20211102,ISRAEL,ISR,WEST BANK,PSE,190,재래식 군사력 사용,19,4,-10.0,30,4,30,-7.77624115195554,"Unrwa, West Bank (general), West Bank",WE,https://www.rfi.fr/en/suez-crisis-triggered-israel-s-first-occupation-of-gaza
20211102,1012237189,20211102,ISRAELI,ISR,WEST BANK,PSE,190,재래식 군사력 사용,19,4,-10.0,150,37,150,-4.60470377916511,"Gaza, Israel (general), Israel",IS,http://www.msn.com/en-us/news/world/suez-crisis-triggered-israel-s-first-occupation-of-gaza/ar-AAQcsAQ
20211102,1012237190,20211102,ISRAELI,ISR,WEST BANK,PSE,190,재래식 군사력 사용,19,4,-10.0,6,1,6,-7.86516853932585,"Unrwa, West Bank (general), West Bank",WE,http://www.msn.com/en-us/news/world/suez-crisis-triggered-israel-s-first-occupation-of-gaza/ar-AAQcsAQ
20211102,1012237191,20211102,ISRAELI,ISR,WEST BANK,PSE,190,재래식 군사력 사용,19,4,-10.0,4,2,4,-7.94930875576037,"Khan Yunis, Gaza Strip (general), Gaza Strip",GZ,https://www.rfi.fr/en/suez-crisis-triggered-israel-s-first-occupation-of-gaza
20211102,1012237192,20211102,ISRAEL,ISR,GAZA,PSE,192,영토 점령,19,4,-9.5,2,2,2,-7.94930875576037,"Gaza, Israel (general), Israel",IS,https://www.rfi.fr/en/suez-crisis-triggered-israel-s-first-occupation-of-gaza
20211102,1012237193,20211102,ISRAEL,ISR,GAZA,PSE,192,영토 점령,19,4,-9.5,7,4,7,-7.77624115195554,"Gaza, Israel (general), Israel",IS,https://www.rfi.fr/en/suez-crisis-triggered-israel-s-first-occupation-of-gaza
20211102,1012237371,20211102,GAZA,PSE,ISRAEL,ISR,190,재래식 군사력 사용,19,4,-10.0,16,2,16,-7.68970735005313,"Jerusalem, Israel (general), Israel",IS,http://www.msn.com/en-us/news/world/suez-crisis-triggered-israel-s-first-occupation-of-gaza/ar-AAQcsAQ
20211102,1012237372,20211102,GAZA,PSE,ISRAELI,ISR,190,재래식 군사력 사용,19,4,-10.0,145,36,145,-4.53909813806075,"Gaza, Israel (general), Israel",IS,http://www.msn.com/en-us/news/world/suez-crisis-triggered-israel-s-first-occupation-of-gaza/ar-AAQcsAQ
20211102,1012237373,20211102,GAZA,PSE,ISRAELI,ISR,190,재래식 군사력 사용,19,4,-10.0,3,1,3,-7.86516853932585,"Khan Yunis, Gaza Strip (general), Gaza Strip",GZ,http://www.msn.com/en-us/news/world/suez-crisis-triggered-israel-s-first-occupation-of-gaza/ar-AAQcsAQ
20211102,1012237374,20211102,GAZA,PSE,ISRAEL,ISR,190,재래식 군사력 사용,19,4,-10.0,7,2,7,-7.68970735005313,"Gaza, Israel (general), Israel",IS,http://www.msn.com/en-us/news/world/suez-crisis-triggered-israel-s-first-occupation-of-gaza/ar-AAQcsAQ
20211102,1012237375,20211102,GAZA,PSE,ISRAEL,ISR,190,재래식 군사력 사용,19,4,-10.0,7,2,7,-7.68970735005313,"Khan Yunis, Gaza Strip (general), Gaza Strip",GZ,http://www.msn.com/en-us/news/world/suez-crisis-triggered-israel-s-first-occupation-of-gaza/ar-AAQcsAQ
20211102,1012246750,20211026,ISRAEL,ISR,IRAN,IRN,154,군 병력 동원·증강,15,4,-7.2,2,1,2,-3.65853658536585,"Tehran, Tehran, Iran",IR,https://www.wsws.org/en/articles/2021/11/02/iran-n02.html
20211102,1012252504,20211102,SAUDI,SAU,SYRIA,SYR,190,재래식 군사력 사용,19,4,-10.0,1,1,1,-3.15227934044617,"Tehran, Tehran, Iran",IR,"http://orientxxi.info/magazine/the-arabs-are-back-on-their-road-to-damascus,5159"
20211102,1012252505,20211102,SAUDI,SAU,SYRIA,SYR,190,재래식 군사력 사용,19,4,-10.0,1,1,1,-3.15227934044617,"Riyadh, Ar Riya?, Saudi Arabia",SA,"http://orientxxi.info/magazine/the-arabs-are-back-on-their-road-to-damascus,5159"
20211102,1012252516,20211102,SYRIA,SYR,SAUDI ARABIA,SAU,190,재래식 군사력 사용,19,4,-10.0,1,1,1,-3.15227934044617,"Tehran, Tehran, Iran",IR,"http://orientxxi.info/magazine/the-arabs-are-back-on-their-road-to-damascus,5159"
20211102,1012257982,20211102,JORDANIAN,JOR,PALESTINIAN,PSE,190,재래식 군사력 사용,19,4,-10.0,8,1,8,-3.99032648125756,Jordan,JO,https://www.al-monitor.com/originals/2021/11/israel-demolishes-muslim-cemetery-near-al-aqsa-mosque-build-park
20211102,1012258163,20211102,PALESTINIAN,PSE,JORDANIAN,JOR,190,재래식 군사력 사용,19,4,-10.0,8,1,8,-3.99032648125756,"Jerusalem, Israel (general), Israel",IS,https://www.al-monitor.com/originals/2021/11/israel-demolishes-muslim-cemetery-near-al-aqsa-mosque-build-park
20211102,1012267177,20211102,SAUDI ARABIA,SAU,LEBANESE,LBN,139,최후통첩,13,3,-7.0,2,1,2,-4.4932079414838,"Riyadh, Ar Riya?, Saudi Arabia",SA,https://gulfnews.com/opinion/op-eds/lebanon-to-blame-for-strained-relationship-with-kingdom-1.83385241
20211102,1012267178,20211102,SAUDI ARABIA,SAU,BEIRUT,LBN,139,최후통첩,13,3,-7.0,1,1,1,-4.4932079414838,"Beirut, Beyrouth, Lebanon",LE,https://gulfnews.com/opinion/op-eds/lebanon-to-blame-for-strained-relationship-with-kingdom-1.83385241
20211102,1012267180,20211102,SAUDI ARABIA,SAU,LEBANESE,LBN,139,최후통첩,13,3,-7.0,6,1,6,-4.4932079414838,"Riyadh, Ar Riya?, Saudi Arabia",SA,https://gulfnews.com/opinion/op-eds/lebanon-to-blame-for-strained-relationship-with-kingdom-1.83385241
20211102,1012273912,20211102,IRAN,IRN,IRAQ,IRQ,190,재래식 군사력 사용,19,4,-10.0,8,1,8,-7.9185520361991,"Tehran, Tehran, Iran",IR,https://www.republicworld.com/world-news/rest-of-the-world-news/iran-warns-israel-and-calls-us-military-flight-over-regional-waters-provocative.html
20211102,1012273913,20211102,IRAN,IRN,IRAQ,IRQ,190,재래식 군사력 사용,19,4,-10.0,2,1,2,-7.9185520361991,"Tehran, Tehran, Iran",IR,https://www.republicworld.com/world-news/rest-of-the-world-news/iran-warns-israel-and-calls-us-military-flight-over-regional-waters-provocative.html
20211102,1012273944,20211102,ISRAELI,ISR,SINAI PENINSULA,EGY,138,군사력 사용 위협,13,3,-7.0,7,1,7,-2.48538011695906,"Jerusalem, Israel (general), Israel",IS,https://www.nytimes.com/2021/11/02/magazine/israel-american-jews.html
20211102,1012273960,20211102,ISRAEL,ISR,HAMAS,PSE,190,재래식 군사력 사용,19,4,-10.0,2,1,2,-2.48538011695906,"Gaza, Israel (general), Israel",IS,https://www.nytimes.com/2021/11/02/magazine/israel-american-jews.html
20211102,1012274218,20211102,HAMAS,PSE,ISRAEL,ISR,190,재래식 군사력 사용,19,4,-10.0,2,1,2,-2.48538011695906,"Gaza, Israel (general), Israel",IS,https://www.nytimes.com/2021/11/02/magazine/israel-american-jews.html
20211102,1012277396,20211102,BAHRAINI,BHR,IRAN,IRN,190,재래식 군사력 사용,19,4,-10.0,1,1,1,-7.52688172043011,Egypt,EG,http://en.people.cn/n3/2021/1102/c90000-9914346.html
20211102,1012277574,20211102,EGYPTIAN,EGY,IRAN,IRN,190,재래식 군사력 사용,19,4,-10.0,1,1,1,-7.52688172043011,Egypt,EG,http://en.people.cn/n3/2021/1102/c90000-9914346.html
20211102,1012277856,20211102,ISRAELI,ISR,IRAN,IRN,190,재래식 군사력 사용,19,4,-10.0,1,1,1,-7.52688172043011,Egypt,EG,http://en.people.cn/n3/2021/1102/c90000-9914346.html
20211102,1012278078,20211102,SAUDI ARABIAN,SAU,IRAN,IRN,190,재래식 군사력 사용,19,4,-10.0,1,1,1,-7.52688172043011,Egypt,EG,http://en.people.cn/n3/2021/1102/c90000-9914346.html
20211102,1012279601,20211102,ISRAEL,ISR,EGYPT,EGY,190,재래식 군사력 사용,19,4,-10.0,1,1,1,-7.16332378223496,"Kafr Qasim, HaMerkaz, Israel",IS,https://www.ynetnews.com/magazine/article/s100lvvc8t
20211102,1012279605,20211102,ISRAEL,ISR,GAZA,PSE,192,영토 점령,19,4,-9.5,1,1,1,-7.16332378223496,"Jerusalem, Israel (general), Israel",IS,https://www.ynetnews.com/magazine/article/s100lvvc8t
20211102,1012279778,20211102,GAZA,PSE,ISRAEL,ISR,190,재래식 군사력 사용,19,4,-10.0,1,1,1,-7.16332378223496,"Jerusalem, Israel (general), Israel",IS,https://www.ynetnews.com/magazine/article/s100lvvc8t
20211102,1012285202,20211102,ISRAELI,ISR,EGYPTIAN,EGY,194,포병·전차를 이용한 전투,19,4,-10.0,3,1,3,1.01209577882005,China,CH,https://cimsec.org/category/strategic-outlook/future-war/
20211102,1012285502,20211102,SAUDI,SAU,LEBANESE,LBN,190,재래식 군사력 사용,19,4,-10.0,2,1,2,-1.5,Lebanon,LE,https://www.albawaba.com/node/another-saudi-punishment-daily-star-lebanese-newspaper-closes-doors-overnight-1453289
20211102,1012285503,20211102,SAUDI,SAU,LEBANESE,LBN,190,재래식 군사력 사용,19,4,-10.0,5,1,5,-1.5,Saudi Arabia,SA,https://www.albawaba.com/node/another-saudi-punishment-daily-star-lebanese-newspaper-closes-doors-overnight-1453289
20211102,1012285504,20211102,SAUDI,SAU,LEBANESE,LBN,190,재래식 군사력 사용,19,4,-10.0,2,1,2,-1.5,Saudi Arabia,SA,https://www.albawaba.com/node/another-saudi-punishment-daily-star-lebanese-newspaper-closes-doors-overnight-1453289
20211102,1012287293,20211102,ISRAEL,ISR,BEIRUT,LBN,193,소형무기·경무기를 이용한 전투,19,4,-10.0,4,2,4,-3.29154108298798,"Beirut, Beyrouth, Lebanon",LE,https://ejpress.org/saudi-move-to-withdraw-from-lebanon-a-game-changer/
20211102,1012287338,20211102,BEIRUT,LBN,ISRAEL,ISR,193,소형무기·경무기를 이용한 전투,19,4,-10.0,4,2,4,-3.29154108298798,"Beirut, Beyrouth, Lebanon",LE,https://ejpress.org/saudi-move-to-withdraw-from-lebanon-a-game-changer/
20211102,1012291665,20211102,SAUDI ARABIA,SAU,YEMEN,YEM,190,재래식 군사력 사용,19,4,-10.0,1,1,1,-6.06060606060606,"Riyadh, Ar Riya?, Saudi Arabia",SA,https://www.presstv.ir/Detail/2021/11/02/669768/Saudi-coalition-Hadi-defeat-Ma-rib
20211102,1012291666,20211102,SAUDI ARABIA,SAU,YEMEN,YEM,190,재래식 군사력 사용,19,4,-10.0,1,1,1,-6.06060606060606,"Marib, Ma'rib, Yemen",YM,https://www.presstv.ir/Detail/2021/11/02/669768/Saudi-coalition-Hadi-defeat-Ma-rib
20211102,1012291667,20211102,SAUDI,SAU,YEMENI,YEM,190,재래식 군사력 사용,19,4,-10.0,5,1,5,-6.06060606060606,"Riyadh, Ar Riya?, Saudi Arabia",SA,https://www.presstv.ir/Detail/2021/11/02/669768/Saudi-coalition-Hadi-defeat-Ma-rib
20211102,1012291922,20211102,YEMENI,YEM,SAUDI,SAU,190,재래식 군사력 사용,19,4,-10.0,5,1,5,-6.06060606060606,"Marib, Ma'rib, Yemen",YM,https://www.presstv.ir/Detail/2021/11/02/669768/Saudi-coalition-Hadi-defeat-Ma-rib
20211102,1012302477,20211102,ISRAEL,ISR,JORDAN,JOR,1384,재래식 군사 공격 위협,13,3,-7.0,2,1,2,-2.97310051911279,"Jordan Valley, Israel (general), Israel",IS,https://www.middleeasteye.net/news/west-bank-palestine-israel-khirbet-humsah-resist-displacement-jordan-valley
20211102,1012302478,20211102,ISRAEL,ISR,JORDAN,JOR,1384,재래식 군사 공격 위협,13,3,-7.0,1,1,1,-2.97310051911279,"Jordan Valley, Israel (general), Israel",IS,https://www.middleeasteye.net/news/west-bank-palestine-israel-khirbet-humsah-resist-displacement-jordan-valley
20211102,1012305782,20211102,ISRAEL,ISR,WEST BANK,PSE,190,재래식 군사력 사용,19,4,-10.0,1,1,1,-7.14285714285714,"Hebron, Israel (general), Israel",IS,http://english.wafa.ps/Pages/Details/126682
20211102,1012305783,20211102,ISRAEL,ISR,WEST BANK,PSE,190,재래식 군사력 사용,19,4,-10.0,5,1,5,-7.14285714285714,"Idna, West Bank (general), West Bank",WE,http://english.wafa.ps/Pages/Details/126682
20211102,1012307328,20211102,KURDISTAN,IRN,TURKEY,TUR,190,재래식 군사력 사용,19,4,-10.0,4,1,4,-6.08465608465609,"Erbil, Mardin, Turkey",TU,https://www.kurdistan24.net/en/story/26113-US-commission-chair-expresses-concern-over-possible-Turkish-attack-on-Kobani
20211102,1012307670,20211102,TURKEY,TUR,SYRIAN,SYR,190,재래식 군사력 사용,19,4,-10.0,12,1,12,-6.08465608465609,"Erbil, Mardin, Turkey",TU,https://www.kurdistan24.net/en/story/26113-US-commission-chair-expresses-concern-over-possible-Turkish-attack-on-Kobani
20211102,1012311514,20211102,BAHRAIN,BHR,ISRAEL,ISR,190,재래식 군사력 사용,19,4,-10.0,16,2,16,-0.38764312977099,Saudi Arabia,SA,https://www.stripes.com/branches/marine_corps/2021-11-02/centcom-israel-us-marines-security-3464636.html
20211102,1012311516,20211102,BAHRAIN,BHR,JORDAN,JOR,190,재래식 군사력 사용,19,4,-10.0,4,2,4,-0.38764312977099,Saudi Arabia,SA,https://www.stripes.com/branches/marine_corps/2021-11-02/centcom-israel-us-marines-security-3464636.html
20211102,1012314014,20211102,ISRAELI,ISR,HAMAS,PSE,194,포병·전차를 이용한 전투,19,4,-10.0,142,35,142,-4.261925604622,"Gaza, Israel (general), Israel",IS,https://www.ivpressonline.com/news/world/palestinians-reject-offer-to-delay-their-jerusalem-eviction/article_d0fb832f-bc06-50b3-8001-ad0d69322a74.html
20211102,1012314024,20211102,ISRAELI,ISR,PALESTINIAN,PSE,190,재래식 군사력 사용,19,4,-10.0,216,35,216,-4.261925604622,"Gaza, Israel (general), Israel",IS,https://www.ivpressonline.com/news/world/palestinians-reject-offer-to-delay-their-jerusalem-eviction/article_d0fb832f-bc06-50b3-8001-ad0d69322a74.html
20211102,1012314025,20211102,ISRAELI,ISR,HAMAS,PSE,194,포병·전차를 이용한 전투,19,4,-10.0,216,35,216,-4.261925604622,"Gaza, Israel (general), Israel",IS,https://www.ivpressonline.com/news/world/palestinians-reject-offer-to-delay-their-jerusalem-eviction/article_d0fb832f-bc06-50b3-8001-ad0d69322a74.html
20211102,1012314244,20211102,PALESTINIAN,PSE,ISRAELI,ISR,190,재래식 군사력 사용,19,4,-10.0,216,35,216,-4.261925604622,"Gaza, Israel (general), Israel",IS,https://www.ivpressonline.com/news/world/palestinians-reject-offer-to-delay-their-jerusalem-eviction/article_d0fb832f-bc06-50b3-8001-ad0d69322a74.html
20211102,1012322233,20211102,SYRIAN,SYR,ISRAEL,ISR,192,영토 점령,19,4,-9.5,5,1,5,0.0,Syria,SY,https://www.rogerebert.com/reviews/the-syrian-bride-2006
20211102,1012325167,20211102,ISRAELI,ISR,PALESTINIAN,PSE,190,재래식 군사력 사용,19,4,-10.0,4,2,4,-4.91205850363501,"Sheikh Jarrah, Yerushalayim, Israel",IS,https://www.the-journal.com/articles/palestinians-reject-offer-to-delay-their-jerusalem-eviction/
20211102,1012325169,20211102,ISRAELI,ISR,HAMAS,PSE,194,포병·전차를 이용한 전투,19,4,-10.0,2,1,2,-3.7962962962963,"Gaza, Israel (general), Israel",IS,https://www.the-journal.com/articles/palestinians-reject-offer-to-delay-their-jerusalem-eviction/
20211102,1012325418,20211102,PALESTINIAN,PSE,ISRAELI,ISR,190,재래식 군사력 사용,19,4,-10.0,2,1,2,-3.7962962962963,"Sheikh Jarrah, Yerushalayim, Israel",IS,https://www.the-journal.com/articles/palestinians-reject-offer-to-delay-their-jerusalem-eviction/
20211102,1012327293,20211102,IRAQ,IRQ,IRAN,IRN,138,군사력 사용 위협,13,3,-7.0,10,1,10,-6.05517735578646,Iraq,IZ,https://everything2.com:443/title/George+W.+Bush
20211102,1012327630,20211102,SAUDI ARABIA,SAU,BAHRAIN,BHR,194,포병·전차를 이용한 전투,19,4,-10.0,2,1,2,-6.05517735578646,Kuwait,KU,https://everything2.com:443/title/George+W.+Bush
20211102,1012327631,20211102,SAUDI ARABIA,SAU,IRAN,IRN,194,포병·전차를 이용한 전투,19,4,-10.0,2,1,2,-6.05517735578646,Kuwait,KU,https://everything2.com:443/title/George+W.+Bush
20211102,1012327632,20211102,SAUDI ARABIA,SAU,IRAN,IRN,194,포병·전차를 이용한 전투,19,4,-10.0,8,1,8,-6.05517735578646,Kuwait,KU,https://everything2.com:443/title/George+W.+Bush
20211102,1012327633,20211102,SAUDI ARABIA,SAU,ISRAEL,ISR,194,포병·전차를 이용한 전투,19,4,-10.0,2,1,2,-6.05517735578646,Kuwait,KU,https://everything2.com:443/title/George+W.+Bush
20211102,1012327638,20211102,SAUDI,SAU,SANAA,YEM,192,영토 점령,19,4,-9.5,4,1,4,-6.4,"Sanaa, Sana', Yemen",YM,https://www.compsmag.com/news/explanator-why-saudi-arabia-is-upset-attacking-lebanon/
20211102,1012327639,20211102,SAUDI,SAU,SANAA,YEM,192,영토 점령,19,4,-9.5,1,1,1,-6.4,Saudi Arabia,SA,https://www.compsmag.com/news/explanator-why-saudi-arabia-is-upset-attacking-lebanon/
20211102,1012330671,20211102,PALESTINIAN,PSE,ISRAEL,ISR,190,재래식 군사력 사용,19,4,-10.0,2,1,2,-4.24799081515499,Canada,CA,https://www.cbc.ca/news/canada/new-brunswick/anti-semitism-more-visible-1.6233120
20211102,1012330674,20211102,PALESTINIAN,PSE,ISRAEL,ISR,190,재래식 군사력 사용,19,4,-10.0,1,1,1,-4.24799081515499,Israel,IS,https://www.cbc.ca/news/canada/new-brunswick/anti-semitism-more-visible-1.6233120
20211102,1012330675,20211102,HAMAS,PSE,ISRAEL,ISR,190,재래식 군사력 사용,19,4,-10.0,3,1,3,-4.24799081515499,Israel,IS,https://www.cbc.ca/news/canada/new-brunswick/anti-semitism-more-visible-1.6233120
20211102,1012334685,20211102,SYRIAN,SYR,ISRAELI,ISR,193,소형무기·경무기를 이용한 전투,19,4,-10.0,6,2,6,-2.25994027974226,"Jerusalem, Israel (general), Israel",IS,https://www.algemeiner.com/2021/11/02/syrian-military-bunker-filled-with-explosives-from-six-day-war-uncovered-in-israels-golan-heights/
20211102,1012334686,20211102,SYRIAN,SYR,ISRAELI,ISR,193,소형무기·경무기를 이용한 전투,19,4,-10.0,12,2,12,-2.25994027974226,"Jerusalem, Israel (general), Israel",IS,https://www.algemeiner.com/2021/11/02/syrian-military-bunker-filled-with-explosives-from-six-day-war-uncovered-in-israels-golan-heights/
20211102,1012344886,20211102,SAUDI,SAU,LEBANON,LBN,139,최후통첩,13,3,-7.0,1,1,1,-2.40174672489082,"Beirut, Beyrouth, Lebanon",LE,https://www.middleeasteye.net/news/bahrain-tells-citizens-leave-lebanon-gulf-spat-continues
20211102,1012344895,20211102,SAUDI ARABIA,SAU,YEMEN,YEM,190,재래식 군사력 사용,19,4,-10.0,3,1,3,-7.79816513761468,"Riyadh, Ar Riya?, Saudi Arabia",SA,https://nationalinterest.org/blog/middle-east-watch/lebanon-political-crisis-deepens-offending-minister-won%E2%80%99t-resign-195765
20211102,1012344896,20211102,SAUDI ARABIA,SAU,YEMEN,YEM,190,재래식 군사력 사용,19,4,-10.0,5,1,5,-7.79816513761468,"Beirut, Beyrouth, Lebanon",LE,https://nationalinterest.org/blog/middle-east-watch/lebanon-political-crisis-deepens-offending-minister-won%E2%80%99t-resign-195765
20211102,1012353317,20211102,IRAN,IRN,SAUDI,SAU,192,영토 점령,19,4,-9.5,2,1,2,-3.77358490566038,"Marib, Ma'rib, Yemen",YM,http://www.china.org.cn/world/Off_the_Wire/2021-11/03/content_77847152.htm
20211102,1012353349,20211102,ISRAEL,ISR,DAMASCUS,SYR,194,포병·전차를 이용한 전투,19,4,-10.0,2,1,2,-1.02669404517454,"Damascus, Dimashq, Syria",SY,https://www.middleeastmonitor.com/20211102-israel-reveals-footage-of-secret-missile-system-confirming-use-in-syria-attack/
20211102,1012357921,20211102,SAUDI,SAU,LEBANON,LBN,139,최후통첩,13,3,-7.0,4,3,4,-3.33748726847831,"Riyadh, Ar Riya?, Saudi Arabia",SA,https://www.arabnews.com/node/1960246/middle-east
20211102,1012360096,20211102,PALESTINIAN,PSE,ISRAEL,ISR,192,영토 점령,19,4,-9.5,10,1,10,-1.42857142857143,"Gaza, Israel (general), Israel",IS,https://themedialine.org/headlines/palestinian-families-in-sheikh-jarrah-reject-compromise-to-avoid-eviction/
20211102,1012360097,20211102,PALESTINIAN,PSE,JERUSALEM,ISR,194,포병·전차를 이용한 전투,19,4,-10.0,1,1,1,-1.42857142857143,"Gaza, Israel (general), Israel",IS,https://themedialine.org/headlines/palestinian-families-in-sheikh-jarrah-reject-compromise-to-avoid-eviction/
20211102,1012360098,20211102,PALESTINIAN,PSE,ISRAEL,ISR,194,포병·전차를 이용한 전투,19,4,-10.0,4,1,4,-1.42857142857143,"Gaza, Israel (general), Israel",IS,https://themedialine.org/headlines/palestinian-families-in-sheikh-jarrah-reject-compromise-to-avoid-eviction/
20211102,1012367062,20211102,IRAQ,IRQ,IRANIAN,IRN,194,포병·전차를 이용한 전투,19,4,-10.0,3,1,3,-2.74509803921568,"Teheran, Iran (general), Iran",IR,https://blogs.timesofisrael.com/lockerbie-bushnaq-iran/
20211102,1012367063,20211102,IRAQ,IRQ,IRANIAN,IRN,194,포병·전차를 이용한 전투,19,4,-10.0,2,1,2,-2.74509803921568,Israel,IS,https://blogs.timesofisrael.com/lockerbie-bushnaq-iran/
20211102,1012368774,20211102,IRAN,IRN,HAMAS,PSE,190,재래식 군사력 사용,19,4,-10.0,10,1,10,-2.48756218905473,"Tehran, Tehran, Iran",IR,https://www.haaretz.com/israel-news/.premium-israel-s-cyber-capabilities-are-superior-to-iran-s-but-it-has-a-soft-underbelly-1.10347895
20211102,1012369018,20211102,HAMAS,PSE,IRAN,IRN,190,재래식 군사력 사용,19,4,-10.0,10,1,10,-2.48756218905473,"Tehran, Tehran, Iran",IR,https://www.haaretz.com/israel-news/.premium-israel-s-cyber-capabilities-are-superior-to-iran-s-but-it-has-a-soft-underbelly-1.10347895
20211102,1012370143,20211102,ISRAEL,ISR,LEBANON,LBN,190,재래식 군사력 사용,19,4,-10.0,2,1,2,-3.13351498637602,"Damascus, Dimashq, Syria",SY,https://breakingdefense.com/2021/11/israel-us-step-up-direct-actions-against-iranian-drone-production/
20211102,1012370144,20211102,ISRAEL,ISR,LEBANON,LBN,190,재래식 군사력 사용,19,4,-10.0,8,1,8,-3.13351498637602,"Jerusalem, Israel (general), Israel",IS,https://breakingdefense.com/2021/11/israel-us-step-up-direct-actions-against-iranian-drone-production/
20211102,1012372754,20211102,ISRAELI,ISR,PALESTINIAN,PSE,190,재래식 군사력 사용,19,4,-10.0,2,1,2,-6.02782071097373,"Sheikh Jarrah, Yerushalayim, Israel",IS,https://www.presstv.ir/Detail/2021/11/02/669791/Palestine-Sheikh-Jarrah-eviction-Israel-court-families-proposal
20211102,1012382816,20211102,EGYPT,EGY,WEST BANK,PSE,190,재래식 군사력 사용,19,4,-10.0,6,1,6,-8.18915801614764,"Unrwa, West Bank (general), West Bank",WE,https://news.kuwaittimes.net/website/suez-crisis-triggered-first-zionist-gaza-occupation/
20211102,1012382817,20211102,EGYPT,EGY,WEST BANK,PSE,190,재래식 군사력 사용,19,4,-10.0,2,1,2,-8.18915801614764,"Khan Yunis, Gaza Strip (general), Gaza Strip",GZ,https://news.kuwaittimes.net/website/suez-crisis-triggered-first-zionist-gaza-occupation/
20211102,1012383065,20211102,ISRAEL,ISR,EGYPT,EGY,190,재래식 군사력 사용,19,4,-10.0,1,1,1,-8.18915801614764,"Suez, As Suways, Egypt",EG,https://news.kuwaittimes.net/website/suez-crisis-triggered-first-zionist-gaza-occupation/
20211102,1012383066,20211102,ISRAEL,ISR,EGYPT,EGY,192,영토 점령,19,4,-9.5,2,1,2,-8.18915801614764,"Gaza, Israel (general), Israel",IS,https://news.kuwaittimes.net/website/suez-crisis-triggered-first-zionist-gaza-occupation/
20211102,1012388761,20211102,SAUDI,SAU,LEBANON,LBN,139,최후통첩,13,3,-7.0,1,1,1,-3.38983050847458,"Riyadh, Ar Riya?, Saudi Arabia",SA,https://www.i24news.tv/en/news/middle-east/1635882838-bahrain-urges-its-citizens-to-leave-lebanon
20211103,1012396098,20211103,IRAN,IRN,ISRAEL,ISR,193,소형무기·경무기를 이용한 전투,19,4,-10.0,1,1,1,1.00401606425703,"Glasgow, Glasgow City, United Kingdom",UK,https://themedialine.org/top-stories/naftali-bennett-debuts-at-glasgow-with-global-warming-and-regional-security/
20211103,1012403658,20211103,ISRAEL,ISR,DAMASCUS,SYR,190,재래식 군사력 사용,19,4,-10.0,40,4,40,-4.47724511735939,"Damascus, Dimashq, Syria",SY,https://news.yahoo.com/israel-launches-missile-attack-targeting-004302006.html
20211103,1012403659,20211103,ISRAEL,ISR,DAMASCUS,SYR,194,포병·전차를 이용한 전투,19,4,-10.0,148,15,140,-4.93256016003858,Israel,IS,https://news.yahoo.com/israel-launches-missile-attack-targeting-004302006.html
20211103,1012403850,20211103,SYRIAN,SYR,ISRAEL,ISR,195,공중무기 사용,19,4,-10.0,10,1,10,-7.97546012269938,Israel,IS,https://www.israelnationalnews.com/News/News.aspx/316210
20211103,1012403851,20211103,SYRIA,SYR,ISRAEL,ISR,195,공중무기 사용,19,4,-10.0,20,1,20,-8.63889285204736,Israel,IS,https://www.israelnationalnews.com/News/News.aspx/316210
20211103,1012403852,20211103,SYRIA,SYR,ISRAEL,ISR,195,공중무기 사용,19,4,-10.0,10,1,10,-7.97546012269938,Israel,IS,https://www.israelnationalnews.com/News/News.aspx/316210
20211103,1012405588,20211103,SYRIA,SYR,ISRAEL,ISR,195,공중무기 사용,19,4,-10.0,5,1,5,-9.30232558139535,"Damascus, Dimashq, Syria",SY,https://www.israelnationalnews.com/News/Flash.aspx/556651
20211103,1012407413,20211103,CAIRO,EGY,SYRIAN,SYR,190,재래식 군사력 사용,19,4,-10.0,60,6,60,-4.87397606174555,Israel,IS,https://www.reuters.com/business/cop/israel-launches-missile-attack-targeting-area-outskirts-damascus-syrian-state-tv-2021-11-03/
20211103,1012407718,20211103,ISRAEL,ISR,DAMASCUS,SYR,190,재래식 군사력 사용,19,4,-10.0,94,10,94,-5.04209096458081,Israel,IS,https://www.reuters.com/business/cop/israel-launches-missile-attack-targeting-area-outskirts-damascus-syrian-state-tv-2021-11-03/
20211103,1012409158,20211103,ISRAEL,ISR,SYRIA,SYR,190,재래식 군사력 사용,19,4,-10.0,144,17,144,-4.49046133981958,"Damascus, Dimashq, Syria",SY,https://www.washingtonpost.com/world/syria-reports-israel-air-raid-on-military-post-near-damascus/2021/11/02/f9b08b46-3c45-11ec-bd6f-da376f47304e_story.html
20211103,1012409159,20211103,ISRAEL,ISR,SYRIA,SYR,190,재래식 군사력 사용,19,4,-10.0,108,27,108,-4.87285048975895,Israel,IS,https://www.washingtonpost.com/world/syria-reports-israel-air-raid-on-military-post-near-damascus/2021/11/02/f9b08b46-3c45-11ec-bd6f-da376f47304e_story.html
20211103,1012411151,20211103,ISRAEL,ISR,DAMASCUS,SYR,194,포병·전차를 이용한 전투,19,4,-10.0,23,3,23,-5.25328441235649,"Damascus, Dimashq, Syria",SY,https://gulfnews.com/world/mena/israel-launches-damascus-missile-attack-syrian-state-tv-1.1635901184101
20211103,1012411152,20211103,ISRAEL,ISR,SYRIA,SYR,194,포병·전차를 이용한 전투,19,4,-10.0,1,1,1,-4.41176470588235,"Damascus, Dimashq, Syria",SY,https://gulfnews.com/world/mena/israel-launches-damascus-missile-attack-syrian-state-tv-1.1635901184101
20211103,1012414068,20211103,ISRAELI,ISR,IRANIAN,IRN,195,공중무기 사용,19,4,-10.0,20,2,20,-5.67404426559356,Israel,IS,https://www.aljazeera.com/news/2021/11/3/israel-launches-missile-attack-near-syrias-damascus
20211103,1012421015,20211103,SAUDI ARABIA,SAU,LEBANON,LBN,139,최후통첩,13,3,-7.0,7,6,7,-2.80820624419717,"Beirut, Beyrouth, Lebanon",LE,https://www.dawn.com/news/1655591/bahrain-urges-its-citizens-to-leave-lebanon
20211103,1012421016,20211103,SAUDI ARABIA,SAU,LEBANON,LBN,139,최후통첩,13,3,-7.0,1,1,1,-3.61990950226244,"Riyadh, Ar Riya?, Saudi Arabia",SA,https://www.dawn.com/news/1655591/bahrain-urges-its-citizens-to-leave-lebanon
20211103,1012421921,20211103,ISRAEL,ISR,SYRIA,SYR,195,공중무기 사용,19,4,-10.0,2,1,2,-4.7029702970297,Israel,IS,https://www.timesofisrael.com/syria-says-israeli-airstrikes-hit-targets-near-damascus/
20211103,1012421922,20211103,ISRAELI,ISR,SYRIAN,SYR,195,공중무기 사용,19,4,-10.0,40,6,34,-5.27897651248823,Israel,IS,https://www.timesofisrael.com/syria-says-israeli-airstrikes-hit-targets-near-damascus/
20211103,1012421923,20211103,ISRAEL,ISR,SYRIA,SYR,190,재래식 군사력 사용,19,4,-10.0,10,1,10,-4.7029702970297,"Damascus, Dimashq, Syria",SY,https://www.timesofisrael.com/syria-says-israeli-airstrikes-hit-targets-near-damascus/
20211103,1012422206,20211103,SYRIAN,SYR,ISRAEL,ISR,194,포병·전차를 이용한 전투,19,4,-10.0,40,5,40,-5.58100788509185,Israel,IS,https://www.timesofisrael.com/syria-says-israeli-airstrikes-hit-targets-near-damascus/
20211103,1012429426,20211103,YEMEN,YEM,SAUDI ARABIA,SAU,1384,재래식 군사 공격 위협,13,3,-7.0,10,1,10,-5.00308832612724,Yemen,YM,https://www.foreignaffairs.com/articles/saudi-arabia/2021-11-03/saudi-arabias-other-yemen-war
20211103,1012432045,20211103,ISRAEL,ISR,IRAN,IRN,138,군사력 사용 위협,13,3,-7.0,5,1,5,-8.41584158415842,Israel,IS,https://original.antiwar.com/daniel_larison/2021/11/02/attacking-iran-would-be-a-crime/
20211103,1012435468,20211103,ISRAELI,ISR,IRAN,IRN,190,재래식 군사력 사용,19,4,-10.0,2,1,2,-4.41988950276243,Israel,IS,https://www.jewishpress.com/news/middle-east/syria/israeli-overnight-air-attack-may-be-part-of-new-effort-to-curb-syrian-missile-power/2021/11/03/
20211103,1012435471,20211103,ISRAELI,ISR,HOMS,SYR,194,포병·전차를 이용한 전투,19,4,-10.0,2,1,2,-4.41988950276243,Israel,IS,https://www.jewishpress.com/news/middle-east/syria/israeli-overnight-air-attack-may-be-part-of-new-effort-to-curb-syrian-missile-power/2021/11/03/
20211103,1012435472,20211103,ISRAELI,ISR,HOMS,SYR,194,포병·전차를 이용한 전투,19,4,-10.0,14,5,14,-5.39417775557993,Israel,IS,https://www.jewishpress.com/news/middle-east/syria/israeli-overnight-air-attack-may-be-part-of-new-effort-to-curb-syrian-missile-power/2021/11/03/
20211103,1012435704,20211103,SYRIA,SYR,ISRAELI,ISR,138,군사력 사용 위협,13,3,-7.0,8,1,8,-4.41988950276243,Israel,IS,https://www.jewishpress.com/news/middle-east/syria/israeli-overnight-air-attack-may-be-part-of-new-effort-to-curb-syrian-missile-power/2021/11/03/
20211103,1012435705,20211103,SYRIA,SYR,ISRAEL,ISR,194,포병·전차를 이용한 전투,19,4,-10.0,2,1,2,-4.41988950276243,"Damascus, Dimashq, Syria",SY,https://www.jewishpress.com/news/middle-east/syria/israeli-overnight-air-attack-may-be-part-of-new-effort-to-curb-syrian-missile-power/2021/11/03/
20211103,1012435706,20211103,SYRIA,SYR,ISRAELI,ISR,194,포병·전차를 이용한 전투,19,4,-10.0,6,1,6,-4.41988950276243,Israel,IS,https://www.jewishpress.com/news/middle-east/syria/israeli-overnight-air-attack-may-be-part-of-new-effort-to-curb-syrian-missile-power/2021/11/03/
20211103,1012438953,20211103,ISRAELI,ISR,SYRIA,SYR,190,재래식 군사력 사용,19,4,-10.0,4,1,4,-8.79629629629631,"Damascus, Dimashq, Syria",SY,https://www.presstv.ir/Detail/2021/11/03/669815/heads
20211103,1012438954,20211103,ISRAEL,ISR,DAMASCUS,SYR,190,재래식 군사력 사용,19,4,-10.0,10,1,10,-6.25,"Tel Aviv, Tel Aviv, Israel",IS,https://www.presstv.ir/Detail/2021/11/03/669816/Syrian-state-TV-Israel-missile-attack-Damascus--
20211103,1012438955,20211103,ISRAELI,ISR,SYRIA,SYR,194,포병·전차를 이용한 전투,19,4,-10.0,4,1,4,-8.79629629629631,"Damascus, Dimashq, Syria",SY,https://www.presstv.ir/Detail/2021/11/03/669815/heads
20211103,1012438956,20211103,ISRAEL,ISR,DAMASCUS,SYR,194,포병·전차를 이용한 전투,19,4,-10.0,10,1,10,-6.25,"Tel Aviv, Tel Aviv, Israel",IS,https://www.presstv.ir/Detail/2021/11/03/669816/Syrian-state-TV-Israel-missile-attack-Damascus--
20211103,1012438963,20211103,ISRAELI,ISR,SYRIA,SYR,190,재래식 군사력 사용,19,4,-10.0,6,1,6,-8.79629629629631,"Sheikh Jarrah, Yerushalayim, Israel",IS,https://www.presstv.ir/Detail/2021/11/03/669815/heads
20211103,1012438964,20211103,ISRAELI,ISR,SYRIA,SYR,194,포병·전차를 이용한 전투,19,4,-10.0,6,1,6,-8.79629629629631,"Damascus, Dimashq, Syria",SY,https://www.presstv.ir/Detail/2021/11/03/669815/heads
20211103,1012439178,20211103,SYRIA,SYR,ISRAEL,ISR,190,재래식 군사력 사용,19,4,-10.0,2,1,2,-6.25,"Tel Aviv, Tel Aviv, Israel",IS,https://www.presstv.ir/Detail/2021/11/03/669816/Syrian-state-TV-Israel-missile-attack-Damascus--
20211103,1012439179,20211103,SYRIA,SYR,ISRAEL,ISR,190,재래식 군사력 사용,19,4,-10.0,8,1,8,-6.25,"Tel Aviv, Tel Aviv, Israel",IS,https://www.presstv.ir/Detail/2021/11/03/669816/Syrian-state-TV-Israel-missile-attack-Damascus--
20211103,1012439180,20211103,SYRIA,SYR,ISRAEL,ISR,194,포병·전차를 이용한 전투,19,4,-10.0,2,1,2,-6.25,"Tel Aviv, Tel Aviv, Israel",IS,https://www.presstv.ir/Detail/2021/11/03/669816/Syrian-state-TV-Israel-missile-attack-Damascus--
20211103,1012439181,20211103,SYRIA,SYR,ISRAEL,ISR,194,포병·전차를 이용한 전투,19,4,-10.0,8,1,8,-6.25,"Tel Aviv, Tel Aviv, Israel",IS,https://www.presstv.ir/Detail/2021/11/03/669816/Syrian-state-TV-Israel-missile-attack-Damascus--
20211103,1012439182,20211103,SYRIAN,SYR,ISRAEL,ISR,190,재래식 군사력 사용,19,4,-10.0,4,1,4,-8.79629629629631,"Sheikh Jarrah, Yerushalayim, Israel",IS,https://www.presstv.ir/Detail/2021/11/03/669815/heads
20211103,1012439335,20211103,SANA,YEM,ISRAEL,ISR,194,포병·전차를 이용한 전투,19,4,-10.0,10,1,10,-6.25,"Tel Aviv, Tel Aviv, Israel",IS,https://www.presstv.ir/Detail/2021/11/03/669816/Syrian-state-TV-Israel-missile-attack-Damascus--
20211103,1012442354,20211103,SAUDI,SAU,SANAA,YEM,192,영토 점령,19,4,-9.5,3,1,3,-4.95258166491043,"Riyadh, Ar Riya?, Saudi Arabia",SA,"https://www.kurdistan24.net/en/story/26117-Why-Saudi-Arabia-is-upset,-lashing-out-at-Lebanon"
20211103,1012442355,20211103,SAUDI,SAU,SANAA,YEM,192,영토 점령,19,4,-9.5,12,1,12,-4.95258166491043,"Sanaa, Sana', Yemen",YM,"https://www.kurdistan24.net/en/story/26117-Why-Saudi-Arabia-is-upset,-lashing-out-at-Lebanon"
20211103,1012447434,20211103,DAMASCUS,SYR,ISRAELI,ISR,190,재래식 군사력 사용,19,4,-10.0,20,1,10,-3.51351351351351,"Damascus, Dimashq, Syria",SY,https://www.ynetnews.com/article/bkn8dskvy
20211103,1012451790,20211103,ISRAEL,ISR,SYRIA,SYR,190,재래식 군사력 사용,19,4,-10.0,6,1,6,-3.125,"Damascus, Dimashq, Syria",SY,https://hamodia.com/2021/11/03/report-israeli-missiles-strike-target-near-damascus/
20211103,1012451791,20211103,ISRAEL,ISR,SYRIA,SYR,190,재래식 군사력 사용,19,4,-10.0,2,1,2,-3.125,"Yerushalayim, Israel (general), Israel",IS,https://hamodia.com/2021/11/03/report-israeli-missiles-strike-target-near-damascus/
20211103,1012451792,20211103,ISRAEL,ISR,SYRIA,SYR,190,재래식 군사력 사용,19,4,-10.0,2,1,2,-3.125,"Yerushalayim, Israel (general), Israel",IS,https://hamodia.com/2021/11/03/report-israeli-missiles-strike-target-near-damascus/
20211103,1012453663,20211103,ISRAELI,ISR,WEST BANK,PSE,190,재래식 군사력 사용,19,4,-10.0,4,2,4,-8.07914811250483,Gaza Strip,GZ,https://menafn.com/1103093619/MADA-The-crimes-of-the-Israeli-occupation-are-transient-incidents-or-a-permanent-policy&source=28
20211103,1012453664,20211103,ISRAELI,ISR,SYRIA,SYR,190,재래식 군사력 사용,19,4,-10.0,16,1,16,-5.88235294117647,Israel,IS,https://english.ahram.org.eg/News/438032.aspx
20211103,1012453669,20211103,ISRAELI,ISR,DAMASCUS,SYR,190,재래식 군사력 사용,19,4,-10.0,6,1,6,-5.3030303030303,Israel,IS,https://tass.com/world/1357345
20211103,1012453670,20211103,ISRAEL,ISR,SYRIAN,SYR,194,포병·전차를 이용한 전투,19,4,-10.0,2,1,2,-5.3030303030303,Israel,IS,https://tass.com/world/1357345
20211103,1012453939,20211103,SYRIA,SYR,ISRAEL,ISR,190,재래식 군사력 사용,19,4,-10.0,10,1,10,-6.84931506849315,Israel,IS,https://www.middleeasteye.net/news/syria-israel-missile-attack-outskirts-damascus
20211103,1012453940,20211103,SYRIA,SYR,ISRAEL,ISR,194,포병·전차를 이용한 전투,19,4,-10.0,2,1,2,-6.84931506849315,Israel,IS,https://www.middleeasteye.net/news/syria-israel-missile-attack-outskirts-damascus
20211103,1012459055,20211103,ISRAELI,ISR,WEST BANK,PSE,190,재래식 군사력 사용,19,4,-10.0,4,1,4,-8.13008130081301,"Joseph Tomb, West Bank (general), West Bank",WE,https://english.wafa.ps/Pages/Details/126688
20211103,1012459408,20211103,WEST BANK,PSE,ISRAEL,ISR,190,재래식 군사력 사용,19,4,-10.0,2,1,2,-8.13008130081301,"Joseph Tomb, West Bank (general), West Bank",WE,https://english.wafa.ps/Pages/Details/126688
20211103,1012459409,20211103,WEST BANK,PSE,ISRAEL,ISR,190,재래식 군사력 사용,19,4,-10.0,2,1,2,-8.13008130081301,"Nablus, West Bank (general), West Bank",WE,https://english.wafa.ps/Pages/Details/126688
20211103,1012459410,20211103,PALESTINIAN,PSE,ISRAELI,ISR,190,재래식 군사력 사용,19,4,-10.0,2,1,2,-8.13008130081301,"Nablus, West Bank (general), West Bank",WE,https://english.wafa.ps/Pages/Details/126688
20211103,1012461146,20211103,IRAN,IRN,SAUDI,SAU,192,영토 점령,19,4,-9.5,4,2,4,-4.35748462064251,"Marib, Ma'rib, Yemen",YM,https://www.prokerala.com/news/articles/a1213104.html
20211103,1012463085,20211103,ISRAELI,ISR,PALESTINIAN,PSE,190,재래식 군사력 사용,19,4,-10.0,17,4,17,-4.44259639623454,"Gaza, Israel (general), Israel",IS,https://www.naharnet.com:443/stories/en/285400-palestinians-reject-offer-to-delay-their-jerusalem-eviction
20211103,1012463086,20211103,ISRAELI,ISR,HAMAS,PSE,194,포병·전차를 이용한 전투,19,4,-10.0,12,2,12,-4.25761068946368,"Gaza, Israel (general), Israel",IS,https://www.naharnet.com:443/stories/en/285400-palestinians-reject-offer-to-delay-their-jerusalem-eviction
20211103,1012463092,20211103,ISRAELI,ISR,SYRIAN,SYR,195,공중무기 사용,19,4,-10.0,6,1,6,-4.33070866141732,Israel,IS,https://www.naharnet.com/stories/en/285397-syria-reports-israel-air-raid-on-military-post-near-damascus
20211103,1012463093,20211103,ISRAELI,ISR,PALESTINIAN,PSE,190,재래식 군사력 사용,19,4,-10.0,18,2,18,-4.25761068946368,"Gaza, Israel (general), Israel",IS,https://www.naharnet.com:443/stories/en/285400-palestinians-reject-offer-to-delay-their-jerusalem-eviction
20211103,1012463094,20211103,ISRAELI,ISR,HAMAS,PSE,194,포병·전차를 이용한 전투,19,4,-10.0,18,2,18,-4.25761068946368,"Gaza, Israel (general), Israel",IS,https://www.naharnet.com:443/stories/en/285400-palestinians-reject-offer-to-delay-their-jerusalem-eviction
20211103,1012463343,20211103,PALESTINIAN,PSE,ISRAELI,ISR,190,재래식 군사력 사용,19,4,-10.0,17,5,17,-4.14163125772555,"Gaza, Israel (general), Israel",IS,https://www.naharnet.com:443/stories/en/285400-palestinians-reject-offer-to-delay-their-jerusalem-eviction
20211103,1012463344,20211103,PALESTINIAN,PSE,ISRAELI,ISR,190,재래식 군사력 사용,19,4,-10.0,18,2,18,-4.25761068946368,"Gaza, Israel (general), Israel",IS,https://www.naharnet.com:443/stories/en/285400-palestinians-reject-offer-to-delay-their-jerusalem-eviction
20211103,1012463419,20211103,SYRIAN,SYR,ISRAELI,ISR,193,소형무기·경무기를 이용한 전투,19,4,-10.0,16,2,16,-1.38542665388303,"Golan Heights, Syria (general), Syria",SY,https://www.clevelandjewishnews.com/jns/ammunition-packed-pre-1967-syrian-army-bunker-unearthed-in-golan-heights/article_84506b57-2294-5b59-8e4c-442a2ce170fa.html
20211103,1012465174,20211103,IRAN,IRN,ISRAELI,ISR,190,재래식 군사력 사용,19,4,-10.0,2,2,2,-0.620589254266415,"Gulf Of Oman, Iran (general), Iran",IR,https://www.msn.com/en-us/news/world/iran-expert-norman-roule-on-escalating-tensions-with-tehran/ar-AAQgytD
20211103,1012465175,20211103,IRAN,IRN,ISRAELI,ISR,190,재래식 군사력 사용,19,4,-10.0,8,2,8,-0.620589254266415,"Gulf Of Oman, Iran (general), Iran",IR,https://www.msn.com/en-us/news/world/iran-expert-norman-roule-on-escalating-tensions-with-tehran/ar-AAQgytD
20211103,1012465191,20211103,ISRAELI,ISR,SYRIAN,SYR,195,공중무기 사용,19,4,-10.0,21,2,21,-0.719424460431656,Israel,IS,https://english.ahram.org.eg/Category/2/8/World/Israeli-strikes-hit-Syria-military-targe.aspx
20211103,1012465224,20211103,JORDAN,JOR,SAUDI ARABIA,SAU,190,재래식 군사력 사용,19,4,-10.0,10,1,10,-3.07692307692307,Jordan,JO,https://menafn.com/1103094390/Jordan-condemns-continued-Houthi-attacks-on-Saudi-Arabia&source=19
20211103,1012471030,20211103,ISRAEL,ISR,SAUDI,SAU,163,금수·보이콧·제재 부과,16,4,-8.0,2,1,2,1.4018691588785,"Riyadh, Ar Riya?, Saudi Arabia",SA,https://www.middleeasteye.net/news/saudi-arabia-jared-kushner-talks-receive-2bn-investment-firm-report
20211103,1012471031,20211103,ISRAEL,ISR,SAUDI ARABIA,SAU,163,금수·보이콧·제재 부과,16,4,-8.0,1,1,1,1.4018691588785,"Riyadh, Ar Riya?, Saudi Arabia",SA,https://www.middleeasteye.net/news/saudi-arabia-jared-kushner-talks-receive-2bn-investment-firm-report
20211103,1012473244,20211103,ISRAEL,ISR,SYRIA,SYR,195,공중무기 사용,19,4,-10.0,8,4,8,-5.63774981878431,Israel,IS,http://english.sina.com/world/m/2021-11-03/detail-iktzqtyu5212401.shtml
20211103,1012475457,20211103,IRAQ,IRQ,SYRIA,SYR,190,재래식 군사력 사용,19,4,-10.0,1,1,1,-2.46507806080526,"Arabian Peninsula, Saudi Arabia (general), Saudi Arabia",SA,https://www.npr.org/2019/09/25/764151698/irans-rouhani-touts-gulf-peace-plan-says-it-would-start-with-u-s-troops-leaving
20211103,1012475458,20211103,IRAQ,IRQ,SYRIA,SYR,190,재래식 군사력 사용,19,4,-10.0,1,1,1,-2.46507806080526,Afghanistan,AF,https://www.npr.org/2019/09/25/764151698/irans-rouhani-touts-gulf-peace-plan-says-it-would-start-with-u-s-troops-leaving
20211103,1012475459,20211103,IRAQ,IRQ,SYRIA,SYR,190,재래식 군사력 사용,19,4,-10.0,3,1,3,-2.46507806080526,Afghanistan,AF,https://www.npr.org/2019/09/25/764151698/irans-rouhani-touts-gulf-peace-plan-says-it-would-start-with-u-s-troops-leaving
20211103,1012475468,20211103,ISRAEL,ISR,EGYPT,EGY,190,재래식 군사력 사용,19,4,-10.0,3,1,3,-8.03673938002296,"Kafr Qasim, HaMerkaz, Israel",IS,http://dailyexpress.com.my/news/180924/suez-crisis-triggered-israel-s-first-occupation-of-gaza/
20211103,1012475469,20211103,ISRAEL,ISR,EGYPT,EGY,190,재래식 군사력 사용,19,4,-10.0,1,1,1,-8.03673938002296,"Kafr Qasim, HaMerkaz, Israel",IS,http://dailyexpress.com.my/news/180924/suez-crisis-triggered-israel-s-first-occupation-of-gaza/
20211103,1012475470,20211103,ISRAEL,ISR,EGYPT,EGY,192,영토 점령,19,4,-9.5,2,1,2,-8.03673938002296,"Gaza, Israel (general), Israel",IS,http://dailyexpress.com.my/news/180924/suez-crisis-triggered-israel-s-first-occupation-of-gaza/
20211103,1012475471,20211103,ISRAEL,ISR,SINAI PENINSULA,EGY,192,영토 점령,19,4,-9.5,3,1,3,-8.03673938002296,"Gaza, Israel (general), Israel",IS,http://dailyexpress.com.my/news/180924/suez-crisis-triggered-israel-s-first-occupation-of-gaza/
20211103,1012475475,20211103,ISRAEL,ISR,GAZA,PSE,190,재래식 군사력 사용,19,4,-10.0,6,1,6,-8.03673938002296,"Unrwa, Gaza Strip (general), Gaza Strip",GZ,http://dailyexpress.com.my/news/180924/suez-crisis-triggered-israel-s-first-occupation-of-gaza/
20211103,1012475476,20211103,ISRAELI,ISR,GAZA,PSE,190,재래식 군사력 사용,19,4,-10.0,2,1,2,-8.03673938002296,"Gaza, Israel (general), Israel",IS,http://dailyexpress.com.my/news/180924/suez-crisis-triggered-israel-s-first-occupation-of-gaza/
20211103,1012475477,20211103,ISRAEL,ISR,GAZA,PSE,192,영토 점령,19,4,-9.5,1,1,1,-8.03673938002296,"Gaza, Israel (general), Israel",IS,http://dailyexpress.com.my/news/180924/suez-crisis-triggered-israel-s-first-occupation-of-gaza/
20211103,1012475478,20211103,ISRAEL,ISR,GAZA,PSE,192,영토 점령,19,4,-9.5,1,1,1,-8.03673938002296,"Gaza, Israel (general), Israel",IS,http://dailyexpress.com.my/news/180924/suez-crisis-triggered-israel-s-first-occupation-of-gaza/
20211103,1012475872,20211103,SYRIA,SYR,IRAQ,IRQ,190,재래식 군사력 사용,19,4,-10.0,1,1,1,-2.46507806080526,"Arabian Peninsula, Saudi Arabia (general), Saudi Arabia",SA,https://www.npr.org/2019/09/25/764151698/irans-rouhani-touts-gulf-peace-plan-says-it-would-start-with-u-s-troops-leaving
20211103,1012475873,20211103,SYRIA,SYR,IRAQ,IRQ,190,재래식 군사력 사용,19,4,-10.0,1,1,1,-2.46507806080526,Afghanistan,AF,https://www.npr.org/2019/09/25/764151698/irans-rouhani-touts-gulf-peace-plan-says-it-would-start-with-u-s-troops-leaving
20211103,1012475874,20211103,SYRIA,SYR,IRAQ,IRQ,190,재래식 군사력 사용,19,4,-10.0,3,1,3,-2.46507806080526,Afghanistan,AF,https://www.npr.org/2019/09/25/764151698/irans-rouhani-touts-gulf-peace-plan-says-it-would-start-with-u-s-troops-leaving
20211103,1012479624,20211103,ISRAELI,ISR,DAMASCUS,SYR,190,재래식 군사력 사용,19,4,-10.0,2,1,2,-5.44041450777202,"Golan Heights, Syria (general), Syria",SY,https://eaworldview.com/2021/11/israel-latest-strikes-damascus/
20211103,1012479625,20211103,ISRAEL,ISR,SYRIA,SYR,190,재래식 군사력 사용,19,4,-10.0,16,1,10,-5.44041450777202,Israel,IS,https://eaworldview.com/2021/11/israel-latest-strikes-damascus/
20211103,1012479626,20211103,ISRAELI,ISR,DAMASCUS,SYR,190,재래식 군사력 사용,19,4,-10.0,2,1,2,-5.44041450777202,Russia,RS,https://eaworldview.com/2021/11/israel-latest-strikes-damascus/
20211103,1012479627,20211103,ISRAEL,ISR,SYRIA,SYR,194,포병·전차를 이용한 전투,19,4,-10.0,5,1,5,-5.44041450777202,"Golan Heights, Syria (general), Syria",SY,https://eaworldview.com/2021/11/israel-latest-strikes-damascus/
20211103,1012479628,20211103,ISRAEL,ISR,SYRIA,SYR,194,포병·전차를 이용한 전투,19,4,-10.0,1,1,1,-5.44041450777202,"Golan Heights, Syria (general), Syria",SY,https://eaworldview.com/2021/11/israel-latest-strikes-damascus/
20211103,1012481867,20211103,ISRAELI,ISR,SYRIA,SYR,195,공중무기 사용,19,4,-10.0,6,1,6,-6.34920634920635,"Quneitra, Al Qunaytirah, Syria",SY,https://www.plenglish.com/news/2021/11/03/new-israeli-attack-in-southwestern-syria/
20211103,1012482177,20211103,TURKEY,TUR,SYRIA,SYR,190,재래식 군사력 사용,19,4,-10.0,2,1,2,-5.27722110888444,Syria,SY,https://www.rt.com/op-ed/539206-drones-war-uav-military/
20211103,1012482178,20211103,TURKEY,TUR,SYRIA,SYR,190,재래식 군사력 사용,19,4,-10.0,1,1,1,-5.27722110888444,"Bayraktar, Erzurum, Turkey",TU,https://www.rt.com/op-ed/539206-drones-war-uav-military/
20211103,1012482179,20211103,TURKEY,TUR,SYRIA,SYR,190,재래식 군사력 사용,19,4,-10.0,5,1,5,-5.27722110888444,"Moscow, Moskva, Russia",RS,https://www.rt.com/op-ed/539206-drones-war-uav-military/
20211103,1012484256,20211103,ISRAELI,ISR,PALESTINIAN,PSE,190,재래식 군사력 사용,19,4,-10.0,1,1,1,-5.68475452196382,"Gilboa, Ha?afon, Israel",IS,http://english.wafa.ps/Pages/Details/126689
20211103,1012484630,20211103,WEST BANK,PSE,ISRAEL,ISR,190,재래식 군사력 사용,19,4,-10.0,6,1,6,-5.68475452196382,"Yatta, West Bank (general), West Bank",WE,http://english.wafa.ps/Pages/Details/126689
20211103,1012484631,20211103,WEST BANK,PSE,ISRAEL,ISR,193,소형무기·경무기를 이용한 전투,19,4,-10.0,2,1,2,-5.68475452196382,"Gilboa, Ha?afon, Israel",IS,http://english.wafa.ps/Pages/Details/126689
20211103,1012486666,20211103,ISRAEL,ISR,JORDAN,JOR,192,영토 점령,19,4,-9.5,8,1,8,-5.83941605839417,"Sheikh Jarrah, Yerushalayim, Israel",IS,https://www1.cbn.com/cbnnews/israel/2021/november/palestinians-facing-eviction-from-jerusalem-neighborhood-reject-israeli-court-rsquo-s-compromise
20211103,1012486667,20211103,ISRAEL,ISR,JORDAN,JOR,192,영토 점령,19,4,-9.5,2,1,2,-5.83941605839417,Jordan,JO,https://www1.cbn.com/cbnnews/israel/2021/november/palestinians-facing-eviction-from-jerusalem-neighborhood-reject-israeli-court-rsquo-s-compromise
20211103,1012486669,20211103,ISRAEL,ISR,HAMAS,PSE,194,포병·전차를 이용한 전투,19,4,-10.0,2,1,2,-5.83941605839417,"Jerusalem, Israel (general), Israel",IS,https://www1.cbn.com/cbnnews/israel/2021/november/palestinians-facing-eviction-from-jerusalem-neighborhood-reject-israeli-court-rsquo-s-compromise
20211103,1012486670,20211103,ISRAEL,ISR,HAMAS,PSE,194,포병·전차를 이용한 전투,19,4,-10.0,6,1,6,-5.83941605839417,"Jerusalem, Israel (general), Israel",IS,https://www1.cbn.com/cbnnews/israel/2021/november/palestinians-facing-eviction-from-jerusalem-neighborhood-reject-israeli-court-rsquo-s-compromise
20211103,1012486671,20211103,ISRAEL,ISR,HAMAS,PSE,194,포병·전차를 이용한 전투,19,4,-10.0,2,1,2,-5.83941605839417,"Jerusalem, Israel (general), Israel",IS,https://www1.cbn.com/cbnnews/israel/2021/november/palestinians-facing-eviction-from-jerusalem-neighborhood-reject-israeli-court-rsquo-s-compromise
20211103,1012489745,20211103,ISRAEL,ISR,WEST BANK,PSE,190,재래식 군사력 사용,19,4,-10.0,1,1,1,-5.44910179640718,"Beit Hanina, West Bank (general), West Bank",WE,https://electronicintifada.net/content/palestine-pictures-october-2021/34231
20211103,1012489746,20211103,ISRAEL,ISR,WEST BANK,PSE,190,재래식 군사력 사용,19,4,-10.0,1,1,1,-5.44910179640718,"Jerusalem, Israel (general), Israel",IS,https://electronicintifada.net/content/palestine-pictures-october-2021/34231
20211103,1012489747,20211103,ISRAELI,ISR,PALESTINIAN,PSE,193,소형무기·경무기를 이용한 전투,19,4,-10.0,1,1,1,-5.44910179640718,"Gaza, Israel (general), Israel",IS,https://electronicintifada.net/content/palestine-pictures-october-2021/34231
20211103,1012489748,20211103,ISRAELI,ISR,PALESTINIAN,PSE,193,소형무기·경무기를 이용한 전투,19,4,-10.0,7,1,7,-5.44910179640718,"Gaza, Israel (general), Israel",IS,https://electronicintifada.net/content/palestine-pictures-october-2021/34231
20211103,1012489760,20211103,ISRAELI,ISR,GAZA,PSE,190,재래식 군사력 사용,19,4,-10.0,1,1,1,-5.97147950089126,"Gaza, Israel (general), Israel",IS,https://honestreporting.com/after-calls-to-boycott-israeli-festival-dazed-magazine-celebrates-queer-cinema-for-palestine-confab-being-held-nowhere-near-west-bank-gaza-strip/
20211103,1012490043,20211103,PALESTINE,PSE,ISRAELI,ISR,190,재래식 군사력 사용,19,4,-10.0,1,1,1,-5.97147950089126,"Gaza, Israel (general), Israel",IS,https://honestreporting.com/after-calls-to-boycott-israeli-festival-dazed-magazine-celebrates-queer-cinema-for-palestine-confab-being-held-nowhere-near-west-bank-gaza-strip/
20211103,1012491383,20211103,SAUDI,SAU,LEBANON,LBN,163,금수·보이콧·제재 부과,16,4,-8.0,10,1,10,-2.83018867924528,Lebanon,LE,https://www.lbcgroup.tv/news/lebanon-news/615568/nasrawi-to-nharkom-said-saudi-ban-on-imports-from/en
20211103,1012494089,20211103,ISRAELI,ISR,PALESTINIAN,PSE,190,재래식 군사력 사용,19,4,-10.0,2,1,2,-5.88235294117647,"Jerusalem, Israel (general), Israel",IS,https://www.cbsnews.com/news/sheik-jarrah-jerusalem-israel-palestinian-families-reject-eviction-deal/
20211103,1012494794,20211103,PALESTINIAN,PSE,ISRAEL,ISR,192,영토 점령,19,4,-9.5,1,1,1,-5.88235294117647,"Sheikh Jarrah, Yerushalayim, Israel",IS,https://www.cbsnews.com/news/sheik-jarrah-jerusalem-israel-palestinian-families-reject-eviction-deal/
20211103,1012494795,20211103,PALESTINIAN,PSE,ISRAEL,ISR,192,영토 점령,19,4,-9.5,1,1,1,-5.88235294117647,"Sheikh Jarrah, Yerushalayim, Israel",IS,https://www.cbsnews.com/news/sheik-jarrah-jerusalem-israel-palestinian-families-reject-eviction-deal/
20211103,1012494797,20211103,PALESTINIAN,PSE,JORDAN,JOR,192,영토 점령,19,4,-9.5,1,1,1,-5.88235294117647,"Sheikh Jarrah, Yerushalayim, Israel",IS,https://www.cbsnews.com/news/sheik-jarrah-jerusalem-israel-palestinian-families-reject-eviction-deal/
20211103,1012494798,20211103,PALESTINIAN,PSE,JORDAN,JOR,192,영토 점령,19,4,-9.5,1,1,1,-5.88235294117647,"Sheikh Jarrah, Yerushalayim, Israel",IS,https://www.cbsnews.com/news/sheik-jarrah-jerusalem-israel-palestinian-families-reject-eviction-deal/
20211103,1012494800,20211103,PALESTINIAN,PSE,ISRAELI,ISR,190,재래식 군사력 사용,19,4,-10.0,2,1,2,-5.88235294117647,"Jerusalem, Israel (general), Israel",IS,https://www.cbsnews.com/news/sheik-jarrah-jerusalem-israel-palestinian-families-reject-eviction-deal/
20211103,1012494805,20211103,PALESTINIAN,PSE,JORDANIAN,JOR,192,영토 점령,19,4,-9.5,2,1,2,-5.88235294117647,"Sheikh Jarrah, Yerushalayim, Israel",IS,https://www.cbsnews.com/news/sheik-jarrah-jerusalem-israel-palestinian-families-reject-eviction-deal/
20211103,1012502433,20211103,KURDISTAN,IRN,TURKISH,TUR,190,재래식 군사력 사용,19,4,-10.0,8,1,8,-6.42857142857143,Turkey,TU,https://www.iraqinews.com/iraq-war/pkk-bomb-kills-turkish-soldier-in-northern-iraq/
20211103,1012502434,20211103,KURDISTAN,IRN,TURKEY,TUR,190,재래식 군사력 사용,19,4,-10.0,2,1,2,-6.42857142857143,Turkey,TU,https://www.iraqinews.com/iraq-war/pkk-bomb-kills-turkish-soldier-in-northern-iraq/
20211103,1012504703,20211103,IRAN,IRN,IRAQ,IRQ,163,금수·보이콧·제재 부과,16,4,-8.0,5,1,5,-4.96688741721855,"Tehran, Tehran, Iran",IR,https://www.theguardian.com/world/2021/nov/03/iranian-media-claim-guards-thwarted-us-attempt-to-capture-oil-tanker
20211103,1012504704,20211103,IRAN,IRN,IRAQ,IRQ,163,금수·보이콧·제재 부과,16,4,-8.0,5,1,5,-4.96688741721855,Iraq,IZ,https://www.theguardian.com/world/2021/nov/03/iranian-media-claim-guards-thwarted-us-attempt-to-capture-oil-tanker
20211103,1012504723,20211103,ISRAELI,ISR,GAZA,PSE,193,소형무기·경무기를 이용한 전투,19,4,-10.0,72,11,72,-7.66400659185623,"Tel Aviv, Tel Aviv, Israel",IS,https://www.chron.com/news/article/Israel-tests-massive-inflatable-missile-detection-16588338.php
20211103,1012504724,20211103,ISRAEL,ISR,HAMAS,PSE,194,포병·전차를 이용한 전투,19,4,-10.0,48,11,48,-7.66400659185623,"Gaza, Israel (general), Israel",IS,https://www.chron.com/news/article/Israel-tests-massive-inflatable-missile-detection-16588338.php
20211103,1012504976,20211103,GAZA,PSE,TEL AVIV,ISR,194,포병·전차를 이용한 전투,19,4,-10.0,46,11,46,-7.66400659185623,"Tel Aviv, Tel Aviv, Israel",IS,https://www.chron.com/news/article/Israel-tests-massive-inflatable-missile-detection-16588338.php
20211103,1012504977,20211103,GAZA,PSE,TEL AVIV,ISR,194,포병·전차를 이용한 전투,19,4,-10.0,24,11,24,-7.66400659185623,"Gaza, Israel (general), Israel",IS,https://www.chron.com/news/article/Israel-tests-massive-inflatable-missile-detection-16588338.php
20211103,1012507713,20211103,TEHRAN,IRN,IRAQ,IRQ,163,금수·보이콧·제재 부과,16,4,-8.0,2,1,2,-6.28887353144436,"Tehran, Tehran, Iran",IR,https://english.alaraby.co.uk/analysis/iraq-report-attacks-inflame-sectarian-tensions
20211103,1012507714,20211103,TEHRAN,IRN,IRAQ,IRQ,163,금수·보이콧·제재 부과,16,4,-8.0,6,1,6,-6.28887353144436,"Baghdad, Baghdad, Iraq",IZ,https://english.alaraby.co.uk/analysis/iraq-report-attacks-inflame-sectarian-tensions
20211103,1012507715,20211103,IRAN,IRN,IRAQ,IRQ,163,금수·보이콧·제재 부과,16,4,-8.0,2,1,2,-6.28887353144436,"Washington, District of Columbia, United States",US,https://english.alaraby.co.uk/analysis/iraq-report-attacks-inflame-sectarian-tensions
20211103,1012507744,20211103,ISRAEL,ISR,WEST BANK,PSE,190,재래식 군사력 사용,19,4,-10.0,1,1,1,-3.99104811637448,"Gaza, Israel (general), Israel",IS,https://roarmag.org/essays/antimilitarism-israel-eu/
20211103,1012508014,20211103,WEST BANK,PSE,ISRAEL,ISR,190,재래식 군사력 사용,19,4,-10.0,1,1,1,-3.99104811637448,"Gaza, Israel (general), Israel",IS,https://roarmag.org/essays/antimilitarism-israel-eu/
20211103,1012508015,20211103,GAZA,PSE,ISRAELI,ISR,194,포병·전차를 이용한 전투,19,4,-10.0,12,3,12,-3.45991573164996,"Gaza, Israel (general), Israel",IS,https://roarmag.org/essays/antimilitarism-israel-eu/
20211103,1012509567,20211103,TURKISH,TUR,SYRIA,SYR,154,군 병력 동원·증강,15,4,-7.2,1,1,1,-2.92207792207792,"Hasakeh, Al ?asakah, Syria",SY,https://english.aawsat.com/home/article/3282926/us-holds-%E2%80%98deconfliction-channel%E2%80%99-russia-northeastern-syria
20211103,1012509568,20211103,TURKISH,TUR,SYRIA,SYR,154,군 병력 동원·증강,15,4,-7.2,8,1,8,-2.92207792207792,"Moscow, Moskva, Russia",RS,https://english.aawsat.com/home/article/3282926/us-holds-%E2%80%98deconfliction-channel%E2%80%99-russia-northeastern-syria
20211103,1012509569,20211103,TURKISH,TUR,SYRIA,SYR,154,군 병력 동원·증강,15,4,-7.2,1,1,1,-2.92207792207792,Turkey,TU,https://english.aawsat.com/home/article/3282926/us-holds-%E2%80%98deconfliction-channel%E2%80%99-russia-northeastern-syria
20211103,1012512888,20211103,HAMAS,PSE,JERUSALEM,ISR,194,포병·전차를 이용한 전투,19,4,-10.0,15,2,15,-5.02804487179487,"Jerusalem, Israel (general), Israel",IS,https://www.clevelandjewishnews.com/jns/sheikh-jarrah-residents-reject-occupation-court-s-compromise-deal/article_e90c76b4-3f1d-54bd-b9fe-3873eab82856.html
20211103,1012519034,20211103,SAUDI,SAU,LEBANON,LBN,139,최후통첩,13,3,-7.0,3,2,3,-2.47448268875212,"Riyadh, Ar Riya?, Saudi Arabia",SA,https://www.naharnet.com/stories/en/285430-row-between-ksa-and-lebanon-hits-delivery-services
20211103,1012521288,20211103,ISRAELI,ISR,GAZA,PSE,193,소형무기·경무기를 이용한 전투,19,4,-10.0,12,1,12,-7.14285714285714,"Tel Aviv, Tel Aviv, Israel",IS,https://www.naharnet.com/stories/en/285432-israel-tests-massive-inflatable-missile-detection-system
20211103,1012521289,20211103,ISRAEL,ISR,GAZA,PSE,193,소형무기·경무기를 이용한 전투,19,4,-10.0,6,1,6,-7.14285714285714,"Tel Aviv, Tel Aviv, Israel",IS,https://www.naharnet.com/stories/en/285432-israel-tests-massive-inflatable-missile-detection-system
20211103,1012521587,20211103,GAZA,PSE,TEL AVIV,ISR,194,포병·전차를 이용한 전투,19,4,-10.0,12,1,12,-7.14285714285714,"Tel Aviv, Tel Aviv, Israel",IS,https://www.naharnet.com/stories/en/285432-israel-tests-massive-inflatable-missile-detection-system
20211103,1012521588,20211103,GAZA,PSE,TEL AVIV,ISR,194,포병·전차를 이용한 전투,19,4,-10.0,4,1,4,-7.14285714285714,Iran,IR,https://www.naharnet.com/stories/en/285432-israel-tests-massive-inflatable-missile-detection-system
20211103,1012521589,20211103,GAZA,PSE,TEL AVIV,ISR,194,포병·전차를 이용한 전투,19,4,-10.0,2,1,2,-7.14285714285714,Iran,IR,https://www.naharnet.com/stories/en/285432-israel-tests-massive-inflatable-missile-detection-system
20211103,1012523717,20211103,ISRAEL,ISR,HAMAS,PSE,190,재래식 군사력 사용,19,4,-10.0,8,1,8,0.18228608192151,"Gaza, Israel (general), Israel",IS,https://www.cfr.org/blog/why-indonesias-youth-hold-key-its-tech-sector-progress
20211103,1012523718,20211103,ISRAEL,ISR,HAMAS,PSE,190,재래식 군사력 사용,19,4,-10.0,2,1,2,0.18228608192151,"Washington, District of Columbia, United States",US,https://www.cfr.org/blog/why-indonesias-youth-hold-key-its-tech-sector-progress
20211103,1012524010,20211103,HAMAS,PSE,ISRAEL,ISR,190,재래식 군사력 사용,19,4,-10.0,8,1,8,0.18228608192151,"Gaza, Israel (general), Israel",IS,https://www.cfr.org/blog/why-indonesias-youth-hold-key-its-tech-sector-progress
20211103,1012524011,20211103,HAMAS,PSE,ISRAEL,ISR,190,재래식 군사력 사용,19,4,-10.0,2,1,2,0.18228608192151,"Washington, District of Columbia, United States",US,https://www.cfr.org/blog/why-indonesias-youth-hold-key-its-tech-sector-progress
20211103,1012533564,20211103,ISRAEL,ISR,LEBANON,LBN,192,영토 점령,19,4,-9.5,10,1,10,-4.73186119873817,Lebanon,LE,https://www.i24news.tv/en/news/israel/diplomacy-defense/1635955727-israel-deploying-massive-blimp-in-north-to-detect-threats
20211103,1012533565,20211103,ISRAEL,ISR,LEBANON,LBN,193,소형무기·경무기를 이용한 전투,19,4,-10.0,10,1,10,-4.73186119873817,"Galilee, Ha?afon, Israel",IS,https://www.i24news.tv/en/news/israel/diplomacy-defense/1635955727-israel-deploying-massive-blimp-in-north-to-detect-threats
20211103,1012535126,20211103,ISRAEL,ISR,IRANIAN,IRN,138,군사력 사용 위협,13,3,-7.0,2,1,2,-6.95035460992907,"Tel Aviv, Tel Aviv, Israel",IS,https://www.msn.com/en-gb/news/world/iran-and-israel-accuse-each-other-of-cyber-attacks-in-escalating-cold-war/ar-AAQhIHB
20211103,1012535134,20211103,ISRAEL,ISR,IRANIAN,IRN,138,군사력 사용 위협,13,3,-7.0,2,1,2,-6.95035460992907,"Tel Aviv, Tel Aviv, Israel",IS,https://www.msn.com/en-gb/news/world/iran-and-israel-accuse-each-other-of-cyber-attacks-in-escalating-cold-war/ar-AAQhIHB
20211103,1012535136,20211103,ISRAELI,ISR,IRANIAN,IRN,138,군사력 사용 위협,13,3,-7.0,6,1,6,-6.95035460992907,"Tel Aviv, Tel Aviv, Israel",IS,https://www.msn.com/en-gb/news/world/iran-and-israel-accuse-each-other-of-cyber-attacks-in-escalating-cold-war/ar-AAQhIHB
20211103,1012542196,20211103,EGYPT,EGY,ABYDOS,TUR,190,재래식 군사력 사용,19,4,-10.0,6,1,6,-5.26315789473684,"Abydos, Al Wadi al Jadid, Egypt",EG,https://www.abebooks.co.uk/products/isbn/9780743492232
20211103,1012542729,20211103,PALESTINIAN,PSE,ISRAEL,ISR,190,재래식 군사력 사용,19,4,-10.0,2,1,2,-1.41342756183746,"Ben Gurion, HaMerkaz, Israel",IS,https://www.huewire.com/re-palestine-is-an-occupied-land-a-fact-recognised-by-international-law-2/
20211103,1012546221,20211103,EGYPT,EGY,ISRAEL,ISR,192,영토 점령,19,4,-9.5,4,1,4,-1.15236875800256,Libya,LY,https://www.islam21c.com/news-views/mossad-the-master-puppeteer-as-sudan-trip-haftar-presidency-hopes-emerge/
20211103,1012546222,20211103,EGYPT,EGY,ISRAEL,ISR,192,영토 점령,19,4,-9.5,1,1,1,-1.15236875800256,"Tel Aviv, Tel Aviv, Israel",IS,https://www.islam21c.com/news-views/mossad-the-master-puppeteer-as-sudan-trip-haftar-presidency-hopes-emerge/
20211103,1012553817,20211103,SAUDI,SAU,LEBANON,LBN,139,최후통첩,13,3,-7.0,3,3,3,-2.8713620469538,"Riyadh, Ar Riya?, Saudi Arabia",SA,https://www.france24.com/en/live-news/20211103-us-calls-for-return-of-gulf-relations-with-lebanon
20211103,1012555464,20211103,ISRAELI,ISR,PALESTINIAN,PSE,190,재래식 군사력 사용,19,4,-10.0,8,1,8,-1.9539427773901,"Tel Aviv, Tel Aviv, Israel",IS,https://www.forbes.com/sites/allisonnorlian/2021/11/03/how-israel-shaped-ruth-mayer-and-her-hope-for-her-homelands-future/
20211103,1012555465,20211103,ISRAELI,ISR,PALESTINIAN,PSE,190,재래식 군사력 사용,19,4,-10.0,2,1,2,-1.9539427773901,"Philadelphia, Pennsylvania, United States",US,https://www.forbes.com/sites/allisonnorlian/2021/11/03/how-israel-shaped-ruth-mayer-and-her-hope-for-her-homelands-future/
20211103,1012555533,20211103,LEBANON,LBN,SYRIA,SYR,190,재래식 군사력 사용,19,4,-10.0,2,1,2,-14.9253731343284,Syria,SY,https://www.bignewsnetwork.com/news/271647752/2-killed-2-injured-in-camp-explosion-in-lebanon-bekaa-valley
20211103,1012555534,20211103,BEIRUT,LBN,SYRIAN,SYR,190,재래식 군사력 사용,19,4,-10.0,8,1,8,-14.9253731343284,Syria,SY,https://www.bignewsnetwork.com/news/271647752/2-killed-2-injured-in-camp-explosion-in-lebanon-bekaa-valley
20211103,1012555679,20211103,PALESTINIAN,PSE,ISRAELI,ISR,190,재래식 군사력 사용,19,4,-10.0,8,1,8,-1.9539427773901,"Tel Aviv, Tel Aviv, Israel",IS,https://www.forbes.com/sites/allisonnorlian/2021/11/03/how-israel-shaped-ruth-mayer-and-her-hope-for-her-homelands-future/
20211103,1012555680,20211103,PALESTINIAN,PSE,ISRAELI,ISR,190,재래식 군사력 사용,19,4,-10.0,2,1,2,-1.9539427773901,"Philadelphia, Pennsylvania, United States",US,https://www.forbes.com/sites/allisonnorlian/2021/11/03/how-israel-shaped-ruth-mayer-and-her-hope-for-her-homelands-future/
20211103,1012557481,20211103,ISRAEL,ISR,DAMASCUS,SYR,190,재래식 군사력 사용,19,4,-10.0,6,1,6,-3.9344262295082,Jordan,JO,https://www.presstv.ir/Tags/36
20211103,1012557482,20211103,ISRAEL,ISR,SYRIA,SYR,190,재래식 군사력 사용,19,4,-10.0,2,1,2,-3.9344262295082,Jordan,JO,https://www.presstv.ir/Tags/36
20211103,1012557483,20211103,ISRAEL,ISR,DAMASCUS,SYR,190,재래식 군사력 사용,19,4,-10.0,2,1,2,-3.9344262295082,Lebanon,LE,https://www.presstv.ir/Tags/36
20211103,1012557484,20211103,ISRAEL,ISR,SYRIA,SYR,194,포병·전차를 이용한 전투,19,4,-10.0,2,1,2,-3.9344262295082,Israel,IS,https://www.presstv.ir/Tags/36
20211103,1012560268,20211103,PALESTINIAN,PSE,ISRAEL,ISR,138,군사력 사용 위협,13,3,-7.0,3,1,3,-5.29986052998605,"Jerusalem, Israel (general), Israel",IS,https://www.jns.org/opinion/unacceptable-settlements/
20211103,1012562358,20211103,BEIRUT,LBN,SYRIAN,SYR,190,재래식 군사력 사용,19,4,-10.0,10,1,10,-10.6382978723404,"Beirut, Beyrouth, Lebanon",LE,http://www.china.org.cn/world/Off_the_Wire/2021-11/04/content_77849714.htm
20211103,1012567753,20211103,BEIRUT,LBN,IRAN,IRN,190,재래식 군사력 사용,19,4,-10.0,2,1,2,-7.14285714285714,Israel,IS,https://www.qatar-tribune.com/news-details/id/223319/israeli-missiles-hit-pro-iranian-posts-near-syrian-capital-says-war-monitor
20211103,1012567754,20211103,BEIRUT,LBN,IRAN,IRN,194,포병·전차를 이용한 전투,19,4,-10.0,2,1,2,-7.14285714285714,Israel,IS,https://www.qatar-tribune.com/news-details/id/223319/israeli-missiles-hit-pro-iranian-posts-near-syrian-capital-says-war-monitor
20211103,1012567757,20211103,BEIRUT,LBN,DAMASCUS,SYR,190,재래식 군사력 사용,19,4,-10.0,3,1,3,-7.14285714285714,Israel,IS,https://www.qatar-tribune.com/news-details/id/223319/israeli-missiles-hit-pro-iranian-posts-near-syrian-capital-says-war-monitor
20211103,1012567758,20211103,BEIRUT,LBN,DAMASCUS,SYR,190,재래식 군사력 사용,19,4,-10.0,2,1,2,-7.14285714285714,"Damascus, Dimashq, Syria",SY,https://www.qatar-tribune.com/news-details/id/223319/israeli-missiles-hit-pro-iranian-posts-near-syrian-capital-says-war-monitor
20211104,1012593509,20211104,ISRAEL,ISR,HAMAS,PSE,190,재래식 군사력 사용,19,4,-10.0,8,1,8,0.16096147655327,"Gaza, Israel (general), Israel",IS,https://www.cfr.org/human-rights/refugees-and-displaced-persons
20211104,1012593510,20211104,ISRAEL,ISR,HAMAS,PSE,190,재래식 군사력 사용,19,4,-10.0,2,1,2,0.16096147655327,"Washington, District of Columbia, United States",US,https://www.cfr.org/human-rights/refugees-and-displaced-persons
20211104,1012593729,20211104,HAMAS,PSE,ISRAEL,ISR,190,재래식 군사력 사용,19,4,-10.0,8,1,8,0.16096147655327,"Gaza, Israel (general), Israel",IS,https://www.cfr.org/human-rights/refugees-and-displaced-persons
20211104,1012593730,20211104,HAMAS,PSE,ISRAEL,ISR,190,재래식 군사력 사용,19,4,-10.0,2,1,2,0.16096147655327,"Washington, District of Columbia, United States",US,https://www.cfr.org/human-rights/refugees-and-displaced-persons
20211104,1012597241,20211104,HAMAS,PSE,ISRAEL,ISR,194,포병·전차를 이용한 전투,19,4,-10.0,2,1,2,-5.95238095238095,"Jerusalem, Israel (general), Israel",IS,https://www.wcsufm.org/?page=2352
20211104,1012597242,20211104,HAMAS,PSE,ISRAEL,ISR,194,포병·전차를 이용한 전투,19,4,-10.0,8,1,8,-5.95238095238095,"Jerusalem, Israel (general), Israel",IS,https://www.wcsufm.org/?page=2352
20211104,1012597243,20211104,HAMAS,PSE,ISRAELI,ISR,194,포병·전차를 이용한 전투,19,4,-10.0,6,1,6,-5.95238095238095,"Jerusalem, Israel (general), Israel",IS,https://www.wcsufm.org/?page=2352
20211104,1012612443,20211104,SAUDI,SAU,EGYPT,EGY,190,재래식 군사력 사용,19,4,-10.0,1,1,1,-5.65125415533394,"Cairo, Al Qahirah, Egypt",EG,https://www.foreignaffairs.com/articles/middle-east/2021-11-04/wars-within-islam-are-not-over
20211104,1012612444,20211104,SAUDI,SAU,EGYPT,EGY,190,재래식 군사력 사용,19,4,-10.0,1,1,1,-5.65125415533394,"Riyadh, Ar Riya?, Saudi Arabia",SA,https://www.foreignaffairs.com/articles/middle-east/2021-11-04/wars-within-islam-are-not-over
20211104,1012614020,20211104,TURKEY,TUR,SYRIA,SYR,190,재래식 군사력 사용,19,4,-10.0,8,1,8,-5.42582417582418,"Moscow, Moskva, Russia",RS,https://www.lewrockwell.com/2021/11/no_author/wings-of-death-how-availability-of-combat-drones-will-change-war-forever/
20211104,1012622348,20211104,ISRAEL,ISR,GAZA,PSE,192,영토 점령,19,4,-9.5,1,1,1,-7.07762557077626,"Gaza, Israel (general), Israel",IS,https://www.al-monitor.com/originals/2021/11/drug-dealers-gaza-risk-hamas-military-trials
20211104,1012622349,20211104,ISRAEL,ISR,GAZA,PSE,192,영토 점령,19,4,-9.5,1,1,1,-7.07762557077626,"Rafah, Gaza Strip (general), Gaza Strip",GZ,https://www.al-monitor.com/originals/2021/11/drug-dealers-gaza-risk-hamas-military-trials
20211104,1012627162,20211104,ISRAELI,ISR,GAZA,PSE,193,소형무기·경무기를 이용한 전투,19,4,-10.0,102,17,102,-8.0732717887898,"Tel Aviv, Tel Aviv, Israel",IS,https://www.thetelegraph.com/news/article/Israel-tests-massive-inflatable-missile-detection-16588338.php
20211104,1012627163,20211104,ISRAEL,ISR,HAMAS,PSE,194,포병·전차를 이용한 전투,19,4,-10.0,68,17,68,-8.0732717887898,"Gaza, Israel (general), Israel",IS,https://www.thetelegraph.com/news/article/Israel-tests-massive-inflatable-missile-detection-16588338.php
20211104,1012627464,20211104,GAZA,PSE,TEL AVIV,ISR,194,포병·전차를 이용한 전투,19,4,-10.0,68,17,68,-8.0732717887898,"Tel Aviv, Tel Aviv, Israel",IS,https://www.thetelegraph.com/news/article/Israel-tests-massive-inflatable-missile-detection-16588338.php
20211104,1012627465,20211104,GAZA,PSE,TEL AVIV,ISR,194,포병·전차를 이용한 전투,19,4,-10.0,34,17,34,-8.0732717887898,"Gaza, Israel (general), Israel",IS,https://www.thetelegraph.com/news/article/Israel-tests-massive-inflatable-missile-detection-16588338.php
20211104,1012634749,20211104,ISRAEL,ISR,GAZA,PSE,138,군사력 사용 위협,13,3,-7.0,4,1,4,-3.54166666666667,"Gaza, Israel (general), Israel",IS,https://ground.news/article/israel-tests-massive-inflatable-missile-detection-system_7ad228
20211104,1012634750,20211104,ISRAEL,ISR,GAZA,PSE,138,군사력 사용 위협,13,3,-7.0,4,1,4,-3.54166666666667,United States,US,https://ground.news/article/israel-tests-massive-inflatable-missile-detection-system_7ad228
20211104,1012639925,20211104,PALESTINIAN,PSE,ISRAEL,ISR,190,재래식 군사력 사용,19,4,-10.0,8,1,8,-5.06058446186743,Israel,IS,http://www.ruthfullyyours.com/2021/11/04/the-palestinian-authority-campaign-against-palestinian-ngos-by-khaled-abu-toameh/
20211104,1012640016,20211104,TURKEY,TUR,SYRIA,SYR,192,영토 점령,19,4,-9.5,8,2,8,-2.8823062873558,"Azaz, ?alab, Syria",SY,https://www.msn.com/en-us/news/world/in-new-syrian-operation-turkey-faces-a-gordian-knot/ar-AAQiWTV
20211104,1012640017,20211104,TURKEY,TUR,SYRIA,SYR,192,영토 점령,19,4,-9.5,4,2,4,-2.8823062873558,"Azaz, ?alab, Syria",SY,https://www.msn.com/en-us/news/world/in-new-syrian-operation-turkey-faces-a-gordian-knot/ar-AAQiWTV
20211104,1012641446,20211104,IRAN,IRN,SAUDI,SAU,190,재래식 군사력 사용,19,4,-10.0,2,1,2,-4.61585180686304,Iran,IR,https://www.strategypage.com/qnd/yemen/articles/20211104.aspx
20211104,1012641447,20211104,IRAN,IRN,SAUDI ARABIA,SAU,190,재래식 군사력 사용,19,4,-10.0,8,1,8,-4.61585180686304,"Jazan, Jizan, Saudi Arabia",SA,https://www.strategypage.com/qnd/yemen/articles/20211104.aspx
20211104,1012641453,20211104,IRANIAN,IRN,ADEN,YEM,190,재래식 군사력 사용,19,4,-10.0,2,1,2,-4.61585180686304,Iran,IR,https://www.strategypage.com/qnd/yemen/articles/20211104.aspx
20211104,1012641454,20211104,IRANIAN,IRN,ADEN,YEM,190,재래식 군사력 사용,19,4,-10.0,2,1,2,-4.61585180686304,Iran,IR,https://www.strategypage.com/qnd/yemen/articles/20211104.aspx
20211104,1012641457,20211104,IRANIAN,IRN,ADEN,YEM,190,재래식 군사력 사용,19,4,-10.0,6,1,6,-4.61585180686304,Iran,IR,https://www.strategypage.com/qnd/yemen/articles/20211104.aspx
20211104,1012641633,20211104,SAUDI ARABIA,SAU,IRANIAN,IRN,192,영토 점령,19,4,-9.5,12,1,12,-4.61585180686304,"Arabian Peninsula, Saudi Arabia (general), Saudi Arabia",SA,https://www.strategypage.com/qnd/yemen/articles/20211104.aspx
20211104,1012641634,20211104,SAUDI ARABIA,SAU,IRAN,IRN,192,영토 점령,19,4,-9.5,8,1,8,-4.61585180686304,Iran,IR,https://www.strategypage.com/qnd/yemen/articles/20211104.aspx
20211104,1012641815,20211104,YEMEN,YEM,IRAN,IRN,194,포병·전차를 이용한 전투,19,4,-10.0,4,1,4,-4.61585180686304,"Marib, Ma'rib, Yemen",YM,https://www.strategypage.com/qnd/yemen/articles/20211104.aspx
20211104,1012641816,20211104,YEMEN,YEM,IRANIAN,IRN,194,포병·전차를 이용한 전투,19,4,-10.0,12,1,12,-4.61585180686304,Iran,IR,https://www.strategypage.com/qnd/yemen/articles/20211104.aspx
20211104,1012646196,20211103,TURKEY,TUR,SYRIA,SYR,190,재래식 군사력 사용,19,4,-10.0,1,1,1,-8.26446280991736,"Aleppo, ?alab, Syria",SY,https://www.hawarnews.com/en/haber/clashes-between-syrian-forces-and-pro-turkey-mercenaries-in-hama-and-aleppo-h27475.html
20211104,1012647163,20211104,SAUDI,SAU,LEBANON,LBN,139,최후통첩,13,3,-7.0,2,1,2,-2.0066889632107,"Riyadh, Ar Riya?, Saudi Arabia",SA,https://www.naharnet.com:443/stories/en/285443-u-s-calls-for-return-of-gulf-relations-with-lebanon
20211104,1012647164,20211104,SAUDI,SAU,LEBANON,LBN,139,최후통첩,13,3,-7.0,3,2,3,-3.8728519733163,"Beirut, Beyrouth, Lebanon",LE,https://www.naharnet.com:443/stories/en/285443-u-s-calls-for-return-of-gulf-relations-with-lebanon
20211104,1012648481,20211028,SAUDI ARABIA,SAU,LEBANON,LBN,163,금수·보이콧·제재 부과,16,4,-8.0,2,1,2,-4.57875457875458,"Beirut, Beyrouth, Lebanon",LE,https://www.middleeasteye.net/news/lebanon-saudi-import-ban-economy-crisis
20211104,1012648482,20211028,SAUDI,SAU,LEBANON,LBN,163,금수·보이콧·제재 부과,16,4,-8.0,1,1,1,-4.57875457875458,Israel,IS,https://www.middleeasteye.net/news/lebanon-saudi-import-ban-economy-crisis
20211104,1012648483,20211028,SAUDI,SAU,LEBANON,LBN,163,금수·보이콧·제재 부과,16,4,-8.0,1,1,1,-4.57875457875458,Israel,IS,https://www.middleeasteye.net/news/lebanon-saudi-import-ban-economy-crisis
20211104,1012648484,20211028,SAUDI ARABIA,SAU,LEBANON,LBN,163,금수·보이콧·제재 부과,16,4,-8.0,1,1,1,-4.57875457875458,"Riyadh, Ar Riya?, Saudi Arabia",SA,https://www.middleeasteye.net/news/lebanon-saudi-import-ban-economy-crisis
20211104,1012649681,20211104,SAUDI ARABIA,SAU,LEBANESE,LBN,190,재래식 군사력 사용,19,4,-10.0,2,1,2,-4.57875457875458,"Beirut, Beyrouth, Lebanon",LE,https://www.middleeasteye.net/news/lebanon-saudi-import-ban-economy-crisis
20211104,1012653436,20211104,ISRAEL,ISR,SYRIA,SYR,190,재래식 군사력 사용,19,4,-10.0,2,1,2,-2.4,"Gaza, Israel (general), Israel",IS,https://blogs.timesofisrael.com/the-aftermath-of-israels-attack-on-the-6-ngos/
20211104,1012653437,20211104,ISRAEL,ISR,SYRIA,SYR,190,재래식 군사력 사용,19,4,-10.0,2,1,2,-2.4,"Gaza, Israel (general), Israel",IS,https://blogs.timesofisrael.com/the-aftermath-of-israels-attack-on-the-6-ngos/
20211104,1012653704,20211104,SYRIA,SYR,ISRAEL,ISR,190,재래식 군사력 사용,19,4,-10.0,2,1,2,-2.4,"Gaza, Israel (general), Israel",IS,https://blogs.timesofisrael.com/the-aftermath-of-israels-attack-on-the-6-ngos/
20211104,1012653705,20211104,SYRIA,SYR,ISRAEL,ISR,190,재래식 군사력 사용,19,4,-10.0,2,1,2,-2.4,"Gaza, Israel (general), Israel",IS,https://blogs.timesofisrael.com/the-aftermath-of-israels-attack-on-the-6-ngos/
20211104,1012666981,20211104,HAMAS,PSE,ISRAELI,ISR,194,포병·전차를 이용한 전투,19,4,-10.0,10,1,10,-7.6555023923445,"Gaza, Israel (general), Israel",IS,https://www.latimes.com/world-nation/story/2021-11-04/israel-tests-inflatable-missile-detection-system
20211104,1012667042,20211104,TURKEY,TUR,SAUDI,SAU,190,재래식 군사력 사용,19,4,-10.0,1,1,1,-3.76175548589341,Saudi Arabia,SA,https://www.msn.com/en-us/news/technology/us-cuts-off-pegasus-developer-what-you-need-to-know-about-this-spyware/ar-AAMl60a
20211104,1012667043,20211104,TURKEY,TUR,SAUDI ARABIA,SAU,190,재래식 군사력 사용,19,4,-10.0,1,1,1,-3.76175548589341,Saudi Arabia,SA,https://www.msn.com/en-us/news/technology/us-cuts-off-pegasus-developer-what-you-need-to-know-about-this-spyware/ar-AAMl60a
20211104,1012667044,20211104,TURKEY,TUR,SAUDI,SAU,190,재래식 군사력 사용,19,4,-10.0,6,1,6,-3.76175548589341,Saudi Arabia,SA,https://www.msn.com/en-us/news/technology/us-cuts-off-pegasus-developer-what-you-need-to-know-about-this-spyware/ar-AAMl60a
20211104,1012667045,20211104,TURKEY,TUR,SAUDI ARABIA,SAU,190,재래식 군사력 사용,19,4,-10.0,1,1,1,-3.76175548589341,Saudi Arabia,SA,https://www.msn.com/en-us/news/technology/us-cuts-off-pegasus-developer-what-you-need-to-know-about-this-spyware/ar-AAMl60a
20211104,1012668075,20211104,IRAQ,IRQ,JORDAN,JOR,190,재래식 군사력 사용,19,4,-10.0,2,1,2,-1.05820105820106,Iraq,IZ,https://www.theguardian.com/film/2021/nov/04/ridley-scott-films-ranked
20211104,1012670317,20211104,ISRAELI,ISR,PALESTINIAN,PSE,190,재래식 군사력 사용,19,4,-10.0,6,1,6,-5.97345132743363,"Jerusalem, Israel (general), Israel",IS,https://www.ifiberone.com/business/facebook-employees-questioned-apparent-restrictions-on-palestinian-activists-account-documents/article_56ff433f-094f-5eb0-b0ab-f84223206213.html
20211104,1012670621,20211104,PALESTINIAN,PSE,ISRAEL,ISR,194,포병·전차를 이용한 전투,19,4,-10.0,2,1,2,-5.97345132743363,"Jerusalem, Israel (general), Israel",IS,https://www.ifiberone.com/business/facebook-employees-questioned-apparent-restrictions-on-palestinian-activists-account-documents/article_56ff433f-094f-5eb0-b0ab-f84223206213.html
20211104,1012670640,20211104,PALESTINIAN,PSE,ISRAEL,ISR,194,포병·전차를 이용한 전투,19,4,-10.0,2,1,2,-5.97345132743363,"Jerusalem, Israel (general), Israel",IS,https://www.ifiberone.com/business/facebook-employees-questioned-apparent-restrictions-on-palestinian-activists-account-documents/article_56ff433f-094f-5eb0-b0ab-f84223206213.html
20211104,1012675829,20211104,NAJIB MIKATI,LBN,SAUDI ARABIA,SAU,163,금수·보이콧·제재 부과,16,4,-8.0,2,1,2,-3.44827586206896,"Grand Serail, Beyrouth, Lebanon",LE,http://www.nna-leb.gov.lb/en/%D8%B3%D9%8A%D8%A7%D8%B3%D8%A9/502375/mikati-calls-on-minister-of-information-to-act-as
20211104,1012675830,20211104,NAJIB MIKATI,LBN,SAUDI ARABIA,SAU,163,금수·보이콧·제재 부과,16,4,-8.0,2,1,2,-2.78810408921933,"Beirut, Beyrouth, Lebanon",LE,http://www.nna-leb.gov.lb/en/%D8%B3%D9%8A%D8%A7%D8%B3%D8%A9/502385/update-mikati-calls-on-minister-of-information-to
20211104,1012677076,20211104,ISRAELI,ISR,SYRIAN,SYR,195,공중무기 사용,19,4,-10.0,9,1,9,0.0,Israel,IS,https://english.ahram.org.eg/Category/2/8/World/Israel-spared-fifth-snap-election-as-law.aspx
20211104,1012679129,20211104,KURDISTAN,IRN,TURKEY,TUR,190,재래식 군사력 사용,19,4,-10.0,2,1,2,-2.62200795060475,"Gezi, Kayseri, Turkey",TU,https://carnegieendowment.org/publications/85701
20211104,1012679130,20211104,KURDISTAN,IRN,TURKEY,TUR,190,재래식 군사력 사용,19,4,-10.0,2,1,2,-2.62200795060475,Afghanistan,AF,https://carnegieendowment.org/publications/85701
20211104,1012679131,20211104,KURDISTAN,IRN,TURKISH,TUR,190,재래식 군사력 사용,19,4,-10.0,3,1,3,-2.62200795060475,"Gezi, Kayseri, Turkey",TU,https://carnegieendowment.org/publications/85701
20211104,1012679192,20211104,LEBANON,LBN,SAUDI ARABIA,SAU,163,금수·보이콧·제재 부과,16,4,-8.0,2,1,2,-4.45859872611465,Lebanon,LE,https://www.freshplaza.com/article/9370572/saudi-arabian-ban-on-lebanese-imports-stressful-for-already-struggling-sector/
20211104,1012679397,20211104,SAUDI ARABIAN,SAU,LEBANESE,LBN,163,금수·보이콧·제재 부과,16,4,-8.0,4,1,4,-4.45859872611465,"Riyadh, Ar Riya?, Saudi Arabia",SA,https://www.freshplaza.com/article/9370572/saudi-arabian-ban-on-lebanese-imports-stressful-for-already-struggling-sector/
20211104,1012679398,20211104,SAUDI ARABIAN,SAU,LEBANESE,LBN,163,금수·보이콧·제재 부과,16,4,-8.0,1,1,1,-4.45859872611465,Lebanon,LE,https://www.freshplaza.com/article/9370572/saudi-arabian-ban-on-lebanese-imports-stressful-for-already-struggling-sector/
20211104,1012679399,20211104,SAUDI ARABIAN,SAU,LEBANESE,LBN,163,금수·보이콧·제재 부과,16,4,-8.0,3,1,3,-4.45859872611465,"Riyadh, Ar Riya?, Saudi Arabia",SA,https://www.freshplaza.com/article/9370572/saudi-arabian-ban-on-lebanese-imports-stressful-for-already-struggling-sector/
20211104,1012679448,20211104,TURKEY,TUR,KURDISTAN,IRN,190,재래식 군사력 사용,19,4,-10.0,2,1,2,-2.62200795060475,"Gezi, Kayseri, Turkey",TU,https://carnegieendowment.org/publications/85701
20211104,1012679449,20211104,TURKEY,TUR,KURDISTAN,IRN,190,재래식 군사력 사용,19,4,-10.0,2,1,2,-2.62200795060475,Afghanistan,AF,https://carnegieendowment.org/publications/85701
20211104,1012679450,20211104,TURKISH,TUR,KURDISTAN,IRN,190,재래식 군사력 사용,19,4,-10.0,3,1,3,-2.62200795060475,"Gezi, Kayseri, Turkey",TU,https://carnegieendowment.org/publications/85701
20211104,1012680802,20211104,BAHRAIN,BHR,SAUDI,SAU,192,영토 점령,19,4,-9.5,15,1,15,1.64670658682635,Saudi Arabia,SA,http://www.tradearabia.com/news/MISC_389226.html
20211104,1012681130,20211104,EGYPT,EGY,HASSAN,JOR,190,재래식 군사력 사용,19,4,-10.0,4,1,4,-7.84313725490196,"Upper Egypt, Egypt (general), Egypt",EG,https://english.ahram.org.eg/NewsContent/1/64/438075/Egypt/Politics-/Former-Egyptian-interior-minister-Hassan-ElAlfi-di.aspx
20211104,1012681482,20211104,ISRAELI,ISR,LEBANESE,LBN,194,포병·전차를 이용한 전투,19,4,-10.0,7,1,7,-5.51020408163265,"Jerusalem, Israel (general), Israel",IS,https://www.reuters.com/world/middle-east/rocket-warning-sirens-sound-northern-israel-israeli-military-says-2021-08-04/
20211104,1012681483,20211104,ISRAEL,ISR,LEBANON,LBN,194,포병·전차를 이용한 전투,19,4,-10.0,2,1,2,-5.51020408163265,"Beirut, Beyrouth, Lebanon",LE,https://www.reuters.com/world/middle-east/rocket-warning-sirens-sound-northern-israel-israeli-military-says-2021-08-04/
20211104,1012681596,20211104,LEBANESE,LBN,ISRAEL,ISR,190,재래식 군사력 사용,19,4,-10.0,2,1,2,-5.51020408163265,"Jerusalem, Israel (general), Israel",IS,https://www.reuters.com/world/middle-east/rocket-warning-sirens-sound-northern-israel-israeli-military-says-2021-08-04/
20211104,1012681602,20211104,LEBANESE,LBN,ISRAELI,ISR,190,재래식 군사력 사용,19,4,-10.0,3,1,3,-5.51020408163265,"Jerusalem, Israel (general), Israel",IS,https://www.reuters.com/world/middle-east/rocket-warning-sirens-sound-northern-israel-israeli-military-says-2021-08-04/
20211104,1012681797,20211104,PALESTINIAN,PSE,ISRAELI,ISR,138,군사력 사용 위협,13,3,-7.0,2,1,2,-7.0778564206269,"Gaza, Israel (general), Israel",IS,https://apnews.com/article/jerusalem-middle-east-lifestyle-government-and-politics-43d4cab031c28da0abf98d694dd169ac
20211104,1012681799,20211104,PALESTINIAN,PSE,ISRAEL,ISR,194,포병·전차를 이용한 전투,19,4,-10.0,1,1,1,-5.51020408163265,"Beirut, Beyrouth, Lebanon",LE,https://www.reuters.com/world/middle-east/rocket-warning-sirens-sound-northern-israel-israeli-military-says-2021-08-04/
20211104,1012681804,20211104,PALESTINIAN,PSE,ISRAELI,ISR,138,군사력 사용 위협,13,3,-7.0,1,1,1,-7.0778564206269,"Gaza, Israel (general), Israel",IS,https://apnews.com/article/jerusalem-middle-east-lifestyle-government-and-politics-43d4cab031c28da0abf98d694dd169ac
20211104,1012683753,20211104,JORDANIAN,JOR,IRAQ,IRQ,190,재래식 군사력 사용,19,4,-10.0,1,1,1,-7.86749482401656,"Baquba, DiyaláZ, Iraq",IZ,https://www.al-monitor.com/originals/2021/11/islamic-state-attack-sparks-sectarian-bloodletting-iraqs-diyala
20211104,1012683754,20211104,JORDANIAN,JOR,IRAQ,IRQ,190,재래식 군사력 사용,19,4,-10.0,1,1,1,-7.86749482401656,"Baquba, DiyaláZ, Iraq",IZ,https://www.al-monitor.com/originals/2021/11/islamic-state-attack-sparks-sectarian-bloodletting-iraqs-diyala
20211104,1012683917,20211104,GAZA,PSE,ISRAELI,ISR,190,재래식 군사력 사용,19,4,-10.0,1,1,1,-0.99173553719008,"Gaza, Israel (general), Israel",IS,https://www.dw.com/en/after-netanyahu-era-israel-ready-for-change/a-57880013
20211104,1012685918,20211104,LEBANON,LBN,SAUDI ARABIA,SAU,163,금수·보이콧·제재 부과,16,4,-8.0,2,1,2,-1.66666666666667,"Grand Serail, Beyrouth, Lebanon",LE,https://www.lbcgroup.tv/news/lebanon-news/615707/mikati-says-from-baabda-he-discussed-with-aoun-cri/en
20211104,1012685919,20211104,LEBANON,LBN,SAUDI ARABIA,SAU,163,금수·보이콧·제재 부과,16,4,-8.0,8,1,8,-1.66666666666667,"Grand Serail, Beyrouth, Lebanon",LE,https://www.lbcgroup.tv/news/lebanon-news/615707/mikati-says-from-baabda-he-discussed-with-aoun-cri/en
20211104,1012688398,20211104,TURKEY,TUR,SYRIA,SYR,154,군 병력 동원·증강,15,4,-7.2,16,2,16,-6.94144777986241,"Ankara, Ankara, Turkey",TU,https://www.presstv.ir/Detail/2021/11/04/669914/Russia--White-Helmets-plotting-false-flag-chemical-attacks-in-Syria-Idlib
20211104,1012688399,20211104,TURKEY,TUR,SYRIA,SYR,154,군 병력 동원·증강,15,4,-7.2,4,2,4,-6.94144777986241,"Ankara, Ankara, Turkey",TU,https://www.presstv.ir/Detail/2021/11/04/669914/Russia--White-Helmets-plotting-false-flag-chemical-attacks-in-Syria-Idlib
20211104,1012697683,20211104,ISRAELI,ISR,IRAN,IRN,154,군 병력 동원·증강,15,4,-7.2,2,1,2,-6.57534246575342,Israel,IS,https://www.middleeasteye.net/opinion/israel-iran-tensions-cyberattacks-strengthen-iranian-resolve
20211104,1012697684,20211104,ISRAELI,ISR,IRAN,IRN,154,군 병력 동원·증강,15,4,-7.2,2,1,2,-6.57534246575342,Iran,IR,https://www.middleeasteye.net/opinion/israel-iran-tensions-cyberattacks-strengthen-iranian-resolve
20211104,1012697695,20211104,ISRAELI,ISR,IRAN,IRN,154,군 병력 동원·증강,15,4,-7.2,6,1,6,-6.57534246575342,Israel,IS,https://www.middleeasteye.net/opinion/israel-iran-tensions-cyberattacks-strengthen-iranian-resolve
20211104,1012703385,20211104,IRANIAN,IRN,ISRAEL,ISR,190,재래식 군사력 사용,19,4,-10.0,2,1,2,-5.6,Israel,IS,https://www.memri.org/jttm/iran-backed-militias-iraq-israeli-cyber-attacks-iran-will-be-countered-dozen-painful-attacks
20211104,1012705027,20211104,ISRAELI,ISR,IRANIAN,IRN,190,재래식 군사력 사용,19,4,-10.0,8,1,8,-3.70370370370371,"Golan Heights, Syria (general), Syria",SY,https://sofrep.com/news/israel-continues-to-strike-iranian-militias-in-syria/
20211104,1012707994,20211104,ISRAELI,ISR,GAZA,PSE,190,재래식 군사력 사용,19,4,-10.0,1,1,1,-5.71687840290381,"Gaza, Israel (general), Israel",IS,https://www.algemeiner.com/2021/11/04/the-real-pinkwashing-is-done-by-palestinians/
20211104,1012708262,20211104,PALESTINE,PSE,ISRAELI,ISR,190,재래식 군사력 사용,19,4,-10.0,1,1,1,-5.71687840290381,"Gaza, Israel (general), Israel",IS,https://www.algemeiner.com/2021/11/04/the-real-pinkwashing-is-done-by-palestinians/
20211104,1012708313,20211104,RIYADH,SAU,LEBANON,LBN,139,최후통첩,13,3,-7.0,1,1,1,-7.60517799352751,"Beirut, Beyrouth, Lebanon",LE,https://www.france24.com/en/live-news/20211104-lebanon-pm-urges-action-to-mend-gulf-row-govt-paralysis
20211104,1012712234,20211104,ISRAELI,ISR,WEST BANK,PSE,190,재래식 군사력 사용,19,4,-10.0,10,1,10,-7.77279521674141,Gaza Strip,GZ,https://ifex.org/palestine-journalists-face-targeted-physical-attacks-by-israeli-forces/
20211104,1012715815,20211104,ISRAEL,ISR,GAZA,PSE,192,영토 점령,19,4,-9.5,12,1,12,-2.73348676958272,"Gaza, Israel (general), Israel",IS,https://datechguyblog.com/category/middle-east/israel/
20211104,1012720984,20211104,ISRAEL,ISR,DIMASHQ,SYR,190,재래식 군사력 사용,19,4,-10.0,10,1,10,-4.7244094488189,"Damascus, Dimashq, Syria",SY,https://jewishlink.news/world-us/46943-syria-reports-second-israeli-strike-near-damascus
20211104,1012728617,20211104,ISRAELI,ISR,HAMAS,PSE,193,소형무기·경무기를 이용한 전투,19,4,-10.0,5,1,5,-0.26737967914438,"Gaza, Israel (general), Israel",IS,https://eturbonews.com/3007704/israel-set-to-launch-new-giant-air-defense-balloon/
20211104,1012728930,20211104,HAMAS,PSE,ISRAELI,ISR,193,소형무기·경무기를 이용한 전투,19,4,-10.0,5,1,5,-0.26737967914438,"Gaza, Israel (general), Israel",IS,https://eturbonews.com/3007704/israel-set-to-launch-new-giant-air-defense-balloon/
20211104,1012731829,20211104,ISRAELI,ISR,WEST BANK,PSE,190,재래식 군사력 사용,19,4,-10.0,5,1,5,-5.58659217877095,"Nablus, West Bank (general), West Bank",WE,https://www.presstv.ir/Detail/2021/11/04/669931/Palestine-Israel-mosque-demolition-Duma-West-Bank
20211104,1012731830,20211104,ISRAELI,ISR,WEST BANK,PSE,190,재래식 군사력 사용,19,4,-10.0,2,1,2,-5.58659217877095,Israel,IS,https://www.presstv.ir/Detail/2021/11/04/669931/Palestine-Israel-mosque-demolition-Duma-West-Bank
20211104,1012737832,20211104,PALESTINE,PSE,ISRAEL,ISR,190,재래식 군사력 사용,19,4,-10.0,2,1,2,-1.99556541019956,Israel,IS,https://blogs.timesofisrael.com/cut-off-terrorist-ngos/
20211104,1012741668,20211104,SAUDI ARABIA,SAU,IRANIAN,IRN,194,포병·전차를 이용한 전투,19,4,-10.0,10,2,10,0.135135135135135,"Riyadh, Ar Riya?, Saudi Arabia",SA,https://www.reuters.com/world/middle-east/us-state-dept-okays-650-million-potential-air-to-air-missile-deal-saudi-arabia-2021-11-04/
20211104,1012746876,20211104,IRAQI,IRQ,SYRIA,SYR,190,재래식 군사력 사용,19,4,-10.0,2,1,2,-4.16124837451235,"Damascus, Dimashq, Syria",SY,https://www.washingtoninstitute.org/policy-analysis/militia-propaganda-around-attack-al-tanf
20211104,1012746877,20211104,IRAQI,IRQ,SYRIA,SYR,190,재래식 군사력 사용,19,4,-10.0,2,1,2,-4.16124837451235,Iran,IR,https://www.washingtoninstitute.org/policy-analysis/militia-propaganda-around-attack-al-tanf
20211104,1012746880,20211104,IRAQI,IRQ,SYRIA,SYR,190,재래식 군사력 사용,19,4,-10.0,3,1,3,-4.16124837451235,"Baghdad, Baghdad, Iraq",IZ,https://www.washingtoninstitute.org/policy-analysis/militia-propaganda-around-attack-al-tanf
20211104,1012746881,20211104,IRAQI,IRQ,SYRIA,SYR,190,재래식 군사력 사용,19,4,-10.0,3,1,3,-4.16124837451235,Iran,IR,https://www.washingtoninstitute.org/policy-analysis/militia-propaganda-around-attack-al-tanf
20211104,1012746964,20211104,LEBANESE,LBN,SYRIA,SYR,190,재래식 군사력 사용,19,4,-10.0,10,1,10,-3.0716723549488,"Damascus, Dimashq, Syria",SY,https://www.washingtoninstitute.org/policy-analysis/interpreting-reemergence-allies-syria-operations-room
20211104,1012754452,20211104,SAUDI ARABIA,SAU,YEMEN,YEM,195,공중무기 사용,19,4,-10.0,10,1,10,-2.24358974358975,Yemen,YM,https://news.antiwar.com/2021/11/04/biden-administration-approves-650-million-missile-sale-to-saudi-arabia/
20211105,1012759353,20211105,AL JAZEERA,QAT,SAUDI,SAU,138,군사력 사용 위협,13,3,-7.0,6,1,6,-3.38078291814946,"Riyadh, Ar Riya?, Saudi Arabia",SA,https://www.msn.com/en-us/news/world/biden-administration-approves-650m-weapon-sale-to-saudi-arabia/ar-AAQkw8U
20211105,1012759354,20211105,AL JAZEERA,QAT,SAUDI,SAU,138,군사력 사용 위협,13,3,-7.0,4,1,4,-3.38078291814946,"Riyadh, Ar Riya?, Saudi Arabia",SA,https://www.msn.com/en-us/news/world/biden-administration-approves-650m-weapon-sale-to-saudi-arabia/ar-AAQkw8U
20211105,1012759355,20211105,AL JAZEERA,QAT,SAUDI,SAU,138,군사력 사용 위협,13,3,-7.0,6,1,4,-3.38078291814946,"Sanaa, Sana', Yemen",YM,https://www.msn.com/en-us/news/world/biden-administration-approves-650m-weapon-sale-to-saudi-arabia/ar-AAQkw8U
20211105,1012759419,20211105,SAUDI,SAU,YEMEN,YEM,194,포병·전차를 이용한 전투,19,4,-10.0,8,1,8,0.51282051282052,Yemen,YM,https://www.khaleejtimes.com/gulf/us-okays-sale-of-advanced-air-to-air-missiles-to-saudi-arabia
20211105,1012760236,20211105,YEMEN,YEM,SAUDI,SAU,138,군사력 사용 위협,13,3,-7.0,2,1,2,-3.38078291814946,"Sanaa, Sana', Yemen",YM,https://www.msn.com/en-us/news/world/biden-administration-approves-650m-weapon-sale-to-saudi-arabia/ar-AAQkw8U
20211105,1012760237,20211105,YEMEN,YEM,SAUDI,SAU,138,군사력 사용 위협,13,3,-7.0,2,1,2,-3.38078291814946,"Sanaa, Sana', Yemen",YM,https://www.msn.com/en-us/news/world/biden-administration-approves-650m-weapon-sale-to-saudi-arabia/ar-AAQkw8U
20211105,1012780619,20211105,RIYADH,SAU,LEBANON,LBN,139,최후통첩,13,3,-7.0,1,1,1,-8.02469135802471,"Beirut, Beyrouth, Lebanon",LE,https://dailytimes.com.pk/837521/lebanon-pm-urges-action-to-mend-gulf-row-govt-paralysis/
20211105,1012780620,20211105,RIYADH,SAU,LEBANON,LBN,139,최후통첩,13,3,-7.0,1,1,1,-8.02469135802471,"Beirut, Beyrouth, Lebanon",LE,https://dailytimes.com.pk/837521/lebanon-pm-urges-action-to-mend-gulf-row-govt-paralysis/
20211105,1012780630,20211105,SYRIAN,SYR,ISRAEL,ISR,190,재래식 군사력 사용,19,4,-10.0,3,1,3,-7.84313725490196,Israel,IS,https://article.wn.com/view/2021/11/05/Israel_Attacks_In_Southern_Syria_Highlight_DecadesLong_Tensi/
20211105,1012785440,20211105,SAUDI,SAU,IRANIAN,IRN,194,포병·전차를 이용한 전투,19,4,-10.0,25,6,25,0.0481010785709632,"Riyadh, Ar Riya?, Saudi Arabia",SA,https://www.sbs.com.au/news/the-us-is-set-to-sell-650-million-worth-of-weapons-to-saudi-arabia/6852de86-952e-441d-840c-a8000d2bbc54
20211105,1012787707,20211105,SAUDI ARABIA,SAU,IRANIAN,IRN,194,포병·전차를 이용한 전투,19,4,-10.0,5,1,5,-3.01075268817205,Yemen,YM,https://www.trtworld.com/americas/biden-administration-green-lights-its-first-arm-sales-to-saudi-arabia-51359
20211105,1012787709,20211105,SAUDI ARABIA,SAU,YEMEN,YEM,194,포병·전차를 이용한 전투,19,4,-10.0,2,1,2,-3.01075268817205,"Riyadh, Ar Riya?, Saudi Arabia",SA,https://www.trtworld.com/americas/biden-administration-green-lights-its-first-arm-sales-to-saudi-arabia-51359
20211105,1012787710,20211105,SAUDI ARABIA,SAU,YEMEN,YEM,194,포병·전차를 이용한 전투,19,4,-10.0,8,1,8,-3.01075268817205,Yemen,YM,https://www.trtworld.com/americas/biden-administration-green-lights-its-first-arm-sales-to-saudi-arabia-51359
20211105,1012793640,20211105,SAUDI,SAU,YEMENI,YEM,190,재래식 군사력 사용,19,4,-10.0,4,1,4,-4.14937759336099,Saudi Arabia,SA,https://www.presstv.ir/Detail/2021/11/05/669958/headlines
20211105,1012793641,20211105,SAUDI,SAU,YEMENI,YEM,190,재래식 군사력 사용,19,4,-10.0,1,1,1,-4.14937759336099,Yemen,YM,https://www.presstv.ir/Detail/2021/11/05/669958/headlines
20211105,1012800540,20211105,ISTANBUL,TUR,SAUDI ARABIA,SAU,190,재래식 군사력 사용,19,4,-10.0,2,1,2,0.74257425742575,"Riyadh, Ar Riya?, Saudi Arabia",SA,https://www.israelnationalnews.com/News/News.aspx/316365
20211105,1012800541,20211105,TURKEY,TUR,SAUDI ARABIA,SAU,190,재래식 군사력 사용,19,4,-10.0,1,1,1,0.74257425742575,"Riyadh, Ar Riya?, Saudi Arabia",SA,https://www.israelnationalnews.com/News/News.aspx/316365
20211105,1012804236,20211105,ISRAEL,ISR,HAMAS,PSE,190,재래식 군사력 사용,19,4,-10.0,270,51,270,-5.03120960177751,Turkey,TU,https://www.washingtonpost.com/world/hamas-guardian-law-keeps-gaza-woman-from-studying-abroad/2021/11/05/c3466234-3e01-11ec-bd6f-da376f47304e_story.html
20211105,1012804459,20211105,HAMAS,PSE,ISRAEL,ISR,190,재래식 군사력 사용,19,4,-10.0,408,74,408,-5.15025707707328,"Gaza, Israel (general), Israel",IS,https://www.washingtonpost.com/world/hamas-guardian-law-keeps-gaza-woman-from-studying-abroad/2021/11/05/c3466234-3e01-11ec-bd6f-da376f47304e_story.html
20211105,1012805654,20211105,ISRAEL,ISR,HAMAS,PSE,190,재래식 군사력 사용,19,4,-10.0,95,25,95,-5.3883520276648,"Gaza, Israel (general), Israel",IS,https://www.durangoherald.com/articles/hamas-guardian-law-keeps-gaza-woman-from-studying-abroad/
20211105,1012805655,20211105,ISRAEL,ISR,HAMAS,PSE,190,재래식 군사력 사용,19,4,-10.0,41,19,41,-5.894040915858,Gaza Strip,GZ,https://www.durangoherald.com/articles/hamas-guardian-law-keeps-gaza-woman-from-studying-abroad/
20211105,1012805959,20211105,TURKEY,TUR,SYRIA,SYR,190,재래식 군사력 사용,19,4,-10.0,6,1,6,-1.45395799676898,"Euphrates, Dayr az Zawr, Syria",SY,https://english.enabbaladi.net/archives/2021/11/three-indications-of-a-new-russian-kurdish-rapprochement/
20211105,1012805960,20211105,TURKEY,TUR,SYRIA,SYR,190,재래식 군사력 사용,19,4,-10.0,2,1,2,-1.45395799676898,Turkey,TU,https://english.enabbaladi.net/archives/2021/11/three-indications-of-a-new-russian-kurdish-rapprochement/
20211105,1012805961,20211105,TURKEY,TUR,SYRIA,SYR,190,재래식 군사력 사용,19,4,-10.0,2,1,2,-1.45395799676898,"Euphrates, Dayr az Zawr, Syria",SY,https://english.enabbaladi.net/archives/2021/11/three-indications-of-a-new-russian-kurdish-rapprochement/
20211105,1012808481,20211105,EGYPT,EGY,GAZA,PSE,163,금수·보이콧·제재 부과,16,4,-8.0,6,1,6,0.14154281670206,"Rafah, Gaza Strip (general), Gaza Strip",GZ,https://www.ynetnews.com/magazine/article/rkdcjwbpt
20211105,1012814507,20211105,ISRAELI,ISR,LEBANESE,LBN,194,포병·전차를 이용한 전투,19,4,-10.0,3,2,3,-5.60913737609827,"Beirut, Beyrouth, Lebanon",LE,https://www.rt.com/op-ed/539384-syria-israel-missile-attacks/
20211105,1012814508,20211105,ISRAELI,ISR,LEBANESE,LBN,194,포병·전차를 이용한 전투,19,4,-10.0,2,1,2,-5.76247364722417,Israel,IS,https://www.rt.com/op-ed/539384-syria-israel-missile-attacks/
20211105,1012814516,20211105,ISRAEL,ISR,SYRIA,SYR,190,재래식 군사력 사용,19,4,-10.0,2,1,2,-5.76247364722417,"Tartous, Tartus, Syria",SY,https://www.rt.com/op-ed/539384-syria-israel-missile-attacks/
20211105,1012814517,20211105,ISRAELI,ISR,SYRIAN,SYR,190,재래식 군사력 사용,19,4,-10.0,4,1,4,-5.76247364722417,"Tartous, Tartus, Syria",SY,https://www.rt.com/op-ed/539384-syria-israel-missile-attacks/
20211105,1012814518,20211105,ISRAELI,ISR,SYRIAN,SYR,190,재래식 군사력 사용,19,4,-10.0,1,1,1,-5.76247364722417,Israel,IS,https://www.rt.com/op-ed/539384-syria-israel-missile-attacks/
20211105,1012814519,20211105,ISRAELI,ISR,SYRIAN,SYR,190,재래식 군사력 사용,19,4,-10.0,1,1,1,-5.76247364722417,Israel,IS,https://www.rt.com/op-ed/539384-syria-israel-missile-attacks/
20211105,1012814520,20211105,ISRAEL,ISR,SYRIA,SYR,194,포병·전차를 이용한 전투,19,4,-10.0,2,1,2,-5.76247364722417,Israel,IS,https://www.rt.com/op-ed/539384-syria-israel-missile-attacks/
20211105,1012814521,20211105,ISRAEL,ISR,SYRIA,SYR,195,공중무기 사용,19,4,-10.0,16,2,14,-5.60913737609827,"Damascus, Dimashq, Syria",SY,https://www.rt.com/op-ed/539384-syria-israel-missile-attacks/
20211105,1012814522,20211105,ISRAEL,ISR,SYRIA,SYR,195,공중무기 사용,19,4,-10.0,10,2,8,-5.60913737609827,Israel,IS,https://www.rt.com/op-ed/539384-syria-israel-missile-attacks/
20211105,1012814523,20211105,ISRAEL,ISR,SYRIA,SYR,195,공중무기 사용,19,4,-10.0,2,1,2,-5.76247364722417,Israel,IS,https://www.rt.com/op-ed/539384-syria-israel-missile-attacks/
20211105,1012814526,20211105,ISRAELI,ISR,LEBANESE,LBN,194,포병·전차를 이용한 전투,19,4,-10.0,2,1,2,-5.76247364722417,"Beirut, Beyrouth, Lebanon",LE,https://www.rt.com/op-ed/539384-syria-israel-missile-attacks/
20211105,1012814527,20211105,ISRAEL,ISR,LEBANON,LBN,194,포병·전차를 이용한 전투,19,4,-10.0,7,2,7,-5.60913737609827,Israel,IS,https://www.rt.com/op-ed/539384-syria-israel-missile-attacks/
20211105,1012814785,20211105,SYRIA,SYR,ISRAEL,ISR,154,군 병력 동원·증강,15,4,-7.2,16,2,16,-5.60913737609827,Israel,IS,https://www.rt.com/op-ed/539384-syria-israel-missile-attacks/
20211105,1012814786,20211105,SYRIA,SYR,ISRAEL,ISR,154,군 병력 동원·증강,15,4,-7.2,2,1,2,-5.76247364722417,Israel,IS,https://www.rt.com/op-ed/539384-syria-israel-missile-attacks/
20211105,1012821133,20211105,ISRAEL,ISR,IRANIAN,IRN,190,재래식 군사력 사용,19,4,-10.0,1,1,1,-4.26287744227353,"Tehran, Tehran, Iran",IR,https://english.aawsat.com/home/article/3286266/amir-taheri/new-team-and-new-fears-tehran
20211105,1012821424,20211105,SYRIA,SYR,ISRAEL,ISR,190,재래식 군사력 사용,19,4,-10.0,6,2,6,-7.97545133592569,"Damascus, Dimashq, Syria",SY,"https://www.presstv.ir/Detail/2021/11/05/669963/Israeli-airstrikes-against-Syria-pose-direct-threat-to-civilians,-Russia"
20211105,1012821425,20211105,SYRIA,SYR,ISRAEL,ISR,190,재래식 군사력 사용,19,4,-10.0,6,2,6,-7.97545133592569,"Tel Aviv, Tel Aviv, Israel",IS,"https://www.presstv.ir/Detail/2021/11/05/669963/Israeli-airstrikes-against-Syria-pose-direct-threat-to-civilians,-Russia"
20211105,1012821426,20211105,SYRIA,SYR,ISRAEL,ISR,190,재래식 군사력 사용,19,4,-10.0,18,2,18,-7.97545133592569,"Tel Aviv, Tel Aviv, Israel",IS,"https://www.presstv.ir/Detail/2021/11/05/669963/Israeli-airstrikes-against-Syria-pose-direct-threat-to-civilians,-Russia"
20211105,1012821427,20211105,SYRIA,SYR,ISRAEL,ISR,194,포병·전차를 이용한 전투,19,4,-10.0,12,2,12,-7.97545133592569,"Tel Aviv, Tel Aviv, Israel",IS,"https://www.presstv.ir/Detail/2021/11/05/669963/Israeli-airstrikes-against-Syria-pose-direct-threat-to-civilians,-Russia"
20211105,1012821428,20211105,SYRIA,SYR,ISRAEL,ISR,194,포병·전차를 이용한 전투,19,4,-10.0,18,2,18,-7.97545133592569,"Damascus, Dimashq, Syria",SY,"https://www.presstv.ir/Detail/2021/11/05/669963/Israeli-airstrikes-against-Syria-pose-direct-threat-to-civilians,-Russia"
20211105,1012821662,20211105,SANA,YEM,ISRAEL,ISR,194,포병·전차를 이용한 전투,19,4,-10.0,30,2,30,-7.97545133592569,"Tel Aviv, Tel Aviv, Israel",IS,"https://www.presstv.ir/Detail/2021/11/05/669963/Israeli-airstrikes-against-Syria-pose-direct-threat-to-civilians,-Russia"
20211105,1012830303,20211105,PALESTINIAN,PSE,ISRAEL,ISR,163,금수·보이콧·제재 부과,16,4,-8.0,5,3,5,-2.13630770452109,Israel,IS,https://www.bbc.co.uk/news/world-middle-east-59139572
20211105,1012830305,20211105,PALESTINIAN,PSE,ISRAEL,ISR,190,재래식 군사력 사용,19,4,-10.0,15,2,15,-9.06084656084655,Israel,IS,https://www.israelnationalnews.com/News/Flash.aspx/556964
20211105,1012832050,20211105,HAMAS,PSE,TEL AVIV,ISR,194,포병·전차를 이용한 전투,19,4,-10.0,10,1,10,-2.03389830508475,United States,US,https://interestingengineering.com/israel-just-unveiled-its-massive-blimp-to-detect-low-flying-missiles
20211105,1012834115,20211105,PALESTINIAN,PSE,ISRAEL,ISR,190,재래식 군사력 사용,19,4,-10.0,10,1,10,-4.0,"Regavim, H_efa, Israel",IS,https://www.israelnationalnews.com/News/News.aspx/316380
20211105,1012846276,20211105,BAGHDAD,IRQ,IRAN,IRN,190,재래식 군사력 사용,19,4,-10.0,3,1,1,-3.60975609756098,"Baghdad, Baghdad, Iraq",IZ,https://photogallery.indiatimes.com/news/world/anti-us-graffiti-still-covers-american-embassy-in-tehran/articleshow/87539645.cms
20211105,1012846277,20211105,BAGHDAD,IRQ,IRAN,IRN,190,재래식 군사력 사용,19,4,-10.0,1,1,1,-3.60975609756098,"Tehran, Tehran, Iran",IR,https://photogallery.indiatimes.com/news/world/anti-us-graffiti-still-covers-american-embassy-in-tehran/articleshow/87539645.cms
20211105,1012846278,20211105,BAGHDAD,IRQ,IRANIAN,IRN,190,재래식 군사력 사용,19,4,-10.0,18,1,6,-3.60975609756098,"Baghdad, Baghdad, Iraq",IZ,https://photogallery.indiatimes.com/news/world/anti-us-graffiti-still-covers-american-embassy-in-tehran/articleshow/87539645.cms
20211105,1012846279,20211105,BAGHDAD,IRQ,IRAN,IRN,190,재래식 군사력 사용,19,4,-10.0,3,1,1,-3.60975609756098,"Tehran, Tehran, Iran",IR,https://photogallery.indiatimes.com/news/world/anti-us-graffiti-still-covers-american-embassy-in-tehran/articleshow/87539645.cms
20211105,1012846280,20211105,BAGHDAD,IRQ,IRANIAN,IRN,190,재래식 군사력 사용,19,4,-10.0,6,1,6,-3.60975609756098,"Tehran, Tehran, Iran",IR,https://photogallery.indiatimes.com/news/world/anti-us-graffiti-still-covers-american-embassy-in-tehran/articleshow/87539645.cms
20211105,1012846281,20211105,BAGHDAD,IRQ,IRAN,IRN,190,재래식 군사력 사용,19,4,-10.0,1,1,1,-3.60975609756098,United States,US,https://photogallery.indiatimes.com/news/world/anti-us-graffiti-still-covers-american-embassy-in-tehran/articleshow/87539645.cms
20211105,1012846686,20211105,SAUDI ARABIA,SAU,IRANIAN,IRN,195,공중무기 사용,19,4,-10.0,5,1,5,-0.8421052631579,Iran,IR,https://www.bicom.org.uk/media_summary/vienna-nuclear-talks-due-to-resume-in-late-november/
20211105,1012846687,20211105,SAUDI ARABIA,SAU,IRAN,IRN,195,공중무기 사용,19,4,-10.0,3,1,3,-0.8421052631579,Iran,IR,https://www.bicom.org.uk/media_summary/vienna-nuclear-talks-due-to-resume-in-late-november/
20211105,1012850660,20211105,IRAQI,IRQ,IRAN,IRN,154,군 병력 동원·증강,15,4,-7.2,2,1,2,-1.96560196560197,"Baghdad, Baghdad, Iraq",IZ,https://english.alaraby.co.uk/news/tension-iraq-militias-prepare-protest-election-results
20211105,1012862143,20211105,LEBANON,LBN,YEMEN,YEM,192,영토 점령,19,4,-9.5,12,1,12,-2.9940119760479,Lebanon,LE,https://www.presstv.ir/Detail/2021/11/05/669968/Elijah-Magnier-Saudis-manifest-anger-Lebanon-publicly%20class=hover-effect
20211105,1012870107,20211105,SYRIA,SYR,TURKISH,TUR,190,재래식 군사력 사용,19,4,-10.0,1,1,1,-5.6422569027611,"Idlib, Idlib, Syria",SY,https://www.middleeasteye.net/big-story/turkey-syria-russia-troops-blamed-air-strike
20211105,1012870108,20211105,SYRIA,SYR,TURKISH,TUR,190,재래식 군사력 사용,19,4,-10.0,1,1,1,-5.6422569027611,"Hatay, Hatay, Turkey",TU,https://www.middleeasteye.net/big-story/turkey-syria-russia-troops-blamed-air-strike
20211105,1012870109,20211105,SYRIA,SYR,TURKEY,TUR,190,재래식 군사력 사용,19,4,-10.0,2,1,2,-5.6422569027611,"Idlib, Idlib, Syria",SY,https://www.middleeasteye.net/big-story/turkey-syria-russia-troops-blamed-air-strike
20211105,1012870110,20211105,SYRIA,SYR,TURKEY,TUR,190,재래식 군사력 사용,19,4,-10.0,2,1,2,-5.6422569027611,"Idlib, Idlib, Syria",SY,https://www.middleeasteye.net/big-story/turkey-syria-russia-troops-blamed-air-strike
20211105,1012876988,20211105,ISRAELI,ISR,LEBANESE,LBN,194,포병·전차를 이용한 전투,19,4,-10.0,1,1,1,-5.45580110497238,Israel,IS,https://www.sott.net/article/460324-Israel-attacks-Syria-in-broad-daylight-We-shouldnt-actively-ignore-it
20211105,1012876990,20211105,ISRAEL,ISR,OCCUPIED TERRITORIES,PSE,194,포병·전차를 이용한 전투,19,4,-10.0,2,1,2,-5.45580110497238,"Golan Heights, Syria (general), Syria",SY,https://www.sott.net/article/460324-Israel-attacks-Syria-in-broad-daylight-We-shouldnt-actively-ignore-it
20211105,1012876991,20211105,ISRAEL,ISR,OCCUPIED TERRITORIES,PSE,194,포병·전차를 이용한 전투,19,4,-10.0,2,1,2,-5.45580110497238,Israel,IS,https://www.sott.net/article/460324-Israel-attacks-Syria-in-broad-daylight-We-shouldnt-actively-ignore-it
20211105,1012876994,20211105,ISRAEL,ISR,SYRIA,SYR,194,포병·전차를 이용한 전투,19,4,-10.0,2,1,2,-5.45580110497238,Israel,IS,https://www.sott.net/article/460324-Israel-attacks-Syria-in-broad-daylight-We-shouldnt-actively-ignore-it
20211105,1012877275,20211105,PALESTINIAN,PSE,ISRAEL,ISR,194,포병·전차를 이용한 전투,19,4,-10.0,2,1,2,-5.45580110497238,Israel,IS,https://www.sott.net/article/460324-Israel-attacks-Syria-in-broad-daylight-We-shouldnt-actively-ignore-it
20211105,1012877336,20211105,SYRIA,SYR,ISRAEL,ISR,154,군 병력 동원·증강,15,4,-7.2,2,1,2,-5.45580110497238,"Tartous, Tartus, Syria",SY,https://www.sott.net/article/460324-Israel-attacks-Syria-in-broad-daylight-We-shouldnt-actively-ignore-it
20211105,1012877354,20211105,TURKEY,TUR,LATAKIA,SYR,190,재래식 군사력 사용,19,4,-10.0,7,1,7,-2.57466529351184,"Lipetsk, Lipetskaya Oblast', Russia",RS,https://theaviationist.com/2021/11/05/russian-movie-su-24-shootdown/
20211105,1012879513,20211105,ISRAELI,ISR,PALESTINIAN,PSE,193,소형무기·경무기를 이용한 전투,19,4,-10.0,14,7,14,-7.18376019248166,"Beit Dajan, HaMerkaz, Israel",IS,https://www.msn.com/en-us/news/world/israel-troops-kill-teen-in-west-bank-palestinian-ministry/ar-AAQmGoE
20211105,1012879514,20211105,ISRAEL,ISR,HAMAS,PSE,190,재래식 군사력 사용,19,4,-10.0,2,1,2,0.14175117217316,"Washington, District of Columbia, United States",US,https://www.cfr.org/backgrounder/chinas-modernizing-military
20211105,1012879875,20211105,PALESTINIAN,PSE,ISRAELI,ISR,190,재래식 군사력 사용,19,4,-10.0,28,3,22,-7.29250718649206,"Beit Dajan, HaMerkaz, Israel",IS,https://www.msn.com/en-us/news/world/israel-troops-kill-teen-in-west-bank-palestinian-ministry/ar-AAQmGoE
20211105,1012879887,20211105,PALESTINIAN,PSE,ISRAELI,ISR,190,재래식 군사력 사용,19,4,-10.0,10,1,6,-6.91911365900167,"Beit Dajan, HaMerkaz, Israel",IS,https://www.msn.com/en-us/news/world/israel-troops-kill-teen-in-west-bank-palestinian-ministry/ar-AAQmGoE
20211105,1012879888,20211105,PALESTINIAN,PSE,ISRAELI,ISR,190,재래식 군사력 사용,19,4,-10.0,2,1,2,-7.6158940397351,"Jerusalem, Israel (general), Israel",IS,https://www.msn.com/en-us/news/world/israel-troops-kill-teen-in-west-bank-palestinian-ministry/ar-AAQmGoE
20211105,1012879890,20211105,HAMAS,PSE,ISRAEL,ISR,190,재래식 군사력 사용,19,4,-10.0,2,1,2,0.14175117217316,"Washington, District of Columbia, United States",US,https://www.cfr.org/backgrounder/chinas-modernizing-military
20211105,1012884070,20211105,ISRAELI,ISR,PALESTINIAN,PSE,190,재래식 군사력 사용,19,4,-10.0,28,5,26,-6.05039423538079,"Beit Dajan, HaMerkaz, Israel",IS,https://www.middleeasteye.net/news/israel-palestine-child-killed-west-bank
20211105,1012884071,20211105,ISRAEL,ISR,WEST BANK,PSE,190,재래식 군사력 사용,19,4,-10.0,4,1,4,-5.4726368159204,"Deir Al-Hatab, West Bank (general), West Bank",WE,https://www.middleeasteye.net/news/israel-palestine-child-killed-west-bank
20211105,1012884072,20211105,ISRAEL,ISR,WEST BANK,PSE,190,재래식 군사력 사용,19,4,-10.0,1,1,1,-5.4726368159204,"Beit Dajan, HaMerkaz, Israel",IS,https://www.middleeasteye.net/news/israel-palestine-child-killed-west-bank
20211105,1012884337,20211105,WEST BANK,PSE,ISRAEL,ISR,193,소형무기·경무기를 이용한 전투,19,4,-10.0,8,1,8,-7.31044717541149,Israel,IS,https://www.timesofisrael.com/thirteen-year-old-palestinian-said-shot-dead-by-idf-in-clashes-near-nablus/
20211105,1012888425,20211105,ISRAEL,ISR,PALESTINIAN,PSE,190,재래식 군사력 사용,19,4,-10.0,2,1,2,-7.56302521008403,"Hebron, Israel (general), Israel",IS,http://english.wafa.ps/Pages/Details/126709
20211105,1012888426,20211105,ISRAEL,ISR,PALESTINIAN,PSE,190,재래식 군사력 사용,19,4,-10.0,2,1,2,-7.56302521008403,"Hebron, Israel (general), Israel",IS,http://english.wafa.ps/Pages/Details/126709
20211105,1012888434,20211105,ISRAELI,ISR,PALESTINIAN,PSE,190,재래식 군사력 사용,19,4,-10.0,2,1,2,-7.56302521008403,"Hebron, Israel (general), Israel",IS,http://english.wafa.ps/Pages/Details/126709
20211105,1012890546,20211105,ISRAELI,ISR,WEST BANK,PSE,190,재래식 군사력 사용,19,4,-10.0,3,1,3,-6.09418282548476,"Beita, West Bank (general), West Bank",WE,https://abcnews.go.com/International/wireStory/palestinians-13-year-dies-israeli-fire-west-bank-80996684
20211105,1012890547,20211105,ISRAELI,ISR,WEST BANK,PSE,190,재래식 군사력 사용,19,4,-10.0,47,10,47,-5.9911708849746,"Jerusalem, Israel (general), Israel",IS,https://abcnews.go.com/International/wireStory/palestinians-13-year-dies-israeli-fire-west-bank-80996684
20211105,1012890551,20211105,ISRAEL,ISR,PALESTINIAN,PSE,190,재래식 군사력 사용,19,4,-10.0,12,2,12,-6.12568301050359,"Beita, West Bank (general), West Bank",WE,https://www.msn.com/en-us/news/world/israel-troops-kill-teen-in-west-bank-palestinian-ministry/ar-AAQmHok
20211105,1012890552,20211105,ISRAEL,ISR,PALESTINIAN,PSE,190,재래식 군사력 사용,19,4,-10.0,6,2,6,-6.12568301050359,"Beita, West Bank (general), West Bank",WE,https://www.msn.com/en-us/news/world/israel-troops-kill-teen-in-west-bank-palestinian-ministry/ar-AAQmHok
20211105,1012890554,20211105,ISRAEL,ISR,WEST BANK,PSE,190,재래식 군사력 사용,19,4,-10.0,2,1,2,-6.09418282548476,"Ramallah, West Bank (general), West Bank",WE,https://abcnews.go.com/International/wireStory/palestinians-13-year-dies-israeli-fire-west-bank-80996684
20211105,1012890557,20211105,ISRAELI,ISR,PALESTINIAN,PSE,193,소형무기·경무기를 이용한 전투,19,4,-10.0,4,1,4,-6.57072346863496,"Beit Dajan, HaMerkaz, Israel",IS,https://www.msn.com/en-us/news/world/israel-troops-kill-teen-in-west-bank-palestinian-ministry/ar-AAQmHok
20211105,1012890871,20211105,PALESTINIAN,PSE,ISRAEL,ISR,190,재래식 군사력 사용,19,4,-10.0,12,2,12,-6.12568301050359,"Beita, West Bank (general), West Bank",WE,https://www.msn.com/en-us/news/world/israel-troops-kill-teen-in-west-bank-palestinian-ministry/ar-AAQmHok
20211105,1012890872,20211105,PALESTINIAN,PSE,ISRAEL,ISR,190,재래식 군사력 사용,19,4,-10.0,6,2,6,-6.12568301050359,"Beita, West Bank (general), West Bank",WE,https://www.msn.com/en-us/news/world/israel-troops-kill-teen-in-west-bank-palestinian-ministry/ar-AAQmHok
20211105,1012890873,20211105,WEST BANK,PSE,ISRAEL,ISR,190,재래식 군사력 사용,19,4,-10.0,2,1,2,-6.09418282548476,"Beita, West Bank (general), West Bank",WE,https://abcnews.go.com/International/wireStory/palestinians-13-year-dies-israeli-fire-west-bank-80996684
20211105,1012890881,20211105,WEST BANK,PSE,ISRAELI,ISR,190,재래식 군사력 사용,19,4,-10.0,50,10,50,-5.9911708849746,"Jerusalem, Israel (general), Israel",IS,https://abcnews.go.com/International/wireStory/palestinians-13-year-dies-israeli-fire-west-bank-80996684
20211105,1012892885,20211105,ISRAEL,ISR,WEST BANK,PSE,190,재래식 군사력 사용,19,4,-10.0,18,9,18,-5.9797251138068,"Ramallah, West Bank (general), West Bank",WE,https://www.ctvnews.ca/world/palestinians-13-year-old-dies-by-israeli-fire-in-west-bank-1.5654088
20211105,1012892886,20211105,ISRAEL,ISR,WEST BANK,PSE,190,재래식 군사력 사용,19,4,-10.0,18,9,18,-5.9797251138068,"Jerusalem, Israel (general), Israel",IS,https://www.ctvnews.ca/world/palestinians-13-year-old-dies-by-israeli-fire-in-west-bank-1.5654088
20211105,1012892887,20211105,ISRAELI,ISR,PALESTINIAN,PSE,190,재래식 군사력 사용,19,4,-10.0,28,14,28,-5.34828228084962,"Jerusalem, Israel (general), Israel",IS,https://www.ctvnews.ca/world/palestinians-13-year-old-dies-by-israeli-fire-in-west-bank-1.5654088
20211105,1012892888,20211105,ISRAELI,ISR,PALESTINIAN,PSE,193,소형무기·경무기를 이용한 전투,19,4,-10.0,7,7,7,-6.07722534769712,"Beita, West Bank (general), West Bank",WE,https://www.ctvnews.ca/world/palestinians-13-year-old-dies-by-israeli-fire-in-west-bank-1.5654088
20211105,1012893160,20211105,WEST BANK,PSE,ISRAEL,ISR,190,재래식 군사력 사용,19,4,-10.0,28,7,28,-6.07722534769712,"Beita, West Bank (general), West Bank",WE,https://www.ctvnews.ca/world/palestinians-13-year-old-dies-by-israeli-fire-in-west-bank-1.5654088
20211105,1012896799,20211105,IRAN,IRN,IRAQ,IRQ,190,재래식 군사력 사용,19,4,-10.0,3,1,2,-6.06060606060606,Iran,IR,https://www.haberx.com/post/711519/pro-iran-groups-clash-with-security-forces-in-iraq-s-baghdad
20211105,1012896800,20211105,IRANIAN,IRN,IRAQ,IRQ,190,재래식 군사력 사용,19,4,-10.0,12,1,8,-6.06060606060606,Iran,IR,https://www.haberx.com/post/711519/pro-iran-groups-clash-with-security-forces-in-iraq-s-baghdad
20211105,1012896801,20211105,IRAQ,IRQ,IRAN,IRN,190,재래식 군사력 사용,19,4,-10.0,1,1,1,-6.06060606060606,Iran,IR,https://www.haberx.com/post/711519/pro-iran-groups-clash-with-security-forces-in-iraq-s-baghdad
20211105,1012896802,20211105,IRAQ,IRQ,IRANIAN,IRN,190,재래식 군사력 사용,19,4,-10.0,14,1,10,-6.06060606060606,Iran,IR,https://www.haberx.com/post/711519/pro-iran-groups-clash-with-security-forces-in-iraq-s-baghdad
20211105,1012897979,20211105,ISRAEL,ISR,WEST BANK,PSE,190,재래식 군사력 사용,19,4,-10.0,6,2,6,-4.42428035043805,"Jerusalem, Israel (general), Israel",IS,https://www.swissinfo.ch/eng/palestinian-boy-killed-by-israeli-forces-in-west-bank-clash--health-ministry/47087824
20211105,1012897980,20211105,JERUSALEM,ISR,PALESTINIAN,PSE,193,소형무기·경무기를 이용한 전투,19,4,-10.0,2,1,2,-3.52941176470588,"Gaza, Israel (general), Israel",IS,https://www.swissinfo.ch/eng/palestinian-boy-killed-by-israeli-forces-in-west-bank-clash--health-ministry/47087824
20211105,1012897981,20211105,ISRAEL,ISR,WEST BANK,PSE,193,소형무기·경무기를 이용한 전투,19,4,-10.0,4,2,4,-4.42428035043805,"Jerusalem, Israel (general), Israel",IS,https://www.swissinfo.ch/eng/palestinian-boy-killed-by-israeli-forces-in-west-bank-clash--health-ministry/47087824
20211105,1012897982,20211105,JERUSALEM,ISR,PALESTINIAN,PSE,193,소형무기·경무기를 이용한 전투,19,4,-10.0,7,3,7,-3.71580375852958,"Jerusalem, Israel (general), Israel",IS,https://www.swissinfo.ch/eng/palestinian-boy-killed-by-israeli-forces-in-west-bank-clash--health-ministry/47087824
20211105,1012898213,20211105,PALESTINIAN,PSE,ISRAELI,ISR,193,소형무기·경무기를 이용한 전투,19,4,-10.0,20,3,20,-6.24985026662867,"Nablus, West Bank (general), West Bank",WE,https://www.swissinfo.ch/eng/palestinian-boy-killed-by-israeli-forces-in-west-bank-clash--health-ministry/47087824
20211105,1012899392,20211105,BAHRAINI,BHR,YEMEN,YEM,138,군사력 사용 위협,13,3,-7.0,4,1,4,-5.8974358974359,"Manama, Al Manamah, Bahrain",BA,https://www.presstv.ir/Detail/2021/11/05/670006/Echoing-Lebanese-minister-Bahraini-protesters-call-for-end-to-futile-Yemen-war
20211105,1012899393,20211105,BAHRAINI,BHR,YEMEN,YEM,138,군사력 사용 위협,13,3,-7.0,1,1,1,-5.8974358974359,"Manama, Al Manamah, Bahrain",BA,https://www.presstv.ir/Detail/2021/11/05/670006/Echoing-Lebanese-minister-Bahraini-protesters-call-for-end-to-futile-Yemen-war
20211105,1012899394,20211105,BAHRAINI,BHR,YEMEN,YEM,138,군사력 사용 위협,13,3,-7.0,4,1,4,-5.8974358974359,Morocco,MO,https://www.presstv.ir/Detail/2021/11/05/670006/Echoing-Lebanese-minister-Bahraini-protesters-call-for-end-to-futile-Yemen-war
20211105,1012899395,20211105,BAHRAINI,BHR,YEMEN,YEM,138,군사력 사용 위협,13,3,-7.0,1,1,1,-5.8974358974359,West Bank,WE,https://www.presstv.ir/Detail/2021/11/05/670006/Echoing-Lebanese-minister-Bahraini-protesters-call-for-end-to-futile-Yemen-war
20211105,1012899858,20211105,ISRAELI,ISR,PALESTINIAN,PSE,193,소형무기·경무기를 이용한 전투,19,4,-10.0,3,1,3,-10.2325581395349,"Gaza, Israel (general), Israel",IS,https://www.presstv.ir/Detail/2021/11/05/670001/Israeli-forces-shoot-kill-Palestinian-teenager
20211105,1012899944,20211105,LEBANESE,LBN,YEMEN,YEM,138,군사력 사용 위협,13,3,-7.0,1,1,1,-5.8974358974359,Morocco,MO,https://www.presstv.ir/Detail/2021/11/05/670006/Echoing-Lebanese-minister-Bahraini-protesters-call-for-end-to-futile-Yemen-war
20211105,1012899945,20211105,LEBANESE,LBN,YEMEN,YEM,138,군사력 사용 위협,13,3,-7.0,1,1,1,-5.8974358974359,West Bank,WE,https://www.presstv.ir/Detail/2021/11/05/670006/Echoing-Lebanese-minister-Bahraini-protesters-call-for-end-to-futile-Yemen-war
20211105,1012899946,20211105,LEBANESE,LBN,YEMEN,YEM,138,군사력 사용 위협,13,3,-7.0,3,1,3,-5.8974358974359,West Bank,WE,https://www.presstv.ir/Detail/2021/11/05/670006/Echoing-Lebanese-minister-Bahraini-protesters-call-for-end-to-futile-Yemen-war
20211105,1012900134,20211105,WEST BANK,PSE,ISRAELI,ISR,190,재래식 군사력 사용,19,4,-10.0,2,1,2,-12.0822622107969,"Gilboa, Ha?afon, Israel",IS,https://www.presstv.ir/Detail/2021/11/05/669999/Palestinian-prisoner-Majdi-Hussein-al-Qubaisi-Israeli-regime-jails-Ramallah-West-Bank
20211105,1012900135,20211105,WEST BANK,PSE,ISRAEL,ISR,193,소형무기·경무기를 이용한 전투,19,4,-10.0,1,1,1,-10.2325581395349,"Beit Dajan, HaMerkaz, Israel",IS,https://www.presstv.ir/Detail/2021/11/05/670001/Israeli-forces-shoot-kill-Palestinian-teenager
20211105,1012900136,20211105,WEST BANK,PSE,ISRAEL,ISR,193,소형무기·경무기를 이용한 전투,19,4,-10.0,1,1,1,-10.2325581395349,"Beit Dajan, HaMerkaz, Israel",IS,https://www.presstv.ir/Detail/2021/11/05/670001/Israeli-forces-shoot-kill-Palestinian-teenager
20211105,1012900138,20211105,WEST BANK,PSE,ISRAEL,ISR,190,재래식 군사력 사용,19,4,-10.0,4,1,4,-12.0822622107969,"Gilboa, Ha?afon, Israel",IS,https://www.presstv.ir/Detail/2021/11/05/669999/Palestinian-prisoner-Majdi-Hussein-al-Qubaisi-Israeli-regime-jails-Ramallah-West-Bank
20211105,1012901776,20211105,ISRAEL,ISR,HAMAS,PSE,190,재래식 군사력 사용,19,4,-10.0,2,1,2,-4.53563714902807,Gaza Strip,GZ,https://www.the-journal.com/articles/hamas-guardian-law-keeps-gaza-woman-from-studying-abroad/
20211105,1012904301,20211105,ISRAEL,ISR,WEST BANK,PSE,190,재래식 군사력 사용,19,4,-10.0,1,1,1,-8.03212851405623,"Beita, West Bank (general), West Bank",WE,https://www.haaretz.com/middle-east-news/palestinians/teen-killed-by-israeli-military-fire-palestinian-health-ministry-says-1.10357974
20211105,1012904302,20211105,ISRAEL,ISR,WEST BANK,PSE,190,재래식 군사력 사용,19,4,-10.0,6,2,6,-7.82183853524334,"Nablus, West Bank (general), West Bank",WE,https://www.haaretz.com/middle-east-news/palestinians/teen-killed-by-israeli-military-fire-palestinian-health-ministry-says-1.10357974
20211105,1012904303,20211105,ISRAEL,ISR,WEST BANK,PSE,190,재래식 군사력 사용,19,4,-10.0,2,1,2,-8.03212851405623,Israel,IS,https://www.haaretz.com/middle-east-news/palestinians/teen-killed-by-israeli-military-fire-palestinian-health-ministry-says-1.10357974
20211105,1012904304,20211105,ISRAEL,ISR,WEST BANK,PSE,190,재래식 군사력 사용,19,4,-10.0,2,1,2,-7.40740740740741,"Ramallah, West Bank (general), West Bank",WE,https://tucson.com/news/world/palestinians-13-year-old-dies-by-israeli-fire-in-west-bank/article_7e49d6d9-dd3f-5689-9a56-cda4a9fc8796.html
20211105,1012904305,20211105,ISRAEL,ISR,WEST BANK,PSE,190,재래식 군사력 사용,19,4,-10.0,2,1,2,-7.40740740740741,Israel,IS,https://tucson.com/news/world/palestinians-13-year-old-dies-by-israeli-fire-in-west-bank/article_7e49d6d9-dd3f-5689-9a56-cda4a9fc8796.html
20211105,1012904306,20211105,ISRAEL,ISR,WEST BANK,PSE,190,재래식 군사력 사용,19,4,-10.0,1,1,1,-8.03212851405623,"Beita, West Bank (general), West Bank",WE,https://www.haaretz.com/middle-east-news/palestinians/teen-killed-by-israeli-military-fire-palestinian-health-ministry-says-1.10357974
20211105,1012904307,20211105,ISRAELI,ISR,WEST BANK,PSE,190,재래식 군사력 사용,19,4,-10.0,5,1,5,-7.40740740740741,Israel,IS,https://tucson.com/news/world/palestinians-13-year-old-dies-by-israeli-fire-in-west-bank/article_7e49d6d9-dd3f-5689-9a56-cda4a9fc8796.html
20211105,1012904310,20211105,ISRAEL,ISR,PALESTINIAN,PSE,190,재래식 군사력 사용,19,4,-10.0,2,1,2,-8.03212851405623,"Nablus, West Bank (general), West Bank",WE,https://www.haaretz.com/middle-east-news/palestinians/teen-killed-by-israeli-military-fire-palestinian-health-ministry-says-1.10357974
20211105,1012904311,20211105,ISRAELI,ISR,PALESTINIAN,PSE,190,재래식 군사력 사용,19,4,-10.0,1,1,1,-8.03212851405623,Israel,IS,https://www.haaretz.com/middle-east-news/palestinians/teen-killed-by-israeli-military-fire-palestinian-health-ministry-says-1.10357974
20211105,1012904525,20211105,WEST BANK,PSE,ISRAEL,ISR,190,재래식 군사력 사용,19,4,-10.0,2,1,2,-8.03212851405623,Israel,IS,https://www.haaretz.com/middle-east-news/palestinians/teen-killed-by-israeli-military-fire-palestinian-health-ministry-says-1.10357974
20211105,1012904526,20211105,PALESTINIAN,PSE,ISRAEL,ISR,190,재래식 군사력 사용,19,4,-10.0,1,1,1,-8.03212851405623,"Beita, West Bank (general), West Bank",WE,https://www.haaretz.com/middle-east-news/palestinians/teen-killed-by-israeli-military-fire-palestinian-health-ministry-says-1.10357974
20211105,1012904527,20211105,PALESTINIAN,PSE,ISRAELI,ISR,190,재래식 군사력 사용,19,4,-10.0,2,1,2,-8.03212851405623,"Beita, West Bank (general), West Bank",WE,https://www.haaretz.com/middle-east-news/palestinians/teen-killed-by-israeli-military-fire-palestinian-health-ministry-says-1.10357974
20211105,1012909334,20211105,ISRAELI,ISR,PALESTINIAN,PSE,193,소형무기·경무기를 이용한 전투,19,4,-10.0,2,1,2,-8.10810810810811,Israel,IS,https://www.arabherald.com/news/271660775/palestinian-boy-killed-by-israeli-soldiers-in-northern-west-bank-medics
20211105,1012909545,20211105,PALESTINIAN,PSE,ISRAELI,ISR,190,재래식 군사력 사용,19,4,-10.0,4,2,4,-9.00454910355901,"Nablus, West Bank (general), West Bank",WE,https://www.arabherald.com/news/271660775/palestinian-boy-killed-by-israeli-soldiers-in-northern-west-bank-medics
20211105,1012912031,20211105,ISRAELI,ISR,WEST BANK,PSE,193,소형무기·경무기를 이용한 전투,19,4,-10.0,6,1,6,-9.90099009900991,Israel,IS,https://avaz.ba/english/world/694236/palestinian-child-killed-by-israeli-forces-in-occupied-west-bank
20211105,1012912032,20211105,ISRAEL,ISR,WEST BANK,PSE,193,소형무기·경무기를 이용한 전투,19,4,-10.0,4,1,4,-9.90099009900991,Israel,IS,https://avaz.ba/english/world/694236/palestinian-child-killed-by-israeli-forces-in-occupied-west-bank
20211105,1012913850,20211105,IRAQ,IRQ,IRANIAN,IRN,190,재래식 군사력 사용,19,4,-10.0,1,1,1,-4.08977556109726,"Mahabad, Az¯arbayjan-e Gharbi, Iran",IR,https://jamestown.org/program/irans-impending-military-intervention-in-iraqi-kurdistan-catalysts-and-unintended-consequences/
20211105,1012913851,20211105,IRAQ,IRQ,IRANIAN,IRN,190,재래식 군사력 사용,19,4,-10.0,1,1,1,-4.08977556109726,"Choman, Liwa' Irbil, Iraq",IZ,https://jamestown.org/program/irans-impending-military-intervention-in-iraqi-kurdistan-catalysts-and-unintended-consequences/
20211105,1012915883,20211105,LEBANON,LBN,IRAQ,IRQ,190,재래식 군사력 사용,19,4,-10.0,2,1,2,-2.85918513223732,Iran,IR,https://www.timesofisrael.com/in-rare-interview-with-israeli-media-exiled-lebanese-journalist-slams-hezbollah/
20211105,1012915884,20211105,LEBANON,LBN,IRAQ,IRQ,190,재래식 군사력 사용,19,4,-10.0,2,1,2,-2.85918513223732,Syria,SY,https://www.timesofisrael.com/in-rare-interview-with-israeli-media-exiled-lebanese-journalist-slams-hezbollah/
20211105,1012915897,20211105,LEBANON,LBN,SYRIA,SYR,190,재래식 군사력 사용,19,4,-10.0,2,1,2,-2.85918513223732,Iran,IR,https://www.timesofisrael.com/in-rare-interview-with-israeli-media-exiled-lebanese-journalist-slams-hezbollah/
20211105,1012915898,20211105,LEBANON,LBN,SYRIA,SYR,190,재래식 군사력 사용,19,4,-10.0,2,1,2,-2.85918513223732,Syria,SY,https://www.timesofisrael.com/in-rare-interview-with-israeli-media-exiled-lebanese-journalist-slams-hezbollah/
20211105,1012915901,20211105,LEBANON,LBN,YEMEN,YEM,190,재래식 군사력 사용,19,4,-10.0,2,1,2,-2.85918513223732,Iran,IR,https://www.timesofisrael.com/in-rare-interview-with-israeli-media-exiled-lebanese-journalist-slams-hezbollah/
20211105,1012915902,20211105,LEBANON,LBN,YEMEN,YEM,190,재래식 군사력 사용,19,4,-10.0,2,1,2,-2.85918513223732,Syria,SY,https://www.timesofisrael.com/in-rare-interview-with-israeli-media-exiled-lebanese-journalist-slams-hezbollah/
20211105,1012918036,20211105,WEST BANK,PSE,ISRAEL,ISR,190,재래식 군사력 사용,19,4,-10.0,2,1,2,-7.61154855643045,"Nablus, West Bank (general), West Bank",WE,https://www.timesofisrael.com/idf-shots-fired-at-army-post-near-ramallah-no-one-injured/
20211105,1012918037,20211105,WEST BANK,PSE,ISRAEL,ISR,190,재래식 군사력 사용,19,4,-10.0,2,1,2,-7.61154855643045,Israel,IS,https://www.timesofisrael.com/idf-shots-fired-at-army-post-near-ramallah-no-one-injured/
20211105,1012919452,20211105,IRAN,IRN,SYRIA,SYR,1384,재래식 군사 공격 위협,13,3,-7.0,2,1,2,-0.62305295950156,"Aleppo, ?alab, Syria",SY,https://www.washingtoninstitute.org/policy-analysis/raisi-and-continued-export-revolution-syria
20211105,1012919453,20211105,IRAN,IRN,SYRIA,SYR,1384,재래식 군사 공격 위협,13,3,-7.0,6,1,6,-0.62305295950156,"Tehran, Tehran, Iran",IR,https://www.washingtoninstitute.org/policy-analysis/raisi-and-continued-export-revolution-syria
20211105,1012919454,20211105,IRAN,IRN,SYRIA,SYR,1384,재래식 군사 공격 위협,13,3,-7.0,2,1,2,-0.62305295950156,"Tehran, Tehran, Iran",IR,https://www.washingtoninstitute.org/policy-analysis/raisi-and-continued-export-revolution-syria
20211105,1012920973,20211105,ISRAEL,ISR,PALESTINIAN,PSE,193,소형무기·경무기를 이용한 전투,19,4,-10.0,1,1,1,-9.00473933649289,Israel,IS,http://english.wafa.ps/Pages/Details/126712
20211105,1012921119,20211105,WEST BANK,PSE,ISRAEL,ISR,193,소형무기·경무기를 이용한 전투,19,4,-10.0,2,1,2,-9.00473933649289,Israel,IS,http://english.wafa.ps/Pages/Details/126712
20211105,1012922337,20211105,ISRAEL,ISR,WEST BANK,PSE,190,재래식 군사력 사용,19,4,-10.0,6,2,6,-3.60543444277065,"Beit Dajan, HaMerkaz, Israel",IS,https://english.aawsat.com/home/article/3287161/palestinian-boy-killed-israeli-forces-west-bank-clash
20211105,1012922338,20211105,ISRAEL,ISR,WEST BANK,PSE,190,재래식 군사력 사용,19,4,-10.0,2,1,2,-4.63576158940397,"Beit Dajan, HaMerkaz, Israel",IS,https://english.aawsat.com/home/article/3287161/palestinian-boy-killed-israeli-forces-west-bank-clash
20211105,1012922339,20211105,ISRAELI,ISR,WEST BANK,PSE,190,재래식 군사력 사용,19,4,-10.0,2,1,2,-4.63576158940397,"Gaza, Israel (general), Israel",IS,https://english.aawsat.com/home/article/3287161/palestinian-boy-killed-israeli-forces-west-bank-clash
20211105,1012922340,20211105,ISRAEL,ISR,WEST BANK,PSE,193,소형무기·경무기를 이용한 전투,19,4,-10.0,2,1,2,-4.63576158940397,"Nablus, West Bank (general), West Bank",WE,https://english.aawsat.com/home/article/3287161/palestinian-boy-killed-israeli-forces-west-bank-clash
20211105,1012922341,20211105,ISRAELI,ISR,PALESTINIAN,PSE,193,소형무기·경무기를 이용한 전투,19,4,-10.0,2,1,2,-4.63576158940397,"Nablus, West Bank (general), West Bank",WE,https://english.aawsat.com/home/article/3287161/palestinian-boy-killed-israeli-forces-west-bank-clash
20211105,1012922342,20211105,ISRAELI,ISR,PALESTINIAN,PSE,193,소형무기·경무기를 이용한 전투,19,4,-10.0,6,2,6,-4.97745526278709,"Nablus, West Bank (general), West Bank",WE,https://english.aawsat.com/home/article/3287161/palestinian-boy-killed-israeli-forces-west-bank-clash
20211105,1012923914,20211105,ISRAEL,ISR,WEST BANK,PSE,193,소형무기·경무기를 이용한 전투,19,4,-10.0,4,1,4,-2.57510729613733,"Beit Dajan, HaMerkaz, Israel",IS,https://www.middleeastmonitor.com/20211105-palestinian-boy-killed-by-israeli-forces-in-west-bank-clash-health-ministry/
20211105,1012923915,20211105,ISRAELI,ISR,PALESTINIAN,PSE,193,소형무기·경무기를 이용한 전투,19,4,-10.0,2,2,2,-5.63847429519071,Gaza Strip,GZ,https://siouxcityjournal.com/news/world/palestinians-13-year-old-dies-by-israeli-fire-in-west-bank/article_56b0bab9-34ff-5a11-b58b-7072e333eb83.html
20211105,1012924189,20211105,WEST BANK,PSE,ISRAEL,ISR,190,재래식 군사력 사용,19,4,-10.0,8,2,8,-5.63847429519071,Gaza Strip,GZ,https://siouxcityjournal.com/news/world/palestinians-13-year-old-dies-by-israeli-fire-in-west-bank/article_56b0bab9-34ff-5a11-b58b-7072e333eb83.html
20211105,1012924190,20211105,PALESTINIAN,PSE,ISRAELI,ISR,193,소형무기·경무기를 이용한 전투,19,4,-10.0,8,1,8,-2.57510729613733,"Jerusalem, Israel (general), Israel",IS,https://www.middleeastmonitor.com/20211105-palestinian-boy-killed-by-israeli-forces-in-west-bank-clash-health-ministry/
20211105,1012929357,20211105,ISRAEL,ISR,WEST BANK,PSE,193,소형무기·경무기를 이용한 전투,19,4,-10.0,2,1,2,-5.31914893617021,"Jerusalem, Israel (general), Israel",IS,https://www.straitstimes.com/world/middle-east/palestinian-boy-13-killed-by-israeli-forces-in-west-bank-clash
20211105,1012929501,20211105,WEST BANK,PSE,ISRAEL,ISR,193,소형무기·경무기를 이용한 전투,19,4,-10.0,2,1,2,-5.31914893617021,"Nablus, West Bank (general), West Bank",WE,https://www.straitstimes.com/world/middle-east/palestinian-boy-13-killed-by-israeli-forces-in-west-bank-clash
20211106,1012931473,20211106,ISRAEL,ISR,WEST BANK,PSE,190,재래식 군사력 사용,19,4,-10.0,49,10,49,-7.01439848550472,"Jerusalem, Israel (general), Israel",IS,https://www.bignewsnetwork.com/news/271662237/teen-dies-70-people-injured-in-clashes-between-palestinians-israeli-soldiers
20211106,1012931474,20211106,ISRAEL,ISR,WEST BANK,PSE,190,재래식 군사력 사용,19,4,-10.0,10,5,10,-6.86695278969957,"Gaza, Israel (general), Israel",IS,https://www.bignewsnetwork.com/news/271662237/teen-dies-70-people-injured-in-clashes-between-palestinians-israeli-soldiers
20211106,1012931475,20211106,ISRAELI,ISR,GAZA,PSE,190,재래식 군사력 사용,19,4,-10.0,30,5,30,-6.86695278969957,"Gaza, Israel (general), Israel",IS,https://www.bignewsnetwork.com/news/271662237/teen-dies-70-people-injured-in-clashes-between-palestinians-israeli-soldiers
20211106,1012931476,20211106,ISRAELI,ISR,PALESTINIAN,PSE,190,재래식 군사력 사용,19,4,-10.0,50,5,50,-6.86695278969957,"Gaza, Israel (general), Israel",IS,https://www.bignewsnetwork.com/news/271662237/teen-dies-70-people-injured-in-clashes-between-palestinians-israeli-soldiers
20211106,1012931477,20211106,ISRAELI,ISR,PALESTINIAN,PSE,190,재래식 군사력 사용,19,4,-10.0,6,3,6,-7.75458922912535,Israel,IS,https://www.middleeaststar.com/news/271660775/palestinian-boy-killed-by-israeli-soldiers-in-northern-west-bank-medics
20211106,1012931479,20211106,ISRAELI,ISR,PALESTINIAN,PSE,193,소형무기·경무기를 이용한 전투,19,4,-10.0,2,1,2,-8.10810810810811,Israel,IS,https://www.middleeaststar.com/news/271660775/palestinian-boy-killed-by-israeli-soldiers-in-northern-west-bank-medics
20211106,1012931908,20211106,PALESTINIAN,PSE,ISRAELI,ISR,190,재래식 군사력 사용,19,4,-10.0,2,1,2,-8.10810810810811,"Nablus, West Bank (general), West Bank",WE,https://www.middleeaststar.com/news/271660775/palestinian-boy-killed-by-israeli-soldiers-in-northern-west-bank-medics
20211106,1012931909,20211106,WEST BANK,PSE,ISRAEL,ISR,190,재래식 군사력 사용,19,4,-10.0,30,5,30,-6.86695278969957,"Gaza, Israel (general), Israel",IS,https://www.bignewsnetwork.com/news/271662237/teen-dies-70-people-injured-in-clashes-between-palestinians-israeli-soldiers
20211106,1012931910,20211106,GAZA,PSE,ISRAELI,ISR,190,재래식 군사력 사용,19,4,-10.0,41,7,41,-7.15528233398262,"Jerusalem, Israel (general), Israel",IS,https://www.bignewsnetwork.com/news/271662237/teen-dies-70-people-injured-in-clashes-between-palestinians-israeli-soldiers
20211106,1012931911,20211106,PALESTINIAN,PSE,ISRAELI,ISR,190,재래식 군사력 사용,19,4,-10.0,50,5,50,-6.86695278969957,"Gaza, Israel (general), Israel",IS,https://www.bignewsnetwork.com/news/271662237/teen-dies-70-people-injured-in-clashes-between-palestinians-israeli-soldiers
20211106,1012935840,20211106,ISRAELI,ISR,PALESTINIAN,PSE,190,재래식 군사력 사용,19,4,-10.0,1,1,1,-5.95446584938704,"Beit Dajan, HaMerkaz, Israel",IS,https://japantoday.com/category/world/israel-troops-kill-teen-in-west-bank-palestinian-ministry1
20211106,1012935843,20211106,ISRAEL,ISR,PALESTINIAN,PSE,190,재래식 군사력 사용,19,4,-10.0,4,2,4,-5.89998866582087,"Beita, West Bank (general), West Bank",WE,https://japantoday.com/category/world/israel-troops-kill-teen-in-west-bank-palestinian-ministry1
20211106,1012935844,20211106,ISRAEL,ISR,PALESTINIAN,PSE,190,재래식 군사력 사용,19,4,-10.0,3,1,3,-5.95446584938704,"Beita, West Bank (general), West Bank",WE,https://japantoday.com/category/world/israel-troops-kill-teen-in-west-bank-palestinian-ministry1
20211106,1012936000,20211106,PALESTINIAN,PSE,ISRAEL,ISR,190,재래식 군사력 사용,19,4,-10.0,4,2,4,-5.89998866582087,"Beita, West Bank (general), West Bank",WE,https://japantoday.com/category/world/israel-troops-kill-teen-in-west-bank-palestinian-ministry1
20211106,1012936001,20211106,PALESTINIAN,PSE,ISRAEL,ISR,190,재래식 군사력 사용,19,4,-10.0,3,1,3,-5.95446584938704,"Beita, West Bank (general), West Bank",WE,https://japantoday.com/category/world/israel-troops-kill-teen-in-west-bank-palestinian-ministry1
20211106,1012939229,20211106,JERUSALEM,ISR,WEST BANK,PSE,190,재래식 군사력 사용,19,4,-10.0,2,1,2,-3.90243902439025,"Gaza, Israel (general), Israel",IS,https://www.reuters.com/world/middle-east/palestinian-boy-killed-by-israeli-forces-west-bank-clash-health-ministry-2021-11-05/
20211106,1012939230,20211106,ISRAEL,ISR,WEST BANK,PSE,190,재래식 군사력 사용,19,4,-10.0,4,1,4,-3.90243902439025,"Jerusalem, Israel (general), Israel",IS,https://www.reuters.com/world/middle-east/palestinian-boy-killed-by-israeli-forces-west-bank-clash-health-ministry-2021-11-05/
20211106,1012939231,20211106,ISRAEL,ISR,WEST BANK,PSE,193,소형무기·경무기를 이용한 전투,19,4,-10.0,4,1,4,-3.90243902439025,"Jerusalem, Israel (general), Israel",IS,https://www.reuters.com/world/middle-east/palestinian-boy-killed-by-israeli-forces-west-bank-clash-health-ministry-2021-11-05/
20211106,1012939232,20211106,JERUSALEM,ISR,PALESTINIAN,PSE,193,소형무기·경무기를 이용한 전투,19,4,-10.0,4,1,4,-3.90243902439025,"Jerusalem, Israel (general), Israel",IS,https://www.reuters.com/world/middle-east/palestinian-boy-killed-by-israeli-forces-west-bank-clash-health-ministry-2021-11-05/
20211106,1012939235,20211106,ISRAELI,ISR,SYRIAN,SYR,190,재래식 군사력 사용,19,4,-10.0,8,1,8,-1.92307692307693,"Ankara, Ankara, Turkey",TU,https://www.veteranstoday.com/2021/11/05/turkey-may-miss-out-on-invading-syria-due-to-cold-feet/
20211106,1012939236,20211106,ISRAEL,ISR,SYRIAN,SYR,190,재래식 군사력 사용,19,4,-10.0,2,1,2,-1.92307692307693,"Tel Aviv, Tel Aviv, Israel",IS,https://www.veteranstoday.com/2021/11/05/turkey-may-miss-out-on-invading-syria-due-to-cold-feet/
20211106,1012939425,20211106,PALESTINIAN,PSE,ISRAELI,ISR,193,소형무기·경무기를 이용한 전투,19,4,-10.0,8,1,8,-3.90243902439025,"Nablus, West Bank (general), West Bank",WE,https://www.reuters.com/world/middle-east/palestinian-boy-killed-by-israeli-forces-west-bank-clash-health-ministry-2021-11-05/
20211106,1012939458,20211106,ANKARA,TUR,SYRIA,SYR,190,재래식 군사력 사용,19,4,-10.0,2,1,2,-1.92307692307693,"Ankara, Ankara, Turkey",TU,https://www.veteranstoday.com/2021/11/05/turkey-may-miss-out-on-invading-syria-due-to-cold-feet/
20211106,1012942940,20211106,PALESTINIAN,PSE,ISRAEL,ISR,194,포병·전차를 이용한 전투,19,4,-10.0,2,1,2,-6.94354315379624,"Gaza, Israel (general), Israel",IS,https://www.jns.org/opinion/pretexts-for-murderous-action-then-and-now/
20211106,1012953989,20211106,WEST BANK,PSE,ISRAEL,ISR,193,소형무기·경무기를 이용한 전투,19,4,-10.0,8,4,8,-9.42124452342286,"Deir Al-Hatab, West Bank (general), West Bank",WE,https://www.bignewsnetwork.com/news/271663580/palestinian-pm-condemns-israel-for-killing-teenager-in-west-bank
20211106,1012953990,20211106,WEST BANK,PSE,ISRAEL,ISR,193,소형무기·경무기를 이용한 전투,19,4,-10.0,8,4,8,-9.42124452342286,"Gaza, Israel (general), Israel",IS,https://www.bignewsnetwork.com/news/271663580/palestinian-pm-condemns-israel-for-killing-teenager-in-west-bank
20211106,1012955469,20211106,ISRAEL,ISR,WEST BANK,PSE,190,재래식 군사력 사용,19,4,-10.0,2,1,2,-2.47787610619469,Gaza Strip,GZ,https://www.business-standard.com/article/international/13-yr-old-palestinian-boy-dies-by-israeli-fire-in-west-bank-during-clashes-121110501277_1.html
20211106,1012955470,20211106,ISRAELI,ISR,PALESTINIAN,PSE,193,소형무기·경무기를 이용한 전투,19,4,-10.0,1,1,1,-2.47787610619469,Gaza Strip,GZ,https://www.business-standard.com/article/international/13-yr-old-palestinian-boy-dies-by-israeli-fire-in-west-bank-during-clashes-121110501277_1.html
20211106,1012955471,20211106,ISRAELI,ISR,WEST BANK,PSE,190,재래식 군사력 사용,19,4,-10.0,5,1,5,-2.47787610619469,"Jerusalem, Israel (general), Israel",IS,https://www.business-standard.com/article/international/13-yr-old-palestinian-boy-dies-by-israeli-fire-in-west-bank-during-clashes-121110501277_1.html
20211106,1012955472,20211106,ISRAEL,ISR,PALESTINIAN,PSE,190,재래식 군사력 사용,19,4,-10.0,2,1,2,-2.47787610619469,"Deir Al-Hatab, West Bank (general), West Bank",WE,https://www.business-standard.com/article/international/13-yr-old-palestinian-boy-dies-by-israeli-fire-in-west-bank-during-clashes-121110501277_1.html
20211106,1012955691,20211106,WEST BANK,PSE,ISRAEL,ISR,190,재래식 군사력 사용,19,4,-10.0,2,1,2,-2.47787610619469,"Jerusalem, Israel (general), Israel",IS,https://www.business-standard.com/article/international/13-yr-old-palestinian-boy-dies-by-israeli-fire-in-west-bank-during-clashes-121110501277_1.html
20211106,1012955692,20211106,PALESTINIAN,PSE,ISRAEL,ISR,190,재래식 군사력 사용,19,4,-10.0,2,1,2,-2.47787610619469,Gaza Strip,GZ,https://www.business-standard.com/article/international/13-yr-old-palestinian-boy-dies-by-israeli-fire-in-west-bank-during-clashes-121110501277_1.html
20211106,1012955694,20211106,WEST BANK,PSE,ISRAELI,ISR,190,재래식 군사력 사용,19,4,-10.0,5,1,5,-2.47787610619469,"Jerusalem, Israel (general), Israel",IS,https://www.business-standard.com/article/international/13-yr-old-palestinian-boy-dies-by-israeli-fire-in-west-bank-during-clashes-121110501277_1.html
20211106,1012960361,20211106,ISRAEL,ISR,HAMAS,PSE,190,재래식 군사력 사용,19,4,-10.0,15,3,15,-4.91404300144242,Turkey,TU,https://www.newstribune.com/news/international/story/2021/nov/06/hamas-guardian-law-keeps-gaza-woman-from-studying-abroad/894502/
20211106,1012960554,20211106,HAMAS,PSE,ISRAEL,ISR,190,재래식 군사력 사용,19,4,-10.0,15,3,15,-4.91404300144242,"Gaza, Israel (general), Israel",IS,https://www.newstribune.com/news/international/story/2021/nov/06/hamas-guardian-law-keeps-gaza-woman-from-studying-abroad/894502/
20211106,1012967353,20211106,IRAQ,IRQ,LEBANON,LBN,190,재래식 군사력 사용,19,4,-10.0,8,1,8,-1.36674259681093,"Tehran, Tehran, Iran",IR,https://www.wvgazettemail.com/ap/business/us-hits-iran-with-sanctions-ahead-of-key-nuke-talks-meeting/article_e09c490f-b10b-5fc2-bf66-54b9965d01c7.html
20211106,1012967354,20211106,IRAQ,IRQ,YEMEN,YEM,190,재래식 군사력 사용,19,4,-10.0,2,1,2,-1.36674259681093,"Tigray, Tigray, Ethiopia",ET,https://www.wvgazettemail.com/ap/business/us-hits-iran-with-sanctions-ahead-of-key-nuke-talks-meeting/article_e09c490f-b10b-5fc2-bf66-54b9965d01c7.html
20211106,1012967355,20211106,IRAQ,IRQ,YEMEN,YEM,190,재래식 군사력 사용,19,4,-10.0,6,1,6,-1.36674259681093,"Tigray, Tigray, Ethiopia",ET,https://www.wvgazettemail.com/ap/business/us-hits-iran-with-sanctions-ahead-of-key-nuke-talks-meeting/article_e09c490f-b10b-5fc2-bf66-54b9965d01c7.html
20211106,1012967387,20211106,LEBANON,LBN,IRAQ,IRQ,190,재래식 군사력 사용,19,4,-10.0,2,1,2,-1.36674259681093,"Tigray, Tigray, Ethiopia",ET,https://www.wvgazettemail.com/ap/business/us-hits-iran-with-sanctions-ahead-of-key-nuke-talks-meeting/article_e09c490f-b10b-5fc2-bf66-54b9965d01c7.html
20211106,1012967388,20211106,LEBANON,LBN,IRAQ,IRQ,190,재래식 군사력 사용,19,4,-10.0,6,1,6,-1.36674259681093,"Tigray, Tigray, Ethiopia",ET,https://www.wvgazettemail.com/ap/business/us-hits-iran-with-sanctions-ahead-of-key-nuke-talks-meeting/article_e09c490f-b10b-5fc2-bf66-54b9965d01c7.html
20211106,1012967389,20211106,LEBANON,LBN,YEMEN,YEM,190,재래식 군사력 사용,19,4,-10.0,2,1,2,-1.36674259681093,"Tigray, Tigray, Ethiopia",ET,https://www.wvgazettemail.com/ap/business/us-hits-iran-with-sanctions-ahead-of-key-nuke-talks-meeting/article_e09c490f-b10b-5fc2-bf66-54b9965d01c7.html
20211106,1012967390,20211106,LEBANON,LBN,YEMEN,YEM,190,재래식 군사력 사용,19,4,-10.0,6,1,6,-1.36674259681093,"Tigray, Tigray, Ethiopia",ET,https://www.wvgazettemail.com/ap/business/us-hits-iran-with-sanctions-ahead-of-key-nuke-talks-meeting/article_e09c490f-b10b-5fc2-bf66-54b9965d01c7.html
20211106,1012967662,20211106,YEMEN,YEM,IRAQ,IRQ,190,재래식 군사력 사용,19,4,-10.0,2,1,2,-1.36674259681093,"Tigray, Tigray, Ethiopia",ET,https://www.wvgazettemail.com/ap/business/us-hits-iran-with-sanctions-ahead-of-key-nuke-talks-meeting/article_e09c490f-b10b-5fc2-bf66-54b9965d01c7.html
20211106,1012967663,20211106,YEMEN,YEM,IRAQ,IRQ,190,재래식 군사력 사용,19,4,-10.0,6,1,6,-1.36674259681093,"Tigray, Tigray, Ethiopia",ET,https://www.wvgazettemail.com/ap/business/us-hits-iran-with-sanctions-ahead-of-key-nuke-talks-meeting/article_e09c490f-b10b-5fc2-bf66-54b9965d01c7.html
20211106,1012967664,20211106,YEMEN,YEM,LEBANON,LBN,190,재래식 군사력 사용,19,4,-10.0,2,1,2,-1.36674259681093,"Tigray, Tigray, Ethiopia",ET,https://www.wvgazettemail.com/ap/business/us-hits-iran-with-sanctions-ahead-of-key-nuke-talks-meeting/article_e09c490f-b10b-5fc2-bf66-54b9965d01c7.html
20211106,1012967665,20211106,YEMEN,YEM,LEBANON,LBN,190,재래식 군사력 사용,19,4,-10.0,6,1,6,-1.36674259681093,"Tigray, Tigray, Ethiopia",ET,https://www.wvgazettemail.com/ap/business/us-hits-iran-with-sanctions-ahead-of-key-nuke-talks-meeting/article_e09c490f-b10b-5fc2-bf66-54b9965d01c7.html
20211106,1012976081,20211106,ISRAELI,ISR,PALESTINIAN,PSE,190,재래식 군사력 사용,19,4,-10.0,8,2,6,-8.56900452488687,"Hebron, Israel (general), Israel",IS,http://muslimnews.co.uk/news/palestine/palestinian-child-killed-israeli-forces-occupied-west-bank/
20211106,1012976082,20211106,ISRAELI,ISR,WEST BANK,PSE,193,소형무기·경무기를 이용한 전투,19,4,-10.0,6,1,6,-9.0497737556561,"Hebron, Israel (general), Israel",IS,http://muslimnews.co.uk/news/palestine/palestinian-child-killed-israeli-forces-occupied-west-bank/
20211106,1012976083,20211106,ISRAEL,ISR,WEST BANK,PSE,193,소형무기·경무기를 이용한 전투,19,4,-10.0,4,1,4,-9.0497737556561,"Hebron, Israel (general), Israel",IS,http://muslimnews.co.uk/news/palestine/palestinian-child-killed-israeli-forces-occupied-west-bank/
20211106,1012976092,20211106,ISRAELI,ISR,PALESTINIAN,PSE,190,재래식 군사력 사용,19,4,-10.0,8,2,4,-8.56900452488687,"Hebron, Israel (general), Israel",IS,http://muslimnews.co.uk/news/palestine/palestinian-child-killed-israeli-forces-occupied-west-bank/
20211106,1012976093,20211106,ISRAELI,ISR,PALESTINIAN,PSE,190,재래식 군사력 사용,19,4,-10.0,2,1,2,-9.0497737556561,"Jerusalem, Israel (general), Israel",IS,http://muslimnews.co.uk/news/palestine/palestinian-child-killed-israeli-forces-occupied-west-bank/
20211106,1012976212,20211106,PALESTINIAN,PSE,ISRAELI,ISR,190,재래식 군사력 사용,19,4,-10.0,2,1,2,-9.0497737556561,"Hebron, Israel (general), Israel",IS,http://muslimnews.co.uk/news/palestine/palestinian-child-killed-israeli-forces-occupied-west-bank/
20211106,1012976213,20211106,WEST BANK,PSE,ISRAEL,ISR,193,소형무기·경무기를 이용한 전투,19,4,-10.0,5,1,5,-9.0497737556561,"Hebron, Israel (general), Israel",IS,http://muslimnews.co.uk/news/palestine/palestinian-child-killed-israeli-forces-occupied-west-bank/
20211106,1012976214,20211106,WEST BANK,PSE,ISRAEL,ISR,193,소형무기·경무기를 이용한 전투,19,4,-10.0,1,1,1,-9.0497737556561,"Kafr Qaddum, West Bank (general), West Bank",WE,http://muslimnews.co.uk/news/palestine/palestinian-child-killed-israeli-forces-occupied-west-bank/
20211106,1012987367,20211106,WEST BANK,PSE,ISRAELI,ISR,190,재래식 군사력 사용,19,4,-10.0,10,1,10,-7.10479573712255,"Jerusalem, Israel (general), Israel",IS,https://www.aljazeera.com/news/2021/5/16/two-dead-as-stand-collapses-at-synagogue-in-israeli-settlement
20211106,1012992783,20211106,YEMENI,YEM,SAUDI,SAU,193,소형무기·경무기를 이용한 전투,19,4,-10.0,8,4,8,-9.01056308033052,"Sanaa, Sana', Yemen",YM,http://english.sina.com/world/m/2021-11-06/detail-iktzqtyu5805359.shtml
20211106,1012992784,20211106,YEMENI,YEM,SAUDI,SAU,193,소형무기·경무기를 이용한 전투,19,4,-10.0,24,4,24,-9.01056308033052,"Sanaa, Sana', Yemen",YM,http://english.sina.com/world/m/2021-11-06/detail-iktzqtyu5805359.shtml
20211106,1012992785,20211106,YEMENI,YEM,SAUDI ARABIA,SAU,193,소형무기·경무기를 이용한 전투,19,4,-10.0,10,5,10,-9.15966997645954,Saudi Arabia,SA,http://english.sina.com/world/m/2021-11-06/detail-iktzqtyu5805359.shtml
20211106,1012996121,20211106,ISRAELI,ISR,PALESTINIAN,PSE,190,재래식 군사력 사용,19,4,-10.0,1,1,1,-4.27350427350428,"Nablus, West Bank (general), West Bank",WE,http://english.wafa.ps/Pages/Details/126717
20211106,1013000008,20211106,IRAQ,IRQ,IRAN,IRN,193,소형무기·경무기를 이용한 전투,19,4,-10.0,16,2,16,-7.6987137966133,"Jame Jam, Bushehr, Iran",IR,https://www.prokerala.com/news/articles/a1214051.html
20211106,1013001016,20211106,IRANIAN,IRN,IRAQ,IRQ,193,소형무기·경무기를 이용한 전투,19,4,-10.0,122,13,122,-7.52704745315692,"Jame Jam, Bushehr, Iran",IR,http://english.sina.com/world/m/2021-11-06/detail-iktzscyy4050608.shtml
20211106,1013002195,20211106,RIYADH,SAU,YEMENI,YEM,190,재래식 군사력 사용,19,4,-10.0,10,1,10,-4.41176470588235,"Sirwah, Ibb, Yemen",YM,https://www.arabnews.com/node/1962636/middle-east
20211106,1013002266,20211106,YEMENI,YEM,RIYADH,SAU,190,재래식 군사력 사용,19,4,-10.0,8,1,8,-4.41176470588235,"Al-Jouf, Abyan, Yemen",YM,https://www.arabnews.com/node/1962636/middle-east
20211106,1013002267,20211106,YEMEN,YEM,SAUDI ARABIA,SAU,190,재래식 군사력 사용,19,4,-10.0,2,1,2,-4.41176470588235,"Al-Jouf, Abyan, Yemen",YM,https://www.arabnews.com/node/1962636/middle-east
20211106,1013011435,20211106,IRAN,IRN,SAUDI ARABIA,SAU,190,재래식 군사력 사용,19,4,-10.0,2,1,2,-8.10185185185185,"Tehran, Tehran, Iran",IR,https://nationalinterest.org/blog/reboot/war-between-israel-and-iran-would-be-bloody-and-costly-195605
20211106,1013011441,20211106,ISRAEL,ISR,IRAN,IRN,138,군사력 사용 위협,13,3,-7.0,2,1,2,-8.10185185185185,"Gaza, Israel (general), Israel",IS,https://nationalinterest.org/blog/reboot/war-between-israel-and-iran-would-be-bloody-and-costly-195605
20211106,1013011442,20211106,ISRAEL,ISR,IRAN,IRN,138,군사력 사용 위협,13,3,-7.0,8,1,8,-8.10185185185185,"Tehran, Tehran, Iran",IR,https://nationalinterest.org/blog/reboot/war-between-israel-and-iran-would-be-bloody-and-costly-195605
20211106,1013011443,20211106,ISRAELI,ISR,IRANIAN,IRN,195,공중무기 사용,19,4,-10.0,3,1,3,-8.10185185185185,"Gaza, Israel (general), Israel",IS,https://nationalinterest.org/blog/reboot/war-between-israel-and-iran-would-be-bloody-and-costly-195605
20211106,1013011444,20211106,ISRAELI,ISR,IRAQ,IRQ,195,공중무기 사용,19,4,-10.0,8,1,8,-8.10185185185185,"Gaza, Israel (general), Israel",IS,https://nationalinterest.org/blog/reboot/war-between-israel-and-iran-would-be-bloody-and-costly-195605
20211106,1013011445,20211106,ISRAEL,ISR,IRAQ,IRQ,195,공중무기 사용,19,4,-10.0,2,1,2,-8.10185185185185,"Gaza, Israel (general), Israel",IS,https://nationalinterest.org/blog/reboot/war-between-israel-and-iran-would-be-bloody-and-costly-195605
20211106,1013011447,20211106,ISRAELI,ISR,SYRIA,SYR,195,공중무기 사용,19,4,-10.0,10,1,10,-8.10185185185185,"Gaza, Israel (general), Israel",IS,https://nationalinterest.org/blog/reboot/war-between-israel-and-iran-would-be-bloody-and-costly-195605
20211106,1013011563,20211106,SYRIA,SYR,IRANIAN,IRN,195,공중무기 사용,19,4,-10.0,2,1,2,-8.10185185185185,"Tehran, Tehran, Iran",IR,https://nationalinterest.org/blog/reboot/war-between-israel-and-iran-would-be-bloody-and-costly-195605
20211106,1013012606,20211106,ISRAELI,ISR,PALESTINIAN,PSE,190,재래식 군사력 사용,19,4,-10.0,1,1,1,-8.08823529411764,"Halhul, West Bank (general), West Bank",WE,https://www.albawaba.com/news/israeli-settlers-attack-palestinian-homes-cut-down-45-olive-trees-1453866
20211106,1013012607,20211106,ISRAELI,ISR,PALESTINIAN,PSE,190,재래식 군사력 사용,19,4,-10.0,1,1,1,-8.08823529411764,"Ramallah, West Bank (general), West Bank",WE,https://www.albawaba.com/news/israeli-settlers-attack-palestinian-homes-cut-down-45-olive-trees-1453866
20211106,1013014059,20211106,WEST BANK,PSE,ISRAEL,ISR,193,소형무기·경무기를 이용한 전투,19,4,-10.0,3,1,3,-7.77310924369748,Israel,IS,https://www.sott.net/article/460389-Thirteen-year-old-Palestinian-said-shot-dead-by-IDF-in-clashes-near-Nablus
20211106,1013014060,20211106,WEST BANK,PSE,ISRAEL,ISR,193,소형무기·경무기를 이용한 전투,19,4,-10.0,1,1,1,-7.77310924369748,"Beita, West Bank (general), West Bank",WE,https://www.sott.net/article/460389-Thirteen-year-old-Palestinian-said-shot-dead-by-IDF-in-clashes-near-Nablus
20211106,1013015042,20211106,KURDISTAN,IRN,TURKEY,TUR,190,재래식 군사력 사용,19,4,-10.0,2,1,2,-3.28202149288412,"Gezi, Kayseri, Turkey",TU,https://carnegieendowment.org/2021/11/04/navigating-democracy-security-dilemma-in-u.s.-foreign-policy-lessons-from-egypt-india-and-turkey-pub-85701
20211106,1013015043,20211106,KURDISTAN,IRN,TURKEY,TUR,190,재래식 군사력 사용,19,4,-10.0,2,1,2,-3.28202149288412,Afghanistan,AF,https://carnegieendowment.org/2021/11/04/navigating-democracy-security-dilemma-in-u.s.-foreign-policy-lessons-from-egypt-india-and-turkey-pub-85701
20211106,1013015044,20211106,KURDISTAN,IRN,TURKISH,TUR,190,재래식 군사력 사용,19,4,-10.0,3,1,3,-3.28202149288412,"Gezi, Kayseri, Turkey",TU,https://carnegieendowment.org/2021/11/04/navigating-democracy-security-dilemma-in-u.s.-foreign-policy-lessons-from-egypt-india-and-turkey-pub-85701
20211106,1013015210,20211106,TURKEY,TUR,KURDISTAN,IRN,190,재래식 군사력 사용,19,4,-10.0,2,1,2,-3.28202149288412,"Gezi, Kayseri, Turkey",TU,https://carnegieendowment.org/2021/11/04/navigating-democracy-security-dilemma-in-u.s.-foreign-policy-lessons-from-egypt-india-and-turkey-pub-85701
20211106,1013015211,20211106,TURKEY,TUR,KURDISTAN,IRN,190,재래식 군사력 사용,19,4,-10.0,2,1,2,-3.28202149288412,Afghanistan,AF,https://carnegieendowment.org/2021/11/04/navigating-democracy-security-dilemma-in-u.s.-foreign-policy-lessons-from-egypt-india-and-turkey-pub-85701
20211106,1013015212,20211106,TURKISH,TUR,KURDISTAN,IRN,190,재래식 군사력 사용,19,4,-10.0,3,1,3,-3.28202149288412,"Gezi, Kayseri, Turkey",TU,https://carnegieendowment.org/2021/11/04/navigating-democracy-security-dilemma-in-u.s.-foreign-policy-lessons-from-egypt-india-and-turkey-pub-85701
20211106,1013017392,20211106,SAUDI,SAU,YEMEN,YEM,190,재래식 군사력 사용,19,4,-10.0,20,1,20,-7.17948717948718,"Sanaa, Sana', Yemen",YM,https://english.ahram.org.eg/News/438193.aspx
20211106,1013019428,20211106,ISRAEL,ISR,PALESTINIAN,PSE,190,재래식 군사력 사용,19,4,-10.0,2,1,2,-5.8455114822547,"Beita, West Bank (general), West Bank",WE,https://news.kuwaittimes.net/website/teen-killed-by-zionist-troops-laid-to-rest/
20211106,1013019429,20211106,ISRAEL,ISR,PALESTINIAN,PSE,190,재래식 군사력 사용,19,4,-10.0,1,1,1,-5.8455114822547,"Beit Dajan, HaMerkaz, Israel",IS,https://news.kuwaittimes.net/website/teen-killed-by-zionist-troops-laid-to-rest/
20211106,1013019430,20211106,ISRAEL,ISR,PALESTINIAN,PSE,190,재래식 군사력 사용,19,4,-10.0,2,1,2,-5.8455114822547,"Beita, West Bank (general), West Bank",WE,https://news.kuwaittimes.net/website/teen-killed-by-zionist-troops-laid-to-rest/
20211106,1013019555,20211106,PALESTINIAN,PSE,ISRAEL,ISR,190,재래식 군사력 사용,19,4,-10.0,2,1,2,-5.8455114822547,"Beita, West Bank (general), West Bank",WE,https://news.kuwaittimes.net/website/teen-killed-by-zionist-troops-laid-to-rest/
20211106,1013019556,20211106,PALESTINIAN,PSE,ISRAEL,ISR,190,재래식 군사력 사용,19,4,-10.0,1,1,1,-5.8455114822547,"Beit Dajan, HaMerkaz, Israel",IS,https://news.kuwaittimes.net/website/teen-killed-by-zionist-troops-laid-to-rest/
20211106,1013019557,20211106,PALESTINIAN,PSE,ISRAEL,ISR,190,재래식 군사력 사용,19,4,-10.0,2,1,2,-5.8455114822547,"Beita, West Bank (general), West Bank",WE,https://news.kuwaittimes.net/website/teen-killed-by-zionist-troops-laid-to-rest/
20211106,1013019691,20211106,YEMEN,YEM,SAUDI ARABIA,SAU,190,재래식 군사력 사용,19,4,-10.0,3,1,3,-9.504132231405,Saudi Arabia,SA,https://tribune.com.pk/story/2328184/saudi-air-defences-intercept-and-destroy-drone-launched-toward-abha-airport
20211106,1013019692,20211106,YEMENI,YEM,SAUDI,SAU,193,소형무기·경무기를 이용한 전투,19,4,-10.0,2,1,2,-9.75609756097561,Yemen,YM,https://www.macaubusiness.com/4-yemeni-migrants-killed-in-crossfire-on-saudi-border-medics/
20211106,1013019693,20211106,YEMENI,YEM,SAUDI,SAU,193,소형무기·경무기를 이용한 전투,19,4,-10.0,6,1,6,-9.75609756097561,Yemen,YM,https://www.macaubusiness.com/4-yemeni-migrants-killed-in-crossfire-on-saudi-border-medics/
20211106,1013021306,20211106,TURKEY,TUR,SYRIAN,SYR,190,재래식 군사력 사용,19,4,-10.0,4,1,4,-8.44686648501362,"Istanbul, Istanbul, Turkey",TU,https://english.alaraby.co.uk/news/syrian-boy-hospitalised-after-racist-attack-turkey
20211106,1013021307,20211106,TURKEY,TUR,SYRIAN,SYR,190,재래식 군사력 사용,19,4,-10.0,6,1,6,-8.44686648501362,"Istanbul, Istanbul, Turkey",TU,https://english.alaraby.co.uk/news/syrian-boy-hospitalised-after-racist-attack-turkey
20211106,1013026315,20211106,GAZA,PSE,ISRAEL,ISR,192,영토 점령,19,4,-9.5,2,1,2,-3.2258064516129,"Gaza, Israel (general), Israel",IS,https://www.israelnationalnews.com/News/News.aspx/316414
20211106,1013027018,20211106,SAUDI ARABIA,SAU,YEMEN,YEM,194,포병·전차를 이용한 전투,19,4,-10.0,10,1,10,-3.48837209302326,"Marib, Ma'rib, Yemen",YM,https://southfront.org/saudi-led-coalition-intercepted-two-drones-conducted-dozens-of-airstrikes-on-houthis/
20211106,1013028021,20211106,SAUDI,SAU,YEMEN,YEM,190,재래식 군사력 사용,19,4,-10.0,8,1,8,-9.50570342205321,"Marib, Ma'rib, Yemen",YM,https://www.msn.com/en-in/news/world/more-than-150-houthis-dead-in-yemen-raids-says-saudi-coalition/ar-AAQoLM0
20211106,1013028158,20211106,YEMEN,YEM,SAUDI,SAU,190,재래식 군사력 사용,19,4,-10.0,7,1,7,-9.50570342205321,"Sanaa, Sana', Yemen",YM,https://www.msn.com/en-in/news/world/more-than-150-houthis-dead-in-yemen-raids-says-saudi-coalition/ar-AAQoLM0
20211106,1013030477,20211106,ISRAELI,ISR,AQABA,JOR,193,소형무기·경무기를 이용한 전투,19,4,-10.0,2,1,2,-4.50450450450451,"Eilat, HaDarom, Israel",IS,https://www.timesofisrael.com/navy-opens-fires-at-suspicious-object-near-busy-eilat-beach/
20211106,1013033522,20211106,HASSAN,JOR,LEBANON,LBN,190,재래식 군사력 사용,19,4,-10.0,2,1,2,-7.71992818671454,"Khalde, Mont-Liban, Lebanon",LE,https://www.arabnews.com/node/1962806/middle-east
20211106,1013034130,20211106,PALESTINIAN,PSE,ISRAEL,ISR,190,재래식 군사력 사용,19,4,-10.0,1,1,1,-2.04626334519573,"Oslo, Oslo, Norway",NO,https://www.israelnationalnews.com/News/News.aspx/316423
20211106,1013034131,20211106,PALESTINIAN,PSE,ISRAEL,ISR,190,재래식 군사력 사용,19,4,-10.0,1,1,1,-2.04626334519573,"Jerusalem, Israel (general), Israel",IS,https://www.israelnationalnews.com/News/News.aspx/316423
20211106,1013035149,20211106,PALESTINE,PSE,ISRAEL,ISR,190,재래식 군사력 사용,19,4,-10.0,2,1,2,-10.0840336134453,Israel,IS,https://www.palestineherald.com/news/palestine-police-investigate-murder-suspect-in-custody/article_3f827d58-3f36-11ec-8541-2f13f2444ec6.html
20211106,1013035710,20211106,ISRAEL,ISR,PALESTINIAN,PSE,190,재래식 군사력 사용,19,4,-10.0,2,1,2,-7.38255033557047,"Ramallah, West Bank (general), West Bank",WE,https://www.jewishpress.com/news/israel/judea-samaria-israel/pa-terrorist-targets-idf-outpost-with-gunfire/2021/11/06/
20211106,1013035711,20211106,ISRAEL,ISR,PALESTINIAN,PSE,193,소형무기·경무기를 이용한 전투,19,4,-10.0,2,1,2,-7.38255033557047,"Ramallah, West Bank (general), West Bank",WE,https://www.jewishpress.com/news/israel/judea-samaria-israel/pa-terrorist-targets-idf-outpost-with-gunfire/2021/11/06/
20211106,1013035843,20211106,SYRIAN,SYR,ISRAELI,ISR,192,영토 점령,19,4,-9.5,2,1,2,-5.3475935828877,"Golan Heights, Syria (general), Syria",SY,https://www.jewishpress.com/news/middle-east/syria/2-infiltrators-arrested-on-northern-border-with-syria/2021/11/06/
20211106,1013035844,20211106,SYRIAN,SYR,ISRAELI,ISR,192,영토 점령,19,4,-9.5,8,1,8,-5.3475935828877,Israel,IS,https://www.jewishpress.com/news/middle-east/syria/2-infiltrators-arrested-on-northern-border-with-syria/2021/11/06/
20211106,1013039493,20211106,ISRAELI,ISR,DAMASCUS,SYR,190,재래식 군사력 사용,19,4,-10.0,1,1,1,-4.84903934126258,"Moscow, Moskva, Russia",RS,https://www.arabnews.com/node/1962851
20211106,1013039494,20211106,ISRAELI,ISR,DAMASCUS,SYR,190,재래식 군사력 사용,19,4,-10.0,6,1,6,-4.84903934126258,"Moscow, Moskva, Russia",RS,https://www.arabnews.com/node/1962851
20211106,1013039495,20211106,ISRAELI,ISR,DAMASCUS,SYR,190,재래식 군사력 사용,19,4,-10.0,1,1,1,-4.84903934126258,"Tehran, Tehran, Iran",IR,https://www.arabnews.com/node/1962851
20211107,1013042658,20211107,ISRAEL,ISR,WEST BANK,PSE,193,소형무기·경무기를 이용한 전투,19,4,-10.0,4,1,4,-5.6,"Ramallah, West Bank (general), West Bank",WE,https://www.israelnationalnews.com/News/News.aspx/316428
20211107,1013042813,20211107,PALESTINIAN,PSE,ISRAEL,ISR,193,소형무기·경무기를 이용한 전투,19,4,-10.0,4,1,4,-5.6,"Ramallah, West Bank (general), West Bank",WE,https://www.israelnationalnews.com/News/News.aspx/316428
20211107,1013044192,20211107,SANAA,YEM,SAUDI,SAU,192,영토 점령,19,4,-9.5,6,6,6,-3.35195530726256,"Sanaa, Sana', Yemen",YM,https://www.middleeaststar.com/news/271669140/xinhua-middle-east--summary-at-2200-gmt-nov-6
20211107,1013044193,20211107,SANAA,YEM,SAUDI,SAU,192,영토 점령,19,4,-9.5,6,6,6,-3.35195530726256,Saudi Arabia,SA,https://www.middleeaststar.com/news/271669140/xinhua-middle-east--summary-at-2200-gmt-nov-6
20211107,1013044194,20211107,YEMENI,YEM,SAUDI,SAU,193,소형무기·경무기를 이용한 전투,19,4,-10.0,6,6,6,-3.35195530726256,"Sanaa, Sana', Yemen",YM,https://www.middleeaststar.com/news/271669140/xinhua-middle-east--summary-at-2200-gmt-nov-6
20211107,1013044195,20211107,YEMENI,YEM,SAUDI,SAU,193,소형무기·경무기를 이용한 전투,19,4,-10.0,8,7,8,-4.38153400782221,"Sanaa, Sana', Yemen",YM,https://www.middleeaststar.com/news/271669140/xinhua-middle-east--summary-at-2200-gmt-nov-6
20211107,1013044196,20211107,YEMENI,YEM,SAUDI ARABIA,SAU,193,소형무기·경무기를 이용한 전투,19,4,-10.0,6,6,6,-3.35195530726256,"Sanaa, Sana', Yemen",YM,https://www.middleeaststar.com/news/271669140/xinhua-middle-east--summary-at-2200-gmt-nov-6
20211107,1013044197,20211107,YEMENI,YEM,SAUDI,SAU,193,소형무기·경무기를 이용한 전투,19,4,-10.0,48,7,48,-4.38153400782221,"Sanaa, Sana', Yemen",YM,https://www.middleeaststar.com/news/271669140/xinhua-middle-east--summary-at-2200-gmt-nov-6
20211107,1013047694,20211107,ISRAEL,ISR,SAUDI ARABIA,SAU,190,재래식 군사력 사용,19,4,-10.0,2,1,2,-5.98669623059867,"Tehran, Tehran, Iran",IR,https://americanfreepress.net/cabal-pushes-for-iran-war/
20211107,1013047695,20211107,ISRAEL,ISR,SAUDI ARABIA,SAU,190,재래식 군사력 사용,19,4,-10.0,2,1,2,-5.98669623059867,Saudi Arabia,SA,https://americanfreepress.net/cabal-pushes-for-iran-war/
20211107,1013047696,20211107,ISRAEL,ISR,SAUDI ARABIA,SAU,190,재래식 군사력 사용,19,4,-10.0,6,1,6,-5.98669623059867,Saudi Arabia,SA,https://americanfreepress.net/cabal-pushes-for-iran-war/
20211107,1013047829,20211107,SYRIA,SYR,IRAQI,IRQ,190,재래식 군사력 사용,19,4,-10.0,2,1,2,-1.57068062827225,Syria,SY,https://www.basnews.com/en/babat/722098
20211107,1013050220,20211107,IRAN,IRN,IRAQ,IRQ,190,재래식 군사력 사용,19,4,-10.0,2,1,2,-1.95439739413681,Iraq,IZ,https://www.tribuneindia.com/news/reviews/story/candid-tales-of-a-diplomats-life-world-334912
20211107,1013050221,20211107,IRAN,IRN,IRAQ,IRQ,190,재래식 군사력 사용,19,4,-10.0,2,1,2,-1.95439739413681,Iraq,IZ,https://www.tribuneindia.com/news/reviews/story/candid-tales-of-a-diplomats-life-world-334912
20211107,1013050231,20211107,IRAQ,IRQ,IRAN,IRN,190,재래식 군사력 사용,19,4,-10.0,2,1,2,-1.95439739413681,Iraq,IZ,https://www.tribuneindia.com/news/reviews/story/candid-tales-of-a-diplomats-life-world-334912
20211107,1013050232,20211107,IRAQ,IRQ,IRAN,IRN,190,재래식 군사력 사용,19,4,-10.0,2,1,2,-1.95439739413681,Iraq,IZ,https://www.tribuneindia.com/news/reviews/story/candid-tales-of-a-diplomats-life-world-334912
20211107,1013051293,20211107,IRAQI,IRQ,ISRAEL,ISR,194,포병·전차를 이용한 전투,19,4,-10.0,8,1,8,-1.96078431372549,Iraq,IZ,https://www.israelnationalnews.com/News/Flash.aspx/557068
20211107,1013059821,20211107,ISRAEL,ISR,HAMAS,PSE,190,재래식 군사력 사용,19,4,-10.0,10,1,10,-5.18518518518518,Israel,IS,https://www.haaretz.com/israel-news/.premium-israeli-army-s-riot-control-weapon-killed-eight-palestinians-in-2021-1.10355522
20211107,1013059917,20211107,HAMAS,PSE,ISRAEL,ISR,190,재래식 군사력 사용,19,4,-10.0,10,1,10,-5.18518518518518,Israel,IS,https://www.haaretz.com/israel-news/.premium-israeli-army-s-riot-control-weapon-killed-eight-palestinians-in-2021-1.10355522
20211107,1013067835,20211107,YEMENI,YEM,SAUDI ARABIA,SAU,193,소형무기·경무기를 이용한 전투,19,4,-10.0,2,1,2,-10.5590062111801,Saudi Arabia,SA,https://menafn.com/1103113309/4-Yemeni-migrants-killed-in-crossfire-on-Saudi-border
20211107,1013070575,20211107,PALESTINIAN,PSE,ISRAELI,ISR,190,재래식 군사력 사용,19,4,-10.0,8,1,8,-9.22330097087379,"Jerusalem, Israel (general), Israel",IS,http://english.wafa.ps/Pages/Details/126725
20211107,1013072525,20211107,MICHEL AOUN,LBN,IRAQ,IRQ,194,포병·전차를 이용한 전투,19,4,-10.0,1,1,1,1.36986301369863,Iraq,IZ,http://www.nna-leb.gov.lb/en/%D8%B3%D9%8A%D8%A7%D8%B3%D8%A9/502845/president-aoun-condemns-attempt-to-assassinate-ira
20211107,1013072526,20211107,MICHEL AOUN,LBN,IRAQ,IRQ,194,포병·전차를 이용한 전투,19,4,-10.0,1,1,1,1.36986301369863,Iraq,IZ,http://www.nna-leb.gov.lb/en/%D8%B3%D9%8A%D8%A7%D8%B3%D8%A9/502845/president-aoun-condemns-attempt-to-assassinate-ira
20211107,1013073547,20211107,IRANIAN,IRN,IRAQI,IRQ,194,포병·전차를 이용한 전투,19,4,-10.0,4,4,4,-7.3170731707317,"Tehran, Tehran, Iran",IR,https://www.bignewsnetwork.com/news/271671579/senior-iranian-official-views-rocket-attack-on-iraqi-prime-minister-as-incitement-to-riot
20211107,1013073548,20211107,IRANIAN,IRN,IRAQI,IRQ,194,포병·전차를 이용한 전투,19,4,-10.0,4,4,4,-7.3170731707317,Iraq,IZ,https://www.bignewsnetwork.com/news/271671579/senior-iranian-official-views-rocket-attack-on-iraqi-prime-minister-as-incitement-to-riot
20211107,1013073550,20211107,IRANIAN,IRN,IRAQI,IRQ,194,포병·전차를 이용한 전투,19,4,-10.0,24,4,24,-7.3170731707317,Iraq,IZ,https://www.bignewsnetwork.com/news/271671579/senior-iranian-official-views-rocket-attack-on-iraqi-prime-minister-as-incitement-to-riot
20211107,1013078484,20211107,IRAN,IRN,IRAQ,IRQ,190,재래식 군사력 사용,19,4,-10.0,6,4,6,-6.33825797700193,"Baghdad, Baghdad, Iraq",IZ,https://www.euronews.com/2021/07/27/biden-says-us-combat-mission-in-iraq-to-conclude-by-year-end
20211107,1013078485,20211107,IRAN,IRN,IRAQ,IRQ,190,재래식 군사력 사용,19,4,-10.0,8,1,8,-3.93313667649951,Iran,IR,https://www.euronews.com/2021/07/27/biden-says-us-combat-mission-in-iraq-to-conclude-by-year-end
20211107,1013078486,20211107,IRAN,IRN,IRAQ,IRQ,194,포병·전차를 이용한 전투,19,4,-10.0,2,1,2,-3.93313667649951,"Baghdad, Baghdad, Iraq",IZ,https://www.euronews.com/2021/07/27/biden-says-us-combat-mission-in-iraq-to-conclude-by-year-end
20211107,1013078487,20211107,IRAN,IRN,IRAQ,IRQ,194,포병·전차를 이용한 전투,19,4,-10.0,8,1,8,-3.93313667649951,Iran,IR,https://www.euronews.com/2021/07/27/biden-says-us-combat-mission-in-iraq-to-conclude-by-year-end
20211107,1013078488,20211107,IRANIAN,IRN,IRAQ,IRQ,190,재래식 군사력 사용,19,4,-10.0,1,1,1,-3.93313667649951,Iran,IR,https://www.euronews.com/2021/07/27/biden-says-us-combat-mission-in-iraq-to-conclude-by-year-end
20211107,1013078489,20211107,IRANIAN,IRN,IRAQ,IRQ,190,재래식 군사력 사용,19,4,-10.0,1,1,1,-3.93313667649951,Iran,IR,https://www.euronews.com/2021/07/27/biden-says-us-combat-mission-in-iraq-to-conclude-by-year-end
20211107,1013079737,20211107,IRAN,IRN,BAGHDAD,IRQ,190,재래식 군사력 사용,19,4,-10.0,8,1,8,-4.75247524752475,"Baghdad, Baghdad, Iraq",IZ,https://www.middleeasteye.net/news/iraq-prime-minister-survives-assassination-attempt-kadhimi
20211107,1013079751,20211107,BAGHDAD,IRQ,IRAN,IRN,190,재래식 군사력 사용,19,4,-10.0,8,1,8,-4.75247524752475,"Baghdad, Baghdad, Iraq",IZ,https://www.middleeasteye.net/news/iraq-prime-minister-survives-assassination-attempt-kadhimi
20211107,1013081389,20211107,TURKISH,TUR,SYRIA,SYR,190,재래식 군사력 사용,19,4,-10.0,7,1,7,-1.98019801980199,"Damascus, Dimashq, Syria",SY,https://hawarnews.com/en/haber/if-turkish-state-launched-brutal-attacks-on-ne-syria-it-would-be-repelled-strongly-h27519.html
20211107,1013081390,20211107,TURKISH,TUR,SYRIA,SYR,190,재래식 군사력 사용,19,4,-10.0,1,1,1,-1.98019801980199,Turkey,TU,https://hawarnews.com/en/haber/if-turkish-state-launched-brutal-attacks-on-ne-syria-it-would-be-repelled-strongly-h27519.html
20211107,1013090204,20211107,ISRAELI,ISR,PALESTINIAN,PSE,190,재래식 군사력 사용,19,4,-10.0,4,1,4,-7.43801652892562,"Jerusalem, Israel (general), Israel",IS,http://english.wafa.ps/Pages/Details/126729
20211107,1013090216,20211107,ISRAELI,ISR,PALESTINIAN,PSE,190,재래식 군사력 사용,19,4,-10.0,3,1,3,-7.43801652892562,"Jerusalem, Israel (general), Israel",IS,http://english.wafa.ps/Pages/Details/126729
20211107,1013093876,20211107,ISRAEL,ISR,JORDAN,JOR,190,재래식 군사력 사용,19,4,-10.0,1,1,1,-10.6355382619974,"Jordan Valley, Israel (general), Israel",IS,https://www.israelnationalnews.com/tags/Terror_Arrests
20211107,1013093877,20211107,ISRAEL,ISR,JORDAN,JOR,190,재래식 군사력 사용,19,4,-10.0,1,1,1,-10.6355382619974,"Jordan Valley, Israel (general), Israel",IS,https://www.israelnationalnews.com/tags/Terror_Arrests
20211107,1013093878,20211107,ISRAEL,ISR,WEST BANK,PSE,190,재래식 군사력 사용,19,4,-10.0,2,1,2,-10.4651162790698,Israel,IS,https://www.israelnationalnews.com/tags/Shooting_Attacks
20211107,1013093882,20211107,JORDAN,JOR,ISRAEL,ISR,190,재래식 군사력 사용,19,4,-10.0,1,1,1,-10.6355382619974,"Jordan Valley, Israel (general), Israel",IS,https://www.israelnationalnews.com/tags/Terror_Arrests
20211107,1013093883,20211107,JORDAN,JOR,ISRAEL,ISR,190,재래식 군사력 사용,19,4,-10.0,1,1,1,-10.6355382619974,"Jordan Valley, Israel (general), Israel",IS,https://www.israelnationalnews.com/tags/Terror_Arrests
20211107,1013095248,20211107,IRAN,IRN,IRAQI,IRQ,190,재래식 군사력 사용,19,4,-10.0,8,1,8,-5.94059405940594,"Baghdad, Baghdad, Iraq",IZ,https://tribune.com.pk/story/2328239/iran-blames-foreign-think-tanks-for-assassination-bid-on-iraqi-premier
20211107,1013096734,20211107,ISRAEL,ISR,IRANIAN,IRN,190,재래식 군사력 사용,19,4,-10.0,2,2,2,-4.08893242006699,"Tehran, Tehran, Iran",IR,http://www.ruthfullyyours.com/2021/11/07/new-team-and-new-fears-in-tehran-by-amir-taheri/
20211107,1013099819,20211107,SAUDI ARABIAN,SAU,IRAN,IRN,190,재래식 군사력 사용,19,4,-10.0,2,1,2,-2.89079229122056,Ethiopia,ET,https://eurasiantimes.com/iran-holds-massive-military-drills-in-the-indian-ocean/
20211107,1013099820,20211107,SAUDI ARABIAN,SAU,IRAN,IRN,190,재래식 군사력 사용,19,4,-10.0,2,1,2,-2.89079229122056,Saudi Arabia,SA,https://eurasiantimes.com/iran-holds-massive-military-drills-in-the-indian-ocean/
20211107,1013104078,20211107,IRAN,IRN,IRAQ,IRQ,138,군사력 사용 위협,13,3,-7.0,2,1,2,-5.09626274065685,"Tehran, Tehran, Iran",IR,https://sofrep.com/news/iraqi-prime-minister-al-kadhimi-escapes-an-assassination-attempt/
20211107,1013104079,20211107,IRAN,IRN,IRAQ,IRQ,138,군사력 사용 위협,13,3,-7.0,2,1,2,-5.09626274065685,"Tehran, Tehran, Iran",IR,https://sofrep.com/news/iraqi-prime-minister-al-kadhimi-escapes-an-assassination-attempt/
20211107,1013104081,20211107,IRANIAN,IRN,IRAQI,IRQ,190,재래식 군사력 사용,19,4,-10.0,1,1,1,-5.09626274065685,"Baghdad, Baghdad, Iraq",IZ,https://sofrep.com/news/iraqi-prime-minister-al-kadhimi-escapes-an-assassination-attempt/
20211107,1013104082,20211107,IRANIAN,IRN,IRAQI,IRQ,190,재래식 군사력 사용,19,4,-10.0,11,2,11,-5.69904347646441,"Baghdad, Baghdad, Iraq",IZ,https://sofrep.com/news/iraqi-prime-minister-al-kadhimi-escapes-an-assassination-attempt/
20211107,1013104084,20211107,IRANIAN,IRN,ISRAELI,ISR,190,재래식 군사력 사용,19,4,-10.0,1,1,1,-5.09626274065685,"Tehran, Tehran, Iran",IR,https://sofrep.com/news/iraqi-prime-minister-al-kadhimi-escapes-an-assassination-attempt/
20211107,1013104085,20211107,IRANIAN,IRN,ISRAELI,ISR,190,재래식 군사력 사용,19,4,-10.0,1,1,1,-5.09626274065685,"Tehran, Tehran, Iran",IR,https://sofrep.com/news/iraqi-prime-minister-al-kadhimi-escapes-an-assassination-attempt/
20211107,1013104086,20211107,IRANIAN,IRN,HAMAS,PSE,190,재래식 군사력 사용,19,4,-10.0,1,1,1,-5.09626274065685,"Tehran, Tehran, Iran",IR,https://sofrep.com/news/iraqi-prime-minister-al-kadhimi-escapes-an-assassination-attempt/
20211107,1013104087,20211107,IRANIAN,IRN,HAMAS,PSE,190,재래식 군사력 사용,19,4,-10.0,1,1,1,-5.09626274065685,Yemen,YM,https://sofrep.com/news/iraqi-prime-minister-al-kadhimi-escapes-an-assassination-attempt/
20211107,1013104089,20211107,IRANIAN,IRN,YEMEN,YEM,190,재래식 군사력 사용,19,4,-10.0,1,1,1,-5.09626274065685,"Tehran, Tehran, Iran",IR,https://sofrep.com/news/iraqi-prime-minister-al-kadhimi-escapes-an-assassination-attempt/
20211107,1013104090,20211107,IRANIAN,IRN,YEMEN,YEM,190,재래식 군사력 사용,19,4,-10.0,7,1,7,-5.09626274065685,Yemen,YM,https://sofrep.com/news/iraqi-prime-minister-al-kadhimi-escapes-an-assassination-attempt/
20211107,1013104102,20211107,IRAQI,IRQ,IRANIAN,IRN,190,재래식 군사력 사용,19,4,-10.0,1,1,1,-5.09626274065685,"Tehran, Tehran, Iran",IR,https://sofrep.com/news/iraqi-prime-minister-al-kadhimi-escapes-an-assassination-attempt/
20211107,1013104103,20211107,IRAQI,IRQ,IRANIAN,IRN,190,재래식 군사력 사용,19,4,-10.0,1,1,1,-5.09626274065685,"Baghdad, Baghdad, Iraq",IZ,https://sofrep.com/news/iraqi-prime-minister-al-kadhimi-escapes-an-assassination-attempt/
20211107,1013104113,20211107,IRAQI,IRQ,IRANIAN,IRN,190,재래식 군사력 사용,19,4,-10.0,8,2,8,-5.69904347646441,"Baghdad, Baghdad, Iraq",IZ,https://sofrep.com/news/iraqi-prime-minister-al-kadhimi-escapes-an-assassination-attempt/
20211107,1013104114,20211107,IRAQI,IRQ,IRANIAN,IRN,190,재래식 군사력 사용,19,4,-10.0,3,1,3,-5.09626274065685,"Tehran, Tehran, Iran",IR,https://sofrep.com/news/iraqi-prime-minister-al-kadhimi-escapes-an-assassination-attempt/
20211107,1013105930,20211107,IRAN,IRN,IRAQ,IRQ,190,재래식 군사력 사용,19,4,-10.0,2,2,2,-7.73965058605114,"Baghdad, Baghdad, Iraq",IZ,https://www.stripes.com/theaters/middle_east/2021-11-07/iraq-prime-minister-failed-assassination-attempt-tensions-3526360.html
20211107,1013110169,20211107,ISRAEL,ISR,WEST BANK,PSE,190,재래식 군사력 사용,19,4,-10.0,5,1,5,-6.3758389261745,"Gaza, Israel (general), Israel",IS,https://www.i24news.tv/en/news/middle-east/1636299412-deaths-caused-by-low-caliber-rounds-in-west-bank-rose-in-2021
20211107,1013110276,20211107,WEST BANK,PSE,ISRAEL,ISR,190,재래식 군사력 사용,19,4,-10.0,7,2,7,-6.40507764003095,"Gaza, Israel (general), Israel",IS,https://www.i24news.tv/en/news/middle-east/1636299412-deaths-caused-by-low-caliber-rounds-in-west-bank-rose-in-2021
20211107,1013113479,20211107,ISRAELI,ISR,PALESTINIAN,PSE,190,재래식 군사력 사용,19,4,-10.0,2,1,2,-4.82758620689655,"Hebron, Israel (general), Israel",IS,http://english.wafa.ps/Pages/Details/126732
20211107,1013113480,20211107,ISRAELI,ISR,PALESTINIAN,PSE,192,영토 점령,19,4,-9.5,3,1,3,-4.82758620689655,"Hebron, Israel (general), Israel",IS,http://english.wafa.ps/Pages/Details/126732
20211107,1013113481,20211107,ISRAEL,ISR,WEST BANK,PSE,192,영토 점령,19,4,-9.5,5,1,5,-4.82758620689655,"Hebron, Israel (general), Israel",IS,http://english.wafa.ps/Pages/Details/126732
20211107,1013113482,20211107,ISRAEL,ISR,PALESTINIAN,PSE,193,소형무기·경무기를 이용한 전투,19,4,-10.0,2,1,2,-4.04411764705882,"Sheikh Jarrah, Yerushalayim, Israel",IS,https://www.middleeasteye.net/news/israel-palestine-east-jerusalem-settler-shoots-palestinian
20211107,1013113483,20211107,ISRAELI,ISR,PALESTINIAN,PSE,193,소형무기·경무기를 이용한 전투,19,4,-10.0,2,1,2,-4.04411764705882,"Jerusalem, Israel (general), Israel",IS,https://www.middleeasteye.net/news/israel-palestine-east-jerusalem-settler-shoots-palestinian
20211107,1013113484,20211107,ISRAEL,ISR,WEST BANK,PSE,190,재래식 군사력 사용,19,4,-10.0,4,1,4,-4.82758620689655,"Hebron, Israel (general), Israel",IS,http://english.wafa.ps/Pages/Details/126732
20211107,1013113489,20211107,ISRAELI,ISR,PALESTINIAN,PSE,193,소형무기·경무기를 이용한 전투,19,4,-10.0,1,1,1,-4.04411764705882,"Sheikh Jarrah, Yerushalayim, Israel",IS,https://www.middleeasteye.net/news/israel-palestine-east-jerusalem-settler-shoots-palestinian
20211107,1013113490,20211107,ISRAELI,ISR,PALESTINIAN,PSE,193,소형무기·경무기를 이용한 전투,19,4,-10.0,1,1,1,-4.04411764705882,"Sheikh Jarrah, Yerushalayim, Israel",IS,https://www.middleeasteye.net/news/israel-palestine-east-jerusalem-settler-shoots-palestinian
20211107,1013113491,20211107,ISRAELI,ISR,PALESTINIAN,PSE,193,소형무기·경무기를 이용한 전투,19,4,-10.0,1,1,1,-4.04411764705882,"Jerusalem, Israel (general), Israel",IS,https://www.middleeasteye.net/news/israel-palestine-east-jerusalem-settler-shoots-palestinian
20211107,1013113561,20211107,WEST BANK,PSE,ISRAEL,ISR,190,재래식 군사력 사용,19,4,-10.0,4,1,4,-4.82758620689655,"Hebron, Israel (general), Israel",IS,http://english.wafa.ps/Pages/Details/126732
20211107,1013115701,20211107,ISRAELI,ISR,PALESTINIAN,PSE,190,재래식 군사력 사용,19,4,-10.0,1,1,1,-7.03883495145631,"Ramallah, West Bank (general), West Bank",WE,https://www.presstv.ir/Detail/2021/11/07/670116/Palestine-Burin-town-Israel-Fouad-al-Amour-Youssef-Awad-Nablus-
20211107,1013115702,20211107,ISRAELI,ISR,PALESTINIAN,PSE,190,재래식 군사력 사용,19,4,-10.0,1,1,1,-7.03883495145631,"Jerusalem, Israel (general), Israel",IS,https://www.presstv.ir/Detail/2021/11/07/670116/Palestine-Burin-town-Israel-Fouad-al-Amour-Youssef-Awad-Nablus-
20211107,1013115717,20211107,ISRAELI,ISR,PALESTINIAN,PSE,190,재래식 군사력 사용,19,4,-10.0,6,1,6,-7.03883495145631,"Jerusalem, Israel (general), Israel",IS,https://www.presstv.ir/Detail/2021/11/07/670116/Palestine-Burin-town-Israel-Fouad-al-Amour-Youssef-Awad-Nablus-
20211107,1013119338,20211107,SAUDI,SAU,YEMEN,YEM,190,재래식 군사력 사용,19,4,-10.0,8,1,8,-9.65250965250964,"Marib, Ma'rib, Yemen",YM,https://www.wionews.com/world/more-than-150-houthis-dead-in-yemen-raids-says-saudi-coalition-427295
20211107,1013119422,20211107,YEMEN,YEM,SAUDI,SAU,190,재래식 군사력 사용,19,4,-10.0,7,1,7,-9.65250965250964,"Sanaa, Sana', Yemen",YM,https://www.wionews.com/world/more-than-150-houthis-dead-in-yemen-raids-says-saudi-coalition-427295
20211107,1013121302,20211107,IRANIAN,IRN,ISRAELI,ISR,190,재래식 군사력 사용,19,4,-10.0,4,1,4,-20.0,Iran,IR,https://www.israelnationalnews.com/News/Flash.aspx/557134
20211107,1013121303,20211107,IRAN,IRN,ISRAEL,ISR,190,재래식 군사력 사용,19,4,-10.0,1,1,1,-20.0,Israel,IS,https://www.israelnationalnews.com/News/Flash.aspx/557134
20211107,1013121304,20211107,IRAN,IRN,ISRAELI,ISR,190,재래식 군사력 사용,19,4,-10.0,2,1,2,-20.0,Iran,IR,https://www.israelnationalnews.com/News/Flash.aspx/557134
20211107,1013121327,20211107,ISRAEL,ISR,PALESTINIAN,PSE,190,재래식 군사력 사용,19,4,-10.0,2,1,2,-5.25731210662717,"Gaza, Israel (general), Israel",IS,https://schema-root.org/region/americas/north_america/usa/government/branches/executive/departments/defense/commands/criminal_investigation/
20211107,1013121334,20211107,JORDAN,JOR,PALESTINIAN,PSE,190,재래식 군사력 사용,19,4,-10.0,2,1,2,-10.2564102564103,Jordan,JO,https://www.israelnationalnews.com/News/Flash.aspx/557135
20211107,1013121421,20211107,PALESTINIAN,PSE,JORDAN,JOR,190,재래식 군사력 사용,19,4,-10.0,2,1,2,-10.2564102564103,Jordan,JO,https://www.israelnationalnews.com/News/Flash.aspx/557135
20211107,1013122376,20211107,ISRAELI,ISR,SYRIAN,SYR,190,재래식 군사력 사용,19,4,-10.0,10,1,10,-1.69971671388103,"Tel Aviv, Tel Aviv, Israel",IS,https://www.veteranstoday.com/2021/11/07/turkey-is-missing-its-northeastern-syria-combat-operation-window/
20211107,1013122526,20211107,ANKARA,TUR,SYRIA,SYR,190,재래식 군사력 사용,19,4,-10.0,2,1,2,-1.69971671388103,"Damascus, Dimashq, Syria",SY,https://www.veteranstoday.com/2021/11/07/turkey-is-missing-its-northeastern-syria-combat-operation-window/
20211107,1013123630,20211107,ISRAEL,ISR,HAMAS,PSE,190,재래식 군사력 사용,19,4,-10.0,5,1,5,-4.5,"Gaza, Israel (general), Israel",IS,https://unitedwithisrael.org/hamas-guardian-law-keeps-gaza-woman-from-studying-abroad/
20211107,1013123746,20211107,WEST BANK,PSE,ISRAEL,ISR,190,재래식 군사력 사용,19,4,-10.0,2,1,2,-6.4343163538874,"Gaza, Israel (general), Israel",IS,https://truthout.org/articles/tlaib-us-must-stop-enabling-the-killing-of-children-in-palestine/
20211107,1013123752,20211107,HAMAS,PSE,ISRAEL,ISR,190,재래식 군사력 사용,19,4,-10.0,5,1,5,-4.5,"Gaza, Israel (general), Israel",IS,https://unitedwithisrael.org/hamas-guardian-law-keeps-gaza-woman-from-studying-abroad/
20211107,1013126540,20211107,IRAQ,IRQ,LEBANON,LBN,190,재래식 군사력 사용,19,4,-10.0,8,1,8,-1.35746606334841,"Tehran, Tehran, Iran",IR,https://apnews.com/article/joe-biden-business-religion-iran-middle-east-b926dfbdb1e1efea28706ef9a7ea5ada
20211107,1013126541,20211107,IRAQ,IRQ,YEMEN,YEM,190,재래식 군사력 사용,19,4,-10.0,2,1,2,-1.35746606334841,"Tigray, Tigray, Ethiopia",ET,https://apnews.com/article/joe-biden-business-religion-iran-middle-east-b926dfbdb1e1efea28706ef9a7ea5ada
20211107,1013126542,20211107,IRAQ,IRQ,YEMEN,YEM,190,재래식 군사력 사용,19,4,-10.0,6,1,6,-1.35746606334841,"Tigray, Tigray, Ethiopia",ET,https://apnews.com/article/joe-biden-business-religion-iran-middle-east-b926dfbdb1e1efea28706ef9a7ea5ada
20211107,1013126572,20211107,LEBANON,LBN,IRAQ,IRQ,190,재래식 군사력 사용,19,4,-10.0,2,1,2,-1.35746606334841,"Tigray, Tigray, Ethiopia",ET,https://apnews.com/article/joe-biden-business-religion-iran-middle-east-b926dfbdb1e1efea28706ef9a7ea5ada
20211107,1013126573,20211107,LEBANON,LBN,IRAQ,IRQ,190,재래식 군사력 사용,19,4,-10.0,6,1,6,-1.35746606334841,"Tigray, Tigray, Ethiopia",ET,https://apnews.com/article/joe-biden-business-religion-iran-middle-east-b926dfbdb1e1efea28706ef9a7ea5ada
20211107,1013126574,20211107,LEBANON,LBN,YEMEN,YEM,190,재래식 군사력 사용,19,4,-10.0,2,1,2,-1.35746606334841,"Tigray, Tigray, Ethiopia",ET,https://apnews.com/article/joe-biden-business-religion-iran-middle-east-b926dfbdb1e1efea28706ef9a7ea5ada
20211107,1013126575,20211107,LEBANON,LBN,YEMEN,YEM,190,재래식 군사력 사용,19,4,-10.0,6,1,6,-1.35746606334841,"Tigray, Tigray, Ethiopia",ET,https://apnews.com/article/joe-biden-business-religion-iran-middle-east-b926dfbdb1e1efea28706ef9a7ea5ada
20211107,1013126740,20211107,YEMEN,YEM,IRAQ,IRQ,190,재래식 군사력 사용,19,4,-10.0,2,1,2,-1.35746606334841,"Tigray, Tigray, Ethiopia",ET,https://apnews.com/article/joe-biden-business-religion-iran-middle-east-b926dfbdb1e1efea28706ef9a7ea5ada
20211107,1013126741,20211107,YEMEN,YEM,IRAQ,IRQ,190,재래식 군사력 사용,19,4,-10.0,6,1,6,-1.35746606334841,"Tigray, Tigray, Ethiopia",ET,https://apnews.com/article/joe-biden-business-religion-iran-middle-east-b926dfbdb1e1efea28706ef9a7ea5ada
20211107,1013126742,20211107,YEMEN,YEM,LEBANON,LBN,190,재래식 군사력 사용,19,4,-10.0,2,1,2,-1.35746606334841,"Tigray, Tigray, Ethiopia",ET,https://apnews.com/article/joe-biden-business-religion-iran-middle-east-b926dfbdb1e1efea28706ef9a7ea5ada
20211107,1013126743,20211107,YEMEN,YEM,LEBANON,LBN,190,재래식 군사력 사용,19,4,-10.0,6,1,6,-1.35746606334841,"Tigray, Tigray, Ethiopia",ET,https://apnews.com/article/joe-biden-business-religion-iran-middle-east-b926dfbdb1e1efea28706ef9a7ea5ada
20211107,1013127550,20211107,IRAN,IRN,ISRAELI,ISR,190,재래식 군사력 사용,19,4,-10.0,2,1,2,-5.84192439862543,Iran,IR,https://www.jewishpress.com/news/israel/report-mossad-foiled-multiple-iranian-attacks-on-israelis-in-africa/2021/11/07/
20211107,1013127551,20211107,IRAN,IRN,ISRAELI,ISR,190,재래식 군사력 사용,19,4,-10.0,1,1,1,-5.84192439862543,Israel,IS,https://www.jewishpress.com/news/israel/report-mossad-foiled-multiple-iranian-attacks-on-israelis-in-africa/2021/11/07/
20211107,1013127552,20211107,IRANIAN,IRN,ISRAELI,ISR,190,재래식 군사력 사용,19,4,-10.0,7,1,7,-5.84192439862543,Israel,IS,https://www.jewishpress.com/news/israel/report-mossad-foiled-multiple-iranian-attacks-on-israelis-in-africa/2021/11/07/
20211107,1013132361,20211107,IRAQ,IRQ,LEBANON,LBN,190,재래식 군사력 사용,19,4,-10.0,2,1,1,-3.22966507177034,"Tehran, Tehran, Iran",IR,https://www.arabnews.com/node/1963366
20211107,1013132362,20211107,IRAQ,IRQ,LEBANON,LBN,190,재래식 군사력 사용,19,4,-10.0,2,1,1,-3.22966507177034,Lebanon,LE,https://www.arabnews.com/node/1963366
20211107,1013132367,20211107,ISRAEL,ISR,JORDAN,JOR,192,영토 점령,19,4,-9.5,6,1,6,-10.0,"Jordan Valley, Israel (general), Israel",IS,https://www.israelnationalnews.com/News/Flash.aspx/557151
20211107,1013133354,20211107,IRAQI,IRQ,CAIRO,EGY,190,재래식 군사력 사용,19,4,-10.0,2,1,2,-3.64372469635627,Iraq,IZ,https://news.kuwaittimes.net/website/kuwait-strongly-condemns-attempted-assassination-on-iraq-pm/
20211107,1013134617,20211107,IRANIAN,IRN,ISRAELI,ISR,194,포병·전차를 이용한 전투,19,4,-10.0,1,1,1,-2.0310633213859,"Gaza, Israel (general), Israel",IS,https://www.timesofisrael.com/trump-tells-jewish-republicans-he-was-best-ever-for-israel-biden-weak-on-iran/
20211107,1013134618,20211107,IRANIAN,IRN,ISRAELI,ISR,194,포병·전차를 이용한 전투,19,4,-10.0,1,1,1,-2.0310633213859,"Tehran, Tehran, Iran",IR,https://www.timesofisrael.com/trump-tells-jewish-republicans-he-was-best-ever-for-israel-biden-weak-on-iran/
20211107,1013134620,20211107,IRANIAN,IRN,ISRAELI,ISR,194,포병·전차를 이용한 전투,19,4,-10.0,6,1,6,-2.0310633213859,"Gaza, Israel (general), Israel",IS,https://www.timesofisrael.com/trump-tells-jewish-republicans-he-was-best-ever-for-israel-biden-weak-on-iran/
20211107,1013134637,20211107,ISRAEL,ISR,GAZA,PSE,194,포병·전차를 이용한 전투,19,4,-10.0,4,1,4,-2.0310633213859,"Gaza, Israel (general), Israel",IS,https://www.timesofisrael.com/trump-tells-jewish-republicans-he-was-best-ever-for-israel-biden-weak-on-iran/
20211107,1013134763,20211107,GAZA,PSE,ISRAEL,ISR,194,포병·전차를 이용한 전투,19,4,-10.0,4,1,4,-2.0310633213859,"Gaza, Israel (general), Israel",IS,https://www.timesofisrael.com/trump-tells-jewish-republicans-he-was-best-ever-for-israel-biden-weak-on-iran/
20211107,1013134764,20211107,GAZA,PSE,ISRAEL,ISR,194,포병·전차를 이용한 전투,19,4,-10.0,2,1,2,-2.0310633213859,"Gaza, Israel (general), Israel",IS,https://www.timesofisrael.com/trump-tells-jewish-republicans-he-was-best-ever-for-israel-biden-weak-on-iran/
20211107,1013135554,20211107,HAMAS,PSE,ISRAEL,ISR,192,영토 점령,19,4,-9.5,4,1,4,-1.85185185185186,"Gaza, Israel (general), Israel",IS,https://www.haaretz.com/opinion/.premium-israel-needs-a-law-against-fake-news-1.10362293
20211107,1013137861,20211107,WEST BANK,PSE,ISRAEL,ISR,192,영토 점령,19,4,-9.5,1,1,1,-2.51021599532983,"Dead Sea, Israel (general), Israel",IS,https://www.972mag.com/palestinian-employment-construction-israel/
20211107,1013137862,20211107,PALESTINIAN,PSE,ISRAEL,ISR,192,영토 점령,19,4,-9.5,3,1,3,-2.51021599532983,"Hebron, Israel (general), Israel",IS,https://www.972mag.com/palestinian-employment-construction-israel/
20211107,1013137863,20211107,PALESTINIAN,PSE,ISRAEL,ISR,192,영토 점령,19,4,-9.5,6,1,6,-2.51021599532983,"Gaza, Israel (general), Israel",IS,https://www.972mag.com/palestinian-employment-construction-israel/
20211107,1013137864,20211107,WEST BANK,PSE,ISRAEL,ISR,192,영토 점령,19,4,-9.5,1,1,1,-2.51021599532983,"Hebron, Israel (general), Israel",IS,https://www.972mag.com/palestinian-employment-construction-israel/
20211107,1013137865,20211107,PALESTINIAN,PSE,ISRAEL,ISR,192,영토 점령,19,4,-9.5,2,1,2,-2.51021599532983,"Gaza, Israel (general), Israel",IS,https://www.972mag.com/palestinian-employment-construction-israel/
20211107,1013137866,20211107,PALESTINIAN,PSE,ISRAEL,ISR,192,영토 점령,19,4,-9.5,7,1,6,-2.51021599532983,"Hebron University, West Bank (general), West Bank",WE,https://www.972mag.com/palestinian-employment-construction-israel/
20211108,1013161740,20211108,IRAQ,IRQ,TURKISH,TUR,194,포병·전차를 이용한 전투,19,4,-10.0,8,1,8,-8.91089108910892,"Anbar, Kayseri, Turkey",TU,https://original.antiwar.com/updates/2021/11/07/iraq-daily-roundup-five-killed-14/
20211108,1013162912,20211108,PALESTINE,PSE,ISRAEL,ISR,163,금수·보이콧·제재 부과,16,4,-8.0,2,1,2,-1.30434782608696,Israel,IS,https://www.dailysun.co.za/Celebs/miss-sa-will-contest-miss-universe-20211107
20211108,1013174299,20211108,IRAN,IRN,SYRIAN,SYR,190,재래식 군사력 사용,19,4,-10.0,1,1,1,-0.5,"Damascus, Dimashq, Syria",SY,https://www.al-monitor.com/originals/2021/11/iranian-business-fair-coming-damascus
20211108,1013175520,20211108,ISRAELI,ISR,WEST BANK,PSE,192,영토 점령,19,4,-9.5,2,2,2,-2.58001819999775,"Gaza, Israel (general), Israel",IS,https://www.washingtonpost.com/world/middle_east/israel-palestinians-surveillance-facial-recognition/2021/11/05/3787bf42-26b2-11ec-8739-5cb6aba30a30_story.html
20211108,1013175521,20211108,ISRAELI,ISR,WEST BANK,PSE,192,영토 점령,19,4,-9.5,2,2,2,-2.58001819999775,West Bank,WE,https://www.washingtonpost.com/world/middle_east/israel-palestinians-surveillance-facial-recognition/2021/11/05/3787bf42-26b2-11ec-8739-5cb6aba30a30_story.html
20211108,1013175522,20211108,ISRAEL,ISR,HAMAS,PSE,190,재래식 군사력 사용,19,4,-10.0,20,2,20,-2.58001819999775,"Gaza, Israel (general), Israel",IS,https://www.washingtonpost.com/world/middle_east/israel-palestinians-surveillance-facial-recognition/2021/11/05/3787bf42-26b2-11ec-8739-5cb6aba30a30_story.html
20211108,1013175715,20211108,HAMAS,PSE,ISRAEL,ISR,190,재래식 군사력 사용,19,4,-10.0,20,2,20,-2.58001819999775,"Gaza, Israel (general), Israel",IS,https://www.washingtonpost.com/world/middle_east/israel-palestinians-surveillance-facial-recognition/2021/11/05/3787bf42-26b2-11ec-8739-5cb6aba30a30_story.html
20211108,1013180862,20211108,ISRAELI,ISR,PALESTINIAN,PSE,190,재래식 군사력 사용,19,4,-10.0,1,1,1,-12.0104438642297,"Tel Aviv, Tel Aviv, Israel",IS,https://www.presstv.ir/Detail/2021/11/08/670146/Israeli-forces-kidnap-West-Bank-al-Quds
20211108,1013180863,20211108,ISRAELI,ISR,PALESTINIAN,PSE,190,재래식 군사력 사용,19,4,-10.0,2,2,2,-11.0510934917479,"Jenin, West Bank (general), West Bank",WE,https://www.presstv.ir/Detail/2021/11/08/670146/Israeli-forces-kidnap-West-Bank-al-Quds
20211108,1013186921,20211108,SYRIA,SYR,HASSAN,JOR,190,재래식 군사력 사용,19,4,-10.0,2,1,2,-5.14285714285714,"Muhajir, Al Ladhiqiyah, Syria",SY,https://www.kurdistan24.net/en/story/26171-Drone-strike-hits-alleged-ISIS-member-in-Jarabulus
20211108,1013193793,20211108,SYRIA,SYR,TURKISH,TUR,193,소형무기·경무기를 이용한 전투,19,4,-10.0,1,1,1,-4.24739195230999,"Afrin, ?alab, Syria",SY,https://www.recorder.com/Fighting-rages-amid-Turkish-push-in-Kurdish-enclave-in-Syria-15067398
20211108,1013193794,20211108,SYRIA,SYR,TURKEY,TUR,193,소형무기·경무기를 이용한 전투,19,4,-10.0,5,1,5,-4.24739195230999,"Anadolu, Turkey (general), Turkey",TU,https://www.recorder.com/Fighting-rages-amid-Turkish-push-in-Kurdish-enclave-in-Syria-15067398
20211108,1013193795,20211108,SYRIA,SYR,TURKEY,TUR,193,소형무기·경무기를 이용한 전투,19,4,-10.0,1,1,1,-4.24739195230999,"Anadolu, Turkey (general), Turkey",TU,https://www.recorder.com/Fighting-rages-amid-Turkish-push-in-Kurdish-enclave-in-Syria-15067398
20211108,1013193796,20211108,SYRIA,SYR,TURKEY,TUR,193,소형무기·경무기를 이용한 전투,19,4,-10.0,1,1,1,-4.24739195230999,"Afrin, ?alab, Syria",SY,https://www.recorder.com/Fighting-rages-amid-Turkish-push-in-Kurdish-enclave-in-Syria-15067398
20211108,1013193798,20211108,SYRIA,SYR,IRAQ,IRQ,190,재래식 군사력 사용,19,4,-10.0,2,1,2,-4.24739195230999,"Afrin, ?alab, Syria",SY,https://www.recorder.com/Fighting-rages-amid-Turkish-push-in-Kurdish-enclave-in-Syria-15067398
20211108,1013193799,20211108,SYRIA,SYR,IRAQ,IRQ,190,재래식 군사력 사용,19,4,-10.0,4,1,4,-4.24739195230999,"Hawar, ?alab, Syria",SY,https://www.recorder.com/Fighting-rages-amid-Turkish-push-in-Kurdish-enclave-in-Syria-15067398
20211108,1013193824,20211108,TURKISH,TUR,SYRIA,SYR,192,영토 점령,19,4,-9.5,1,1,1,-4.24739195230999,"Afrin, ?alab, Syria",SY,https://www.recorder.com/Fighting-rages-amid-Turkish-push-in-Kurdish-enclave-in-Syria-15067398
20211108,1013193825,20211108,TURKEY,TUR,SYRIA,SYR,192,영토 점령,19,4,-9.5,2,1,2,-4.24739195230999,"Anadolu, Turkey (general), Turkey",TU,https://www.recorder.com/Fighting-rages-amid-Turkish-push-in-Kurdish-enclave-in-Syria-15067398
20211108,1013193826,20211108,TURKEY,TUR,SYRIA,SYR,192,영토 점령,19,4,-9.5,6,1,6,-4.24739195230999,"Afrin, ?alab, Syria",SY,https://www.recorder.com/Fighting-rages-amid-Turkish-push-in-Kurdish-enclave-in-Syria-15067398
20211108,1013193827,20211108,TURKISH,TUR,SYRIA,SYR,192,영토 점령,19,4,-9.5,1,1,1,-4.24739195230999,"Afrin, ?alab, Syria",SY,https://www.recorder.com/Fighting-rages-amid-Turkish-push-in-Kurdish-enclave-in-Syria-15067398
20211108,1013193828,20211108,TURKISH,TUR,SYRIA,SYR,193,소형무기·경무기를 이용한 전투,19,4,-10.0,1,1,1,-4.24739195230999,"Afrin, ?alab, Syria",SY,https://www.recorder.com/Fighting-rages-amid-Turkish-push-in-Kurdish-enclave-in-Syria-15067398
20211108,1013193829,20211108,TURKEY,TUR,SYRIA,SYR,193,소형무기·경무기를 이용한 전투,19,4,-10.0,5,1,5,-4.24739195230999,"Anadolu, Turkey (general), Turkey",TU,https://www.recorder.com/Fighting-rages-amid-Turkish-push-in-Kurdish-enclave-in-Syria-15067398
20211108,1013193830,20211108,TURKISH,TUR,SYRIAN,SYR,190,재래식 군사력 사용,19,4,-10.0,6,1,6,-4.24739195230999,"Afrin, ?alab, Syria",SY,https://www.recorder.com/Fighting-rages-amid-Turkish-push-in-Kurdish-enclave-in-Syria-15067398
20211108,1013193831,20211108,TURKISH,TUR,SYRIA,SYR,190,재래식 군사력 사용,19,4,-10.0,2,1,2,-4.24739195230999,"Anadolu, Turkey (general), Turkey",TU,https://www.recorder.com/Fighting-rages-amid-Turkish-push-in-Kurdish-enclave-in-Syria-15067398
20211108,1013193839,20211108,TURKEY,TUR,SYRIA,SYR,193,소형무기·경무기를 이용한 전투,19,4,-10.0,1,1,1,-4.24739195230999,"Afrin, ?alab, Syria",SY,https://www.recorder.com/Fighting-rages-amid-Turkish-push-in-Kurdish-enclave-in-Syria-15067398
20211108,1013193840,20211108,TURKEY,TUR,SYRIA,SYR,193,소형무기·경무기를 이용한 전투,19,4,-10.0,1,1,1,-4.24739195230999,"Anadolu, Turkey (general), Turkey",TU,https://www.recorder.com/Fighting-rages-amid-Turkish-push-in-Kurdish-enclave-in-Syria-15067398
20211108,1013195411,20211108,IRANIAN,IRN,ISRAELI,ISR,190,재래식 군사력 사용,19,4,-10.0,3,1,3,-3.91061452513966,"Tehran, Tehran, Iran",IR,https://www.clevelandjewishnews.com/jns/report-mossad-thwarts-iranian-attacks-against-israelis-in-africa/article_d285d9cf-f5af-58ae-92c1-67637d9847a9.html
20211108,1013195412,20211108,IRAN,IRN,ISRAELI,ISR,190,재래식 군사력 사용,19,4,-10.0,4,1,4,-3.91061452513966,"Tehran, Tehran, Iran",IR,https://www.clevelandjewishnews.com/jns/report-mossad-thwarts-iranian-attacks-against-israelis-in-africa/article_d285d9cf-f5af-58ae-92c1-67637d9847a9.html
20211108,1013195420,20211108,ISRAEL,ISR,IRANIAN,IRN,138,군사력 사용 위협,13,3,-7.0,3,1,3,-3.91061452513966,Israel,IS,https://www.clevelandjewishnews.com/jns/report-mossad-thwarts-iranian-attacks-against-israelis-in-africa/article_d285d9cf-f5af-58ae-92c1-67637d9847a9.html
20211108,1013195421,20211108,ISRAEL,ISR,IRANIAN,IRN,138,군사력 사용 위협,13,3,-7.0,21,3,21,-3.23956511107349,"Tehran, Tehran, Iran",IR,https://www.clevelandjewishnews.com/jns/report-mossad-thwarts-iranian-attacks-against-israelis-in-africa/article_d285d9cf-f5af-58ae-92c1-67637d9847a9.html
20211108,1013203401,20211108,IRAN,IRN,ISRAEL,ISR,190,재래식 군사력 사용,19,4,-10.0,8,1,8,-1.01809954751131,"Teheran, Iran (general), Iran",IR,https://americanfreepress.net/saudi-arabia-israel-unite-to-defeat-peace/
20211108,1013203402,20211108,IRAN,IRN,ISRAEL,ISR,190,재래식 군사력 사용,19,4,-10.0,2,1,2,-1.01809954751131,"Gaza, Israel (general), Israel",IS,https://americanfreepress.net/saudi-arabia-israel-unite-to-defeat-peace/
20211108,1013205376,20211108,ISRAEL,ISR,WEST BANK,PSE,190,재래식 군사력 사용,19,4,-10.0,2,1,2,-6.79245283018868,"Jerusalem, Israel (general), Israel",IS,http://english.wafa.ps/Pages/Details/126734
20211108,1013205377,20211108,ISRAELI,ISR,PALESTINIAN,PSE,190,재래식 군사력 사용,19,4,-10.0,2,2,2,-8.44209797472739,"Jerusalem, Israel (general), Israel",IS,http://english.wafa.ps/Pages/Details/126734
20211108,1013205378,20211108,ISRAEL,ISR,PALESTINIAN,PSE,190,재래식 군사력 사용,19,4,-10.0,6,1,6,-8.67346938775511,Israel,IS,http://english.wafa.ps/Pages/Details/126736
20211108,1013205658,20211108,GAZA,PSE,ISRAEL,ISR,193,소형무기·경무기를 이용한 전투,19,4,-10.0,4,1,4,-4.08163265306122,"Gaza, Israel (general), Israel",IS,https://www.ynetnews.com/article/bjkcyyudt
20211108,1013205673,20211108,GAZA,PSE,ISRAEL,ISR,193,소형무기·경무기를 이용한 전투,19,4,-10.0,2,1,2,-4.08163265306122,"Gaza, Israel (general), Israel",IS,https://www.ynetnews.com/article/bjkcyyudt
20211108,1013212045,20211108,IRAN,IRN,IRAQI,IRQ,190,재래식 군사력 사용,19,4,-10.0,40,5,40,-5.53206001310395,"Baghdad, Baghdad, Iraq",IZ,https://www.devdiscourse.com/article/politics/1798917-iran-backed-militia-behind-attack-on-iraqi-pm--security-officials-sources
20211108,1013212046,20211108,IRAN,IRN,IRAQ,IRQ,190,재래식 군사력 사용,19,4,-10.0,99,13,89,-5.82015896731451,"Tehran, Tehran, Iran",IR,https://www.devdiscourse.com/article/politics/1798917-iran-backed-militia-behind-attack-on-iraqi-pm--security-officials-sources
20211108,1013212047,20211108,IRANIAN,IRN,IRAQI,IRQ,190,재래식 군사력 사용,19,4,-10.0,9,3,9,-5.47328763568326,"Baghdad, Baghdad, Iraq",IZ,https://www.devdiscourse.com/article/politics/1798917-iran-backed-militia-behind-attack-on-iraqi-pm--security-officials-sources
20211108,1013212048,20211108,IRANIAN,IRN,IRAQI,IRQ,190,재래식 군사력 사용,19,4,-10.0,3,1,3,-5.67823343848581,"Tehran, Tehran, Iran",IR,https://hamodia.com/2021/11/08/iran-backed-militia-behind-attack-on-iraqi-pm/
20211108,1013212055,20211108,IRAQ,IRQ,TURKEY,TUR,190,재래식 군사력 사용,19,4,-10.0,2,1,2,-1.97600564573041,"Vulkan, Samarskaya Oblast', Russia",RS,https://nationalinterest.org/blog/korea-watch/altay-can-south-korea-help-turkey-build-killer-tank-195851
20211108,1013212056,20211108,IRAQ,IRQ,TURKEY,TUR,190,재래식 군사력 사용,19,4,-10.0,2,1,2,-1.97600564573041,"Ankara, Ankara, Turkey",TU,https://nationalinterest.org/blog/korea-watch/altay-can-south-korea-help-turkey-build-killer-tank-195851
20211108,1013212057,20211108,IRAQ,IRQ,TURKEY,TUR,190,재래식 군사력 사용,19,4,-10.0,6,1,6,-1.97600564573041,Iraq,IZ,https://nationalinterest.org/blog/korea-watch/altay-can-south-korea-help-turkey-build-killer-tank-195851
20211108,1013212423,20211108,SYRIA,SYR,ISRAEL,ISR,194,포병·전차를 이용한 전투,19,4,-10.0,2,1,2,-5.65371024734983,Lebanon,LE,https://www.middleeastmonitor.com/20211108-israel-is-not-ready-for-multifront-war-ex-army-general-says/
20211108,1013212424,20211108,SYRIA,SYR,ISRAEL,ISR,194,포병·전차를 이용한 전투,19,4,-10.0,2,1,2,-5.65371024734983,Lebanon,LE,https://www.middleeastmonitor.com/20211108-israel-is-not-ready-for-multifront-war-ex-army-general-says/
20211108,1013212425,20211108,SYRIA,SYR,LEBANON,LBN,194,포병·전차를 이용한 전투,19,4,-10.0,10,1,10,-5.65371024734983,"Gaza, Israel (general), Israel",IS,https://www.middleeastmonitor.com/20211108-israel-is-not-ready-for-multifront-war-ex-army-general-says/
20211108,1013212426,20211108,SYRIA,SYR,GAZA,PSE,194,포병·전차를 이용한 전투,19,4,-10.0,6,1,6,-5.65371024734983,Lebanon,LE,https://www.middleeastmonitor.com/20211108-israel-is-not-ready-for-multifront-war-ex-army-general-says/
20211108,1013212429,20211108,SYRIA,SYR,TURKEY,TUR,190,재래식 군사력 사용,19,4,-10.0,2,1,2,-1.97600564573041,"Vulkan, Samarskaya Oblast', Russia",RS,https://nationalinterest.org/blog/korea-watch/altay-can-south-korea-help-turkey-build-killer-tank-195851
20211108,1013212430,20211108,SYRIA,SYR,TURKEY,TUR,190,재래식 군사력 사용,19,4,-10.0,2,1,2,-1.97600564573041,"Ankara, Ankara, Turkey",TU,https://nationalinterest.org/blog/korea-watch/altay-can-south-korea-help-turkey-build-killer-tank-195851
20211108,1013212431,20211108,SYRIA,SYR,TURKEY,TUR,190,재래식 군사력 사용,19,4,-10.0,6,1,6,-1.97600564573041,Iraq,IZ,https://nationalinterest.org/blog/korea-watch/altay-can-south-korea-help-turkey-build-killer-tank-195851
20211108,1013212440,20211108,TURKEY,TUR,IRAQ,IRQ,190,재래식 군사력 사용,19,4,-10.0,2,1,2,-1.97600564573041,"Vulkan, Samarskaya Oblast', Russia",RS,https://nationalinterest.org/blog/korea-watch/altay-can-south-korea-help-turkey-build-killer-tank-195851
20211108,1013212441,20211108,TURKEY,TUR,IRAQ,IRQ,190,재래식 군사력 사용,19,4,-10.0,2,1,2,-1.97600564573041,"Ankara, Ankara, Turkey",TU,https://nationalinterest.org/blog/korea-watch/altay-can-south-korea-help-turkey-build-killer-tank-195851
20211108,1013212442,20211108,TURKEY,TUR,IRAQ,IRQ,190,재래식 군사력 사용,19,4,-10.0,6,1,6,-1.97600564573041,Iraq,IZ,https://nationalinterest.org/blog/korea-watch/altay-can-south-korea-help-turkey-build-killer-tank-195851
20211108,1013212448,20211108,TURKEY,TUR,ALEPPO,SYR,154,군 병력 동원·증강,15,4,-7.2,5,1,5,0.0,"Manbij, ?alab, Syria",SY,https://www.middleeastmonitor.com/20211108-turkey-syria-regime-deploy-military-to-aleppo/
20211108,1013212449,20211108,TURKEY,TUR,SYRIA,SYR,190,재래식 군사력 사용,19,4,-10.0,2,1,2,-1.97600564573041,"Vulkan, Samarskaya Oblast', Russia",RS,https://nationalinterest.org/blog/korea-watch/altay-can-south-korea-help-turkey-build-killer-tank-195851
20211108,1013212450,20211108,TURKEY,TUR,SYRIA,SYR,190,재래식 군사력 사용,19,4,-10.0,2,1,2,-1.97600564573041,"Ankara, Ankara, Turkey",TU,https://nationalinterest.org/blog/korea-watch/altay-can-south-korea-help-turkey-build-killer-tank-195851
20211108,1013212451,20211108,TURKEY,TUR,SYRIA,SYR,190,재래식 군사력 사용,19,4,-10.0,6,1,6,-1.97600564573041,Iraq,IZ,https://nationalinterest.org/blog/korea-watch/altay-can-south-korea-help-turkey-build-killer-tank-195851
20211108,1013214328,20211108,IRAN,IRN,IRAQ,IRQ,190,재래식 군사력 사용,19,4,-10.0,118,46,118,-7.56984844123938,"Baghdad, Baghdad, Iraq",IZ,http://www.wrjo.com/2021/11/08/iraqi-prime-minister-survives-assassination-attempt-with-armed-drones/
20211108,1013214329,20211108,IRAN,IRN,IRAQ,IRQ,190,재래식 군사력 사용,19,4,-10.0,37,37,37,-7.81893004115226,"Baghdad, Baghdad, Iraq",IZ,http://www.wrjo.com/2021/11/08/iraqi-prime-minister-survives-assassination-attempt-with-armed-drones/
20211108,1013214330,20211108,IRAN,IRN,IRAQ,IRQ,190,재래식 군사력 사용,19,4,-10.0,12,2,12,-3.5740878629933,Iran,IR,https://news.yahoo.com/iran-backed-militia-behind-attack-123420181.html
20211108,1013214331,20211108,IRAN,IRN,IRAQI,IRQ,190,재래식 군사력 사용,19,4,-10.0,8,1,8,-1.26582278481013,Iraq,IZ,https://news.yahoo.com/iran-backed-militia-behind-attack-123420181.html
20211108,1013214332,20211108,IRAN,IRN,IRAQI,IRQ,190,재래식 군사력 사용,19,4,-10.0,2,1,2,0.355871886121,Israel,IS,https://www.timesofisrael.com/liveblog_entry/iran-backed-militia-launched-drone-attack-targeting-iraqi-pm-report/
20211108,1013214333,20211108,IRANIAN,IRN,BEIRUT,LBN,190,재래식 군사력 사용,19,4,-10.0,1,1,1,-4.00907715582451,"Beirut, Beyrouth, Lebanon",LE,https://www.bicom.org.uk/media_summary/iraqi-prime-minister-survives-drone-attack-on-his-home/
20211108,1013214334,20211108,IRANIAN,IRN,BEIRUT,LBN,190,재래식 군사력 사용,19,4,-10.0,1,1,1,-4.00907715582451,"Tehran, Tehran, Iran",IR,https://www.bicom.org.uk/media_summary/iraqi-prime-minister-survives-drone-attack-on-his-home/
20211108,1013214403,20211108,BEIRUT,LBN,IRANIAN,IRN,190,재래식 군사력 사용,19,4,-10.0,1,1,1,-4.00907715582451,"Beirut, Beyrouth, Lebanon",LE,https://www.bicom.org.uk/media_summary/iraqi-prime-minister-survives-drone-attack-on-his-home/
20211108,1013214404,20211108,BEIRUT,LBN,IRANIAN,IRN,190,재래식 군사력 사용,19,4,-10.0,1,1,1,-4.00907715582451,"Tehran, Tehran, Iran",IR,https://www.bicom.org.uk/media_summary/iraqi-prime-minister-survives-drone-attack-on-his-home/
20211108,1013221091,20211108,ISRAEL,ISR,HAMAS,PSE,194,포병·전차를 이용한 전투,19,4,-10.0,8,2,8,-4.51750380517504,"Gaza, Israel (general), Israel",IS,https://www.timesofisrael.com/iron-dome-shoots-down-hamas-drone-flown-out-to-sea/
20211108,1013225277,20211108,LEBANON,LBN,YEMENI,YEM,190,재래식 군사력 사용,19,4,-10.0,3,1,3,-1.9774011299435,"Jawf, Abyan, Yemen",YM,https://www.tasnimnews.com/en/news/2021/11/08/2604494/yemeni-forces-achieve-key-military-breakthrough-in-northern-ma-rib-report
20211108,1013227622,20211108,TURKEY,TUR,SYRIA,SYR,192,영토 점령,19,4,-9.5,10,1,10,-2.16867469879518,"Ankara, Ankara, Turkey",TU,https://ahvalnews.com/turkey-syria/erdogan-eyeing-military-operations-syria-boost-public-support-ex-foreign-minister
20211108,1013229401,20211108,IRAQ,IRQ,KURDISTAN,IRN,194,포병·전차를 이용한 전투,19,4,-10.0,16,1,16,-4.47761194029851,"Baghdad, Baghdad, Iraq",IZ,http://www.asianews.it/news-en/Card-Sako%3A-The-attack-against-al-Kadhimi-was-meant-to-destabilise-Iraq-54449.html
20211108,1013234102,20211108,IRAN,IRN,IRAQ,IRQ,190,재래식 군사력 사용,19,4,-10.0,17,4,17,-5.92251486102333,"Tehran, Tehran, Iran",IR,https://mynorthwest.com/3225307/powerful-iranian-general-visited-iraq-after-attack-on-pm/
20211108,1013234352,20211108,PALESTINIAN,PSE,ISRAEL,ISR,195,공중무기 사용,19,4,-10.0,2,1,2,-3.37837837837837,"Gaza, Israel (general), Israel",IS,https://www.nytimes.com/2021/11/08/world/middleeast/nso-israel-palestinians-spyware.html
20211108,1013234356,20211108,PALESTINIAN,PSE,ISRAELI,ISR,190,재래식 군사력 사용,19,4,-10.0,1,1,1,-3.37837837837837,"Gaza, Israel (general), Israel",IS,https://www.nytimes.com/2021/11/08/world/middleeast/nso-israel-palestinians-spyware.html
20211108,1013234357,20211108,PALESTINIAN,PSE,ISRAELI,ISR,195,공중무기 사용,19,4,-10.0,1,1,1,-3.37837837837837,"Gaza, Israel (general), Israel",IS,https://www.nytimes.com/2021/11/08/world/middleeast/nso-israel-palestinians-spyware.html
20211108,1013236429,20211108,IRANIAN,IRN,ISRAELI,ISR,190,재래식 군사력 사용,19,4,-10.0,16,3,16,-2.86712563248876,Senegal,SG,https://www.algemeiner.com/2021/11/08/report-mossad-thwarts-iranian-attacks-against-israelis-in-africa/
20211108,1013236447,20211108,ISRAEL,ISR,IRANIAN,IRN,138,군사력 사용 위협,13,3,-7.0,5,2,5,-2.91179955984425,"Tehran, Tehran, Iran",IR,https://www.algemeiner.com/2021/11/08/report-mossad-thwarts-iranian-attacks-against-israelis-in-africa/
20211108,1013236448,20211108,ISRAEL,ISR,IRANIAN,IRN,138,군사력 사용 위협,13,3,-7.0,11,3,11,-2.86712563248876,"Tehran, Tehran, Iran",IR,https://www.algemeiner.com/2021/11/08/report-mossad-thwarts-iranian-attacks-against-israelis-in-africa/
20211108,1013238801,20211108,IRAN,IRN,IRAQ,IRQ,190,재래식 군사력 사용,19,4,-10.0,4,1,4,-5.72916666666667,"Baghdad, Baghdad, Iraq",IZ,https://www.thedailystar.net/middle-east/news/iran-backed-militia-responsible-attack-pm-iraq-security-officials-2224981
20211108,1013238802,20211108,IRAN,IRN,IRAQ,IRQ,190,재래식 군사력 사용,19,4,-10.0,1,1,1,-5.72916666666667,"Tehran, Tehran, Iran",IR,https://www.thedailystar.net/middle-east/news/iran-backed-militia-responsible-attack-pm-iraq-security-officials-2224981
20211108,1013241492,20211108,SAUDI,SAU,LEBANON,LBN,163,금수·보이콧·제재 부과,16,4,-8.0,16,2,16,-4.29566357048698,"Beirut, Beyrouth, Lebanon",LE,http://english.sina.com/world/m/2021-11-08/detail-iktzscyy4408914.shtml
20211108,1013241493,20211108,SAUDI,SAU,LEBANON,LBN,163,금수·보이콧·제재 부과,16,4,-8.0,4,2,4,-4.29566357048698,Saudi Arabia,SA,http://english.sina.com/world/m/2021-11-08/detail-iktzscyy4408914.shtml
20211108,1013243131,20211108,ISRAEL,ISR,JORDAN,JOR,190,재래식 군사력 사용,19,4,-10.0,2,1,2,-4.69314079422383,Israel,IS,https://www.middleeasteye.net/opinion/jordan-syria-pragmatic-detente
20211108,1013243142,20211108,JORDAN,JOR,ISRAEL,ISR,190,재래식 군사력 사용,19,4,-10.0,2,1,2,-4.69314079422383,Israel,IS,https://www.middleeasteye.net/opinion/jordan-syria-pragmatic-detente
20211108,1013243298,20211108,HAMAS,PSE,ISRAEL,ISR,190,재래식 군사력 사용,19,4,-10.0,5,1,5,-5.08474576271187,"Jerusalem, Israel (general), Israel",IS,https://aclj.org:443/radical-left/in-just-10-months-president-biden-has-shredded-the-constitution-and-put-life-religious-liberty-and-national-security-in-jeopardy
20211108,1013243337,20211108,SYRIA,SYR,JORDAN,JOR,192,영토 점령,19,4,-9.5,1,1,1,-4.69314079422383,"Damascus, Dimashq, Syria",SY,https://www.middleeasteye.net/opinion/jordan-syria-pragmatic-detente
20211108,1013243338,20211108,SYRIA,SYR,JORDAN,JOR,192,영토 점령,19,4,-9.5,1,1,1,-4.69314079422383,"Amman, (JO11), Jordan",JO,https://www.middleeasteye.net/opinion/jordan-syria-pragmatic-detente
20211108,1013243339,20211108,SYRIA,SYR,JORDAN,JOR,192,영토 점령,19,4,-9.5,3,1,3,-4.69314079422383,"Arab League, Al Qahirah, Egypt",EG,https://www.middleeasteye.net/opinion/jordan-syria-pragmatic-detente
20211108,1013246778,20211108,IRANIAN,IRN,IRAQ,IRQ,190,재래식 군사력 사용,19,4,-10.0,1,1,1,-3.44370860927152,"Tehran, Tehran, Iran",IR,https://thehill.com/opinion/international/580503-irans-not-feeling-the-pressure-to-change
20211108,1013246787,20211108,IRAQI,IRQ,LEBANESE,LBN,190,재래식 군사력 사용,19,4,-10.0,4,1,4,-3.22580645161291,Lebanon,LE,https://www.plenglish.com/news/2021/11/08/lebanese-president-condemns-attack-in-iraq/
20211108,1013246799,20211108,IRAQ,IRQ,LEBANON,LBN,190,재래식 군사력 사용,19,4,-10.0,1,1,1,-3.22580645161291,"Baghdad, Baghdad, Iraq",IZ,https://www.plenglish.com/news/2021/11/08/lebanese-president-condemns-attack-in-iraq/
20211108,1013246800,20211108,IRAQI,IRQ,LEBANESE,LBN,190,재래식 군사력 사용,19,4,-10.0,2,1,2,-3.22580645161291,Lebanon,LE,https://www.plenglish.com/news/2021/11/08/lebanese-president-condemns-attack-in-iraq/
20211108,1013246817,20211108,ISRAELI,ISR,PALESTINIAN,PSE,193,소형무기·경무기를 이용한 전투,19,4,-10.0,1,1,1,-1.81818181818182,"Manchester, Manchester, United Kingdom",UK,https://honestreporting.com/impact-honestreportings-work-exposes-antisemites-prompts-apology-from-twitter-employee-garners-100-media-citations/
20211108,1013246818,20211108,ISRAELI,ISR,PALESTINIAN,PSE,193,소형무기·경무기를 이용한 전투,19,4,-10.0,1,1,1,-1.81818181818182,"Jerusalem, Israel (general), Israel",IS,https://honestreporting.com/impact-honestreportings-work-exposes-antisemites-prompts-apology-from-twitter-employee-garners-100-media-citations/
20211108,1013246820,20211108,ISRAELI,ISR,PALESTINIAN,PSE,193,소형무기·경무기를 이용한 전투,19,4,-10.0,1,1,1,-1.81818181818182,"Jerusalem, Israel (general), Israel",IS,https://honestreporting.com/impact-honestreportings-work-exposes-antisemites-prompts-apology-from-twitter-employee-garners-100-media-citations/
20211108,1013254041,20211108,IRANIAN,IRN,ISRAELI,ISR,190,재래식 군사력 사용,19,4,-10.0,5,1,5,-2.77777777777778,Senegal,SG,https://www.jns.org/report-mossad-thwarts-iranian-attacks-against-israelis-in-africa/
20211108,1013254077,20211108,ISRAELI,ISR,GAZA,PSE,194,포병·전차를 이용한 전투,19,4,-10.0,6,1,6,-3.55555555555555,"Ashdod, HaDarom, Israel",IS,https://www.jewishpress.com/news/breaking-news/breaking-iron-dome-downs-hamas-drone-coming-from-gaza-strip/2021/11/08/
20211108,1013254080,20211108,ISRAEL,ISR,HAMAS,PSE,194,포병·전차를 이용한 전투,19,4,-10.0,4,1,4,-3.55555555555555,"Ashdod, HaDarom, Israel",IS,https://www.jewishpress.com/news/breaking-news/breaking-iron-dome-downs-hamas-drone-coming-from-gaza-strip/2021/11/08/
20211108,1013254090,20211108,ISRAELI,ISR,GAZA,PSE,194,포병·전차를 이용한 전투,19,4,-10.0,2,1,2,-3.55555555555555,"Gaza, Israel (general), Israel",IS,https://www.jewishpress.com/news/breaking-news/breaking-iron-dome-downs-hamas-drone-coming-from-gaza-strip/2021/11/08/
20211108,1013254445,20211108,WEST BANK,PSE,ISRAEL,ISR,193,소형무기·경무기를 이용한 전투,19,4,-10.0,8,1,8,-10.958904109589,Israel,IS,https://www.democracynow.org/2021/11/8/headlines/israeli_forces_kill_palestinian_teenager_during_west_bank_protest
20211108,1013254446,20211108,GAZA,PSE,ISRAEL,ISR,194,포병·전차를 이용한 전투,19,4,-10.0,2,1,2,-3.55555555555555,"Gaza, Israel (general), Israel",IS,https://www.jewishpress.com/news/breaking-news/breaking-iron-dome-downs-hamas-drone-coming-from-gaza-strip/2021/11/08/
20211108,1013254448,20211108,WEST BANK,PSE,ISRAELI,ISR,193,소형무기·경무기를 이용한 전투,19,4,-10.0,2,1,2,-10.958904109589,Israel,IS,https://www.democracynow.org/2021/11/8/headlines/israeli_forces_kill_palestinian_teenager_during_west_bank_protest
20211108,1013254525,20211108,ANKARA,TUR,SYRIA,SYR,190,재래식 군사력 사용,19,4,-10.0,1,1,1,-8.60082304526748,"Ankara, Ankara, Turkey",TU,http://www.msn.com/en-nz/news/world/it-used-to-be-green-now-it-is-hell-how-oil-is-poisoning-northern-syria/ar-AAQslA5
20211108,1013254526,20211108,ANKARA,TUR,SYRIA,SYR,190,재래식 군사력 사용,19,4,-10.0,1,1,1,-8.60082304526748,Denmark,DA,http://www.msn.com/en-nz/news/world/it-used-to-be-green-now-it-is-hell-how-oil-is-poisoning-northern-syria/ar-AAQslA5
20211108,1013254527,20211108,ANKARA,TUR,SYRIA,SYR,192,영토 점령,19,4,-9.5,1,1,1,-8.60082304526748,"Ankara, Ankara, Turkey",TU,http://www.msn.com/en-nz/news/world/it-used-to-be-green-now-it-is-hell-how-oil-is-poisoning-northern-syria/ar-AAQslA5
20211108,1013254528,20211108,ANKARA,TUR,SYRIA,SYR,192,영토 점령,19,4,-9.5,1,1,1,-8.60082304526748,Denmark,DA,http://www.msn.com/en-nz/news/world/it-used-to-be-green-now-it-is-hell-how-oil-is-poisoning-northern-syria/ar-AAQslA5
20211108,1013257871,20211108,EGYPT,EGY,ISRAEL,ISR,190,재래식 군사력 사용,19,4,-10.0,2,2,2,-0.588739207847615,"Cairo, Al Qahirah, Egypt",EG,https://abcnews.go.com/International/wireStory/egypt-israel-agree-egypt-border-forces-sinai-81037629
20211108,1013257872,20211108,EGYPT,EGY,ISRAEL,ISR,190,재래식 군사력 사용,19,4,-10.0,10,2,10,-0.588739207847615,"Cairo, Al Qahirah, Egypt",EG,https://abcnews.go.com/International/wireStory/egypt-israel-agree-egypt-border-forces-sinai-81037629
20211108,1013258184,20211108,ISRAEL,ISR,EGYPT,EGY,190,재래식 군사력 사용,19,4,-10.0,2,2,2,-0.588739207847615,"Cairo, Al Qahirah, Egypt",EG,https://abcnews.go.com/International/wireStory/egypt-israel-agree-egypt-border-forces-sinai-81037629
20211108,1013258185,20211108,ISRAEL,ISR,EGYPT,EGY,190,재래식 군사력 사용,19,4,-10.0,10,2,10,-0.588739207847615,"Cairo, Al Qahirah, Egypt",EG,https://abcnews.go.com/International/wireStory/egypt-israel-agree-egypt-border-forces-sinai-81037629
20211108,1013258532,20211108,PALESTINIAN,PSE,ISRAEL,ISR,193,소형무기·경무기를 이용한 전투,19,4,-10.0,2,1,2,-4.65631929046564,"Nablus, West Bank (general), West Bank",WE,https://www.presstv.ir/Detail/2021/11/08/670192/Rashida-Tlaib-Israel-Palestinian-teenager
20211108,1013258533,20211108,PALESTINIAN,PSE,ISRAEL,ISR,193,소형무기·경무기를 이용한 전투,19,4,-10.0,2,1,2,-4.65631929046564,"Washington, District of Columbia, United States",US,https://www.presstv.ir/Detail/2021/11/08/670192/Rashida-Tlaib-Israel-Palestinian-teenager
20211108,1013260380,20211108,IRAN,IRN,ISRAEL,ISR,190,재래식 군사력 사용,19,4,-10.0,2,1,2,-6.91906005221932,"Gulf Of Oman, Iran (general), Iran",IR,https://thehill.com/opinion/international/580385-why-iran-cant-risk-war
20211108,1013260381,20211108,IRAN,IRN,ISRAEL,ISR,190,재래식 군사력 사용,19,4,-10.0,8,1,8,-6.91906005221932,"Eilat, HaDarom, Israel",IS,https://thehill.com/opinion/international/580385-why-iran-cant-risk-war
20211108,1013260389,20211108,ISRAEL,ISR,IRAN,IRN,190,재래식 군사력 사용,19,4,-10.0,2,1,2,-6.91906005221932,"Gulf Of Oman, Iran (general), Iran",IR,https://thehill.com/opinion/international/580385-why-iran-cant-risk-war
20211108,1013260390,20211108,ISRAEL,ISR,IRAN,IRN,190,재래식 군사력 사용,19,4,-10.0,8,1,8,-6.91906005221932,"Eilat, HaDarom, Israel",IS,https://thehill.com/opinion/international/580385-why-iran-cant-risk-war
20211108,1013265255,20211108,SAUDI ARABIA,SAU,YEMEN,YEM,190,재래식 군사력 사용,19,4,-10.0,8,2,8,-10.4477611940299,"Marib, Ma'rib, Yemen",YM,https://www.rfi.fr/en/middle-east/20211108-un-envoy-says-yemen-facing-uphill-battle-as-115-more-reported-dead
20211108,1013267909,20211108,IRAN,IRN,IRAQ,IRQ,190,재래식 군사력 사용,19,4,-10.0,4,2,4,-7.01051393279906,"Tehran, Tehran, Iran",IR,https://english.aawsat.com/home/article/3292711/head-iran%E2%80%99s-quds-force-visited-iraq-after-attack-pm
20211108,1013267939,20211108,ISRAEL,ISR,SYRIAN,SYR,190,재래식 군사력 사용,19,4,-10.0,5,1,5,-8.33333333333333,"Damascus, Dimashq, Syria",SY,https://www.haaretz.com/middle-east-news/syria/syria-says-it-intercepted-hostile-targets-over-homs-1.10365558
20211108,1013267940,20211108,ISRAEL,ISR,SYRIA,SYR,190,재래식 군사력 사용,19,4,-10.0,10,1,10,-3.97111913357401,"Damascus, Dimashq, Syria",SY,https://www.ynetnews.com/article/rjed7kvpk
20211108,1013267941,20211108,ISRAELI,ISR,SYRIAN,SYR,195,공중무기 사용,19,4,-10.0,1,1,1,-3.97111913357401,Iran,IR,https://www.ynetnews.com/article/rjed7kvpk
20211108,1013267942,20211108,ISRAELI,ISR,SYRIAN,SYR,195,공중무기 사용,19,4,-10.0,1,1,1,-3.97111913357401,Iran,IR,https://www.ynetnews.com/article/rjed7kvpk
20211108,1013267943,20211108,ISRAELI,ISR,SYRIAN,SYR,195,공중무기 사용,19,4,-10.0,3,1,3,-3.97111913357401,Iran,IR,https://www.ynetnews.com/article/rjed7kvpk
20211108,1013269491,20211108,ISRAEL,ISR,SYRIA,SYR,190,재래식 군사력 사용,19,4,-10.0,28,8,28,-3.60268765506925,Iran,IR,https://www.sfgate.com/news/article/Syria-says-Israeli-strikes-wound-2-soldiers-16602945.php
20211108,1013269492,20211108,ISRAEL,ISR,SYRIA,SYR,190,재래식 군사력 사용,19,4,-10.0,30,11,30,-3.59684671510111,Israel,IS,https://www.sfgate.com/news/article/Syria-says-Israeli-strikes-wound-2-soldiers-16602945.php
20211108,1013269493,20211108,ISRAEL,ISR,SYRIA,SYR,190,재래식 군사력 사용,19,4,-10.0,62,11,62,-3.59684671510111,Israel,IS,https://www.sfgate.com/news/article/Syria-says-Israeli-strikes-wound-2-soldiers-16602945.php
20211108,1013269494,20211108,ISRAELI,ISR,SYRIAN,SYR,190,재래식 군사력 사용,19,4,-10.0,80,9,80,-3.75677549868077,Syria,SY,https://www.sfgate.com/news/article/Syria-says-Israeli-strikes-wound-2-soldiers-16602945.php
20211108,1013269851,20211108,SYRIAN,SYR,ISRAELI,ISR,190,재래식 군사력 사용,19,4,-10.0,84,10,84,-3.73992577802148,Syria,SY,https://www.sfgate.com/news/article/Syria-says-Israeli-strikes-wound-2-soldiers-16602945.php
20211108,1013273278,20211108,HOMS,SYR,ISRAEL,ISR,190,재래식 군사력 사용,19,4,-10.0,1,1,1,-3.57142857142857,Syria,SY,https://www.israelnationalnews.com/News/Flash.aspx/557256
20211108,1013273603,20211108,SANA,YEM,SYRIAN,SYR,193,소형무기·경무기를 이용한 전투,19,4,-10.0,48,8,48,-6.29869141813755,"Tartus, Tartus, Syria",SY,https://www.rt.com/news/539714-syria-tartus-israeli-missile-strike/
20211108,1013275138,20211108,IRAN,IRN,ISRAELI,ISR,190,재래식 군사력 사용,19,4,-10.0,2,1,2,-6.0,Iran,IR,https://www.breitbart.com/middle-east/2021/11/08/report-israel-foils-iranian-plan-to-attack-jews-israelis-in-africa/
20211108,1013275167,20211108,ISRAEL,ISR,IRANIAN,IRN,190,재래식 군사력 사용,19,4,-10.0,5,1,5,-6.0,Iran,IR,https://www.breitbart.com/middle-east/2021/11/08/report-israel-foils-iranian-plan-to-attack-jews-israelis-in-africa/
20211108,1013275171,20211108,ISRAELI,ISR,SYRIA,SYR,190,재래식 군사력 사용,19,4,-10.0,8,1,8,-6.66666666666667,Israel,IS,https://www.israelnationalnews.com/News/News.aspx/316543
20211108,1013275174,20211108,ISRAELI,ISR,WEST BANK,PSE,1384,재래식 군사 공격 위협,13,3,-7.0,3,1,3,-3.81082000680503,Israel,IS,https://www.mei.edu/blog/monday-briefing-assassination-attempt-targeting-iraqi-pm-crosses-major-red-line
20211108,1013275427,20211108,PALESTINIAN,PSE,ISRAEL,ISR,190,재래식 군사력 사용,19,4,-10.0,4,1,4,-5.25502318392581,"Tel Aviv, Tel Aviv, Israel",IS,https://menafn.com/1103123164/Former-Israeli-envoys-term-regimes-occupation-of-West-Bank-as-apartheid
20211108,1013275428,20211108,HAMAS,PSE,ISRAEL,ISR,190,재래식 군사력 사용,19,4,-10.0,4,1,4,-5.25502318392581,"Tel Aviv, Tel Aviv, Israel",IS,https://menafn.com/1103123164/Former-Israeli-envoys-term-regimes-occupation-of-West-Bank-as-apartheid
20211108,1013275485,20211108,SYRIA,SYR,ISRAELI,ISR,195,공중무기 사용,19,4,-10.0,3,1,3,-6.66666666666667,Israel,IS,https://www.israelnationalnews.com/News/News.aspx/316543
20211108,1013275486,20211108,SYRIA,SYR,ISRAELI,ISR,195,공중무기 사용,19,4,-10.0,7,1,7,-6.66666666666667,Israel,IS,https://www.israelnationalnews.com/News/News.aspx/316543
20211108,1013277579,20211108,SYRIAN,SYR,ISRAELI,ISR,193,소형무기·경무기를 이용한 전투,19,4,-10.0,2,1,2,-6.57894736842105,"Damascus, Dimashq, Syria",SY,https://www.timesofisrael.com/syria-says-israel-struck-near-homs-tartus-in-3rd-alleged-attack-in-2-weeks/
20211108,1013277580,20211108,SYRIA,SYR,ISRAEL,ISR,193,소형무기·경무기를 이용한 전투,19,4,-10.0,1,1,1,-6.57894736842105,Israel,IS,https://www.timesofisrael.com/syria-says-israel-struck-near-homs-tartus-in-3rd-alleged-attack-in-2-weeks/
20211108,1013279606,20211108,ISRAELI,ISR,SYRIAN,SYR,195,공중무기 사용,19,4,-10.0,5,1,5,-5.08474576271187,"Damascus, Dimashq, Syria",SY,http://www.china.org.cn/world/Off_the_Wire/2021-11/09/content_77860042.htm
20211108,1013279607,20211108,ISRAEL,ISR,SYRIA,SYR,195,공중무기 사용,19,4,-10.0,2,1,2,-6.35294117647059,United States,US,https://sputniknews.com/20211108/syrian-media-says-army-intercepting-israeli-aerial-attack-as-explosions-heard-over-homs-tartous-1090572673.html
20211108,1013279608,20211108,ISRAEL,ISR,SYRIA,SYR,195,공중무기 사용,19,4,-10.0,2,1,2,-6.35294117647059,"Damascus, Dimashq, Syria",SY,https://sputniknews.com/20211108/syrian-media-says-army-intercepting-israeli-aerial-attack-as-explosions-heard-over-homs-tartous-1090572673.html
20211108,1013279609,20211108,ISRAELI,ISR,SYRIA,SYR,195,공중무기 사용,19,4,-10.0,4,1,4,-6.35294117647059,United States,US,https://sputniknews.com/20211108/syrian-media-says-army-intercepting-israeli-aerial-attack-as-explosions-heard-over-homs-tartous-1090572673.html
20211108,1013279610,20211108,ISRAELI,ISR,DAMASCUS,SYR,195,공중무기 사용,19,4,-10.0,43,6,30,-5.08088433113358,Israel,IS,http://www.china.org.cn/world/Off_the_Wire/2021-11/09/content_77860042.htm
20211108,1013279611,20211108,ISRAELI,ISR,SYRIA,SYR,195,공중무기 사용,19,4,-10.0,2,1,2,-6.35294117647059,United States,US,https://sputniknews.com/20211108/syrian-media-says-army-intercepting-israeli-aerial-attack-as-explosions-heard-over-homs-tartous-1090572673.html
20211108,1013279974,20211108,SYRIAN,SYR,ISRAELI,ISR,195,공중무기 사용,19,4,-10.0,5,1,5,-5.08474576271187,"Damascus, Dimashq, Syria",SY,http://www.china.org.cn/world/Off_the_Wire/2021-11/09/content_77860042.htm
20211108,1013279977,20211108,SYRIAN,SYR,LEBANESE,LBN,190,재래식 군사력 사용,19,4,-10.0,12,5,12,-3.32251082251082,Lebanon,LE,https://www.washingtonpost.com/world/syria-says-israeli-strikes-wound-2-soldiers-cause-damage/2021/11/08/35548ad6-40c3-11ec-9404-50a28a88b9cd_story.html
20211108,1013281544,20211108,SYRIAN,SYR,ISRAEL,ISR,195,공중무기 사용,19,4,-10.0,12,2,12,-4.64045319620385,"Jerusalem, Israel (general), Israel",IS,https://www.reuters.com/article/us-syria-security/syrian-air-defences-intercept-targets-over-homs-state-media-idUSKBN2HT2BD
20211108,1013284414,20211108,IRAQ,IRQ,IRANIAN,IRN,195,공중무기 사용,19,4,-10.0,1,1,1,-3.5740878629933,"Tehran, Tehran, Iran",IR,https://www.timesofisrael.com/rouhani-says-iran-delighted-terrorist-trump-is-leaving-office/
20211108,1013284415,20211108,IRAQ,IRQ,IRANIAN,IRN,195,공중무기 사용,19,4,-10.0,1,1,1,-3.5740878629933,Israel,IS,https://www.timesofisrael.com/rouhani-says-iran-delighted-terrorist-trump-is-leaving-office/
20211108,1013284926,20211108,HOMS,SYR,ISRAELI,ISR,194,포병·전차를 이용한 전투,19,4,-10.0,8,1,8,-6.54205607476635,Israel,IS,https://www.arabnews.com/node/1964076/middle-east
20211108,1013284927,20211108,HOMS,SYR,ISRAEL,ISR,194,포병·전차를 이용한 전투,19,4,-10.0,2,1,2,-6.54205607476635,Israel,IS,https://www.arabnews.com/node/1964076/middle-east
20211108,1013284928,20211108,SYRIAN,SYR,ISRAEL,ISR,195,공중무기 사용,19,4,-10.0,4,1,4,-6.54205607476635,Israel,IS,https://www.arabnews.com/node/1964076/middle-east
20211108,1013286098,20211108,IRAN,IRN,ISRAEL,ISR,192,영토 점령,19,4,-9.5,2,1,2,-1.86567164179104,Iran,IR,https://oc-media.org/did-iran-stop-an-azerbaijani-advance-in-the-second-nagorno-karabakh-war/
20211108,1013289213,20211108,ISRAEL,ISR,BEIRUT,LBN,190,재래식 군사력 사용,19,4,-10.0,8,2,8,-6.10932788639238,"Beirut, Beyrouth, Lebanon",LE,https://www.msn.com/en-us/news/world/israeli-air-raids-hit-syria-two-soldiers-wounded-state-media/ar-AAQsSVS
20211108,1013289214,20211108,ISRAELI,ISR,SYRIAN,SYR,190,재래식 군사력 사용,19,4,-10.0,16,2,16,-6.10932788639238,"Tartous, Tartus, Syria",SY,https://www.msn.com/en-us/news/world/israeli-air-raids-hit-syria-two-soldiers-wounded-state-media/ar-AAQsSVS
20211108,1013289554,20211108,SYRIAN,SYR,ISRAELI,ISR,190,재래식 군사력 사용,19,4,-10.0,16,2,16,-6.10932788639238,"Tartous, Tartus, Syria",SY,https://www.msn.com/en-us/news/world/israeli-air-raids-hit-syria-two-soldiers-wounded-state-media/ar-AAQsSVS
20211108,1013291538,20211108,TEHRAN,IRN,ISRAEL,ISR,1383,비정규 폭력 사용 위협,13,3,-7.0,10,1,10,-0.693240901213169,Israel,IS,https://www.nytimes.com/2016/09/27/world/middleeast/iran-ayatollah-ali-khamenei-mahmoud-ahmadinejad.html
20211108,1013296526,20211108,TURKEY,TUR,SAUDI ARABIA,SAU,190,재래식 군사력 사용,19,4,-10.0,1,1,1,-2.36071765816808,"Riyadh, Ar Riya?, Saudi Arabia",SA,https://jcpa.org/saudi-arabia-is-no-longer-a-kingdom-of-hate/
20211108,1013296527,20211108,TURKEY,TUR,SAUDI,SAU,190,재래식 군사력 사용,19,4,-10.0,7,1,7,-2.36071765816808,"Riyadh, Ar Riya?, Saudi Arabia",SA,https://jcpa.org/saudi-arabia-is-no-longer-a-kingdom-of-hate/
20211108,1013298139,20211108,IRAN,IRN,IRAQI,IRQ,190,재래식 군사력 사용,19,4,-10.0,10,1,10,-5.75635876840697,"Washington, District of Columbia, United States",US,https://tribune.com.pk/story/2328486/iran-backed-militia-staged-drone-attack-on-iraqi-pm
20211108,1013298152,20211108,IRANIAN,IRN,SYRIA,SYR,190,재래식 군사력 사용,19,4,-10.0,1,1,1,-7.536231884058,"Damascus, Dimashq, Syria",SY,https://www.middleeasteye.net/opinion/syria-assad-war-problem-how-solve
20211108,1013298153,20211108,IRANIAN,IRN,SYRIA,SYR,190,재래식 군사력 사용,19,4,-10.0,1,1,1,-7.536231884058,"Damascus, Dimashq, Syria",SY,https://www.middleeasteye.net/opinion/syria-assad-war-problem-how-solve
20211108,1013298154,20211108,IRANIAN,IRN,SYRIA,SYR,192,영토 점령,19,4,-9.5,1,1,1,-7.536231884058,Iran,IR,https://www.middleeasteye.net/opinion/syria-assad-war-problem-how-solve
20211108,1013298155,20211108,IRANIAN,IRN,SYRIA,SYR,192,영토 점령,19,4,-9.5,1,1,1,-7.536231884058,"Damascus, Dimashq, Syria",SY,https://www.middleeasteye.net/opinion/syria-assad-war-problem-how-solve
20211108,1013298181,20211108,ISRAELI,ISR,GAZA,PSE,190,재래식 군사력 사용,19,4,-10.0,8,1,8,-0.33472803347281,"Damascus, Dimashq, Syria",SY,https://www.al-monitor.com/originals/2021/05/syrias-assad-hamas-weigh-rapprochement
20211108,1013298553,20211108,ANKARA,TUR,SYRIA,SYR,192,영토 점령,19,4,-9.5,10,1,10,-5.46378653113088,"Idlib, Idlib, Syria",SY,https://www.atlanticcouncil.org/blogs/menasource/the-us-sanctions-regimen-against-the-assad-regime-is-working-heres-how/
20211108,1013300272,20211108,ISRAEL,ISR,DAMASCUS,SYR,190,재래식 군사력 사용,19,4,-10.0,8,1,8,-6.45161290322581,"Damascus, Dimashq, Syria",SY,https://www.presstv.ir/Detail/2021/11/08/670210/Syrian-state-Israeli-missiles-Homs
20211108,1013300273,20211108,ISRAEL,ISR,DAMASCUS,SYR,190,재래식 군사력 사용,19,4,-10.0,2,1,2,-6.45161290322581,"Tel Aviv, Tel Aviv, Israel",IS,https://www.presstv.ir/Detail/2021/11/08/670210/Syrian-state-Israeli-missiles-Homs
20211108,1013300274,20211108,ISRAEL,ISR,DAMASCUS,SYR,195,공중무기 사용,19,4,-10.0,10,1,10,-6.45161290322581,"Tel Aviv, Tel Aviv, Israel",IS,https://www.presstv.ir/Detail/2021/11/08/670210/Syrian-state-Israeli-missiles-Homs
20211108,1013300589,20211108,SAUDI,SAU,LEBANESE,LBN,139,최후통첩,13,3,-7.0,1,1,1,-4.85436893203884,"Riyadh, Ar Riya?, Saudi Arabia",SA,https://www.presstv.ir/Detail/2021/11/08/670213/Lebanon-Arab-League-Saudi-Arabia-Persian-Gulf-states-tensions-deescalate-George-Kordahi-Yemen-war
20211108,1013300590,20211108,SAUDI,SAU,LEBANESE,LBN,139,최후통첩,13,3,-7.0,1,1,1,-4.85436893203884,"Beirut, Beyrouth, Lebanon",LE,https://www.presstv.ir/Detail/2021/11/08/670213/Lebanon-Arab-League-Saudi-Arabia-Persian-Gulf-states-tensions-deescalate-George-Kordahi-Yemen-war
20211108,1013300591,20211108,SAUDI,SAU,LEBANON,LBN,139,최후통첩,13,3,-7.0,1,1,1,-4.85436893203884,"Riyadh, Ar Riya?, Saudi Arabia",SA,https://www.presstv.ir/Detail/2021/11/08/670213/Lebanon-Arab-League-Saudi-Arabia-Persian-Gulf-states-tensions-deescalate-George-Kordahi-Yemen-war
20211108,1013300592,20211108,SAUDI ARABIA,SAU,LEBANESE,LBN,139,최후통첩,13,3,-7.0,3,1,3,-4.85436893203884,"Riyadh, Ar Riya?, Saudi Arabia",SA,https://www.presstv.ir/Detail/2021/11/08/670213/Lebanon-Arab-League-Saudi-Arabia-Persian-Gulf-states-tensions-deescalate-George-Kordahi-Yemen-war
20211108,1013300593,20211108,SAUDI,SAU,LEBANON,LBN,139,최후통첩,13,3,-7.0,1,1,1,-4.85436893203884,"Beirut, Beyrouth, Lebanon",LE,https://www.presstv.ir/Detail/2021/11/08/670213/Lebanon-Arab-League-Saudi-Arabia-Persian-Gulf-states-tensions-deescalate-George-Kordahi-Yemen-war
20211108,1013300624,20211108,SYRIA,SYR,ISRAEL,ISR,194,포병·전차를 이용한 전투,19,4,-10.0,2,1,2,-6.45161290322581,"Damascus, Dimashq, Syria",SY,https://www.presstv.ir/Detail/2021/11/08/670210/Syrian-state-Israeli-missiles-Homs
20211108,1013300625,20211108,SYRIAN,SYR,ISRAELI,ISR,195,공중무기 사용,19,4,-10.0,40,4,40,-4.76190476190476,"Beirut, Beyrouth, Lebanon",LE,https://www.arabherald.com/news/271684295/syrian-air-defenses-respond-to-israeli-attack-in-several-areas
20211108,1013307844,20211108,ISRAELI,ISR,SYRIAN,SYR,195,공중무기 사용,19,4,-10.0,8,2,8,-0.80321285140562,"Vienna, Wien, Austria",AU,https://www.middleeaststar.com/news/271684784/xinhua-middle-east--summary-at-2200-gmt-nov-8
20211108,1013307845,20211108,ISRAELI,ISR,SYRIAN,SYR,195,공중무기 사용,19,4,-10.0,2,2,2,-0.80321285140562,"Tehran, Tehran, Iran",IR,https://www.middleeaststar.com/news/271684784/xinhua-middle-east--summary-at-2200-gmt-nov-8
20211108,1013307846,20211108,ISRAELI,ISR,SYRIAN,SYR,195,공중무기 사용,19,4,-10.0,2,2,2,-0.80321285140562,United Kingdom,UK,https://www.middleeaststar.com/news/271684784/xinhua-middle-east--summary-at-2200-gmt-nov-8
20211108,1013307847,20211108,ISRAEL,ISR,SYRIA,SYR,195,공중무기 사용,19,4,-10.0,4,2,4,-0.80321285140562,"Vienna, Wien, Austria",AU,https://www.middleeaststar.com/news/271684784/xinhua-middle-east--summary-at-2200-gmt-nov-8
20211108,1013311448,20211108,ISRAEL,ISR,IRANIAN,IRN,190,재래식 군사력 사용,19,4,-10.0,7,1,7,-4.88505747126437,Israel,IS,https://www.aljazeera.com/news/2021/3/1/syria-says-israel-attacks-areas-around-southern-damascus
20211108,1013311449,20211108,ISRAEL,ISR,IRAQI,IRQ,190,재래식 군사력 사용,19,4,-10.0,3,1,3,-4.88505747126437,Israel,IS,https://www.aljazeera.com/news/2021/3/1/syria-says-israel-attacks-areas-around-southern-damascus
20211108,1013311455,20211108,ISRAELI,ISR,SYRIAN,SYR,190,재래식 군사력 사용,19,4,-10.0,2,1,2,-4.26356589147287,"Tehran, Tehran, Iran",IR,https://www.voanews.com/a/middle-east_syrian-army-says-air-defenses-intercepted-israeli-aggression-over-damascus/6202044.html
20211108,1013311456,20211108,ISRAELI,ISR,SYRIAN,SYR,190,재래식 군사력 사용,19,4,-10.0,2,1,2,-4.26356589147287,Israel,IS,https://www.voanews.com/a/middle-east_syrian-army-says-air-defenses-intercepted-israeli-aggression-over-damascus/6202044.html
20211108,1013311457,20211108,ISRAELI,ISR,SYRIAN,SYR,194,포병·전차를 이용한 전투,19,4,-10.0,2,1,2,-4.26356589147287,Israel,IS,https://www.voanews.com/a/middle-east_syrian-army-says-air-defenses-intercepted-israeli-aggression-over-damascus/6202044.html
20211108,1013311458,20211108,ISRAELI,ISR,SYRIAN,SYR,190,재래식 군사력 사용,19,4,-10.0,2,1,2,-4.26356589147287,"Tehran, Tehran, Iran",IR,https://www.voanews.com/a/middle-east_syrian-army-says-air-defenses-intercepted-israeli-aggression-over-damascus/6202044.html
20211108,1013311459,20211108,ISRAEL,ISR,SYRIA,SYR,190,재래식 군사력 사용,19,4,-10.0,1,1,1,-4.26356589147287,"Tehran, Tehran, Iran",IR,https://www.voanews.com/a/middle-east_syrian-army-says-air-defenses-intercepted-israeli-aggression-over-damascus/6202044.html
20211108,1013311460,20211108,ISRAELI,ISR,SYRIAN,SYR,194,포병·전차를 이용한 전투,19,4,-10.0,3,1,3,-4.26356589147287,Israel,IS,https://www.voanews.com/a/middle-east_syrian-army-says-air-defenses-intercepted-israeli-aggression-over-damascus/6202044.html
20211108,1013311756,20211108,SYRIA,SYR,IRANIAN,IRN,190,재래식 군사력 사용,19,4,-10.0,2,1,2,-4.26356589147287,Israel,IS,https://www.voanews.com/a/middle-east_syrian-army-says-air-defenses-intercepted-israeli-aggression-over-damascus/6202044.html
20211109,1013313881,20211109,ISRAEL,ISR,GAZA,PSE,190,재래식 군사력 사용,19,4,-10.0,3,1,3,-5.95744680851064,"Tel Aviv, Tel Aviv, Israel",IS,https://www.huewire.com/re-israel-deploys-sweeping-facial-recognition-tech-in-west-bank-2/
20211109,1013313882,20211109,TEL AVIV,ISR,GAZA,PSE,190,재래식 군사력 사용,19,4,-10.0,2,1,2,-5.95744680851064,"Gaza, Israel (general), Israel",IS,https://www.huewire.com/re-israel-deploys-sweeping-facial-recognition-tech-in-west-bank-2/
20211109,1013313883,20211109,ISRAEL,ISR,HAMAS,PSE,194,포병·전차를 이용한 전투,19,4,-10.0,8,1,8,-2.31966053748232,"Gaza, Israel (general), Israel",IS,https://www.politico.com/newsletters/national-security-daily/2021/11/08/suspected-new-chinese-missile-garrison-found-by-commercial-satellite-495021
20211109,1013313886,20211109,ISRAEL,ISR,SYRIA,SYR,190,재래식 군사력 사용,19,4,-10.0,72,16,72,-3.54452363545645,Israel,IS,https://www.taiwannews.com.tw/en/news/4339103
20211109,1013313887,20211109,ISRAEL,ISR,SYRIA,SYR,190,재래식 군사력 사용,19,4,-10.0,86,14,86,-3.88323792349294,Israel,IS,https://www.taiwannews.com.tw/en/news/4339103
20211109,1013313888,20211109,ISRAELI,ISR,SYRIAN,SYR,190,재래식 군사력 사용,19,4,-10.0,91,12,91,-3.73068564027215,Syria,SY,https://www.taiwannews.com.tw/en/news/4339103
20211109,1013314371,20211109,SYRIAN,SYR,ISRAELI,ISR,190,재래식 군사력 사용,19,4,-10.0,88,11,88,-3.49891222241371,Syria,SY,https://www.taiwannews.com.tw/en/news/4339103
20211109,1013314374,20211109,SYRIAN,SYR,LEBANESE,LBN,190,재래식 군사력 사용,19,4,-10.0,22,11,22,-3.49891222241371,Lebanon,LE,https://www.taiwannews.com.tw/en/news/4339103
20211109,1013317418,20211109,ISRAELI,ISR,SYRIAN,SYR,195,공중무기 사용,19,4,-10.0,43,5,43,-6.28191867129921,Israel,IS,https://www.israelherald.com/news/271684295/syrian-air-defenses-respond-to-israeli-attack-in-several-areas
20211109,1013317779,20211109,SYRIAN,SYR,ISRAELI,ISR,195,공중무기 사용,19,4,-10.0,10,1,10,-4.76190476190476,"Beirut, Beyrouth, Lebanon",LE,https://www.israelherald.com/news/271684295/syrian-air-defenses-respond-to-israeli-attack-in-several-areas
20211109,1013318287,20211109,SANA,YEM,SYRIAN,SYR,193,소형무기·경무기를 이용한 전투,19,4,-10.0,6,1,6,-6.41509433962264,"Tartus, Tartus, Syria",SY,https://www.israelherald.com/news/271683077/syria-accuses-israel-of-missile-strikes-near-russian-base
20211109,1013319916,20211109,KURDISTAN,IRN,TURKISH,TUR,190,재래식 군사력 사용,19,4,-10.0,2,1,2,-4.13223140495867,"Bashiqa, NinawáZ, Iraq",IZ,https://www.kurdistan24.net/en/story/26170-Two-rockets-target-Turkish-military-base-in-Iraq%E2%80%99s-Nineveh-province
20211109,1013319936,20211109,IRAQ,IRQ,TURKISH,TUR,190,재래식 군사력 사용,19,4,-10.0,4,1,4,-4.13223140495867,"Bashiqa, NinawáZ, Iraq",IZ,https://www.kurdistan24.net/en/story/26170-Two-rockets-target-Turkish-military-base-in-Iraq%E2%80%99s-Nineveh-province
20211109,1013319937,20211109,IRAQ,IRQ,TURKEY,TUR,190,재래식 군사력 사용,19,4,-10.0,2,1,2,-4.13223140495867,Turkey,TU,https://www.kurdistan24.net/en/story/26170-Two-rockets-target-Turkish-military-base-in-Iraq%E2%80%99s-Nineveh-province
20211109,1013320338,20211109,TURKISH,TUR,KURDISTAN,IRN,190,재래식 군사력 사용,19,4,-10.0,2,1,2,-4.13223140495867,"Bashiqa, NinawáZ, Iraq",IZ,https://www.kurdistan24.net/en/story/26170-Two-rockets-target-Turkish-military-base-in-Iraq%E2%80%99s-Nineveh-province
20211109,1013320339,20211109,TURKEY,TUR,KURDISTAN,IRN,190,재래식 군사력 사용,19,4,-10.0,10,1,10,-4.13223140495867,"Bashiqa, NinawáZ, Iraq",IZ,https://www.kurdistan24.net/en/story/26170-Two-rockets-target-Turkish-military-base-in-Iraq%E2%80%99s-Nineveh-province
20211109,1013322518,20211109,IRAN,IRN,IRAQI,IRQ,190,재래식 군사력 사용,19,4,-10.0,21,6,21,-6.82807083512266,"Baghdad, Baghdad, Iraq",IZ,https://www.israelnationalnews.com/News/Flash.aspx/557274
20211109,1013322533,20211109,ISRAELI,ISR,SYRIAN,SYR,195,공중무기 사용,19,4,-10.0,16,4,16,-0.80321285140562,"Vienna, Wien, Austria",AU,https://www.theuknews.com/news/271684784/xinhua-middle-east--summary-at-2200-gmt-nov-8
20211109,1013322534,20211109,ISRAELI,ISR,SYRIAN,SYR,195,공중무기 사용,19,4,-10.0,4,4,4,-0.80321285140562,"Tehran, Tehran, Iran",IR,https://www.theuknews.com/news/271684784/xinhua-middle-east--summary-at-2200-gmt-nov-8
20211109,1013322535,20211109,ISRAELI,ISR,SYRIAN,SYR,195,공중무기 사용,19,4,-10.0,4,4,4,-0.80321285140562,United Kingdom,UK,https://www.theuknews.com/news/271684784/xinhua-middle-east--summary-at-2200-gmt-nov-8
20211109,1013322536,20211109,ISRAEL,ISR,SYRIA,SYR,195,공중무기 사용,19,4,-10.0,8,4,8,-0.80321285140562,"Vienna, Wien, Austria",AU,https://www.theuknews.com/news/271684784/xinhua-middle-east--summary-at-2200-gmt-nov-8
20211109,1013322801,20211109,GAZA,PSE,ISRAEL,ISR,194,포병·전차를 이용한 전투,19,4,-10.0,2,1,2,-4.83271375464684,"Gaza City, Israel (general), Israel",IS,https://www.haaretz.com/opinion/editorial/the-strike-on-gaza-s-media-tower-was-a-mark-of-defeat-for-israel-1.10366383
20211109,1013331127,20211109,SYRIA,SYR,ISRAELI,ISR,194,포병·전차를 이용한 전투,19,4,-10.0,10,1,10,-4.84848484848485,"Damascus, Dimashq, Syria",SY,https://www.algemeiner.com/2021/11/08/air-defenses-intercept-israeli-strike-over-homs-syrian-state-media/
20211109,1013332324,20211109,SYRIAN,SYR,ISRAEL,ISR,195,공중무기 사용,19,4,-10.0,4,1,4,-5.38461538461539,"Jerusalem, Israel (general), Israel",IS,https://www.naija247news.com/2021/11/08/syrian-state-media-say-air-defences-intercept-israeli-attack-over-homs/
20211109,1013333998,20211109,WEST BANK,PSE,ISRAELI,ISR,193,소형무기·경무기를 이용한 전투,19,4,-10.0,9,1,9,-3.32541567695962,"Jerusalem, Israel (general), Israel",IS,https://www.reuters.com/lifestyle/rare-golan-heights-movie-is-highlight-palestinian-film-festival-2021-11-08/
20211109,1013335480,20211109,IRAN,IRN,IRAQ,IRQ,190,재래식 군사력 사용,19,4,-10.0,27,4,27,-5.96276275341988,"Tehran, Tehran, Iran",IR,https://www.newspressnow.com/powerful-iranian-general-visited-iraq-after-attack-on-pm/article_5a49d4ba-40fd-11ec-a9c8-534bd281c942.html
20211109,1013335481,20211109,IRAN,IRN,IRAQ,IRQ,190,재래식 군사력 사용,19,4,-10.0,6,2,6,-6.30170646114257,"Tehran, Tehran, Iran",IR,https://www.newspressnow.com/powerful-iranian-general-visited-iraq-after-attack-on-pm/article_5a49d4ba-40fd-11ec-a9c8-534bd281c942.html
20211109,1013337694,20211109,ISRAELI,ISR,SYRIAN,SYR,190,재래식 군사력 사용,19,4,-10.0,15,2,15,-3.04033251231527,"Damascus, Dimashq, Syria",SY,https://www.stripes.com/theaters/middle_east/2021-11-08/syria-israel-strike-soldiers-damage-3546676.html
20211109,1013338085,20211109,SYRIAN,SYR,ISRAELI,ISR,190,재래식 군사력 사용,19,4,-10.0,15,2,15,-3.04033251231527,"Damascus, Dimashq, Syria",SY,https://www.stripes.com/theaters/middle_east/2021-11-08/syria-israel-strike-soldiers-damage-3546676.html
20211109,1013338086,20211109,SYRIAN,SYR,LEBANESE,LBN,190,재래식 군사력 사용,19,4,-10.0,3,2,3,-3.04033251231527,Lebanon,LE,https://www.stripes.com/theaters/middle_east/2021-11-08/syria-israel-strike-soldiers-damage-3546676.html
20211109,1013341486,20211109,EGYPT,EGY,ISRAEL,ISR,190,재래식 군사력 사용,19,4,-10.0,5,3,5,-0.682630801964227,"Cairo, Al Qahirah, Egypt",EG,https://www.wral.com/egypt-israel-agree-on-more-egypt-border-forces-in-sinai/19969296/
20211109,1013341487,20211109,EGYPT,EGY,ISRAEL,ISR,190,재래식 군사력 사용,19,4,-10.0,20,3,20,-0.682630801964227,"Cairo, Al Qahirah, Egypt",EG,https://www.wral.com/egypt-israel-agree-on-more-egypt-border-forces-in-sinai/19969296/
20211109,1013341724,20211109,ISRAEL,ISR,EGYPT,EGY,190,재래식 군사력 사용,19,4,-10.0,5,3,5,-0.682630801964227,"Cairo, Al Qahirah, Egypt",EG,https://www.wral.com/egypt-israel-agree-on-more-egypt-border-forces-in-sinai/19969296/
20211109,1013341725,20211109,ISRAEL,ISR,EGYPT,EGY,190,재래식 군사력 사용,19,4,-10.0,20,3,20,-0.682630801964227,"Cairo, Al Qahirah, Egypt",EG,https://www.wral.com/egypt-israel-agree-on-more-egypt-border-forces-in-sinai/19969296/
20211109,1013345612,20211109,IRAQ,IRQ,IRANIAN,IRN,195,공중무기 사용,19,4,-10.0,1,1,1,-2.74509803921569,"Chicago, Illinois, United States",US,https://abcnews.go.com/International/wireStory/iraq-requests-round-talks-us-troop-presence-76632601
20211109,1013345633,20211109,IRAQ,IRQ,KURDISTAN,IRN,190,재래식 군사력 사용,19,4,-10.0,4,1,4,-1.54867256637168,"Baghdad, Baghdad, Iraq",IZ,https://www.voanews.com/a/usa_biden-announces-end-us-combat-mission-iraq/6208745.html
20211109,1013348549,20211109,PALESTINIAN,PSE,ISRAEL,ISR,190,재래식 군사력 사용,19,4,-10.0,4,1,4,-5.25502318392581,"Tel Aviv, Tel Aviv, Israel",IS,https://menafn.com/1103123164/Former-Israeli-envoys-term-regimes-occupation-of-West-Bank-as-apartheid&source=138
20211109,1013348550,20211109,HAMAS,PSE,ISRAEL,ISR,190,재래식 군사력 사용,19,4,-10.0,4,1,4,-5.25502318392581,"Tel Aviv, Tel Aviv, Israel",IS,https://menafn.com/1103123164/Former-Israeli-envoys-term-regimes-occupation-of-West-Bank-as-apartheid&source=138
20211109,1013351198,20211109,PALESTINIAN,PSE,ISRAEL,ISR,192,영토 점령,19,4,-9.5,8,1,8,2.76497695852535,"Sheikh Jarrah, Yerushalayim, Israel",IS,https://menafn.com/1103125599/FM-warns-against-continued-absence-of-effective-negotiations-to-reach-Mideast-peace
20211109,1013356987,20211109,ISRAELI,ISR,SYRIAN,SYR,195,공중무기 사용,19,4,-10.0,8,1,8,-6.29370629370629,Israel,IS,http://famagusta-gazette.com/2021/11/09/syrian-air-defenses-respond-to-israeli-attack-in-several-areas/
20211109,1013357338,20211109,SYRIAN,SYR,ISRAELI,ISR,195,공중무기 사용,19,4,-10.0,10,1,10,-6.29370629370629,Israel,IS,http://famagusta-gazette.com/2021/11/09/syrian-air-defenses-respond-to-israeli-attack-in-several-areas/
20211109,1013358575,20211109,IRANIAN,IRN,ISRAELI,ISR,190,재래식 군사력 사용,19,4,-10.0,10,1,10,-6.28019323671497,Israel,IS,https://www.al-monitor.com/originals/2021/11/two-soldiers-syria-injured-suspected-israeli-airstrikes
20211109,1013358588,20211109,ISRAEL,ISR,SYRIA,SYR,190,재래식 군사력 사용,19,4,-10.0,1,1,1,-6.28019323671497,Syria,SY,https://www.al-monitor.com/originals/2021/11/two-soldiers-syria-injured-suspected-israeli-airstrikes
20211109,1013358589,20211109,ISRAELI,ISR,SYRIAN,SYR,190,재래식 군사력 사용,19,4,-10.0,4,1,4,-6.28019323671497,Syria,SY,https://www.al-monitor.com/originals/2021/11/two-soldiers-syria-injured-suspected-israeli-airstrikes
20211109,1013368097,20211109,IRAN,IRN,IRAQ,IRQ,190,재래식 군사력 사용,19,4,-10.0,3,3,3,-7.81893004115226,"Baghdad, Baghdad, Iraq",IZ,https://www.wrjo.com/2021/11/08/iraqi-prime-minister-survives-assassination-attempt-with-armed-drones/
20211109,1013373425,20211109,ISRAEL,ISR,IRANIAN,IRN,190,재래식 군사력 사용,19,4,-10.0,10,1,10,-5.0709939148073,Iran,IR,https://www.jewishpress.com/news/middle-east/syria/iaf-bombs-iranian-targets-in-syria-for-3rd-time-in-10-days/2021/11/09/
20211109,1013373429,20211109,ISRAELI,ISR,IRANIAN,IRN,190,재래식 군사력 사용,19,4,-10.0,5,1,5,-5.0709939148073,Iran,IR,https://www.jewishpress.com/news/middle-east/syria/iaf-bombs-iranian-targets-in-syria-for-3rd-time-in-10-days/2021/11/09/
20211109,1013374995,20211109,IRAN,IRN,IRAQI,IRQ,190,재래식 군사력 사용,19,4,-10.0,1,1,1,-6.03107716618383,"Baghdad, Baghdad, Iraq",IZ,https://www.understandingwar.org/backgrounder/irans-axis-resistance-review-october-21-november-7-2021
20211109,1013374996,20211109,IRANIAN,IRN,IRAQI,IRQ,193,소형무기·경무기를 이용한 전투,19,4,-10.0,1,1,1,-6.03107716618383,"Erbil, Liwa' Irbil, Iraq",IZ,https://www.understandingwar.org/backgrounder/irans-axis-resistance-review-october-21-november-7-2021
20211109,1013374997,20211109,IRANIAN,IRN,IRAQI,IRQ,193,소형무기·경무기를 이용한 전투,19,4,-10.0,6,1,6,-6.03107716618383,"Najaf, Az¯arbayjan-e Sharqi, Iran",IR,https://www.understandingwar.org/backgrounder/irans-axis-resistance-review-october-21-november-7-2021
20211109,1013374998,20211109,IRANIAN,IRN,IRAQI,IRQ,193,소형무기·경무기를 이용한 전투,19,4,-10.0,1,1,1,-6.03107716618383,"Najaf, Az¯arbayjan-e Sharqi, Iran",IR,https://www.understandingwar.org/backgrounder/irans-axis-resistance-review-october-21-november-7-2021
20211109,1013375014,20211109,IRAQI,IRQ,IRAN,IRN,190,재래식 군사력 사용,19,4,-10.0,1,1,1,-6.03107716618383,"Najaf, Az¯arbayjan-e Sharqi, Iran",IR,https://www.understandingwar.org/backgrounder/irans-axis-resistance-review-october-21-november-7-2021
20211109,1013375015,20211109,IRAQI,IRQ,IRAN,IRN,190,재래식 군사력 사용,19,4,-10.0,1,1,1,-6.03107716618383,"Najaf, Az¯arbayjan-e Sharqi, Iran",IR,https://www.understandingwar.org/backgrounder/irans-axis-resistance-review-october-21-november-7-2021
20211109,1013378679,20211109,IRAN,IRN,IRAQ,IRQ,190,재래식 군사력 사용,19,4,-10.0,4,1,4,2.55941499085923,"Kurdistan, Khuzestan, Iran",IR,"https://www.kurdistan24.net/en/story/26186-Zakho,-a-Kurdish-city-with-invisible-wonders"
20211109,1013378689,20211109,IRAQ,IRQ,IRAN,IRN,190,재래식 군사력 사용,19,4,-10.0,4,1,4,2.55941499085923,"Kurdistan, Khuzestan, Iran",IR,"https://www.kurdistan24.net/en/story/26186-Zakho,-a-Kurdish-city-with-invisible-wonders"
20211109,1013379101,20211109,SYRIA,SYR,ISRAELI,ISR,194,포병·전차를 이용한 전투,19,4,-10.0,10,1,10,-6.60377358490566,Israel,IS,https://english.aawsat.com/home/article/3293446/syrian-state-media-say-air-defenses-intercept-israeli-attack-over-homs
20211109,1013388639,20211109,ISRAEL,ISR,IRAN,IRN,190,재래식 군사력 사용,19,4,-10.0,4,2,4,-6.35440275329471,Israel,IS,https://www.aljazeera.com/opinions/2021/11/9/israeli-hyperbole-the-art-of-deception
20211109,1013388648,20211109,ISRAEL,ISR,PALESTINE,PSE,190,재래식 군사력 사용,19,4,-10.0,2,2,2,-6.35440275329471,Israel,IS,https://www.aljazeera.com/opinions/2021/11/9/israeli-hyperbole-the-art-of-deception
20211109,1013392964,20211109,ISRAEL,ISR,HAMAS,PSE,138,군사력 사용 위협,13,3,-7.0,4,1,4,-3.17986088108645,Egypt,EG,https://www.strategypage.com/qnd/israel/articles/20211109.aspx
20211109,1013392965,20211109,ISRAEL,ISR,HAMAS,PSE,138,군사력 사용 위협,13,3,-7.0,8,1,8,-3.17986088108645,Iran,IR,https://www.strategypage.com/qnd/israel/articles/20211109.aspx
20211109,1013392981,20211109,ISRAELI,ISR,SYRIA,SYR,190,재래식 군사력 사용,19,4,-10.0,2,1,2,-3.17986088108645,Iran,IR,https://www.strategypage.com/qnd/israel/articles/20211109.aspx
20211109,1013392982,20211109,ISRAEL,ISR,SYRIAN,SYR,190,재래식 군사력 사용,19,4,-10.0,2,1,2,-3.17986088108645,Iran,IR,https://www.strategypage.com/qnd/israel/articles/20211109.aspx
20211109,1013392983,20211109,ISRAELI,ISR,SYRIAN,SYR,190,재래식 군사력 사용,19,4,-10.0,8,1,8,-3.17986088108645,"Gaza, Israel (general), Israel",IS,https://www.strategypage.com/qnd/israel/articles/20211109.aspx
20211109,1013392984,20211109,ISRAELI,ISR,SYRIA,SYR,190,재래식 군사력 사용,19,4,-10.0,2,1,2,-3.17986088108645,"Gaza, Israel (general), Israel",IS,https://www.strategypage.com/qnd/israel/articles/20211109.aspx
20211109,1013393006,20211109,JORDANIAN,JOR,ISRAEL,ISR,190,재래식 군사력 사용,19,4,-10.0,4,1,4,-3.17986088108645,Iran,IR,https://www.strategypage.com/qnd/israel/articles/20211109.aspx
20211109,1013393007,20211109,JORDANIAN,JOR,ISRAEL,ISR,190,재래식 군사력 사용,19,4,-10.0,16,1,16,-3.17986088108645,"Gaza, Israel (general), Israel",IS,https://www.strategypage.com/qnd/israel/articles/20211109.aspx
20211109,1013393285,20211109,HAMAS,PSE,ISRAELI,ISR,190,재래식 군사력 사용,19,4,-10.0,10,2,10,-1.65086410208765,"Gaza, Israel (general), Israel",IS,https://www.strategypage.com/qnd/israel/articles/20211109.aspx
20211109,1013393286,20211109,HAMAS,PSE,ISRAELI,ISR,190,재래식 군사력 사용,19,4,-10.0,2,1,2,-3.17986088108645,Egypt,EG,https://www.strategypage.com/qnd/israel/articles/20211109.aspx
20211109,1013402202,20211109,IRAN,IRN,IRAQ,IRQ,190,재래식 군사력 사용,19,4,-10.0,10,1,10,-6.22568093385214,"Baghdad, Baghdad, Iraq",IZ,https://www.middleeastmonitor.com/20211109-iran-backed-group-carried-out-drone-attack-on-iraq-pm-officials-say/
20211109,1013405419,20211109,ISRAELI,ISR,PALESTINIAN,PSE,190,재래식 군사력 사용,19,4,-10.0,1,1,1,-6.16438356164384,"Hebron, Israel (general), Israel",IS,http://english.wafa.ps/Pages/Details/126747
20211109,1013405420,20211109,ISRAEL,ISR,SYRIA,SYR,190,재래식 군사력 사용,19,4,-10.0,3,1,3,-4.23728813559323,Iran,IR,https://www.clevelandjewishnews.com/jns/report-two-syrian-soldiers-wounded-in-israeli-strikes-near-homs-tartus/article_ca12239f-9f4b-5597-a73a-cc1188767d33.html
20211109,1013410094,20211109,SYRIAN,SYR,LEBANESE,LBN,190,재래식 군사력 사용,19,4,-10.0,4,1,4,-4.34782608695653,Iran,IR,https://www.naharnet.com:443/stories/en/285546-syria-shrapnel-hurts-lebanese-woman-damages-homes-during-israeli-raid
20211109,1013410095,20211109,SYRIAN,SYR,LEBANESE,LBN,190,재래식 군사력 사용,19,4,-10.0,4,1,4,-4.34782608695653,Iran,IR,https://www.naharnet.com:443/stories/en/285546-syria-shrapnel-hurts-lebanese-woman-damages-homes-during-israeli-raid
20211109,1013410096,20211109,SYRIAN,SYR,LEBANESE,LBN,190,재래식 군사력 사용,19,4,-10.0,8,1,8,-4.34782608695653,Iran,IR,https://www.naharnet.com:443/stories/en/285546-syria-shrapnel-hurts-lebanese-woman-damages-homes-during-israeli-raid
20211109,1013410097,20211109,SYRIA,SYR,LEBANON,LBN,190,재래식 군사력 사용,19,4,-10.0,4,1,4,-4.34782608695653,Iran,IR,https://www.naharnet.com:443/stories/en/285546-syria-shrapnel-hurts-lebanese-woman-damages-homes-during-israeli-raid
20211109,1013410099,20211109,SYRIA,SYR,ISRAELI,ISR,193,소형무기·경무기를 이용한 전투,19,4,-10.0,2,1,2,-4.34782608695653,Israel,IS,https://www.naharnet.com:443/stories/en/285546-syria-shrapnel-hurts-lebanese-woman-damages-homes-during-israeli-raid
20211109,1013410100,20211109,SYRIA,SYR,ISRAELI,ISR,193,소형무기·경무기를 이용한 전투,19,4,-10.0,2,1,2,-4.34782608695653,Syria,SY,https://www.naharnet.com:443/stories/en/285546-syria-shrapnel-hurts-lebanese-woman-damages-homes-during-israeli-raid
20211109,1013410101,20211109,SYRIA,SYR,ISRAELI,ISR,195,공중무기 사용,19,4,-10.0,4,1,4,-4.34782608695653,Israel,IS,https://www.naharnet.com:443/stories/en/285546-syria-shrapnel-hurts-lebanese-woman-damages-homes-during-israeli-raid
20211109,1013410360,20211109,YEMENI,YEM,SAUDI ARABIA,SAU,193,소형무기·경무기를 이용한 전투,19,4,-10.0,1,1,1,-2.91508238276299,"Sirwah, Ibb, Yemen",YM,https://www.presstv.ir/Detail/2021/11/09/670246/Yemeni-army-downs-US-built-ScanEagle-spy-drone
20211109,1013410361,20211109,YEMENI,YEM,SAUDI ARABIA,SAU,193,소형무기·경무기를 이용한 전투,19,4,-10.0,1,1,1,-2.91508238276299,"Sirwah, Ibb, Yemen",YM,https://www.presstv.ir/Detail/2021/11/09/670246/Yemeni-army-downs-US-built-ScanEagle-spy-drone
20211109,1013411966,20211109,EGYPT,EGY,GAZA,PSE,154,군 병력 동원·증강,15,4,-7.2,1,1,1,-1.9047619047619,"Cairo, Al Qahirah, Egypt",EG,https://www.middleeasteye.net/news/egypt-israel-deal-rafah-troops-boost
20211109,1013411967,20211109,EGYPT,EGY,GAZA,PSE,154,군 병력 동원·증강,15,4,-7.2,1,1,1,-1.9047619047619,"Cairo, Al Qahirah, Egypt",EG,https://www.middleeasteye.net/news/egypt-israel-deal-rafah-troops-boost
20211109,1013412269,20211109,IRAN,IRN,IRAQI,IRQ,190,재래식 군사력 사용,19,4,-10.0,1,1,1,-4.28571428571429,Iran,IR,https://www.israelnationalnews.com/tags/Mustafa_al-Kadhimi
20211109,1013412270,20211109,IRAN,IRN,IRAQI,IRQ,190,재래식 군사력 사용,19,4,-10.0,1,1,1,-4.28571428571429,Iran,IR,https://www.israelnationalnews.com/tags/Mustafa_al-Kadhimi
20211109,1013412844,20211109,SANA,YEM,SYRIAN,SYR,193,소형무기·경무기를 이용한 전투,19,4,-10.0,3,1,3,-4.71698113207548,Lebanon,LE,https://themedialine.org/headlines/syria-says-israeli-missiles-struck-several-sites/
20211109,1013414525,20211109,HAMAS,PSE,ISRAEL,ISR,194,포병·전차를 이용한 전투,19,4,-10.0,2,1,2,-5.95238095238095,"Jerusalem, Israel (general), Israel",IS,https://www.wcsufm.org/?page=2365
20211109,1013414526,20211109,HAMAS,PSE,ISRAEL,ISR,194,포병·전차를 이용한 전투,19,4,-10.0,8,1,8,-5.95238095238095,"Jerusalem, Israel (general), Israel",IS,https://www.wcsufm.org/?page=2365
20211109,1013414527,20211109,HAMAS,PSE,ISRAELI,ISR,194,포병·전차를 이용한 전투,19,4,-10.0,6,1,6,-5.95238095238095,"Jerusalem, Israel (general), Israel",IS,https://www.wcsufm.org/?page=2365
20211109,1013416472,20211109,ISRAELI,ISR,SYRIAN,SYR,190,재래식 군사력 사용,19,4,-10.0,1,1,1,-3.125,"Damascus, Dimashq, Syria",SY,https://hamodia.com/2021/11/09/syria-says-idf-strikes-wound-two-soldiers-cause-damage/
20211109,1013416816,20211109,SYRIAN,SYR,ISRAELI,ISR,190,재래식 군사력 사용,19,4,-10.0,1,1,1,-3.125,"Damascus, Dimashq, Syria",SY,https://hamodia.com/2021/11/09/syria-says-idf-strikes-wound-two-soldiers-cause-damage/
20211109,1013416818,20211109,SYRIAN,SYR,LEBANESE,LBN,190,재래식 군사력 사용,19,4,-10.0,1,1,1,-3.125,"Damascus, Dimashq, Syria",SY,https://hamodia.com/2021/11/09/syria-says-idf-strikes-wound-two-soldiers-cause-damage/
20211109,1013421372,20211109,ISRAEL,ISR,PALESTINE,PSE,190,재래식 군사력 사용,19,4,-10.0,7,2,5,-4.98618132794068,"Gaza, Israel (general), Israel",IS,https://www.sott.net/article/460533-Our-Worst-Fears-of-a-Biden-Administration-Are-Coming-True
20211109,1013421373,20211109,ISRAEL,ISR,PALESTINE,PSE,190,재래식 군사력 사용,19,4,-10.0,1,1,1,-6.43747893495113,Saudi Arabia,SA,https://www.sott.net/article/460533-Our-Worst-Fears-of-a-Biden-Administration-Are-Coming-True
20211109,1013424278,20211109,SANA,YEM,BEIRUT,LBN,193,소형무기·경무기를 이용한 전투,19,4,-10.0,9,3,9,-5.71428571428571,"Tel Aviv, Tel Aviv, Israel",IS,https://www.arabherald.com/news/271689187/syrian-air-defense-system-intercepts-israeli-missiles
20211109,1013426871,20211109,SANAA,YEM,SAUDI ARABIA,SAU,192,영토 점령,19,4,-9.5,4,1,4,-10.691823899371,Saudi Arabia,SA,https://www.daijiworld.com/news/newsDisplay?newsID=891176
20211109,1013426872,20211109,YEMEN,YEM,SAUDI ARABIA,SAU,192,영토 점령,19,4,-9.5,1,1,1,-10.691823899371,Saudi Arabia,SA,https://www.daijiworld.com/news/newsDisplay?newsID=891176
20211109,1013426873,20211109,YEMENI,YEM,SAUDI,SAU,193,소형무기·경무기를 이용한 전투,19,4,-10.0,2,1,2,-10.691823899371,"Sanaa, Sana', Yemen",YM,https://www.daijiworld.com/news/newsDisplay?newsID=891176
20211109,1013426874,20211109,YEMENI,YEM,SAUDI,SAU,193,소형무기·경무기를 이용한 전투,19,4,-10.0,8,1,8,-10.691823899371,"Sanaa, Sana', Yemen",YM,https://www.daijiworld.com/news/newsDisplay?newsID=891176
20211109,1013428885,20211109,SYRIA,SYR,IRAQ,IRQ,190,재래식 군사력 사용,19,4,-10.0,1,1,1,-5.73613766730402,Iraq,IZ,https://www.timeturk.com/en/kremlin-says-situation-on-belarus-poland-border-alarming/news-47572
20211109,1013428886,20211109,SYRIA,SYR,IRAQ,IRQ,190,재래식 군사력 사용,19,4,-10.0,4,1,4,-5.73613766730402,Syria,SY,https://www.timeturk.com/en/kremlin-says-situation-on-belarus-poland-border-alarming/news-47572
20211109,1013435799,20211109,ISRAEL,ISR,PALESTINIAN,PSE,154,군 병력 동원·증강,15,4,-7.2,23,5,23,-1.81783101752071,"Givati, HaDarom, Israel",IS,https://www.msn.com/en-us/news/world/israel-using-facial-recognition-surveillance-in-palestinian-city/ar-AAQv2BI
20211109,1013438117,20211109,ISRAEL,ISR,GAZA,PSE,190,재래식 군사력 사용,19,4,-10.0,2,1,2,-3.53488372093023,"Jerusalem, Israel (general), Israel",IS,https://electronicintifada.net/blogs/tamara-nassar/eu-really-shocked-about-killing-palestinian-boy
20211109,1013438118,20211109,ISRAEL,ISR,PALESTINIAN,PSE,190,재래식 군사력 사용,19,4,-10.0,1,1,1,-3.53488372093023,"Nablus, West Bank (general), West Bank",WE,https://electronicintifada.net/blogs/tamara-nassar/eu-really-shocked-about-killing-palestinian-boy
20211109,1013438119,20211109,ISRAEL,ISR,PALESTINIAN,PSE,190,재래식 군사력 사용,19,4,-10.0,4,1,3,-3.53488372093023,"Jerusalem, Israel (general), Israel",IS,https://electronicintifada.net/blogs/tamara-nassar/eu-really-shocked-about-killing-palestinian-boy
20211109,1013438121,20211109,ISRAEL,ISR,WEST BANK,PSE,190,재래식 군사력 사용,19,4,-10.0,2,1,2,-3.53488372093023,"Jerusalem, Israel (general), Israel",IS,https://electronicintifada.net/blogs/tamara-nassar/eu-really-shocked-about-killing-palestinian-boy
20211109,1013438462,20211109,WEST BANK,PSE,ISRAEL,ISR,190,재래식 군사력 사용,19,4,-10.0,1,1,1,-3.53488372093023,"Jerusalem, Israel (general), Israel",IS,https://electronicintifada.net/blogs/tamara-nassar/eu-really-shocked-about-killing-palestinian-boy
20211109,1013438463,20211109,WEST BANK,PSE,ISRAELI,ISR,190,재래식 군사력 사용,19,4,-10.0,2,1,2,-3.53488372093023,"Jerusalem, Israel (general), Israel",IS,https://electronicintifada.net/blogs/tamara-nassar/eu-really-shocked-about-killing-palestinian-boy
20211109,1013440327,20211109,IRANIAN,IRN,SYRIA,SYR,194,포병·전차를 이용한 전투,19,4,-10.0,2,1,2,-2.03252032520325,Syria,SY,https://www.naharnet.com/stories/en/285573-israel-says-won-t-allow-hizbullah-to-get-game-changing-weapons
20211109,1013440328,20211109,IRANIAN,IRN,SYRIA,SYR,194,포병·전차를 이용한 전투,19,4,-10.0,2,1,2,-2.03252032520325,Iran,IR,https://www.naharnet.com/stories/en/285573-israel-says-won-t-allow-hizbullah-to-get-game-changing-weapons
20211109,1013443474,20211109,ISRAEL,ISR,PALESTINIAN,PSE,154,군 병력 동원·증강,15,4,-7.2,2,1,2,-2.63157894736842,"Givati, HaDarom, Israel",IS,https://www.news.com.au/breaking-news/israel-using-facial-recognition-surveillance-in-palestinian-city/news-story/fadcbc0dcb835b175dfbf0d004b1dba7
20211109,1013447736,20211109,ISRAEL,ISR,HAMAS,PSE,195,공중무기 사용,19,4,-10.0,2,1,2,-4.51306413301662,"Gaza, Israel (general), Israel",IS,https://praguemorning.cz/czech-senate-calls-to-investigate-hamas-for-crimes-against-humanity/
20211109,1013450950,20211109,RIYADH,SAU,YEMEN,YEM,190,재래식 군사력 사용,19,4,-10.0,6,1,6,-2.85714285714286,"Marib, Ma'rib, Yemen",YM,https://www.arabnews.com/node/1964721/middle-east
20211109,1013451397,20211109,YEMEN,YEM,SAUDI ARABIA,SAU,190,재래식 군사력 사용,19,4,-10.0,3,1,3,-2.85714285714286,"Sirwah, Ibb, Yemen",YM,https://www.arabnews.com/node/1964721/middle-east
20211109,1013451398,20211109,YEMEN,YEM,SAUDI ARABIA,SAU,190,재래식 군사력 사용,19,4,-10.0,1,1,1,-2.85714285714286,"Sirwah, Ibb, Yemen",YM,https://www.arabnews.com/node/1964721/middle-east
20211109,1013451399,20211109,YEMENI,YEM,RIYADH,SAU,190,재래식 군사력 사용,19,4,-10.0,2,1,2,-2.85714285714286,"Marib, Ma'rib, Yemen",YM,https://www.arabnews.com/node/1964721/middle-east
20211109,1013451400,20211109,YEMEN,YEM,SAUDI ARABIA,SAU,190,재래식 군사력 사용,19,4,-10.0,1,1,1,-2.85714285714286,Iran,IR,https://www.arabnews.com/node/1964721/middle-east
20211109,1013458345,20211109,SYRIA,SYR,TURKISH,TUR,194,포병·전차를 이용한 전투,19,4,-10.0,10,1,10,-6.25,Syria,SY,https://www.kurdistan24.net/en/story/26194-Turkish-drone-strike-kills-three-in-northeast-Syria
20211109,1013465339,20211109,ISRAELI,ISR,PALESTINIAN,PSE,191,봉쇄·이동 제한,19,4,-9.5,2,1,2,-3.50985221674877,"Jerusalem, Israel (general), Israel",IS,https://www.aljazeera.com/news/2021/11/9/jerusalem-palestinians-at-risk-of-displacement-due-to-demolition
20211109,1013465340,20211109,ISRAELI,ISR,PALESTINIAN,PSE,191,봉쇄·이동 제한,19,4,-9.5,2,1,2,-3.50985221674877,"Jerusalem, Israel (general), Israel",IS,https://www.aljazeera.com/news/2021/11/9/jerusalem-palestinians-at-risk-of-displacement-due-to-demolition
20211109,1013465344,20211109,ISRAELI,ISR,PALESTINIAN,PSE,191,봉쇄·이동 제한,19,4,-9.5,1,1,1,-3.50985221674877,"Jerusalem, Israel (general), Israel",IS,https://www.aljazeera.com/news/2021/11/9/jerusalem-palestinians-at-risk-of-displacement-due-to-demolition
20211109,1013465345,20211109,ISRAEL,ISR,PALESTINIAN,PSE,154,군 병력 동원·증강,15,4,-7.2,4,1,4,-1.82481751824817,Malta,MT,https://timesofmalta.com/articles/view/israel-using-facial-recognition-surveillance-in-palestinian-city.913890
20211109,1013465346,20211109,ISRAEL,ISR,PALESTINIAN,PSE,154,군 병력 동원·증강,15,4,-7.2,1,1,1,-1.82481751824817,West Bank,WE,https://timesofmalta.com/articles/view/israel-using-facial-recognition-surveillance-in-palestinian-city.913890
20211109,1013477003,20211109,ISRAEL,ISR,PALESTINIAN,PSE,154,군 병력 동원·증강,15,4,-7.2,2,1,2,-1.09489051094891,"Hebron, Israel (general), Israel",IS,https://www.enca.com/news/israel-using-facial-recognition-surveillance-palestinian-city
20211109,1013477010,20211109,ISRAEL,ISR,PALESTINIAN,PSE,154,군 병력 동원·증강,15,4,-7.2,1,1,1,-1.09489051094891,"Hebron, Israel (general), Israel",IS,https://www.enca.com/news/israel-using-facial-recognition-surveillance-palestinian-city
20211109,1013478995,20211109,ISRAEL,ISR,PALESTINIAN,PSE,193,소형무기·경무기를 이용한 전투,19,4,-10.0,2,1,2,-2.97356828193832,"Hebron, Israel (general), Israel",IS,https://www.972mag.com/dystopia-surveillance-palestinians-army/
20211109,1013483521,20211109,IRANIAN,IRN,IRAQ,IRQ,190,재래식 군사력 사용,19,4,-10.0,1,1,1,-6.78191489361702,Iran,IR,https://www.dailysignal.com/2021/11/09/iranian-drones-cast-intimidating-shadow-over-iraq/
20211109,1013483540,20211109,IRAQ,IRQ,IRANIAN,IRN,190,재래식 군사력 사용,19,4,-10.0,1,1,1,-6.78191489361702,"Baghdad, Baghdad, Iraq",IZ,https://www.dailysignal.com/2021/11/09/iranian-drones-cast-intimidating-shadow-over-iraq/
20211109,1013483541,20211109,IRAQ,IRQ,IRANIAN,IRN,190,재래식 군사력 사용,19,4,-10.0,1,1,1,-6.78191489361702,Iran,IR,https://www.dailysignal.com/2021/11/09/iranian-drones-cast-intimidating-shadow-over-iraq/
20211109,1013491721,20211109,IRAQ,IRQ,IRAN,IRN,195,공중무기 사용,19,4,-10.0,8,1,8,-3.18148951554592,"Tehran, Tehran, Iran",IR,https://www.wrmea.org/israel-palestine/note-to-blinken-israels-military-%C2%ADoption-shouldnt-be-on-our-table.html
20211109,1013491722,20211109,IRAQ,IRQ,IRAN,IRN,195,공중무기 사용,19,4,-10.0,2,1,2,-3.18148951554592,Iraq,IZ,https://www.wrmea.org/israel-palestine/note-to-blinken-israels-military-%C2%ADoption-shouldnt-be-on-our-table.html
20211109,1013495527,20211109,ISRAELI,ISR,IRAN,IRN,138,군사력 사용 위협,13,3,-7.0,4,1,4,-4.57516339869281,Iran,IR,https://www.breitbart.com/middle-east/2021/11/09/israeli-army-chief-were-accelerating-plans-to-attack-irans-nuke-program/
20211109,1013495528,20211109,ISRAELI,ISR,IRAN,IRN,190,재래식 군사력 사용,19,4,-10.0,4,1,4,-4.57516339869281,Iran,IR,https://www.breitbart.com/middle-east/2021/11/09/israeli-army-chief-were-accelerating-plans-to-attack-irans-nuke-program/
20211109,1013495532,20211109,ISRAELI,ISR,IRAN,IRN,138,군사력 사용 위협,13,3,-7.0,3,1,3,-4.57516339869281,Iran,IR,https://www.breitbart.com/middle-east/2021/11/09/israeli-army-chief-were-accelerating-plans-to-attack-irans-nuke-program/
20211109,1013495533,20211109,ISRAELI,ISR,IRAN,IRN,190,재래식 군사력 사용,19,4,-10.0,3,1,3,-4.57516339869281,Iran,IR,https://www.breitbart.com/middle-east/2021/11/09/israeli-army-chief-were-accelerating-plans-to-attack-irans-nuke-program/
20211109,1013497948,20211109,TURKISH,TUR,SYRIAN,SYR,190,재래식 군사력 사용,19,4,-10.0,2,1,2,-1.94484760522496,"Afrin, ?alab, Syria",SY,https://www.al-monitor.com/originals/2021/11/syria-kurdish-commander-assured-washington-turkey-wont-invade-again
20211109,1013497949,20211109,TURKISH,TUR,SYRIAN,SYR,190,재래식 군사력 사용,19,4,-10.0,2,1,2,-1.94484760522496,"Afrin, ?alab, Syria",SY,https://www.al-monitor.com/originals/2021/11/syria-kurdish-commander-assured-washington-turkey-wont-invade-again
20211109,1013497959,20211109,TURKISH,TUR,SYRIAN,SYR,190,재래식 군사력 사용,19,4,-10.0,6,1,6,-1.94484760522496,"Afrin, ?alab, Syria",SY,https://www.al-monitor.com/originals/2021/11/syria-kurdish-commander-assured-washington-turkey-wont-invade-again
20211109,1013501622,20211109,ISRAEL,ISR,IRAN,IRN,190,재래식 군사력 사용,19,4,-10.0,10,1,10,-0.73260073260073,Israel,IS,https://news.antiwar.com/2021/11/09/israeli-military-accelerating-plans-to-attack-iran/
20211109,1013504695,20211109,ISRAEL,ISR,SYRIA,SYR,190,재래식 군사력 사용,19,4,-10.0,2,1,2,-4.78468899521531,"Moscow, Moskva, Russia",RS,https://tass.com/world/1359381
20211109,1013504926,20211109,SYRIA,SYR,ISRAELI,ISR,190,재래식 군사력 사용,19,4,-10.0,8,1,8,-4.78468899521531,Syria,SY,https://tass.com/world/1359381
20211109,1013507902,20211109,ISRAEL,ISR,HAMAS,PSE,190,재래식 군사력 사용,19,4,-10.0,8,1,8,1.40712945590994,"Gaza, Israel (general), Israel",IS,https://www.jweekly.com/2021/11/09/arab-and-israeli-diplomats-tout-abraham-accords-on-bay-area-visit/
20211109,1013507903,20211109,ISRAEL,ISR,HAMAS,PSE,190,재래식 군사력 사용,19,4,-10.0,2,1,2,1.40712945590994,"Sacramento, California, United States",US,https://www.jweekly.com/2021/11/09/arab-and-israeli-diplomats-tout-abraham-accords-on-bay-area-visit/
20211109,1013508161,20211109,HAMAS,PSE,ISRAEL,ISR,190,재래식 군사력 사용,19,4,-10.0,2,1,2,1.40712945590994,"Sacramento, California, United States",US,https://www.jweekly.com/2021/11/09/arab-and-israeli-diplomats-tout-abraham-accords-on-bay-area-visit/
20211109,1013508216,20211109,TURKEY,TUR,SYRIA,SYR,190,재래식 군사력 사용,19,4,-10.0,8,1,8,-4.56273764258555,Syria,SY,https://www.voanews.com/a/killed-in-suspected-turkish-drone-attack-in-ne-syria-/6306682.html
20211109,1013508217,20211109,TURKEY,TUR,SYRIA,SYR,190,재래식 군사력 사용,19,4,-10.0,2,1,2,-4.56273764258555,Syria,SY,https://www.voanews.com/a/killed-in-suspected-turkish-drone-attack-in-ne-syria-/6306682.html
20211109,1013508218,20211109,TURKEY,TUR,SYRIA,SYR,192,영토 점령,19,4,-9.5,2,1,2,-4.56273764258555,"Ankara, Ankara, Turkey",TU,https://www.voanews.com/a/killed-in-suspected-turkish-drone-attack-in-ne-syria-/6306682.html
20211109,1013508219,20211109,TURKISH,TUR,SYRIA,SYR,192,영토 점령,19,4,-9.5,8,1,8,-4.56273764258555,Syria,SY,https://www.voanews.com/a/killed-in-suspected-turkish-drone-attack-in-ne-syria-/6306682.html
20211110,1013511150,20211110,TURKEY,TUR,SYRIA,SYR,190,재래식 군사력 사용,19,4,-10.0,74,9,74,-4.27323103154305,Syria,SY,https://www.bignewsnetwork.com/news/271694027/3-killed-in-suspected-turkish-drone-attack-in-ne-syria
20211110,1013511151,20211110,TURKEY,TUR,SYRIA,SYR,190,재래식 군사력 사용,19,4,-10.0,16,8,16,-4.34782608695652,Syria,SY,https://www.bignewsnetwork.com/news/271694027/3-killed-in-suspected-turkish-drone-attack-in-ne-syria
20211110,1013511152,20211110,TURKEY,TUR,SYRIA,SYR,192,영토 점령,19,4,-9.5,18,9,18,-4.27323103154305,"Ankara, Ankara, Turkey",TU,https://www.bignewsnetwork.com/news/271694027/3-killed-in-suspected-turkish-drone-attack-in-ne-syria
20211110,1013511153,20211110,TURKISH,TUR,SYRIA,SYR,192,영토 점령,19,4,-9.5,72,9,72,-4.27323103154305,Syria,SY,https://www.bignewsnetwork.com/news/271694027/3-killed-in-suspected-turkish-drone-attack-in-ne-syria
20211110,1013513663,20211110,ISRAELI,ISR,IRAN,IRN,138,군사력 사용 위협,13,3,-7.0,4,1,4,-4.57516339869281,Iran,IR,https://www.breitbart.com/politics/2021/11/09/israeli-army-chief-were-accelerating-plans-to-attack-irans-nuke-program/
20211110,1013513664,20211110,ISRAELI,ISR,IRAN,IRN,190,재래식 군사력 사용,19,4,-10.0,4,1,4,-4.57516339869281,Iran,IR,https://www.breitbart.com/politics/2021/11/09/israeli-army-chief-were-accelerating-plans-to-attack-irans-nuke-program/
20211110,1013513684,20211110,ISRAELI,ISR,IRAN,IRN,138,군사력 사용 위협,13,3,-7.0,3,1,3,-4.57516339869281,Iran,IR,https://www.breitbart.com/politics/2021/11/09/israeli-army-chief-were-accelerating-plans-to-attack-irans-nuke-program/
20211110,1013513685,20211110,ISRAELI,ISR,IRAN,IRN,190,재래식 군사력 사용,19,4,-10.0,3,1,3,-4.57516339869281,Iran,IR,https://www.breitbart.com/politics/2021/11/09/israeli-army-chief-were-accelerating-plans-to-attack-irans-nuke-program/
20211110,1013514061,20211110,SAUDI ARABIA,SAU,IRANIAN,IRN,194,포병·전차를 이용한 전투,19,4,-10.0,3,1,3,-2.36486486486486,"Riyadh, Ar Riya?, Saudi Arabia",SA,https://www.msn.com/en-us/news/world/us-sales-of-missiles-to-saudis-signal-business-as-usual-almost/ar-AAQw3LG
20211110,1013523436,20211110,ISRAEL,ISR,GAZA,PSE,193,소형무기·경무기를 이용한 전투,19,4,-10.0,15,3,15,-1.48173019075717,"Gaza, Israel (general), Israel",IS,https://www.dailymail.co.uk/news/article-10183037/U-S-tests-Iron-Dome-Guam-defense-against-Chinese-cruise-missiles.html
20211110,1013523437,20211110,ISRAEL,ISR,GAZA,PSE,193,소형무기·경무기를 이용한 전투,19,4,-10.0,9,2,9,-0.109559024924677,"Hawaii, United States",US,https://www.dailymail.co.uk/news/article-10183037/U-S-tests-Iron-Dome-Guam-defense-against-Chinese-cruise-missiles.html
20211110,1013523442,20211110,ISRAEL,ISR,SYRIA,SYR,190,재래식 군사력 사용,19,4,-10.0,10,1,10,-2.69636576787808,Lebanon,LE,https://www.ynetnews.com/article/syjdhnwdt
20211110,1013527367,20211110,ISRAEL,ISR,PALESTINIAN,PSE,154,군 병력 동원·증강,15,4,-7.2,10,2,10,-2.58743134903099,"Hebron, Israel (general), Israel",IS,https://dailytimes.com.pk/839595/israel-using-facial-recognition-surveillance-in-palestinian-city/
20211110,1013541214,20211110,GAZA,PSE,ISRAEL,ISR,194,포병·전차를 이용한 전투,19,4,-10.0,2,1,2,-1.53846153846154,Gaza Strip,GZ,https://news.antiwar.com/2021/11/09/us-tests-israels-iron-dome-in-guam-with-eye-on-china/
20211110,1013541215,20211110,GAZA,PSE,ISRAEL,ISR,194,포병·전차를 이용한 전투,19,4,-10.0,10,1,10,-1.53846153846154,"Gaza, Israel (general), Israel",IS,https://news.antiwar.com/2021/11/09/us-tests-israels-iron-dome-in-guam-with-eye-on-china/
20211110,1013544032,20211110,IRAQ,IRQ,SYRIAN,SYR,190,재래식 군사력 사용,19,4,-10.0,2,1,2,-3.43839541547278,"White House, District of Columbia, United States",US,https://www.independentsentinel.com/obama-gives-123-million-tax-dollars-to-al-qaeda-linked-group-in-syria/
20211110,1013544041,20211110,ISRAELI,ISR,PALESTINIAN,PSE,190,재래식 군사력 사용,19,4,-10.0,2,2,2,-6.56435495402624,"Hebron, Israel (general), Israel",IS,https://wrp.org.uk/news/palestinian-mother-child-arrested/
20211110,1013544042,20211110,ISRAEL,ISR,WEST BANK,PSE,190,재래식 군사력 사용,19,4,-10.0,2,1,2,-5.83941605839416,"Hebron, Israel (general), Israel",IS,https://wrp.org.uk/news/palestinian-mother-child-arrested/
20211110,1013553948,20211110,JORDAN,JOR,IRAQ,IRQ,195,공중무기 사용,19,4,-10.0,8,1,8,-0.40567951318458,Iraq,IZ,https://nationalinterest.org/blog/reboot/forgotten-role-f-14-bombcat-played-gulf-war-195942
20211110,1013553949,20211110,JORDAN,JOR,IRAQ,IRQ,195,공중무기 사용,19,4,-10.0,2,1,2,-0.40567951318458,Jordan,JO,https://nationalinterest.org/blog/reboot/forgotten-role-f-14-bombcat-played-gulf-war-195942
20211110,1013557115,20211110,TURKEY,TUR,SAUDI ARABIA,SAU,190,재래식 군사력 사용,19,4,-10.0,4,1,4,-1.55832622164866,Saudi Arabia,SA,https://abcnews.go.com/US/edward-murrow-award-us/story?id=81066070
20211110,1013557116,20211110,TURKEY,TUR,SAUDI ARABIA,SAU,190,재래식 군사력 사용,19,4,-10.0,4,1,4,-1.55832622164866,"Washington, District of Columbia, United States",US,https://abcnews.go.com/US/edward-murrow-award-us/story?id=81066070
20211110,1013558430,20211110,IRAQ,IRQ,SYRIA,SYR,190,재래식 군사력 사용,19,4,-10.0,2,1,2,-2.13836477987421,Iraq,IZ,https://www.theguardian.com/world/2021/nov/10/records-of-320000-punjab-soldiers-from-first-world-war-uncovered
20211110,1013558431,20211110,IRAQ,IRQ,SYRIA,SYR,190,재래식 군사력 사용,19,4,-10.0,6,1,6,-2.13836477987421,Kuwait,KU,https://www.theguardian.com/world/2021/nov/10/records-of-320000-punjab-soldiers-from-first-world-war-uncovered
20211110,1013558432,20211110,IRAQ,IRQ,SYRIA,SYR,190,재래식 군사력 사용,19,4,-10.0,2,1,2,-2.13836477987421,Kuwait,KU,https://www.theguardian.com/world/2021/nov/10/records-of-320000-punjab-soldiers-from-first-world-war-uncovered
20211110,1013558435,20211110,IRAQ,IRQ,TURKEY,TUR,190,재래식 군사력 사용,19,4,-10.0,2,1,2,-2.13836477987421,Iraq,IZ,https://www.theguardian.com/world/2021/nov/10/records-of-320000-punjab-soldiers-from-first-world-war-uncovered
20211110,1013558436,20211110,IRAQ,IRQ,TURKEY,TUR,190,재래식 군사력 사용,19,4,-10.0,2,1,2,-2.13836477987421,Kuwait,KU,https://www.theguardian.com/world/2021/nov/10/records-of-320000-punjab-soldiers-from-first-world-war-uncovered
20211110,1013558437,20211110,IRAQ,IRQ,TURKEY,TUR,190,재래식 군사력 사용,19,4,-10.0,6,1,6,-2.13836477987421,Kuwait,KU,https://www.theguardian.com/world/2021/nov/10/records-of-320000-punjab-soldiers-from-first-world-war-uncovered
20211110,1013558454,20211110,ISRAEL,ISR,PALESTINIAN,PSE,190,재래식 군사력 사용,19,4,-10.0,4,2,4,-4.26669700762316,"Sheikh Jarrah, Yerushalayim, Israel",IS,https://www.newzimbabwe.com/of-palestinian-anguish-and-selective-application-of-international-law/
20211110,1013558456,20211110,ISRAEL,ISR,PALESTINIAN,PSE,190,재래식 군사력 사용,19,4,-10.0,4,2,4,-4.26669700762316,"Sheikh Jarrah, Yerushalayim, Israel",IS,https://www.newzimbabwe.com/of-palestinian-anguish-and-selective-application-of-international-law/
20211110,1013558725,20211110,SYRIA,SYR,IRAQ,IRQ,190,재래식 군사력 사용,19,4,-10.0,2,1,2,-2.13836477987421,Iraq,IZ,https://www.theguardian.com/world/2021/nov/10/records-of-320000-punjab-soldiers-from-first-world-war-uncovered
20211110,1013558726,20211110,SYRIA,SYR,IRAQ,IRQ,190,재래식 군사력 사용,19,4,-10.0,6,1,6,-2.13836477987421,Kuwait,KU,https://www.theguardian.com/world/2021/nov/10/records-of-320000-punjab-soldiers-from-first-world-war-uncovered
20211110,1013558727,20211110,SYRIA,SYR,IRAQ,IRQ,190,재래식 군사력 사용,19,4,-10.0,2,1,2,-2.13836477987421,Kuwait,KU,https://www.theguardian.com/world/2021/nov/10/records-of-320000-punjab-soldiers-from-first-world-war-uncovered
20211110,1013558731,20211110,SYRIA,SYR,TURKEY,TUR,190,재래식 군사력 사용,19,4,-10.0,2,1,2,-2.13836477987421,Iraq,IZ,https://www.theguardian.com/world/2021/nov/10/records-of-320000-punjab-soldiers-from-first-world-war-uncovered
20211110,1013558732,20211110,SYRIA,SYR,TURKEY,TUR,190,재래식 군사력 사용,19,4,-10.0,6,1,6,-2.13836477987421,Kuwait,KU,https://www.theguardian.com/world/2021/nov/10/records-of-320000-punjab-soldiers-from-first-world-war-uncovered
20211110,1013558733,20211110,SYRIA,SYR,TURKEY,TUR,190,재래식 군사력 사용,19,4,-10.0,2,1,2,-2.13836477987421,Kuwait,KU,https://www.theguardian.com/world/2021/nov/10/records-of-320000-punjab-soldiers-from-first-world-war-uncovered
20211110,1013558737,20211110,TURKEY,TUR,IRAQ,IRQ,190,재래식 군사력 사용,19,4,-10.0,2,1,2,-2.13836477987421,Iraq,IZ,https://www.theguardian.com/world/2021/nov/10/records-of-320000-punjab-soldiers-from-first-world-war-uncovered
20211110,1013558738,20211110,TURKEY,TUR,IRAQ,IRQ,190,재래식 군사력 사용,19,4,-10.0,2,1,2,-2.13836477987421,Kuwait,KU,https://www.theguardian.com/world/2021/nov/10/records-of-320000-punjab-soldiers-from-first-world-war-uncovered
20211110,1013558739,20211110,TURKEY,TUR,IRAQ,IRQ,190,재래식 군사력 사용,19,4,-10.0,6,1,6,-2.13836477987421,Kuwait,KU,https://www.theguardian.com/world/2021/nov/10/records-of-320000-punjab-soldiers-from-first-world-war-uncovered
20211110,1013558743,20211110,TURKEY,TUR,SYRIA,SYR,190,재래식 군사력 사용,19,4,-10.0,2,1,2,-2.13836477987421,Iraq,IZ,https://www.theguardian.com/world/2021/nov/10/records-of-320000-punjab-soldiers-from-first-world-war-uncovered
20211110,1013558744,20211110,TURKEY,TUR,SYRIA,SYR,190,재래식 군사력 사용,19,4,-10.0,2,1,2,-2.13836477987421,Kuwait,KU,https://www.theguardian.com/world/2021/nov/10/records-of-320000-punjab-soldiers-from-first-world-war-uncovered
20211110,1013558745,20211110,TURKEY,TUR,SYRIA,SYR,190,재래식 군사력 사용,19,4,-10.0,6,1,6,-2.13836477987421,Kuwait,KU,https://www.theguardian.com/world/2021/nov/10/records-of-320000-punjab-soldiers-from-first-world-war-uncovered
20211110,1013563695,20211110,ISRAEL,ISR,IRAN,IRN,190,재래식 군사력 사용,19,4,-10.0,8,1,8,-3.17991631799163,"Gaza, Israel (general), Israel",IS,https://www.haaretz.com/israel-news/.premium-israel-broadens-assaults-in-syria-russia-doesn-t-care-1.10369895
20211110,1013563696,20211110,ISRAEL,ISR,IRAN,IRN,190,재래식 군사력 사용,19,4,-10.0,2,1,2,-3.17991631799163,"New York, United States",US,https://www.haaretz.com/israel-news/.premium-israel-broadens-assaults-in-syria-russia-doesn-t-care-1.10369895
20211110,1013565082,20211110,IRAN,IRN,IRAQ,IRQ,190,재래식 군사력 사용,19,4,-10.0,4,4,4,-6.90992672840429,"Baghdad, Baghdad, Iraq",IZ,https://www.hot973online.com/2021/11/08/iraqi-prime-minister-survives-assassination-attempt-with-armed-drones/
20211110,1013565083,20211110,IRAN,IRN,IRAQ,IRQ,190,재래식 군사력 사용,19,4,-10.0,1,1,1,-7.81893004115226,"Baghdad, Baghdad, Iraq",IZ,https://www.hot973online.com/2021/11/08/iraqi-prime-minister-survives-assassination-attempt-with-armed-drones/
20211110,1013565105,20211110,ISRAEL,ISR,GAZA,PSE,190,재래식 군사력 사용,19,4,-10.0,8,2,8,-6.02492829574024,"Gaza, Israel (general), Israel",IS,https://harakahdaily.net/index.php/2021/11/10/palestinian-economy-growing-prospects-uncertain-world-bank/
20211110,1013565106,20211110,ISRAEL,ISR,GAZA,PSE,190,재래식 군사력 사용,19,4,-10.0,8,1,8,-6.45161290322581,"Gaza, Israel (general), Israel",IS,https://harakahdaily.net/index.php/2021/11/10/palestinian-economy-growing-prospects-uncertain-world-bank/
20211110,1013568739,20211110,IRAN,IRN,ISRAELI,ISR,138,군사력 사용 위협,13,3,-7.0,10,1,10,-5.8411214953271,"Tel Aviv, Tel Aviv, Israel",IS,http://www.newscast-pratyaksha.com/english/mossad-thwarts-iranian-plot/
20211110,1013570842,20211110,ADEN,YEM,ABDULLAH,SAU,190,재래식 군사력 사용,19,4,-10.0,3,1,3,-2.01729106628242,Yemen,YM,https://www.theguardian.com/world/2021/nov/10/wednesday-briefing-iain-duncan-smith
20211110,1013572491,20211110,TURKISH,TUR,KURDISTAN,IRN,195,공중무기 사용,19,4,-10.0,10,1,10,-12.8787878787878,"Tarmiya, Baghdad, Iraq",IZ,https://original.antiwar.com/updates/2021/11/09/iraq-daily-roundup-12-killed-2/
20211110,1013573994,20211110,LEBANON,LBN,IRAN,IRN,192,영토 점령,19,4,-9.5,5,1,5,-1.21951219512195,Lebanon,LE,https://www.lmtonline.com/news/article/Not-a-game-show-Ex-TV-star-at-center-of-16608239.php
20211110,1013575871,20211110,ISRAELI,ISR,PALESTINE,PSE,190,재래식 군사력 사용,19,4,-10.0,4,1,4,-7.76805251641138,"London, London, City of, United Kingdom",UK,https://www.dailymail.co.uk/news/article-10185707/Israels-ambassador-UK-evacuated-LSE-security-guards.html
20211110,1013575872,20211110,ISRAELI,ISR,PALESTINE,PSE,190,재래식 군사력 사용,19,4,-10.0,6,1,6,-7.76805251641138,"London, London, City of, United Kingdom",UK,https://www.dailymail.co.uk/news/article-10185707/Israels-ambassador-UK-evacuated-LSE-security-guards.html
20211110,1013576151,20211110,ABDULLAH,SAU,YEMEN,YEM,190,재래식 군사력 사용,19,4,-10.0,1,1,1,-8.70646766169154,"Alsharq, ?a?ramawt, Yemen",YM,https://www.middleeasteye.net/news/yemen-journalist-dies-bomb-attack-hospital-give-birth
20211110,1013576152,20211110,ABDULLAH,SAU,ADEN,YEM,193,소형무기·경무기를 이용한 전투,19,4,-10.0,4,1,4,-8.70646766169154,"Alsharq, ?a?ramawt, Yemen",YM,https://www.middleeasteye.net/news/yemen-journalist-dies-bomb-attack-hospital-give-birth
20211110,1013576303,20211110,ADEN,YEM,ABDULLAH,SAU,190,재래식 군사력 사용,19,4,-10.0,3,1,3,-8.70646766169154,"Alsharq, ?a?ramawt, Yemen",YM,https://www.middleeasteye.net/news/yemen-journalist-dies-bomb-attack-hospital-give-birth
20211110,1013581487,20211110,ISRAELI,ISR,ALEPPO,SYR,190,재래식 군사력 사용,19,4,-10.0,20,1,10,-3.7593984962406,"Aleppo, ?alab, Syria",SY,https://www.aljazeera.com/news/2021/7/20/syrian-air-defences-intercept-israeli-attack-over
20211110,1013581756,20211110,SYRIAN,SYR,ISRAEL,ISR,195,공중무기 사용,19,4,-10.0,1,1,1,-3.7593984962406,Iraq,IZ,https://www.aljazeera.com/news/2021/7/20/syrian-air-defences-intercept-israeli-attack-over
20211110,1013581757,20211110,SYRIAN,SYR,ISRAEL,ISR,195,공중무기 사용,19,4,-10.0,1,1,1,-3.7593984962406,"Aleppo, ?alab, Syria",SY,https://www.aljazeera.com/news/2021/7/20/syrian-air-defences-intercept-israeli-attack-over
20211110,1013585593,20211110,IRAN,IRN,ISRAEL,ISR,190,재래식 군사력 사용,19,4,-10.0,10,1,10,-5.67545963229416,"Chicago, Illinois, United States",US,https://www.gatestoneinstitute.org/17930/antisemitism-university-of-chicago
20211110,1013585600,20211110,ISRAEL,ISR,PALESTINIAN,PSE,163,금수·보이콧·제재 부과,16,4,-8.0,10,1,10,-8.56924254016836,Gaza Strip,GZ,https://www.gatestoneinstitute.org/17928/palestinian-leaders-inflict-pain
20211110,1013587899,20211110,IRAN,IRN,SAUDI ARABIA,SAU,194,포병·전차를 이용한 전투,19,4,-10.0,10,1,10,-7.40740740740741,Saudi Arabia,SA,https://english.aawsat.com/home/article/3296061/saudi-defenses-shoot-down-3-houthi-ballistic-missiles-fired-kingdom
20211110,1013592580,20211110,ISRAEL,ISR,IRAN,IRN,190,재래식 군사력 사용,19,4,-10.0,10,1,10,-4.16666666666667,Syria,SY,https://www.haaretz.com/israel-news/.premium.HIGHLIGHT-israel-broadens-assaults-in-syria-russia-doesn-t-care-1.10369895
20211110,1013592586,20211110,ISRAELI,ISR,GAZA,PSE,194,포병·전차를 이용한 전투,19,4,-10.0,5,1,5,1.34907251264755,"Gaza, Israel (general), Israel",IS,https://www.israelnationalnews.com/News/News.aspx/316662
20211110,1013595099,20211110,IRAN,IRN,ISRAEL,ISR,190,재래식 군사력 사용,19,4,-10.0,16,2,16,-0.645373950777815,Iran,IR,https://www.cbsnews.com/news/leon-panetta-top-security-threats-intelligence-matters-podcast/
20211110,1013595100,20211110,IRAN,IRN,ISRAEL,ISR,190,재래식 군사력 사용,19,4,-10.0,4,2,4,-0.645373950777815,Israel,IS,https://www.cbsnews.com/news/leon-panetta-top-security-threats-intelligence-matters-podcast/
20211110,1013602741,20211110,LEBANESE,LBN,ISRAELI,ISR,194,포병·전차를 이용한 전투,19,4,-10.0,2,1,2,-4.86223662884927,Israel,IS,https://www.timesofisrael.com/drone-strikes-iran-backed-militias-in-eastern-syria-report/
20211110,1013603020,20211110,SYRIA,SYR,ISRAEL,ISR,195,공중무기 사용,19,4,-10.0,2,1,2,-4.86223662884927,"Tartus, Tartus, Syria",SY,https://www.timesofisrael.com/drone-strikes-iran-backed-militias-in-eastern-syria-report/
20211110,1013603021,20211110,SYRIA,SYR,ISRAEL,ISR,195,공중무기 사용,19,4,-10.0,2,1,2,-4.86223662884927,"Tartus, Tartus, Syria",SY,https://www.timesofisrael.com/drone-strikes-iran-backed-militias-in-eastern-syria-report/
20211110,1013607997,20211110,SYRIA,SYR,IRAN,IRN,195,공중무기 사용,19,4,-10.0,4,2,4,-5.64743138634764,"Damascus, Dimashq, Syria",SY,http://english.sina.com/world/m/2021-11-10/detail-iktzqtyu6549657.shtml
20211110,1013607998,20211110,DAMASCUS,SYR,IRANIAN,IRN,195,공중무기 사용,19,4,-10.0,14,2,14,-5.64743138634764,Iran,IR,http://english.sina.com/world/m/2021-11-10/detail-iktzqtyu6549657.shtml
20211110,1013607999,20211110,SYRIAN,SYR,ISRAELI,ISR,190,재래식 군사력 사용,19,4,-10.0,3,1,3,-7.8804347826087,"Tel Aviv, Tel Aviv, Israel",IS,"https://www.presstv.ir/Detail/2021/11/10/670323/Syrian-air-defenses-destroyed-6-of-8-Israeli-missiles-fired-in-latest-raid-on-Homs,-Russian-military-says"
20211110,1013610114,20211110,ISRAEL,ISR,SYRIA,SYR,195,공중무기 사용,19,4,-10.0,7,1,7,-3.82848392036754,Iran,IR,https://www.bicom.org.uk/news/israeli-security-heads-issue-new-warnings-about-iran/
20211110,1013610115,20211110,ISRAEL,ISR,SYRIA,SYR,195,공중무기 사용,19,4,-10.0,1,1,1,-3.82848392036754,Iran,IR,https://www.bicom.org.uk/news/israeli-security-heads-issue-new-warnings-about-iran/
20211110,1013610128,20211110,ISRAEL,ISR,PALESTINE,PSE,190,재래식 군사력 사용,19,4,-10.0,2,1,2,-5.2896725440806,Israel,IS,https://www.albawaba.com/news/israels-ambassador-flees-london-school-economics-after-mass-protests-1454455
20211110,1013614989,20211110,ISRAEL,ISR,IRAN,IRN,190,재래식 군사력 사용,19,4,-10.0,8,1,8,-1.49253731343283,"Tehran, Tehran, Iran",IR,https://apnews.com/article/joe-biden-angela-merkel-united-nations-naftali-bennett-united-nations-security-council-d5f13035c843a914843be7cae7b5c4b2
20211110,1013614990,20211110,ISRAEL,ISR,IRAN,IRN,190,재래식 군사력 사용,19,4,-10.0,2,1,2,-1.49253731343283,"Tehran, Tehran, Iran",IR,https://apnews.com/article/joe-biden-angela-merkel-united-nations-naftali-bennett-united-nations-security-council-d5f13035c843a914843be7cae7b5c4b2
20211110,1013620176,20211110,ISRAELI,ISR,SYRIAN,SYR,190,재래식 군사력 사용,19,4,-10.0,8,1,8,-4.95049504950495,Israel,IS,https://www.voanews.com/a/middle-east_syrian-army-says-israeli-strike-near-damascus-kills-soldier/6200132.html
20211110,1013620177,20211110,ISRAELI,ISR,DAMASCUS,SYR,194,포병·전차를 이용한 전투,19,4,-10.0,3,1,3,-4.95049504950495,Russia,RS,https://www.voanews.com/a/middle-east_syrian-army-says-israeli-strike-near-damascus-kills-soldier/6200132.html
20211110,1013620178,20211110,ISRAEL,ISR,SYRIA,SYR,195,공중무기 사용,19,4,-10.0,4,1,4,-7.39549839228296,Israel,IS,https://www.aljazeera.com/news/2020/12/30/syrian-soldier-killed-in-israeli-raid-near-damascus
20211110,1013620179,20211110,ISRAEL,ISR,SYRIA,SYR,195,공중무기 사용,19,4,-10.0,1,1,1,-7.39549839228296,Israel,IS,https://www.aljazeera.com/news/2020/12/30/syrian-soldier-killed-in-israeli-raid-near-damascus
20211110,1013620483,20211110,PALESTINIAN,PSE,ISRAEL,ISR,192,영토 점령,19,4,-9.5,2,1,2,-8.01801801801802,"Jerusalem, Israel (general), Israel",IS,https://www.middleeasteye.net/opinion/jerusalem-damascus-gate-palestine-beacon-hope
20211110,1013620547,20211110,SYRIAN,SYR,ISRAELI,ISR,190,재래식 군사력 사용,19,4,-10.0,8,1,8,-7.39549839228296,"Masyaf, ?amah, Syria",SY,https://www.aljazeera.com/news/2020/12/30/syrian-soldier-killed-in-israeli-raid-near-damascus
20211110,1013620548,20211110,SYRIAN,SYR,ISRAEL,ISR,190,재래식 군사력 사용,19,4,-10.0,2,1,2,-7.39549839228296,"Masyaf, ?amah, Syria",SY,https://www.aljazeera.com/news/2020/12/30/syrian-soldier-killed-in-israeli-raid-near-damascus
20211110,1013622670,20211110,ISRAEL,ISR,HAMAS,PSE,190,재래식 군사력 사용,19,4,-10.0,10,1,10,-4.66472303206997,"Gaza, Israel (general), Israel",IS,https://www.haaretz.com/israel-news/.premium-sweep-against-arab-arms-dealers-shows-both-police-and-arab-community-have-changed-1.10371469
20211110,1013622989,20211110,HAMAS,PSE,ISRAEL,ISR,190,재래식 군사력 사용,19,4,-10.0,10,1,10,-4.66472303206997,"Gaza, Israel (general), Israel",IS,https://www.haaretz.com/israel-news/.premium-sweep-against-arab-arms-dealers-shows-both-police-and-arab-community-have-changed-1.10371469
20211110,1013629218,20211110,IRAN,IRN,ISRAELI,ISR,195,공중무기 사용,19,4,-10.0,3,2,3,-3.99992747513756,Israel,IS,https://www.prnewswire.com/news-releases/us-senate-candidate-khaled-salem-warns-biden-of-iran-intensifying-threats-against-israel-and-globe-with-nuclear-missiles-and-cyber-warfare-301421172.html
20211110,1013629219,20211110,IRAN,IRN,ISRAELI,ISR,195,공중무기 사용,19,4,-10.0,3,2,3,-3.99992747513756,"Tehran, Tehran, Iran",IR,https://www.prnewswire.com/news-releases/us-senate-candidate-khaled-salem-warns-biden-of-iran-intensifying-threats-against-israel-and-globe-with-nuclear-missiles-and-cyber-warfare-301421172.html
20211110,1013635443,20211110,ISRAELI,ISR,IRAN,IRN,138,군사력 사용 위협,13,3,-7.0,1,1,1,-6.41509433962264,Israel,IS,https://en.globes.co.il/en/article-cypriot-police-teddy-sagi-was-not-among-assassination-targets-1001390517
20211110,1013635444,20211110,ISRAELI,ISR,IRAN,IRN,138,군사력 사용 위협,13,3,-7.0,1,1,1,-6.41509433962264,Israel,IS,https://en.globes.co.il/en/article-cypriot-police-teddy-sagi-was-not-among-assassination-targets-1001390517
20211110,1013635721,20211110,GAZA,PSE,ISRAEL,ISR,194,포병·전차를 이용한 전투,19,4,-10.0,2,1,2,-2.26148409893993,"Jerusalem, Israel (general), Israel",IS,https://www.algemeiner.com/2021/11/10/do-palestinians-really-just-want-east-jerusalem/
20211110,1013635722,20211110,GAZA,PSE,ISRAEL,ISR,194,포병·전차를 이용한 전투,19,4,-10.0,3,1,3,-2.26148409893993,"Gaza, Israel (general), Israel",IS,https://www.algemeiner.com/2021/11/10/do-palestinians-really-just-want-east-jerusalem/
20211110,1013644128,20211110,ISRAELI,ISR,PALESTINIAN,PSE,190,재래식 군사력 사용,19,4,-10.0,10,1,10,-6.06060606060606,Israel,IS,https://article.wn.com/view/2021/11/10/Tensions_Rise_As_Israeli_Officials_Plan_For_Theme_Park_Near_/
20211110,1013644522,20211110,PALESTINIAN,PSE,ISRAELI,ISR,190,재래식 군사력 사용,19,4,-10.0,10,1,10,-6.06060606060606,Israel,IS,https://article.wn.com/view/2021/11/10/Tensions_Rise_As_Israeli_Officials_Plan_For_Theme_Park_Near_/
20211110,1013648448,20211110,IRANIAN,IRN,IRAQ,IRQ,190,재래식 군사력 사용,19,4,-10.0,3,3,3,-6.60692562415496,Iran,IR,https://www.heritage.org/middle-east/commentary/iranian-drones-cast-intimidating-shadow-over-iraq
20211110,1013648455,20211110,IRAQ,IRQ,IRANIAN,IRN,190,재래식 군사력 사용,19,4,-10.0,3,3,3,-6.60692562415496,"Baghdad, Baghdad, Iraq",IZ,https://www.heritage.org/middle-east/commentary/iranian-drones-cast-intimidating-shadow-over-iraq
20211110,1013648456,20211110,IRAQ,IRQ,IRANIAN,IRN,190,재래식 군사력 사용,19,4,-10.0,3,3,3,-6.60692562415496,Iran,IR,https://www.heritage.org/middle-east/commentary/iranian-drones-cast-intimidating-shadow-over-iraq
20211110,1013654013,20211110,ISRAELI,ISR,PALESTINIAN,PSE,190,재래식 군사력 사용,19,4,-10.0,1,1,1,-5.59824368825466,"Hebron, Israel (general), Israel",IS,"http://aljazeerah.info/News/2021/November/10%20n/Israeli%20Occupation%20Apartheid%20Regime%20Soldiers%20Kill%20a%20Palestinian%20Child,%20Injure,%20Abduct%20Dozens%20of%20Civilians,%20Demolish%20their%20Homes,%20November%209,%202021.htm"
20211110,1013654014,20211110,ISRAELI,ISR,PALESTINIAN,PSE,190,재래식 군사력 사용,19,4,-10.0,3,1,1,-5.59824368825466,"Bethlehem, West Bank (general), West Bank",WE,"http://aljazeerah.info/News/2021/November/10%20n/Israeli%20Occupation%20Apartheid%20Regime%20Soldiers%20Kill%20a%20Palestinian%20Child,%20Injure,%20Abduct%20Dozens%20of%20Civilians,%20Demolish%20their%20Homes,%20November%209,%202021.htm"
20211110,1013654015,20211110,ISRAELI,ISR,PALESTINIAN,PSE,190,재래식 군사력 사용,19,4,-10.0,1,1,1,-5.59824368825466,"Gaza, Israel (general), Israel",IS,"http://aljazeerah.info/News/2021/November/10%20n/Israeli%20Occupation%20Apartheid%20Regime%20Soldiers%20Kill%20a%20Palestinian%20Child,%20Injure,%20Abduct%20Dozens%20of%20Civilians,%20Demolish%20their%20Homes,%20November%209,%202021.htm"
20211110,1013654016,20211110,ISRAELI,ISR,WEST BANK,PSE,192,영토 점령,19,4,-9.5,1,1,1,-5.59824368825466,"Bethlehem, West Bank (general), West Bank",WE,"http://aljazeerah.info/News/2021/November/10%20n/Israeli%20Occupation%20Apartheid%20Regime%20Soldiers%20Kill%20a%20Palestinian%20Child,%20Injure,%20Abduct%20Dozens%20of%20Civilians,%20Demolish%20their%20Homes,%20November%209,%202021.htm"
20211110,1013654017,20211110,ISRAELI,ISR,PALESTINIAN,PSE,192,영토 점령,19,4,-9.5,6,1,6,-5.59824368825466,"Jerusalem, Israel (general), Israel",IS,"http://aljazeerah.info/News/2021/November/10%20n/Israeli%20Occupation%20Apartheid%20Regime%20Soldiers%20Kill%20a%20Palestinian%20Child,%20Injure,%20Abduct%20Dozens%20of%20Civilians,%20Demolish%20their%20Homes,%20November%209,%202021.htm"
20211110,1013654018,20211110,ISRAELI,ISR,PALESTINIAN,PSE,192,영토 점령,19,4,-9.5,1,1,1,-5.59824368825466,"Jerusalem, Israel (general), Israel",IS,"http://aljazeerah.info/News/2021/November/10%20n/Israeli%20Occupation%20Apartheid%20Regime%20Soldiers%20Kill%20a%20Palestinian%20Child,%20Injure,%20Abduct%20Dozens%20of%20Civilians,%20Demolish%20their%20Homes,%20November%209,%202021.htm"
20211110,1013654019,20211110,ISRAELI,ISR,WEST BANK,PSE,193,소형무기·경무기를 이용한 전투,19,4,-10.0,1,1,1,-5.59824368825466,"Bethlehem, West Bank (general), West Bank",WE,"http://aljazeerah.info/News/2021/November/10%20n/Israeli%20Occupation%20Apartheid%20Regime%20Soldiers%20Kill%20a%20Palestinian%20Child,%20Injure,%20Abduct%20Dozens%20of%20Civilians,%20Demolish%20their%20Homes,%20November%209,%202021.htm"
20211110,1013654020,20211110,ISRAELI,ISR,PALESTINIAN,PSE,193,소형무기·경무기를 이용한 전투,19,4,-10.0,1,1,1,-5.59824368825466,"Nablus, West Bank (general), West Bank",WE,"http://aljazeerah.info/News/2021/November/10%20n/Israeli%20Occupation%20Apartheid%20Regime%20Soldiers%20Kill%20a%20Palestinian%20Child,%20Injure,%20Abduct%20Dozens%20of%20Civilians,%20Demolish%20their%20Homes,%20November%209,%202021.htm"
20211110,1013654021,20211110,ISRAELI,ISR,PALESTINIAN,PSE,193,소형무기·경무기를 이용한 전투,19,4,-10.0,1,1,1,-5.59824368825466,"Gaza, Israel (general), Israel",IS,"http://aljazeerah.info/News/2021/November/10%20n/Israeli%20Occupation%20Apartheid%20Regime%20Soldiers%20Kill%20a%20Palestinian%20Child,%20Injure,%20Abduct%20Dozens%20of%20Civilians,%20Demolish%20their%20Homes,%20November%209,%202021.htm"
20211110,1013654022,20211110,ISRAELI,ISR,WEST BANK,PSE,193,소형무기·경무기를 이용한 전투,19,4,-10.0,1,1,1,-5.59824368825466,"Bethlehem, West Bank (general), West Bank",WE,"http://aljazeerah.info/News/2021/November/10%20n/Israeli%20Occupation%20Apartheid%20Regime%20Soldiers%20Kill%20a%20Palestinian%20Child,%20Injure,%20Abduct%20Dozens%20of%20Civilians,%20Demolish%20their%20Homes,%20November%209,%202021.htm"
20211110,1013654023,20211110,ISRAELI,ISR,PALESTINIAN,PSE,193,소형무기·경무기를 이용한 전투,19,4,-10.0,3,1,3,-5.59824368825466,"Nablus, West Bank (general), West Bank",WE,"http://aljazeerah.info/News/2021/November/10%20n/Israeli%20Occupation%20Apartheid%20Regime%20Soldiers%20Kill%20a%20Palestinian%20Child,%20Injure,%20Abduct%20Dozens%20of%20Civilians,%20Demolish%20their%20Homes,%20November%209,%202021.htm"
20211110,1013654024,20211110,ISRAEL,ISR,PALESTINIAN,PSE,190,재래식 군사력 사용,19,4,-10.0,2,1,2,-11.5942028985507,"Jerusalem, Israel (general), Israel",IS,https://www.timesofisrael.com/east-jerusalem-man-stabbed-to-death-in-suspected-murder/
20211110,1013654026,20211110,ISRAELI,ISR,PALESTINIAN,PSE,190,재래식 군사력 사용,19,4,-10.0,6,1,6,-5.59824368825466,"Hebron, Israel (general), Israel",IS,"http://aljazeerah.info/News/2021/November/10%20n/Israeli%20Occupation%20Apartheid%20Regime%20Soldiers%20Kill%20a%20Palestinian%20Child,%20Injure,%20Abduct%20Dozens%20of%20Civilians,%20Demolish%20their%20Homes,%20November%209,%202021.htm"
20211110,1013654027,20211110,ISRAELI,ISR,PALESTINIAN,PSE,190,재래식 군사력 사용,19,4,-10.0,6,1,6,-5.59824368825466,"Jerusalem, Israel (general), Israel",IS,"http://aljazeerah.info/News/2021/November/10%20n/Israeli%20Occupation%20Apartheid%20Regime%20Soldiers%20Kill%20a%20Palestinian%20Child,%20Injure,%20Abduct%20Dozens%20of%20Civilians,%20Demolish%20their%20Homes,%20November%209,%202021.htm"
20211110,1013654456,20211110,PALESTINIAN,PSE,ISRAEL,ISR,190,재래식 군사력 사용,19,4,-10.0,2,1,2,-11.5942028985507,"Jerusalem, Israel (general), Israel",IS,https://www.timesofisrael.com/east-jerusalem-man-stabbed-to-death-in-suspected-murder/
20211110,1013655991,20211109,ADEN,YEM,ABDULLAH,SAU,190,재래식 군사력 사용,19,4,-10.0,3,1,3,-10.2272727272728,"Hudaydah, Al ?udaydah, Yemen",YM,http://www.asianews.it/news-en/Car-bomb-kills-journalist-in-Aden-on-her-way-to-the-hospital-to-give-birth-54471.html
20211110,1013655992,20211109,ADEN,YEM,ABDULLAH,SAU,194,포병·전차를 이용한 전투,19,4,-10.0,3,1,3,-10.2272727272728,"Hudaydah, Al ?udaydah, Yemen",YM,http://www.asianews.it/news-en/Car-bomb-kills-journalist-in-Aden-on-her-way-to-the-hospital-to-give-birth-54471.html
20211110,1013657925,20211110,AL HUDAYDAH,YEM,SAUDI,SAU,196,휴전 위반,19,4,-9.5,5,1,5,-10.2272727272728,"Riyadh, Ar Riya?, Saudi Arabia",SA,http://www.asianews.it/news-en/Car-bomb-kills-journalist-in-Aden-on-her-way-to-the-hospital-to-give-birth-54471.html
20211110,1013657926,20211110,YEMEN,YEM,SAUDI ARABIA,SAU,196,휴전 위반,19,4,-9.5,2,1,2,-10.2272727272728,"Hudaydah, Al ?udaydah, Yemen",YM,http://www.asianews.it/news-en/Car-bomb-kills-journalist-in-Aden-on-her-way-to-the-hospital-to-give-birth-54471.html
20211110,1013660558,20211110,IRANIAN,IRN,ISRAEL,ISR,194,포병·전차를 이용한 전투,19,4,-10.0,2,1,2,-2.24919671545876,"Gaza, Israel (general), Israel",IS,https://www.washingtoninstitute.org/policy-analysis/how-israel-should-navigate-new-american-landscape
20211110,1013660561,20211110,IRANIAN,IRN,SAUDI ARABIA,SAU,190,재래식 군사력 사용,19,4,-10.0,1,1,1,-2.24919671545876,Afghanistan,AF,https://www.washingtoninstitute.org/policy-analysis/how-israel-should-navigate-new-american-landscape
20211110,1013660562,20211110,IRANIAN,IRN,SAUDI,SAU,190,재래식 군사력 사용,19,4,-10.0,6,1,6,-2.24919671545876,Iran,IR,https://www.washingtoninstitute.org/policy-analysis/how-israel-should-navigate-new-american-landscape
20211110,1013661058,20211110,TURKEY,TUR,SYRIA,SYR,192,영토 점령,19,4,-9.5,3,1,3,-2.5,"Euphrates, Dayr az Zawr, Syria",SY,https://www.trtworld.com/opinion/manufacturing-chaos-russia-s-escalation-against-turkey-s-ally-in-syria-51522
20211110,1013661059,20211110,TURKEY,TUR,SYRIA,SYR,192,영토 점령,19,4,-9.5,2,1,2,-2.5,"Euphrates, Dayr az Zawr, Syria",SY,https://www.trtworld.com/opinion/manufacturing-chaos-russia-s-escalation-against-turkey-s-ally-in-syria-51522
20211110,1013661060,20211110,TURKEY,TUR,SYRIA,SYR,192,영토 점령,19,4,-9.5,1,1,1,-2.5,"Ankara, Ankara, Turkey",TU,https://www.trtworld.com/opinion/manufacturing-chaos-russia-s-escalation-against-turkey-s-ally-in-syria-51522
20211110,1013661061,20211110,TURKISH,TUR,SYRIA,SYR,194,포병·전차를 이용한 전투,19,4,-10.0,2,1,2,-2.5,"Ankara, Ankara, Turkey",TU,https://www.trtworld.com/opinion/manufacturing-chaos-russia-s-escalation-against-turkey-s-ally-in-syria-51522
20211110,1013661062,20211110,TURKISH,TUR,SYRIA,SYR,194,포병·전차를 이용한 전투,19,4,-10.0,2,1,2,-2.5,Iraq,IZ,https://www.trtworld.com/opinion/manufacturing-chaos-russia-s-escalation-against-turkey-s-ally-in-syria-51522
20211110,1013661075,20211110,TURKISH,TUR,SYRIA,SYR,194,포병·전차를 이용한 전투,19,4,-10.0,6,1,6,-2.5,"Ankara, Ankara, Turkey",TU,https://www.trtworld.com/opinion/manufacturing-chaos-russia-s-escalation-against-turkey-s-ally-in-syria-51522
20211110,1013672688,20211110,SAUDI ARABIA,SAU,YEMEN,YEM,190,재래식 군사력 사용,19,4,-10.0,14,2,14,-6.67701863354037,"Marib, Ma'rib, Yemen",YM,https://www.middleeasteye.net/news/yemen-houthi-rebels-detain-25-people-working-us-sanaa-report
20211110,1013672695,20211110,SYRIA,SYR,ISRAEL,ISR,154,군 병력 동원·증강,15,4,-7.2,1,1,1,-7.33944954128441,"Al Hadath, ?alab, Syria",SY,https://www.algemeiner.com/2021/11/10/report-rift-opens-between-syrian-dictator-assad-and-head-of-irans-terrorist-army-in-syria/
20211110,1013672696,20211110,SYRIA,SYR,ISRAEL,ISR,154,군 병력 동원·증강,15,4,-7.2,1,1,1,-7.33944954128441,"Al Hadath, ?alab, Syria",SY,https://www.algemeiner.com/2021/11/10/report-rift-opens-between-syrian-dictator-assad-and-head-of-irans-terrorist-army-in-syria/
20211110,1013673966,20211110,ISRAEL,ISR,PALESTINIAN,PSE,193,소형무기·경무기를 이용한 전투,19,4,-10.0,2,1,2,-2.56410256410256,"Yehud, HaMerkaz, Israel",IS,https://www.972mag.com/religious-zionism-manekin-review/
20211110,1013673967,20211110,ISRAEL,ISR,PALESTINIAN,PSE,193,소형무기·경무기를 이용한 전투,19,4,-10.0,2,1,2,-2.56410256410256,"Gaza, Israel (general), Israel",IS,https://www.972mag.com/religious-zionism-manekin-review/
20211110,1013673968,20211110,ISRAELI,ISR,PALESTINIAN,PSE,193,소형무기·경무기를 이용한 전투,19,4,-10.0,2,1,2,-2.56410256410256,"Yehud, HaMerkaz, Israel",IS,https://www.972mag.com/religious-zionism-manekin-review/
20211110,1013676701,20211110,ABDULLAH,SAU,YEMEN,YEM,190,재래식 군사력 사용,19,4,-10.0,2,1,2,-6.47773279352226,Yemen,YM,https://www.miragenews.com/director-general-denounces-assassination-of-670903/
20211110,1013682047,20211110,ISRAEL,ISR,IRANIAN,IRN,190,재래식 군사력 사용,19,4,-10.0,10,1,10,-7.38636363636364,Israel,IS,https://www.iranintl.com/en/20211110528184
20211110,1013682060,20211110,ISRAEL,ISR,SYRIA,SYR,195,공중무기 사용,19,4,-10.0,6,1,6,-7.38636363636364,Iran,IR,https://www.iranintl.com/en/20211110528184
20211110,1013682061,20211110,ISRAEL,ISR,SYRIA,SYR,195,공중무기 사용,19,4,-10.0,2,1,2,-7.38636363636364,Israel,IS,https://www.iranintl.com/en/20211110528184
20211110,1013682377,20211110,SAUDI ARABIA,SAU,YEMEN,YEM,190,재래식 군사력 사용,19,4,-10.0,4,1,2,-7.14285714285714,"Marib, Ma'rib, Yemen",YM,https://www.trtworld.com/middle-east/saudi-led-coalition-claims-killing-scores-more-houthis-in-battle-for-marib-51530
20211110,1013682378,20211110,SAUDI ARABIA,SAU,YEMEN,YEM,190,재래식 군사력 사용,19,4,-10.0,2,1,2,-7.14285714285714,Saudi Arabia,SA,https://www.trtworld.com/middle-east/saudi-led-coalition-claims-killing-scores-more-houthis-in-battle-for-marib-51530
20211110,1013682379,20211110,SAUDI ARABIA,SAU,YEMEN,YEM,190,재래식 군사력 사용,19,4,-10.0,6,1,6,-7.14285714285714,Saudi Arabia,SA,https://www.trtworld.com/middle-east/saudi-led-coalition-claims-killing-scores-more-houthis-in-battle-for-marib-51530
20211110,1013682394,20211110,SYRIAN,SYR,IRAN,IRN,195,공중무기 사용,19,4,-10.0,10,1,10,-7.38636363636364,"Al-Bukamal, Dayr az Zawr, Syria",SY,https://www.iranintl.com/en/20211110528184
20211110,1013682857,20211110,YEMEN,YEM,SAUDI,SAU,190,재래식 군사력 사용,19,4,-10.0,2,1,2,-7.14285714285714,"Al Jawf, Al Bay?a', Yemen",YM,https://www.trtworld.com/middle-east/saudi-led-coalition-claims-killing-scores-more-houthis-in-battle-for-marib-51530
20211110,1013682858,20211110,YEMEN,YEM,SAUDI ARABIA,SAU,190,재래식 군사력 사용,19,4,-10.0,6,1,6,-7.14285714285714,"Marib, Ma'rib, Yemen",YM,https://www.trtworld.com/middle-east/saudi-led-coalition-claims-killing-scores-more-houthis-in-battle-for-marib-51530
20211110,1013688023,20211110,PALESTINIAN,PSE,ISRAELI,ISR,190,재래식 군사력 사용,19,4,-10.0,56,6,56,-0.68764462355294,"Toronto, Ontario, Canada",CA,https://www.cp24.com/news/annamie-paul-hands-in-resignation-as-green-leader-and-quits-the-party-1.5660561
20211110,1013688373,20211110,YEMENI,YEM,SAUDI,SAU,190,재래식 군사력 사용,19,4,-10.0,3,2,3,-5.27225786261931,"Marib, Ma'rib, Yemen",YM,https://www.arabnews.com/node/1965666/middle-east
20211110,1013688374,20211110,YEMENI,YEM,SAUDI,SAU,190,재래식 군사력 사용,19,4,-10.0,1,1,1,-7.53246753246753,Saudi Arabia,SA,https://www.arabnews.com/node/1965666/middle-east
20211110,1013690017,20211110,ISRAEL,ISR,IRAN,IRN,138,군사력 사용 위협,13,3,-7.0,3,1,3,-3.39943342776204,"Tehran, Tehran, Iran",IR,https://www.middleeastmonitor.com/20211110-israel-intelligence-agency-foiled-iran-attacks-in-africa-report-says/
20211110,1013694951,20211110,IRAN,IRN,SYRIA,SYR,192,영토 점령,19,4,-9.5,9,8,9,-3.91621169943351,"Damascus, Dimashq, Syria",SY,https://www.sfgate.com/news/article/UAE-s-embrace-of-Syria-could-lead-to-more-Arab-16610335.php
20211110,1013694952,20211110,IRAN,IRN,SYRIA,SYR,192,영토 점령,19,4,-9.5,36,8,36,-3.91621169943351,"Damascus, Dimashq, Syria",SY,https://www.sfgate.com/news/article/UAE-s-embrace-of-Syria-could-lead-to-more-Arab-16610335.php
20211110,1013695674,20211110,YEMEN,YEM,SAUDI,SAU,194,포병·전차를 이용한 전투,19,4,-10.0,6,3,6,-3.91775656887003,"Asir Region, Asir, Saudi Arabia",SA,https://www.bignewsnetwork.com/news/271701279/yemens-houthis-claim-ballistic-missile-attacks-on-saudi-military-base
20211110,1013695675,20211110,YEMEN,YEM,SAUDI,SAU,194,포병·전차를 이용한 전투,19,4,-10.0,6,3,6,-3.91775656887003,"Sanaa, Sana', Yemen",YM,https://www.bignewsnetwork.com/news/271701279/yemens-houthis-claim-ballistic-missile-attacks-on-saudi-military-base
20211110,1013695676,20211110,YEMEN,YEM,SAUDI ARABIA,SAU,194,포병·전차를 이용한 전투,19,4,-10.0,12,3,12,-3.91775656887003,"Asir Region, Asir, Saudi Arabia",SA,https://www.bignewsnetwork.com/news/271701279/yemens-houthis-claim-ballistic-missile-attacks-on-saudi-military-base
20211110,1013695677,20211110,YEMEN,YEM,SAUDI,SAU,194,포병·전차를 이용한 전투,19,4,-10.0,6,3,6,-3.91775656887003,"Sanaa, Sana', Yemen",YM,https://www.bignewsnetwork.com/news/271701279/yemens-houthis-claim-ballistic-missile-attacks-on-saudi-military-base
20211110,1013699691,20211110,ISRAEL,ISR,PALESTINIAN,PSE,194,포병·전차를 이용한 전투,19,4,-10.0,1,1,1,-0.24330900243309,Israel,IS,https://www.washingtonexaminer.com/policy/defense-national-security/us-testing-its-version-of-israels-iron-dome-in-guam-against-chinese-missiles-report
20211110,1013699985,20211110,SAUDI,SAU,LEBANESE,LBN,139,최후통첩,13,3,-7.0,2,1,2,-4.97017892644135,"Beirut, Beyrouth, Lebanon",LE,https://www.presstv.ir/Detail/2021/11/10/670343/Hezbollah-urges-Saudi-Arabia-stop-meddling-Lebanon-
20211110,1013699986,20211110,SAUDI,SAU,LEBANESE,LBN,139,최후통첩,13,3,-7.0,2,1,2,-4.97017892644135,Yemen,YM,https://www.presstv.ir/Detail/2021/11/10/670343/Hezbollah-urges-Saudi-Arabia-stop-meddling-Lebanon-
20211110,1013699987,20211110,SAUDI ARABIA,SAU,LEBANESE,LBN,139,최후통첩,13,3,-7.0,4,1,4,-4.97017892644135,"Riyadh, Ar Riya?, Saudi Arabia",SA,https://www.presstv.ir/Detail/2021/11/10/670343/Hezbollah-urges-Saudi-Arabia-stop-meddling-Lebanon-
20211110,1013699988,20211110,SAUDI ARABIA,SAU,LEBANON,LBN,139,최후통첩,13,3,-7.0,2,1,2,-4.97017892644135,"Beirut, Beyrouth, Lebanon",LE,https://www.presstv.ir/Detail/2021/11/10/670343/Hezbollah-urges-Saudi-Arabia-stop-meddling-Lebanon-
20211110,1013701195,20211110,ISRAEL,ISR,GAZA,PSE,194,포병·전차를 이용한 전투,19,4,-10.0,1,1,1,2.85714285714285,Israel,IS,https://freebeacon.com/democrats/nevada-democratic-party-joins-solidarity-event-with-anti-semites-socialists/
20211110,1013701196,20211110,ISRAEL,ISR,HAMAS,PSE,194,포병·전차를 이용한 전투,19,4,-10.0,1,1,1,2.85714285714285,Israel,IS,https://freebeacon.com/democrats/nevada-democratic-party-joins-solidarity-event-with-anti-semites-socialists/
20211110,1013701200,20211110,ISRAEL,ISR,GAZA,PSE,194,포병·전차를 이용한 전투,19,4,-10.0,1,1,1,2.85714285714285,Israel,IS,https://freebeacon.com/democrats/nevada-democratic-party-joins-solidarity-event-with-anti-semites-socialists/
20211110,1013701201,20211110,ISRAEL,ISR,HAMAS,PSE,194,포병·전차를 이용한 전투,19,4,-10.0,1,1,1,2.85714285714285,Israel,IS,https://freebeacon.com/democrats/nevada-democratic-party-joins-solidarity-event-with-anti-semites-socialists/
20211110,1013703557,20211110,IRAN,IRN,ISRAEL,ISR,190,재래식 군사력 사용,19,4,-10.0,2,1,2,-6.80100755667507,"Gulf Of Oman, Iran (general), Iran",IR,https://www.meforum.org/62765/iran-cant-risk-war
20211110,1013703558,20211110,IRAN,IRN,ISRAEL,ISR,190,재래식 군사력 사용,19,4,-10.0,8,1,8,-6.80100755667507,"Eilat, HaDarom, Israel",IS,https://www.meforum.org/62765/iran-cant-risk-war
20211110,1013703571,20211110,IRAN,IRN,SAUDI,SAU,192,영토 점령,19,4,-9.5,2,1,2,-3.01204819277108,"Marib, Ma'rib, Yemen",YM,https://www.devdiscourse.com/article/international/1802523-178-bodies-of-houthi-rebels-pulled-from-yemens-marib-frontline
20211110,1013703572,20211110,IRAN,IRN,YEMEN,YEM,190,재래식 군사력 사용,19,4,-10.0,2,1,2,-3.01204819277108,"Marib, Ma'rib, Yemen",YM,https://www.devdiscourse.com/article/international/1802523-178-bodies-of-houthi-rebels-pulled-from-yemens-marib-frontline
20211110,1013703589,20211110,ISRAEL,ISR,IRAN,IRN,190,재래식 군사력 사용,19,4,-10.0,2,1,2,-6.80100755667507,"Gulf Of Oman, Iran (general), Iran",IR,https://www.meforum.org/62765/iran-cant-risk-war
20211110,1013703590,20211110,ISRAEL,ISR,IRAN,IRN,190,재래식 군사력 사용,19,4,-10.0,8,1,8,-6.80100755667507,"Eilat, HaDarom, Israel",IS,https://www.meforum.org/62765/iran-cant-risk-war
20211110,1013704170,20211110,YEMENI,YEM,SAUDI,SAU,190,재래식 군사력 사용,19,4,-10.0,3,1,3,-3.01204819277108,"Marib, Ma'rib, Yemen",YM,https://www.devdiscourse.com/article/international/1802523-178-bodies-of-houthi-rebels-pulled-from-yemens-marib-frontline
20211110,1013707107,20211110,ISRAEL,ISR,PALESTINIAN,PSE,154,군 병력 동원·증강,15,4,-7.2,2,1,2,-1.19331742243437,"Givati, HaDarom, Israel",IS,https://tribune.com.pk/story/2328819/israel-using-facial-recognition-surveillance-in-palestinian-city
20211110,1013708815,20211110,ISRAEL,ISR,GAZA,PSE,195,공중무기 사용,19,4,-10.0,10,1,10,-2.90858725761773,Israel,IS,https://blogs.timesofisrael.com/gaza-mon-amour/
20211110,1013709291,20211110,YEMENI,YEM,SAUDI ARABIA,SAU,193,소형무기·경무기를 이용한 전투,19,4,-10.0,10,1,10,-3.88513513513514,"Riyadh, Ar Riya?, Saudi Arabia",SA,https://www.middleeasteye.net/news/us-house-democrats-slam-650m-weapons-sale-saudi-arabia
20211111,1013715667,20211111,YEMEN,YEM,SAUDI,SAU,194,포병·전차를 이용한 전투,19,4,-10.0,4,2,4,-4.04055245371731,"Asir Region, Asir, Saudi Arabia",SA,http://english.sina.com/world/m/2021-11-11/detail-iktzscyy4837349.shtml
20211111,1013715668,20211111,YEMEN,YEM,SAUDI,SAU,194,포병·전차를 이용한 전투,19,4,-10.0,4,2,4,-4.04055245371731,"Sanaa, Sana', Yemen",YM,http://english.sina.com/world/m/2021-11-11/detail-iktzscyy4837349.shtml
20211111,1013715669,20211111,YEMEN,YEM,SAUDI ARABIA,SAU,194,포병·전차를 이용한 전투,19,4,-10.0,8,2,8,-4.04055245371731,"Asir Region, Asir, Saudi Arabia",SA,http://english.sina.com/world/m/2021-11-11/detail-iktzscyy4837349.shtml
20211111,1013715670,20211111,YEMEN,YEM,SAUDI,SAU,194,포병·전차를 이용한 전투,19,4,-10.0,4,2,4,-4.04055245371731,"Sanaa, Sana', Yemen",YM,http://english.sina.com/world/m/2021-11-11/detail-iktzscyy4837349.shtml
20211111,1013718243,20211111,IRAN,IRN,SYRIA,SYR,192,영토 점령,19,4,-9.5,8,6,8,-3.72019420862143,"Damascus, Dimashq, Syria",SY,https://kdhnews.com/news/world/uaes-embrace-of-syria-could-lead-to-more-arab-overtures/article_ca6532c0-a135-5a9c-942c-763bcc6f093f.html
20211111,1013718244,20211111,IRAN,IRN,SYRIA,SYR,192,영토 점령,19,4,-9.5,32,6,32,-3.72019420862143,"Damascus, Dimashq, Syria",SY,https://kdhnews.com/news/world/uaes-embrace-of-syria-could-lead-to-more-arab-overtures/article_ca6532c0-a135-5a9c-942c-763bcc6f093f.html
20211111,1013718614,20211111,PALESTINIAN,PSE,ISRAELI,ISR,190,재래식 군사력 사용,19,4,-10.0,31,4,31,-1.23199204638343,"Toronto, Ontario, Canada",CA,https://www.timescolonist.com/national-news/annamie-paul-hands-in-resignation-as-green-leader-and-quits-the-party-4745532
20211111,1013736467,20211111,GAZA,PSE,ISRAEL,ISR,194,포병·전차를 이용한 전투,19,4,-10.0,2,1,2,-1.65562913907285,Gaza Strip,GZ,https://www.zerohedge.com/geopolitical/us-tests-israels-iron-dome-guam-eye-china
20211111,1013736468,20211111,GAZA,PSE,ISRAEL,ISR,194,포병·전차를 이용한 전투,19,4,-10.0,10,1,10,-1.65562913907285,"Gaza, Israel (general), Israel",IS,https://www.zerohedge.com/geopolitical/us-tests-israels-iron-dome-guam-eye-china
20211111,1013737617,20211111,ISRAEL,ISR,PALESTINIAN,PSE,190,재래식 군사력 사용,19,4,-10.0,2,1,2,-4.84848484848485,"Hebron, Israel (general), Israel",IS,https://www.timesofisrael.com/2-palestinians-said-wounded-after-settlers-open-fire-during-west-bank-clashes/
20211111,1013737882,20211111,GAZA,PSE,ISRAEL,ISR,194,포병·전차를 이용한 전투,19,4,-10.0,9,3,9,-2.423173180586,"Gaza, Israel (general), Israel",IS,https://www.israelnationalnews.com/tags/Sderot
20211111,1013737883,20211111,PALESTINIAN,PSE,ISRAEL,ISR,190,재래식 군사력 사용,19,4,-10.0,1,1,1,-4.84848484848485,"Hebron, Israel (general), Israel",IS,https://www.timesofisrael.com/2-palestinians-said-wounded-after-settlers-open-fire-during-west-bank-clashes/
20211111,1013737884,20211111,PALESTINIAN,PSE,ISRAEL,ISR,190,재래식 군사력 사용,19,4,-10.0,1,1,1,-4.84848484848485,"Yatta, West Bank (general), West Bank",WE,https://www.timesofisrael.com/2-palestinians-said-wounded-after-settlers-open-fire-during-west-bank-clashes/
20211111,1013737888,20211111,GAZA,PSE,ISRAEL,ISR,194,포병·전차를 이용한 전투,19,4,-10.0,1,1,1,-1.64835164835165,"Gaza, Israel (general), Israel",IS,https://www.israelnationalnews.com/tags/Sderot
20211111,1013738343,20211111,YEMENI,YEM,SAUDI,SAU,190,재래식 군사력 사용,19,4,-10.0,10,1,10,-3.1496062992126,"Taizz, Taizz, Yemen",YM,https://www.presstv.ir/Detail/2021/11/11/670356/Yemen-Saudi-Arabia-counterstrikes-Asir-Ma-rib-Ta-izz
20211111,1013738344,20211111,YEMENI,YEM,DHAHRAN,SAU,190,재래식 군사력 사용,19,4,-10.0,8,2,8,-2.66650620637486,"Marib, Ma'rib, Yemen",YM,https://www.presstv.ir/Detail/2021/11/11/670356/Yemen-Saudi-Arabia-counterstrikes-Asir-Ma-rib-Ta-izz
20211111,1013738345,20211111,YEMENI,YEM,DHAHRAN,SAU,190,재래식 군사력 사용,19,4,-10.0,12,2,12,-2.66650620637486,"Marib, Ma'rib, Yemen",YM,https://www.presstv.ir/Detail/2021/11/11/670356/Yemen-Saudi-Arabia-counterstrikes-Asir-Ma-rib-Ta-izz
20211111,1013748301,20211111,GAZA,PSE,ISRAEL,ISR,190,재래식 군사력 사용,19,4,-10.0,24,5,24,-2.89587429542654,"Gaza, Israel (general), Israel",IS,https://www.msn.com/en-ae/news/middleeast/thousands-in-gaza-await-compensation-after-homes-destroyed/ar-AAQyVYo
20211111,1013752886,20211111,IRAN,IRN,IRAQ,IRQ,190,재래식 군사력 사용,19,4,-10.0,5,1,5,-7.96460176991147,Iraq,IZ,https://www.huewire.com/re-iran-backed-group-carried-out-drone-attack-on-iraq-pm-officials-say/
20211111,1013766329,20211111,ISRAEL,ISR,PALESTINIAN,PSE,194,포병·전차를 이용한 전투,19,4,-10.0,3,2,3,-0.894024502445405,Israel,IS,https://gazette.com/news/us-testing-its-version-of-israel-s-iron-dome-in-guam-against-chinese-missiles-report/article_9c77b3e1-53b3-5d27-af96-1346ab9883c9.html
20211111,1013768221,20211111,IRAQ,IRQ,SYRIA,SYR,190,재래식 군사력 사용,19,4,-10.0,2,1,2,-2.1039603960396,Iraq,IZ,http://idrw.org/military-files-of-indian-troops-left-unread-in-pakistan-museum-for-97-years-go-online/
20211111,1013768222,20211111,IRAQ,IRQ,SYRIA,SYR,190,재래식 군사력 사용,19,4,-10.0,6,1,6,-2.1039603960396,Kuwait,KU,http://idrw.org/military-files-of-indian-troops-left-unread-in-pakistan-museum-for-97-years-go-online/
20211111,1013768223,20211111,IRAQ,IRQ,SYRIA,SYR,190,재래식 군사력 사용,19,4,-10.0,2,1,2,-2.1039603960396,Kuwait,KU,http://idrw.org/military-files-of-indian-troops-left-unread-in-pakistan-museum-for-97-years-go-online/
20211111,1013768224,20211111,IRAQ,IRQ,TURKEY,TUR,190,재래식 군사력 사용,19,4,-10.0,2,1,2,-2.1039603960396,Iraq,IZ,http://idrw.org/military-files-of-indian-troops-left-unread-in-pakistan-museum-for-97-years-go-online/
20211111,1013768225,20211111,IRAQ,IRQ,TURKEY,TUR,190,재래식 군사력 사용,19,4,-10.0,2,1,2,-2.1039603960396,Kuwait,KU,http://idrw.org/military-files-of-indian-troops-left-unread-in-pakistan-museum-for-97-years-go-online/
20211111,1013768226,20211111,IRAQ,IRQ,TURKEY,TUR,190,재래식 군사력 사용,19,4,-10.0,6,1,6,-2.1039603960396,Kuwait,KU,http://idrw.org/military-files-of-indian-troops-left-unread-in-pakistan-museum-for-97-years-go-online/
20211111,1013768229,20211111,ISRAEL,ISR,IRANIAN,IRN,190,재래식 군사력 사용,19,4,-10.0,10,1,10,1.15740740740741,Iran,IR,https://www.israelnationalnews.com/News/News.aspx/316711
20211111,1013768501,20211111,SAUDI,SAU,LEBANESE,LBN,139,최후통첩,13,3,-7.0,4,2,4,-4.20782568602246,"Beirut, Beyrouth, Lebanon",LE,https://www.tasnimnews.com/en/news/2021/11/11/2606020/lebanon-not-to-accept-subordination-to-anyone-hezbollah
20211111,1013768502,20211111,SAUDI,SAU,LEBANESE,LBN,139,최후통첩,13,3,-7.0,2,1,2,-4.52586206896551,Yemen,YM,https://www.tasnimnews.com/en/news/2021/11/11/2606020/lebanon-not-to-accept-subordination-to-anyone-hezbollah
20211111,1013768503,20211111,SAUDI ARABIA,SAU,LEBANESE,LBN,139,최후통첩,13,3,-7.0,8,2,8,-4.20782568602246,"Riyadh, Ar Riya?, Saudi Arabia",SA,https://www.tasnimnews.com/en/news/2021/11/11/2606020/lebanon-not-to-accept-subordination-to-anyone-hezbollah
20211111,1013768504,20211111,SAUDI ARABIA,SAU,LEBANON,LBN,139,최후통첩,13,3,-7.0,4,2,4,-4.20782568602246,"Beirut, Beyrouth, Lebanon",LE,https://www.tasnimnews.com/en/news/2021/11/11/2606020/lebanon-not-to-accept-subordination-to-anyone-hezbollah
20211111,1013768528,20211111,SYRIA,SYR,IRAQ,IRQ,190,재래식 군사력 사용,19,4,-10.0,2,1,2,-2.1039603960396,Iraq,IZ,http://idrw.org/military-files-of-indian-troops-left-unread-in-pakistan-museum-for-97-years-go-online/
20211111,1013768529,20211111,SYRIA,SYR,IRAQ,IRQ,190,재래식 군사력 사용,19,4,-10.0,6,1,6,-2.1039603960396,Kuwait,KU,http://idrw.org/military-files-of-indian-troops-left-unread-in-pakistan-museum-for-97-years-go-online/
20211111,1013768530,20211111,SYRIA,SYR,IRAQ,IRQ,190,재래식 군사력 사용,19,4,-10.0,2,1,2,-2.1039603960396,Kuwait,KU,http://idrw.org/military-files-of-indian-troops-left-unread-in-pakistan-museum-for-97-years-go-online/
20211111,1013768534,20211111,SYRIA,SYR,TURKEY,TUR,190,재래식 군사력 사용,19,4,-10.0,2,1,2,-2.1039603960396,Iraq,IZ,http://idrw.org/military-files-of-indian-troops-left-unread-in-pakistan-museum-for-97-years-go-online/
20211111,1013768535,20211111,SYRIA,SYR,TURKEY,TUR,190,재래식 군사력 사용,19,4,-10.0,6,1,6,-2.1039603960396,Kuwait,KU,http://idrw.org/military-files-of-indian-troops-left-unread-in-pakistan-museum-for-97-years-go-online/
20211111,1013768536,20211111,SYRIA,SYR,TURKEY,TUR,190,재래식 군사력 사용,19,4,-10.0,2,1,2,-2.1039603960396,Kuwait,KU,http://idrw.org/military-files-of-indian-troops-left-unread-in-pakistan-museum-for-97-years-go-online/
20211111,1013768545,20211111,TURKEY,TUR,IRAQ,IRQ,190,재래식 군사력 사용,19,4,-10.0,2,1,2,-2.1039603960396,Iraq,IZ,http://idrw.org/military-files-of-indian-troops-left-unread-in-pakistan-museum-for-97-years-go-online/
20211111,1013768546,20211111,TURKEY,TUR,IRAQ,IRQ,190,재래식 군사력 사용,19,4,-10.0,2,1,2,-2.1039603960396,Kuwait,KU,http://idrw.org/military-files-of-indian-troops-left-unread-in-pakistan-museum-for-97-years-go-online/
20211111,1013768547,20211111,TURKEY,TUR,IRAQ,IRQ,190,재래식 군사력 사용,19,4,-10.0,6,1,6,-2.1039603960396,Kuwait,KU,http://idrw.org/military-files-of-indian-troops-left-unread-in-pakistan-museum-for-97-years-go-online/
20211111,1013768551,20211111,TURKEY,TUR,SYRIA,SYR,190,재래식 군사력 사용,19,4,-10.0,2,1,2,-2.1039603960396,Iraq,IZ,http://idrw.org/military-files-of-indian-troops-left-unread-in-pakistan-museum-for-97-years-go-online/
20211111,1013768552,20211111,TURKEY,TUR,SYRIA,SYR,190,재래식 군사력 사용,19,4,-10.0,2,1,2,-2.1039603960396,Kuwait,KU,http://idrw.org/military-files-of-indian-troops-left-unread-in-pakistan-museum-for-97-years-go-online/
20211111,1013768553,20211111,TURKEY,TUR,SYRIA,SYR,190,재래식 군사력 사용,19,4,-10.0,6,1,6,-2.1039603960396,Kuwait,KU,http://idrw.org/military-files-of-indian-troops-left-unread-in-pakistan-museum-for-97-years-go-online/
20211111,1013776803,20211111,YEMEN,YEM,SAUDI,SAU,190,재래식 군사력 사용,19,4,-10.0,2,1,2,-3.46534653465346,"Marib, Ma'rib, Yemen",YM,https://english.newstracklive.com/news/houthis-claim-to-have-launched-ballistic-missiles-at-a-saudi-military-base-sc57-nu318-ta318-1191944-1.html
20211111,1013790918,20211111,ISRAEL,ISR,IRAN,IRN,190,재래식 군사력 사용,19,4,-10.0,8,1,8,-3.17725752508362,"Gaza, Israel (general), Israel",IS,https://www.haaretz.com/israel-news/israel-broadens-assaults-in-syria-russia-doesn-t-care-1.10369895
20211111,1013790919,20211111,ISRAEL,ISR,IRAN,IRN,190,재래식 군사력 사용,19,4,-10.0,2,1,2,-3.17725752508362,"New York, United States",US,https://www.haaretz.com/israel-news/israel-broadens-assaults-in-syria-russia-doesn-t-care-1.10369895
20211111,1013790923,20211111,ISRAEL,ISR,PALESTINIAN,PSE,194,포병·전차를 이용한 전투,19,4,-10.0,4,1,4,-1.55440414507772,Israel,IS,http://www.hngn.com/articles/238918/20211111/iron-dome-missile-effective-stopping-hypersonic-american-military-tests-defense.htm
20211111,1013795471,20211111,TEHRAN,IRN,ISRAEL,ISR,190,재래식 군사력 사용,19,4,-10.0,2,1,2,-4.37158469945355,"Tehran, Tehran, Iran",IR,https://www.iranintl.com/en/20211111219892
20211111,1013795472,20211111,TEHRAN,IRN,HASSAN,JOR,190,재래식 군사력 사용,19,4,-10.0,8,1,8,-4.37158469945355,"Tehran, Tehran, Iran",IR,https://www.iranintl.com/en/20211111219892
20211111,1013795514,20211111,ISRAELI,ISR,IRAN,IRN,190,재래식 군사력 사용,19,4,-10.0,1,1,1,-4.37158469945355,"Tehran, Tehran, Iran",IR,https://www.iranintl.com/en/20211111219892
20211111,1013795525,20211111,ISRAELI,ISR,PALESTINIAN,PSE,190,재래식 군사력 사용,19,4,-10.0,32,3,32,-5.88236862584514,"Hebron, Israel (general), Israel",IS,https://www.gulf-times.com/story/704216/Israeli-occupation-forces-arrest-seven-Palestinians-settlers-storm-Al-Aqsa
20211111,1013795526,20211111,ISRAEL,ISR,GAZA,PSE,194,포병·전차를 이용한 전투,19,4,-10.0,1,1,1,-3.35968379446641,"Gilboa, Ha?afon, Israel",IS,https://www.japantimes.co.jp/opinion/2021/11/11/commentary/world-commentary/palestinian-ultimatum/
20211111,1013795527,20211111,ISRAEL,ISR,GAZA,PSE,194,포병·전차를 이용한 전투,19,4,-10.0,2,1,2,-3.35968379446641,"Gaza, Israel (general), Israel",IS,https://www.japantimes.co.jp/opinion/2021/11/11/commentary/world-commentary/palestinian-ultimatum/
20211111,1013795539,20211111,ISRAEL,ISR,IRAN,IRN,190,재래식 군사력 사용,19,4,-10.0,2,1,2,-4.37158469945355,"Tehran, Tehran, Iran",IR,https://www.iranintl.com/en/20211111219892
20211111,1013795540,20211111,ISRAELI,ISR,HASSAN,JOR,190,재래식 군사력 사용,19,4,-10.0,3,1,3,-4.37158469945355,"Tehran, Tehran, Iran",IR,https://www.iranintl.com/en/20211111219892
20211111,1013795889,20211111,GAZA,PSE,ISRAEL,ISR,194,포병·전차를 이용한 전투,19,4,-10.0,1,1,1,-3.35968379446641,"Gilboa, Ha?afon, Israel",IS,https://www.japantimes.co.jp/opinion/2021/11/11/commentary/world-commentary/palestinian-ultimatum/
20211111,1013798005,20211111,HAMAS,PSE,ISRAEL,ISR,193,소형무기·경무기를 이용한 전투,19,4,-10.0,4,1,4,-3.22580645161291,"Gaza, Israel (general), Israel",IS,https://www.israelnationalnews.com/News/News.aspx/316728
20211111,1013798202,20211111,YEMENI,YEM,SAUDI,SAU,190,재래식 군사력 사용,19,4,-10.0,10,1,10,-2.18340611353712,"Marib, Ma'rib, Yemen",YM,https://www.tasnimnews.com/en/news/2021/11/11/2606211/yemeni-forces-carry-out-exceptional-retaliatory-attack-against-saudi-arabia
20211111,1013801860,20211111,ISRAELI,ISR,PALESTINIAN,PSE,190,재래식 군사력 사용,19,4,-10.0,1,1,1,-6.65024630541872,"Jerusalem, Israel (general), Israel",IS,http://english.wafa.ps/Pages/Details/126771
20211111,1013802289,20211111,SYRIAN,SYR,TURKISH,TUR,190,재래식 군사력 사용,19,4,-10.0,10,1,10,-8.38709677419355,Turkey,TU,https://www.albawaba.com/node/death-erdogan-syrian-kurds-protest-turkish-drone-strikes-1454592
20211111,1013809480,20211111,ISRAEL,ISR,PALESTINIAN,PSE,163,금수·보이콧·제재 부과,16,4,-8.0,10,1,10,-8.12854442344047,Gaza Strip,GZ,http://www.ruthfullyyours.com/2021/11/11/how-palestinian-leaders-inflict-pain-on-their-people-eu-shrugs-by-khaled-abu-toameh/
20211111,1013810895,20211111,BIBI NETANYAHU,ISR,IRAN,IRN,192,영토 점령,19,4,-9.5,2,1,2,-4.69897209985316,"Hawaii, United States",US,https://americanfreepress.net/candidate-adopts-anti-war-platform/
20211111,1013810896,20211111,BIBI NETANYAHU,ISR,IRAN,IRN,192,영토 점령,19,4,-9.5,8,1,8,-4.69897209985316,Saudi Arabia,SA,https://americanfreepress.net/candidate-adopts-anti-war-platform/
20211111,1013811186,20211111,SAUDI ARABIA,SAU,IRAN,IRN,192,영토 점령,19,4,-9.5,2,1,2,-4.69897209985316,"Hawaii, United States",US,https://americanfreepress.net/candidate-adopts-anti-war-platform/
20211111,1013811187,20211111,SAUDI ARABIA,SAU,IRAN,IRN,192,영토 점령,19,4,-9.5,8,1,8,-4.69897209985316,Saudi Arabia,SA,https://americanfreepress.net/candidate-adopts-anti-war-platform/
20211111,1013814233,20211111,IRAQ,IRQ,JORDAN,JOR,154,군 병력 동원·증강,15,4,-7.2,2,1,2,1.95058517555267,Iraq,IZ,https://www.msn.com/en-ca/news/canada/from-saskatoon-to-kuwait-military-doctor-discusses-first-overseas-deployment/ar-AAQA6Nj
20211111,1013814234,20211111,IRAQ,IRQ,JORDAN,JOR,154,군 병력 동원·증강,15,4,-7.2,6,2,4,2.15523359072619,Kuwait,KU,https://www.msn.com/en-ca/news/canada/from-saskatoon-to-kuwait-military-doctor-discusses-first-overseas-deployment/ar-AAQA6Nj
20211111,1013814235,20211111,IRAQ,IRQ,JORDAN,JOR,154,군 병력 동원·증강,15,4,-7.2,16,2,8,2.15523359072619,Iraq,IZ,https://www.msn.com/en-ca/news/canada/from-saskatoon-to-kuwait-military-doctor-discusses-first-overseas-deployment/ar-AAQA6Nj
20211111,1013814236,20211111,IRAQ,IRQ,JORDAN,JOR,154,군 병력 동원·증강,15,4,-7.2,6,1,2,1.95058517555267,Kuwait,KU,https://www.msn.com/en-ca/news/canada/from-saskatoon-to-kuwait-military-doctor-discusses-first-overseas-deployment/ar-AAQA6Nj
20211111,1013814374,20211111,LEBANON,LBN,JORDAN,JOR,154,군 병력 동원·증강,15,4,-7.2,6,2,4,2.15523359072619,Kuwait,KU,https://www.msn.com/en-ca/news/canada/from-saskatoon-to-kuwait-military-doctor-discusses-first-overseas-deployment/ar-AAQA6Nj
20211111,1013814375,20211111,LEBANON,LBN,JORDAN,JOR,154,군 병력 동원·증강,15,4,-7.2,2,1,2,1.95058517555267,Iraq,IZ,https://www.msn.com/en-ca/news/canada/from-saskatoon-to-kuwait-military-doctor-discusses-first-overseas-deployment/ar-AAQA6Nj
20211111,1013814376,20211111,LEBANON,LBN,JORDAN,JOR,154,군 병력 동원·증강,15,4,-7.2,6,1,2,1.95058517555267,Kuwait,KU,https://www.msn.com/en-ca/news/canada/from-saskatoon-to-kuwait-military-doctor-discusses-first-overseas-deployment/ar-AAQA6Nj
20211111,1013814377,20211111,LEBANON,LBN,JORDAN,JOR,154,군 병력 동원·증강,15,4,-7.2,16,2,8,2.15523359072619,Iraq,IZ,https://www.msn.com/en-ca/news/canada/from-saskatoon-to-kuwait-military-doctor-discusses-first-overseas-deployment/ar-AAQA6Nj
20211111,1013814620,20211111,WEST BANK,PSE,ISRAEL,ISR,193,소형무기·경무기를 이용한 전투,19,4,-10.0,3,2,3,-0.377052453797133,Russia,RS,https://www.dw.com/en/israels-bet-on-early-covid-vaccine-booster-shots-pays-off/a-59787257
20211111,1013814621,20211111,WEST BANK,PSE,ISRAEL,ISR,193,소형무기·경무기를 이용한 전투,19,4,-10.0,9,2,9,-0.377052453797133,"Gaza, Israel (general), Israel",IS,https://www.dw.com/en/israels-bet-on-early-covid-vaccine-booster-shots-pays-off/a-59787257
20211111,1013814622,20211111,WEST BANK,PSE,ISRAEL,ISR,193,소형무기·경무기를 이용한 전투,19,4,-10.0,6,2,6,-0.377052453797133,"Gaza, Israel (general), Israel",IS,https://www.dw.com/en/israels-bet-on-early-covid-vaccine-booster-shots-pays-off/a-59787257
20211111,1013815897,20211111,IRAN,IRN,ISRAEL,ISR,138,군사력 사용 위협,13,3,-7.0,2,1,2,-1.3986013986014,Iran,IR,https://www.middleeastmonitor.com/20211111-iran-israel-will-witness-its-destruction-if-it-strikes-us/
20211111,1013815903,20211111,IRANIAN,IRN,PALESTINIAN,PSE,138,군사력 사용 위협,13,3,-7.0,3,1,3,-1.3986013986014,Iran,IR,https://www.middleeastmonitor.com/20211111-iran-israel-will-witness-its-destruction-if-it-strikes-us/
20211111,1013815904,20211111,IRANIAN,IRN,PALESTINIAN,PSE,138,군사력 사용 위협,13,3,-7.0,2,1,2,-1.3986013986014,Iran,IR,https://www.middleeastmonitor.com/20211111-iran-israel-will-witness-its-destruction-if-it-strikes-us/
20211111,1013818377,20211111,ISRAELI,ISR,IRAN,IRN,190,재래식 군사력 사용,19,4,-10.0,9,2,9,-6.016467094734,Israel,IS,https://www.naharnet.com/stories/en/285623-iran-drones-splinters-in-eyes-of-enemies
20211111,1013818378,20211111,ISRAELI,ISR,IRAN,IRN,190,재래식 군사력 사용,19,4,-10.0,15,2,15,-6.016467094734,Israel,IS,https://www.naharnet.com/stories/en/285623-iran-drones-splinters-in-eyes-of-enemies
20211111,1013829098,20211111,IRAN,IRN,IRAQ,IRQ,194,포병·전차를 이용한 전투,19,4,-10.0,2,1,2,-5.00963391136802,"Tehran, Tehran, Iran",IR,https://www.voanews.com/a/middle-east_voa-news-iran_iranian-president-rouhani-appeals-national-unity-after-protests/6182632.html
20211111,1013829099,20211111,IRAN,IRN,IRAQ,IRQ,194,포병·전차를 이용한 전투,19,4,-10.0,8,1,8,-5.00963391136802,"Tehran, Tehran, Iran",IR,https://www.voanews.com/a/middle-east_voa-news-iran_iranian-president-rouhani-appeals-national-unity-after-protests/6182632.html
20211111,1013829123,20211111,BAGHDAD,IRQ,IRANIAN,IRN,190,재래식 군사력 사용,19,4,-10.0,3,1,3,-5.06912442396314,Somalia,SO,https://www.defenceweb.co.za/security/border-security/iranian-supplied-arms-smuggled-from-yemen-into-somalia-study-says/
20211111,1013840992,20211111,WEST BANK,PSE,ISRAEL,ISR,163,금수·보이콧·제재 부과,16,4,-8.0,4,1,4,-4.32801822323462,Israel,IS,https://www.heritagefl.com/story/2021/11/12/news/new-yorks-pension-fund-halts-investments-in-ben-and-jerrys-parent-company/15776.html
20211111,1013840993,20211111,WEST BANK,PSE,ISRAEL,ISR,163,금수·보이콧·제재 부과,16,4,-8.0,2,1,2,-4.32801822323462,West Bank,WE,https://www.heritagefl.com/story/2021/11/12/news/new-yorks-pension-fund-halts-investments-in-ben-and-jerrys-parent-company/15776.html
20211111,1013843957,20211111,IRAQ,IRQ,SYRIA,SYR,190,재래식 군사력 사용,19,4,-10.0,2,1,2,-0.14947683109118,Afghanistan,AF,https://www.foxnews.com/opinion/kellogg-veterans-america-honor-country
20211111,1013843958,20211111,IRAQ,IRQ,SYRIA,SYR,190,재래식 군사력 사용,19,4,-10.0,2,1,2,-0.14947683109118,Afghanistan,AF,https://www.foxnews.com/opinion/kellogg-veterans-america-honor-country
20211111,1013843959,20211111,IRAQ,IRQ,SYRIA,SYR,190,재래식 군사력 사용,19,4,-10.0,4,1,4,-0.14947683109118,Afghanistan,AF,https://www.foxnews.com/opinion/kellogg-veterans-america-honor-country
20211111,1013843960,20211111,IRAQ,IRQ,SYRIA,SYR,190,재래식 군사력 사용,19,4,-10.0,2,1,2,-0.14947683109118,"Missouri, United States",US,https://www.foxnews.com/opinion/kellogg-veterans-america-honor-country
20211111,1013844402,20211111,SYRIA,SYR,IRAQ,IRQ,190,재래식 군사력 사용,19,4,-10.0,2,1,2,-0.14947683109118,Afghanistan,AF,https://www.foxnews.com/opinion/kellogg-veterans-america-honor-country
20211111,1013844403,20211111,SYRIA,SYR,IRAQ,IRQ,190,재래식 군사력 사용,19,4,-10.0,2,1,2,-0.14947683109118,Afghanistan,AF,https://www.foxnews.com/opinion/kellogg-veterans-america-honor-country
20211111,1013844404,20211111,SYRIA,SYR,IRAQ,IRQ,190,재래식 군사력 사용,19,4,-10.0,6,1,6,-0.14947683109118,Afghanistan,AF,https://www.foxnews.com/opinion/kellogg-veterans-america-honor-country
20211111,1013844637,20211111,YEMENI,YEM,IRAN,IRN,190,재래식 군사력 사용,19,4,-10.0,36,4,36,-5.63274475403548,"Sanaa, Sana', Yemen",YM,https://www.msn.com/en-us/news/world/new-strikes-kill-125-yemen-rebels-near-marib-coalition/ar-AAQAmA1
20211111,1013845514,20211111,ISRAELI,ISR,PALESTINIAN,PSE,190,재래식 군사력 사용,19,4,-10.0,3,1,3,-3.32225913621262,"Hebron, Israel (general), Israel",IS,http://english.wafa.ps/Pages/Details/126778
20211111,1013845515,20211111,ISRAEL,ISR,WEST BANK,PSE,190,재래식 군사력 사용,19,4,-10.0,1,1,1,-3.32225913621262,"Ramallah, West Bank (general), West Bank",WE,http://english.wafa.ps/Pages/Details/126778
20211111,1013845828,20211111,PALESTINIAN,PSE,ISRAELI,ISR,190,재래식 군사력 사용,19,4,-10.0,1,1,1,-3.32225913621262,"Ramallah, West Bank (general), West Bank",WE,http://english.wafa.ps/Pages/Details/126778
20211111,1013845829,20211111,PALESTINIAN,PSE,ISRAELI,ISR,190,재래식 군사력 사용,19,4,-10.0,2,1,2,-3.32225913621262,"Tuqu, West Bank (general), West Bank",WE,http://english.wafa.ps/Pages/Details/126778
20211111,1013845830,20211111,WEST BANK,PSE,ISRAELI,ISR,190,재래식 군사력 사용,19,4,-10.0,1,1,1,-3.32225913621262,"Ramallah, West Bank (general), West Bank",WE,http://english.wafa.ps/Pages/Details/126778
20211111,1013845831,20211111,PALESTINIAN,PSE,ISRAELI,ISR,190,재래식 군사력 사용,19,4,-10.0,3,1,3,-3.32225913621262,Gaza Strip,GZ,http://english.wafa.ps/Pages/Details/126778
20211111,1013845832,20211111,GAZA,PSE,ISRAEL,ISR,194,포병·전차를 이용한 전투,19,4,-10.0,2,1,2,-2.26148409893993,"Jerusalem, Israel (general), Israel",IS,https://www.algemeiner.com/2021/11/11/do-palestinians-really-just-want-east-jerusalem/
20211111,1013845879,20211111,SAUDI ARABIA,SAU,IRANIAN,IRN,194,포병·전차를 이용한 전투,19,4,-10.0,3,1,3,-2.69922879177378,"Riyadh, Ar Riya?, Saudi Arabia",SA,https://www.businessinsider.com/biden-sells-saudi-arabia-650-million-of-us-made-missiles-2021-11
20211111,1013845891,20211111,SYRIA,SYR,TURKEY,TUR,190,재래식 군사력 사용,19,4,-10.0,8,1,8,-5.50458779150533,Syria,SY,https://bianet.org/english/politics/253204-kobani-trial-defendants-lawyers-protest-hearings-prosecutor-wants-criminal-complaints
20211111,1013845892,20211111,SYRIA,SYR,TURKEY,TUR,190,재래식 군사력 사용,19,4,-10.0,2,1,2,-5.50458779150533,Syria,SY,https://bianet.org/english/politics/253204-kobani-trial-defendants-lawyers-protest-hearings-prosecutor-wants-criminal-complaints
20211111,1013850915,20211111,WEST BANK,PSE,ISRAEL,ISR,190,재래식 군사력 사용,19,4,-10.0,8,1,8,-5.39499036608863,"Hebron, Israel (general), Israel",IS,https://www.haaretz.com/israel-news/.premium-two-palestinian-wounded-by-gunfire-five-injured-by-stones-in-clash-with-settlers-1.10376498
20211111,1013854436,20211111,WEST BANK,PSE,ISRAEL,ISR,193,소형무기·경무기를 이용한 전투,19,4,-10.0,1,1,1,-0.43415340086831,Russia,RS,https://www.dw.com/en/israels-bet-on-early-covid-booster-shots-pays-off/a-59787257
20211111,1013854437,20211111,WEST BANK,PSE,ISRAEL,ISR,193,소형무기·경무기를 이용한 전투,19,4,-10.0,2,1,2,-0.43415340086831,"Gaza, Israel (general), Israel",IS,https://www.dw.com/en/israels-bet-on-early-covid-booster-shots-pays-off/a-59787257
20211111,1013855952,20211111,ISRAELI,ISR,PALESTINIAN,PSE,193,소형무기·경무기를 이용한 전투,19,4,-10.0,1,1,1,-8.76404494382023,Israel,IS,https://www.presstv.ir/Detail/2021/11/11/670400/Palestine-West-Bank-al-Khail--Rateb-Jabour-UN-
20211111,1013855963,20211111,ISRAELI,ISR,PALESTINIAN,PSE,193,소형무기·경무기를 이용한 전투,19,4,-10.0,6,1,6,-8.76404494382023,Israel,IS,https://www.presstv.ir/Detail/2021/11/11/670400/Palestine-West-Bank-al-Khail--Rateb-Jabour-UN-
20211111,1013856088,20211111,LEBANON,LBN,SAUDI,SAU,190,재래식 군사력 사용,19,4,-10.0,2,1,2,-5.66037735849057,Lebanon,LE,https://www.msn.com/en-us/news/world/saudi-overreacting-to-lebanon-minister-remarks-hezbollah/ar-AAQAMrz
20211111,1013856089,20211111,LEBANON,LBN,SAUDI ARABIA,SAU,190,재래식 군사력 사용,19,4,-10.0,8,1,8,-5.66037735849057,Lebanon,LE,https://www.msn.com/en-us/news/world/saudi-overreacting-to-lebanon-minister-remarks-hezbollah/ar-AAQAMrz
20211111,1013856413,20211111,SAUDI,SAU,LEBANON,LBN,190,재래식 군사력 사용,19,4,-10.0,2,1,2,-5.66037735849057,Lebanon,LE,https://www.msn.com/en-us/news/world/saudi-overreacting-to-lebanon-minister-remarks-hezbollah/ar-AAQAMrz
20211111,1013856414,20211111,SAUDI ARABIA,SAU,LEBANON,LBN,190,재래식 군사력 사용,19,4,-10.0,8,1,8,-5.66037735849057,Lebanon,LE,https://www.msn.com/en-us/news/world/saudi-overreacting-to-lebanon-minister-remarks-hezbollah/ar-AAQAMrz
20211111,1013861937,20211111,IRAN,IRN,SYRIA,SYR,193,소형무기·경무기를 이용한 전투,19,4,-10.0,1,1,1,-3.39702760084926,Russia,RS,https://americanfreepress.net/syrian-showdown-trump-vs-the-generals/
20211111,1013861938,20211111,IRANIAN,IRN,SYRIAN,SYR,193,소형무기·경무기를 이용한 전투,19,4,-10.0,2,1,2,-3.39702760084926,Russia,RS,https://americanfreepress.net/syrian-showdown-trump-vs-the-generals/
20211111,1013862340,20211111,SYRIA,SYR,IRAN,IRN,193,소형무기·경무기를 이용한 전투,19,4,-10.0,1,1,1,-3.39702760084926,Russia,RS,https://americanfreepress.net/syrian-showdown-trump-vs-the-generals/
20211111,1013862341,20211111,SYRIAN,SYR,IRANIAN,IRN,193,소형무기·경무기를 이용한 전투,19,4,-10.0,2,1,2,-3.39702760084926,Russia,RS,https://americanfreepress.net/syrian-showdown-trump-vs-the-generals/
20211111,1013866766,20211111,ISRAELI,ISR,IRAN,IRN,195,공중무기 사용,19,4,-10.0,3,1,3,0.87209302325582,United States,US,https://www.timesofisrael.com/liveblog_entry/israeli-fighter-jets-escort-american-bombers-in-israeli-skies/
20211111,1013867101,20211111,ABDULLAH,SAU,YEMEN,YEM,190,재래식 군사력 사용,19,4,-10.0,1,1,1,-5.68181818181818,"Marib, Ma'rib, Yemen",YM,https://www.msn.com/en-us/news/world/attack-on-journalists-in-yemen-shows-it-has-become-death-career-even-away-from-the-front-line/ar-AAQAH19
20211111,1013869526,20211111,SAUDI,SAU,LEBANESE,LBN,139,최후통첩,13,3,-7.0,2,1,2,-3.88978930307941,"Riyadh, Ar Riya?, Saudi Arabia",SA,https://www.veteranstoday.com/2021/11/11/hezbollah-official-urges-saudi-arabia-to-stop-interfering-in-lebanons-internal-affairs/
20211111,1013870698,20211111,ISRAEL,ISR,PALESTINIAN,PSE,163,금수·보이콧·제재 부과,16,4,-8.0,2,1,2,-3.28330206378986,Israel,IS,https://www.jewishpress.com/indepth/on-campus-indepth/jewish-president-of-student-senate-who-led-passage-of-bds-resolution-decries-anti-semitism-against-him/2021/11/10/
20211111,1013872916,20211111,ISRAELI,ISR,PALESTINIAN,PSE,190,재래식 군사력 사용,19,4,-10.0,51,3,24,-11.5298601218424,Israel,IS,https://www.clevelandjewishnews.com/jns/israeli-two-palestinians-injured-in-violent-clashes-in-southern-mount-hebron-area/article_aad9d41f-7909-58da-8c9f-17098aa7df0f.html
20211111,1013873141,20211111,PALESTINIAN,PSE,ISRAELI,ISR,190,재래식 군사력 사용,19,4,-10.0,47,2,20,-10.7527341079972,Israel,IS,https://www.clevelandjewishnews.com/jns/israeli-two-palestinians-injured-in-violent-clashes-in-southern-mount-hebron-area/article_aad9d41f-7909-58da-8c9f-17098aa7df0f.html
20211111,1013877780,20211111,ISRAELI,ISR,HAMAS,PSE,194,포병·전차를 이용한 전투,19,4,-10.0,2,1,2,-3.75234521575985,"Gaza, Israel (general), Israel",IS,https://mondoweiss.net/2021/11/facing-gaza-in-dc-an-exhibit-of-startling-facebook-mash-ups-from-the-2014-onslaught/
20211111,1013877785,20211111,ISRAEL,ISR,SYRIA,SYR,193,소형무기·경무기를 이용한 전투,19,4,-10.0,1,1,1,-2.33532934131737,"Orangeville, Ontario, Canada",CA,http://caledoncitizen.com/?p=35709
20211111,1013877786,20211111,ISRAEL,ISR,SYRIA,SYR,193,소형무기·경무기를 이용한 전투,19,4,-10.0,2,1,2,-2.33532934131737,"Golan Heights, Syria (general), Syria",SY,http://caledoncitizen.com/?p=35709
20211111,1013877787,20211111,ISRAEL,ISR,SYRIA,SYR,193,소형무기·경무기를 이용한 전투,19,4,-10.0,1,1,1,-2.33532934131737,"Orangeville, Ontario, Canada",CA,http://caledoncitizen.com/?p=35709
20211111,1013877788,20211111,ISRAEL,ISR,SYRIA,SYR,193,소형무기·경무기를 이용한 전투,19,4,-10.0,1,1,1,-2.33532934131737,"Golan Heights, Syria (general), Syria",SY,http://caledoncitizen.com/?p=35709
20211111,1013878158,20211111,SYRIA,SYR,ISRAEL,ISR,193,소형무기·경무기를 이용한 전투,19,4,-10.0,2,1,2,-2.33532934131737,"Golan Heights, Syria (general), Syria",SY,http://caledoncitizen.com/?p=35709
20211111,1013878159,20211111,SYRIA,SYR,ISRAEL,ISR,193,소형무기·경무기를 이용한 전투,19,4,-10.0,1,1,1,-2.33532934131737,"Orangeville, Ontario, Canada",CA,http://caledoncitizen.com/?p=35709
20211111,1013878160,20211111,SYRIA,SYR,ISRAEL,ISR,193,소형무기·경무기를 이용한 전투,19,4,-10.0,1,1,1,-2.33532934131737,"Orangeville, Ontario, Canada",CA,http://caledoncitizen.com/?p=35709
20211111,1013878161,20211111,SYRIA,SYR,ISRAEL,ISR,193,소형무기·경무기를 이용한 전투,19,4,-10.0,1,1,1,-2.33532934131737,"Golan Heights, Syria (general), Syria",SY,http://caledoncitizen.com/?p=35709
20211111,1013881960,20211111,IRAN,IRN,YEMEN,YEM,190,재래식 군사력 사용,19,4,-10.0,18,2,18,-5.74304525106924,Iran,IR,https://www.msn.com/en-us/news/world/iran-backed-fighters-raid-us-diplomatic-facility-in-yemen/ar-AAQAXbL
20211111,1013881961,20211111,IRAN,IRN,YEMEN,YEM,195,공중무기 사용,19,4,-10.0,16,2,16,-5.74304525106924,"Sanaa, Sana', Yemen",YM,https://www.msn.com/en-us/news/world/iran-backed-fighters-raid-us-diplomatic-facility-in-yemen/ar-AAQAXbL
20211111,1013881962,20211111,IRAN,IRN,YEMEN,YEM,195,공중무기 사용,19,4,-10.0,4,2,4,-5.74304525106924,"Washington, District of Columbia, United States",US,https://www.msn.com/en-us/news/world/iran-backed-fighters-raid-us-diplomatic-facility-in-yemen/ar-AAQAXbL
20211111,1013884265,20211111,IRAQ,IRQ,KURDISTAN,IRN,193,소형무기·경무기를 이용한 전투,19,4,-10.0,2,1,2,-5.47445255474453,"Diyala, DiyaláZ, Iraq",IZ,https://www.iraqinews.com/iraq-war/gunfire-targets-kurdistans-ruling-kdp-office-sulaymaniyah/
20211111,1013884266,20211111,IRAQ,IRQ,KURDISTAN,IRN,193,소형무기·경무기를 이용한 전투,19,4,-10.0,2,1,2,-5.47445255474453,"Erbil, Liwa' Irbil, Iraq",IZ,https://www.iraqinews.com/iraq-war/gunfire-targets-kurdistans-ruling-kdp-office-sulaymaniyah/
20211111,1013890522,20211111,IRAN,IRN,ISRAEL,ISR,190,재래식 군사력 사용,19,4,-10.0,1,1,1,-2.65151515151515,"Golan Heights, Syria (general), Syria",SY,https://www.i24news.tv/en/news/middle-east/1636648192-avi-pazner-on-i24news-assad-may-resent-iran-in-syria
20211111,1013890523,20211111,IRAN,IRN,ISRAEL,ISR,190,재래식 군사력 사용,19,4,-10.0,1,1,1,-2.65151515151515,Israel,IS,https://www.i24news.tv/en/news/middle-east/1636648192-avi-pazner-on-i24news-assad-may-resent-iran-in-syria
20211111,1013890548,20211111,ISRAELI,ISR,WEST BANK,PSE,190,재래식 군사력 사용,19,4,-10.0,1,1,1,-13.0841121495327,Israel,IS,http://english.wafa.ps/Pages/Details/126780
20211111,1013890786,20211111,HAMAS,PSE,ISRAEL,ISR,190,재래식 군사력 사용,19,4,-10.0,4,1,4,-3.06122448979591,"Jerusalem, Israel (general), Israel",IS,https://www.israelnationalnews.com/News/News.aspx/316761
20211111,1013892402,20211111,IRAQI,IRQ,TURKEY,TUR,190,재래식 군사력 사용,19,4,-10.0,1,1,1,-6.08575380359613,"Evros, Turkey (general), Turkey",TU,https://www.in.gr/2021/11/11/english-edition/erdogan-threatens-launch-migration-wave-greece-europe/
20211111,1013892403,20211111,IRAQI,IRQ,TURKEY,TUR,190,재래식 군사력 사용,19,4,-10.0,1,1,1,-6.08575380359613,"Evros, Turkey (general), Turkey",TU,https://www.in.gr/2021/11/11/english-edition/erdogan-threatens-launch-migration-wave-greece-europe/
20211111,1013892412,20211111,ISRAELI,ISR,IRANIAN,IRN,138,군사력 사용 위협,13,3,-7.0,2,1,2,-5.76271186440678,"Jerusalem, Israel (general), Israel",IS,https://www.algemeiner.com/2021/11/11/iranian-general-says-israel-is-doomed-to-disappear/
20211111,1013892700,20211111,SAUDI ARABIA,SAU,YEMEN,YEM,194,포병·전차를 이용한 전투,19,4,-10.0,2,1,2,-4.18204182041821,"Sanaa, Sana', Yemen",YM,https://pjmedia.com/news-and-politics/robert-spencer/2021/11/11/group-biden-removed-from-terror-list-storms-u-s-embassy-in-yemen-takes-hostages-n1531964
20211111,1013892701,20211111,SAUDI ARABIA,SAU,YEMEN,YEM,194,포병·전차를 이용한 전투,19,4,-10.0,2,1,2,-4.18204182041821,Saudi Arabia,SA,https://pjmedia.com/news-and-politics/robert-spencer/2021/11/11/group-biden-removed-from-terror-list-storms-u-s-embassy-in-yemen-takes-hostages-n1531964
20211111,1013892702,20211111,SAUDI ARABIA,SAU,YEMEN,YEM,194,포병·전차를 이용한 전투,19,4,-10.0,1,1,1,-4.18204182041821,Saudi Arabia,SA,https://pjmedia.com/news-and-politics/robert-spencer/2021/11/11/group-biden-removed-from-terror-list-storms-u-s-embassy-in-yemen-takes-hostages-n1531964
20211111,1013892720,20211111,SYRIAN,SYR,TURKEY,TUR,190,재래식 군사력 사용,19,4,-10.0,1,1,1,-6.08575380359613,"Washington, District of Columbia, United States",US,https://www.in.gr/2021/11/11/english-edition/erdogan-threatens-launch-migration-wave-greece-europe/
20211111,1013892721,20211111,SYRIAN,SYR,TURKEY,TUR,190,재래식 군사력 사용,19,4,-10.0,1,1,1,-6.08575380359613,"Alexandroupolis, Perifereia Anatolikis Makedonias kai Thrakis, Greece",GR,https://www.in.gr/2021/11/11/english-edition/erdogan-threatens-launch-migration-wave-greece-europe/
20211111,1013894410,20211111,IRAN,IRN,YEMEN,YEM,190,재래식 군사력 사용,19,4,-10.0,2,1,2,-5.77889447236181,Iran,IR,https://www.washingtonexaminer.com/policy/defense-national-security/iran-backed-fighters-raid-us-diplomatic-facility-in-yemen
20211111,1013896471,20211111,ISRAELI,ISR,SYRIAN,SYR,193,소형무기·경무기를 이용한 전투,19,4,-10.0,2,1,2,-1.22699386503068,Syria,SY,https://nationalinterest.org/blog/reboot/aging-f-15-eagle-still-formidable-fighter-196082
20211111,1013896472,20211111,ISRAELI,ISR,SYRIAN,SYR,193,소형무기·경무기를 이용한 전투,19,4,-10.0,1,1,1,-1.22699386503068,Syria,SY,https://nationalinterest.org/blog/reboot/aging-f-15-eagle-still-formidable-fighter-196082
20211111,1013896478,20211111,ISRAELI,ISR,SYRIAN,SYR,190,재래식 군사력 사용,19,4,-10.0,3,1,3,-1.22699386503068,Israel,IS,https://nationalinterest.org/blog/reboot/aging-f-15-eagle-still-formidable-fighter-196082
20211111,1013896479,20211111,ISRAELI,ISR,SYRIAN,SYR,193,소형무기·경무기를 이용한 전투,19,4,-10.0,6,1,6,-1.22699386503068,Syria,SY,https://nationalinterest.org/blog/reboot/aging-f-15-eagle-still-formidable-fighter-196082
20211111,1013897872,20211111,IRAN,IRN,IRAQ,IRQ,190,재래식 군사력 사용,19,4,-10.0,10,2,10,-6.31882202304737,Iran,IR,https://www.msn.com/en-us/news/us/maddow-blog-troops-to-receive-purple-hearts-from-attack-trump-downplayed/ar-AAQBgKA
20211111,1013897873,20211111,IRAN,IRN,IRAQ,IRQ,194,포병·전차를 이용한 전투,19,4,-10.0,10,2,10,-6.31882202304737,Iran,IR,https://www.msn.com/en-us/news/us/maddow-blog-troops-to-receive-purple-hearts-from-attack-trump-downplayed/ar-AAQBgKA
20211111,1013898265,20211111,SAUDI,SAU,ISRAEL,ISR,190,재래식 군사력 사용,19,4,-10.0,1,1,1,-3.48837209302325,"Riyadh, Ar Riya?, Saudi Arabia",SA,https://www.presstv.ir/Detail/2021/11/11/670410/Lebanon-Hezbollah-resistance-movement-Sayyed-Hassan-Nasrallah-civil-war-
20211111,1013898266,20211111,SAUDI,SAU,ISRAEL,ISR,190,재래식 군사력 사용,19,4,-10.0,4,1,4,-3.48837209302325,"Beirut, Beyrouth, Lebanon",LE,https://www.presstv.ir/Detail/2021/11/11/670410/Lebanon-Hezbollah-resistance-movement-Sayyed-Hassan-Nasrallah-civil-war-
20211111,1013898289,20211111,SYRIA,SYR,TURKEY,TUR,190,재래식 군사력 사용,19,4,-10.0,2,1,2,-1.23456790123456,"Kyiv, Kyyiv, Misto, Ukraine",UP,https://www.aljazeera.com/news/2021/4/11/russia-talks-of-full-scale-war-with-ukraine-kiev-turns-to-turkey
20211111,1013898290,20211111,SYRIA,SYR,TURKEY,TUR,190,재래식 군사력 사용,19,4,-10.0,8,1,8,-1.23456790123456,Syria,SY,https://www.aljazeera.com/news/2021/4/11/russia-talks-of-full-scale-war-with-ukraine-kiev-turns-to-turkey
20211111,1013898309,20211111,TURKEY,TUR,SYRIA,SYR,190,재래식 군사력 사용,19,4,-10.0,2,1,2,-1.23456790123456,"Kyiv, Kyyiv, Misto, Ukraine",UP,https://www.aljazeera.com/news/2021/4/11/russia-talks-of-full-scale-war-with-ukraine-kiev-turns-to-turkey
20211111,1013898310,20211111,TURKEY,TUR,SYRIA,SYR,190,재래식 군사력 사용,19,4,-10.0,8,1,8,-1.23456790123456,Syria,SY,https://www.aljazeera.com/news/2021/4/11/russia-talks-of-full-scale-war-with-ukraine-kiev-turns-to-turkey
20211111,1013900074,20211111,HAMAS,PSE,ISRAEL,ISR,194,포병·전차를 이용한 전투,19,4,-10.0,2,1,2,-5.95238095238095,"Jerusalem, Israel (general), Israel",IS,https://www.wcsufm.org/?page=2371
20211111,1013900075,20211111,HAMAS,PSE,ISRAEL,ISR,194,포병·전차를 이용한 전투,19,4,-10.0,8,1,8,-5.95238095238095,"Jerusalem, Israel (general), Israel",IS,https://www.wcsufm.org/?page=2371
20211111,1013900076,20211111,HAMAS,PSE,ISRAELI,ISR,194,포병·전차를 이용한 전투,19,4,-10.0,6,1,6,-5.95238095238095,"Jerusalem, Israel (general), Israel",IS,https://www.wcsufm.org/?page=2371
20211111,1013900085,20211111,ABDULLAH,SAU,YEMEN,YEM,190,재래식 군사력 사용,19,4,-10.0,2,1,2,-4.55235204855842,"Turbah, La?ij, Yemen",YM,https://www.miragenews.com/un-special-envoy-calls-for-urgent-end-to-671841/
20211111,1013906496,20211111,IRANIAN,IRN,ISRAEL,ISR,138,군사력 사용 위협,13,3,-7.0,4,1,4,-5.1764705882353,"Tehran, Tehran, Iran",IR,https://sputniknews.com/20211111/iranian-general-israel-doomed-to-termination-as-tel-aviv-threatens-to-strike-nuclear-sites-1090666984.html
20211111,1013906504,20211111,IRANIAN,IRN,ISRAEL,ISR,138,군사력 사용 위협,13,3,-7.0,6,1,6,-5.1764705882353,"Tehran, Tehran, Iran",IR,https://sputniknews.com/20211111/iranian-general-israel-doomed-to-termination-as-tel-aviv-threatens-to-strike-nuclear-sites-1090666984.html
20211111,1013908561,20211111,ISRAELI,ISR,GAZA,PSE,190,재래식 군사력 사용,19,4,-10.0,2,1,2,-6.54761904761905,"Gaza, Israel (general), Israel",IS,https://www.bignewsnetwork.com/news/271708549/nearly-50-palestinians-injured-in-clashes-with-israeli-soldiers-in-west-bank-reports
20211111,1013908759,20211111,PALESTINIAN,PSE,ISRAEL,ISR,190,재래식 군사력 사용,19,4,-10.0,2,1,2,-6.54761904761905,"Jerusalem, Israel (general), Israel",IS,https://www.bignewsnetwork.com/news/271708549/nearly-50-palestinians-injured-in-clashes-with-israeli-soldiers-in-west-bank-reports
20211111,1013908760,20211111,GAZA,PSE,ISRAELI,ISR,190,재래식 군사력 사용,19,4,-10.0,2,1,2,-6.54761904761905,"Gaza, Israel (general), Israel",IS,https://www.bignewsnetwork.com/news/271708549/nearly-50-palestinians-injured-in-clashes-with-israeli-soldiers-in-west-bank-reports
20211112,1013920737,20211112,ISRAELI,ISR,PALESTINIAN,PSE,190,재래식 군사력 사용,19,4,-10.0,88,6,64,-6.17913832199547,"Gaza, Israel (general), Israel",IS,https://www.israelherald.com/news/271708549/nearly-50-palestinians-injured-in-clashes-with-israeli-soldiers-in-west-bank-reports
20211112,1013920738,20211112,ISRAEL,ISR,HAMAS,PSE,190,재래식 군사력 사용,19,4,-10.0,8,2,8,-7.67495785552943,"Gaza, Israel (general), Israel",IS,https://www.jns.org/opinion/the-most-alarming-threat-of-all-to-the-jewish-people/
20211112,1013920752,20211112,ISRAELI,ISR,GAZA,PSE,190,재래식 군사력 사용,19,4,-10.0,14,6,14,-6.17913832199547,"Gaza, Israel (general), Israel",IS,https://www.israelherald.com/news/271708549/nearly-50-palestinians-injured-in-clashes-with-israeli-soldiers-in-west-bank-reports
20211112,1013921178,20211112,PALESTINIAN,PSE,ISRAELI,ISR,190,재래식 군사력 사용,19,4,-10.0,48,6,48,-6.54761904761905,"Jerusalem, Israel (general), Israel",IS,https://www.israelherald.com/news/271708549/nearly-50-palestinians-injured-in-clashes-with-israeli-soldiers-in-west-bank-reports
20211112,1013921179,20211112,GAZA,PSE,ISRAELI,ISR,190,재래식 군사력 사용,19,4,-10.0,34,10,34,-7.27866777191719,"Gaza, Israel (general), Israel",IS,https://www.israelherald.com/news/271708549/nearly-50-palestinians-injured-in-clashes-with-israeli-soldiers-in-west-bank-reports
20211112,1013921180,20211112,GAZA,PSE,ISRAEL,ISR,190,재래식 군사력 사용,19,4,-10.0,1,1,1,-7.62331838565023,West Bank,WE,https://www.jns.org/opinion/the-most-alarming-threat-of-all-to-the-jewish-people/
20211112,1013921181,20211112,PALESTINIAN,PSE,ISRAEL,ISR,190,재래식 군사력 사용,19,4,-10.0,12,6,12,-6.54761904761905,"Jerusalem, Israel (general), Israel",IS,https://www.israelherald.com/news/271708549/nearly-50-palestinians-injured-in-clashes-with-israeli-soldiers-in-west-bank-reports
20211112,1013921182,20211112,GAZA,PSE,ISRAELI,ISR,190,재래식 군사력 사용,19,4,-10.0,12,6,12,-6.54761904761905,"Gaza, Israel (general), Israel",IS,https://www.israelherald.com/news/271708549/nearly-50-palestinians-injured-in-clashes-with-israeli-soldiers-in-west-bank-reports
20211112,1013927376,20211112,GAZA,PSE,ISRAELI,ISR,190,재래식 군사력 사용,19,4,-10.0,4,1,4,-3.96825396825397,"Kabul, Kabol, Afghanistan",AF,https://www.iranherald.com/news/271708423/kansas-warns-citizens-to-plan-travel-if-snow-removal-is-slowed
20211112,1013927377,20211112,GAZA,PSE,ISRAELI,ISR,190,재래식 군사력 사용,19,4,-10.0,2,1,2,-3.96825396825397,"Kabul, Kabol, Afghanistan",AF,https://www.iranherald.com/news/271708423/kansas-warns-citizens-to-plan-travel-if-snow-removal-is-slowed
20211112,1013930706,20211112,IRAN,IRN,SYRIA,SYR,192,영토 점령,19,4,-9.5,1,1,1,-3.90455531453363,"Damascus, Dimashq, Syria",SY,https://www.newdelhitimes.com/uaes-embrace-of-syria-could-lead-to-more-arab-overtures/
20211112,1013930707,20211112,IRAN,IRN,SYRIA,SYR,192,영토 점령,19,4,-9.5,4,1,4,-3.90455531453363,"Damascus, Dimashq, Syria",SY,https://www.newdelhitimes.com/uaes-embrace-of-syria-could-lead-to-more-arab-overtures/
20211112,1013930834,20211112,LEBANON,LBN,ISRAEL,ISR,192,영토 점령,19,4,-9.5,1,1,1,-0.96491228070175,Lebanon,LE,https://www.israelnationalnews.com/tags/Israel
20211112,1013930835,20211112,LEBANON,LBN,ISRAEL,ISR,192,영토 점령,19,4,-9.5,1,1,1,-0.96491228070175,Lebanon,LE,https://www.israelnationalnews.com/tags/Israel
20211112,1013932889,20211112,IRAN,IRN,ISRAEL,ISR,190,재래식 군사력 사용,19,4,-10.0,8,1,8,-0.64499144399105,Iran,IR,https://www.msn.com/en-us/news/world/leon-panetta-on-top-security-threats-to-u-s/ar-AAQxi6D
20211112,1013932890,20211112,IRAN,IRN,ISRAEL,ISR,190,재래식 군사력 사용,19,4,-10.0,2,1,2,-0.64499144399105,Israel,IS,https://www.msn.com/en-us/news/world/leon-panetta-on-top-security-threats-to-u-s/ar-AAQxi6D
20211112,1013935182,20211112,IRAN,IRN,ISRAEL,ISR,138,군사력 사용 위협,13,3,-7.0,4,1,4,-6.17283950617284,"Tehran, Tehran, Iran",IR,https://www.republicworld.com/world-news/rest-of-the-world-news/iran-warns-israel-doomed-to-termination-as-tel-aviv-threatens-attack-on-nuclear-sites.html
20211112,1013935183,20211112,IRAN,IRN,ISRAEL,ISR,138,군사력 사용 위협,13,3,-7.0,2,1,2,-6.17283950617284,United States,US,https://www.republicworld.com/world-news/rest-of-the-world-news/iran-warns-israel-doomed-to-termination-as-tel-aviv-threatens-attack-on-nuclear-sites.html
20211112,1013935184,20211112,IRAN,IRN,ISRAEL,ISR,138,군사력 사용 위협,13,3,-7.0,4,1,4,-6.17283950617284,United States,US,https://www.republicworld.com/world-news/rest-of-the-world-news/iran-warns-israel-doomed-to-termination-as-tel-aviv-threatens-attack-on-nuclear-sites.html
20211112,1013935193,20211112,ISRAEL,ISR,IRAN,IRN,190,재래식 군사력 사용,19,4,-10.0,2,1,2,-6.17283950617284,"Jerusalem, Israel (general), Israel",IS,https://www.republicworld.com/world-news/rest-of-the-world-news/iran-warns-israel-doomed-to-termination-as-tel-aviv-threatens-attack-on-nuclear-sites.html
20211112,1013935194,20211112,ISRAEL,ISR,IRAN,IRN,190,재래식 군사력 사용,19,4,-10.0,8,1,8,-6.17283950617284,"Tehran, Tehran, Iran",IR,https://www.republicworld.com/world-news/rest-of-the-world-news/iran-warns-israel-doomed-to-termination-as-tel-aviv-threatens-attack-on-nuclear-sites.html
20211112,1013936326,20211112,IRAN,IRN,IRAQ,IRQ,194,포병·전차를 이용한 전투,19,4,-10.0,3,1,3,-5.22388059701492,"Ain Al-Asad, Al Anbar, Iraq",IZ,https://www.washingtonpost.com/national-security/2021/11/11/purple-hearts-iran-missile-attack/
20211112,1013936327,20211112,IRAN,IRN,IRAQ,IRQ,194,포병·전차를 이용한 전투,19,4,-10.0,1,1,1,-5.22388059701492,"Tehran, Tehran, Iran",IR,https://www.washingtonpost.com/national-security/2021/11/11/purple-hearts-iran-missile-attack/
20211112,1013939484,20211112,HAMAS,PSE,ISRAEL,ISR,190,재래식 군사력 사용,19,4,-10.0,2,1,2,-8.22924320352682,Israel,IS,https://www.jewishpress.com/indepth/columns/daniel-greenfield/the-adl-convenes-a-summit-of-anti-semites-to-fight-anti-semitism/2021/11/12/
20211112,1013948244,20211112,IRAN,IRN,SAUDI,SAU,190,재래식 군사력 사용,19,4,-10.0,10,1,10,-8.45771144278607,Iran,IR,http://www.hngn.com/articles/238928/20211111/need-focus-jumbo-jets-9-11-weaponized-drones-carry-bomb.htm
20211112,1013950469,20211112,TURKEY,TUR,SYRIA,SYR,190,재래식 군사력 사용,19,4,-10.0,1,1,1,-4.02542372881356,"Ankara, Ankara, Turkey",TU,https://schema-root.org/military/militias/
20211112,1013950470,20211112,TURKEY,TUR,SYRIA,SYR,190,재래식 군사력 사용,19,4,-10.0,1,1,1,-4.02542372881356,"Erbil, Mardin, Turkey",TU,https://schema-root.org/military/militias/
20211112,1013956948,20211112,ISRAEL,ISR,SYRIA,SYR,193,소형무기·경무기를 이용한 전투,19,4,-10.0,1,1,1,-2.66963292547275,"Damascus, Dimashq, Syria",SY,https://www.australianjewishnews.com/the-golan-an-area-intrinsic-to-israel/
20211112,1013956949,20211112,ISRAEL,ISR,SYRIA,SYR,193,소형무기·경무기를 이용한 전투,19,4,-10.0,1,1,1,-2.66963292547275,"Damascus, Dimashq, Syria",SY,https://www.australianjewishnews.com/the-golan-an-area-intrinsic-to-israel/
20211112,1013957137,20211112,ABDULLAH,SAU,YEMEN,YEM,190,재래식 군사력 사용,19,4,-10.0,2,1,2,-4.84949832775919,"Marib, Ma'rib, Yemen",YM,https://saudigazette.com.sa/article/613476/World/Mena/UN-Special-Envoy-calls-for-immediate-end-to-fighting-in-Yemen-as-humanitarian-situation-escalates
20211112,1013957326,20211112,YEMENI,YEM,SAUDI ARABIA,SAU,190,재래식 군사력 사용,19,4,-10.0,1,1,1,-7.03125,"Marib, Ma'rib, Yemen",YM,http://global.chinadaily.com.cn/a/202111/12/WS618dcf76a310cdd39bc74f6f.html
20211112,1013957327,20211112,YEMENI,YEM,SAUDI ARABIA,SAU,190,재래식 군사력 사용,19,4,-10.0,1,1,1,-7.03125,"Marib, Ma'rib, Yemen",YM,http://global.chinadaily.com.cn/a/202111/12/WS618dcf76a310cdd39bc74f6f.html
20211112,1013957329,20211112,YEMENI,YEM,SAUDI,SAU,190,재래식 군사력 사용,19,4,-10.0,3,1,3,-7.03125,"Marib, Ma'rib, Yemen",YM,http://global.chinadaily.com.cn/a/202111/12/WS618dcf76a310cdd39bc74f6f.html
20211112,1013960671,20211112,GAZA,PSE,ISRAEL,ISR,190,재래식 군사력 사용,19,4,-10.0,1,1,1,-7.72659732540862,"Jerusalem, Israel (general), Israel",IS,https://www.jwire.com.au/the-most-alarming-threat-of-all-to-the-jewish-people/
20211112,1013964449,20211112,YEMEN,YEM,SAUDI ARABIA,SAU,190,재래식 군사력 사용,19,4,-10.0,4,1,4,-1.12676056338028,"Marib, Ma'rib, Yemen",YM,"https://www.presstv.ir/Detail/2021/11/12/670434/Yemeni-army-forces,-allies-make-major-progress-in-southern-Ma"
20211112,1013964450,20211112,YEMENI,YEM,SAUDI ARABIA,SAU,193,소형무기·경무기를 이용한 전투,19,4,-10.0,10,1,10,-4.46521287642783,"Riyadh, Ar Riya?, Saudi Arabia",SA,https://www.presstv.ir/Detail/2021/11/12/670432/US-Saudi-Arabia-Arms-Sale-Joe-Biden-MBS-Yemen-War-Democrats-Criticism-Human-Rights
20211112,1013978420,20211112,SYRIAN,SYR,TEL AVIV,ISR,190,재래식 군사력 사용,19,4,-10.0,1,1,1,-2.74102079395085,"Tel Aviv, Tel Aviv, Israel",IS,https://www.rt.com/op-ed/540028-syria-uae-israel-us/
20211112,1013978421,20211112,SYRIAN,SYR,TEL AVIV,ISR,190,재래식 군사력 사용,19,4,-10.0,1,1,1,-2.74102079395085,"Tehran, Tehran, Iran",IR,https://www.rt.com/op-ed/540028-syria-uae-israel-us/
20211112,1013981490,20211112,IRAQ,IRQ,TURKEY,TUR,190,재래식 군사력 사용,19,4,-10.0,6,1,6,-5.26315789473684,"Sirnak, Sirnak, Turkey",TU,https://www.middleeasteye.net/news/iraq-turkey-kurdish-refugees-poverty-repression-violence
20211112,1013998010,20211112,ISRAELI,ISR,WEST BANK,PSE,190,재래식 군사력 사용,19,4,-10.0,4,1,4,-5.56701030927835,"Burqin, West Bank (general), West Bank",WE,https://www.timesofisrael.com/idf-troops-were-hit-by-friendly-fire-during-uncoordinated-chase-near-jenin/
20211112,1014004367,20211112,IRAN,IRN,HASSAN,JOR,138,군사력 사용 위협,13,3,-7.0,8,1,8,-3.63036303630363,"Tehran, Tehran, Iran",IR,https://www.cnn.com/2018/07/22/world/iran-rouhani-mother-wars/
20211112,1014008642,20211112,IRAQ,IRQ,SYRIA,SYR,154,군 병력 동원·증강,15,4,-7.2,2,2,2,-4.24914126234435,"Damascus, Dimashq, Syria",SY,https://www.msn.com/en-us/news/world/biden-s-flawed-rationale-for-keeping-troops-in-iraq-and-syria/ar-AAQCPJP
20211112,1014008643,20211112,IRAQ,IRQ,SYRIA,SYR,154,군 병력 동원·증강,15,4,-7.2,2,2,2,-4.24914126234435,"Damascus, Dimashq, Syria",SY,https://www.msn.com/en-us/news/world/biden-s-flawed-rationale-for-keeping-troops-in-iraq-and-syria/ar-AAQCPJP
20211112,1014008658,20211112,JERUSALEM,ISR,GAZA,PSE,190,재래식 군사력 사용,19,4,-10.0,36,5,36,-6.31604585177408,Lebanon,LE,https://www.msn.com/en-gb/news/world/israel-plans-to-bypass-some-of-its-arab-towns-in-war-manoeuvres/ar-AAQCO5s
20211112,1014008659,20211112,JERUSALEM,ISR,GAZA,PSE,190,재래식 군사력 사용,19,4,-10.0,4,2,4,-5.97446505627475,Lebanon,LE,https://www.msn.com/en-gb/news/world/israel-plans-to-bypass-some-of-its-arab-towns-in-war-manoeuvres/ar-AAQCO5s
20211112,1014008904,20211112,GAZA,PSE,JERUSALEM,ISR,190,재래식 군사력 사용,19,4,-10.0,30,3,30,-5.98995750697548,Gaza Strip,GZ,https://www.msn.com/en-gb/news/world/israel-plans-to-bypass-some-of-its-arab-towns-in-war-manoeuvres/ar-AAQCO5s
20211112,1014011932,20211112,IRAN,IRN,IRAQ,IRQ,190,재래식 군사력 사용,19,4,-10.0,1,1,1,-6.69291338582677,"Tehran, Tehran, Iran",IR,https://www.kurdistan24.net/en/story/26223-Iranian-backed-Houthis-breach-US-embassy-in-Yemen
20211112,1014011933,20211112,IRANIAN,IRN,IRAQI,IRQ,190,재래식 군사력 사용,19,4,-10.0,4,1,4,-6.69291338582677,Iraq,IZ,https://www.kurdistan24.net/en/story/26223-Iranian-backed-Houthis-breach-US-embassy-in-Yemen
20211112,1014013104,20211112,IRAN,IRN,IRAQ,IRQ,194,포병·전차를 이용한 전투,19,4,-10.0,5,1,5,-5.52560646900269,"Washington, District of Columbia, United States",US,https://www.stripes.com/branches/army/2021-11-12/army-purple-hearts-iranian-attack-3591514.html
20211112,1014020105,20211112,GAZA,PSE,ISRAEL,ISR,190,재래식 군사력 사용,19,4,-10.0,20,2,20,-6.80517836897197,Gaza Strip,GZ,https://www.haaretz.com/israel-news/israeli-army-plans-to-avoid-arab-towns-during-future-war-deployments-1.10379259
20211112,1014024215,20211112,ISRAEL,ISR,IRAN,IRN,190,재래식 군사력 사용,19,4,-10.0,2,1,2,-0.8130081300813,Israel,IS,https://www.haaretz.com/middle-east-news/syria/.premium-the-strongest-man-in-the-middle-east-will-embrace-assad-if-that-will-make-him-stro-1.10379090
20211112,1014024216,20211112,ISRAEL,ISR,IRANIAN,IRN,190,재래식 군사력 사용,19,4,-10.0,2,1,2,-0.8130081300813,"Tehran, Tehran, Iran",IR,https://www.haaretz.com/middle-east-news/syria/.premium-the-strongest-man-in-the-middle-east-will-embrace-assad-if-that-will-make-him-stro-1.10379090
20211112,1014024217,20211112,ISRAEL,ISR,IRANIAN,IRN,190,재래식 군사력 사용,19,4,-10.0,6,1,6,-0.8130081300813,Israel,IS,https://www.haaretz.com/middle-east-news/syria/.premium-the-strongest-man-in-the-middle-east-will-embrace-assad-if-that-will-make-him-stro-1.10379090
20211112,1014028573,20211112,ISRAEL,ISR,GAZA,PSE,191,봉쇄·이동 제한,19,4,-9.5,2,1,2,-5.05050505050505,"Gaza, Israel (general), Israel",IS,https://www.wionews.com/world/israel-conducts-covid-19-wargame-to-beat-fictitious-omega-strain-428813
20211112,1014038483,20211112,ISRAEL,ISR,GAZA,PSE,190,재래식 군사력 사용,19,4,-10.0,12,3,12,-6.42921884487902,"Umm Al-Fahm, H_efa, Israel",IS,https://www.i24news.tv/en/news/israel/diplomacy-defense/1636723033-israel-army-will-bypass-some-arab-towns-in-war-maneuvers
20211112,1014044718,20211112,HAMAS,PSE,ISRAELI,ISR,194,포병·전차를 이용한 전투,19,4,-10.0,3,1,3,-2.03900709219858,"Jerusalem, Israel (general), Israel",IS,https://www.timesofisrael.com/gaza-doctor-seeks-apology-from-israel-for-daughters-2009-deaths/
20211112,1014044719,20211112,HAMAS,PSE,ISRAELI,ISR,194,포병·전차를 이용한 전투,19,4,-10.0,2,1,2,-2.03900709219858,"Gaza, Israel (general), Israel",IS,https://www.timesofisrael.com/gaza-doctor-seeks-apology-from-israel-for-daughters-2009-deaths/
20211112,1014046788,20211112,PALESTINIAN,PSE,ISRAELI,ISR,194,포병·전차를 이용한 전투,19,4,-10.0,8,1,8,-4.5841519318926,"Gaza, Israel (general), Israel",IS,https://breakingdefense.com/2021/11/americas-lesson-from-gaza-prepare-for-disinformation-war/
20211112,1014056070,20211112,SYRIAN,SYR,TURKEY,TUR,190,재래식 군사력 사용,19,4,-10.0,1,1,1,-4.12440838404327,"Erbil, Mardin, Turkey",TU,https://www.al-monitor.com/originals/2021/11/thousands-iraqi-syrian-refugees-shiver-belarus-poland-border
20211112,1014056071,20211112,SYRIAN,SYR,TURKEY,TUR,190,재래식 군사력 사용,19,4,-10.0,1,1,1,-4.12440838404327,"Erbil, Mardin, Turkey",TU,https://www.al-monitor.com/originals/2021/11/thousands-iraqi-syrian-refugees-shiver-belarus-poland-border
20211112,1014056081,20211112,SYRIAN,SYR,TURKEY,TUR,190,재래식 군사력 사용,19,4,-10.0,7,1,7,-4.12440838404327,"Erbil, Mardin, Turkey",TU,https://www.al-monitor.com/originals/2021/11/thousands-iraqi-syrian-refugees-shiver-belarus-poland-border
20211112,1014056082,20211112,SYRIA,SYR,TURKEY,TUR,190,재래식 군사력 사용,19,4,-10.0,1,1,1,-4.12440838404327,"Erbil, Mardin, Turkey",TU,https://www.al-monitor.com/originals/2021/11/thousands-iraqi-syrian-refugees-shiver-belarus-poland-border
20211112,1014062308,20211112,HAMAS,PSE,ISRAEL,ISR,190,재래식 군사력 사용,19,4,-10.0,4,1,4,-1.87134502923977,"Akko, Ha?afon, Israel",IS,https://www.jns.org/opinion/peace-processing-like-its-1993/
20211112,1014067064,20211112,IRAN,IRN,IRAQ,IRQ,138,군사력 사용 위협,13,3,-7.0,3,1,3,-1.07632093933463,"Baghdad, Baghdad, Iraq",IZ,https://peacenow.org/entry.php?id=38941
20211112,1014067065,20211112,IRAN,IRN,IRAQ,IRQ,138,군사력 사용 위협,13,3,-7.0,1,1,1,-1.07632093933463,Iran,IR,https://peacenow.org/entry.php?id=38941
20211112,1014067066,20211112,IRAN,IRN,IRAQ,IRQ,138,군사력 사용 위협,13,3,-7.0,1,1,1,-1.07632093933463,Iran,IR,https://peacenow.org/entry.php?id=38941
20211112,1014067743,20211112,YEMENI,YEM,SAUDI ARABIA,SAU,193,소형무기·경무기를 이용한 전투,19,4,-10.0,10,1,10,-1.07632093933463,Saudi Arabia,SA,https://peacenow.org/entry.php?id=38941
20211112,1014069137,20211112,IRAQ,IRQ,SYRIA,SYR,190,재래식 군사력 사용,19,4,-10.0,4,1,4,-4.7534165181224,"Baghdad, Baghdad, Iraq",IZ,https://www.memri.org/reports/jihad-and-terrorism-threat-monitor-jttm-weekly-november-6-%e2%80%93-13-2021
20211112,1014069366,20211112,SYRIA,SYR,ADEN,YEM,190,재래식 군사력 사용,19,4,-10.0,1,1,1,-4.7534165181224,"Latakia, Al Ladhiqiyah, Syria",SY,https://www.memri.org/reports/jihad-and-terrorism-threat-monitor-jttm-weekly-november-6-%e2%80%93-13-2021
20211112,1014069367,20211112,SYRIA,SYR,ADEN,YEM,190,재래식 군사력 사용,19,4,-10.0,1,1,1,-4.7534165181224,"Sanaa, Sana', Yemen",YM,https://www.memri.org/reports/jihad-and-terrorism-threat-monitor-jttm-weekly-november-6-%e2%80%93-13-2021
20211112,1014074485,20211112,PALESTINIAN,PSE,ISRAEL,ISR,190,재래식 군사력 사용,19,4,-10.0,4,1,4,-3.10880829015544,"Pennsylvania, United States",US,https://americanfreepress.net/documents-reveal-israel-stole-uranium-from-u-s-stockpiles-in-1950s-and-1960s/
20211112,1014080496,20211112,IRANIAN,IRN,SYRIA,SYR,195,공중무기 사용,19,4,-10.0,1,1,1,-2.65111346765642,"Tehran, Tehran, Iran",IR,https://www.al-monitor.com/originals/2021/11/israel-loses-patience-iranian-entrenchment-syria
20211112,1014080497,20211112,IRANIAN,IRN,SYRIA,SYR,195,공중무기 사용,19,4,-10.0,7,1,7,-2.65111346765642,"Tehran, Tehran, Iran",IR,https://www.al-monitor.com/originals/2021/11/israel-loses-patience-iranian-entrenchment-syria
20211112,1014082479,20211112,PALESTINIAN,PSE,ISRAELI,ISR,190,재래식 군사력 사용,19,4,-10.0,1,1,1,-11.2781954887218,"Beit Dajan, HaMerkaz, Israel",IS,https://www.presstv.ir/Detail/2021/11/12/670464/Israeli-forces-injure-tens-of-Palestinian-protesters-in-West-Bank
20211112,1014082480,20211112,PALESTINIAN,PSE,ISRAELI,ISR,190,재래식 군사력 사용,19,4,-10.0,1,1,1,-11.2781954887218,"Gaza, Israel (general), Israel",IS,https://www.presstv.ir/Detail/2021/11/12/670464/Israeli-forces-injure-tens-of-Palestinian-protesters-in-West-Bank
20211112,1014082517,20211112,RIYADH,SAU,YEMEN,YEM,196,휴전 위반,19,4,-9.5,8,1,8,-8.69565217391305,"Riyadh, Ar Riya?, Saudi Arabia",SA,https://www.presstv.ir/Detail/2021/11/12/670470/Yemeni-civilians-Saudi-coalition-forces-Tuhayta-district-Hudaydah
20211112,1014089525,20211112,SMYRNA,TUR,IRAQ,IRQ,190,재래식 군사력 사용,19,4,-10.0,1,1,1,3.11526479750779,"Smyrna, Izmir, Turkey",TU,https://www.murfreesboropost.com/community/smyrna-goes-indoors-to-honor-veterans/article_bc5e1aa0-43d5-11ec-be98-8ff33d032751.html
20211112,1014092545,20211112,BAHRAINI,BHR,YEMEN,YEM,138,군사력 사용 위협,13,3,-7.0,3,1,3,-5.71428571428571,"Manama, Al Manamah, Bahrain",BA,https://www.tasnimnews.com/en/news/2021/11/06/2602663/bahrainis-urge-end-to-futile-war-on-yemen-slam-normalization-of-ties-with-israel
20211112,1014092546,20211112,BAHRAINI,BHR,YEMEN,YEM,138,군사력 사용 위협,13,3,-7.0,2,1,2,-5.71428571428571,"Manama, Al Manamah, Bahrain",BA,https://www.tasnimnews.com/en/news/2021/11/06/2602663/bahrainis-urge-end-to-futile-war-on-yemen-slam-normalization-of-ties-with-israel
20211112,1014092547,20211112,BAHRAINI,BHR,YEMEN,YEM,138,군사력 사용 위협,13,3,-7.0,1,1,1,-5.71428571428571,Morocco,MO,https://www.tasnimnews.com/en/news/2021/11/06/2602663/bahrainis-urge-end-to-futile-war-on-yemen-slam-normalization-of-ties-with-israel
20211112,1014092548,20211112,BAHRAIN,BHR,YEMEN,YEM,138,군사력 사용 위협,13,3,-7.0,1,1,1,-5.71428571428571,Morocco,MO,https://www.tasnimnews.com/en/news/2021/11/06/2602663/bahrainis-urge-end-to-futile-war-on-yemen-slam-normalization-of-ties-with-israel
20211112,1014092549,20211112,BAHRAINI,BHR,YEMEN,YEM,138,군사력 사용 위협,13,3,-7.0,3,1,3,-5.71428571428571,West Bank,WE,https://www.tasnimnews.com/en/news/2021/11/06/2602663/bahrainis-urge-end-to-futile-war-on-yemen-slam-normalization-of-ties-with-israel
20211113,1014099978,20211113,PALESTINIAN,PSE,ISRAELI,ISR,193,소형무기·경무기를 이용한 전투,19,4,-10.0,1,1,1,-2.55536626916524,Israel,IS,https://www.foxnews.com/politics/michigan-activist-promoted-use-violence-against-israelis-announces-run-congress
20211113,1014099979,20211113,PALESTINIAN,PSE,ISRAELI,ISR,193,소형무기·경무기를 이용한 전투,19,4,-10.0,1,1,1,-2.55536626916524,"Michigan, United States",US,https://www.foxnews.com/politics/michigan-activist-promoted-use-violence-against-israelis-announces-run-congress
20211113,1014099980,20211113,PALESTINIAN,PSE,ISRAELI,ISR,193,소형무기·경무기를 이용한 전투,19,4,-10.0,2,1,2,-2.55536626916524,"Michigan, United States",US,https://www.foxnews.com/politics/michigan-activist-promoted-use-violence-against-israelis-announces-run-congress
20211113,1014102671,20211113,ISRAEL,ISR,WEST BANK,PSE,190,재래식 군사력 사용,19,4,-10.0,4,1,4,-7.07831325301205,"Gaza, Israel (general), Israel",IS,https://thedailyblog.co.nz/2021/11/13/israels-attack-on-human-rights-fails-to-convince/
20211113,1014102672,20211113,ISRAEL,ISR,WEST BANK,PSE,190,재래식 군사력 사용,19,4,-10.0,2,1,2,-7.07831325301205,"Silwan, West Bank (general), West Bank",WE,https://thedailyblog.co.nz/2021/11/13/israels-attack-on-human-rights-fails-to-convince/
20211113,1014110803,20211113,ISRAEL,ISR,PALESTINIAN,PSE,163,금수·보이콧·제재 부과,16,4,-8.0,4,1,4,-4.40528634361233,Israel,IS,https://www.timeturk.com/en/residents-in-johannesburg-protest-south-africa-s-decision-to-take-part-in-miss-universe-contest-in-israel/news-47899
20211113,1014129623,20211113,SAUDI ARABIA,SAU,YEMEN,YEM,195,공중무기 사용,19,4,-10.0,2,1,2,-1.25,Saudi Arabia,SA,https://www.presstv.ir/Detail/2021/11/13/670478/Press-TV-news-headlines
20211113,1014129624,20211113,SAUDI,SAU,YEMENI,YEM,195,공중무기 사용,19,4,-10.0,6,1,6,-1.25,"Taizz, Taizz, Yemen",YM,https://www.presstv.ir/Detail/2021/11/13/670478/Press-TV-news-headlines
20211113,1014129625,20211113,SAUDI,SAU,YEMEN,YEM,195,공중무기 사용,19,4,-10.0,2,1,2,-1.25,"Hudaydah, Al ?udaydah, Yemen",YM,https://www.presstv.ir/Detail/2021/11/13/670478/Press-TV-news-headlines
20211113,1014129626,20211113,SAUDI,SAU,YEMEN,YEM,195,공중무기 사용,19,4,-10.0,6,1,6,-1.25,Saudi Arabia,SA,https://www.presstv.ir/Detail/2021/11/13/670478/Press-TV-news-headlines
20211113,1014132865,20211113,IRAQI,IRQ,IRANIAN,IRN,194,포병·전차를 이용한 전투,19,4,-10.0,4,1,4,-5.47667342799189,"Safwan, Al Basrah, Iraq",IZ,https://everything2.com:443/title/Chronology+of+U.S.+Navy+Involvement+in+the+Persian+Gulf+War
20211113,1014132866,20211113,IRAQI,IRQ,IRANIAN,IRN,194,포병·전차를 이용한 전투,19,4,-10.0,3,1,3,-5.47667342799189,"Safwan, Al Basrah, Iraq",IZ,https://everything2.com:443/title/Chronology+of+U.S.+Navy+Involvement+in+the+Persian+Gulf+War
20211113,1014133052,20211113,RIYADH,SAU,YEMEN,YEM,196,휴전 위반,19,4,-9.5,8,1,8,-8.28025477707006,"Riyadh, Ar Riya?, Saudi Arabia",SA,https://www.tasnimnews.com/en/news/2021/11/13/2606890/four-civilians-killed-in-latest-saudi-led-air-raids-on-yemen
20211113,1014134169,20211113,IRAN,IRN,IRAQ,IRQ,190,재래식 군사력 사용,19,4,-10.0,1,1,1,-4.1522491349481,"Arizona, United States",US,https://www.newsy.com/stories/militias-terrorists-may-use-drones-against-the-u-s/
20211113,1014134170,20211113,IRAN,IRN,IRAQ,IRQ,190,재래식 군사력 사용,19,4,-10.0,1,1,1,-4.1522491349481,"Pennsylvania, United States",US,https://www.newsy.com/stories/militias-terrorists-may-use-drones-against-the-u-s/
20211113,1014136298,20211113,EGYPT,EGY,ISRAEL,ISR,190,재래식 군사력 사용,19,4,-10.0,2,1,2,-0.58888479941111,"Cairo, Al Qahirah, Egypt",EG,https://www.theeastafrican.co.ke/tea/magazine/sisi-woos-ea-to-egypt-s-side-on-dam-matters-3617448
20211113,1014136299,20211113,EGYPT,EGY,ISRAEL,ISR,190,재래식 군사력 사용,19,4,-10.0,8,1,8,-0.58888479941111,"Cairo, Al Qahirah, Egypt",EG,https://www.theeastafrican.co.ke/tea/magazine/sisi-woos-ea-to-egypt-s-side-on-dam-matters-3617448
20211113,1014136483,20211113,ISRAEL,ISR,EGYPT,EGY,190,재래식 군사력 사용,19,4,-10.0,2,1,2,-0.58888479941111,"Cairo, Al Qahirah, Egypt",EG,https://www.theeastafrican.co.ke/tea/magazine/sisi-woos-ea-to-egypt-s-side-on-dam-matters-3617448
20211113,1014136484,20211113,ISRAEL,ISR,EGYPT,EGY,190,재래식 군사력 사용,19,4,-10.0,8,1,8,-0.58888479941111,"Cairo, Al Qahirah, Egypt",EG,https://www.theeastafrican.co.ke/tea/magazine/sisi-woos-ea-to-egypt-s-side-on-dam-matters-3617448
20211113,1014141831,20211113,SAUDI,SAU,YEMEN,YEM,193,소형무기·경무기를 이용한 전투,19,4,-10.0,4,2,4,-3.73605880804637,"Jubah, Taizz, Yemen",YM,"https://www.presstv.ir/Detail/2021/11/13/670483/Al-Qaeda-says-fighting-alongside-Saudi-led-coalition-troops,-mercs-against-Yemeni-forces"
20211113,1014141832,20211113,SAUDI,SAU,YEMEN,YEM,193,소형무기·경무기를 이용한 전투,19,4,-10.0,4,2,4,-3.73605880804637,"Riyadh, Ar Riya?, Saudi Arabia",SA,"https://www.presstv.ir/Detail/2021/11/13/670483/Al-Qaeda-says-fighting-alongside-Saudi-led-coalition-troops,-mercs-against-Yemeni-forces"
20211113,1014141833,20211113,SAUDI,SAU,YEMEN,YEM,195,공중무기 사용,19,4,-10.0,1,1,1,-4.93358633776091,"Riyadh, Ar Riya?, Saudi Arabia",SA,"https://www.presstv.ir/Detail/2021/11/13/670483/Al-Qaeda-says-fighting-alongside-Saudi-led-coalition-troops,-mercs-against-Yemeni-forces"
20211113,1014141834,20211113,SAUDI,SAU,YEMEN,YEM,195,공중무기 사용,19,4,-10.0,10,2,8,-3.73605880804637,"Riyadh, Ar Riya?, Saudi Arabia",SA,"https://www.presstv.ir/Detail/2021/11/13/670483/Al-Qaeda-says-fighting-alongside-Saudi-led-coalition-troops,-mercs-against-Yemeni-forces"
20211113,1014141835,20211113,SAUDI,SAU,YEMEN,YEM,195,공중무기 사용,19,4,-10.0,13,2,11,-3.73605880804637,"Taizz, Taizz, Yemen",YM,"https://www.presstv.ir/Detail/2021/11/13/670483/Al-Qaeda-says-fighting-alongside-Saudi-led-coalition-troops,-mercs-against-Yemeni-forces"
20211113,1014141836,20211113,SAUDI,SAU,YEMEN,YEM,195,공중무기 사용,19,4,-10.0,2,2,2,-3.73605880804637,"Sirwah, Ibb, Yemen",YM,"https://www.presstv.ir/Detail/2021/11/13/670483/Al-Qaeda-says-fighting-alongside-Saudi-led-coalition-troops,-mercs-against-Yemeni-forces"
20211113,1014141837,20211113,SAUDI,SAU,YEMEN,YEM,195,공중무기 사용,19,4,-10.0,3,1,2,-4.93358633776091,"Riyadh, Ar Riya?, Saudi Arabia",SA,"https://www.presstv.ir/Detail/2021/11/13/670483/Al-Qaeda-says-fighting-alongside-Saudi-led-coalition-troops,-mercs-against-Yemeni-forces"
20211113,1014141838,20211113,SAUDI ARABIA,SAU,YEMEN,YEM,195,공중무기 사용,19,4,-10.0,4,2,4,-3.73605880804637,"Riyadh, Ar Riya?, Saudi Arabia",SA,"https://www.presstv.ir/Detail/2021/11/13/670483/Al-Qaeda-says-fighting-alongside-Saudi-led-coalition-troops,-mercs-against-Yemeni-forces"
20211113,1014141841,20211113,SAUDI,SAU,YEMEN,YEM,193,소형무기·경무기를 이용한 전투,19,4,-10.0,12,2,12,-3.73605880804637,"Riyadh, Ar Riya?, Saudi Arabia",SA,"https://www.presstv.ir/Detail/2021/11/13/670483/Al-Qaeda-says-fighting-alongside-Saudi-led-coalition-troops,-mercs-against-Yemeni-forces"
20211113,1014141842,20211113,SAUDI ARABIA,SAU,YEMEN,YEM,195,공중무기 사용,19,4,-10.0,4,2,4,-3.73605880804637,"Riyadh, Ar Riya?, Saudi Arabia",SA,"https://www.presstv.ir/Detail/2021/11/13/670483/Al-Qaeda-says-fighting-alongside-Saudi-led-coalition-troops,-mercs-against-Yemeni-forces"
20211113,1014141843,20211113,SAUDI ARABIA,SAU,YEMEN,YEM,195,공중무기 사용,19,4,-10.0,4,2,4,-3.73605880804637,"Sirwah, Ibb, Yemen",YM,"https://www.presstv.ir/Detail/2021/11/13/670483/Al-Qaeda-says-fighting-alongside-Saudi-led-coalition-troops,-mercs-against-Yemeni-forces"
20211113,1014149450,20211113,SINAI,EGY,ISRAEL,ISR,190,재래식 군사력 사용,19,4,-10.0,1,1,1,-0.6514657980456,"Sharm El-Sheikh, Janub Sina', Egypt",EG,https://www.al-monitor.com/originals/2021/11/israel-egypt-increase-military-presence-along-egypts-rafah-border
20211113,1014149451,20211113,EGYPT,EGY,ISRAEL,ISR,190,재래식 군사력 사용,19,4,-10.0,5,1,5,-0.6514657980456,"Eilat, HaDarom, Israel",IS,https://www.al-monitor.com/originals/2021/11/israel-egypt-increase-military-presence-along-egypts-rafah-border
20211113,1014149452,20211113,EGYPT,EGY,ISRAEL,ISR,194,포병·전차를 이용한 전투,19,4,-10.0,2,1,2,-0.6514657980456,"Sharm El-Sheikh, Janub Sina', Egypt",EG,https://www.al-monitor.com/originals/2021/11/israel-egypt-increase-military-presence-along-egypts-rafah-border
20211113,1014149453,20211113,EGYPT,EGY,ISRAEL,ISR,194,포병·전차를 이용한 전투,19,4,-10.0,8,1,8,-0.6514657980456,"Sharm El-Sheikh, Janub Sina', Egypt",EG,https://www.al-monitor.com/originals/2021/11/israel-egypt-increase-military-presence-along-egypts-rafah-border
20211113,1014156613,20211113,ISRAEL,ISR,IRAN,IRN,190,재래식 군사력 사용,19,4,-10.0,644,89,644,-3.19428079677045,Israel,IS,https://www.registercitizen.com/news/article/Air-Force-official-says-US-to-maintain-presence-16617857.php
20211113,1014159278,20211113,ISRAEL,ISR,IRAN,IRN,190,재래식 군사력 사용,19,4,-10.0,276,66,276,-3.06987141888218,"Dubai, Dubayy, United Arab Emirates",AE,https://abcnews.go.com/International/wireStory/air-force-official-us-maintain-presence-mideast-81147932
20211113,1014160728,20211113,IRAN,IRN,IRAQI,IRQ,138,군사력 사용 위협,13,3,-7.0,2,1,2,-4.41767068273092,"Baghdad, Baghdad, Iraq",IZ,https://www.nbcnews.com/news/world/iran-likely-did-not-order-drone-attack-iraqi-prime-minister-n1283832
20211113,1014160729,20211113,IRAN,IRN,IRAQI,IRQ,138,군사력 사용 위협,13,3,-7.0,2,1,2,-4.41767068273092,"Tehran, Tehran, Iran",IR,https://www.nbcnews.com/news/world/iran-likely-did-not-order-drone-attack-iraqi-prime-minister-n1283832
20211113,1014160730,20211113,IRAN,IRN,IRAQI,IRQ,138,군사력 사용 위협,13,3,-7.0,6,1,6,-4.41767068273092,"Tehran, Tehran, Iran",IR,https://www.nbcnews.com/news/world/iran-likely-did-not-order-drone-attack-iraqi-prime-minister-n1283832
20211113,1014160743,20211113,BAGHDAD,IRQ,IRAN,IRN,190,재래식 군사력 사용,19,4,-10.0,4,1,4,-4.41767068273092,"Tehran, Tehran, Iran",IR,https://www.nbcnews.com/news/world/iran-likely-did-not-order-drone-attack-iraqi-prime-minister-n1283832
20211113,1014160746,20211113,ISRAEL,ISR,IRAN,IRN,190,재래식 군사력 사용,19,4,-10.0,8,1,8,-2.89575289575289,Israel,IS,https://infotel.ca/newsitem/ml-mideast-us/cp935831341
20211113,1014160747,20211113,ISRAEL,ISR,IRAN,IRN,190,재래식 군사력 사용,19,4,-10.0,2,1,2,-2.89575289575289,"Tehran, Tehran, Iran",IR,https://infotel.ca/newsitem/ml-mideast-us/cp935831341
20211113,1014162022,20211113,IRANIAN,IRN,IRAQI,IRQ,190,재래식 군사력 사용,19,4,-10.0,1,1,1,-5.36332179930795,"Baghdad, Baghdad, Iraq",IZ,https://www.washingtonexaminer.com/opinion/the-iranian-regime-is-the-problem
20211113,1014162023,20211113,IRANIAN,IRN,IRAQI,IRQ,190,재래식 군사력 사용,19,4,-10.0,1,1,1,-5.36332179930795,Iraq,IZ,https://www.washingtonexaminer.com/opinion/the-iranian-regime-is-the-problem
20211113,1014162024,20211113,IRANIAN,IRN,IRAQI,IRQ,190,재래식 군사력 사용,19,4,-10.0,6,1,6,-5.36332179930795,"Baghdad, Baghdad, Iraq",IZ,https://www.washingtonexaminer.com/opinion/the-iranian-regime-is-the-problem
20211113,1014162025,20211113,IRANIAN,IRN,SANAA,YEM,190,재래식 군사력 사용,19,4,-10.0,10,1,10,-5.36332179930795,"Tehran, Tehran, Iran",IR,https://www.washingtonexaminer.com/opinion/the-iranian-regime-is-the-problem
20211113,1014167607,20211113,ISRAEL,ISR,IRAN,IRN,190,재래식 군사력 사용,19,4,-10.0,10,1,10,-3.14606741573034,Israel,IS,https://mynorthwest.com/3235852/air-force-official-says-us-to-maintain-presence-in-mideast/
20211113,1014182111,20211113,SYRIA,SYR,IRAQ,IRQ,190,재래식 군사력 사용,19,4,-10.0,4,1,4,-11.7647058823529,Iraq,IZ,https://english.ahram.org.eg/Category/2/8/World/UPDATED-Sudan-protesters-rally-as-army-t.aspx
20211113,1014182112,20211113,SYRIAN,SYR,IRAQI,IRQ,190,재래식 군사력 사용,19,4,-10.0,12,1,12,-11.7647058823529,Syria,SY,https://english.ahram.org.eg/Category/2/8/World/UPDATED-Sudan-protesters-rally-as-army-t.aspx
20211113,1014184057,20211113,IRAN,IRN,YEMEN,YEM,192,영토 점령,19,4,-9.5,4,2,4,-0.45462999318055,"Marib, Ma'rib, Yemen",YM,http://english.sina.com/world/m/2021-11-13/detail-iktzscyy5379046.shtml
20211113,1014185337,20211113,SYRIAN,SYR,IRAQI,IRQ,190,재래식 군사력 사용,19,4,-10.0,6,1,6,-8.28025477707006,United Kingdom,UK,https://www.i24news.tv/en/news/middle-east/1636807619-syria-three-iraqis-killed-in-al-hol-camp
20211113,1014186347,20211113,IRAN,IRN,SAUDI,SAU,192,영토 점령,19,4,-9.5,4,2,4,-1.08823529411765,"Marib, Ma'rib, Yemen",YM,https://www.bignewsnetwork.com/news/271720095/houthis-say-spy-drone-shot-down-in-yemens-marib
20211113,1014186726,20211113,SANAA,YEM,SAUDI,SAU,190,재래식 군사력 사용,19,4,-10.0,20,2,20,-1.08823529411765,"Marib, Ma'rib, Yemen",YM,https://www.bignewsnetwork.com/news/271720095/houthis-say-spy-drone-shot-down-in-yemens-marib
20211113,1014194143,20211113,SAUDI,SAU,YEMEN,YEM,195,공중무기 사용,19,4,-10.0,2,1,2,-2.53853127833183,"Riyadh, Ar Riya?, Saudi Arabia",SA,https://www.veteranstoday.com/2021/11/13/yemeni-armed-forces-shoot-down-another-us-made-scaneagle-reconnaissance-drone/
20211113,1014194144,20211113,SAUDI,SAU,YEMEN,YEM,195,공중무기 사용,19,4,-10.0,1,1,1,-2.53853127833183,"Taizz, Taizz, Yemen",YM,https://www.veteranstoday.com/2021/11/13/yemeni-armed-forces-shoot-down-another-us-made-scaneagle-reconnaissance-drone/
20211113,1014194145,20211113,SAUDI,SAU,YEMEN,YEM,195,공중무기 사용,19,4,-10.0,1,1,1,-2.53853127833183,"Washington, District of Columbia, United States",US,https://www.veteranstoday.com/2021/11/13/yemeni-armed-forces-shoot-down-another-us-made-scaneagle-reconnaissance-drone/
20211113,1014194338,20211113,YEMENI,YEM,SAUDI ARABIA,SAU,193,소형무기·경무기를 이용한 전투,19,4,-10.0,4,1,4,-2.53853127833183,"Riyadh, Ar Riya?, Saudi Arabia",SA,https://www.veteranstoday.com/2021/11/13/yemeni-armed-forces-shoot-down-another-us-made-scaneagle-reconnaissance-drone/
20211113,1014195104,20211113,IRANIAN,IRN,ISRAEL,ISR,190,재래식 군사력 사용,19,4,-10.0,1,1,1,-3.33863275039745,Israel,IS,https://blogs.timesofisrael.com/myths-and-truth-behind-reports-about-the-idf-airstrikes-in-syria-part-2/
20211113,1014195105,20211113,IRANIAN,IRN,ISRAEL,ISR,190,재래식 군사력 사용,19,4,-10.0,1,1,1,-3.33863275039745,Israel,IS,https://blogs.timesofisrael.com/myths-and-truth-behind-reports-about-the-idf-airstrikes-in-syria-part-2/
20211113,1014195106,20211113,IRANIAN,IRN,ISRAELI,ISR,190,재래식 군사력 사용,19,4,-10.0,6,1,6,-3.33863275039745,Israel,IS,https://blogs.timesofisrael.com/myths-and-truth-behind-reports-about-the-idf-airstrikes-in-syria-part-2/
20211113,1014195115,20211113,ISRAELI,ISR,SYRIAN,SYR,190,재래식 군사력 사용,19,4,-10.0,2,1,2,-3.33863275039745,Israel,IS,https://blogs.timesofisrael.com/myths-and-truth-behind-reports-about-the-idf-airstrikes-in-syria-part-2/
20211113,1014195116,20211113,ISRAELI,ISR,SYRIAN,SYR,190,재래식 군사력 사용,19,4,-10.0,2,1,2,-3.33863275039745,"Quneitra, Al Qunaytirah, Syria",SY,https://blogs.timesofisrael.com/myths-and-truth-behind-reports-about-the-idf-airstrikes-in-syria-part-2/
20211113,1014195117,20211113,ISRAELI,ISR,SYRIA,SYR,194,포병·전차를 이용한 전투,19,4,-10.0,1,1,1,-3.33863275039745,"Moscow, Moskva, Russia",RS,https://blogs.timesofisrael.com/myths-and-truth-behind-reports-about-the-idf-airstrikes-in-syria-part-2/
20211113,1014195118,20211113,ISRAELI,ISR,SYRIA,SYR,194,포병·전차를 이용한 전투,19,4,-10.0,1,1,1,-3.33863275039745,Israel,IS,https://blogs.timesofisrael.com/myths-and-truth-behind-reports-about-the-idf-airstrikes-in-syria-part-2/
20211113,1014195120,20211113,ISRAELI,ISR,SYRIA,SYR,194,포병·전차를 이용한 전투,19,4,-10.0,3,1,3,-3.33863275039745,Israel,IS,https://blogs.timesofisrael.com/myths-and-truth-behind-reports-about-the-idf-airstrikes-in-syria-part-2/
20211113,1014195121,20211113,ISRAELI,ISR,SYRIAN,SYR,190,재래식 군사력 사용,19,4,-10.0,6,1,6,-3.33863275039745,Israel,IS,https://blogs.timesofisrael.com/myths-and-truth-behind-reports-about-the-idf-airstrikes-in-syria-part-2/
20211113,1014198900,20211113,SYRIAN,SYR,TEL AVIV,ISR,190,재래식 군사력 사용,19,4,-10.0,1,1,1,-2.55241567912489,"Tel Aviv, Tel Aviv, Israel",IS,https://www.sott.net/article/460748-Bashar-Assad-getting-accepted-by-Arab-leaders-US-and-Israel-losing-their-chance
20211113,1014198901,20211113,SYRIAN,SYR,TEL AVIV,ISR,190,재래식 군사력 사용,19,4,-10.0,1,1,1,-2.55241567912489,"Damascus, Dimashq, Syria",SY,https://www.sott.net/article/460748-Bashar-Assad-getting-accepted-by-Arab-leaders-US-and-Israel-losing-their-chance
20211113,1014208464,20211113,SAUDI,SAU,YEMEN,YEM,195,공중무기 사용,19,4,-10.0,8,1,8,-8.79120879120879,"Hudaydah, Al ?udaydah, Yemen",YM,https://www.presstv.ir/Detail/2021/11/13/670537/Saudi-Arabia-airstrike-Yemen-Hudaydah-
20211113,1014208478,20211113,SYRIA,SYR,IRAN,IRN,195,공중무기 사용,19,4,-10.0,1,1,1,-8.03858520900322,Iran,IR,https://en.royanews.tv/news/32634/2021-11-13
20211113,1014208479,20211113,SYRIAN,SYR,IRANIAN,IRN,195,공중무기 사용,19,4,-10.0,4,1,4,-8.03858520900322,Iran,IR,https://en.royanews.tv/news/32634/2021-11-13
20211113,1014212001,20211113,IRANIAN,IRN,SAUDI ARABIA,SAU,190,재래식 군사력 사용,19,4,-10.0,4,1,4,-1.6260162601626,"Riyadh, Ar Riya?, Saudi Arabia",SA,https://www.washingtontimes.com/news/2021/nov/13/tehran-and-riyadh-are-talking-bad-blood-remains-be/
20211113,1014212002,20211113,IRANIAN,IRN,SAUDI,SAU,190,재래식 군사력 사용,19,4,-10.0,1,1,1,-1.6260162601626,"Tehran, Tehran, Iran",IR,https://www.washingtontimes.com/news/2021/nov/13/tehran-and-riyadh-are-talking-bad-blood-remains-be/
20211114,1014218459,20211114,IRANIAN,IRN,SAUDI ARABIA,SAU,190,재래식 군사력 사용,19,4,-10.0,4,1,4,-1.6260162601626,"Riyadh, Ar Riya?, Saudi Arabia",SA,https://www.washingtontimes.com:443/news/2021/nov/13/tehran-and-riyadh-are-talking-bad-blood-remains-be/
20211114,1014218460,20211114,IRANIAN,IRN,SAUDI,SAU,190,재래식 군사력 사용,19,4,-10.0,1,1,1,-1.6260162601626,"Tehran, Tehran, Iran",IR,https://www.washingtontimes.com:443/news/2021/nov/13/tehran-and-riyadh-are-talking-bad-blood-remains-be/
20211114,1014218473,20211114,ISRAEL,ISR,IRAN,IRN,190,재래식 군사력 사용,19,4,-10.0,18,3,18,-3.44294379117669,Israel,IS,https://hamodia.com/2021/11/13/air-force-official-says-u-s-to-maintain-presence-in-mideast/
20211114,1014218474,20211114,ISRAEL,ISR,IRAN,IRN,190,재래식 군사력 사용,19,4,-10.0,12,3,12,-3.44294379117669,"Dubai, Dubayy, United Arab Emirates",AE,https://hamodia.com/2021/11/13/air-force-official-says-u-s-to-maintain-presence-in-mideast/
20211114,1014220902,20211114,ISRAELI,ISR,PALESTINIAN,PSE,193,소형무기·경무기를 이용한 전투,19,4,-10.0,2,1,2,-9.375,"Jerusalem, Israel (general), Israel",IS,http://english.wafa.ps/Pages/Details/126798
20211114,1014220908,20211114,ISRAELI,ISR,PALESTINIAN,PSE,193,소형무기·경무기를 이용한 전투,19,4,-10.0,1,1,1,-9.375,"Jerusalem, Israel (general), Israel",IS,http://english.wafa.ps/Pages/Details/126798
20211114,1014222329,20211114,ISRAELI,ISR,PALESTINIAN,PSE,190,재래식 군사력 사용,19,4,-10.0,10,1,10,-7.45614035087719,"Hebron, Israel (general), Israel",IS,https://www.gulf-times.com/story/704216/Tunisian-town-revolts-over-trash-crisis
20211114,1014223937,20211114,SYRIA,SYR,IRAQ,IRQ,190,재래식 군사력 사용,19,4,-10.0,16,4,16,-5.46516478931998,Syria,SY,https://www.smh.com.au/world/middle-east/how-the-us-hid-an-air-strike-that-killed-dozens-of-civilians-in-syria-20211114-p598qa.html
20211114,1014223938,20211114,SYRIA,SYR,IRAQ,IRQ,190,재래식 군사력 사용,19,4,-10.0,12,5,12,-6.75308421240836,Syria,SY,https://www.smh.com.au/world/middle-east/how-the-us-hid-an-air-strike-that-killed-dozens-of-civilians-in-syria-20211114-p598qa.html
20211114,1014223939,20211114,SYRIA,SYR,ISRAEL,ISR,190,재래식 군사력 사용,19,4,-10.0,1,1,1,-3.82775119617225,Israel,IS,https://www.middleeasteye.net/news/us-military-hid-airstrikes-killed-scores-civilians-syria-report
20211114,1014223940,20211114,SYRIA,SYR,ISRAEL,ISR,190,재래식 군사력 사용,19,4,-10.0,4,1,4,-3.82775119617225,Israel,IS,https://www.middleeasteye.net/news/us-military-hid-airstrikes-killed-scores-civilians-syria-report
20211114,1014223941,20211114,SYRIA,SYR,ISRAEL,ISR,194,포병·전차를 이용한 전투,19,4,-10.0,1,1,1,-3.82775119617225,Israel,IS,https://www.middleeasteye.net/news/us-military-hid-airstrikes-killed-scores-civilians-syria-report
20211114,1014223942,20211114,SYRIA,SYR,ISRAEL,ISR,194,포병·전차를 이용한 전투,19,4,-10.0,4,1,4,-3.82775119617225,Israel,IS,https://www.middleeasteye.net/news/us-military-hid-airstrikes-killed-scores-civilians-syria-report
20211114,1014236063,20211114,SYRIA,SYR,IRAQ,IRQ,190,재래식 군사력 사용,19,4,-10.0,1,1,1,-11.9047619047619,Iraq,IZ,https://www.thenews.com.pk/print/908585-three-iraqis-killed-in-syria
20211114,1014236064,20211114,SYRIAN,SYR,IRAQI,IRQ,190,재래식 군사력 사용,19,4,-10.0,4,1,4,-11.9047619047619,Syria,SY,https://www.thenews.com.pk/print/908585-three-iraqis-killed-in-syria
20211114,1014236065,20211114,SYRIAN,SYR,BEIRUT,LBN,190,재래식 군사력 사용,19,4,-10.0,2,1,2,-11.9047619047619,Syria,SY,https://www.thenews.com.pk/print/908585-three-iraqis-killed-in-syria
20211114,1014236066,20211114,SYRIA,SYR,LEBANON,LBN,190,재래식 군사력 사용,19,4,-10.0,1,1,1,-11.9047619047619,Iraq,IZ,https://www.thenews.com.pk/print/908585-three-iraqis-killed-in-syria
20211114,1014241183,20211114,BAGHDAD,IRQ,AKKA,ISR,192,영토 점령,19,4,-9.5,4,1,4,0.20325203252032,"Anbar, Sistan va Baluchestan, Iran",IR,https://www.meed.com/iraq-plans-to-accelerate-development-of-akas-gas-field
20211114,1014241184,20211114,IRAQ,IRQ,SAUDI ARABIA,SAU,192,영토 점령,19,4,-9.5,4,1,4,0.20325203252032,"Anbar, Sistan va Baluchestan, Iran",IR,https://www.meed.com/iraq-plans-to-accelerate-development-of-akas-gas-field
20211114,1014246094,20211114,SYRIA,SYR,IRAQ,IRQ,190,재래식 군사력 사용,19,4,-10.0,20,1,20,-4.88721804511278,"Erbil, Liwa' Irbil, Iraq",IZ,https://www.kurdistan24.net/public/en/story/26239-Kurdistan-Region-continues-to-host-one-million-refugees-and-asylum-seekers:-Official
20211114,1014247159,20211114,SYRIA,SYR,IRAN,IRN,195,공중무기 사용,19,4,-10.0,1,1,1,-8.03858520900322,Iran,IR,https://en.royanews.tv/news/32634/13%20fighters%20loyal%20to%20Damascus%20killed%20in%20an
20211114,1014247160,20211114,SYRIAN,SYR,IRANIAN,IRN,195,공중무기 사용,19,4,-10.0,4,1,4,-8.03858520900322,Iran,IR,https://en.royanews.tv/news/32634/13%20fighters%20loyal%20to%20Damascus%20killed%20in%20an
20211114,1014248365,20211114,SYRIA,SYR,IRAQI,IRQ,190,재래식 군사력 사용,19,4,-10.0,28,3,28,-10.9252635542169,Iraq,IZ,https://english.aawsat.com/home/article/3303271/isis-ambush-kills-13-loyalist-fighters-syria
20211114,1014248378,20211114,TURKEY,TUR,SYRIAN,SYR,190,재래식 군사력 사용,19,4,-10.0,1,1,1,-1.30554858147126,"Moscow, Moskva, Russia",RS,https://moderndiplomacy.eu/2021/11/14/afghanistan-the-humanitarian-imperative-must-come-first-to-avoid-catastrophe/
20211114,1014248379,20211114,TURKEY,TUR,SYRIAN,SYR,190,재래식 군사력 사용,19,4,-10.0,3,1,3,-1.30554858147126,"Moscow, Moskva, Russia",RS,https://moderndiplomacy.eu/2021/11/14/afghanistan-the-humanitarian-imperative-must-come-first-to-avoid-catastrophe/
20211114,1014252527,20211114,PALESTINE,PSE,ISRAEL,ISR,190,재래식 군사력 사용,19,4,-10.0,4,1,4,-5.97826086956522,Israel,IS,https://www.countytimes.co.uk/news/19714595.war-heroes-powys-gave-today-tomorrow/
20211114,1014252529,20211114,HAMAS,PSE,ISRAEL,ISR,190,재래식 군사력 사용,19,4,-10.0,8,2,8,-1.70637187138714,"Akko, Ha?afon, Israel",IS,https://www.israelnationalnews.com/News/News.aspx/316862
20211114,1014255780,20211114,IRAN,IRN,SAUDI,SAU,192,영토 점령,19,4,-9.5,6,3,6,-1.21476463459165,"Marib, Ma'rib, Yemen",YM,https://www.daijiworld.com/news/newsDisplay?newsID=893523
20211114,1014255986,20211114,ISTANBUL,TUR,SAUDI ARABIAN,SAU,190,재래식 군사력 사용,19,4,-10.0,3,1,3,-9.33125972006217,"Istanbul, Istanbul, Turkey",TU,https://www.amarillo.com/story/opinion/2021/11/14/laura-bell-assassination-since-jfk-retaliation-prevention-dissidents/8585550002/
20211114,1014255987,20211114,TURKEY,TUR,SAUDI ARABIA,SAU,190,재래식 군사력 사용,19,4,-10.0,1,1,1,-9.33125972006217,Saudi Arabia,SA,https://www.amarillo.com/story/opinion/2021/11/14/laura-bell-assassination-since-jfk-retaliation-prevention-dissidents/8585550002/
20211114,1014255988,20211114,ISTANBUL,TUR,SAUDI ARABIA,SAU,190,재래식 군사력 사용,19,4,-10.0,1,1,1,-9.33125972006217,Saudi Arabia,SA,https://www.amarillo.com/story/opinion/2021/11/14/laura-bell-assassination-since-jfk-retaliation-prevention-dissidents/8585550002/
20211114,1014256102,20211114,SANAA,YEM,SAUDI,SAU,190,재래식 군사력 사용,19,4,-10.0,30,3,30,-1.21476463459165,"Marib, Ma'rib, Yemen",YM,https://www.daijiworld.com/news/newsDisplay?newsID=893523
20211114,1014259152,20211114,ISRAELI,ISR,PALESTINIAN,PSE,190,재래식 군사력 사용,19,4,-10.0,2,1,2,-17.3913043478261,"Gilboa, Ha?afon, Israel",IS,http://english.wafa.ps/Pages/Details/126803
20211114,1014259153,20211114,ISRAELI,ISR,WEST BANK,PSE,190,재래식 군사력 사용,19,4,-10.0,2,1,2,-6.12244897959184,"Ramallah, West Bank (general), West Bank",WE,http://english.wafa.ps/Pages/Details/126802
20211114,1014259154,20211114,ISRAEL,ISR,WEST BANK,PSE,190,재래식 군사력 사용,19,4,-10.0,1,1,1,-6.12244897959184,"Ramallah, West Bank (general), West Bank",WE,http://english.wafa.ps/Pages/Details/126802
20211114,1014259155,20211114,ISRAELI,ISR,PALESTINIAN,PSE,190,재래식 군사력 사용,19,4,-10.0,3,1,2,-17.3913043478261,"Gilboa, Ha?afon, Israel",IS,http://english.wafa.ps/Pages/Details/126803
20211114,1014259382,20211114,WEST BANK,PSE,ISRAEL,ISR,190,재래식 군사력 사용,19,4,-10.0,2,1,2,-6.12244897959184,"Hebron, Israel (general), Israel",IS,http://english.wafa.ps/Pages/Details/126802
20211114,1014259383,20211114,WEST BANK,PSE,ISRAELI,ISR,190,재래식 군사력 사용,19,4,-10.0,2,1,2,-17.3913043478261,"Gilboa, Ha?afon, Israel",IS,http://english.wafa.ps/Pages/Details/126803
20211114,1014259384,20211114,WEST BANK,PSE,ISRAEL,ISR,190,재래식 군사력 사용,19,4,-10.0,4,1,4,-17.3913043478261,"Gilboa, Ha?afon, Israel",IS,http://english.wafa.ps/Pages/Details/126803
20211114,1014265645,20211114,TURKEY,TUR,SYRIA,SYR,163,금수·보이콧·제재 부과,16,4,-8.0,20,1,20,-0.2125398512221,Turkey,TU,https://www.strategypage.com/htmw/htwin/articles/20211114.aspx
20211114,1014266703,20211114,TEHRAN,IRN,HASSAN,JOR,190,재래식 군사력 사용,19,4,-10.0,1,1,1,-5.60578661844485,"Marib, Ma'rib, Yemen",YM,https://english.aawsat.com/home/article/3303561/yemen%E2%80%99s-legitimacy-demands-end-hezbollah%E2%80%99s-intervention-yemeni-affairs
20211114,1014266719,20211114,HASSAN,JOR,TEHRAN,IRN,190,재래식 군사력 사용,19,4,-10.0,1,1,1,-5.60578661844485,"Marib, Ma'rib, Yemen",YM,https://english.aawsat.com/home/article/3303561/yemen%E2%80%99s-legitimacy-demands-end-hezbollah%E2%80%99s-intervention-yemeni-affairs
20211114,1014266722,20211114,HASSAN,JOR,YEMEN,YEM,190,재래식 군사력 사용,19,4,-10.0,2,1,2,-5.60578661844485,"Marib, Ma'rib, Yemen",YM,https://english.aawsat.com/home/article/3303561/yemen%E2%80%99s-legitimacy-demands-end-hezbollah%E2%80%99s-intervention-yemeni-affairs
20211114,1014266905,20211114,SYRIAN,SYR,IRAQ,IRQ,190,재래식 군사력 사용,19,4,-10.0,2,1,2,-3.05343511450382,"Raqqa, Ar Raqqah, Syria",SY,https://english.aawsat.com/home/article/3303591/us-led-int%E2%80%99l-coalition-renews-support-raqqa-civil-council
20211114,1014266906,20211114,SYRIAN,SYR,IRAQI,IRQ,190,재래식 군사력 사용,19,4,-10.0,6,1,6,-3.05343511450382,Iraq,IZ,https://english.aawsat.com/home/article/3303591/us-led-int%E2%80%99l-coalition-renews-support-raqqa-civil-council
20211114,1014267042,20211114,YEMEN,YEM,HASSAN,JOR,190,재래식 군사력 사용,19,4,-10.0,2,1,2,-5.60578661844485,"Marib, Ma'rib, Yemen",YM,https://english.aawsat.com/home/article/3303561/yemen%E2%80%99s-legitimacy-demands-end-hezbollah%E2%80%99s-intervention-yemeni-affairs
20211114,1014267968,20211114,ISRAEL,ISR,IRAN,IRN,190,재래식 군사력 사용,19,4,-10.0,2,1,2,-4.03458213256485,"Dubai, Dubayy, United Arab Emirates",AE,https://www.arkansasonline.com/news/2021/nov/14/us-affirms-mideast-presence/
20211114,1014267969,20211114,ISRAEL,ISR,IRAN,IRN,190,재래식 군사력 사용,19,4,-10.0,2,1,2,-4.03458213256485,"Dubai, Dubayy, United Arab Emirates",AE,https://www.arkansasonline.com/news/2021/nov/14/us-affirms-mideast-presence/
20211114,1014267970,20211114,ISRAEL,ISR,IRAN,IRN,190,재래식 군사력 사용,19,4,-10.0,4,1,4,-4.03458213256485,"Washington, District of Columbia, United States",US,https://www.arkansasonline.com/news/2021/nov/14/us-affirms-mideast-presence/
20211114,1014267971,20211114,ISRAEL,ISR,IRAN,IRN,190,재래식 군사력 사용,19,4,-10.0,2,1,2,-4.03458213256485,Israel,IS,https://www.arkansasonline.com/news/2021/nov/14/us-affirms-mideast-presence/
20211114,1014271779,20211114,ISRAEL,ISR,HAMAS,PSE,190,재래식 군사력 사용,19,4,-10.0,8,2,8,-5.31410342025889,"Gaza, Israel (general), Israel",IS,https://www.algemeiner.com/2021/11/14/the-most-alarming-threat-of-all-to-the-jewish-people/
20211114,1014271956,20211114,GAZA,PSE,ISRAEL,ISR,190,재래식 군사력 사용,19,4,-10.0,1,1,1,-8.20283370618942,"Jerusalem, Israel (general), Israel",IS,https://www.algemeiner.com/2021/11/14/the-most-alarming-threat-of-all-to-the-jewish-people/
20211114,1014275485,20211114,ISRAEL,ISR,IRAN,IRN,163,금수·보이콧·제재 부과,16,4,-8.0,4,1,4,-0.23201856148492,"Tehran, Tehran, Iran",IR,https://unitedwithisrael.org/israel-fears-biden-will-settle-for-iran-deal-worse-than-jcpoa/
20211114,1014275486,20211114,ISRAEL,ISR,IRAN,IRN,163,금수·보이콧·제재 부과,16,4,-8.0,2,1,2,-0.23201856148492,"Jerusalem, Israel (general), Israel",IS,https://unitedwithisrael.org/israel-fears-biden-will-settle-for-iran-deal-worse-than-jcpoa/
20211114,1014278722,20211114,YEMEN,YEM,SAUDI,SAU,190,재래식 군사력 사용,19,4,-10.0,28,2,28,-8.87917960569076,"Sanaa, Sana', Yemen",YM,https://english.ahram.org.eg/NewsContent/2/8/439620/World/Region/Saudiled-coalition-says--Huthis-killed-in-Yemen-st.aspx
20211114,1014283214,20211114,CAIRO,EGY,AL JAZEERA,QAT,190,재래식 군사력 사용,19,4,-10.0,5,1,5,-6.26959247648903,"El Kabbashi, Al Khartum, Sudan",SU,https://www.straitstimes.com/world/al-jazeeras-sudan-bureau-chief-arrested-after-protests
20211114,1014283638,20211114,TURKEY,TUR,SYRIA,SYR,154,군 병력 동원·증강,15,4,-7.2,8,1,8,-5.34351145038168,"Ankara, Ankara, Turkey",TU,https://www.presstv.ir/Detail/2021/11/14/670580/Bitter-clashes-break-out-between-rival-Turkish-backed-militants-in-northern-Syria--SANA
20211114,1014283639,20211114,TURKEY,TUR,SYRIA,SYR,154,군 병력 동원·증강,15,4,-7.2,2,1,2,-5.34351145038168,"Ankara, Ankara, Turkey",TU,https://www.presstv.ir/Detail/2021/11/14/670580/Bitter-clashes-break-out-between-rival-Turkish-backed-militants-in-northern-Syria--SANA
20211114,1014283643,20211114,TURKISH,TUR,SANA,YEM,190,재래식 군사력 사용,19,4,-10.0,2,1,2,-5.34351145038168,"Raqqah, Ar Raqqah, Syria",SY,https://www.presstv.ir/Detail/2021/11/14/670580/Bitter-clashes-break-out-between-rival-Turkish-backed-militants-in-northern-Syria--SANA
20211114,1014283770,20211114,SANA,YEM,TURKISH,TUR,190,재래식 군사력 사용,19,4,-10.0,2,1,2,-5.34351145038168,"Raqqah, Ar Raqqah, Syria",SY,https://www.presstv.ir/Detail/2021/11/14/670580/Bitter-clashes-break-out-between-rival-Turkish-backed-militants-in-northern-Syria--SANA
20211114,1014284752,20211114,IRAN,IRN,ISRAELI,ISR,192,영토 점령,19,4,-9.5,5,1,5,-5.65476190476191,"Jerusalem, Israel (general), Israel",IS,http://www.newscast-pratyaksha.com/english/iran-terrorism-push-world-into-darkness/
20211114,1014284753,20211114,IRAN,IRN,ISRAELI,ISR,192,영토 점령,19,4,-9.5,2,1,2,-5.65476190476191,"Jerusalem, Israel (general), Israel",IS,http://www.newscast-pratyaksha.com/english/iran-terrorism-push-world-into-darkness/
20211114,1014284757,20211114,ISRAEL,ISR,IRAN,IRN,138,군사력 사용 위협,13,3,-7.0,2,1,2,-5.65476190476191,"Jerusalem, Israel (general), Israel",IS,http://www.newscast-pratyaksha.com/english/iran-terrorism-push-world-into-darkness/
20211114,1014284758,20211114,ISRAEL,ISR,IRANIAN,IRN,190,재래식 군사력 사용,19,4,-10.0,2,1,2,-5.65476190476191,Iran,IR,http://www.newscast-pratyaksha.com/english/iran-terrorism-push-world-into-darkness/
20211114,1014284759,20211114,ISRAEL,ISR,IRAN,IRN,190,재래식 군사력 사용,19,4,-10.0,2,1,2,-5.65476190476191,"Jerusalem, Israel (general), Israel",IS,http://www.newscast-pratyaksha.com/english/iran-terrorism-push-world-into-darkness/
20211114,1014284760,20211114,ISRAEL,ISR,IRANIAN,IRN,190,재래식 군사력 사용,19,4,-10.0,6,1,6,-5.65476190476191,Iran,IR,http://www.newscast-pratyaksha.com/english/iran-terrorism-push-world-into-darkness/
20211114,1014284764,20211114,ISRAEL,ISR,IRAN,IRN,138,군사력 사용 위협,13,3,-7.0,2,1,2,-5.65476190476191,"Jerusalem, Israel (general), Israel",IS,http://www.newscast-pratyaksha.com/english/iran-terrorism-push-world-into-darkness/
20211114,1014284920,20211114,HAMAS,PSE,ISRAEL,ISR,194,포병·전차를 이용한 전투,19,4,-10.0,2,1,2,-5.95238095238095,"Jerusalem, Israel (general), Israel",IS,https://www.wcsufm.org/?page=2377
20211114,1014284921,20211114,HAMAS,PSE,ISRAEL,ISR,194,포병·전차를 이용한 전투,19,4,-10.0,8,1,8,-5.95238095238095,"Jerusalem, Israel (general), Israel",IS,https://www.wcsufm.org/?page=2377
20211114,1014284922,20211114,HAMAS,PSE,ISRAELI,ISR,194,포병·전차를 이용한 전투,19,4,-10.0,6,1,6,-5.95238095238095,"Jerusalem, Israel (general), Israel",IS,https://www.wcsufm.org/?page=2377
20211114,1014290573,20211114,ISRAEL,ISR,IRAQI,IRQ,190,재래식 군사력 사용,19,4,-10.0,8,1,8,-4.13373860182371,"Gaza, Israel (general), Israel",IS,https://www.aish.com/tp/ss/ssw/Vayishlach-5782-The-Value-of-Life.html
20211114,1014290761,20211114,SAUDI,SAU,YEMEN,YEM,190,재래식 군사력 사용,19,4,-10.0,10,1,10,-3.42465753424657,"Sanaa, Sana', Yemen",YM,https://www.algemeiner.com/2021/11/14/clashes-erupt-in-yemens-hodeidah-as-pro-saudi-coalition-forces-cede-ground-to-houthis/
20211114,1014290910,20211114,YEMEN,YEM,SAUDI,SAU,190,재래식 군사력 사용,19,4,-10.0,10,1,10,-3.42465753424657,"Riyadh, Ar Riya?, Saudi Arabia",SA,https://www.algemeiner.com/2021/11/14/clashes-erupt-in-yemens-hodeidah-as-pro-saudi-coalition-forces-cede-ground-to-houthis/
20211114,1014291945,20211114,PALESTINIAN,PSE,ISRAEL,ISR,163,금수·보이콧·제재 부과,16,4,-8.0,12,2,12,0.197245564892625,Israel,IS,https://www.msn.com/en-za/news/other/palestinian-organisations-amplify-demands-for-miss-sa-to-boycott-pageant-in-israel/ar-AAQH5RE
20211114,1014295603,20211114,ISRAELI,ISR,PALESTINIAN,PSE,190,재래식 군사력 사용,19,4,-10.0,4,1,4,-6.43274853801169,"Yerushalayim, Israel (general), Israel",IS,https://hamodia.com/2021/11/14/idf-to-bypass-some-arab-towns-in-war-maneuvers/
20211114,1014295604,20211114,ISRAEL,ISR,GAZA,PSE,190,재래식 군사력 사용,19,4,-10.0,10,1,10,-6.43274853801169,Gaza Strip,GZ,https://hamodia.com/2021/11/14/idf-to-bypass-some-arab-towns-in-war-maneuvers/
20211114,1014295605,20211114,ISRAELI,ISR,PALESTINIAN,PSE,190,재래식 군사력 사용,19,4,-10.0,6,1,6,-6.43274853801169,"Yerushalayim, Israel (general), Israel",IS,https://hamodia.com/2021/11/14/idf-to-bypass-some-arab-towns-in-war-maneuvers/
20211114,1014295736,20211114,PALESTINIAN,PSE,ISRAELI,ISR,190,재래식 군사력 사용,19,4,-10.0,4,1,4,-6.43274853801169,"Umm Al-Fahm, H_efa, Israel",IS,https://hamodia.com/2021/11/14/idf-to-bypass-some-arab-towns-in-war-maneuvers/
20211114,1014295737,20211114,GAZA,PSE,ISRAEL,ISR,190,재래식 군사력 사용,19,4,-10.0,10,1,10,-6.43274853801169,Gaza Strip,GZ,https://hamodia.com/2021/11/14/idf-to-bypass-some-arab-towns-in-war-maneuvers/
20211114,1014295738,20211114,PALESTINIAN,PSE,ISRAELI,ISR,190,재래식 군사력 사용,19,4,-10.0,6,1,6,-6.43274853801169,"Umm Al-Fahm, H_efa, Israel",IS,https://hamodia.com/2021/11/14/idf-to-bypass-some-arab-towns-in-war-maneuvers/
20211114,1014296935,20211114,IRAQ,IRQ,SYRIA,SYR,190,재래식 군사력 사용,19,4,-10.0,4,2,4,-6.30362824399221,"Baghuz, Al ?asakah, Syria",SY,http://www.msn.com/en-us/news/world/us-confirms-2019-airstrike-hit-crowd-of-syrian-women-and-children/ar-AAQHeHj
20211114,1014297095,20211114,SYRIA,SYR,IRAQ,IRQ,190,재래식 군사력 사용,19,4,-10.0,4,2,4,-6.30362824399221,"Baghuz, Al ?asakah, Syria",SY,http://www.msn.com/en-us/news/world/us-confirms-2019-airstrike-hit-crowd-of-syrian-women-and-children/ar-AAQHeHj
20211114,1014299806,20211114,PALESTINIAN,PSE,ISRAEL,ISR,190,재래식 군사력 사용,19,4,-10.0,1,1,1,-7.28309056364788,"Jabaliya, Gaza Strip (general), Gaza Strip",GZ,https://www.haaretz.com/middle-east-news/.premium-a-tale-of-two-gazas-power-and-luxury-for-hamas-unlivable-slum-for-the-rest-1.10383113
20211114,1014301864,20211114,ISRAELI,ISR,PALESTINIAN,PSE,190,재래식 군사력 사용,19,4,-10.0,7,1,7,-6.68604651162791,Israel,IS,https://english.alaraby.co.uk/news/israeli-forces-watched-joined-attacks-against-palestinians
20211114,1014311344,20211114,HASSAN,JOR,SAUDI ARABIA,SAU,193,소형무기·경무기를 이용한 전투,19,4,-10.0,2,1,2,-7.36842105263158,Saudi Arabia,SA,https://www.bignewsnetwork.com/news/271726928/pak-forms-sit-to-probe-2011-assassination-of-saudi-diplomat
20211114,1014316006,20211114,SYRIAN,SYR,IRAQI,IRQ,190,재래식 군사력 사용,19,4,-10.0,2,1,2,-12.9032258064516,"Damascus, Dimashq, Syria",SY,https://www.thesouthafrican.com/news/world-news/five-soldiers-killed-in-syria-attack-monitor/
20211114,1014316867,20211114,ISRAEL,ISR,IRAN,IRN,163,금수·보이콧·제재 부과,16,4,-8.0,2,1,2,4.32692307692308,Iran,IR,https://www.i24news.tv/en/news/israel/1636924074-israel-pm-will-not-meet-with-us-envoy-on-iran
20211114,1014317120,20211114,YEMEN,YEM,SAUDI,SAU,190,재래식 군사력 사용,19,4,-10.0,10,1,10,-0.77220077220077,"Hodeida, Al ?udaydah, Yemen",YM,https://www.i24news.tv/en/news/middle-east/1636920179-yemen-clashes-spark-in-red-sea-port-city
20211115,1014331979,20211115,ISRAELI,ISR,PALESTINIAN,PSE,190,재래식 군사력 사용,19,4,-10.0,26,7,26,-4.46731941978796,"Jerusalem, Israel (general), Israel",IS,http://jordantimes.com/news/region/israeli-forces-have-watched-joined-settlers-attacking-palestinians-%E2%80%94-ngo
20211115,1014334427,20211115,IRAN,IRN,IRAQ,IRQ,190,재래식 군사력 사용,19,4,-10.0,6,1,6,-5.54474708171206,"Baghdad, Baghdad, Iraq",IZ,https://apnews.com/article/joe-biden-syria-iran-middle-east-iraq-47774c2b5a6862353c8c6751738e7ba0
20211115,1014334428,20211115,IRAN,IRN,IRAQ,IRQ,190,재래식 군사력 사용,19,4,-10.0,2,1,2,-5.54474708171206,Iran,IR,https://apnews.com/article/joe-biden-syria-iran-middle-east-iraq-47774c2b5a6862353c8c6751738e7ba0
20211115,1014334429,20211115,IRAN,IRN,IRAQ,IRQ,190,재래식 군사력 사용,19,4,-10.0,2,1,2,-5.54474708171206,Iran,IR,https://apnews.com/article/joe-biden-syria-iran-middle-east-iraq-47774c2b5a6862353c8c6751738e7ba0
20211115,1014334436,20211115,IRAQI,IRQ,SYRIA,SYR,195,공중무기 사용,19,4,-10.0,1,1,1,-5.54474708171206,"Baghdad, Baghdad, Iraq",IZ,https://apnews.com/article/joe-biden-syria-iran-middle-east-iraq-47774c2b5a6862353c8c6751738e7ba0
20211115,1014334437,20211115,IRAQI,IRQ,SYRIA,SYR,195,공중무기 사용,19,4,-10.0,4,1,4,-5.54474708171206,Syria,SY,https://apnews.com/article/joe-biden-syria-iran-middle-east-iraq-47774c2b5a6862353c8c6751738e7ba0
20211115,1014334615,20211115,SYRIAN,SYR,IRAQI,IRQ,190,재래식 군사력 사용,19,4,-10.0,2,1,2,-11.3861386138614,"Damascus, Dimashq, Syria",SY,https://english.alaraby.co.uk/news/five-soldiers-killed-syria-attack-monitor
20211115,1014334616,20211115,SYRIA,SYR,IRAQ,IRQ,190,재래식 군사력 사용,19,4,-10.0,2,1,2,-5.54474708171206,"Baghdad, Baghdad, Iraq",IZ,https://apnews.com/article/joe-biden-syria-iran-middle-east-iraq-47774c2b5a6862353c8c6751738e7ba0
20211115,1014334617,20211115,SYRIA,SYR,BAGHDAD,IRQ,190,재래식 군사력 사용,19,4,-10.0,9,1,8,-5.54474708171206,"Baghdad, Baghdad, Iraq",IZ,https://apnews.com/article/joe-biden-syria-iran-middle-east-iraq-47774c2b5a6862353c8c6751738e7ba0
20211115,1014334618,20211115,SYRIAN,SYR,IRAQ,IRQ,190,재래식 군사력 사용,19,4,-10.0,1,1,1,-5.54474708171206,United Kingdom,UK,https://apnews.com/article/joe-biden-syria-iran-middle-east-iraq-47774c2b5a6862353c8c6751738e7ba0
20211115,1014340161,20211115,HASSAN,JOR,SAUDI ARABIA,SAU,193,소형무기·경무기를 이용한 전투,19,4,-10.0,4,2,4,-7.36842105263158,Saudi Arabia,SA,https://www.southeastasiapost.com/news/271726928/pak-forms-sit-to-probe-2011-assassination-of-saudi-diplomat
20211115,1014344095,20211115,ISRAEL,ISR,IRAN,IRN,190,재래식 군사력 사용,19,4,-10.0,6,1,6,-3.21100917431193,Israel,IS,https://www1.cbn.com/cbnnews/israel/2021/november/air-force-official-says-us-to-maintain-presence-in-mideast
20211115,1014344096,20211115,ISRAEL,ISR,IRAN,IRN,190,재래식 군사력 사용,19,4,-10.0,2,1,2,-3.21100917431193,Israel,IS,https://www1.cbn.com/cbnnews/israel/2021/november/air-force-official-says-us-to-maintain-presence-in-mideast
20211115,1014344097,20211115,ISRAEL,ISR,IRAN,IRN,190,재래식 군사력 사용,19,4,-10.0,2,1,2,-3.21100917431193,Israel,IS,https://www1.cbn.com/cbnnews/israel/2021/november/air-force-official-says-us-to-maintain-presence-in-mideast
20211115,1014345244,20211115,IRANIAN,IRN,IRAQ,IRQ,190,재래식 군사력 사용,19,4,-10.0,8,1,8,-1.88821752265861,Iraq,IZ,https://www.timesofisrael.com/in-us-irans-chief-rabbi-says-he-feared-vengeance-after-soleimani-killing/
20211115,1014345245,20211115,IRANIAN,IRN,IRAQ,IRQ,190,재래식 군사력 사용,19,4,-10.0,2,1,2,-1.88821752265861,"Virginia, United States",US,https://www.timesofisrael.com/in-us-irans-chief-rabbi-says-he-feared-vengeance-after-soleimani-killing/
20211115,1014345275,20211115,ISRAEL,ISR,GAZA,PSE,194,포병·전차를 이용한 전투,19,4,-10.0,2,1,2,-4.24502955400322,"Gaza, Israel (general), Israel",IS,https://blogs.timesofisrael.com/editorializing-for-hamas/
20211115,1014345462,20211115,SYRIA,SYR,TURKEY,TUR,196,휴전 위반,19,4,-9.5,4,1,4,-1.26050420168067,"Idlib, Idlib, Syria",SY,https://www.veteranstoday.com/2021/11/14/syrian-army-using-laser-guided-artillery-on-idlib-hts-jihadis/
20211115,1014345463,20211115,SYRIA,SYR,TURKEY,TUR,196,휴전 위반,19,4,-9.5,4,1,4,-1.26050420168067,"Idlib, Idlib, Syria",SY,https://www.veteranstoday.com/2021/11/14/syrian-army-using-laser-guided-artillery-on-idlib-hts-jihadis/
20211115,1014351667,20211115,IRAN,IRN,IRAQ,IRQ,194,포병·전차를 이용한 전투,19,4,-10.0,10,1,10,-2.27617602427922,Japan,JA,https://science.howstuffworks.com/difference-ballistic-cruise-missile.htm
20211115,1014352026,20211115,YEMEN,YEM,SAUDI,SAU,190,재래식 군사력 사용,19,4,-10.0,8,1,8,-8.46153846153846,"Sanaa, Sana', Yemen",YM,https://dunyanews.tv/en/World/628621-Saudi-led-coalition-says-80-Huthis-killed-in-Yemen-strikes
20211115,1014354414,20211115,SYRIA,SYR,IRAQI,IRQ,193,소형무기·경무기를 이용한 전투,19,4,-10.0,1,1,1,-9.29577464788732,"Baghdad, Baghdad, Iraq",IZ,https://www.wsws.org/en/articles/2021/11/15/pers-n15.html
20211115,1014354415,20211115,SYRIA,SYR,IRAQI,IRQ,193,소형무기·경무기를 이용한 전투,19,4,-10.0,3,1,3,-9.29577464788732,"Baghdad, Baghdad, Iraq",IZ,https://www.wsws.org/en/articles/2021/11/15/pers-n15.html
20211115,1014356610,20211115,ISRAEL,ISR,PALESTINIAN,PSE,192,영토 점령,19,4,-9.5,6,1,6,-5.47550432276657,"Jerusalem, Israel (general), Israel",IS,https://www.dawn.com/news/1658157/israel-uses-settler-violence-as-tool-to-seize-palestinian-land-ngo
20211115,1014360551,20211115,GAZA,PSE,TEL AVIV JAFFA,ISR,190,재래식 군사력 사용,19,4,-10.0,6,1,6,-3.61681329423265,"Gaza, Israel (general), Israel",IS,https://www.timesofisrael.com/arab-men-attacked-by-jewish-gang-in-bat-yam-in-apparent-nationalist-assault/
20211115,1014361574,20211115,BAHRAIN,BHR,LEBANESE,LBN,139,최후통첩,13,3,-7.0,2,1,2,-4.14572864321608,"Beirut, Beyrouth, Lebanon",LE,https://www.newdelhitimes.com/saudi-arabia-lebanon-ties-under-severe-strain/
20211115,1014361575,20211115,BAHRAIN,BHR,LEBANESE,LBN,139,최후통첩,13,3,-7.0,2,1,2,-4.14572864321608,Kuwait,KU,https://www.newdelhitimes.com/saudi-arabia-lebanon-ties-under-severe-strain/
20211115,1014361576,20211115,BAHRAIN,BHR,LEBANON,LBN,139,최후통첩,13,3,-7.0,2,1,2,-4.14572864321608,Kuwait,KU,https://www.newdelhitimes.com/saudi-arabia-lebanon-ties-under-severe-strain/
20211115,1014361577,20211115,BAHRAIN,BHR,LEBANESE,LBN,139,최후통첩,13,3,-7.0,4,1,4,-4.14572864321608,Kuwait,KU,https://www.newdelhitimes.com/saudi-arabia-lebanon-ties-under-severe-strain/
20211115,1014361944,20211115,LEBANON,LBN,SAUDI,SAU,163,금수·보이콧·제재 부과,16,4,-8.0,10,1,10,-4.14572864321608,"Riyadh, Ar Riya?, Saudi Arabia",SA,https://www.newdelhitimes.com/saudi-arabia-lebanon-ties-under-severe-strain/
20211115,1014363716,20211115,PALESTINIAN,PSE,ISRAEL,ISR,190,재래식 군사력 사용,19,4,-10.0,35,7,35,-4.0646122140688,"Gaza, Israel (general), Israel",IS,https://www.haaretz.com/israel-news/a-tale-of-two-gazas-power-and-luxury-for-hamas-unlivable-slum-for-the-rest-1.10383113
20211115,1014363717,20211115,PALESTINIAN,PSE,ISRAEL,ISR,190,재래식 군사력 사용,19,4,-10.0,1,1,1,-7.28770595690748,"Jabaliya, Gaza Strip (general), Gaza Strip",GZ,https://www.haaretz.com/israel-news/a-tale-of-two-gazas-power-and-luxury-for-hamas-unlivable-slum-for-the-rest-1.10383113
20211115,1014372807,20211115,ISRAEL,ISR,PALESTINIAN,PSE,163,금수·보이콧·제재 부과,16,4,-8.0,10,1,10,-8.06201550387597,Gaza Strip,GZ,https://www.jewishpress.com/indepth/columns/khaled-abu-toameh/palestinian-leaders-inflict-pain-on-their-people-eu-shrugs/2021/11/15/
20211115,1014380327,20211115,SAUDI,SAU,YEMEN,YEM,195,공중무기 사용,19,4,-10.0,5,1,5,-3.56687898089172,"Hudaydah, Al ?udaydah, Yemen",YM,https://www.presstv.ir/Detail/2021/11/15/670634/Saudi-airstrike-kills-injures-civilians-Hudaydah
20211115,1014382117,20211115,PALESTINIAN,PSE,ISRAEL,ISR,190,재래식 군사력 사용,19,4,-10.0,4,1,4,-1.94174757281553,"Hebron, Israel (general), Israel",IS,https://www.middleeasteye.net/news/israel-can-monitor-every-telephone-call-west-bank-and-gaza-intelligence-source
20211115,1014383942,20211115,ISRAEL,ISR,HAMAS,PSE,190,재래식 군사력 사용,19,4,-10.0,4,1,4,-7.86259541984732,"Gaza, Israel (general), Israel",IS,https://www.jewishpress.com/indepth/opinions/the-most-alarming-threat-of-all-to-the-jewish-people/2021/11/15/
20211115,1014388303,20211115,ISRAELI,ISR,PALESTINIAN,PSE,190,재래식 군사력 사용,19,4,-10.0,2,1,2,-7.96812749003984,Israel,IS,http://english.wafa.ps/Pages/Details/126812
20211115,1014388311,20211115,ISRAELI,ISR,PALESTINIAN,PSE,190,재래식 군사력 사용,19,4,-10.0,2,1,2,-7.96812749003984,Israel,IS,http://english.wafa.ps/Pages/Details/126812
20211115,1014388552,20211115,WEST BANK,PSE,ISRAEL,ISR,190,재래식 군사력 사용,19,4,-10.0,6,1,6,-7.96812749003984,Israel,IS,http://english.wafa.ps/Pages/Details/126812
20211115,1014398650,20211115,GAZIANTEP,TUR,SYRIA,SYR,192,영토 점령,19,4,-9.5,15,2,15,-1.82547085998578,Syria,SY,https://www.birminghammail.co.uk/news/midlands-news/isis-mum-who-swapped-city-22166058
20211115,1014405575,20211115,ISRAEL,ISR,IRAN,IRN,1384,재래식 군사 공격 위협,13,3,-7.0,2,1,2,-3.63797692990239,"Gaza, Israel (general), Israel",IS,https://www.israelnationalnews.com/News/News.aspx/316941
20211115,1014405576,20211115,ISRAEL,ISR,IRAN,IRN,1384,재래식 군사 공격 위협,13,3,-7.0,2,1,2,-3.63797692990239,Iran,IR,https://www.israelnationalnews.com/News/News.aspx/316941
20211115,1014405577,20211115,ISRAEL,ISR,IRAN,IRN,1384,재래식 군사 공격 위협,13,3,-7.0,6,1,6,-3.63797692990239,"New York, United States",US,https://www.israelnationalnews.com/News/News.aspx/316941
20211115,1014414786,20211115,GAZA,PSE,ISRAEL,ISR,190,재래식 군사력 사용,19,4,-10.0,2,1,2,-3.60824742268041,"Adnan Menderes, Ankara, Turkey",TU,https://article.wn.com/view/2021/11/15/8216israeli_couple_arrested_in_turkey_suspected_of_espionage/
20211115,1014424073,20211115,ISRAEL,ISR,IRAN,IRN,163,금수·보이콧·제재 부과,16,4,-8.0,12,3,12,0.793448520479287,"Tehran, Tehran, Iran",IR,https://www.clevelandjewishnews.com/jns/us-iran-envoy-in-israel-ahead-of-upcoming-nuclear-talks/article_2571d5c9-e93d-5e5e-82c5-5ec53eda67b8.html
20211115,1014424078,20211115,ISRAELI,ISR,PALESTINIAN,PSE,190,재래식 군사력 사용,19,4,-10.0,5,5,5,-3.22881706244415,"Jerusalem, Israel (general), Israel",IS,http://english.sina.com/world/m/2021-11-15/detail-iktzscyy5721289.shtml
20211115,1014424401,20211115,PALESTINIAN,PSE,ISRAELI,ISR,190,재래식 군사력 사용,19,4,-10.0,5,5,5,-3.22881706244415,"Jerusalem, Israel (general), Israel",IS,http://english.sina.com/world/m/2021-11-15/detail-iktzscyy5721289.shtml
20211115,1014426596,20211115,ISRAEL,ISR,IRAN,IRN,163,금수·보이콧·제재 부과,16,4,-8.0,4,1,4,4.65116279069767,Iran,IR,https://www.algemeiner.com/2021/11/15/israeli-pm-will-not-meet-with-us-envoy-on-iran/
20211115,1014438628,20211108,TURKEY,TUR,SYRIA,SYR,190,재래식 군사력 사용,19,4,-10.0,1,1,1,-2.90456431535269,"Ankara, Ankara, Turkey",TU,https://english.alaraby.co.uk/news/syrian-democratic-forces-head-receives-us-officials
20211115,1014438629,20211108,TURKEY,TUR,SYRIA,SYR,190,재래식 군사력 사용,19,4,-10.0,1,1,1,-2.90456431535269,Syria,SY,https://english.alaraby.co.uk/news/syrian-democratic-forces-head-receives-us-officials
20211115,1014440067,20211115,TURKEY,TUR,SYRIAN,SYR,196,휴전 위반,19,4,-9.5,2,1,2,-5.88235294117647,"Ankara, Ankara, Turkey",TU,https://tass.com/defense/1361615
20211115,1014440068,20211115,TURKEY,TUR,SYRIAN,SYR,196,휴전 위반,19,4,-9.5,5,1,5,-5.88235294117647,"Ankara, Ankara, Turkey",TU,https://tass.com/defense/1361615
20211115,1014441937,20211115,IRAN,IRN,YEMEN,YEM,192,영토 점령,19,4,-9.5,2,1,2,-7.10280373831776,"Marib, Ma'rib, Yemen",YM,https://www.macaubusiness.com/fighting-near-key-yemen-port-displaces-over-6000-un/
20211115,1014442347,20211115,SYRIAN,SYR,TEL AVIV,ISR,190,재래식 군사력 사용,19,4,-10.0,1,1,1,-2.47801758593125,"Tel Aviv, Tel Aviv, Israel",IS,https://www.veteranstoday.com/2021/11/15/bashar-assad-getting-accepted-by-arab-leaders-us-and-israel-losing-their-chance/
20211115,1014442348,20211115,SYRIAN,SYR,TEL AVIV,ISR,190,재래식 군사력 사용,19,4,-10.0,1,1,1,-2.47801758593125,"Damascus, Dimashq, Syria",SY,https://www.veteranstoday.com/2021/11/15/bashar-assad-getting-accepted-by-arab-leaders-us-and-israel-losing-their-chance/
20211115,1014451047,20211115,IRANIAN,IRN,SAUDI ARABIA,SAU,163,금수·보이콧·제재 부과,16,4,-8.0,5,1,5,-1.37892995035852,Saudi Arabia,SA,https://peacenow.org/entry.php?id=38943
20211115,1014451058,20211115,ISRAEL,ISR,SINAI,EGY,154,군 병력 동원·증강,15,4,-7.2,1,1,1,-1.37892995035852,"Cairo, Al Qahirah, Egypt",EG,https://peacenow.org/entry.php?id=38943
20211115,1014451059,20211115,ISRAEL,ISR,SINAI,EGY,154,군 병력 동원·증강,15,4,-7.2,2,1,2,-1.37892995035852,"Cairo, Al Qahirah, Egypt",EG,https://peacenow.org/entry.php?id=38943
20211115,1014461573,20211115,PALESTINE,PSE,ISRAELI,ISR,190,재래식 군사력 사용,19,4,-10.0,8,1,8,-4.97335701598579,"Beit Dajan, HaMerkaz, Israel",IS,https://www.arabnews.com/node/1968566
20211115,1014461574,20211115,PALESTINE,PSE,ISRAELI,ISR,190,재래식 군사력 사용,19,4,-10.0,2,1,2,-4.97335701598579,"Beit Dajan, HaMerkaz, Israel",IS,https://www.arabnews.com/node/1968566
20211115,1014461577,20211115,PALESTINIAN,PSE,ISRAELI,ISR,190,재래식 군사력 사용,19,4,-10.0,6,1,6,-4.97335701598579,"Gaza, Israel (general), Israel",IS,https://www.arabnews.com/node/1968566
20211115,1014463010,20211115,PALESTINIAN,PSE,ISRAEL,ISR,190,재래식 군사력 사용,19,4,-10.0,4,1,4,-7.96460176991151,"Hebron, Israel (general), Israel",IS,https://www.middleeasteye.net/news/palestinian-farmers-injured-during-settlers-attack-north-occupied-west-bank
20211115,1014465389,20211115,ISRAELI,ISR,PALESTINIAN,PSE,190,재래식 군사력 사용,19,4,-10.0,4,1,4,-6.55957161981258,"Jerusalem District, Yerushalayim, Israel",IS,https://www.haaretz.com/israel-news/.premium-three-injured-as-settlers-attack-palestinians-working-their-land-1.10387621
20211115,1014465398,20211115,ISRAELI,ISR,PALESTINIAN,PSE,190,재래식 군사력 사용,19,4,-10.0,6,1,6,-6.55957161981258,"Jerusalem District, Yerushalayim, Israel",IS,https://www.haaretz.com/israel-news/.premium-three-injured-as-settlers-attack-palestinians-working-their-land-1.10387621
20211115,1014469440,20211115,ISRAELI,ISR,LEBANON,LBN,194,포병·전차를 이용한 전투,19,4,-10.0,1,1,1,-4.39952437574317,"Beirut, Beyrouth, Lebanon",LE,https://blogs.timesofisrael.com/what-if-ehud-barak-on-war-and-peace/
20211115,1014469441,20211115,ISRAELI,ISR,LEBANON,LBN,194,포병·전차를 이용한 전투,19,4,-10.0,1,1,1,-4.39952437574317,"Beirut, Beyrouth, Lebanon",LE,https://blogs.timesofisrael.com/what-if-ehud-barak-on-war-and-peace/
20211115,1014469799,20211115,SAUDI,SAU,YEMEN,YEM,195,공중무기 사용,19,4,-10.0,7,1,7,-0.85287846481876,Saudi Arabia,SA,https://www.presstv.ir/Detail/2021/11/15/670679/Yemen-Saudi-Arabia-Hudaydah-Ansarullah-UN
20211115,1014469819,20211115,ANKARA,TUR,KURDISTAN,IRN,190,재래식 군사력 사용,19,4,-10.0,10,1,10,-3.7593984962406,"Saggoze, BingöU, Turkey",TU,https://www.europesun.com/news/271732895/turkey-launches-new-counter-terrorism-operation-against-pkk
20211115,1014469834,20211115,GAZIANTEP,TUR,SYRIA,SYR,192,영토 점령,19,4,-9.5,5,1,5,-1.71641791044776,"Gaziantep, Gaziantep, Turkey",TU,https://www.dailyrecord.co.uk/news/uk-world-news/mum-joined-isis-speaks-out-25465696
20211115,1014470112,20211115,YEMEN,YEM,SAUDI ARABIA,SAU,190,재래식 군사력 사용,19,4,-10.0,2,1,2,-0.85287846481876,Saudi Arabia,SA,https://www.presstv.ir/Detail/2021/11/15/670679/Yemen-Saudi-Arabia-Hudaydah-Ansarullah-UN
20211115,1014470113,20211115,YEMEN,YEM,SAUDI,SAU,190,재래식 군사력 사용,19,4,-10.0,8,1,8,-0.85287846481876,Saudi Arabia,SA,https://www.presstv.ir/Detail/2021/11/15/670679/Yemen-Saudi-Arabia-Hudaydah-Ansarullah-UN
20211115,1014473170,20211115,IRAQ,IRQ,SYRIA,SYR,190,재래식 군사력 사용,19,4,-10.0,4,1,4,-4.75907198096371,"Baghdad, Baghdad, Iraq",IZ,https://www.memri.org/reports/jihad-and-terrorism-threat-monitor-jttm-weekly-november-6-13-2021
20211115,1014473529,20211115,SYRIA,SYR,ADEN,YEM,190,재래식 군사력 사용,19,4,-10.0,1,1,1,-4.75907198096371,"Latakia, Al Ladhiqiyah, Syria",SY,https://www.memri.org/reports/jihad-and-terrorism-threat-monitor-jttm-weekly-november-6-13-2021
20211115,1014473530,20211115,SYRIA,SYR,ADEN,YEM,190,재래식 군사력 사용,19,4,-10.0,1,1,1,-4.75907198096371,"Sanaa, Sana', Yemen",YM,https://www.memri.org/reports/jihad-and-terrorism-threat-monitor-jttm-weekly-november-6-13-2021
20211115,1014475210,20211115,IRAN,IRN,SYRIA,SYR,190,재래식 군사력 사용,19,4,-10.0,1,1,1,-2.12290502793296,"Damascus, Dimashq, Syria",SY,https://www.al-monitor.com/originals/2021/11/irgc-syria-commander-removed-upon-request-assad
20211115,1014475211,20211115,IRAN,IRN,SYRIA,SYR,190,재래식 군사력 사용,19,4,-10.0,1,1,1,-2.12290502793296,"Tehran, Tehran, Iran",IR,https://www.al-monitor.com/originals/2021/11/irgc-syria-commander-removed-upon-request-assad
20211115,1014475517,20211115,SYRIA,SYR,IRAN,IRN,190,재래식 군사력 사용,19,4,-10.0,2,1,2,-2.12290502793296,"Damascus, Dimashq, Syria",SY,https://www.al-monitor.com/originals/2021/11/irgc-syria-commander-removed-upon-request-assad
20211115,1014475518,20211115,SYRIAN,SYR,IRANIAN,IRN,190,재래식 군사력 사용,19,4,-10.0,5,1,5,-2.12290502793296,"Damascus, Dimashq, Syria",SY,https://www.al-monitor.com/originals/2021/11/irgc-syria-commander-removed-upon-request-assad
20211115,1014479402,20211115,NASSER,EGY,YEMEN,YEM,190,재래식 군사력 사용,19,4,-10.0,2,1,2,-5.26315789473685,"Khokha, Al ?udaydah, Yemen",YM,https://www.arabnews.com/node/1968616/middle-east
20211115,1014480005,20211115,SAUDI,SAU,YEMEN,YEM,190,재래식 군사력 사용,19,4,-10.0,2,1,2,-5.67528735632184,"Jizan, Jizan, Saudi Arabia",SA,https://www.mintpressnews.com/yemenis-remain-unbowed-saudis-intensify-bombing-wake-renewed-international-pressure/278937/
20211115,1014480021,20211115,SYRIAN,SYR,IRAN,IRN,190,재래식 군사력 사용,19,4,-10.0,1,1,1,-4.91725768321513,"Deir Ezzor, Dayr az Zawr, Syria",SY,https://www.mintpressnews.com/saudi-state-media-feeds-fake-news-israeli-western-audiences/278933/
20211115,1014480022,20211115,SYRIAN,SYR,IRAN,IRN,190,재래식 군사력 사용,19,4,-10.0,1,1,1,-4.91725768321513,"Hajj Javad, Iran (general), Iran",IR,https://www.mintpressnews.com/saudi-state-media-feeds-fake-news-israeli-western-audiences/278933/
20211115,1014480375,20211115,YEMENI,YEM,SAUDI,SAU,190,재래식 군사력 사용,19,4,-10.0,4,1,4,-5.67528735632184,"Marib, Ma'rib, Yemen",YM,https://www.mintpressnews.com/yemenis-remain-unbowed-saudis-intensify-bombing-wake-renewed-international-pressure/278937/
20211115,1014480376,20211115,YEMENI,YEM,SAUDI,SAU,190,재래식 군사력 사용,19,4,-10.0,1,1,1,-5.67528735632184,"Marib, Ma'rib, Yemen",YM,https://www.mintpressnews.com/yemenis-remain-unbowed-saudis-intensify-bombing-wake-renewed-international-pressure/278937/
20211115,1014486631,20211115,IRANIAN,IRN,IRAQI,IRQ,193,소형무기·경무기를 이용한 전투,19,4,-10.0,6,1,6,0.0,Iran,IR,https://nationalinterest.org/blog/buzz/f-5-fighter-was-meant-do-just-about-everything-196304
20211115,1014486632,20211115,IRANIAN,IRN,IRAQI,IRQ,193,소형무기·경무기를 이용한 전투,19,4,-10.0,2,1,2,0.0,Iraq,IZ,https://nationalinterest.org/blog/buzz/f-5-fighter-was-meant-do-just-about-everything-196304
20211115,1014486942,20211115,SYRIAN,SYR,IRANIAN,IRN,190,재래식 군사력 사용,19,4,-10.0,4,1,4,-5.88235294117647,"Al Bukamal, Dayr az Zawr, Syria",SY,https://www.israelnationalnews.com/News/Flash.aspx/557930
20211115,1014486944,20211115,SYRIAN,SYR,IRANIAN,IRN,190,재래식 군사력 사용,19,4,-10.0,6,1,6,-5.88235294117647,"Al Bukamal, Dayr az Zawr, Syria",SY,https://www.israelnationalnews.com/News/Flash.aspx/557930
20211116,1014508078,20211116,IRAQ,IRQ,IRAN,IRN,190,재래식 군사력 사용,19,4,-10.0,1,1,1,-1.72413793103448,United States,US,https://www.washingtonexaminer.com/news/senate/schumer-announces-senate-vote-to-repeal-iraq-war-powers
20211116,1014518904,20211116,IRAN,IRN,YEMEN,YEM,192,영토 점령,19,4,-9.5,8,1,8,-6.83111954459203,"Marib, Ma'rib, Yemen",YM,https://dailytimes.com.pk/842148/fighting-near-key-yemen-port-displaces-over-6000-un/
20211116,1014543725,20211116,IRAQ,IRQ,IRAN,IRN,190,재래식 군사력 사용,19,4,-10.0,1,1,1,-1.94986072423398,Iraq,IZ,https://gazette.com/news/schumer-announces-senate-vote-to-repeal-iraq-war-powers/article_afcc9511-b200-5c08-95a9-5082416bac1f.html
20211116,1014543773,20211116,LEBANON,LBN,ISRAELI,ISR,193,소형무기·경무기를 이용한 전투,19,4,-10.0,8,1,8,-2.66920877025739,"Sufa, HaDarom, Israel",IS,https://nationalinterest.org/blog/reboot/these-tools-make-israels-air-force-one-middle-easts-best-196358
20211116,1014550025,20211116,SAUDI,SAU,YEMEN,YEM,195,공중무기 사용,19,4,-10.0,10,1,10,-0.92592592592592,"Sanaa, Sana', Yemen",YM,https://www.tasnimnews.com/en/news/2021/11/16/2608614/unmha-urges-fresh-talks-over-situation-in-yemen-s-hudaydah
20211116,1014551307,20211116,ISRAELI,ISR,PALESTINIAN,PSE,190,재래식 군사력 사용,19,4,-10.0,22,11,22,-4.7277040791701,"Jerusalem, Israel (general), Israel",IS,https://apnews.com/article/saddam-hussein-nablus-israel-west-bank-middle-east-04305f86af252abb55500f72533b3946
20211116,1014551308,20211116,ISRAELI,ISR,PALESTINIAN,PSE,190,재래식 군사력 사용,19,4,-10.0,46,17,42,-7.63721643807877,Israel,IS,https://www.haaretz.com/middle-east-news/palestinians/.premium-palestinian-man-killed-in-clashes-with-israeli-soldiers-during-west-bank-arrest-1.10388849
20211116,1014551309,20211116,ISRAEL,ISR,WEST BANK,PSE,190,재래식 군사력 사용,19,4,-10.0,2,1,2,-8.33333333333335,Israel,IS,https://www.haaretz.com/middle-east-news/palestinians/.premium-palestinian-man-killed-in-clashes-with-israeli-soldiers-during-west-bank-arrest-1.10388849
20211116,1014551318,20211116,ISRAELI,ISR,PALESTINIAN,PSE,193,소형무기·경무기를 이용한 전투,19,4,-10.0,2,1,2,-8.33333333333335,Israel,IS,https://www.haaretz.com/middle-east-news/palestinians/.premium-palestinian-man-killed-in-clashes-with-israeli-soldiers-during-west-bank-arrest-1.10388849
20211116,1014551590,20211116,PALESTINIAN,PSE,ISRAELI,ISR,190,재래식 군사력 사용,19,4,-10.0,89,12,89,-4.95528506312397,"Jerusalem, Israel (general), Israel",IS,https://apnews.com/article/saddam-hussein-nablus-israel-west-bank-middle-east-04305f86af252abb55500f72533b3946
20211116,1014551591,20211116,PALESTINIAN,PSE,ISRAELI,ISR,190,재래식 군사력 사용,19,4,-10.0,107,12,103,-6.37325044450488,Israel,IS,https://www.haaretz.com/middle-east-news/palestinians/.premium-palestinian-man-killed-in-clashes-with-israeli-soldiers-during-west-bank-arrest-1.10388849
20211116,1014551592,20211116,WEST BANK,PSE,ISRAEL,ISR,190,재래식 군사력 사용,19,4,-10.0,2,1,2,-8.33333333333335,Israel,IS,https://www.haaretz.com/middle-east-news/palestinians/.premium-palestinian-man-killed-in-clashes-with-israeli-soldiers-during-west-bank-arrest-1.10388849
20211116,1014551593,20211116,WEST BANK,PSE,ISRAEL,ISR,193,소형무기·경무기를 이용한 전투,19,4,-10.0,40,10,40,-5.06854836571508,"Jerusalem, Israel (general), Israel",IS,https://apnews.com/article/saddam-hussein-nablus-israel-west-bank-middle-east-04305f86af252abb55500f72533b3946
20211116,1014551594,20211116,PALESTINIAN,PSE,ISRAEL,ISR,194,포병·전차를 이용한 전투,19,4,-10.0,60,10,60,-5.06854836571508,"Jerusalem, Israel (general), Israel",IS,https://apnews.com/article/saddam-hussein-nablus-israel-west-bank-middle-east-04305f86af252abb55500f72533b3946
20211116,1014551595,20211116,PALESTINIAN,PSE,ISRAEL,ISR,194,포병·전차를 이용한 전투,19,4,-10.0,14,13,14,-5.06391922482807,Iraq,IZ,https://apnews.com/article/saddam-hussein-nablus-israel-west-bank-middle-east-04305f86af252abb55500f72533b3946
20211116,1014551596,20211116,PALESTINIAN,PSE,ISRAEL,ISR,194,포병·전차를 이용한 전투,19,4,-10.0,20,10,20,-5.06854836571508,"Jerusalem, Israel (general), Israel",IS,https://apnews.com/article/saddam-hussein-nablus-israel-west-bank-middle-east-04305f86af252abb55500f72533b3946
20211116,1014551597,20211116,PALESTINIAN,PSE,ISRAEL,ISR,194,포병·전차를 이용한 전투,19,4,-10.0,24,11,24,-6.05648750458408,Israel,IS,https://www.thehour.com/news/article/Palestinians-say-man-killed-by-Israeli-fire-in-16624249.php
20211116,1014551598,20211116,PALESTINIAN,PSE,ISRAEL,ISR,194,포병·전차를 이용한 전투,19,4,-10.0,10,10,10,-5.06854836571508,"Jerusalem, Israel (general), Israel",IS,https://apnews.com/article/saddam-hussein-nablus-israel-west-bank-middle-east-04305f86af252abb55500f72533b3946
20211116,1014551599,20211116,PALESTINIAN,PSE,ISRAEL,ISR,194,포병·전차를 이용한 전투,19,4,-10.0,64,8,64,-6.55855807057084,Israel,IS,https://www.thehour.com/news/article/Palestinians-say-man-killed-by-Israeli-fire-in-16624249.php
20211116,1014551600,20211116,PALESTINIAN,PSE,ISRAEL,ISR,193,소형무기·경무기를 이용한 전투,19,4,-10.0,10,10,10,-5.06854836571508,"Jerusalem, Israel (general), Israel",IS,https://apnews.com/article/saddam-hussein-nablus-israel-west-bank-middle-east-04305f86af252abb55500f72533b3946
20211116,1014551649,20211116,TURKEY,TUR,SYRIAN,SYR,190,재래식 군사력 사용,19,4,-10.0,1,1,1,-1.28172907765771,"Moscow, Moskva, Russia",RS,https://moderndiplomacy.eu/2021/11/16/indias-and-pakistans-attitude-towards-afghanistan/
20211116,1014551650,20211116,TURKEY,TUR,SYRIAN,SYR,190,재래식 군사력 사용,19,4,-10.0,3,1,3,-1.28172907765771,"Moscow, Moskva, Russia",RS,https://moderndiplomacy.eu/2021/11/16/indias-and-pakistans-attitude-towards-afghanistan/
20211116,1014553044,20211116,ISRAEL,ISR,WEST BANK,PSE,190,재래식 군사력 사용,19,4,-10.0,2,1,2,-7.54098360655737,Israel,IS,https://www.timesofisrael.com/palestinians-say-man-killed-in-clashes-with-israeli-troops-in-northern-west-bank/
20211116,1014553045,20211116,ISRAEL,ISR,WEST BANK,PSE,190,재래식 군사력 사용,19,4,-10.0,6,2,6,-8.44338899954036,Israel,IS,https://www.timesofisrael.com/palestinians-say-man-killed-in-clashes-with-israeli-troops-in-northern-west-bank/
20211116,1014553240,20211116,WEST BANK,PSE,ISRAEL,ISR,190,재래식 군사력 사용,19,4,-10.0,6,2,6,-8.44338899954036,Israel,IS,https://www.timesofisrael.com/palestinians-say-man-killed-in-clashes-with-israeli-troops-in-northern-west-bank/
20211116,1014553241,20211116,WEST BANK,PSE,ISRAEL,ISR,190,재래식 군사력 사용,19,4,-10.0,2,1,2,-7.54098360655737,Israel,IS,https://www.timesofisrael.com/palestinians-say-man-killed-in-clashes-with-israeli-troops-in-northern-west-bank/
20211116,1014553242,20211116,WEST BANK,PSE,ISRAEL,ISR,193,소형무기·경무기를 이용한 전투,19,4,-10.0,2,1,2,-7.54098360655737,Israel,IS,https://www.timesofisrael.com/palestinians-say-man-killed-in-clashes-with-israeli-troops-in-northern-west-bank/
20211116,1014553243,20211116,WEST BANK,PSE,ISRAEL,ISR,193,소형무기·경무기를 이용한 전투,19,4,-10.0,4,1,4,-7.54098360655737,Israel,IS,https://www.timesofisrael.com/palestinians-say-man-killed-in-clashes-with-israeli-troops-in-northern-west-bank/
20211116,1014553244,20211116,PALESTINIAN,PSE,ISRAEL,ISR,190,재래식 군사력 사용,19,4,-10.0,2,1,2,-7.54098360655737,Israel,IS,https://www.timesofisrael.com/palestinians-say-man-killed-in-clashes-with-israeli-troops-in-northern-west-bank/
20211116,1014555061,20211116,TURKEY,TUR,SYRIAN,SYR,196,휴전 위반,19,4,-9.5,2,1,2,-6.15384615384615,Turkey,TU,https://vestnikkavkaza.net/news/Russian-and-Turkish-defense-ministers-discuss-Syria-1.html
20211116,1014555062,20211116,TURKEY,TUR,SYRIAN,SYR,196,휴전 위반,19,4,-9.5,5,1,5,-6.15384615384615,Turkey,TU,https://vestnikkavkaza.net/news/Russian-and-Turkish-defense-ministers-discuss-Syria-1.html
20211116,1014556476,20211116,ISRAELI,ISR,PALESTINIAN,PSE,193,소형무기·경무기를 이용한 전투,19,4,-10.0,78,16,74,-7.61184158711075,Israel,IS,https://www.dailyherald.com/article/20211116/news/311169977/
20211116,1014556700,20211116,WEST BANK,PSE,ISRAEL,ISR,193,소형무기·경무기를 이용한 전투,19,4,-10.0,12,3,12,-5.18579378005274,Israel,IS,https://www.dailyherald.com/article/20211116/news/311169977/
20211116,1014556701,20211116,PALESTINIAN,PSE,ISRAEL,ISR,194,포병·전차를 이용한 전투,19,4,-10.0,24,3,24,-5.05234637261055,Israel,IS,https://www.dailyherald.com/article/20211116/news/311169977/
20211116,1014556702,20211116,PALESTINIAN,PSE,ISRAEL,ISR,194,포병·전차를 이용한 전투,19,4,-10.0,2,1,2,-5.13392857142857,Iraq,IZ,https://www.ynetnews.com/article/rkyq5cguk
20211116,1014556703,20211116,PALESTINIAN,PSE,ISRAEL,ISR,194,포병·전차를 이용한 전투,19,4,-10.0,12,4,12,-5.06866281237415,Israel,IS,https://www.ynetnews.com/article/rkyq5cguk
20211116,1014556704,20211116,PALESTINIAN,PSE,ISRAEL,ISR,193,소형무기·경무기를 이용한 전투,19,4,-10.0,6,5,6,-5.1010786594346,Israel,IS,https://www.dailyherald.com/article/20211116/news/311169977/
20211116,1014556786,20211116,TURKISH,TUR,KURDISTAN,IRN,190,재래식 군사력 사용,19,4,-10.0,14,2,14,-3.77363864205969,"Saggoze, BingöU, Turkey",TU,http://famagusta-gazette.com/2021/11/16/turkey-launches-new-counter-terrorism-operation-against-pkk/
20211116,1014556787,20211116,TURKISH,TUR,KURDISTAN,IRN,190,재래식 군사력 사용,19,4,-10.0,6,1,6,-3.78787878787879,"Saggoze, BingöU, Turkey",TU,http://famagusta-gazette.com/2021/11/16/turkey-launches-new-counter-terrorism-operation-against-pkk/
20211116,1014558313,20211116,IRANIAN,IRN,ISRAEL,ISR,190,재래식 군사력 사용,19,4,-10.0,1,1,1,3.69515011547344,"Yair, HaDarom, Israel",IS,https://www.israelnationalnews.com/News/News.aspx/317003
20211116,1014558314,20211116,IRANIAN,IRN,ISRAEL,ISR,190,재래식 군사력 사용,19,4,-10.0,4,1,4,3.69515011547344,"Yair, HaDarom, Israel",IS,https://www.israelnationalnews.com/News/News.aspx/317003
20211116,1014558323,20211116,ISRAEL,ISR,IRANIAN,IRN,190,재래식 군사력 사용,19,4,-10.0,1,1,1,3.69515011547344,"Yair, HaDarom, Israel",IS,https://www.israelnationalnews.com/News/News.aspx/317003
20211116,1014558324,20211116,ISRAEL,ISR,IRANIAN,IRN,190,재래식 군사력 사용,19,4,-10.0,4,1,4,3.69515011547344,"Yair, HaDarom, Israel",IS,https://www.israelnationalnews.com/News/News.aspx/317003
20211116,1014562262,20211116,ISRAELI,ISR,IRANIAN,IRN,190,재래식 군사력 사용,19,4,-10.0,4,1,4,-4.50450450450451,"Jerusalem, Israel (general), Israel",IS,https://www.haaretz.com/israel-news/.premium-israel-biden-changing-iran-policy-new-plan-of-action-hezbollah-lebanon-syria-1.10384646
20211116,1014562263,20211116,ISRAELI,ISR,IRANIAN,IRN,190,재래식 군사력 사용,19,4,-10.0,1,1,1,-4.50450450450451,"Jerusalem, Israel (general), Israel",IS,https://www.haaretz.com/israel-news/.premium-israel-biden-changing-iran-policy-new-plan-of-action-hezbollah-lebanon-syria-1.10384646
20211116,1014562264,20211116,ISRAELI,ISR,JORDAN,JOR,190,재래식 군사력 사용,19,4,-10.0,2,1,2,-4.90196078431372,"Jordan Valley, Israel (general), Israel",IS,http://english.wafa.ps/Pages/Details/126822
20211116,1014562265,20211116,ISRAELI,ISR,LEBANON,LBN,195,공중무기 사용,19,4,-10.0,3,1,3,-4.50450450450451,"Jerusalem, Israel (general), Israel",IS,https://www.haaretz.com/israel-news/.premium-israel-biden-changing-iran-policy-new-plan-of-action-hezbollah-lebanon-syria-1.10384646
20211116,1014562274,20211116,ISRAELI,ISR,WEST BANK,PSE,190,재래식 군사력 사용,19,4,-10.0,4,2,4,-6.59995177236556,"Gaza, Israel (general), Israel",IS,https://www.reuters.com/world/middle-east/israeli-troops-kill-palestinian-west-bank-clash-palestinians-say-2021-11-16/
20211116,1014562275,20211116,ISRAELI,ISR,WEST BANK,PSE,190,재래식 군사력 사용,19,4,-10.0,8,2,8,-6.59995177236556,"Ramallah, West Bank (general), West Bank",WE,https://www.reuters.com/world/middle-east/israeli-troops-kill-palestinian-west-bank-clash-palestinians-say-2021-11-16/
20211116,1014562276,20211116,ISRAELI,ISR,PALESTINIAN,PSE,193,소형무기·경무기를 이용한 전투,19,4,-10.0,4,2,4,-6.59995177236556,"Ramallah, West Bank (general), West Bank",WE,https://www.reuters.com/world/middle-east/israeli-troops-kill-palestinian-west-bank-clash-palestinians-say-2021-11-16/
20211116,1014562277,20211116,ISRAELI,ISR,PALESTINIAN,PSE,193,소형무기·경무기를 이용한 전투,19,4,-10.0,4,2,4,-6.59995177236556,"Ramallah, West Bank (general), West Bank",WE,https://www.reuters.com/world/middle-east/israeli-troops-kill-palestinian-west-bank-clash-palestinians-say-2021-11-16/
20211116,1014562295,20211116,JORDAN,JOR,ISRAELI,ISR,190,재래식 군사력 사용,19,4,-10.0,2,1,2,-4.90196078431372,"Jordan Valley, Israel (general), Israel",IS,http://english.wafa.ps/Pages/Details/126822
20211116,1014562513,20211116,WEST BANK,PSE,ISRAEL,ISR,190,재래식 군사력 사용,19,4,-10.0,4,2,4,-6.59995177236556,"Ramallah, West Bank (general), West Bank",WE,https://www.reuters.com/world/middle-east/israeli-troops-kill-palestinian-west-bank-clash-palestinians-say-2021-11-16/
20211116,1014562514,20211116,WEST BANK,PSE,ISRAELI,ISR,190,재래식 군사력 사용,19,4,-10.0,17,2,17,-6.59995177236556,"Gaza, Israel (general), Israel",IS,https://www.reuters.com/world/middle-east/israeli-troops-kill-palestinian-west-bank-clash-palestinians-say-2021-11-16/
20211116,1014562515,20211116,WEST BANK,PSE,ISRAEL,ISR,190,재래식 군사력 사용,19,4,-10.0,4,2,4,-6.59995177236556,"Ramallah, West Bank (general), West Bank",WE,https://www.reuters.com/world/middle-east/israeli-troops-kill-palestinian-west-bank-clash-palestinians-say-2021-11-16/
20211116,1014562516,20211116,WEST BANK,PSE,ISRAEL,ISR,193,소형무기·경무기를 이용한 전투,19,4,-10.0,6,1,6,-4.90196078431372,"Jordan Valley, Israel (general), Israel",IS,http://english.wafa.ps/Pages/Details/126822
20211116,1014562517,20211116,WEST BANK,PSE,ISRAEL,ISR,193,소형무기·경무기를 이용한 전투,19,4,-10.0,4,2,4,-6.59995177236556,"Ramallah, West Bank (general), West Bank",WE,https://www.reuters.com/world/middle-east/israeli-troops-kill-palestinian-west-bank-clash-palestinians-say-2021-11-16/
20211116,1014562518,20211116,WEST BANK,PSE,ISRAELI,ISR,193,소형무기·경무기를 이용한 전투,19,4,-10.0,17,2,17,-6.59995177236556,"Gaza, Israel (general), Israel",IS,https://www.reuters.com/world/middle-east/israeli-troops-kill-palestinian-west-bank-clash-palestinians-say-2021-11-16/
20211116,1014562519,20211116,WEST BANK,PSE,ISRAEL,ISR,193,소형무기·경무기를 이용한 전투,19,4,-10.0,4,2,4,-6.59995177236556,"Ramallah, West Bank (general), West Bank",WE,https://www.reuters.com/world/middle-east/israeli-troops-kill-palestinian-west-bank-clash-palestinians-say-2021-11-16/
20211116,1014563552,20211116,ISRAELI,ISR,PALESTINIAN,PSE,193,소형무기·경무기를 이용한 전투,19,4,-10.0,4,2,4,-7.59730197794184,"Jordan Valley, Israel (general), Israel",IS,https://www.middleeasteye.net/news/palestine-man-shot-dead-israel-forces-west-bank
20211116,1014563553,20211116,ISRAELI,ISR,PALESTINIAN,PSE,193,소형무기·경무기를 이용한 전투,19,4,-10.0,2,1,2,-6.49895178197065,Turkey,TU,https://www.middleeasteye.net/news/palestine-man-shot-dead-israel-forces-west-bank
20211116,1014567423,20211116,IRAN,IRN,ISRAELI,ISR,138,군사력 사용 위협,13,3,-7.0,2,1,2,0.78740157480315,"Tel Aviv, Tel Aviv, Israel",IS,https://english.aawsat.com/home/article/3307096/bennett-refuses-meet-us-envoy-iran
20211116,1014567435,20211116,ISRAEL,ISR,IRAN,IRN,138,군사력 사용 위협,13,3,-7.0,1,1,1,0.78740157480315,"Tel Aviv, Tel Aviv, Israel",IS,https://english.aawsat.com/home/article/3307096/bennett-refuses-meet-us-envoy-iran
20211116,1014567436,20211116,ISRAEL,ISR,IRAN,IRN,190,재래식 군사력 사용,19,4,-10.0,1,1,1,0.78740157480315,"Tehran, Tehran, Iran",IR,https://english.aawsat.com/home/article/3307096/bennett-refuses-meet-us-envoy-iran
20211116,1014567453,20211116,ISRAELI,ISR,IRAN,IRN,190,재래식 군사력 사용,19,4,-10.0,3,1,3,0.78740157480315,"Tehran, Tehran, Iran",IR,https://english.aawsat.com/home/article/3307096/bennett-refuses-meet-us-envoy-iran
20211116,1014577405,20211116,IRAN,IRN,ISRAEL,ISR,190,재래식 군사력 사용,19,4,-10.0,4,1,4,-3.58711566617863,Iran,IR,https://www.strategypage.com/qnd/iran/articles/20211116.aspx
20211116,1014577443,20211116,IRAQ,IRQ,SYRIAN,SYR,190,재래식 군사력 사용,19,4,-10.0,1,1,1,-7.72659732540862,"Washington, District of Columbia, United States",US,https://www.aljazeera.com/news/2021/6/29/iraqi-fighters-mourn-comrades-killed-in-us-strikes
20211116,1014577444,20211116,IRAQ,IRQ,SYRIAN,SYR,190,재래식 군사력 사용,19,4,-10.0,1,1,1,-7.72659732540862,Syria,SY,https://www.aljazeera.com/news/2021/6/29/iraqi-fighters-mourn-comrades-killed-in-us-strikes
20211116,1014577463,20211116,ISRAEL,ISR,GAZA,PSE,138,군사력 사용 위협,13,3,-7.0,2,1,2,-3.58711566617863,"Gaza, Israel (general), Israel",IS,https://www.strategypage.com/qnd/iran/articles/20211116.aspx
20211116,1014577718,20211116,PALESTINIAN,PSE,ISRAELI,ISR,190,재래식 군사력 사용,19,4,-10.0,4,2,4,-3.24270068088419,"Gaza, Israel (general), Israel",IS,https://www.strategypage.com/qnd/iran/articles/20211116.aspx
20211116,1014577959,20211116,YEMEN,YEM,IRANIAN,IRN,194,포병·전차를 이용한 전투,19,4,-10.0,4,1,4,-3.58711566617863,"Zakiyah, Rif Dimashq, Syria",SY,https://www.strategypage.com/qnd/iran/articles/20211116.aspx
20211116,1014577960,20211116,YEMEN,YEM,IRAN,IRN,194,포병·전차를 이용한 전투,19,4,-10.0,4,1,4,-3.58711566617863,"Marib, Ma'rib, Yemen",YM,https://www.strategypage.com/qnd/iran/articles/20211116.aspx
20211116,1014577961,20211116,YEMEN,YEM,IRANIAN,IRN,194,포병·전차를 이용한 전투,19,4,-10.0,12,1,12,-3.58711566617863,Iran,IR,https://www.strategypage.com/qnd/iran/articles/20211116.aspx
20211116,1014577966,20211116,YEMEN,YEM,SAUDI,SAU,194,포병·전차를 이용한 전투,19,4,-10.0,2,1,2,-3.58711566617863,"Jazan, Jizan, Saudi Arabia",SA,https://www.strategypage.com/qnd/iran/articles/20211116.aspx
20211116,1014577967,20211116,YEMEN,YEM,SAUDI ARABIA,SAU,194,포병·전차를 이용한 전투,19,4,-10.0,2,1,2,-3.58711566617863,"Marib, Ma'rib, Yemen",YM,https://www.strategypage.com/qnd/iran/articles/20211116.aspx
20211116,1014577968,20211116,YEMEN,YEM,SAUDI ARABIA,SAU,194,포병·전차를 이용한 전투,19,4,-10.0,6,1,6,-3.58711566617863,Iran,IR,https://www.strategypage.com/qnd/iran/articles/20211116.aspx
20211116,1014579879,20211116,ISRAEL,ISR,PALESTINIAN,PSE,193,소형무기·경무기를 이용한 전투,19,4,-10.0,2,1,2,-9.34579439252336,Israel,IS,https://www.i24news.tv/en/news/middle-east/palestinian-territories/1637049371-west-bank-clashes-with-israel-s-military-leave-one-shot-dead
20211116,1014579885,20211116,ISRAELI,ISR,PALESTINIAN,PSE,190,재래식 군사력 사용,19,4,-10.0,6,1,6,-9.34579439252336,Israel,IS,https://www.i24news.tv/en/news/middle-east/palestinian-territories/1637049371-west-bank-clashes-with-israel-s-military-leave-one-shot-dead
20211116,1014580241,20211116,PALESTINIAN,PSE,ISRAELI,ISR,190,재래식 군사력 사용,19,4,-10.0,6,1,6,-9.34579439252336,Israel,IS,https://www.i24news.tv/en/news/middle-east/palestinian-territories/1637049371-west-bank-clashes-with-israel-s-military-leave-one-shot-dead
20211116,1014582090,20211116,ISRAELI,ISR,WEST BANK,PSE,190,재래식 군사력 사용,19,4,-10.0,9,7,9,-8.16510896762221,"Ramallah, West Bank (general), West Bank",WE,http://english.sina.com/world/m/2021-11-16/detail-iktzqtyu7673785.shtml
20211116,1014582091,20211116,ISRAELI,ISR,PALESTINIAN,PSE,190,재래식 군사력 사용,19,4,-10.0,48,6,48,-8.12033797226607,Israel,IS,http://english.sina.com/world/m/2021-11-16/detail-iktzqtyu7673785.shtml
20211116,1014582092,20211116,ISRAELI,ISR,WEST BANK,PSE,193,소형무기·경무기를 이용한 전투,19,4,-10.0,7,6,7,-8.12033797226607,Israel,IS,http://english.sina.com/world/m/2021-11-16/detail-iktzqtyu7673785.shtml
20211116,1014584290,20211116,IRAQI,IRQ,SYRIA,SYR,192,영토 점령,19,4,-9.5,2,1,2,-6.53950953678474,"Damascus, Dimashq, Syria",SY,https://www.al-monitor.com/originals/2021/11/attack-syrian-prison-holding-iraqi-islamic-state-captives-raises-concerns
20211116,1014584291,20211116,IRAQI,IRQ,SYRIA,SYR,192,영토 점령,19,4,-9.5,8,1,8,-6.53950953678474,"Anbar, Al Anbar, Iraq",IZ,https://www.al-monitor.com/originals/2021/11/attack-syrian-prison-holding-iraqi-islamic-state-captives-raises-concerns
20211116,1014584292,20211116,IRAQI,IRQ,SYRIA,SYR,193,소형무기·경무기를 이용한 전투,19,4,-10.0,1,1,1,-6.53950953678474,"Damascus, Dimashq, Syria",SY,https://www.al-monitor.com/originals/2021/11/attack-syrian-prison-holding-iraqi-islamic-state-captives-raises-concerns
20211116,1014584293,20211116,IRAQI,IRQ,SYRIA,SYR,193,소형무기·경무기를 이용한 전투,19,4,-10.0,1,1,1,-6.53950953678474,"Damascus, Dimashq, Syria",SY,https://www.al-monitor.com/originals/2021/11/attack-syrian-prison-holding-iraqi-islamic-state-captives-raises-concerns
20211116,1014584297,20211116,IRAQI,IRQ,SYRIA,SYR,193,소형무기·경무기를 이용한 전투,19,4,-10.0,1,1,1,-6.53950953678474,"Damascus, Dimashq, Syria",SY,https://www.al-monitor.com/originals/2021/11/attack-syrian-prison-holding-iraqi-islamic-state-captives-raises-concerns
20211116,1014584323,20211116,ISRAELI,ISR,PALESTINIAN,PSE,190,재래식 군사력 사용,19,4,-10.0,8,1,8,-6.56167979002625,"Gaza, Israel (general), Israel",IS,https://pakobserver.net/google-amazon-workers-condemn-deal-with-israel-to-sell-dangerous-technology/
20211116,1014584733,20211116,SYRIA,SYR,IRAQI,IRQ,190,재래식 군사력 사용,19,4,-10.0,1,1,1,-6.53950953678474,"Hasakah, Dhi Qar, Iraq",IZ,https://www.al-monitor.com/originals/2021/11/attack-syrian-prison-holding-iraqi-islamic-state-captives-raises-concerns
20211116,1014596296,20211116,EGYPT,EGY,ISRAEL,ISR,192,영토 점령,19,4,-9.5,4,1,4,-4.61538461538461,Israel,IS,http://www.orlandosentinel.com/opinion/guest-commentary/os-op-ben-jerrys-not-antisemitic-20211116-fpdqjpkb4vaundfedaxrqzxcfa-story.html
20211116,1014596878,20211116,SYRIA,SYR,ISRAEL,ISR,192,영토 점령,19,4,-9.5,2,1,2,-4.61538461538461,Israel,IS,http://www.orlandosentinel.com/opinion/guest-commentary/os-op-ben-jerrys-not-antisemitic-20211116-fpdqjpkb4vaundfedaxrqzxcfa-story.html
20211116,1014596879,20211116,SYRIA,SYR,ISRAEL,ISR,192,영토 점령,19,4,-9.5,2,1,2,-4.61538461538461,Israel,IS,http://www.orlandosentinel.com/opinion/guest-commentary/os-op-ben-jerrys-not-antisemitic-20211116-fpdqjpkb4vaundfedaxrqzxcfa-story.html
20211116,1014602143,20211116,IRAN,IRN,TURKISH,TUR,163,금수·보이콧·제재 부과,16,4,-8.0,10,1,10,-3.76970527758739,"Tehran, Tehran, Iran",IR,https://www.haaretz.com/israel-news/.premium-turkey-and-israel-are-likely-allies-in-the-near-future-believe-it-or-not-1.10389981
20211116,1014602158,20211116,ISRAELI,ISR,WEST BANK,PSE,190,재래식 군사력 사용,19,4,-10.0,1,1,1,-10.2189781021898,West Bank,WE,https://bdnews24.com/world/middle-east/2021/11/16/israeli-troops-kill-armed-palestinian-in-west-bank-clash-militant-groups-say
20211116,1014602379,20211116,WEST BANK,PSE,ISRAEL,ISR,190,재래식 군사력 사용,19,4,-10.0,1,1,1,-10.2189781021898,West Bank,WE,https://bdnews24.com/world/middle-east/2021/11/16/israeli-troops-kill-armed-palestinian-in-west-bank-clash-militant-groups-say
20211116,1014602380,20211116,WEST BANK,PSE,ISRAEL,ISR,190,재래식 군사력 사용,19,4,-10.0,1,1,1,-10.2189781021898,West Bank,WE,https://bdnews24.com/world/middle-east/2021/11/16/israeli-troops-kill-armed-palestinian-in-west-bank-clash-militant-groups-say
20211116,1014602465,20211116,SYRIA,SYR,IRAN,IRN,190,재래식 군사력 사용,19,4,-10.0,2,1,2,-3.84615384615385,"Damascus, Dimashq, Syria",SY,https://en.haberler.com/experts-diplomats-reiterate-importance-of-us-1664947/
20211116,1014602466,20211116,SYRIA,SYR,IRAN,IRN,190,재래식 군사력 사용,19,4,-10.0,1,1,1,-3.84615384615385,"Damascus, Dimashq, Syria",SY,https://en.haberler.com/experts-diplomats-reiterate-importance-of-us-1664947/
20211116,1014602484,20211116,TURKEY,TUR,SAUDI,SAU,163,금수·보이콧·제재 부과,16,4,-8.0,5,1,5,-3.76970527758739,Saudi Arabia,SA,https://www.haaretz.com/israel-news/.premium-turkey-and-israel-are-likely-allies-in-the-near-future-believe-it-or-not-1.10389981
20211116,1014602485,20211116,TURKEY,TUR,SAUDI ARABIA,SAU,163,금수·보이콧·제재 부과,16,4,-8.0,2,1,2,-3.76970527758739,Saudi Arabia,SA,https://www.haaretz.com/israel-news/.premium-turkey-and-israel-are-likely-allies-in-the-near-future-believe-it-or-not-1.10389981
20211116,1014603494,20211116,IRAN,IRN,ISRAEL,ISR,138,군사력 사용 위협,13,3,-7.0,2,1,2,-7.76255707762557,"Tehran, Tehran, Iran",IR,https://english.aawsat.com/home/article/3307326/colombian-authorities-deport-two-hezbollah-operatives
20211116,1014603495,20211116,IRAN,IRN,ISRAEL,ISR,138,군사력 사용 위협,13,3,-7.0,8,1,8,-7.76255707762557,"Tehran, Tehran, Iran",IR,https://english.aawsat.com/home/article/3307326/colombian-authorities-deport-two-hezbollah-operatives
20211116,1014603496,20211116,IRAN,IRN,ISRAEL,ISR,190,재래식 군사력 사용,19,4,-10.0,8,2,8,-5.92731434443938,"Tehran, Tehran, Iran",IR,https://english.aawsat.com/home/article/3307326/colombian-authorities-deport-two-hezbollah-operatives
20211116,1014603497,20211116,IRAN,IRN,ISRAEL,ISR,190,재래식 군사력 사용,19,4,-10.0,8,1,8,-7.76255707762557,Israel,IS,https://english.aawsat.com/home/article/3307326/colombian-authorities-deport-two-hezbollah-operatives
20211116,1014606229,20211116,SAUDI ARABIA,SAU,IRAN,IRN,190,재래식 군사력 사용,19,4,-10.0,26,12,26,-4.94373360904164,Iran,IR,https://www.chron.com/news/article/Turkey-offers-to-help-Lebanon-with-crisis-with-16624684.php
20211116,1014606230,20211116,SAUDI,SAU,IRAN,IRN,190,재래식 군사력 사용,19,4,-10.0,24,11,24,-4.95640585423955,Saudi Arabia,SA,https://www.chron.com/news/article/Turkey-offers-to-help-Lebanon-with-crisis-with-16624684.php
20211116,1014606231,20211116,SAUDI ARABIA,SAU,IRAN,IRN,190,재래식 군사력 사용,19,4,-10.0,78,12,78,-4.94373360904164,Iran,IR,https://www.chron.com/news/article/Turkey-offers-to-help-Lebanon-with-crisis-with-16624684.php
20211116,1014607407,20211109,ISRAEL,ISR,WEST BANK,PSE,190,재래식 군사력 사용,19,4,-10.0,4,1,4,-9.60698689956328,"Tel Aviv, Tel Aviv, Israel",IS,https://www.presstv.ir/Detail/2021/11/16/670724/Palestinians-mourn-Israeli-killing-young-man
20211116,1014607429,20211109,WEST BANK,PSE,ISRAEL,ISR,190,재래식 군사력 사용,19,4,-10.0,4,1,4,-9.60698689956328,"Tel Aviv, Tel Aviv, Israel",IS,https://www.presstv.ir/Detail/2021/11/16/670724/Palestinians-mourn-Israeli-killing-young-man
20211116,1014608496,20211116,ISRAEL,ISR,PALESTINIAN,PSE,193,소형무기·경무기를 이용한 전투,19,4,-10.0,6,1,6,-9.60698689956328,"Tel Aviv, Tel Aviv, Israel",IS,https://www.presstv.ir/Detail/2021/11/16/670724/Palestinians-mourn-Israeli-killing-young-man
20211116,1014608849,20211116,PALESTINIAN,PSE,ISRAELI,ISR,190,재래식 군사력 사용,19,4,-10.0,5,1,5,-9.60698689956328,"Tel Aviv, Tel Aviv, Israel",IS,https://www.presstv.ir/Detail/2021/11/16/670724/Palestinians-mourn-Israeli-killing-young-man
20211116,1014608850,20211116,PALESTINIAN,PSE,ISRAELI,ISR,190,재래식 군사력 사용,19,4,-10.0,3,1,3,-9.60698689956328,"Nablus, West Bank (general), West Bank",WE,https://www.presstv.ir/Detail/2021/11/16/670724/Palestinians-mourn-Israeli-killing-young-man
20211116,1014625245,20211116,IRAQ,IRQ,ISRAEL,ISR,194,포병·전차를 이용한 전투,19,4,-10.0,2,1,2,-4.36363636363636,Iraq,IZ,https://nationalinterest.org/blog/reboot/cold-war-over-these-missiles-are-still-used-today-196347
20211116,1014625246,20211116,IRAQ,IRQ,ISRAEL,ISR,194,포병·전차를 이용한 전투,19,4,-10.0,2,1,2,-4.36363636363636,Iran,IR,https://nationalinterest.org/blog/reboot/cold-war-over-these-missiles-are-still-used-today-196347
20211116,1014625247,20211116,IRAQ,IRQ,ISRAEL,ISR,194,포병·전차를 이용한 전투,19,4,-10.0,2,1,2,-4.36363636363636,Iran,IR,https://nationalinterest.org/blog/reboot/cold-war-over-these-missiles-are-still-used-today-196347
20211116,1014625248,20211116,IRAQ,IRQ,ISRAEL,ISR,194,포병·전차를 이용한 전투,19,4,-10.0,4,1,4,-4.36363636363636,Israel,IS,https://nationalinterest.org/blog/reboot/cold-war-over-these-missiles-are-still-used-today-196347
20211116,1014625251,20211116,IRAQ,IRQ,SAUDI ARABIA,SAU,194,포병·전차를 이용한 전투,19,4,-10.0,2,1,2,-4.36363636363636,Iraq,IZ,https://nationalinterest.org/blog/reboot/cold-war-over-these-missiles-are-still-used-today-196347
20211116,1014625252,20211116,IRAQ,IRQ,SAUDI,SAU,194,포병·전차를 이용한 전투,19,4,-10.0,2,1,2,-4.36363636363636,Iran,IR,https://nationalinterest.org/blog/reboot/cold-war-over-these-missiles-are-still-used-today-196347
20211116,1014625253,20211116,IRAQ,IRQ,SAUDI,SAU,194,포병·전차를 이용한 전투,19,4,-10.0,2,1,2,-4.36363636363636,Iran,IR,https://nationalinterest.org/blog/reboot/cold-war-over-these-missiles-are-still-used-today-196347
20211116,1014625254,20211116,IRAQ,IRQ,SAUDI ARABIA,SAU,194,포병·전차를 이용한 전투,19,4,-10.0,4,1,4,-4.36363636363636,Israel,IS,https://nationalinterest.org/blog/reboot/cold-war-over-these-missiles-are-still-used-today-196347
20211116,1014625867,20211116,YEMEN,YEM,SAUDI,SAU,190,재래식 군사력 사용,19,4,-10.0,10,1,10,-4.77326968973747,Yemen,YM,https://english.alaraby.co.uk/opinion/no-more-loopholes-ban-all-us-assistance-yemen-war-now
20211116,1014633375,20211116,SAUDI,SAU,IRAN,IRN,190,재래식 군사력 사용,19,4,-10.0,2,1,2,-4.79166666666666,"Beirut, Beyrouth, Lebanon",LE,https://www.haaretz.com/middle-east-news/turkey/turkey-offers-to-help-lebanon-resolve-diplomatic-rift-with-gulf-nations-1.10390592
20211116,1014642798,20211116,IRAN,IRN,IRAQ,IRQ,190,재래식 군사력 사용,19,4,-10.0,5,5,5,-3.98613518197574,"Arizona, United States",US,https://www.10news.com/national/newsy/weaponized-drones-are-likely-coming-to-the-u-s
20211116,1014642799,20211116,IRAN,IRN,IRAQ,IRQ,190,재래식 군사력 사용,19,4,-10.0,5,5,5,-3.98613518197574,"Pennsylvania, United States",US,https://www.10news.com/national/newsy/weaponized-drones-are-likely-coming-to-the-u-s
20211116,1014649610,20211116,IRAN,IRN,YEMEN,YEM,190,재래식 군사력 사용,19,4,-10.0,2,1,2,-5.25,"Marib, Ma'rib, Yemen",YM,https://www.republicworld.com/world-news/middle-east/yemen-interior-minister-says-no-data-of-yemeni-refugees-stuck-in-belarus.html
20211116,1014649611,20211116,IRAN,IRN,YEMEN,YEM,192,영토 점령,19,4,-9.5,2,1,2,-5.25,"Marib, Ma'rib, Yemen",YM,https://www.republicworld.com/world-news/middle-east/yemen-interior-minister-says-no-data-of-yemeni-refugees-stuck-in-belarus.html
20211116,1014649880,20211116,SAUDI,SAU,HODEIDA,YEM,190,재래식 군사력 사용,19,4,-10.0,10,1,10,-6.69546436285097,"Hodeida, Al ?udaydah, Yemen",YM,https://www.irishtimes.com/news/world/middle-east/un-calls-for-talks-after-rebels-seize-key-port-in-yemen-1.4730594
20211116,1014650178,20211116,HODEIDA,YEM,SAUDI,SAU,190,재래식 군사력 사용,19,4,-10.0,10,1,10,-6.69546436285097,"Hodeida, Al ?udaydah, Yemen",YM,https://www.irishtimes.com/news/world/middle-east/un-calls-for-talks-after-rebels-seize-key-port-in-yemen-1.4730594
20211116,1014658341,20211116,IRAN,IRN,SAUDI,SAU,194,포병·전차를 이용한 전투,19,4,-10.0,2,1,2,-1.37142857142858,Syria,SY,https://www.arabnews.com/node/1969341
20211116,1014658342,20211116,IRAN,IRN,SAUDI,SAU,194,포병·전차를 이용한 전투,19,4,-10.0,8,1,8,-1.37142857142858,Saudi Arabia,SA,https://www.arabnews.com/node/1969341
20211116,1014664619,20211116,ISRAEL,ISR,HAMAS,PSE,190,재래식 군사력 사용,19,4,-10.0,4,1,4,-2.5538707102953,"Gaza, Israel (general), Israel",IS,https://www.nytimes.com/2021/11/16/world/middleeast/gaza-university-israel-poet.html
20211116,1014664620,20211116,ISRAEL,ISR,HAMAS,PSE,190,재래식 군사력 사용,19,4,-10.0,1,1,1,-2.5538707102953,"Gaza, Israel (general), Israel",IS,https://www.nytimes.com/2021/11/16/world/middleeast/gaza-university-israel-poet.html
20211116,1014664857,20211116,GAZA,PSE,ISRAEL,ISR,195,공중무기 사용,19,4,-10.0,1,1,1,-2.5538707102953,"Jerusalem, Israel (general), Israel",IS,https://www.nytimes.com/2021/11/16/world/middleeast/gaza-university-israel-poet.html
20211116,1014664858,20211116,GAZA,PSE,ISRAEL,ISR,195,공중무기 사용,19,4,-10.0,1,1,1,-2.5538707102953,"Gaza, Israel (general), Israel",IS,https://www.nytimes.com/2021/11/16/world/middleeast/gaza-university-israel-poet.html
20211116,1014675150,20211116,IRAQ,IRQ,SAUDI ARABIA,SAU,190,재래식 군사력 사용,19,4,-10.0,2,1,2,-9.62099125364427,"Diyala, DiyaláZ, Iraq",IZ,https://www.crisisgroup.org/middle-east-north-africa/gulf-and-arabian-peninsula/iraq
20211116,1014675465,20211116,WEST BANK,PSE,ISRAEL,ISR,190,재래식 군사력 사용,19,4,-10.0,2,1,2,-8.43373493975904,"Ramallah, West Bank (general), West Bank",WE,https://www.gulf-times.com/story/704600/Troops-kill-Palestinian-in-West-Bank-clash-groups
20211116,1014675466,20211116,WEST BANK,PSE,ISRAEL,ISR,190,재래식 군사력 사용,19,4,-10.0,2,1,2,-8.43373493975904,"Ramallah, West Bank (general), West Bank",WE,https://www.gulf-times.com/story/704600/Troops-kill-Palestinian-in-West-Bank-clash-groups
20211116,1014679950,20211109,ISRAELI,ISR,PALESTINIAN,PSE,190,재래식 군사력 사용,19,4,-10.0,2,1,2,-8.69565217391304,"Jordan Valley, Israel (general), Israel",IS,http://english.pnn.ps/2021/11/16/iof-kill-palestinian-during-clashes-in-northern-occupied-jordan-valley/
20211116,1014679951,20211109,ISRAEL,ISR,WEST BANK,PSE,190,재래식 군사력 사용,19,4,-10.0,4,1,4,-8.69565217391304,"Jordan Valley, Israel (general), Israel",IS,http://english.pnn.ps/2021/11/16/iof-kill-palestinian-during-clashes-in-northern-occupied-jordan-valley/
20211116,1014679955,20211109,WEST BANK,PSE,ISRAEL,ISR,190,재래식 군사력 사용,19,4,-10.0,4,1,4,-8.69565217391304,"Jordan Valley, Israel (general), Israel",IS,http://english.pnn.ps/2021/11/16/iof-kill-palestinian-during-clashes-in-northern-occupied-jordan-valley/
20211116,1014680668,20211116,ISRAEL,ISR,WEST BANK,PSE,190,재래식 군사력 사용,19,4,-10.0,2,1,2,-8.69565217391304,"Tubas, West Bank (general), West Bank",WE,http://english.pnn.ps/2021/11/16/iof-kill-palestinian-during-clashes-in-northern-occupied-jordan-valley/
20211116,1014680669,20211116,ISRAEL,ISR,PALESTINIAN,PSE,193,소형무기·경무기를 이용한 전투,19,4,-10.0,6,1,6,-8.69565217391304,"Jordan Valley, Israel (general), Israel",IS,http://english.pnn.ps/2021/11/16/iof-kill-palestinian-during-clashes-in-northern-occupied-jordan-valley/
20211116,1014680688,20211116,JORDAN,JOR,PALESTINIAN,PSE,190,재래식 군사력 사용,19,4,-10.0,4,1,4,-8.69565217391304,"Jordan Valley, Israel (general), Israel",IS,http://english.pnn.ps/2021/11/16/iof-kill-palestinian-during-clashes-in-northern-occupied-jordan-valley/
20211116,1014680921,20211116,WEST BANK,PSE,ISRAEL,ISR,193,소형무기·경무기를 이용한 전투,19,4,-10.0,2,1,2,-8.69565217391304,"Jordan Valley, Israel (general), Israel",IS,http://english.pnn.ps/2021/11/16/iof-kill-palestinian-during-clashes-in-northern-occupied-jordan-valley/
20211116,1014680922,20211116,WEST BANK,PSE,ISRAEL,ISR,193,소형무기·경무기를 이용한 전투,19,4,-10.0,4,1,4,-8.69565217391304,"Jordan Valley, Israel (general), Israel",IS,http://english.pnn.ps/2021/11/16/iof-kill-palestinian-during-clashes-in-northern-occupied-jordan-valley/
20211116,1014680923,20211116,PALESTINIAN,PSE,JORDAN,JOR,190,재래식 군사력 사용,19,4,-10.0,4,1,4,-8.69565217391304,"Jordan Valley, Israel (general), Israel",IS,http://english.pnn.ps/2021/11/16/iof-kill-palestinian-during-clashes-in-northern-occupied-jordan-valley/
20211116,1014688896,20211116,ISRAELI,ISR,PALESTINIAN,PSE,193,소형무기·경무기를 이용한 전투,19,4,-10.0,4,1,4,-8.47457627118644,West Bank,WE,https://article.wn.com/view/2021/11/16/Israeli_forces_kill_26yearold_Palestinian/
20211117,1014697433,20211117,SYRIA,SYR,ISRAEL,ISR,194,포병·전차를 이용한 전투,19,4,-10.0,1,1,1,-7.01754385964912,"Damascus, Dimashq, Syria",SY,https://www.israelnationalnews.com/News/Flash.aspx/558041
20211117,1014697434,20211117,SYRIA,SYR,ISRAEL,ISR,194,포병·전차를 이용한 전투,19,4,-10.0,4,1,4,-7.01754385964912,Israel,IS,https://www.israelnationalnews.com/News/Flash.aspx/558041
20211117,1014697442,20211117,SYRIA,SYR,ISRAEL,ISR,190,재래식 군사력 사용,19,4,-10.0,15,2,15,-7.81970076706919,"Damascus, Dimashq, Syria",SY,https://www.israelnationalnews.com/News/Flash.aspx/558041
20211117,1014699666,20211117,ISRAEL,ISR,DAMASCUS,SYR,194,포병·전차를 이용한 전투,19,4,-10.0,10,1,10,-7.93650793650794,"Golan Heights, Syria (general), Syria",SY,https://www.rt.com/news/540481-missiles-attack-damascus-intercepted/
20211117,1014700022,20211117,SYRIAN,SYR,ISRAELI,ISR,190,재래식 군사력 사용,19,4,-10.0,2,1,2,-8.44155844155844,"Damascus, Dimashq, Syria",SY,https://www.israelnationalnews.com/News/News.aspx/317060
20211117,1014700023,20211117,SYRIA,SYR,ISRAEL,ISR,195,공중무기 사용,19,4,-10.0,4,1,4,-8.44155844155844,Israel,IS,https://www.israelnationalnews.com/News/News.aspx/317060
20211117,1014700024,20211117,SYRIA,SYR,ISRAEL,ISR,195,공중무기 사용,19,4,-10.0,14,2,14,-7.64757049803779,Israel,IS,https://www.israelnationalnews.com/News/News.aspx/317060
20211117,1014700026,20211117,SYRIA,SYR,ISRAEL,ISR,190,재래식 군사력 사용,19,4,-10.0,2,1,2,-8.44155844155844,"Damascus, Dimashq, Syria",SY,https://www.israelnationalnews.com/News/News.aspx/317060
20211117,1014700027,20211117,SYRIAN,SYR,ISRAELI,ISR,190,재래식 군사력 사용,19,4,-10.0,6,1,6,-8.44155844155844,"Damascus, Dimashq, Syria",SY,https://www.israelnationalnews.com/News/News.aspx/317060
20211117,1014701334,20211117,ISRAEL,ISR,PALESTINE,PSE,190,재래식 군사력 사용,19,4,-10.0,5,1,5,-7.02196615052214,Israel,IS,https://www.rescue.org/article/crisis-watch-breaking-news-irc
20211117,1014701598,20211117,PALESTINE,PSE,ISRAEL,ISR,190,재래식 군사력 사용,19,4,-10.0,5,1,5,-7.02196615052214,Israel,IS,https://www.rescue.org/article/crisis-watch-breaking-news-irc
20211117,1014703077,20211110,ISRAELI,ISR,HOMS,SYR,190,재래식 군사력 사용,19,4,-10.0,4,1,4,-7.34265734265734,Israel,IS,https://www.timesofisrael.com/israeli-missiles-target-empty-warehouse-near-damascus-syria-says/
20211117,1014703837,20211117,ISRAELI,ISR,SYRIAN,SYR,194,포병·전차를 이용한 전투,19,4,-10.0,5,1,3,-6.83937274846365,"Golan Heights, Syria (general), Syria",SY,https://www.timesofisrael.com/israeli-missiles-target-empty-warehouse-near-damascus-syria-says/
20211117,1014703838,20211117,ISRAELI,ISR,SYRIAN,SYR,194,포병·전차를 이용한 전투,19,4,-10.0,2,1,2,-7.34265734265734,"Golan Heights, Syria (general), Syria",SY,https://www.timesofisrael.com/israeli-missiles-target-empty-warehouse-near-damascus-syria-says/
20211117,1014703839,20211117,ISRAELI,ISR,SYRIAN,SYR,194,포병·전차를 이용한 전투,19,4,-10.0,6,1,6,-7.34265734265734,"Golan Heights, Syria (general), Syria",SY,https://www.timesofisrael.com/israeli-missiles-target-empty-warehouse-near-damascus-syria-says/
20211117,1014703844,20211117,ISRAELI,ISR,SYRIAN,SYR,194,포병·전차를 이용한 전투,19,4,-10.0,6,1,6,-7.34265734265734,Israel,IS,https://www.timesofisrael.com/israeli-missiles-target-empty-warehouse-near-damascus-syria-says/
20211117,1014711488,20211117,ISRAEL,ISR,GAZA,PSE,194,포병·전차를 이용한 전투,19,4,-10.0,224,55,224,-2.20859972330031,"Mediterranean Sea, Oceans (general), Oceans",OS,https://www.wglt.org/2021-11-16/deep-breathing-helps-kids-ease-gaza-trauma
20211117,1014711489,20211117,ISRAEL,ISR,GAZA,PSE,194,포병·전차를 이용한 전투,19,4,-10.0,8,1,8,-2.61538461538461,"Gaza City, Israel (general), Israel",IS,https://www.northcountrypublicradio.org/news/npr/1049448017/
20211117,1014711718,20211117,GAZA,PSE,ISRAEL,ISR,194,포병·전차를 이용한 전투,19,4,-10.0,4,1,4,-2.61538461538461,"Gaza City, Israel (general), Israel",IS,https://www.northcountrypublicradio.org/news/npr/1049448017/
20211117,1014711719,20211117,GAZA,PSE,ISRAEL,ISR,194,포병·전차를 이용한 전투,19,4,-10.0,112,55,112,-2.20859972330031,"Gaza City, Israel (general), Israel",IS,https://www.wglt.org/2021-11-16/deep-breathing-helps-kids-ease-gaza-trauma
20211117,1014713094,20211117,TEL AVIV,ISR,DAMASCUS,SYR,190,재래식 군사력 사용,19,4,-10.0,8,1,8,-5.88235294117647,"Golan Heights, Syria (general), Syria",SY,https://www.bignewsnetwork.com/news/271742869/israeli-delivered-airstrike-on-syria-damascus-suburb-reports
20211117,1014713095,20211117,TEL AVIV,ISR,DAMASCUS,SYR,194,포병·전차를 이용한 전투,19,4,-10.0,6,1,6,-5.88235294117647,"Damascus, Dimashq, Syria",SY,https://www.bignewsnetwork.com/news/271742869/israeli-delivered-airstrike-on-syria-damascus-suburb-reports
20211117,1014713096,20211117,ISRAEL,ISR,SYRIA,SYR,194,포병·전차를 이용한 전투,19,4,-10.0,2,1,2,-5.88235294117647,"Tel Aviv, Tel Aviv, Israel",IS,https://www.bignewsnetwork.com/news/271742869/israeli-delivered-airstrike-on-syria-damascus-suburb-reports
20211117,1014716131,20211117,ISRAEL,ISR,SYRIA,SYR,190,재래식 군사력 사용,19,4,-10.0,42,18,42,-4.93374481198313,Israel,IS,https://www.sfgate.com/news/article/Syria-reports-Israel-attack-south-of-Damascus-no-16627072.php
20211117,1014716478,20211117,SYRIA,SYR,ISRAEL,ISR,190,재래식 군사력 사용,19,4,-10.0,78,13,78,-4.89829603500115,Israel,IS,https://www.sfgate.com/news/article/Syria-reports-Israel-attack-south-of-Damascus-no-16627072.php
20211117,1014716479,20211117,SYRIA,SYR,ISRAEL,ISR,190,재래식 군사력 사용,19,4,-10.0,52,13,52,-4.89829603500115,Israel,IS,https://www.sfgate.com/news/article/Syria-reports-Israel-attack-south-of-Damascus-no-16627072.php
20211117,1014721340,20211117,GAZA,PSE,ISRAEL,ISR,194,포병·전차를 이용한 전투,19,4,-10.0,6,3,6,-2.62474151641552,Israel,IS,https://wskg.org/npr_story_post/deep-breathing-helps-kids-ease-gaza-trauma/
20211117,1014724930,20211117,ISRAEL,ISR,SYRIA,SYR,195,공중무기 사용,19,4,-10.0,10,1,10,-6.85358255451713,Israel,IS,https://english.newsnationtv.com/specials/news/purvanchal-expressway-facilities-full-details-including-toll-cng-png-226248.html
20211117,1014726807,20211110,ISRAELI,ISR,PALESTINIAN,PSE,190,재래식 군사력 사용,19,4,-10.0,4,1,4,-8.59598853868194,"Jordan Valley, Israel (general), Israel",IS,https://menafn.com/1103186350/IOF-kill-Palestinian-during-clashes-in-northern-occupied-Jordan-Valley&source=28
20211117,1014726808,20211110,ISRAEL,ISR,WEST BANK,PSE,190,재래식 군사력 사용,19,4,-10.0,8,1,8,-8.59598853868194,"Jordan Valley, Israel (general), Israel",IS,https://menafn.com/1103186350/IOF-kill-Palestinian-during-clashes-in-northern-occupied-Jordan-Valley&source=28
20211117,1014726812,20211110,WEST BANK,PSE,ISRAEL,ISR,190,재래식 군사력 사용,19,4,-10.0,8,1,8,-8.59598853868194,"Jordan Valley, Israel (general), Israel",IS,https://menafn.com/1103186350/IOF-kill-Palestinian-during-clashes-in-northern-occupied-Jordan-Valley&source=28
20211117,1014727400,20211117,ISRAEL,ISR,PALESTINIAN,PSE,190,재래식 군사력 사용,19,4,-10.0,4,1,4,-8.59598853868194,"Jordan Valley, Israel (general), Israel",IS,https://menafn.com/1103186350/IOF-kill-Palestinian-during-clashes-in-northern-occupied-Jordan-Valley&source=28
20211117,1014727401,20211117,ISRAEL,ISR,WEST BANK,PSE,190,재래식 군사력 사용,19,4,-10.0,4,1,4,-8.59598853868194,"Tubas, West Bank (general), West Bank",WE,https://menafn.com/1103186350/IOF-kill-Palestinian-during-clashes-in-northern-occupied-Jordan-Valley&source=28
20211117,1014727402,20211117,ISRAEL,ISR,PALESTINIAN,PSE,193,소형무기·경무기를 이용한 전투,19,4,-10.0,4,1,4,-8.59598853868194,"Jordan Valley, Israel (general), Israel",IS,https://menafn.com/1103186350/IOF-kill-Palestinian-during-clashes-in-northern-occupied-Jordan-Valley&source=28
20211117,1014727403,20211117,ISRAEL,ISR,PALESTINIAN,PSE,193,소형무기·경무기를 이용한 전투,19,4,-10.0,12,1,12,-8.59598853868194,"Jordan Valley, Israel (general), Israel",IS,https://menafn.com/1103186350/IOF-kill-Palestinian-during-clashes-in-northern-occupied-Jordan-Valley&source=28
20211117,1014727557,20211117,PALESTINIAN,PSE,ISRAEL,ISR,190,재래식 군사력 사용,19,4,-10.0,4,1,4,-8.59598853868194,"Jordan Valley, Israel (general), Israel",IS,https://menafn.com/1103186350/IOF-kill-Palestinian-during-clashes-in-northern-occupied-Jordan-Valley&source=28
20211117,1014727558,20211117,WEST BANK,PSE,ISRAEL,ISR,193,소형무기·경무기를 이용한 전투,19,4,-10.0,4,1,4,-8.59598853868194,"Jordan Valley, Israel (general), Israel",IS,https://menafn.com/1103186350/IOF-kill-Palestinian-during-clashes-in-northern-occupied-Jordan-Valley&source=28
20211117,1014727559,20211117,WEST BANK,PSE,ISRAEL,ISR,193,소형무기·경무기를 이용한 전투,19,4,-10.0,8,1,8,-8.59598853868194,"Jordan Valley, Israel (general), Israel",IS,https://menafn.com/1103186350/IOF-kill-Palestinian-during-clashes-in-northern-occupied-Jordan-Valley&source=28
20211117,1014729620,20211117,SANA,YEM,SYRIAN,SYR,190,재래식 군사력 사용,19,4,-10.0,6,2,6,-8.07074443275376,"Damascus, Dimashq, Syria",SY,https://www.presstv.ir/Detail/2021/11/17/670776/Syria-SANA-Israel-missiles-Golan-Heights-Damascus-
20211117,1014731613,20211117,ISRAEL,ISR,HAMAS,PSE,190,재래식 군사력 사용,19,4,-10.0,4,1,4,-2.67558528428094,"Gaza, Israel (general), Israel",IS,https://bdnews24.com/world/middle-east/2021/11/17/in-gaza-a-contentious-palestinian-professor-calmly-teaches-israeli-poetry
20211117,1014731614,20211117,ISRAEL,ISR,HAMAS,PSE,190,재래식 군사력 사용,19,4,-10.0,1,1,1,-2.67558528428094,"Gaza, Israel (general), Israel",IS,https://bdnews24.com/world/middle-east/2021/11/17/in-gaza-a-contentious-palestinian-professor-calmly-teaches-israeli-poetry
20211117,1014731826,20211117,PALESTINIAN,PSE,JERUSALEM,ISR,190,재래식 군사력 사용,19,4,-10.0,11,2,11,-3.07344017218053,"Jerusalem, Israel (general), Israel",IS,https://bdnews24.com/world/middle-east/2021/11/17/in-gaza-a-contentious-palestinian-professor-calmly-teaches-israeli-poetry
20211117,1014731827,20211117,PALESTINIAN,PSE,ISRAEL,ISR,190,재래식 군사력 사용,19,4,-10.0,4,2,4,-0.20997309326829,"Gaza, Israel (general), Israel",IS,https://bdnews24.com/world/middle-east/2021/11/17/in-gaza-a-contentious-palestinian-professor-calmly-teaches-israeli-poetry
20211117,1014731828,20211117,GAZA,PSE,ISRAEL,ISR,195,공중무기 사용,19,4,-10.0,1,1,1,-2.67558528428094,"Jerusalem, Israel (general), Israel",IS,https://bdnews24.com/world/middle-east/2021/11/17/in-gaza-a-contentious-palestinian-professor-calmly-teaches-israeli-poetry
20211117,1014731829,20211117,GAZA,PSE,ISRAEL,ISR,195,공중무기 사용,19,4,-10.0,1,1,1,-2.67558528428094,"Gaza, Israel (general), Israel",IS,https://bdnews24.com/world/middle-east/2021/11/17/in-gaza-a-contentious-palestinian-professor-calmly-teaches-israeli-poetry
20211117,1014734597,20211117,BEIRUT,LBN,RIYADH,SAU,192,영토 점령,19,4,-9.5,3,1,3,-4.90758444869343,"Riyadh, Ar Riya?, Saudi Arabia",SA,https://original.antiwar.com/doug-bandow/2021/11/16/saudi-arabia-makes-fool-of-president-biden-continues-yemen-war-and-domestic-repression/
20211117,1014734598,20211117,LEBANON,LBN,SAUDI ARABIA,SAU,192,영토 점령,19,4,-9.5,1,1,1,-4.90758444869343,"Riyadh, Ar Riya?, Saudi Arabia",SA,https://original.antiwar.com/doug-bandow/2021/11/16/saudi-arabia-makes-fool-of-president-biden-continues-yemen-war-and-domestic-repression/
20211117,1014734599,20211117,BEIRUT,LBN,SAUDI ARABIA,SAU,192,영토 점령,19,4,-9.5,1,1,1,-4.90758444869343,"Beirut, Beyrouth, Lebanon",LE,https://original.antiwar.com/doug-bandow/2021/11/16/saudi-arabia-makes-fool-of-president-biden-continues-yemen-war-and-domestic-repression/
20211117,1014746365,20211117,ISRAEL,ISR,IRAN,IRN,1384,재래식 군사 공격 위협,13,3,-7.0,8,1,8,-6.27306273062731,Israel,IS,https://www.aljazeera.com/news/2021/11/17/israeli-raids-target-building-south-of-damascus-state-media-says
20211117,1014746366,20211117,ISRAEL,ISR,IRAN,IRN,1384,재래식 군사 공격 위협,13,3,-7.0,2,1,2,-6.27306273062731,Israel,IS,https://www.aljazeera.com/news/2021/11/17/israeli-raids-target-building-south-of-damascus-state-media-says
20211117,1014746371,20211117,ISRAEL,ISR,SYRIA,SYR,190,재래식 군사력 사용,19,4,-10.0,7,1,6,-6.27306273062731,"Tartous, Tartus, Syria",SY,https://www.aljazeera.com/news/2021/11/17/israeli-raids-target-building-south-of-damascus-state-media-says
20211117,1014746372,20211117,ISRAEL,ISR,SYRIAN,SYR,190,재래식 군사력 사용,19,4,-10.0,8,1,8,-6.27306273062731,Israel,IS,https://www.aljazeera.com/news/2021/11/17/israeli-raids-target-building-south-of-damascus-state-media-says
20211117,1014750842,20211117,SYRIAN,SYR,ISRAELI,ISR,195,공중무기 사용,19,4,-10.0,2,1,2,-3.88349514563107,Israel,IS,https://www.ynetnews.com/article/ryqy00gz00y
20211117,1014758604,20211116,PALESTINIAN,PSE,ISRAEL,ISR,192,영토 점령,19,4,-9.5,4,1,4,-4.34782608695652,Israel,IS,https://www.israelnationalnews.com/News/Flash.aspx/558075
20211117,1014759272,20211117,ISRAELI,ISR,PALESTINIAN,PSE,190,재래식 군사력 사용,19,4,-10.0,10,1,10,-10.2088167053364,"Beit Dajan, HaMerkaz, Israel",IS,https://www.presstv.ir/Detail/2021/11/17/670791/Palestine-urges-ICC-to-probe-Israeli-crimes-after-young-man-killed-in-West-Bank-raid
20211117,1014759273,20211117,ISRAEL,ISR,WEST BANK,PSE,190,재래식 군사력 사용,19,4,-10.0,2,1,2,-10.2088167053364,"Tel Aviv, Tel Aviv, Israel",IS,https://www.presstv.ir/Detail/2021/11/17/670791/Palestine-urges-ICC-to-probe-Israeli-crimes-after-young-man-killed-in-West-Bank-raid
20211117,1014759274,20211117,ISRAEL,ISR,WEST BANK,PSE,190,재래식 군사력 사용,19,4,-10.0,2,1,2,-10.2088167053364,"Tammun, West Bank (general), West Bank",WE,https://www.presstv.ir/Detail/2021/11/17/670791/Palestine-urges-ICC-to-probe-Israeli-crimes-after-young-man-killed-in-West-Bank-raid
20211117,1014759275,20211117,ISRAELI,ISR,PALESTINIAN,PSE,190,재래식 군사력 사용,19,4,-10.0,2,2,2,-7.05727081003918,"Hebron, Israel (general), Israel",IS,http://english.wafa.ps/Pages/Details/126837
20211117,1014759276,20211117,ISRAEL,ISR,WEST BANK,PSE,190,재래식 군사력 사용,19,4,-10.0,2,1,2,-6.13496932515337,"Hebron, Israel (general), Israel",IS,http://english.wafa.ps/Pages/Details/126837
20211117,1014759277,20211117,ISRAELI,ISR,PALESTINIAN,PSE,193,소형무기·경무기를 이용한 전투,19,4,-10.0,10,1,10,-10.2088167053364,"Beit Dajan, HaMerkaz, Israel",IS,https://www.presstv.ir/Detail/2021/11/17/670791/Palestine-urges-ICC-to-probe-Israeli-crimes-after-young-man-killed-in-West-Bank-raid
20211117,1014759463,20211117,PALESTINE,PSE,ISRAEL,ISR,190,재래식 군사력 사용,19,4,-10.0,2,1,2,-10.2088167053364,"Tel Aviv, Tel Aviv, Israel",IS,https://www.presstv.ir/Detail/2021/11/17/670791/Palestine-urges-ICC-to-probe-Israeli-crimes-after-young-man-killed-in-West-Bank-raid
20211117,1014759464,20211117,PALESTINE,PSE,ISRAELI,ISR,190,재래식 군사력 사용,19,4,-10.0,4,1,4,-10.2088167053364,"Tammun, West Bank (general), West Bank",WE,https://www.presstv.ir/Detail/2021/11/17/670791/Palestine-urges-ICC-to-probe-Israeli-crimes-after-young-man-killed-in-West-Bank-raid
20211117,1014759468,20211117,PALESTINIAN,PSE,ISRAEL,ISR,193,소형무기·경무기를 이용한 전투,19,4,-10.0,4,1,4,-10.2088167053364,"Beit Dajan, HaMerkaz, Israel",IS,https://www.presstv.ir/Detail/2021/11/17/670791/Palestine-urges-ICC-to-probe-Israeli-crimes-after-young-man-killed-in-West-Bank-raid
20211117,1014764918,20211117,BEIRUT,LBN,ISRAEL,ISR,190,재래식 군사력 사용,19,4,-10.0,2,2,2,-1.69450585614474,"Jerusalem, Israel (general), Israel",IS,https://news.yahoo.com/indiana-jones-rabbi-thought-found-095913598.html
20211117,1014764919,20211117,BEIRUT,LBN,ISRAEL,ISR,190,재래식 군사력 사용,19,4,-10.0,14,2,14,-1.69450585614474,"Beirut, Beyrouth, Lebanon",LE,https://news.yahoo.com/indiana-jones-rabbi-thought-found-095913598.html
20211117,1014773441,20211117,ISRAELI,ISR,WEST BANK,PSE,190,재래식 군사력 사용,19,4,-10.0,4,1,4,-6.38297872340426,Israel,IS,https://www.msn.com/en-nz/news/world/israeli-court-sentences-spanish-aid-worker-to-13-months/ar-AAQO1Za
20211117,1014773442,20211117,ISRAELI,ISR,WEST BANK,PSE,190,재래식 군사력 사용,19,4,-10.0,1,1,1,-6.38297872340426,West Bank,WE,https://www.msn.com/en-nz/news/world/israeli-court-sentences-spanish-aid-worker-to-13-months/ar-AAQO1Za
20211117,1014773805,20211117,SYRIA,SYR,ISRAEL,ISR,190,재래식 군사력 사용,19,4,-10.0,8,1,8,-8.0,Israel,IS,https://www.jewishpress.com/news/middle-east/syria/syria-reports-israeli-aggression-on-empty-building-south-of-damascus/2021/11/17/
20211117,1014780090,20211117,IRAQ,IRQ,SYRIA,SYR,190,재래식 군사력 사용,19,4,-10.0,1,1,1,-2.47395833333333,"Gulf Of Oman, Iran (general), Iran",IR,https://www.jpost.com/middle-east/is-iran-downplaying-iranian-helicopter-buzzing-a-us-naval-ship-684908
20211117,1014780091,20211117,IRAQ,IRQ,SYRIA,SYR,190,재래식 군사력 사용,19,4,-10.0,3,1,3,-2.47395833333333,Saudi Arabia,SA,https://www.jpost.com/middle-east/is-iran-downplaying-iranian-helicopter-buzzing-a-us-naval-ship-684908
20211117,1014780092,20211117,IRAQ,IRQ,SYRIA,SYR,190,재래식 군사력 사용,19,4,-10.0,1,1,1,-2.47395833333333,"Gulf Of Oman, Iran (general), Iran",IR,https://www.jpost.com/middle-east/is-iran-downplaying-iranian-helicopter-buzzing-a-us-naval-ship-684908
20211117,1014780168,20211117,ISRAEL,ISR,DAMASCUS,SYR,194,포병·전차를 이용한 전투,19,4,-10.0,10,1,10,-4.7008547008547,Iran,IR,https://www.jpost.com/breaking-news/israel-launches-2-missiles-into-syria-1-shot-down-report-685192
20211117,1014780552,20211117,HAMAS,PSE,ISRAEL,ISR,190,재래식 군사력 사용,19,4,-10.0,2,1,2,2.49221183800623,"Gaza, Israel (general), Israel",IS,https://www.jpost.com/israel-news/us-ambassador-to-un-visits-gaza-lebanon-borders-685163
20211117,1014788351,20211117,ISRAELI,ISR,SYRIAN,SYR,194,포병·전차를 이용한 전투,19,4,-10.0,1,1,1,-6.33608815426997,"Golan Heights, Syria (general), Syria",SY,https://www.timesofisrael.com/explosion-reported-at-oil-pipeline-in-southern-iran-creating-tremors/
20211117,1014790935,20211117,ISRAELI,ISR,SYRIA,SYR,190,재래식 군사력 사용,19,4,-10.0,1,1,1,-2.73224043715847,Israel,IS,https://unitedwithisrael.org/idf-launches-2-missiles-at-syrian-target-report/
20211117,1014793374,20211117,IRAN,IRN,ISRAEL,ISR,190,재래식 군사력 사용,19,4,-10.0,2,1,2,-4.52830188679246,"Tehran, Tehran, Iran",IR,https://www.i24news.tv/en/news/middle-east/iran-eastern-states/1637144216-expert-on-i24news-iran-resumes-nuclear-work-in-retaliation
20211117,1014793402,20211117,ISRAEL,ISR,PALESTINIAN,PSE,163,금수·보이콧·제재 부과,16,4,-8.0,146,21,146,0.236254883837541,"Eilat, HaDarom, Israel",IS,https://www.sfgate.com/news/article/In-Israel-Miss-Universe-says-pageant-no-place-16627824.php
20211117,1014793403,20211117,ISRAEL,ISR,PALESTINIAN,PSE,163,금수·보이콧·제재 부과,16,4,-8.0,234,33,234,-0.0596641053767041,"Jerusalem, Israel (general), Israel",IS,https://www.sfgate.com/news/article/In-Israel-Miss-Universe-says-pageant-no-place-16627824.php
20211117,1014793404,20211117,ISRAELI,ISR,PALESTINIAN,PSE,190,재래식 군사력 사용,19,4,-10.0,15,2,11,-3.02872705329352,"Gaza, Israel (general), Israel",IS,https://www.middleeastmonitor.com/20211117-israel-fires-at-gaza-fishing-boats/
20211117,1014793405,20211117,ISRAELI,ISR,PALESTINIAN,PSE,193,소형무기·경무기를 이용한 전투,19,4,-10.0,4,1,4,-4.39560439560439,"Gaza, Israel (general), Israel",IS,https://www.middleeastmonitor.com/20211117-israel-fires-at-gaza-fishing-boats/
20211117,1014793406,20211117,ISRAEL,ISR,GAZA,PSE,193,소형무기·경무기를 이용한 전투,19,4,-10.0,4,1,4,-4.39560439560439,"Gaza, Israel (general), Israel",IS,https://www.middleeastmonitor.com/20211117-israel-fires-at-gaza-fishing-boats/
20211117,1014793734,20211117,GAZA,PSE,ISRAEL,ISR,193,소형무기·경무기를 이용한 전투,19,4,-10.0,2,1,2,-4.39560439560439,"Gaza, Israel (general), Israel",IS,https://www.middleeastmonitor.com/20211117-israel-fires-at-gaza-fishing-boats/
20211117,1014795565,20211117,ISRAELI,ISR,IRAN,IRN,190,재래식 군사력 사용,19,4,-10.0,3,1,3,-1.71385991058122,"Tehran, Tehran, Iran",IR,https://thedispatch.com/p/a-sign-that-iran-is-still-pursuing
20211117,1014795566,20211117,ISRAELI,ISR,IRAN,IRN,190,재래식 군사력 사용,19,4,-10.0,1,1,1,-1.71385991058122,"Tehran, Tehran, Iran",IR,https://thedispatch.com/p/a-sign-that-iran-is-still-pursuing
20211117,1014796090,20211117,YEMENI,YEM,RIYADH,SAU,190,재래식 군사력 사용,19,4,-10.0,20,2,20,-4.28128950695323,"Marib, Ma'rib, Yemen",YM,https://www.arabnews.com/node/1969781/middle-east
20211117,1014806962,20211117,ISRAELI,ISR,DAMASCUS,SYR,190,재래식 군사력 사용,19,4,-10.0,4,1,4,-5.15463917525773,United States,US,https://www.clevelandjewishnews.com/jns/syrian-press-reports-another-israeli-strike-near-damascus/article_7bb4820f-d75f-50f5-8b0b-e32284344f16.html
20211117,1014806963,20211117,ISRAELI,ISR,DAMASCUS,SYR,194,포병·전차를 이용한 전투,19,4,-10.0,4,1,4,-5.15463917525773,"Damascus, Dimashq, Syria",SY,https://www.clevelandjewishnews.com/jns/syrian-press-reports-another-israeli-strike-near-damascus/article_7bb4820f-d75f-50f5-8b0b-e32284344f16.html
20211117,1014806969,20211117,ISRAELI,ISR,DAMASCUS,SYR,190,재래식 군사력 사용,19,4,-10.0,6,1,6,-5.15463917525773,United States,US,https://www.clevelandjewishnews.com/jns/syrian-press-reports-another-israeli-strike-near-damascus/article_7bb4820f-d75f-50f5-8b0b-e32284344f16.html
20211117,1014806970,20211117,ISRAEL,ISR,SYRIA,SYR,194,포병·전차를 이용한 전투,19,4,-10.0,2,1,2,-5.15463917525773,Israel,IS,https://www.clevelandjewishnews.com/jns/syrian-press-reports-another-israeli-strike-near-damascus/article_7bb4820f-d75f-50f5-8b0b-e32284344f16.html
20211117,1014806971,20211117,ISRAELI,ISR,DAMASCUS,SYR,194,포병·전차를 이용한 전투,19,4,-10.0,4,1,4,-5.15463917525773,Israel,IS,https://www.clevelandjewishnews.com/jns/syrian-press-reports-another-israeli-strike-near-damascus/article_7bb4820f-d75f-50f5-8b0b-e32284344f16.html
20211117,1014823052,20211117,PALESTINIAN,PSE,ISRAEL,ISR,138,군사력 사용 위협,13,3,-7.0,4,1,4,-7.07720588235294,"Hebron, Israel (general), Israel",IS,https://www.jpost.com/middle-east/palestinians-fear-civil-war-amid-growing-anarchy-685254
20211117,1014827170,20211117,PALESTINIAN,PSE,ISRAELI,ISR,193,소형무기·경무기를 이용한 전투,19,4,-10.0,8,4,8,-9.06921818900685,"Jerusalem, Israel (general), Israel",IS,https://abcnews.go.com/International/wireStory/palestinian-attacker-shot-dead-stabbing-israeli-police-81230630
20211117,1014831967,20211117,PALESTINIAN,PSE,ISRAELI,ISR,193,소형무기·경무기를 이용한 전투,19,4,-10.0,2,1,2,-3.57142857142856,Israel,IS,https://news.yahoo.com/palestinian-attacker-shot-dead-stabbing-163620696.html
20211117,1014839042,20211117,HAMAS,PSE,ISRAEL,ISR,194,포병·전차를 이용한 전투,19,4,-10.0,2,1,2,-5.95238095238095,"Jerusalem, Israel (general), Israel",IS,https://www.wcsufm.org/?page=2383
20211117,1014839043,20211117,HAMAS,PSE,ISRAEL,ISR,194,포병·전차를 이용한 전투,19,4,-10.0,8,1,8,-5.95238095238095,"Jerusalem, Israel (general), Israel",IS,https://www.wcsufm.org/?page=2383
20211117,1014839044,20211117,HAMAS,PSE,ISRAELI,ISR,194,포병·전차를 이용한 전투,19,4,-10.0,6,1,6,-5.95238095238095,"Jerusalem, Israel (general), Israel",IS,https://www.wcsufm.org/?page=2383
20211117,1014841354,20211117,ISRAELI,ISR,WEST BANK,PSE,190,재래식 군사력 사용,19,4,-10.0,2,1,2,-3.74531835205993,"Kiryat Arba, West Bank (general), West Bank",WE,https://www.middleeasteye.net/news/israel-palestine-children-raid-hebron-bed-photograph
20211117,1014841355,20211117,ISRAELI,ISR,WEST BANK,PSE,190,재래식 군사력 사용,19,4,-10.0,10,1,10,-3.74531835205993,"Jerusalem, Israel (general), Israel",IS,https://www.middleeasteye.net/news/israel-palestine-children-raid-hebron-bed-photograph
20211117,1014841358,20211117,ISRAELI,ISR,PALESTINIAN,PSE,190,재래식 군사력 사용,19,4,-10.0,14,2,14,-8.45835581939196,"Jerusalem, Israel (general), Israel",IS,http://english.wafa.ps/Pages/Details/126847
20211117,1014848819,20211117,IRANIAN,IRN,SYRIA,SYR,190,재래식 군사력 사용,19,4,-10.0,1,1,1,-2.04638472032742,"Moscow, Moskva, Russia",RS,https://www.jpost.com/middle-east/israel-russia-share-common-goal-of-ousting-iran-from-syria-683814
20211117,1014848820,20211117,IRANIAN,IRN,DAMASCUS,SYR,190,재래식 군사력 사용,19,4,-10.0,4,1,4,-2.04638472032742,Israel,IS,https://www.jpost.com/middle-east/israel-russia-share-common-goal-of-ousting-iran-from-syria-683814
20211117,1014848821,20211117,IRANIAN,IRN,DAMASCUS,SYR,194,포병·전차를 이용한 전투,19,4,-10.0,4,1,4,-2.04638472032742,"Damascus, Dimashq, Syria",SY,https://www.jpost.com/middle-east/israel-russia-share-common-goal-of-ousting-iran-from-syria-683814
20211117,1014848822,20211117,IRANIAN,IRN,SYRIA,SYR,194,포병·전차를 이용한 전투,19,4,-10.0,1,1,1,-2.04638472032742,"Moscow, Moskva, Russia",RS,https://www.jpost.com/middle-east/israel-russia-share-common-goal-of-ousting-iran-from-syria-683814
20211117,1014851107,20211117,IRAN,IRN,IRAQI,IRQ,194,포병·전차를 이용한 전투,19,4,-10.0,4,1,4,-5.04587155963302,"Tehran, Tehran, Iran",IR,https://www.presstv.ir/Detail/2021/11/17/670824/Iran-commemorates-father-of-Iran
20211117,1014851108,20211117,IRAN,IRN,IRAQI,IRQ,194,포병·전차를 이용한 전투,19,4,-10.0,16,1,16,-5.04587155963302,Iraq,IZ,https://www.presstv.ir/Detail/2021/11/17/670824/Iran-commemorates-father-of-Iran
20211117,1014851111,20211117,IRAN,IRN,ISRAEL,ISR,190,재래식 군사력 사용,19,4,-10.0,1,1,1,-3.14136125654451,"Natanz, Esfahan, Iran",IR,https://www.presstv.ir/Detail/2021/11/17/670815/Identity-Israeli-spy-revealed
20211117,1014851112,20211117,IRAN,IRN,ISRAELI,ISR,190,재래식 군사력 사용,19,4,-10.0,8,1,8,-3.14136125654451,"Natanz, Esfahan, Iran",IR,https://www.presstv.ir/Detail/2021/11/17/670815/Identity-Israeli-spy-revealed
20211117,1014851113,20211117,IRAN,IRN,ISRAEL,ISR,190,재래식 군사력 사용,19,4,-10.0,1,1,1,-3.14136125654451,Israel,IS,https://www.presstv.ir/Detail/2021/11/17/670815/Identity-Israeli-spy-revealed
20211117,1014851136,20211117,IRAQ,IRQ,LEBANESE,LBN,191,봉쇄·이동 제한,19,4,-9.5,8,1,8,-4.05616224648986,"Bekaa, Béa, Lebanon",LE,https://www.the961.com/lebanon-to-trade-with-new-countries-after-saudi-arabia-bans-imports/
20211117,1014851137,20211117,IRAQ,IRQ,LEBANESE,LBN,191,봉쇄·이동 제한,19,4,-9.5,2,1,2,-4.05616224648986,Iraq,IZ,https://www.the961.com/lebanon-to-trade-with-new-countries-after-saudi-arabia-bans-imports/
20211117,1014851166,20211117,ISRAELI,ISR,PALESTINIAN,PSE,193,소형무기·경무기를 이용한 전투,19,4,-10.0,1,1,1,-7.97957229492499,"Ramallah, West Bank (general), West Bank",WE,"http://aljazeerah.info/News/2021/November/17%20n/Israeli%20Occupation%20Soldiers%20Kill%20a%20Palestinian%20Civilian,%20Injure%20and%20Abduct%20Dozens%20of%20People,%20Shield%20Illegal%20Settlers%20Attacks,%20November%2017,%202021.htm"
20211117,1014851188,20211117,ISRAELI,ISR,PALESTINIAN,PSE,193,소형무기·경무기를 이용한 전투,19,4,-10.0,2,1,2,-7.97957229492499,"Jerusalem, Israel (general), Israel",IS,"http://aljazeerah.info/News/2021/November/17%20n/Israeli%20Occupation%20Soldiers%20Kill%20a%20Palestinian%20Civilian,%20Injure%20and%20Abduct%20Dozens%20of%20People,%20Shield%20Illegal%20Settlers%20Attacks,%20November%2017,%202021.htm"
20211117,1014851518,20211117,PALESTINIAN,PSE,ISRAEL,ISR,190,재래식 군사력 사용,19,4,-10.0,2,1,2,-7.97957229492499,"Jerusalem, Israel (general), Israel",IS,"http://aljazeerah.info/News/2021/November/17%20n/Israeli%20Occupation%20Soldiers%20Kill%20a%20Palestinian%20Civilian,%20Injure%20and%20Abduct%20Dozens%20of%20People,%20Shield%20Illegal%20Settlers%20Attacks,%20November%2017,%202021.htm"
20211117,1014851607,20211117,TURKEY,TUR,ISRAEL,ISR,193,소형무기·경무기를 이용한 전투,19,4,-10.0,1,1,1,-7.97957229492499,"Hebron, Israel (general), Israel",IS,"http://aljazeerah.info/News/2021/November/17%20n/Israeli%20Occupation%20Soldiers%20Kill%20a%20Palestinian%20Civilian,%20Injure%20and%20Abduct%20Dozens%20of%20People,%20Shield%20Illegal%20Settlers%20Attacks,%20November%2017,%202021.htm"
20211117,1014852597,20211117,EGYPT,EGY,JORDAN,JOR,190,재래식 군사력 사용,19,4,-10.0,1,1,1,2.07939508506616,"London, London, City of, United Kingdom",UK,https://www.algemeiner.com/2021/11/17/first-photo-of-helen-mirren-as-golda-meir-revealed-as-filming-begins-for-biopic-on-israels-only-female-prime-minister/
20211117,1014852598,20211117,EGYPT,EGY,JORDAN,JOR,190,재래식 군사력 사용,19,4,-10.0,2,1,2,2.07939508506616,Israel,IS,https://www.algemeiner.com/2021/11/17/first-photo-of-helen-mirren-as-golda-meir-revealed-as-filming-begins-for-biopic-on-israels-only-female-prime-minister/
20211117,1014852599,20211117,EGYPT,EGY,SYRIA,SYR,190,재래식 군사력 사용,19,4,-10.0,2,1,2,2.07939508506616,"London, London, City of, United Kingdom",UK,https://www.algemeiner.com/2021/11/17/first-photo-of-helen-mirren-as-golda-meir-revealed-as-filming-begins-for-biopic-on-israels-only-female-prime-minister/
20211117,1014852958,20211117,JORDAN,JOR,SYRIA,SYR,190,재래식 군사력 사용,19,4,-10.0,1,1,1,2.07939508506616,Jordan,JO,https://www.algemeiner.com/2021/11/17/first-photo-of-helen-mirren-as-golda-meir-revealed-as-filming-begins-for-biopic-on-israels-only-female-prime-minister/
20211117,1014852959,20211117,JORDAN,JOR,SYRIA,SYR,190,재래식 군사력 사용,19,4,-10.0,1,1,1,2.07939508506616,Jordan,JO,https://www.algemeiner.com/2021/11/17/first-photo-of-helen-mirren-as-golda-meir-revealed-as-filming-begins-for-biopic-on-israels-only-female-prime-minister/
20211117,1014853284,20211117,SYRIA,SYR,JORDAN,JOR,190,재래식 군사력 사용,19,4,-10.0,2,1,2,2.07939508506616,Jordan,JO,https://www.algemeiner.com/2021/11/17/first-photo-of-helen-mirren-as-golda-meir-revealed-as-filming-begins-for-biopic-on-israels-only-female-prime-minister/
20211117,1014853285,20211117,SYRIA,SYR,JORDAN,JOR,190,재래식 군사력 사용,19,4,-10.0,1,1,1,2.07939508506616,Egypt,EG,https://www.algemeiner.com/2021/11/17/first-photo-of-helen-mirren-as-golda-meir-revealed-as-filming-begins-for-biopic-on-israels-only-female-prime-minister/
20211117,1014853295,20211117,DAMASCUS,SYR,SANA,YEM,194,포병·전차를 이용한 전투,19,4,-10.0,1,1,1,-3.18906605922552,"White House, District of Columbia, United States",US,https://www.algemeiner.com/2021/11/17/dont-believe-predictions-of-a-rift-between-iran-and-syria/
20211117,1014853296,20211117,DAMASCUS,SYR,SANA,YEM,194,포병·전차를 이용한 전투,19,4,-10.0,1,1,1,-3.18906605922552,"Washington, District of Columbia, United States",US,https://www.algemeiner.com/2021/11/17/dont-believe-predictions-of-a-rift-between-iran-and-syria/
20211117,1014863299,20211117,IRAN,IRN,SAUDI ARABIA,SAU,190,재래식 군사력 사용,19,4,-10.0,8,1,8,-5.56257901390645,"Tel Aviv, Tel Aviv, Israel",IS,https://www.jpost.com/middle-east/battle-of-marib-could-be-nearing-key-point-affects-saudi-arabia-iran-683863
20211117,1014863300,20211117,IRAN,IRN,SAUDI ARABIA,SAU,190,재래식 군사력 사용,19,4,-10.0,2,1,2,-5.56257901390645,"Tel Aviv, Tel Aviv, Israel",IS,https://www.jpost.com/middle-east/battle-of-marib-could-be-nearing-key-point-affects-saudi-arabia-iran-683863
20211117,1014863307,20211117,ISRAEL,ISR,WEST BANK,PSE,190,재래식 군사력 사용,19,4,-10.0,2,1,2,-8.43373493975904,"Ramallah, West Bank (general), West Bank",WE,https://www.gulf-times.com/story/704600/Oman-s-51st-National-Day-of-Renaissance
20211117,1014863310,20211117,ISRAEL,ISR,DAMASCUS,SYR,194,포병·전차를 이용한 전투,19,4,-10.0,10,1,10,-9.28961748633881,"Damascus, Dimashq, Syria",SY,https://www.al-monitor.com/originals/2021/11/suspected-israeli-airstrikes-hit-syria-third-time-month
20211117,1014863566,20211117,WEST BANK,PSE,ISRAEL,ISR,190,재래식 군사력 사용,19,4,-10.0,2,1,2,-8.43373493975904,"Ramallah, West Bank (general), West Bank",WE,https://www.gulf-times.com/story/704600/Oman-s-51st-National-Day-of-Renaissance
20211117,1014863567,20211117,WEST BANK,PSE,ISRAEL,ISR,190,재래식 군사력 사용,19,4,-10.0,2,1,2,-8.43373493975904,"Ramallah, West Bank (general), West Bank",WE,https://www.gulf-times.com/story/704600/Oman-s-51st-National-Day-of-Renaissance
20211117,1014863568,20211117,PALESTINIAN,PSE,JERUSALEM,ISR,190,재래식 군사력 사용,19,4,-10.0,10,1,10,-3.97553516819572,"Jerusalem, Israel (general), Israel",IS,https://www.jpost.com/breaking-news/nationalistic-palestinian-activity-stopped-by-police-at-damascus-gate-666428
20211117,1014863651,20211117,SAUDI ARABIA,SAU,IRAN,IRN,190,재래식 군사력 사용,19,4,-10.0,2,1,2,-5.56257901390645,"Marib, Ma'rib, Yemen",YM,https://www.jpost.com/middle-east/battle-of-marib-could-be-nearing-key-point-affects-saudi-arabia-iran-683863
20211117,1014863652,20211117,SAUDI ARABIA,SAU,IRAN,IRN,190,재래식 군사력 사용,19,4,-10.0,8,1,8,-5.56257901390645,"Marib, Ma'rib, Yemen",YM,https://www.jpost.com/middle-east/battle-of-marib-could-be-nearing-key-point-affects-saudi-arabia-iran-683863
20211117,1014863655,20211117,RIYADH,SAU,YEMEN,YEM,190,재래식 군사력 사용,19,4,-10.0,10,1,10,-5.56257901390645,"Marib, Ma'rib, Yemen",YM,https://www.jpost.com/middle-east/battle-of-marib-could-be-nearing-key-point-affects-saudi-arabia-iran-683863
20211117,1014881357,20211117,ISRAELI,ISR,PALESTINIAN,PSE,190,재래식 군사력 사용,19,4,-10.0,2,1,2,-2.37288135593221,Qatar,QA,https://www.jpost.com/breaking-news/qatar-egypt-sign-agreement-to-supply-fuel-building-material-to-gaza-685296
20211118,1014885027,20211118,JERUSALEM,ISR,PALESTINIAN,PSE,193,소형무기·경무기를 이용한 전투,19,4,-10.0,32,8,26,-5.10345095212258,"Jerusalem, Israel (general), Israel",IS,https://www.arabherald.com/news/271749447/xinhua-middle-east--summary-at-2200-gmt-nov-17
20211118,1014885035,20211118,ISRAELI,ISR,PALESTINIAN,PSE,193,소형무기·경무기를 이용한 전투,19,4,-10.0,4,3,4,-9.24555936339127,"Jerusalem, Israel (general), Israel",IS,https://www.sandiegouniontribune.com/news/nation-world/story/2021-11-17/palestinian-attacker-shot-dead-after-stabbing-israeli-police
20211118,1014885510,20211118,PALESTINIAN,PSE,ISRAEL,ISR,163,금수·보이콧·제재 부과,16,4,-8.0,2,1,2,-6.0179257362356,"Gaza, Israel (general), Israel",IS,https://jewishjournal.com/israel/342523/palestinian-files-complaint-against-unilever-over-ben-jerrys-discriminatory-boycott/
20211118,1014886424,20211118,YEMEN,YEM,SAUDI ARABIA,SAU,190,재래식 군사력 사용,19,4,-10.0,5,1,5,-6.48148148148148,Yemen,YM,https://www.reuters.com/world/middle-east/saudi-led-coalition-intercepts-drone-aimed-abha-intl-airport-state-media-2021-11-17/
20211118,1014888651,20211118,ISRAELI,ISR,EGYPT,EGY,190,재래식 군사력 사용,19,4,-10.0,2,1,2,-1.07142857142857,"Gaza City, Israel (general), Israel",IS,https://gulfnews.com/world/mena/qatar-egypt-agree-to-supply-fuel-building-materials-to-gaza-1.1637193289251
20211118,1014888652,20211118,ISRAELI,ISR,EGYPT,EGY,190,재래식 군사력 사용,19,4,-10.0,2,1,2,-1.07142857142857,"Gaza City, Israel (general), Israel",IS,https://gulfnews.com/world/mena/qatar-egypt-agree-to-supply-fuel-building-materials-to-gaza-1.1637193289251
20211118,1014888655,20211118,ISRAELI,ISR,PALESTINIAN,PSE,190,재래식 군사력 사용,19,4,-10.0,4,1,4,-1.07142857142857,"Gaza City, Israel (general), Israel",IS,https://gulfnews.com/world/mena/qatar-egypt-agree-to-supply-fuel-building-materials-to-gaza-1.1637193289251
20211118,1014888656,20211118,ISRAEL,ISR,PALESTINIAN,PSE,190,재래식 군사력 사용,19,4,-10.0,18,9,18,-1.41154112643117,Qatar,QA,https://gulfnews.com/world/mena/qatar-egypt-agree-to-supply-fuel-building-materials-to-gaza-1.1637193289251
20211118,1014889129,20211118,TURKEY,TUR,SYRIA,SYR,192,영토 점령,19,4,-9.5,10,1,10,-4.74576271186441,"Ankara, Ankara, Turkey",TU,https://ahvalnews.com/turkey-syria/turkey-suspends-plans-military-operation-syria-reports
20211118,1014901404,20211118,ISRAEL,ISR,JORDAN,JOR,192,영토 점령,19,4,-9.5,2,1,2,-0.23474178403756,"Lachish, HaDarom, Israel",IS,https://www.ancient-origins.net/news-history-archaeology/hellenistic-fortress-0016084
20211118,1014901405,20211118,ISRAEL,ISR,JORDAN,JOR,192,영토 점령,19,4,-9.5,2,1,2,-0.23474178403756,"Lachish, HaDarom, Israel",IS,https://www.ancient-origins.net/news-history-archaeology/hellenistic-fortress-0016084
20211118,1014901406,20211118,ISRAEL,ISR,JORDAN,JOR,192,영토 점령,19,4,-9.5,6,1,6,-0.23474178403756,"Jerusalem, Israel (general), Israel",IS,https://www.ancient-origins.net/news-history-archaeology/hellenistic-fortress-0016084
20211118,1014901657,20211118,PALESTINIAN,PSE,ISRAEL,ISR,190,재래식 군사력 사용,19,4,-10.0,58,8,58,-6.69908524945865,"Jerusalem, Israel (general), Israel",IS,https://www.jpost.com/israel-news/jewish-terror-as-dangerous-to-israel-as-islamic-terror-ex-shin-bet-official-684767
20211118,1014908920,20211118,ISRAELI,ISR,PALESTINIAN,PSE,190,재래식 군사력 사용,19,4,-10.0,30,2,30,-9.44798301486199,Israel,IS,http://english.pnn.ps/2021/11/18/palestine-urges-icc-to-probe-israeli-crimes-after-young-man-killed-in-west-bank-raid/
20211118,1014908921,20211118,ISRAELI,ISR,PALESTINIAN,PSE,193,소형무기·경무기를 이용한 전투,19,4,-10.0,30,2,30,-9.44798301486199,Israel,IS,http://english.pnn.ps/2021/11/18/palestine-urges-icc-to-probe-israeli-crimes-after-young-man-killed-in-west-bank-raid/
20211118,1014908922,20211118,ISRAEL,ISR,DAMASCUS,SYR,194,포병·전차를 이용한 전투,19,4,-10.0,10,1,10,-8.9041095890411,"Damascus, Dimashq, Syria",SY,https://news.antiwar.com/2021/11/17/israel-fires-missiles-on-damascus-suburb/
20211118,1014909209,20211118,PALESTINE,PSE,ISRAELI,ISR,190,재래식 군사력 사용,19,4,-10.0,6,1,6,-9.87261146496816,"Ramallah, West Bank (general), West Bank",WE,http://english.pnn.ps/2021/11/18/palestine-urges-icc-to-probe-israeli-crimes-after-young-man-killed-in-west-bank-raid/
20211118,1014909210,20211118,PALESTINE,PSE,ISRAEL,ISR,190,재래식 군사력 사용,19,4,-10.0,2,1,2,-9.87261146496816,Israel,IS,http://english.pnn.ps/2021/11/18/palestine-urges-icc-to-probe-israeli-crimes-after-young-man-killed-in-west-bank-raid/
20211118,1014911618,20211118,SAUDI ARABIA,SAU,YEMEN,YEM,194,포병·전차를 이용한 전투,19,4,-10.0,4,2,4,-4.25544652808779,"Sanaa, Sana', Yemen",YM,http://www.frontpagemag.com/fpm/2021/11/group-biden-removed-terror-list-storms-us-embassy-robert-spencer/
20211118,1014911619,20211118,SAUDI ARABIA,SAU,YEMEN,YEM,194,포병·전차를 이용한 전투,19,4,-10.0,4,2,4,-4.25544652808779,Saudi Arabia,SA,http://www.frontpagemag.com/fpm/2021/11/group-biden-removed-terror-list-storms-us-embassy-robert-spencer/
20211118,1014911620,20211118,SAUDI ARABIA,SAU,YEMEN,YEM,194,포병·전차를 이용한 전투,19,4,-10.0,2,2,2,-4.25544652808779,Saudi Arabia,SA,http://www.frontpagemag.com/fpm/2021/11/group-biden-removed-terror-list-storms-us-embassy-robert-spencer/
20211118,1014920308,20211118,JORDAN,JOR,SYRIA,SYR,190,재래식 군사력 사용,19,4,-10.0,2,1,2,-0.40080160320641,Jordan,JO,https://www.msn.com/en-ae/news/national/grande-dame-of-abu-dhabi-dies-aged-100/ar-AAQPReK
20211118,1014920309,20211118,JORDAN,JOR,SYRIA,SYR,190,재래식 군사력 사용,19,4,-10.0,4,1,4,-0.40080160320641,Jordan,JO,https://www.msn.com/en-ae/news/national/grande-dame-of-abu-dhabi-dies-aged-100/ar-AAQPReK
20211118,1014920562,20211118,SYRIA,SYR,JORDAN,JOR,190,재래식 군사력 사용,19,4,-10.0,2,1,2,-0.40080160320641,Jordan,JO,https://www.msn.com/en-ae/news/national/grande-dame-of-abu-dhabi-dies-aged-100/ar-AAQPReK
20211118,1014920563,20211118,SYRIA,SYR,JORDAN,JOR,190,재래식 군사력 사용,19,4,-10.0,4,1,4,-0.40080160320641,Jordan,JO,https://www.msn.com/en-ae/news/national/grande-dame-of-abu-dhabi-dies-aged-100/ar-AAQPReK
20211118,1014927626,20211118,PALESTINIAN,PSE,ISRAEL,ISR,138,군사력 사용 위협,13,3,-7.0,4,1,4,-4.92063492063492,"Toronto, Ontario, Canada",CA,https://www.jamaicaobserver.com/history/history_236587?profile=1373
20211118,1014927627,20211118,PALESTINIAN,PSE,JERUSALEM,ISR,138,군사력 사용 위협,13,3,-7.0,8,1,8,-4.92063492063492,"Jerusalem, Israel (general), Israel",IS,https://www.jamaicaobserver.com/history/history_236587?profile=1373
20211118,1014927628,20211118,PALESTINIAN,PSE,JERUSALEM,ISR,190,재래식 군사력 사용,19,4,-10.0,2,1,2,-4.92063492063492,"Toronto, Ontario, Canada",CA,https://www.jamaicaobserver.com/history/history_236587?profile=1373
20211118,1014938052,20211118,ISRAEL,ISR,JORDAN,JOR,190,재래식 군사력 사용,19,4,-10.0,10,1,10,-2.22222222222222,"Dead Sea, Israel (general), Israel",IS,https://www.israelnationalnews.com/News/Flash.aspx/558168
20211118,1014938338,20211118,SAUDI ARABIA,SAU,IRAN,IRN,190,재래식 군사력 사용,19,4,-10.0,2,1,2,-4.74137931034483,Iran,IR,https://www.newdelhitimes.com/turkey-offers-to-help-lebanon-with-crisis-with-gulf-nations/
20211118,1014938339,20211118,SAUDI,SAU,IRAN,IRN,190,재래식 군사력 사용,19,4,-10.0,2,1,2,-4.74137931034483,Saudi Arabia,SA,https://www.newdelhitimes.com/turkey-offers-to-help-lebanon-with-crisis-with-gulf-nations/
20211118,1014938340,20211118,SAUDI ARABIA,SAU,IRAN,IRN,190,재래식 군사력 사용,19,4,-10.0,6,1,6,-4.74137931034483,Iran,IR,https://www.newdelhitimes.com/turkey-offers-to-help-lebanon-with-crisis-with-gulf-nations/
20211118,1014943271,20211118,ISRAELI,ISR,PALESTINIAN,PSE,195,공중무기 사용,19,4,-10.0,2,1,2,-2.37580993520518,Qatar,QA,https://www.ynetnews.com/article/sjqhydqdk
20211118,1014945006,20211118,ISRAELI,ISR,GAZA,PSE,190,재래식 군사력 사용,19,4,-10.0,24,6,24,-7.46268656716417,"Gaza, Israel (general), Israel",IS,https://www.middleeaststar.com/news/271751234/57-palestinians-injured-in-clashes-with-israeli-troops-in-jerusalem-reports
20211118,1014945290,20211118,GAZA,PSE,ISRAELI,ISR,190,재래식 군사력 사용,19,4,-10.0,24,6,24,-7.46268656716417,"Gaza, Israel (general), Israel",IS,https://www.middleeaststar.com/news/271751234/57-palestinians-injured-in-clashes-with-israeli-troops-in-jerusalem-reports
20211118,1014945291,20211118,PALESTINIAN,PSE,ISRAEL,ISR,190,재래식 군사력 사용,19,4,-10.0,12,6,12,-7.46268656716417,Gaza Strip,GZ,https://www.middleeaststar.com/news/271751234/57-palestinians-injured-in-clashes-with-israeli-troops-in-jerusalem-reports
20211118,1014945292,20211118,PALESTINIAN,PSE,ISRAELI,ISR,193,소형무기·경무기를 이용한 전투,19,4,-10.0,4,1,1,-8.45771144278607,"Jerusalem, Israel (general), Israel",IS,http://famagusta-gazette.com/2021/11/18/israeli-police-say-shoot-dead-palestinian-stabber-in-jerusalems-old-city/
20211118,1014962044,20211118,ISRAELI,ISR,PALESTINIAN,PSE,190,재래식 군사력 사용,19,4,-10.0,10,1,10,-1.72839506172839,Israel,IS,https://www.middleeastmonitor.com/20211118-palestine-ngos-call-for-boycotting-meetings-with-us-envoy/
20211118,1014963907,20211118,IRAN,IRN,IRAQI,IRQ,190,재래식 군사력 사용,19,4,-10.0,4,1,4,-3.96301188903567,"Baghdad, Baghdad, Iraq",IZ,https://www.rt.com/op-ed/540548-baghuz-syria-airstrike-us-civilians/
20211118,1014963908,20211118,IRAN,IRN,IRAQI,IRQ,190,재래식 군사력 사용,19,4,-10.0,6,1,6,-3.96301188903567,"Baghdad, Baghdad, Iraq",IZ,https://www.rt.com/op-ed/540548-baghuz-syria-airstrike-us-civilians/
20211118,1014963910,20211118,IRAQI,IRQ,IRAN,IRN,190,재래식 군사력 사용,19,4,-10.0,1,1,1,-3.96301188903567,"Raqqa, Ar Raqqah, Syria",SY,https://www.rt.com/op-ed/540548-baghuz-syria-airstrike-us-civilians/
20211118,1014963911,20211118,IRAQI,IRQ,IRAN,IRN,190,재래식 군사력 사용,19,4,-10.0,1,1,1,-3.96301188903567,"Baghuz, Al ?asakah, Syria",SY,https://www.rt.com/op-ed/540548-baghuz-syria-airstrike-us-civilians/
20211118,1014963912,20211118,IRAQI,IRQ,IRAN,IRN,190,재래식 군사력 사용,19,4,-10.0,2,1,2,-3.96301188903567,"Baghdad, Baghdad, Iraq",IZ,https://www.rt.com/op-ed/540548-baghuz-syria-airstrike-us-civilians/
20211118,1014963913,20211118,IRAQI,IRQ,IRAN,IRN,190,재래식 군사력 사용,19,4,-10.0,3,1,3,-3.96301188903567,"Raqqa, Ar Raqqah, Syria",SY,https://www.rt.com/op-ed/540548-baghuz-syria-airstrike-us-civilians/
20211118,1014963914,20211118,IRAQI,IRQ,IRAN,IRN,190,재래식 군사력 사용,19,4,-10.0,3,1,3,-3.96301188903567,"Baghdad, Baghdad, Iraq",IZ,https://www.rt.com/op-ed/540548-baghuz-syria-airstrike-us-civilians/
20211118,1014964183,20211118,SAUDI ARABIA,SAU,CAIRO,EGY,190,재래식 군사력 사용,19,4,-10.0,3,1,3,-4.97512437810945,"Al Makhwah, Saudi Arabia (general), Saudi Arabia",SA,https://gulfnews.com/world/gulf/saudi/saudi-child-hospitalised-after-monkey-attack-1.83782548
20211118,1014965991,20211118,ISRAELI,ISR,GAZA,PSE,190,재래식 군사력 사용,19,4,-10.0,2,1,2,-13.8121546961326,"Asqalan, HaDarom, Israel",IS,https://www.wiredprnews.com/palestinian-prisoner-in-gaza-killed-in-israeli-custody-israel-palestine-conflict-news/
20211118,1014966007,20211118,ISRAEL,ISR,GAZA,PSE,190,재래식 군사력 사용,19,4,-10.0,2,1,2,-13.8121546961326,"Asqalan, HaDarom, Israel",IS,https://www.wiredprnews.com/palestinian-prisoner-in-gaza-killed-in-israeli-custody-israel-palestine-conflict-news/
20211118,1014966008,20211118,ISRAEL,ISR,GAZA,PSE,190,재래식 군사력 사용,19,4,-10.0,2,1,2,-13.8121546961326,"Asqalan, HaDarom, Israel",IS,https://www.wiredprnews.com/palestinian-prisoner-in-gaza-killed-in-israeli-custody-israel-palestine-conflict-news/
20211118,1014966009,20211118,ISRAEL,ISR,GAZA,PSE,190,재래식 군사력 사용,19,4,-10.0,3,1,3,-13.8121546961326,"Asqalan, HaDarom, Israel",IS,https://www.wiredprnews.com/palestinian-prisoner-in-gaza-killed-in-israeli-custody-israel-palestine-conflict-news/
20211118,1014966010,20211118,ISRAEL,ISR,GAZA,PSE,190,재래식 군사력 사용,19,4,-10.0,1,1,1,-13.8121546961326,Gaza Strip,GZ,https://www.wiredprnews.com/palestinian-prisoner-in-gaza-killed-in-israeli-custody-israel-palestine-conflict-news/
20211118,1014971054,20211118,YEMEN,YEM,SAUDI ARABIA,SAU,190,재래식 군사력 사용,19,4,-10.0,16,1,16,-1.97813692334373,"Ras Tanura, Ash Sharqiyah, Saudi Arabia",SA,https://cimsec.org/tag/featured-article/
20211118,1014971055,20211118,YEMEN,YEM,SAUDI ARABIA,SAU,190,재래식 군사력 사용,19,4,-10.0,4,1,4,-1.97813692334373,Yemen,YM,https://cimsec.org/tag/featured-article/
20211118,1014977735,20211118,ISRAELI,ISR,GAZA,PSE,138,군사력 사용 위협,13,3,-7.0,1,1,1,-0.76335877862595,"Gaza, Israel (general), Israel",IS,https://www.middleeastmonitor.com/20211118-qatar-egypt-sign-deals-to-supply-gaza-fuel-building-materials/
20211118,1014977736,20211118,ISRAEL,ISR,PALESTINIAN,PSE,163,금수·보이콧·제재 부과,16,4,-8.0,2,1,2,-2.61538461538462,"Jerusalem, Israel (general), Israel",IS,https://www.jewishpress.com/news/eye-on-palestine/palestinian-human-rights-activist-suing-unilever-over-boycott-of-israel/2021/11/18/
20211118,1014986927,20211118,GAZA,PSE,ISRAEL,ISR,190,재래식 군사력 사용,19,4,-10.0,8,2,8,-4.32308323083231,"Gaza, Israel (general), Israel",IS,https://www.jpost.com/arab-israeli-conflict/how-israel-built-the-worlds-most-accurate-military-machine-685357
20211118,1014986934,20211118,HAMAS,PSE,JERUSALEM,ISR,194,포병·전차를 이용한 전투,19,4,-10.0,12,2,12,-4.53174603174603,"Jerusalem, Israel (general), Israel",IS,https://www.jpost.com/arab-israeli-conflict/how-israel-built-the-worlds-most-accurate-military-machine-685357
20211118,1014991934,20211118,SYRIA,SYR,TURKEY,TUR,192,영토 점령,19,4,-9.5,2,1,2,-6.57237936772046,"Aleppo, ?alab, Syria",SY,https://www.aljazeera.com/features/2021/11/18/syria-death-and-distress-strain-life-for-children-in-idlib
20211118,1014993949,20211118,IRANIAN,IRN,ISRAEL,ISR,194,포병·전차를 이용한 전투,19,4,-10.0,5,1,5,-6.81818181818182,"Gaza, Israel (general), Israel",IS,https://www.washingtonexaminer.com/opinion/the-palestinian-authority-is-on-the-precipice
20211118,1014993950,20211118,IRANIAN,IRN,ISRAEL,ISR,194,포병·전차를 이용한 전투,19,4,-10.0,2,1,2,-6.81818181818182,Iran,IR,https://www.washingtonexaminer.com/opinion/the-palestinian-authority-is-on-the-precipice
20211118,1014993973,20211118,ISRAELI,ISR,PALESTINIAN,PSE,190,재래식 군사력 사용,19,4,-10.0,3,1,3,-5.14469453376206,"Gilboa, Ha?afon, Israel",IS,http://english.wafa.ps/Pages/Details/126855
20211118,1014993974,20211118,ISRAELI,ISR,WEST BANK,PSE,190,재래식 군사력 사용,19,4,-10.0,5,1,5,-5.14469453376206,"Ramallah, West Bank (general), West Bank",WE,http://english.wafa.ps/Pages/Details/126855
20211118,1015001784,20211118,IRAN,IRN,HASSAN,JOR,192,영토 점령,19,4,-9.5,1,1,1,-5.04313205043132,"Karaj, Tehran, Iran",IR,https://www.ncr-iran.org/en/iran-1988-massacre-of-political-prisoners/iran-1988-massacre-hassan-ashrafian-testifies-at-nourys-trial/
20211118,1015001785,20211118,IRAN,IRN,HASSAN,JOR,192,영토 점령,19,4,-9.5,1,1,1,-5.04313205043132,"Ghezelhesar, Ostan-e Alborz, Iran",IR,https://www.ncr-iran.org/en/iran-1988-massacre-of-political-prisoners/iran-1988-massacre-hassan-ashrafian-testifies-at-nourys-trial/
20211118,1015003516,20211118,SYRIA,SYR,YEMEN,YEM,190,재래식 군사력 사용,19,4,-10.0,10,1,10,2.34741784037559,Afghanistan,AF,https://developingtelecoms.com/telecom-business/operator-news/12332-mtn-group-exits-yemen-via-stake-sale-to-emerald-international.html
20211118,1015003735,20211118,YEMEN,YEM,SYRIA,SYR,190,재래식 군사력 사용,19,4,-10.0,10,1,10,2.34741784037559,Afghanistan,AF,https://developingtelecoms.com/telecom-business/operator-news/12332-mtn-group-exits-yemen-via-stake-sale-to-emerald-international.html
20211118,1015009950,20211118,LEBANON,LBN,SYRIA,SYR,154,군 병력 동원·증강,15,4,-7.2,10,1,10,-3.94265232974911,"Beirut, Beyrouth, Lebanon",LE,https://www.jpost.com/israel-news/idf-to-invest-nis-1-billion-as-it-prepares-for-war-in-lebanon-syria-685377
20211118,1015010212,20211118,SYRIA,SYR,IRAQ,IRQ,190,재래식 군사력 사용,19,4,-10.0,2,1,2,-5.03860219422999,"Al-Hasakah, Al ?asakah, Syria",SY,https://www.terrorism-info.org.il/en/spotlight-on-global-jihad-november-11-17-2021/
20211118,1015010213,20211118,SYRIA,SYR,IRAQ,IRQ,190,재래식 군사력 사용,19,4,-10.0,6,1,6,-5.03860219422999,"Al-Hasakah, Al ?asakah, Syria",SY,https://www.terrorism-info.org.il/en/spotlight-on-global-jihad-november-11-17-2021/
20211118,1015010214,20211118,SYRIAN,SYR,SYRIAN DESERT,IRQ,190,재래식 군사력 사용,19,4,-10.0,1,1,1,-5.03860219422999,Russia,RS,https://www.terrorism-info.org.il/en/spotlight-on-global-jihad-november-11-17-2021/
20211118,1015010215,20211118,SYRIAN,SYR,SYRIAN DESERT,IRQ,190,재래식 군사력 사용,19,4,-10.0,1,1,1,-5.03860219422999,"Syrian Desert, , Iraq",IZ,https://www.terrorism-info.org.il/en/spotlight-on-global-jihad-november-11-17-2021/
20211118,1015010216,20211118,SYRIA,SYR,IRAQ,IRQ,190,재래식 군사력 사용,19,4,-10.0,2,1,2,-5.03860219422999,"Gaza, Israel (general), Israel",IS,https://www.terrorism-info.org.il/en/spotlight-on-global-jihad-november-11-17-2021/
20211118,1015012570,20211118,ISRAEL,ISR,GAZA,PSE,190,재래식 군사력 사용,19,4,-10.0,9,2,9,-4.4439125149269,"Gaza, Israel (general), Israel",IS,https://www.middleeastmonitor.com/20211118-using-anti-semitism-pro-israel-group-prevent-palestinian-students-receiving-trauma-support/
20211118,1015012582,20211118,ISRAEL,ISR,PALESTINIAN,PSE,163,금수·보이콧·제재 부과,16,4,-8.0,1,1,1,-2.40641711229947,Israel,IS,https://english.alaraby.co.uk/news/mark-ruffalo-condemns-israels-ban-palestinian-groups
20211118,1015015307,20211118,HAMAS,PSE,ISRAEL,ISR,163,금수·보이콧·제재 부과,16,4,-8.0,10,1,10,-4.28571428571428,"Tel Aviv, Tel Aviv, Israel",IS,https://www.jpost.com/breaking-news/hamas-calls-on-justin-bieber-to-cancel-show-in-israel-685384
20211118,1015018245,20211118,IRAN,IRN,HAMAS,PSE,190,재래식 군사력 사용,19,4,-10.0,16,2,16,-2.97726491318548,Iraq,IZ,https://www.jpost.com/middle-east/will-israeli-policy-shift-in-syria-as-us-delegations-arrive-analysis-685372
20211118,1015018246,20211118,IRAN,IRN,HAMAS,PSE,190,재래식 군사력 사용,19,4,-10.0,4,2,4,-2.97726491318548,Israel,IS,https://www.jpost.com/middle-east/will-israeli-policy-shift-in-syria-as-us-delegations-arrive-analysis-685372
20211118,1015018553,20211118,HAMAS,PSE,IRAN,IRN,190,재래식 군사력 사용,19,4,-10.0,16,2,16,-2.97726491318548,Iraq,IZ,https://www.jpost.com/middle-east/will-israeli-policy-shift-in-syria-as-us-delegations-arrive-analysis-685372
20211118,1015018554,20211118,HAMAS,PSE,IRAN,IRN,190,재래식 군사력 사용,19,4,-10.0,4,2,4,-2.97726491318548,Israel,IS,https://www.jpost.com/middle-east/will-israeli-policy-shift-in-syria-as-us-delegations-arrive-analysis-685372
20211118,1015023535,20211118,ISRAELI,ISR,JORDANIAN,JOR,190,재래식 군사력 사용,19,4,-10.0,4,1,4,-0.76335877862595,Jordan,JO,https://www.jewishpress.com/news/israel/huge-fire-on-jordans-border-with-israel-threatens-gas-pipeline/2021/11/18/
20211118,1015023547,20211118,ISRAEL,ISR,SYRIA,SYR,190,재래식 군사력 사용,19,4,-10.0,2,1,2,-12.2448979591837,Israel,IS,https://www.crisisgroup.org/middle-east-north-africa/east-mediterranean-mena/syria
20211118,1015023548,20211118,ISRAELI,ISR,SYRIAN,SYR,190,재래식 군사력 사용,19,4,-10.0,6,1,6,-12.2448979591837,"Damascus, Dimashq, Syria",SY,https://www.crisisgroup.org/middle-east-north-africa/east-mediterranean-mena/syria
20211118,1015023590,20211118,JORDANIAN,JOR,ISRAELI,ISR,190,재래식 군사력 사용,19,4,-10.0,4,1,4,-0.76335877862595,"Dead Sea, Israel (general), Israel",IS,https://www.jewishpress.com/news/israel/huge-fire-on-jordans-border-with-israel-threatens-gas-pipeline/2021/11/18/
20211118,1015027449,20211118,IRAQI,IRQ,ISRAEL,ISR,194,포병·전차를 이용한 전투,19,4,-10.0,2,1,2,-1.77514792899409,"Gaza, Israel (general), Israel",IS,https://nationalinterest.org/blog/reboot/what-makes-israels-f-15i-true-multirole-fighter-196452
20211118,1015027474,20211118,ISRAEL,ISR,PALESTINIAN,PSE,190,재래식 군사력 사용,19,4,-10.0,1,1,1,-8.81458966565352,Gaza Strip,GZ,https://unitedwithisrael.org/palestinian-journalists-demonize-israel-you-are-worse-than-the-nazis/
20211118,1015027475,20211118,ISRAEL,ISR,PALESTINIAN,PSE,190,재래식 군사력 사용,19,4,-10.0,1,1,1,-8.81458966565352,"Jerusalem, Israel (general), Israel",IS,https://unitedwithisrael.org/palestinian-journalists-demonize-israel-you-are-worse-than-the-nazis/
20211118,1015027671,20211118,PALESTINIAN,PSE,ISRAEL,ISR,190,재래식 군사력 사용,19,4,-10.0,1,1,1,-8.81458966565352,"Jerusalem, Israel (general), Israel",IS,https://unitedwithisrael.org/palestinian-journalists-demonize-israel-you-are-worse-than-the-nazis/
20211118,1015027672,20211118,PALESTINIAN,PSE,ISRAEL,ISR,190,재래식 군사력 사용,19,4,-10.0,1,1,1,-8.81458966565352,Gaza Strip,GZ,https://unitedwithisrael.org/palestinian-journalists-demonize-israel-you-are-worse-than-the-nazis/
20211118,1015030319,20211118,HAMAS,PSE,ISRAEL,ISR,194,포병·전차를 이용한 전투,19,4,-10.0,8,1,8,-5.95238095238095,"Jerusalem, Israel (general), Israel",IS,https://www.wcsufm.org/?page=2385
20211118,1015030320,20211118,HAMAS,PSE,ISRAELI,ISR,194,포병·전차를 이용한 전투,19,4,-10.0,6,1,6,-5.95238095238095,"Jerusalem, Israel (general), Israel",IS,https://www.wcsufm.org/?page=2385
20211118,1015032701,20211118,PALESTINIAN,PSE,ISRAEL,ISR,192,영토 점령,19,4,-9.5,2,1,2,-2.23880597014925,"Jordan River, Israel (general), Israel",IS,https://www.algemeiner.com/2021/11/18/how-palestinian-leaders-falsify-and-weaponize-history/
20211118,1015044357,20211118,IRAQI,IRQ,IRAN,IRN,195,공중무기 사용,19,4,-10.0,2,1,2,-4.19687142312094,Iraq,IZ,https://www.atlanticcouncil.org/blogs/iransource/irans-drones-are-clones-now-theyre-being-used-in-multiple-conflicts/
20211118,1015044358,20211118,IRAQI,IRQ,IRAN,IRN,195,공중무기 사용,19,4,-10.0,6,1,6,-4.19687142312094,"Tehran, Tehran, Iran",IR,https://www.atlanticcouncil.org/blogs/iransource/irans-drones-are-clones-now-theyre-being-used-in-multiple-conflicts/
20211118,1015044359,20211118,IRAQ,IRQ,IRAN,IRN,195,공중무기 사용,19,4,-10.0,2,1,2,-4.19687142312094,Iraq,IZ,https://www.atlanticcouncil.org/blogs/iransource/irans-drones-are-clones-now-theyre-being-used-in-multiple-conflicts/
20211118,1015047106,20211118,ISRAELI,ISR,PALESTINIAN,PSE,190,재래식 군사력 사용,19,4,-10.0,2,1,2,-5.53505535055351,"Kafr Kanna, Ha?afon, Israel",IS,https://www.economist.com/middle-east-and-africa/2021/11/18/the-murder-rate-rises-among-arab-israelis
20211118,1015047107,20211118,ISRAELI,ISR,PALESTINIAN,PSE,190,재래식 군사력 사용,19,4,-10.0,2,1,2,-5.53505535055351,"Gaza, Israel (general), Israel",IS,https://www.economist.com/middle-east-and-africa/2021/11/18/the-murder-rate-rises-among-arab-israelis
20211118,1015047383,20211118,PALESTINIAN,PSE,ISRAELI,ISR,190,재래식 군사력 사용,19,4,-10.0,2,1,2,-5.53505535055351,"Kafr Kanna, Ha?afon, Israel",IS,https://www.economist.com/middle-east-and-africa/2021/11/18/the-murder-rate-rises-among-arab-israelis
20211118,1015047384,20211118,PALESTINIAN,PSE,ISRAELI,ISR,190,재래식 군사력 사용,19,4,-10.0,2,1,2,-5.53505535055351,"Gaza, Israel (general), Israel",IS,https://www.economist.com/middle-east-and-africa/2021/11/18/the-murder-rate-rises-among-arab-israelis
20211118,1015049477,20211118,IRAN,IRN,SAUDI,SAU,193,소형무기·경무기를 이용한 전투,19,4,-10.0,1,1,1,-2.88713910761155,United States,US,https://www.clevelandjewishnews.com/jns/iran-developing-domestic-air-defense-systems-as-israeli-electronic-warfare-tech-evolves/article_174e21dd-2806-532e-a0ca-681680121a2f.html
20211118,1015049478,20211118,IRAN,IRN,SAUDI,SAU,193,소형무기·경무기를 이용한 전투,19,4,-10.0,1,1,1,-2.88713910761155,"Bavar, Hormozgan, Iran",IR,https://www.clevelandjewishnews.com/jns/iran-developing-domestic-air-defense-systems-as-israeli-electronic-warfare-tech-evolves/article_174e21dd-2806-532e-a0ca-681680121a2f.html
20211118,1015050171,20211118,YEMEN,YEM,SAUDI,SAU,193,소형무기·경무기를 이용한 전투,19,4,-10.0,3,2,3,-2.8251485011742,"Bavar, Hormozgan, Iran",IR,https://www.clevelandjewishnews.com/jns/iran-developing-domestic-air-defense-systems-as-israeli-electronic-warfare-tech-evolves/article_174e21dd-2806-532e-a0ca-681680121a2f.html
20211118,1015050172,20211118,YEMEN,YEM,SAUDI,SAU,193,소형무기·경무기를 이용한 전투,19,4,-10.0,3,2,3,-2.8251485011742,United States,US,https://www.clevelandjewishnews.com/jns/iran-developing-domestic-air-defense-systems-as-israeli-electronic-warfare-tech-evolves/article_174e21dd-2806-532e-a0ca-681680121a2f.html
20211118,1015050173,20211118,YEMEN,YEM,SAUDI,SAU,193,소형무기·경무기를 이용한 전투,19,4,-10.0,12,2,12,-2.8251485011742,United States,US,https://www.clevelandjewishnews.com/jns/iran-developing-domestic-air-defense-systems-as-israeli-electronic-warfare-tech-evolves/article_174e21dd-2806-532e-a0ca-681680121a2f.html
20211118,1015061476,20211118,ISRAELI,ISR,WEST BANK,PSE,154,군 병력 동원·증강,15,4,-7.2,1,1,1,-3.05366142899496,"Jerusalem, Israel (general), Israel",IS,https://www.popularmechanics.com/military/a38107679/why-the-m1a1-abrams-is-such-a-badass-tank/
20211118,1015061477,20211118,ISRAELI,ISR,WEST BANK,PSE,154,군 병력 동원·증강,15,4,-7.2,7,1,7,-3.05366142899496,"Jerusalem, Israel (general), Israel",IS,https://www.popularmechanics.com/military/a38107679/why-the-m1a1-abrams-is-such-a-badass-tank/
20211118,1015063690,20211118,GAZA,PSE,ISRAEL,ISR,190,재래식 군사력 사용,19,4,-10.0,2,1,2,-2.60416666666666,"Adnan Menderes, Ankara, Turkey",TU,https://article.wn.com/view/2021/11/18/TurkeyIsrael_continued_dialogue_mutually_beneficial_Erdogan/
20211118,1015068608,20211118,HAMAS,PSE,ISRAEL,ISR,194,포병·전차를 이용한 전투,19,4,-10.0,10,1,10,-6.43564356435644,"Gaza, Israel (general), Israel",IS,https://www.kvpr.org/people/daniel-estrin
20211118,1015068672,20211118,TURKEY,TUR,ISRAEL,ISR,192,영토 점령,19,4,-9.5,3,1,3,-4.79041916167665,Israel,IS,https://www.timesofisrael.com/eying-northern-threats-idf-puts-over-a-billion-shekels-into-training-for-2022/
20211118,1015068673,20211118,TURKEY,TUR,ISRAEL,ISR,192,영토 점령,19,4,-9.5,1,1,1,-4.79041916167665,Turkey,TU,https://www.timesofisrael.com/eying-northern-threats-idf-puts-over-a-billion-shekels-into-training-for-2022/
20211118,1015068674,20211118,TURKEY,TUR,ISRAEL,ISR,192,영토 점령,19,4,-9.5,1,1,1,-4.79041916167665,Turkey,TU,https://www.timesofisrael.com/eying-northern-threats-idf-puts-over-a-billion-shekels-into-training-for-2022/
20211118,1015079291,20211118,ISRAEL,ISR,IRANIAN,IRN,190,재래식 군사력 사용,19,4,-10.0,8,1,8,-6.6003616636528,"Tehran, Tehran, Iran",IR,https://www.nytimes.com/2021/11/18/world/middleeast/iran-drone-al-tanf-syria.html
20211118,1015079294,20211118,ISRAEL,ISR,SAUDI ARABIA,SAU,190,재래식 군사력 사용,19,4,-10.0,2,1,2,-6.6003616636528,"Tehran, Tehran, Iran",IR,https://www.nytimes.com/2021/11/18/world/middleeast/iran-drone-al-tanf-syria.html
20211118,1015079295,20211118,ISRAEL,ISR,SAUDI ARABIA,SAU,190,재래식 군사력 사용,19,4,-10.0,2,1,2,-6.6003616636528,Saudi Arabia,SA,https://www.nytimes.com/2021/11/18/world/middleeast/iran-drone-al-tanf-syria.html
20211118,1015079296,20211118,ISRAEL,ISR,SAUDI ARABIAN,SAU,190,재래식 군사력 사용,19,4,-10.0,4,1,4,-6.6003616636528,Saudi Arabia,SA,https://www.nytimes.com/2021/11/18/world/middleeast/iran-drone-al-tanf-syria.html
20211118,1015079297,20211118,ISRAEL,ISR,SAUDI ARABIA,SAU,190,재래식 군사력 사용,19,4,-10.0,2,1,2,-6.6003616636528,United States,US,https://www.nytimes.com/2021/11/18/world/middleeast/iran-drone-al-tanf-syria.html
20211118,1015079298,20211118,ISRAEL,ISR,SYRIA,SYR,194,포병·전차를 이용한 전투,19,4,-10.0,4,1,4,-6.6003616636528,Israel,IS,https://www.nytimes.com/2021/11/18/world/middleeast/iran-drone-al-tanf-syria.html
20211118,1015079299,20211118,ISRAEL,ISR,SYRIA,SYR,194,포병·전차를 이용한 전투,19,4,-10.0,1,1,1,-6.6003616636528,Syria,SY,https://www.nytimes.com/2021/11/18/world/middleeast/iran-drone-al-tanf-syria.html
20211118,1015079499,20211118,HOMS,SYR,IRANIAN,IRN,195,공중무기 사용,19,4,-10.0,1,1,1,-6.6003616636528,Syria,SY,https://www.nytimes.com/2021/11/18/world/middleeast/iran-drone-al-tanf-syria.html
20211118,1015079500,20211118,HOMS,SYR,IRANIAN,IRN,195,공중무기 사용,19,4,-10.0,4,1,4,-6.6003616636528,Syria,SY,https://www.nytimes.com/2021/11/18/world/middleeast/iran-drone-al-tanf-syria.html
20211119,1015085156,20211119,SAUDI ARABIA,SAU,YEMEN,YEM,190,재래식 군사력 사용,19,4,-10.0,4,1,4,-10.0313479623825,"Marib, Ma'rib, Yemen",YM,https://english.ahram.org.eg/News/438312.aspx
20211119,1015088158,20211119,SAUDI ARABIA,SAU,IRANIAN,IRN,194,포병·전차를 이용한 전투,19,4,-10.0,52,13,52,-2.66833305007229,"Riyadh, Ar Riya?, Saudi Arabia",SA,https://www.aol.com/news/u-senators-move-block-650-232830122-000450876.html
20211119,1015088159,20211119,SAUDI ARABIA,SAU,IRANIAN,IRN,194,포병·전차를 이용한 전투,19,4,-10.0,3,3,3,-2.35133190737192,Yemen,YM,https://www.aol.com/news/u-senators-move-block-650-232830122-000450876.html
20211119,1015090227,20211119,SAUDI ARABIA,SAU,IRANIAN,IRN,194,포병·전차를 이용한 전투,19,4,-10.0,6,6,6,-2.66163383611246,"Riyadh, Ar Riya?, Saudi Arabia",SA,https://www.thestar.com.my/news/world/2021/11/19/us-senators-move-to-block-650-million-arms-sale-to-saudi-arabia
20211119,1015103794,20211119,ISRAELI,ISR,PALESTINIAN,PSE,190,재래식 군사력 사용,19,4,-10.0,10,1,10,-10.5742935278031,"Beit Dajan, HaMerkaz, Israel",IS,https://wrp.org.uk/features/investigate-the-tel-aviv-regimes-crimes/
20211119,1015103795,20211119,ISRAELI,ISR,PALESTINIAN,PSE,193,소형무기·경무기를 이용한 전투,19,4,-10.0,2,1,2,-10.5742935278031,"Beit Dajan, HaMerkaz, Israel",IS,https://wrp.org.uk/features/investigate-the-tel-aviv-regimes-crimes/
20211119,1015103796,20211119,ISRAELI,ISR,PALESTINIAN,PSE,193,소형무기·경무기를 이용한 전투,19,4,-10.0,8,1,8,-10.5742935278031,"Tel Aviv, Tel Aviv, Israel",IS,https://wrp.org.uk/features/investigate-the-tel-aviv-regimes-crimes/
20211119,1015104022,20211119,PALESTINIAN,PSE,ISRAEL,ISR,193,소형무기·경무기를 이용한 전투,19,4,-10.0,4,1,4,-10.5742935278031,"Beit Dajan, HaMerkaz, Israel",IS,https://wrp.org.uk/features/investigate-the-tel-aviv-regimes-crimes/
20211119,1015108848,20211119,QATAR,QAT,ISRAELI,ISR,190,재래식 군사력 사용,19,4,-10.0,20,1,20,1.58986128523477,"Jerusalem, Israel (general), Israel",IS,https://unitedwithisrael.org/child-abuse-al-jazeera-promotes-hamas-weapons-exhibit-for-youngsters/
20211119,1015112799,20211119,SAUDI ARABIA,SAU,IRANIAN,IRN,194,포병·전차를 이용한 전투,19,4,-10.0,3,3,3,-2.30087538341484,"Riyadh, Ar Riya?, Saudi Arabia",SA,https://wsau.com/2021/11/18/u-s-senators-move-to-block-650-million-arms-sale-to-saudi-arabia/
20211119,1015115163,20211119,IRAN,IRN,SYRIA,SYR,190,재래식 군사력 사용,19,4,-10.0,6,1,6,-3.72670807453416,Israel,IS,https://www.arabnews.com/node/1971076/middle-east
20211119,1015115164,20211119,IRAN,IRN,SYRIA,SYR,190,재래식 군사력 사용,19,4,-10.0,1,1,1,-3.72670807453416,Syria,SY,https://www.arabnews.com/node/1971076/middle-east
20211119,1015115165,20211119,IRAN,IRN,SYRIA,SYR,190,재래식 군사력 사용,19,4,-10.0,1,1,1,-3.72670807453416,Israel,IS,https://www.arabnews.com/node/1971076/middle-east
20211119,1015135118,20211119,ISRAELI,ISR,PALESTINIAN,PSE,190,재래식 군사력 사용,19,4,-10.0,32,7,32,-7.78732495285235,"Jerusalem, Israel (general), Israel",IS,https://www.unrwa.org/newsroom/press-releases/unrwa-gravely-concerned-killing-palestine-refugee-child-israeli-live-fire
20211119,1015135366,20211119,PALESTINIAN,PSE,ISRAELI,ISR,190,재래식 군사력 사용,19,4,-10.0,50,18,50,-7.54942713987315,"Jerusalem, Israel (general), Israel",IS,https://www.unrwa.org/newsroom/press-releases/unrwa-gravely-concerned-killing-palestine-refugee-child-israeli-live-fire
20211119,1015140339,20211119,ISRAEL,ISR,GAZA,PSE,190,재래식 군사력 사용,19,4,-10.0,1,1,1,-4.5,Gaza Strip,GZ,https://www.middleeasteye.net/news/hamas-terrorist-organisation-british-government
20211119,1015140556,20211119,GAZA,PSE,ISRAEL,ISR,190,재래식 군사력 사용,19,4,-10.0,4,2,4,-4.93942215450595,"Gaza, Israel (general), Israel",IS,https://www.middleeasteye.net/news/hamas-terrorist-organisation-british-government
20211119,1015140557,20211119,GAZA,PSE,ISRAEL,ISR,190,재래식 군사력 사용,19,4,-10.0,1,1,1,-4.5,Gaza Strip,GZ,https://www.middleeasteye.net/news/hamas-terrorist-organisation-british-government
20211119,1015145148,20211119,JORDAN,JOR,ISRAEL,ISR,190,재래식 군사력 사용,19,4,-10.0,2,1,2,-4.32330827067669,"Jordan Valley, Israel (general), Israel",IS,https://www.israelnationalnews.com/tags/Car_Accident
20211119,1015150448,20211119,ISRAEL,ISR,GAZA,PSE,190,재래식 군사력 사용,19,4,-10.0,1,1,1,-4.54545454545455,Gaza Strip,GZ,https://www.middleeasteye.net/news/uk-label-palestine-hamas-group-terrorist
20211119,1015150594,20211119,GAZA,PSE,ISRAEL,ISR,190,재래식 군사력 사용,19,4,-10.0,1,1,1,-4.54545454545455,Gaza Strip,GZ,https://www.middleeasteye.net/news/uk-label-palestine-hamas-group-terrorist
20211119,1015150632,20211119,SAUDI,SAU,SANAA,YEM,195,공중무기 사용,19,4,-10.0,4,1,4,-4.63215258855585,"Riyadh, Ar Riya?, Saudi Arabia",SA,https://www.presstv.ir/Detail/2021/11/19/670934/Yemen-warns-Saudi-Arabia-serious-consequences-after-major-escalation
20211119,1015150633,20211119,SAUDI,SAU,SANAA,YEM,195,공중무기 사용,19,4,-10.0,4,1,4,-4.63215258855585,"Sanaa, Sana', Yemen",YM,https://www.presstv.ir/Detail/2021/11/19/670934/Yemen-warns-Saudi-Arabia-serious-consequences-after-major-escalation
20211119,1015150783,20211119,YEMENI,YEM,SAUDI ARABIA,SAU,190,재래식 군사력 사용,19,4,-10.0,2,1,2,-4.63215258855585,"Riyadh, Ar Riya?, Saudi Arabia",SA,https://www.presstv.ir/Detail/2021/11/19/670934/Yemen-warns-Saudi-Arabia-serious-consequences-after-major-escalation
20211119,1015150787,20211119,YEMENI,YEM,SAUDI,SAU,190,재래식 군사력 사용,19,4,-10.0,5,1,5,-4.63215258855585,"Riyadh, Ar Riya?, Saudi Arabia",SA,https://www.presstv.ir/Detail/2021/11/19/670934/Yemen-warns-Saudi-Arabia-serious-consequences-after-major-escalation
20211119,1015152142,20211119,ISRAEL,ISR,GAZA,PSE,194,포병·전차를 이용한 전투,19,4,-10.0,11,4,11,-4.14217181544003,"Gaza, Israel (general), Israel",IS,http://www.ruthfullyyours.com/2021/11/19/editorializing-for-hamas-how-an-editorial-in-uconns-student-newspaper-exposes-what-wrong-in-the-debate-about-israel-richard-l-cravatts/
20211119,1015159520,20211112,IRANIAN,IRN,SYRIA,SYR,190,재래식 군사력 사용,19,4,-10.0,3,1,3,-6.00558659217877,"Tehran, Tehran, Iran",IR,https://www.timesofisrael.com/iran-drone-attack-on-us-base-in-syria-was-response-to-israeli-strikes-nyt/
20211119,1015160164,20211119,IRANIAN,IRN,IRAQ,IRQ,190,재래식 군사력 사용,19,4,-10.0,7,1,7,-6.00558659217877,"Tehran, Tehran, Iran",IR,https://www.timesofisrael.com/iran-drone-attack-on-us-base-in-syria-was-response-to-israeli-strikes-nyt/
20211119,1015160165,20211119,IRAN,IRN,IRAQ,IRQ,190,재래식 군사력 사용,19,4,-10.0,1,1,1,-6.00558659217877,"Tehran, Tehran, Iran",IR,https://www.timesofisrael.com/iran-drone-attack-on-us-base-in-syria-was-response-to-israeli-strikes-nyt/
20211119,1015160166,20211119,IRAN,IRN,SYRIA,SYR,190,재래식 군사력 사용,19,4,-10.0,2,1,2,-6.00558659217877,"Baghdad, Baghdad, Iraq",IZ,https://www.timesofisrael.com/iran-drone-attack-on-us-base-in-syria-was-response-to-israeli-strikes-nyt/
20211119,1015160167,20211119,IRAN,IRN,SYRIA,SYR,190,재래식 군사력 사용,19,4,-10.0,6,1,6,-6.00558659217877,"Baghdad, Baghdad, Iraq",IZ,https://www.timesofisrael.com/iran-drone-attack-on-us-base-in-syria-was-response-to-israeli-strikes-nyt/
20211119,1015160168,20211119,IRAN,IRN,SYRIA,SYR,190,재래식 군사력 사용,19,4,-10.0,2,1,2,-6.00558659217877,"Tehran, Tehran, Iran",IR,https://www.timesofisrael.com/iran-drone-attack-on-us-base-in-syria-was-response-to-israeli-strikes-nyt/
20211119,1015170600,20211119,JERUSALEM,ISR,IRANIAN,IRN,154,군 병력 동원·증강,15,4,-7.2,8,1,8,-4.66531440162272,Lebanon,LE,https://www1.cbn.com/cbnnews/israel/2021/november/israel-developing-tactics-to-defeat-hezbollah-save-civilian-lives-in-next-war
20211119,1015174779,20211119,ISRAELI,ISR,PALESTINIAN,PSE,190,재래식 군사력 사용,19,4,-10.0,1,1,1,-7.46268656716418,"Hebron, Israel (general), Israel",IS,http://english.wafa.ps/Pages/Details/126866
20211119,1015174780,20211119,ISRAEL,ISR,WEST BANK,PSE,190,재래식 군사력 사용,19,4,-10.0,2,1,2,-7.46268656716418,"Hebron, Israel (general), Israel",IS,http://english.wafa.ps/Pages/Details/126866
20211119,1015174781,20211119,ISRAEL,ISR,HAMAS,PSE,190,재래식 군사력 사용,19,4,-10.0,51,5,48,-4.85923834703784,"Gaza, Israel (general), Israel",IS,https://english.alaraby.co.uk/news/uk-plans-ban-hamas-terror-group
20211119,1015175019,20211119,HAMAS,PSE,ISRAEL,ISR,190,재래식 군사력 사용,19,4,-10.0,75,7,68,-5.44948085017387,"Gaza, Israel (general), Israel",IS,https://english.alaraby.co.uk/news/uk-plans-ban-hamas-terror-group
20211119,1015176543,20211112,ISRAELI,ISR,SYRIA,SYR,195,공중무기 사용,19,4,-10.0,1,1,1,-3.16546762589928,"Damascus, Dimashq, Syria",SY,https://www.jpost.com/middle-east/israel-ups-airstrikes-in-syria-684591
20211119,1015176544,20211112,ISRAELI,ISR,SYRIA,SYR,195,공중무기 사용,19,4,-10.0,1,1,1,-3.16546762589928,"Jerusalem, Israel (general), Israel",IS,https://www.jpost.com/middle-east/israel-ups-airstrikes-in-syria-684591
20211119,1015177225,20211119,PALESTINIAN,PSE,JERUSALEM,ISR,190,재래식 군사력 사용,19,4,-10.0,4,1,4,-5.96707818930041,"Jerusalem, Israel (general), Israel",IS,https://www.timesofisrael.com/car-tires-slashed-in-suspected-settler-attack-sheikh-jarrah-palestinians-say/
20211119,1015183117,20211119,IRAN,IRN,ISRAEL,ISR,190,재래식 군사력 사용,19,4,-10.0,1,1,1,-5.6047197640118,"Tehran, Tehran, Iran",IR,https://www.haaretz.com/middle-east-news/iranian-attack-on-u-s-base-was-vengeance-for-israeli-attacks-in-syria-report-says-1.10400165
20211119,1015183118,20211119,IRANIAN,IRN,ISRAELI,ISR,190,재래식 군사력 사용,19,4,-10.0,2,1,2,-5.6047197640118,Syria,SY,https://www.haaretz.com/middle-east-news/iranian-attack-on-u-s-base-was-vengeance-for-israeli-attacks-in-syria-report-says-1.10400165
20211119,1015183127,20211119,ISRAEL,ISR,IRANIAN,IRN,190,재래식 군사력 사용,19,4,-10.0,7,2,7,-6.20041813443309,"Tehran, Tehran, Iran",IR,https://www.haaretz.com/middle-east-news/iranian-attack-on-u-s-base-was-vengeance-for-israeli-attacks-in-syria-report-says-1.10400165
20211119,1015183379,20211119,SYRIA,SYR,IRANIAN,IRN,190,재래식 군사력 사용,19,4,-10.0,3,1,3,-5.6047197640118,Israel,IS,https://www.haaretz.com/middle-east-news/iranian-attack-on-u-s-base-was-vengeance-for-israeli-attacks-in-syria-report-says-1.10400165
20211119,1015183380,20211119,SYRIA,SYR,IRANIAN,IRN,190,재래식 군사력 사용,19,4,-10.0,2,1,2,-5.6047197640118,Syria,SY,https://www.haaretz.com/middle-east-news/iranian-attack-on-u-s-base-was-vengeance-for-israeli-attacks-in-syria-report-says-1.10400165
20211119,1015187516,20211119,ISRAEL,ISR,OCCUPIED TERRITORIES,PSE,194,포병·전차를 이용한 전투,19,4,-10.0,3,1,3,-3.0,"Gaza, Israel (general), Israel",IS,"https://www.presstv.ir/Detail/2021/11/19/670944/Israeli-surveillance-companies,-use-of-their-spyware-tools-pose-a-global-threat--Experts"
20211119,1015187731,20211119,GAZA,PSE,TEL AVIV,ISR,194,포병·전차를 이용한 전투,19,4,-10.0,1,1,1,-3.0,"Gaza, Israel (general), Israel",IS,"https://www.presstv.ir/Detail/2021/11/19/670944/Israeli-surveillance-companies,-use-of-their-spyware-tools-pose-a-global-threat--Experts"
20211119,1015189674,20211119,IRAN,IRN,IRAQ,IRQ,154,군 병력 동원·증강,15,4,-7.2,2,1,2,-4.1994750656168,Iran,IR,https://www.jpost.com/middle-east/israels-air-power-and-syria-endless-cycle-or-increased-success-684497
20211119,1015189675,20211119,IRAN,IRN,IRAQ,IRQ,154,군 병력 동원·증강,15,4,-7.2,8,1,8,-4.1994750656168,Iran,IR,https://www.jpost.com/middle-east/israels-air-power-and-syria-endless-cycle-or-increased-success-684497
20211119,1015189699,20211119,ISRAEL,ISR,PALESTINE,PSE,190,재래식 군사력 사용,19,4,-10.0,3,1,3,-3.15436241610738,Israel,IS,https://www.bicom.org.uk/media_summary/us-charges-iranian-hackers-with-election-interference/
20211119,1015189897,20211119,HAMAS,PSE,ISRAEL,ISR,193,소형무기·경무기를 이용한 전투,19,4,-10.0,4,1,4,-2.39669421487603,"Sheikh Jarrah, Yerushalayim, Israel",IS,https://en.qantara.de/content/interview-with-mustafa-barghouti-palestinians-rediscover-their-sense-of-unity
20211119,1015189898,20211119,HAMAS,PSE,ISRAEL,ISR,193,소형무기·경무기를 이용한 전투,19,4,-10.0,1,1,1,-2.39669421487603,"Sheikh Jarrah, Yerushalayim, Israel",IS,https://en.qantara.de/content/interview-with-mustafa-barghouti-palestinians-rediscover-their-sense-of-unity
20211119,1015192994,20211119,HAMAS,PSE,ISRAEL,ISR,192,영토 점령,19,4,-9.5,36,9,36,-4.09556313993174,"Gaza, Israel (general), Israel",IS,https://www.bignewsnetwork.com/news/271762828/uk-outlaws-hamas-as-terrorist-organization
20211119,1015196914,20211119,ISRAELI,ISR,IRAN,IRN,190,재래식 군사력 사용,19,4,-10.0,6,1,6,-6.79611650485437,Israel,IS,https://eaworldview.com/2021/11/iran-attack-us-base-syria/
20211119,1015196915,20211119,ISRAEL,ISR,IRAN,IRN,190,재래식 군사력 사용,19,4,-10.0,2,1,2,-6.79611650485437,Israel,IS,https://eaworldview.com/2021/11/iran-attack-us-base-syria/
20211119,1015204834,20211119,ISRAELI,ISR,PALESTINIAN,PSE,193,소형무기·경무기를 이용한 전투,19,4,-10.0,2,1,2,-5.28967254408061,"Gaza, Israel (general), Israel",IS,https://tribune.com.pk/story/2330175/britain-outlaws-palestinian-militant-group-hamas
20211119,1015204835,20211119,ISRAEL,ISR,HAMAS,PSE,190,재래식 군사력 사용,19,4,-10.0,2,1,2,-5.28967254408061,West Bank,WE,https://tribune.com.pk/story/2330175/britain-outlaws-palestinian-militant-group-hamas
20211119,1015204836,20211119,ISRAEL,ISR,HAMAS,PSE,190,재래식 군사력 사용,19,4,-10.0,8,1,8,-5.28967254408061,"Gaza, Israel (general), Israel",IS,https://tribune.com.pk/story/2330175/britain-outlaws-palestinian-militant-group-hamas
20211119,1015205156,20211119,HAMAS,PSE,ISRAEL,ISR,190,재래식 군사력 사용,19,4,-10.0,2,1,2,-5.28967254408061,West Bank,WE,https://tribune.com.pk/story/2330175/britain-outlaws-palestinian-militant-group-hamas
20211119,1015205157,20211119,HAMAS,PSE,ISRAEL,ISR,190,재래식 군사력 사용,19,4,-10.0,8,1,8,-5.28967254408061,"Gaza, Israel (general), Israel",IS,https://tribune.com.pk/story/2330175/britain-outlaws-palestinian-militant-group-hamas
20211119,1015215292,20211119,JERUSALEM,ISR,WEST BANK,PSE,193,소형무기·경무기를 이용한 전투,19,4,-10.0,2,1,2,-6.33245382585752,"Jerusalem, Israel (general), Israel",IS,http://english.wafa.ps/Pages/Details/126871
20211119,1015218439,20211119,GAZA,PSE,ISRAEL,ISR,190,재래식 군사력 사용,19,4,-10.0,2,1,2,-3.58974358974359,"Adnan Menderes, Ankara, Turkey",TU,https://article.wn.com/view/2021/11/19/report_erdogan_tried_to_meet_with_bennett_before_couple_8217/
20211119,1015220517,20211119,IRAN,IRN,SYRIA,SYR,192,영토 점령,19,4,-9.5,20,2,20,-7.62971044300967,"Tehran, Tehran, Iran",IR,https://www.i24news.tv/en/news/israel/diplomacy-defense/1637343066-report-iran-attacked-syrian-military-base-housing-us-in-retaliation-against-israeli-strikes
20211119,1015220518,20211119,IRAN,IRN,SYRIAN,SYR,190,재래식 군사력 사용,19,4,-10.0,10,1,10,-8.14479638009049,"Jerusalem, Israel (general), Israel",IS,https://www.i24news.tv/en/news/israel/diplomacy-defense/1637343066-report-iran-attacked-syrian-military-base-housing-us-in-retaliation-against-israeli-strikes
20211119,1015220525,20211119,ISRAEL,ISR,IRANIAN,IRN,190,재래식 군사력 사용,19,4,-10.0,4,2,4,-7.62971044300967,"Jerusalem, Israel (general), Israel",IS,https://www.i24news.tv/en/news/israel/diplomacy-defense/1637343066-report-iran-attacked-syrian-military-base-housing-us-in-retaliation-against-israeli-strikes
20211119,1015220526,20211119,ISRAEL,ISR,IRANIAN,IRN,190,재래식 군사력 사용,19,4,-10.0,16,2,16,-7.62971044300967,"Tehran, Tehran, Iran",IR,https://www.i24news.tv/en/news/israel/diplomacy-defense/1637343066-report-iran-attacked-syrian-military-base-housing-us-in-retaliation-against-israeli-strikes
20211119,1015223233,20211119,SYRIA,SYR,TURKEY,TUR,192,영토 점령,19,4,-9.5,2,1,2,-4.65793304221252,Syria,SY,https://americanfreepress.net/mccains-back-door-scheme-to-scuttle-syrian-peace/
20211119,1015223234,20211119,SYRIA,SYR,TURKEY,TUR,192,영토 점령,19,4,-9.5,4,1,4,-4.65793304221252,Syria,SY,https://americanfreepress.net/mccains-back-door-scheme-to-scuttle-syrian-peace/
20211119,1015223263,20211119,TURKISH,TUR,SYRIA,SYR,190,재래식 군사력 사용,19,4,-10.0,2,1,2,-9.66542750929367,"Erbil, Mardin, Turkey",TU,https://www.kurdistan24.net/en/story/26297-Rocket-attack-in-Syria
20211119,1015223270,20211119,TURKEY,TUR,SYRIA,SYR,190,재래식 군사력 사용,19,4,-10.0,4,1,4,-9.66542750929367,"Erbil, Mardin, Turkey",TU,https://www.kurdistan24.net/en/story/26297-Rocket-attack-in-Syria
20211119,1015226136,20211119,ISRAEL,ISR,IRAN,IRN,190,재래식 군사력 사용,19,4,-10.0,8,1,8,-5.96421471172962,"Natanz, Esfahan, Iran",IR,https://www.nytimes.com/2021/06/23/world/middleeast/iran-atomic-agency-attack.html
20211119,1015226137,20211119,ISRAEL,ISR,IRAN,IRN,190,재래식 군사력 사용,19,4,-10.0,2,1,2,-5.96421471172962,"Natanz, Esfahan, Iran",IR,https://www.nytimes.com/2021/06/23/world/middleeast/iran-atomic-agency-attack.html
20211119,1015229163,20211119,SAUDI ARABIA,SAU,IRANIAN,IRN,194,포병·전차를 이용한 전투,19,4,-10.0,1,1,1,-4.76190476190477,"Sanaa, Sana', Yemen",YM,https://www.middleeasteye.net/news/yemen-war-us-senators-introduce-legislation-block-sale-weapons-saudi-arabia
20211119,1015230958,20211119,ISRAELI,ISR,GAZA,PSE,195,공중무기 사용,19,4,-10.0,1,1,1,-5.77281191806331,"Gaza, Israel (general), Israel",IS,https://www.dw.com/en/israels-mixed-cities-struggle-to-rebuild-trust/a-57632071
20211119,1015230959,20211119,ISRAELI,ISR,GAZA,PSE,195,공중무기 사용,19,4,-10.0,14,1,7,-5.77281191806331,"Gaza, Israel (general), Israel",IS,https://www.dw.com/en/israels-mixed-cities-struggle-to-rebuild-trust/a-57632071
20211119,1015230960,20211119,ISRAELI,ISR,GAZA,PSE,195,공중무기 사용,19,4,-10.0,1,1,1,-5.77281191806331,"Gaza, Israel (general), Israel",IS,https://www.dw.com/en/israels-mixed-cities-struggle-to-rebuild-trust/a-57632071
20211119,1015231248,20211119,PALESTINIAN,PSE,ISRAELI,ISR,190,재래식 군사력 사용,19,4,-10.0,3,1,3,-5.77281191806331,"Tel Aviv, Tel Aviv, Israel",IS,https://www.dw.com/en/israels-mixed-cities-struggle-to-rebuild-trust/a-57632071
20211119,1015231249,20211119,PALESTINIAN,PSE,JERUSALEM,ISR,190,재래식 군사력 사용,19,4,-10.0,4,1,4,-5.77281191806331,"Gaza, Israel (general), Israel",IS,https://www.dw.com/en/israels-mixed-cities-struggle-to-rebuild-trust/a-57632071
20211119,1015231250,20211119,PALESTINIAN,PSE,JERUSALEM,ISR,190,재래식 군사력 사용,19,4,-10.0,2,1,2,-5.77281191806331,Gaza Strip,GZ,https://www.dw.com/en/israels-mixed-cities-struggle-to-rebuild-trust/a-57632071
20211119,1015231251,20211119,PALESTINIAN,PSE,ISRAELI,ISR,193,소형무기·경무기를 이용한 전투,19,4,-10.0,3,1,3,-5.77281191806331,"Tel Aviv, Tel Aviv, Israel",IS,https://www.dw.com/en/israels-mixed-cities-struggle-to-rebuild-trust/a-57632071
20211119,1015231732,20211119,YEMENI,YEM,RIYADH,SAU,190,재래식 군사력 사용,19,4,-10.0,10,1,10,-1.8348623853211,"Marib, Ma'rib, Yemen",YM,https://www.arabnews.com/node/1971436/middle-east
20211119,1015236388,20211119,ISRAELI,ISR,IRAN,IRN,190,재래식 군사력 사용,19,4,-10.0,8,1,8,-0.49916805324459,"Jerusalem, Israel (general), Israel",IS,https://nationalinterest.org/blog/reboot/ranked-israel%E2%80%99s-five-deadliest-weapons-systems-196526
20211119,1015243627,20211119,SAUDI,SAU,YEMEN,YEM,195,공중무기 사용,19,4,-10.0,7,1,7,-2.0,"Jeddah, Makkah, Saudi Arabia",SA,https://www.kuna.net.kw/ArticleDetails.aspx?id=3010197&language=en
20211119,1015245370,20211119,HAMAS,PSE,ISRAEL,ISR,138,군사력 사용 위협,13,3,-7.0,1,1,1,-5.46318289786223,"Gaza, Israel (general), Israel",IS,https://www.timesofisrael.com/idf-chief-said-to-order-acceleration-of-plans-for-attack-on-gaza-rocket-stocks/
20211119,1015245371,20211119,HAMAS,PSE,ISRAEL,ISR,138,군사력 사용 위협,13,3,-7.0,4,1,4,-5.46318289786223,"Gaza, Israel (general), Israel",IS,https://www.timesofisrael.com/idf-chief-said-to-order-acceleration-of-plans-for-attack-on-gaza-rocket-stocks/
20211119,1015245372,20211119,HAMAS,PSE,ISRAEL,ISR,194,포병·전차를 이용한 전투,19,4,-10.0,5,1,5,-5.46318289786223,"Gaza, Israel (general), Israel",IS,https://www.timesofisrael.com/idf-chief-said-to-order-acceleration-of-plans-for-attack-on-gaza-rocket-stocks/
20211119,1015253293,20211119,PALESTINIAN,PSE,ISRAEL,ISR,163,금수·보이콧·제재 부과,16,4,-8.0,5,1,4,-4.16666666666667,"Jerusalem, Israel (general), Israel",IS,https://www.jns.org/palestinian-human-rights-activist-sues-ben-jerrys-for-stirring-hatred-with-boycott/
20211119,1015253294,20211119,PALESTINIAN,PSE,ISRAELI,ISR,163,금수·보이콧·제재 부과,16,4,-8.0,1,1,1,-4.16666666666667,"New York, United States",US,https://www.jns.org/palestinian-human-rights-activist-sues-ben-jerrys-for-stirring-hatred-with-boycott/
20211119,1015253299,20211119,PALESTINIAN,PSE,ISRAELI,ISR,163,금수·보이콧·제재 부과,16,4,-8.0,2,1,2,-4.16666666666667,"Jerusalem, Israel (general), Israel",IS,https://www.jns.org/palestinian-human-rights-activist-sues-ben-jerrys-for-stirring-hatred-with-boycott/
20211120,1015261695,20211120,PALESTINIAN,PSE,ISRAEL,ISR,163,금수·보이콧·제재 부과,16,4,-8.0,6,1,4,-4.81099656357389,"Jerusalem, Israel (general), Israel",IS,https://www.clevelandjewishnews.com/jns/palestinian-human-rights-activist-sues-ben-jerry-s-for-stirring-hatred-with-boycott/article_d2a84897-e9fd-5da4-9af8-8925e032ab58.html
20211120,1015261696,20211120,PALESTINIAN,PSE,ISRAELI,ISR,163,금수·보이콧·제재 부과,16,4,-8.0,2,1,2,-4.81099656357389,"New York, United States",US,https://www.clevelandjewishnews.com/jns/palestinian-human-rights-activist-sues-ben-jerry-s-for-stirring-hatred-with-boycott/article_d2a84897-e9fd-5da4-9af8-8925e032ab58.html
20211120,1015261697,20211120,PALESTINIAN,PSE,ISRAEL,ISR,163,금수·보이콧·제재 부과,16,4,-8.0,4,1,4,-4.81099656357389,"Gaza, Israel (general), Israel",IS,https://www.clevelandjewishnews.com/jns/palestinian-human-rights-activist-sues-ben-jerry-s-for-stirring-hatred-with-boycott/article_d2a84897-e9fd-5da4-9af8-8925e032ab58.html
20211120,1015261703,20211120,PALESTINIAN,PSE,ISRAELI,ISR,163,금수·보이콧·제재 부과,16,4,-8.0,2,1,2,-4.81099656357389,"Jerusalem, Israel (general), Israel",IS,https://www.clevelandjewishnews.com/jns/palestinian-human-rights-activist-sues-ben-jerry-s-for-stirring-hatred-with-boycott/article_d2a84897-e9fd-5da4-9af8-8925e032ab58.html
20211120,1015268715,20211120,ISRAEL,ISR,PALESTINIAN,PSE,190,재래식 군사력 사용,19,4,-10.0,69,16,69,-5.46353099181431,"Gaza, Israel (general), Israel",IS,https://www.voanews.com/a/britain-outlaws-palestinian-militant-group-hamas-minister-says/6320903.html
20211120,1015268719,20211120,ISRAEL,ISR,PALESTINIAN,PSE,190,재래식 군사력 사용,19,4,-10.0,44,16,44,-5.62559004084891,"Gaza, Israel (general), Israel",IS,https://www.voanews.com/a/britain-outlaws-palestinian-militant-group-hamas-minister-says/6320903.html
20211120,1015268725,20211120,ISRAEL,ISR,HAMAS,PSE,190,재래식 군사력 사용,19,4,-10.0,52,13,52,-5.87069003590481,"Gaza, Israel (general), Israel",IS,https://www.voanews.com/a/britain-outlaws-palestinian-militant-group-hamas-minister-says/6320903.html
20211120,1015268983,20211120,PALESTINIAN,PSE,ISRAEL,ISR,190,재래식 군사력 사용,19,4,-10.0,55,14,55,-5.75401847159684,"Gaza, Israel (general), Israel",IS,https://www.voanews.com/a/britain-outlaws-palestinian-militant-group-hamas-minister-says/6320903.html
20211120,1015268987,20211120,PALESTINIAN,PSE,ISRAEL,ISR,190,재래식 군사력 사용,19,4,-10.0,46,17,46,-5.60178377574818,"Gaza, Israel (general), Israel",IS,https://www.voanews.com/a/britain-outlaws-palestinian-militant-group-hamas-minister-says/6320903.html
20211120,1015268988,20211120,HAMAS,PSE,ISRAEL,ISR,190,재래식 군사력 사용,19,4,-10.0,52,13,52,-5.87069003590481,"Gaza, Israel (general), Israel",IS,https://www.voanews.com/a/britain-outlaws-palestinian-militant-group-hamas-minister-says/6320903.html
20211120,1015270735,20211120,ISRAEL,ISR,LEBANON,LBN,154,군 병력 동원·증강,15,4,-7.2,6,1,6,-2.40793201133145,Iran,IR,https://nationalinterest.org/blog/buzz/us-ambassador-un-sees-israeli-security-challenges-first-hand-196838
20211120,1015270736,20211120,ISRAEL,ISR,LEBANON,LBN,154,군 병력 동원·증강,15,4,-7.2,2,1,2,-2.40793201133145,"Gaza, Israel (general), Israel",IS,https://nationalinterest.org/blog/buzz/us-ambassador-un-sees-israeli-security-challenges-first-hand-196838
20211120,1015270737,20211120,ISRAEL,ISR,LEBANON,LBN,154,군 병력 동원·증강,15,4,-7.2,2,1,2,-2.40793201133145,Iran,IR,https://nationalinterest.org/blog/buzz/us-ambassador-un-sees-israeli-security-challenges-first-hand-196838
20211120,1015270739,20211120,ISRAEL,ISR,HAMAS,PSE,190,재래식 군사력 사용,19,4,-10.0,2,1,2,-2.40793201133145,"Gaza, Israel (general), Israel",IS,https://nationalinterest.org/blog/buzz/us-ambassador-un-sees-israeli-security-challenges-first-hand-196838
20211120,1015270740,20211120,ISRAEL,ISR,HAMAS,PSE,190,재래식 군사력 사용,19,4,-10.0,2,1,2,-2.40793201133145,Syria,SY,https://nationalinterest.org/blog/buzz/us-ambassador-un-sees-israeli-security-challenges-first-hand-196838
20211120,1015270741,20211120,ISRAEL,ISR,SYRIA,SYR,154,군 병력 동원·증강,15,4,-7.2,2,1,2,-2.40793201133145,"Gaza, Israel (general), Israel",IS,https://nationalinterest.org/blog/buzz/us-ambassador-un-sees-israeli-security-challenges-first-hand-196838
20211120,1015270742,20211120,ISRAEL,ISR,SYRIA,SYR,154,군 병력 동원·증강,15,4,-7.2,8,1,8,-2.40793201133145,Iran,IR,https://nationalinterest.org/blog/buzz/us-ambassador-un-sees-israeli-security-challenges-first-hand-196838
20211120,1015270996,20211120,HAMAS,PSE,ISRAEL,ISR,190,재래식 군사력 사용,19,4,-10.0,2,1,2,-2.40793201133145,"Gaza, Israel (general), Israel",IS,https://nationalinterest.org/blog/buzz/us-ambassador-un-sees-israeli-security-challenges-first-hand-196838
20211120,1015270997,20211120,HAMAS,PSE,ISRAEL,ISR,190,재래식 군사력 사용,19,4,-10.0,2,1,2,-2.40793201133145,Syria,SY,https://nationalinterest.org/blog/buzz/us-ambassador-un-sees-israeli-security-challenges-first-hand-196838
20211120,1015275488,20211120,SAUDI,SAU,YEMEN,YEM,195,공중무기 사용,19,4,-10.0,16,1,8,-5.18292682926829,Yemen,YM,https://news.antiwar.com/2021/11/19/senators-make-bipartisan-push-to-block-650-missile-sale-to-saudis/
20211120,1015284335,20211120,HASSAN,JOR,IRANIAN,IRN,190,재래식 군사력 사용,19,4,-10.0,5,1,5,-10.5187319884727,"Tehran, Tehran, Iran",IR,https://eaworldview.com/2021/11/a-tribunal-on-irans-protests-and-killings-in-2019/
20211120,1015284336,20211120,HASSAN,JOR,IRANIAN,IRN,193,소형무기·경무기를 이용한 전투,19,4,-10.0,5,1,5,-10.5187319884727,"Tehran, Tehran, Iran",IR,https://eaworldview.com/2021/11/a-tribunal-on-irans-protests-and-killings-in-2019/
20211120,1015287841,20211120,SAUDI ARABIA,SAU,IRANIAN,IRN,194,포병·전차를 이용한 전투,19,4,-10.0,16,2,16,-2.90815322784632,"Riyadh, Ar Riya?, Saudi Arabia",SA,https://www.dawn.com/news/1659130/us-senators-move-to-block-650m-arms-sale-to-s-arabia
20211120,1015287842,20211120,SAUDI ARABIA,SAU,IRANIAN,IRN,194,포병·전차를 이용한 전투,19,4,-10.0,4,2,4,-2.90815322784632,"Riyadh, Ar Riya?, Saudi Arabia",SA,https://www.dawn.com/news/1659130/us-senators-move-to-block-650m-arms-sale-to-s-arabia
20211120,1015303249,20211120,ISRAELI,ISR,PALESTINIAN,PSE,138,군사력 사용 위협,13,3,-7.0,4,1,4,-5.22088353413654,"Gaza, Israel (general), Israel",IS,https://www.i24news.tv/en/news/israel/diplomacy-defense/1637392426-israel-army-said-to-accelerate-attack-plan-on-gaza-rocket-stocks
20211120,1015303250,20211120,ISRAELI,ISR,HAMAS,PSE,138,군사력 사용 위협,13,3,-7.0,4,1,4,-5.22088353413654,"Gaza, Israel (general), Israel",IS,https://www.i24news.tv/en/news/israel/diplomacy-defense/1637392426-israel-army-said-to-accelerate-attack-plan-on-gaza-rocket-stocks
20211120,1015303257,20211120,ISRAELI,ISR,PALESTINIAN,PSE,138,군사력 사용 위협,13,3,-7.0,2,1,2,-5.22088353413654,"Gaza, Israel (general), Israel",IS,https://www.i24news.tv/en/news/israel/diplomacy-defense/1637392426-israel-army-said-to-accelerate-attack-plan-on-gaza-rocket-stocks
20211120,1015303258,20211120,ISRAELI,ISR,HAMAS,PSE,138,군사력 사용 위협,13,3,-7.0,6,1,6,-5.22088353413654,"Gaza, Israel (general), Israel",IS,https://www.i24news.tv/en/news/israel/diplomacy-defense/1637392426-israel-army-said-to-accelerate-attack-plan-on-gaza-rocket-stocks
20211120,1015303414,20211120,PALESTINIAN,PSE,ISRAEL,ISR,190,재래식 군사력 사용,19,4,-10.0,3,1,3,-0.88315217391304,"Dead Sea, Israel (general), Israel",IS,https://www.timesofisrael.com/see-the-source-of-the-dead-sea-scrolls-in-qumran-national-park/
20211120,1015305370,20211120,ISRAELI,ISR,PALESTINIAN,PSE,190,재래식 군사력 사용,19,4,-10.0,3,1,3,-6.72451193058568,"Hebron, Israel (general), Israel",IS,http://english.wafa.ps/Pages/Details/126877
20211120,1015305371,20211120,ISRAELI,ISR,PALESTINIAN,PSE,193,소형무기·경무기를 이용한 전투,19,4,-10.0,3,1,3,-6.72451193058568,"Hebron, Israel (general), Israel",IS,http://english.wafa.ps/Pages/Details/126877
20211120,1015305372,20211120,ISRAELI,ISR,WEST BANK,PSE,193,소형무기·경무기를 이용한 전투,19,4,-10.0,1,1,1,-6.72451193058568,"Hebron, Israel (general), Israel",IS,http://english.wafa.ps/Pages/Details/126877
20211120,1015305373,20211120,ISRAELI,ISR,WEST BANK,PSE,193,소형무기·경무기를 이용한 전투,19,4,-10.0,1,1,1,-6.72451193058568,"Hebron, Israel (general), Israel",IS,http://english.wafa.ps/Pages/Details/126877
20211120,1015305374,20211120,ISRAEL,ISR,WEST BANK,PSE,193,소형무기·경무기를 이용한 전투,19,4,-10.0,1,1,1,-6.72451193058568,"Hebron, Israel (general), Israel",IS,http://english.wafa.ps/Pages/Details/126877
20211120,1015305375,20211120,ISRAEL,ISR,WEST BANK,PSE,193,소형무기·경무기를 이용한 전투,19,4,-10.0,1,1,1,-6.72451193058568,"Hebron, Israel (general), Israel",IS,http://english.wafa.ps/Pages/Details/126877
20211120,1015305495,20211120,WEST BANK,PSE,ISRAEL,ISR,190,재래식 군사력 사용,19,4,-10.0,6,2,5,-6.07533963725806,"Beit Jala, West Bank (general), West Bank",WE,https://www.aljazeera.com/news/2021/11/20/israel-returns-wrong-body-to-family-of-slain-palestinian-teenager
20211120,1015305496,20211120,WEST BANK,PSE,ISRAEL,ISR,190,재래식 군사력 사용,19,4,-10.0,4,2,4,-6.07533963725806,"Jerusalem, Israel (general), Israel",IS,https://www.aljazeera.com/news/2021/11/20/israel-returns-wrong-body-to-family-of-slain-palestinian-teenager
20211120,1015315071,20211120,WEST BANK,PSE,ISRAEL,ISR,190,재래식 군사력 사용,19,4,-10.0,2,1,2,-5.95446584938704,"Jerusalem, Israel (general), Israel",IS,https://www.wiredprnews.com/israel-returns-dead-body-to-palestinian-teenagers-family-israel-palestine-conflict-news/
20211120,1015315091,20211120,SAUDI ARABIA,SAU,YEMEN,YEM,194,포병·전차를 이용한 전투,19,4,-10.0,8,1,8,-1.08695652173913,"Riyadh, Ar Riya?, Saudi Arabia",SA,https://www.iranintl.com/en/20211120564301
20211120,1015317377,20211120,BAHRAIN,BHR,LEBANON,LBN,163,금수·보이콧·제재 부과,16,4,-8.0,1,1,1,-3.15682281059063,"Ankara, Ankara, Turkey",TU,https://blogs.timesofisrael.com/a-new-world-the-middle-east-tries-cooperation-alongside-competition/
20211120,1015317378,20211120,BAHRAIN,BHR,LEBANON,LBN,163,금수·보이콧·제재 부과,16,4,-8.0,4,1,4,-3.15682281059063,"Jerusalem, Israel (general), Israel",IS,https://blogs.timesofisrael.com/a-new-world-the-middle-east-tries-cooperation-alongside-competition/
20211120,1015317779,20211120,SAUDI ARABIA,SAU,LEBANON,LBN,163,금수·보이콧·제재 부과,16,4,-8.0,1,1,1,-3.15682281059063,"Ankara, Ankara, Turkey",TU,https://blogs.timesofisrael.com/a-new-world-the-middle-east-tries-cooperation-alongside-competition/
20211120,1015317780,20211120,SAUDI ARABIA,SAU,LEBANON,LBN,163,금수·보이콧·제재 부과,16,4,-8.0,4,1,4,-3.15682281059063,"Jerusalem, Israel (general), Israel",IS,https://blogs.timesofisrael.com/a-new-world-the-middle-east-tries-cooperation-alongside-competition/
20211120,1015317781,20211120,SAUDI ARABIA,SAU,TURKEY,TUR,190,재래식 군사력 사용,19,4,-10.0,2,1,2,-3.15682281059063,"Beirut, Beyrouth, Lebanon",LE,https://blogs.timesofisrael.com/a-new-world-the-middle-east-tries-cooperation-alongside-competition/
20211120,1015317782,20211120,SAUDI ARABIA,SAU,TURKEY,TUR,190,재래식 군사력 사용,19,4,-10.0,2,1,2,-3.15682281059063,"Istanbul, Istanbul, Turkey",TU,https://blogs.timesofisrael.com/a-new-world-the-middle-east-tries-cooperation-alongside-competition/
20211120,1015317783,20211120,SAUDI ARABIA,SAU,TURKEY,TUR,190,재래식 군사력 사용,19,4,-10.0,6,1,6,-3.15682281059063,Saudi Arabia,SA,https://blogs.timesofisrael.com/a-new-world-the-middle-east-tries-cooperation-alongside-competition/
20211120,1015317801,20211120,TURKEY,TUR,SAUDI ARABIA,SAU,190,재래식 군사력 사용,19,4,-10.0,2,1,2,-3.15682281059063,"Istanbul, Istanbul, Turkey",TU,https://blogs.timesofisrael.com/a-new-world-the-middle-east-tries-cooperation-alongside-competition/
20211120,1015317802,20211120,TURKEY,TUR,SAUDI ARABIA,SAU,190,재래식 군사력 사용,19,4,-10.0,6,1,6,-3.15682281059063,Saudi Arabia,SA,https://blogs.timesofisrael.com/a-new-world-the-middle-east-tries-cooperation-alongside-competition/
20211120,1015317803,20211120,TURKEY,TUR,SAUDI ARABIA,SAU,190,재래식 군사력 사용,19,4,-10.0,2,1,2,-3.15682281059063,"Beirut, Beyrouth, Lebanon",LE,https://blogs.timesofisrael.com/a-new-world-the-middle-east-tries-cooperation-alongside-competition/
20211120,1015320011,20211120,SYRIA,SYR,IRANIAN,IRN,190,재래식 군사력 사용,19,4,-10.0,10,1,10,-9.14285714285714,Jordan,JO,https://english.aawsat.com/home/article/3314651/us-says-iran-attacked-al-tanf-retaliation-israels-raids
20211120,1015332382,20211120,SYRIA,SYR,TURKISH,TUR,193,소형무기·경무기를 이용한 전투,19,4,-10.0,1,1,1,-8.25471698113204,"Ankara, Ankara, Turkey",TU,https://www.kurdistan24.net/en/story/26303-Senior-UN-official-condemns-missile-attack-in-north-Syrian-city-of-Afrin
20211120,1015332383,20211120,SYRIA,SYR,TURKISH,TUR,193,소형무기·경무기를 이용한 전투,19,4,-10.0,1,1,1,-8.25471698113204,"Afrin, ?alab, Syria",SY,https://www.kurdistan24.net/en/story/26303-Senior-UN-official-condemns-missile-attack-in-north-Syrian-city-of-Afrin
20211120,1015335093,20211120,IRAQ,IRQ,IRAN,IRN,190,재래식 군사력 사용,19,4,-10.0,1,1,1,0.498753117206991,"Tehran, Tehran, Iran",IR,https://www.presstv.ir/Detail/2021/11/20/671004/Ardeshir-Zahedi-Iranian-fromer-diplomat-dies-
20211120,1015335094,20211120,IRAQ,IRQ,IRAN,IRN,190,재래식 군사력 사용,19,4,-10.0,1,1,1,0.498753117206991,"Tehran, Tehran, Iran",IR,https://www.presstv.ir/Detail/2021/11/20/671004/Ardeshir-Zahedi-Iranian-fromer-diplomat-dies-
20211120,1015335107,20211120,ISRAELI,ISR,PALESTINIAN,PSE,190,재래식 군사력 사용,19,4,-10.0,1,1,1,-3.90295358649789,Thailand,TH,https://www.dawn.com/news/1624786/israel-hamas-agree-to-ceasefire-to-end-11-days-of-violence
20211120,1015335108,20211120,ISRAELI,ISR,GAZA,PSE,194,포병·전차를 이용한 전투,19,4,-10.0,2,2,2,-3.43011863333657,"Gaza, Israel (general), Israel",IS,https://www.dawn.com/news/1624786/israel-hamas-agree-to-ceasefire-to-end-11-days-of-violence
20211120,1015335109,20211120,ISRAELI,ISR,GAZA,PSE,194,포병·전차를 이용한 전투,19,4,-10.0,1,1,1,-3.90295358649789,"Gaza, Israel (general), Israel",IS,https://www.dawn.com/news/1624786/israel-hamas-agree-to-ceasefire-to-end-11-days-of-violence
20211120,1015335267,20211120,HAMAS,PSE,ISRAELI,ISR,139,최후통첩,13,3,-7.0,5,1,5,-3.90295358649789,"Gaza, Israel (general), Israel",IS,https://www.dawn.com/news/1624786/israel-hamas-agree-to-ceasefire-to-end-11-days-of-violence
20211120,1015335269,20211120,HAMAS,PSE,ISRAEL,ISR,192,영토 점령,19,4,-9.5,2,1,2,-9.75609756097558,Egypt,EG,https://www.dawn.com/news/1644570/hamas-operatives-launch-incendiary-balloons-into-israel
20211120,1015335307,20211120,SAUDI ARABIA,SAU,YEMEN,YEM,196,휴전 위반,19,4,-9.5,2,1,2,-5.19187358916479,"Hudaydah, Al ?udaydah, Yemen",YM,"https://www.presstv.ir/Detail/2021/11/20/671003/Yemeni-army,-allies-launch-massive-retaliatory-drone-attack-on-Saudi-Arabia"
20211120,1015335480,20211120,YEMEN,YEM,SAUDI ARABIAN,SAU,190,재래식 군사력 사용,19,4,-10.0,10,1,10,-5.08474576271187,"Sanaa, Sana', Yemen",YM,https://sputniknews.com/20211120/yemens-houthis-claim-to-have-attacked-saudi-arabias-king-khalid-air-base--1090884294.html
20211120,1015335747,20211120,ISRAELI,ISR,PALESTINIAN,PSE,195,공중무기 사용,19,4,-10.0,2,1,2,-4.39252336448598,"Gaza, Israel (general), Israel",IS,https://www.middleeastmonitor.com/20211120-martyrs-a-source-of-inspiration-and-hope/
20211120,1015335959,20211120,GAZA,PSE,ISRAEL,ISR,195,공중무기 사용,19,4,-10.0,2,1,2,-4.39252336448598,"Gaza, Israel (general), Israel",IS,https://www.middleeastmonitor.com/20211120-martyrs-a-source-of-inspiration-and-hope/
20211120,1015337086,20211120,IRAN,IRN,ISRAELI,ISR,190,재래식 군사력 사용,19,4,-10.0,15,15,15,-3.41880341880342,"Tehran, Tehran, Iran",IR,https://www.bignewsnetwork.com/news/271768919/pentagon-chief-promises-arab-allies-it-will-counter-iran
20211120,1015337087,20211120,IRAN,IRN,ISRAELI,ISR,190,재래식 군사력 사용,19,4,-10.0,15,15,15,-3.41880341880342,"Tehran, Tehran, Iran",IR,https://www.bignewsnetwork.com/news/271768919/pentagon-chief-promises-arab-allies-it-will-counter-iran
20211120,1015337098,20211120,ISRAELI,ISR,IRANIAN,IRN,190,재래식 군사력 사용,19,4,-10.0,15,15,15,-3.41880341880342,Israel,IS,https://www.bignewsnetwork.com/news/271768919/pentagon-chief-promises-arab-allies-it-will-counter-iran
20211120,1015337099,20211120,ISRAELI,ISR,IRANIAN,IRN,190,재래식 군사력 사용,19,4,-10.0,15,15,15,-3.41880341880342,"Tehran, Tehran, Iran",IR,https://www.bignewsnetwork.com/news/271768919/pentagon-chief-promises-arab-allies-it-will-counter-iran
20211120,1015337450,20211120,YEMEN,YEM,SAUDI,SAU,190,재래식 군사력 사용,19,4,-10.0,10,1,10,-3.65853658536585,"Riyadh, Ar Riya?, Saudi Arabia",SA,https://www.jpost.com/breaking-news/yemens-houthis-say-they-attacked-saudi-cities-aramco-facilities-685534
20211120,1015338132,20211120,CAIRO,EGY,SAUDI,SAU,190,재래식 군사력 사용,19,4,-10.0,10,1,10,-1.0,"Riyadh, Ar Riya?, Saudi Arabia",SA,https://www.reuters.com/world/middle-east/yemens-houthis-say-they-attacked-saudi-cities-aramco-facilities-2021-11-20/
20211120,1015345597,20211120,ISRAEL,ISR,WEST BANK,PSE,190,재래식 군사력 사용,19,4,-10.0,4,1,4,-7.10594315245478,"Hebron, Israel (general), Israel",IS,https://www.jpost.com/middle-east/palestinian-authority-officers-clash-with-jenin-gunmen-685538
20211120,1015345600,20211120,ISRAEL,ISR,PALESTINIAN,PSE,190,재래식 군사력 사용,19,4,-10.0,4,1,2,-7.10594315245478,"Hebron, Israel (general), Israel",IS,https://www.jpost.com/middle-east/palestinian-authority-officers-clash-with-jenin-gunmen-685538
20211120,1015345721,20211120,PALESTINIAN,PSE,ISRAEL,ISR,190,재래식 군사력 사용,19,4,-10.0,4,1,2,-7.10594315245478,"Hebron, Israel (general), Israel",IS,https://www.jpost.com/middle-east/palestinian-authority-officers-clash-with-jenin-gunmen-685538
20211120,1015345730,20211120,WEST BANK,PSE,ISRAEL,ISR,190,재래식 군사력 사용,19,4,-10.0,2,1,2,-7.10594315245478,"Hebron, Israel (general), Israel",IS,https://www.jpost.com/middle-east/palestinian-authority-officers-clash-with-jenin-gunmen-685538
20211120,1015345731,20211120,WEST BANK,PSE,ISRAEL,ISR,190,재래식 군사력 사용,19,4,-10.0,2,1,2,-7.10594315245478,"Jenin, West Bank (general), West Bank",WE,https://www.jpost.com/middle-east/palestinian-authority-officers-clash-with-jenin-gunmen-685538
20211120,1015345758,20211120,SAUDI,SAU,YEMEN,YEM,195,공중무기 사용,19,4,-10.0,16,2,16,0.64102564102564,Saudi Arabia,SA,https://kelo.com/2021/11/20/saudi-led-coalition-says-it-attacked-13-houthi-targets-in-yemen/
20211120,1015345759,20211120,SAUDI ARABIA,SAU,YEMEN,YEM,195,공중무기 사용,19,4,-10.0,8,3,8,-0.147362216327733,Saudi Arabia,SA,https://kelo.com/2021/11/20/saudi-led-coalition-says-it-attacked-13-houthi-targets-in-yemen/
20211120,1015347427,20211120,IRAQ,IRQ,ISRAELI,ISR,138,군사력 사용 위협,13,3,-7.0,4,1,4,-5.79150579150579,"Gaza, Israel (general), Israel",IS,https://www.jpost.com/middle-east/iran-claims-israel-afraid-of-conflict-with-its-axis-of-resistance-685550
20211120,1015347428,20211120,IRAQ,IRQ,ISRAEL,ISR,138,군사력 사용 위협,13,3,-7.0,3,1,3,-5.79150579150579,"Gaza, Israel (general), Israel",IS,https://www.jpost.com/middle-east/iran-claims-israel-afraid-of-conflict-with-its-axis-of-resistance-685550
20211120,1015347432,20211120,ISRAEL,ISR,YEMEN,YEM,138,군사력 사용 위협,13,3,-7.0,1,1,1,-5.79150579150579,"Gaza, Israel (general), Israel",IS,https://www.jpost.com/middle-east/iran-claims-israel-afraid-of-conflict-with-its-axis-of-resistance-685550
20211120,1015347433,20211120,ISRAELI,ISR,YEMEN,YEM,138,군사력 사용 위협,13,3,-7.0,2,1,2,-5.79150579150579,"Gaza, Israel (general), Israel",IS,https://www.jpost.com/middle-east/iran-claims-israel-afraid-of-conflict-with-its-axis-of-resistance-685550
20211120,1015347480,20211120,LEBANON,LBN,ISRAELI,ISR,138,군사력 사용 위협,13,3,-7.0,7,1,7,-5.79150579150579,"Gaza, Israel (general), Israel",IS,https://www.jpost.com/middle-east/iran-claims-israel-afraid-of-conflict-with-its-axis-of-resistance-685550
20211120,1015347944,20211120,YEMEN,YEM,ISRAEL,ISR,138,군사력 사용 위협,13,3,-7.0,1,1,1,-5.79150579150579,"Gaza, Israel (general), Israel",IS,https://www.jpost.com/middle-east/iran-claims-israel-afraid-of-conflict-with-its-axis-of-resistance-685550
20211120,1015347945,20211120,YEMEN,YEM,ISRAEL,ISR,138,군사력 사용 위협,13,3,-7.0,2,1,2,-5.79150579150579,"Gaza, Israel (general), Israel",IS,https://www.jpost.com/middle-east/iran-claims-israel-afraid-of-conflict-with-its-axis-of-resistance-685550
20211120,1015347946,20211120,YEMEN,YEM,ISRAELI,ISR,138,군사력 사용 위협,13,3,-7.0,4,1,4,-5.79150579150579,"Gaza, Israel (general), Israel",IS,https://www.jpost.com/middle-east/iran-claims-israel-afraid-of-conflict-with-its-axis-of-resistance-685550
20211120,1015348288,20211120,IRANIAN,IRN,ISRAELI,ISR,154,군 병력 동원·증강,15,4,-7.2,1,1,1,-3.98724082934609,"Tehran, Tehran, Iran",IR,https://www.jpost.com/middle-east/israels-syria-policy-could-be-coming-to-new-crossroads-685552
20211120,1015348289,20211120,IRAN,IRN,ISRAEL,ISR,154,군 병력 동원·증강,15,4,-7.2,2,1,2,-3.98724082934609,"Tehran, Tehran, Iran",IR,https://www.jpost.com/middle-east/israels-syria-policy-could-be-coming-to-new-crossroads-685552
20211120,1015348290,20211120,IRANIAN,IRN,ISRAELI,ISR,154,군 병력 동원·증강,15,4,-7.2,5,1,5,-3.98724082934609,Israel,IS,https://www.jpost.com/middle-east/israels-syria-policy-could-be-coming-to-new-crossroads-685552
20211120,1015348311,20211120,ISRAEL,ISR,IRANIAN,IRN,190,재래식 군사력 사용,19,4,-10.0,2,1,2,-3.98724082934609,Israel,IS,https://www.jpost.com/middle-east/israels-syria-policy-could-be-coming-to-new-crossroads-685552
20211120,1015348492,20211120,SYRIAN,SYR,IRAN,IRN,190,재래식 군사력 사용,19,4,-10.0,1,1,1,-3.98724082934609,"Alhadath, ?alab, Syria",SY,https://www.jpost.com/middle-east/israels-syria-policy-could-be-coming-to-new-crossroads-685552
20211120,1015348493,20211120,SYRIAN,SYR,IRAN,IRN,190,재래식 군사력 사용,19,4,-10.0,1,1,1,-3.98724082934609,"Tehran, Tehran, Iran",IR,https://www.jpost.com/middle-east/israels-syria-policy-could-be-coming-to-new-crossroads-685552
20211120,1015348500,20211120,SYRIAN,SYR,IRANIAN,IRN,190,재래식 군사력 사용,19,4,-10.0,6,1,6,-3.98724082934609,"Alhadath, ?alab, Syria",SY,https://www.jpost.com/middle-east/israels-syria-policy-could-be-coming-to-new-crossroads-685552
20211120,1015348655,20211120,YEMEN,YEM,JEDDAH,SAU,138,군사력 사용 위협,13,3,-7.0,1,1,1,-4.60358056265985,"Marib, Ma'rib, Yemen",YM,https://www.middleeasteye.net/news/yemen-saudi-arabia-houthis-attack-aramco-cities
20211120,1015348656,20211120,YEMEN,YEM,SAUDI ARABIA,SAU,195,공중무기 사용,19,4,-10.0,1,1,1,-4.60358056265985,"Jeddah, Makkah, Saudi Arabia",SA,https://www.middleeasteye.net/news/yemen-saudi-arabia-houthis-attack-aramco-cities
20211120,1015349613,20211120,SAUDI,SAU,YEMEN,YEM,195,공중무기 사용,19,4,-10.0,4,1,4,-1.72413793103448,Saudi Arabia,SA,https://www.jpost.com/breaking-news/saudi-coalition-says-it-attacked-13-houthi-targets-in-yemen-685540
20211120,1015354104,20211120,YEMEN,YEM,SAUDI ARABIAN,SAU,190,재래식 군사력 사용,19,4,-10.0,8,1,8,-5.62130177514793,"Marib, Ma'rib, Yemen",YM,https://www.dawn.com/news/1659210/yemens-houthis-claim-they-attacked-saudi-cities-aramco-facilities
20211120,1015354105,20211120,YEMEN,YEM,SAUDI ARABIAN,SAU,190,재래식 군사력 사용,19,4,-10.0,2,1,2,-5.62130177514793,"Marib, Ma'rib, Yemen",YM,https://www.dawn.com/news/1659210/yemens-houthis-claim-they-attacked-saudi-cities-aramco-facilities
20211120,1015354862,20211120,ISRAELI,ISR,WEST BANK,PSE,193,소형무기·경무기를 이용한 전투,19,4,-10.0,1,1,1,-4.73372781065089,"Qabatiyah, West Bank (general), West Bank",WE,https://www.haaretz.com/israel-news/.premium-israel-to-transfer-teen-s-body-to-pa-after-handing-over-wrong-corpse-1.10402194
20211120,1015354863,20211120,ISRAELI,ISR,WEST BANK,PSE,193,소형무기·경무기를 이용한 전투,19,4,-10.0,1,1,1,-4.73372781065089,"Jerusalem, Israel (general), Israel",IS,https://www.haaretz.com/israel-news/.premium-israel-to-transfer-teen-s-body-to-pa-after-handing-over-wrong-corpse-1.10402194
20211120,1015354864,20211120,ISRAEL,ISR,OCCUPIED TERRITORIES,PSE,194,포병·전차를 이용한 전투,19,4,-10.0,3,1,3,-2.95728368017525,"Gaza, Israel (general), Israel",IS,https://www.veteranstoday.com/2021/11/20/experts-warn-israeli-spyware-is-a-global-threat/
20211120,1015354988,20211120,PALESTINIAN,PSE,ISRAELI,ISR,193,소형무기·경무기를 이용한 전투,19,4,-10.0,2,1,2,-4.73372781065089,"Jerusalem, Israel (general), Israel",IS,https://www.haaretz.com/israel-news/.premium-israel-to-transfer-teen-s-body-to-pa-after-handing-over-wrong-corpse-1.10402194
20211120,1015354989,20211120,GAZA,PSE,TEL AVIV,ISR,194,포병·전차를 이용한 전투,19,4,-10.0,1,1,1,-2.95728368017525,"Gaza, Israel (general), Israel",IS,https://www.veteranstoday.com/2021/11/20/experts-warn-israeli-spyware-is-a-global-threat/
20211120,1015354991,20211120,PALESTINIAN,PSE,ISRAELI,ISR,193,소형무기·경무기를 이용한 전투,19,4,-10.0,2,1,2,-4.73372781065089,"Jerusalem, Israel (general), Israel",IS,https://www.haaretz.com/israel-news/.premium-israel-to-transfer-teen-s-body-to-pa-after-handing-over-wrong-corpse-1.10402194
20211120,1015355993,20211120,PALESTINIAN,PSE,ISRAEL,ISR,192,영토 점령,19,4,-9.5,3,1,3,-2.73522975929978,"Tel Aviv, Tel Aviv, Israel",IS,https://www.shockya.com/news/2021/11/20/200-meters-movie-review/
20211120,1015355994,20211120,PALESTINIAN,PSE,ISRAEL,ISR,192,영토 점령,19,4,-9.5,3,1,3,-2.73522975929978,"Tulkarem, West Bank (general), West Bank",WE,https://www.shockya.com/news/2021/11/20/200-meters-movie-review/
20211120,1015355995,20211120,PALESTINIAN,PSE,ISRAEL,ISR,192,영토 점령,19,4,-9.5,2,1,2,-2.73522975929978,"Tulkarem, West Bank (general), West Bank",WE,https://www.shockya.com/news/2021/11/20/200-meters-movie-review/
20211120,1015355996,20211120,PALESTINIAN,PSE,ISRAEL,ISR,192,영토 점령,19,4,-9.5,1,1,1,-2.73522975929978,"Brooklyn, New York, United States",US,https://www.shockya.com/news/2021/11/20/200-meters-movie-review/
20211120,1015355997,20211120,PALESTINIAN,PSE,ISRAEL,ISR,192,영토 점령,19,4,-9.5,1,1,1,-2.73522975929978,Germany,GM,https://www.shockya.com/news/2021/11/20/200-meters-movie-review/
20211120,1015356954,20211120,ISRAEL,ISR,GAZA,PSE,190,재래식 군사력 사용,19,4,-10.0,3,1,3,-6.06060606060606,"Gaza, Israel (general), Israel",IS,https://www.presstv.ir/Detail/2021/11/20/671039/Hamas-derives-legitimacy-Palestinians-freedom-seekers-Haniyeh
20211120,1015356957,20211120,ISRAELI,ISR,HAMAS,PSE,190,재래식 군사력 사용,19,4,-10.0,5,1,5,-6.06060606060606,"Gaza, Israel (general), Israel",IS,https://www.presstv.ir/Detail/2021/11/20/671039/Hamas-derives-legitimacy-Palestinians-freedom-seekers-Haniyeh
20211120,1015357098,20211120,GAZA,PSE,ISRAEL,ISR,190,재래식 군사력 사용,19,4,-10.0,3,1,3,-6.06060606060606,"Gaza, Israel (general), Israel",IS,https://www.presstv.ir/Detail/2021/11/20/671039/Hamas-derives-legitimacy-Palestinians-freedom-seekers-Haniyeh
20211120,1015357101,20211120,HAMAS,PSE,ISRAELI,ISR,190,재래식 군사력 사용,19,4,-10.0,5,1,5,-6.06060606060606,"Gaza, Israel (general), Israel",IS,https://www.presstv.ir/Detail/2021/11/20/671039/Hamas-derives-legitimacy-Palestinians-freedom-seekers-Haniyeh
20211120,1015357125,20211120,SAUDI,SAU,YEMEN,YEM,195,공중무기 사용,19,4,-10.0,7,1,7,-2.0,"Jeddah, Makkah, Saudi Arabia",SA,https://www.kuna.net.kw/ArticleDetails.aspx?id=3010259&Language=en
20211120,1015357262,20211120,YEMENI,YEM,SAUDI,SAU,190,재래식 군사력 사용,19,4,-10.0,4,1,4,-6.85920577617328,"Tehran, Tehran, Iran",IR,https://www.presstv.ir/Detail/2021/11/20/671032/Yemen-retaliation-Saudi-Arabia-Yahya-Saree-attack-
20211120,1015357263,20211120,YEMENI,YEM,SAUDI ARABIA,SAU,190,재래식 군사력 사용,19,4,-10.0,6,1,6,-6.85920577617328,"Tehran, Tehran, Iran",IR,https://www.presstv.ir/Detail/2021/11/20/671032/Yemen-retaliation-Saudi-Arabia-Yahya-Saree-attack-
20211120,1015367086,20211120,ISRAEL,ISR,WEST BANK,PSE,190,재래식 군사력 사용,19,4,-10.0,6,5,6,-7.66258236293159,"Qabatiya, West Bank (general), West Bank",WE,https://siouxcityjournal.com/news/world/israel-returns-palestinian-remains-after-mix-up-of-bodies/article_11d7b929-2875-5ea7-93db-b89e384dff48.html
20211120,1015367087,20211120,ISRAEL,ISR,WEST BANK,PSE,190,재래식 군사력 사용,19,4,-10.0,6,5,6,-7.66258236293159,"Jerusalem, Israel (general), Israel",IS,https://siouxcityjournal.com/news/world/israel-returns-palestinian-remains-after-mix-up-of-bodies/article_11d7b929-2875-5ea7-93db-b89e384dff48.html
20211120,1015367226,20211120,WEST BANK,PSE,ISRAEL,ISR,190,재래식 군사력 사용,19,4,-10.0,12,5,12,-7.66258236293159,"Jerusalem, Israel (general), Israel",IS,https://siouxcityjournal.com/news/world/israel-returns-palestinian-remains-after-mix-up-of-bodies/article_11d7b929-2875-5ea7-93db-b89e384dff48.html
20211120,1015367237,20211120,QATAR,QAT,SAUDI,SAU,190,재래식 군사력 사용,19,4,-10.0,5,1,5,-1.62760416666667,Qatar,QA,https://www.strategic-culture.org/news/2021/11/20/string-pearls-yemen-could-be-the-arab-hub-of-maritime-silk-road/
20211120,1015367252,20211120,SAUDI,SAU,QATAR,QAT,190,재래식 군사력 사용,19,4,-10.0,5,1,5,-1.62760416666667,Qatar,QA,https://www.strategic-culture.org/news/2021/11/20/string-pearls-yemen-could-be-the-arab-hub-of-maritime-silk-road/
20211120,1015370688,20211120,SAUDI,SAU,YEMEN,YEM,195,공중무기 사용,19,4,-10.0,8,1,8,-1.61290322580645,Saudi Arabia,SA,https://www.lbcgroup.tv/news/regional/618123/saudi-led-coalition-says-it-attacked-13-houthi-tar/en
20211120,1015370689,20211120,SAUDI ARABIA,SAU,YEMEN,YEM,195,공중무기 사용,19,4,-10.0,2,1,2,-1.61290322580645,Saudi Arabia,SA,https://www.lbcgroup.tv/news/regional/618123/saudi-led-coalition-says-it-attacked-13-houthi-tar/en
20211120,1015372487,20211120,ISRAEL,ISR,IRAN,IRN,190,재래식 군사력 사용,19,4,-10.0,2,1,2,-0.81360946745562,"Gaza, Israel (general), Israel",IS,https://www.haaretz.com/israel-news/.premium-with-economy-expanding-bennett-eyes-new-toys-for-the-israeli-army-1.10402561
20211120,1015372488,20211120,ISRAEL,ISR,IRAN,IRN,190,재래식 군사력 사용,19,4,-10.0,8,1,8,-0.81360946745562,"Gaza, Israel (general), Israel",IS,https://www.haaretz.com/israel-news/.premium-with-economy-expanding-bennett-eyes-new-toys-for-the-israeli-army-1.10402561
20211121,1015373651,20211121,ISRAELI,ISR,PALESTINIAN,PSE,190,재래식 군사력 사용,19,4,-10.0,12,2,12,-3.58358260127911,Israel,IS,https://ground.news/article/israel-returns-palestinian-remains-after-mix-up-of-bodies_cc8269
20211121,1015373653,20211121,ISRAEL,ISR,WEST BANK,PSE,190,재래식 군사력 사용,19,4,-10.0,9,8,9,-7.69441005357018,"Qabatiya, West Bank (general), West Bank",WE,http://www.ccenterdispatch.com/news/national/article_87038578-3265-5a5e-ade6-3465d3f8c6e0.html
20211121,1015373654,20211121,ISRAEL,ISR,WEST BANK,PSE,190,재래식 군사력 사용,19,4,-10.0,7,7,7,-7.69926070600272,"Jerusalem, Israel (general), Israel",IS,http://www.ccenterdispatch.com/news/national/article_87038578-3265-5a5e-ade6-3465d3f8c6e0.html
20211121,1015373850,20211121,WEST BANK,PSE,ISRAEL,ISR,190,재래식 군사력 사용,19,4,-10.0,15,8,15,-7.69441005357018,"Jerusalem, Israel (general), Israel",IS,http://www.ccenterdispatch.com/news/national/article_87038578-3265-5a5e-ade6-3465d3f8c6e0.html
20211121,1015375828,20211121,CAIRO,EGY,SAUDI ARABIAN,SAU,190,재래식 군사력 사용,19,4,-10.0,6,1,6,-5.72289156626506,"Marib, Ma'rib, Yemen",YM,http://voiceofvienna.org/2021/11/21/yemens-houthis-say-they-attacked-saudi-cities-aramco-facilities/
20211121,1015375829,20211121,CAIRO,EGY,SAUDI ARABIAN,SAU,190,재래식 군사력 사용,19,4,-10.0,4,1,4,-5.72289156626506,"Marib, Ma'rib, Yemen",YM,http://voiceofvienna.org/2021/11/21/yemens-houthis-say-they-attacked-saudi-cities-aramco-facilities/
20211121,1015376207,20211121,SAUDI,SAU,YEMEN,YEM,195,공중무기 사용,19,4,-10.0,32,4,32,-5.36788592565778,"Riyadh, Ar Riya?, Saudi Arabia",SA,http://voiceofvienna.org/2021/11/21/yemens-houthis-say-they-attacked-saudi-cities-aramco-facilities/
20211121,1015376208,20211121,SAUDI,SAU,YEMEN,YEM,195,공중무기 사용,19,4,-10.0,8,4,8,-5.36788592565778,"Sanaa, Sana', Yemen",YM,http://voiceofvienna.org/2021/11/21/yemens-houthis-say-they-attacked-saudi-cities-aramco-facilities/
20211121,1015378819,20211121,ISRAEL,ISR,PALESTINIAN,PSE,190,재래식 군사력 사용,19,4,-10.0,72,11,69,-8.11158752193928,"Jerusalem, Israel (general), Israel",IS,https://www.timesofisrael.com/israel-returns-remains-of-palestinian-teen-alleged-firebomber-after-bodies-mix-up/
20211121,1015378973,20211121,WEST BANK,PSE,ISRAEL,ISR,190,재래식 군사력 사용,19,4,-10.0,1,1,1,-7.66045548654244,"Qabatiya, West Bank (general), West Bank",WE,https://www.timesofisrael.com/israel-returns-remains-of-palestinian-teen-alleged-firebomber-after-bodies-mix-up/
20211121,1015381578,20211121,IRAN,IRN,ISRAEL,ISR,190,재래식 군사력 사용,19,4,-10.0,2,1,2,-5.32786885245902,Israel,IS,https://www.reuters.com/world/middle-east/britain-warns-non-piracy-incident-underway-off-uae-coast-2021-08-03/
20211121,1015381579,20211121,IRAN,IRN,ISRAEL,ISR,190,재래식 군사력 사용,19,4,-10.0,8,1,8,-5.32786885245902,Israel,IS,https://www.reuters.com/world/middle-east/britain-warns-non-piracy-incident-underway-off-uae-coast-2021-08-03/
20211121,1015381583,20211121,ISRAEL,ISR,IRAN,IRN,190,재래식 군사력 사용,19,4,-10.0,2,1,2,-5.32786885245902,Israel,IS,https://www.reuters.com/world/middle-east/britain-warns-non-piracy-incident-underway-off-uae-coast-2021-08-03/
20211121,1015381584,20211121,ISRAEL,ISR,IRAN,IRN,190,재래식 군사력 사용,19,4,-10.0,8,1,8,-5.32786885245902,Israel,IS,https://www.reuters.com/world/middle-east/britain-warns-non-piracy-incident-underway-off-uae-coast-2021-08-03/
20211121,1015381586,20211121,ISRAEL,ISR,PALESTINE,PSE,191,봉쇄·이동 제한,19,4,-9.5,2,1,2,-5.17241379310345,"Unrwa, West Bank (general), West Bank",WE,https://www.unrwa.org/campaign/world-childrens-day-2021-investment-children-investment-future
20211121,1015382896,20211121,TURKISH,TUR,IRAQ,IRQ,195,공중무기 사용,19,4,-10.0,6,1,6,-4.5045045045045,"Duhok, Dahuk, Iraq",IZ,https://www.presstv.ir/Detail/2021/11/21/671045/Iraq-Turkey-bombing-PKK
20211121,1015382897,20211121,TURKEY,TUR,IRAQ,IRQ,195,공중무기 사용,19,4,-10.0,2,1,2,-4.5045045045045,"Duhok, Dahuk, Iraq",IZ,https://www.presstv.ir/Detail/2021/11/21/671045/Iraq-Turkey-bombing-PKK
20211121,1015385651,20211121,ISRAEL,ISR,GAZA,PSE,190,재래식 군사력 사용,19,4,-10.0,17,5,17,-4.55031754810056,"Gaza, Israel (general), Israel",IS,https://www.france24.com/en/live-news/20211121-gaza-anger-mounts-at-cost-humiliation-of-egypt-journeys
20211121,1015385652,20211121,ISRAEL,ISR,HAMAS,PSE,190,재래식 군사력 사용,19,4,-10.0,30,5,30,-4.22821181238786,"Gaza, Israel (general), Israel",IS,https://www.france24.com/en/live-news/20211121-gaza-anger-mounts-at-cost-humiliation-of-egypt-journeys
20211121,1015385728,20211121,GAZA,PSE,ISRAEL,ISR,190,재래식 군사력 사용,19,4,-10.0,15,4,15,-4.90748789314507,"Gaza, Israel (general), Israel",IS,https://www.france24.com/en/live-news/20211121-gaza-anger-mounts-at-cost-humiliation-of-egypt-journeys
20211121,1015385731,20211121,HAMAS,PSE,ISRAEL,ISR,190,재래식 군사력 사용,19,4,-10.0,20,4,20,-4.29918587917391,"Gaza, Israel (general), Israel",IS,https://www.france24.com/en/live-news/20211121-gaza-anger-mounts-at-cost-humiliation-of-egypt-journeys
20211121,1015387011,20211121,IRAN,IRN,SYRIA,SYR,190,재래식 군사력 사용,19,4,-10.0,4,1,4,-3.1216361679225,"Hezbollah, Kerman, Iran",IR,https://americanfreepress.net/israel-at-70-bibis-troubled-hour-of-power/
20211121,1015387012,20211121,IRAN,IRN,SYRIA,SYR,190,재래식 군사력 사용,19,4,-10.0,1,1,1,-3.1216361679225,"Hezbollah, Kerman, Iran",IR,https://americanfreepress.net/israel-at-70-bibis-troubled-hour-of-power/
20211121,1015387013,20211121,IRAN,IRN,SYRIA,SYR,194,포병·전차를 이용한 전투,19,4,-10.0,1,1,1,-3.1216361679225,"Golan Heights, Syria (general), Syria",SY,https://americanfreepress.net/israel-at-70-bibis-troubled-hour-of-power/
20211121,1015387014,20211121,IRAN,IRN,SYRIA,SYR,194,포병·전차를 이용한 전투,19,4,-10.0,5,1,5,-3.1216361679225,"Hezbollah, Kerman, Iran",IR,https://americanfreepress.net/israel-at-70-bibis-troubled-hour-of-power/
20211121,1015387015,20211121,IRAN,IRN,SYRIA,SYR,194,포병·전차를 이용한 전투,19,4,-10.0,2,1,2,-3.1216361679225,"Hezbollah, Kerman, Iran",IR,https://americanfreepress.net/israel-at-70-bibis-troubled-hour-of-power/
20211121,1015389172,20211121,CAIRO,EGY,SAUDI ARABIAN,SAU,190,재래식 군사력 사용,19,4,-10.0,4,1,4,-5.65371024734983,"Jeddah, Makkah, Saudi Arabia",SA,https://www.dawn.com/news/1659345/houthis-say-they-attacked-saudi-cities-aramco-facilities
20211121,1015389173,20211121,CAIRO,EGY,SAUDI ARABIAN,SAU,190,재래식 군사력 사용,19,4,-10.0,6,1,6,-5.65371024734983,"Jeddah, Makkah, Saudi Arabia",SA,https://www.dawn.com/news/1659345/houthis-say-they-attacked-saudi-cities-aramco-facilities
20211121,1015393166,20211121,PALESTINIAN,PSE,ISRAEL,ISR,163,금수·보이콧·제재 부과,16,4,-8.0,10,1,4,-4.3046357615894,"Jerusalem, Israel (general), Israel",IS,https://www.jwire.com.au/palestinian-human-rights-activist-sues-ben-jerrys-for-stirring-hatred-with-boycott/
20211121,1015393167,20211121,PALESTINIAN,PSE,ISRAELI,ISR,163,금수·보이콧·제재 부과,16,4,-8.0,2,1,2,-4.3046357615894,"Jerusalem, Israel (general), Israel",IS,https://www.jwire.com.au/palestinian-human-rights-activist-sues-ben-jerrys-for-stirring-hatred-with-boycott/
20211121,1015393175,20211121,PALESTINIAN,PSE,ISRAELI,ISR,163,금수·보이콧·제재 부과,16,4,-8.0,2,1,2,-4.3046357615894,"Jerusalem, Israel (general), Israel",IS,https://www.jwire.com.au/palestinian-human-rights-activist-sues-ben-jerrys-for-stirring-hatred-with-boycott/
20211121,1015397250,20211120,SAUDI,SAU,YEMEN,YEM,195,공중무기 사용,19,4,-10.0,4,1,4,-6.81114551083591,"Jeddah, Makkah, Saudi Arabia",SA,https://www.newsofbahrain.com/bahrain/76856.html
20211121,1015397251,20211120,SAUDI,SAU,YEMEN,YEM,195,공중무기 사용,19,4,-10.0,4,1,4,-6.81114551083591,"Jeddah, Makkah, Saudi Arabia",SA,https://www.newsofbahrain.com/bahrain/76856.html
20211121,1015397252,20211120,SAUDI ARABIA,SAU,YEMEN,YEM,195,공중무기 사용,19,4,-10.0,2,1,2,-6.81114551083591,"Jeddah, Makkah, Saudi Arabia",SA,https://www.newsofbahrain.com/bahrain/76856.html
20211121,1015397253,20211120,YEMEN,YEM,SAUDI ARABIAN,SAU,190,재래식 군사력 사용,19,4,-10.0,10,1,10,-6.81114551083591,"Jeddah, Makkah, Saudi Arabia",SA,https://www.newsofbahrain.com/bahrain/76856.html
20211121,1015398661,20211121,YEMEN,YEM,SAUDI,SAU,190,재래식 군사력 사용,19,4,-10.0,2,1,2,-3.93700787401575,"Marib, Ma'rib, Yemen",YM,https://english.aawsat.com/home/article/3315796/further-collapses-houthi-ranks-2nd-day-joint-forces-operation-towards-taiz-ibb
20211121,1015398662,20211121,YEMEN,YEM,SAUDI,SAU,190,재래식 군사력 사용,19,4,-10.0,8,2,8,-4.16362588822739,"Marib, Ma'rib, Yemen",YM,https://english.aawsat.com/home/article/3315796/further-collapses-houthi-ranks-2nd-day-joint-forces-operation-towards-taiz-ibb
20211121,1015404405,20211121,ISRAELI,ISR,WEST BANK,PSE,190,재래식 군사력 사용,19,4,-10.0,4,1,4,-12.7659574468085,"Ramallah, West Bank (general), West Bank",WE,http://english.wafa.ps/Pages/Details/126887
20211121,1015404406,20211121,ISRAELI,ISR,PALESTINIAN,PSE,193,소형무기·경무기를 이용한 전투,19,4,-10.0,2,1,2,-12.7659574468085,Israel,IS,http://english.wafa.ps/Pages/Details/126887
20211121,1015404407,20211121,ISRAEL,ISR,HAMAS,PSE,190,재래식 군사력 사용,19,4,-10.0,3,1,3,-4.25824175824176,"Gaza, Israel (general), Israel",IS,https://www.timesofisrael.com/shin-bet-intel-instrumental-in-uks-terror-designation-of-hamas-report/
20211121,1015404418,20211121,ISRAELI,ISR,WEST BANK,PSE,190,재래식 군사력 사용,19,4,-10.0,6,1,6,-12.7659574468085,Israel,IS,http://english.wafa.ps/Pages/Details/126887
20211121,1015404550,20211121,PALESTINIAN,PSE,JERUSALEM,ISR,190,재래식 군사력 사용,19,4,-10.0,155,28,155,-8.78772954991197,"Jerusalem, Israel (general), Israel",IS,http://english.wafa.ps/Pages/Details/126888
20211121,1015404556,20211121,HAMAS,PSE,ISRAEL,ISR,190,재래식 군사력 사용,19,4,-10.0,3,1,3,-4.25824175824176,"Gaza, Israel (general), Israel",IS,https://www.timesofisrael.com/shin-bet-intel-instrumental-in-uks-terror-designation-of-hamas-report/
20211121,1015405458,20211121,HAMAS,PSE,ISRAEL,ISR,190,재래식 군사력 사용,19,4,-10.0,10,1,10,-3.94431554524362,"Rafah, Shamal Sina', Egypt",EG,https://www.gulftoday.ae/news/2021/11/21/egypt-makes-gaza-comeback-with-post-war-reconstruction
20211121,1015405459,20211121,HAMAS,PSE,JERUSALEM,ISR,193,소형무기·경무기를 이용한 전투,19,4,-10.0,62,8,62,-7.46308978497058,"Jerusalem, Israel (general), Israel",IS,https://www.israelnationalnews.com/News/Flash.aspx/558431
20211121,1015407345,20211121,ISRAELI,ISR,PALESTINIAN,PSE,193,소형무기·경무기를 이용한 전투,19,4,-10.0,483,157,483,-8.58085746653259,"Jerusalem, Israel (general), Israel",IS,https://www.sandiegouniontribune.com/news/nation-world/story/2021-11-21/israeli-police-shoot-dead-palestinian-who-killed-1-hurt-4
20211121,1015407348,20211121,ISRAELI,ISR,PALESTINIAN,PSE,193,소형무기·경무기를 이용한 전투,19,4,-10.0,41,14,30,-9.07213874331159,"Jerusalem, Israel (general), Israel",IS,https://www.sandiegouniontribune.com/news/nation-world/story/2021-11-21/israeli-police-shoot-dead-palestinian-who-killed-1-hurt-4
20211121,1015408665,20211121,PALESTINIAN,PSE,JERUSALEM,ISR,193,소형무기·경무기를 이용한 전투,19,4,-10.0,147,53,125,-8.74443778906063,"Jerusalem, Israel (general), Israel",IS,https://www.aljazeera.com/news/2021/11/21/jerusalem-shooting
20211121,1015408669,20211121,PALESTINIAN,PSE,ISRAELI,ISR,193,소형무기·경무기를 이용한 전투,19,4,-10.0,8,2,8,-11.5680506140509,"Jerusalem, Israel (general), Israel",IS,https://www.debka.com/mivzak/a-man-killed-and-three-injured-in-terrorist-attack-in-jerusalem/
20211121,1015413301,20211121,HAMAS,PSE,JERUSALEM,ISR,193,소형무기·경무기를 이용한 전투,19,4,-10.0,4,1,4,-6.48464163822526,"London, London, City of, United Kingdom",UK,https://news.trust.org/item/20211121092623-02wdc
20211121,1015413302,20211121,HAMAS,PSE,JERUSALEM,ISR,193,소형무기·경무기를 이용한 전투,19,4,-10.0,3,1,3,-6.48464163822526,"London, London, City of, United Kingdom",UK,https://news.trust.org/item/20211121092623-02wdc
20211121,1015413303,20211121,PALESTINIAN,PSE,ISRAELI,ISR,193,소형무기·경무기를 이용한 전투,19,4,-10.0,1,1,1,-5.64971751412429,"Jerusalem, Israel (general), Israel",IS,https://www.straitstimes.com/world/middle-east/palestinian-gunman-kills-one-in-jerusalems-old-city-is-shot-dead-israeli-police
20211121,1015414189,20211121,ISRAELI,ISR,HAMAS,PSE,193,소형무기·경무기를 이용한 전투,19,4,-10.0,32,3,30,-10.5288246323056,"Jerusalem, Israel (general), Israel",IS,https://www.jta.org/2021/11/21/israel/1-israeli-killed-and-4-injured-after-hamas-assailant-opens-fire-in-jerusalems-old-city
20211121,1015414339,20211121,HAMAS,PSE,JERUSALEM,ISR,193,소형무기·경무기를 이용한 전투,19,4,-10.0,20,2,20,-10.7617904075779,"Jerusalem, Israel (general), Israel",IS,https://www.jta.org/2021/11/21/israel/1-israeli-killed-and-4-injured-after-hamas-assailant-opens-fire-in-jerusalems-old-city
20211121,1015415163,20211121,EGYPT,EGY,GAZA,PSE,192,영토 점령,19,4,-9.5,1,1,1,-3.8533250466128,"Rafah, Shamal Sina', Egypt",EG,https://www.timesofisrael.com/path-of-humiliation-anger-grows-as-gazans-lament-arduous-costly-travel-to-egypt/
20211121,1015415164,20211121,EGYPT,EGY,GAZA,PSE,192,영토 점령,19,4,-9.5,7,1,7,-3.8533250466128,"Rafah, Shamal Sina', Egypt",EG,https://www.timesofisrael.com/path-of-humiliation-anger-grows-as-gazans-lament-arduous-costly-travel-to-egypt/
20211121,1015415361,20211121,ISRAEL,ISR,EGYPT,EGY,192,영토 점령,19,4,-9.5,2,1,2,-3.8533250466128,Israel,IS,https://www.timesofisrael.com/path-of-humiliation-anger-grows-as-gazans-lament-arduous-costly-travel-to-egypt/
20211121,1015415362,20211121,ISRAEL,ISR,EGYPT,EGY,192,영토 점령,19,4,-9.5,2,1,2,-3.8533250466128,Israel,IS,https://www.timesofisrael.com/path-of-humiliation-anger-grows-as-gazans-lament-arduous-costly-travel-to-egypt/
20211121,1015415543,20211121,PALESTINIAN,PSE,EGYPT,EGY,192,영토 점령,19,4,-9.5,2,1,2,-3.8533250466128,"Cairo, Al Qahirah, Egypt",EG,https://www.timesofisrael.com/path-of-humiliation-anger-grows-as-gazans-lament-arduous-costly-travel-to-egypt/
20211121,1015415544,20211121,PALESTINIAN,PSE,EGYPT,EGY,192,영토 점령,19,4,-9.5,46,2,20,-3.97559218691496,"Rafah, Shamal Sina', Egypt",EG,https://www.timesofisrael.com/path-of-humiliation-anger-grows-as-gazans-lament-arduous-costly-travel-to-egypt/
20211121,1015415545,20211121,PALESTINIAN,PSE,EGYPT,EGY,192,영토 점령,19,4,-9.5,1,1,1,-3.8533250466128,"Suez Canal, As Suways, Egypt",EG,https://www.timesofisrael.com/path-of-humiliation-anger-grows-as-gazans-lament-arduous-costly-travel-to-egypt/
20211121,1015415546,20211121,PALESTINIAN,PSE,EGYPT,EGY,192,영토 점령,19,4,-9.5,1,1,1,-3.8533250466128,"Rafah, Shamal Sina', Egypt",EG,https://www.timesofisrael.com/path-of-humiliation-anger-grows-as-gazans-lament-arduous-costly-travel-to-egypt/
20211121,1015415547,20211121,PALESTINIAN,PSE,EGYPT,EGY,192,영토 점령,19,4,-9.5,4,1,4,-3.8533250466128,Israel,IS,https://www.timesofisrael.com/path-of-humiliation-anger-grows-as-gazans-lament-arduous-costly-travel-to-egypt/
20211121,1015416713,20211121,ISRAELI,ISR,PALESTINIAN,PSE,193,소형무기·경무기를 이용한 전투,19,4,-10.0,6,1,6,-6.8273092369478,Sudan,SU,https://www.presstv.ir/Detail/2021/11/21/671066/Al-Quds-Israel-Palestine-al-Aqsa-mosque-shooting
20211121,1015416887,20211121,HAMAS,PSE,ISRAEL,ISR,190,재래식 군사력 사용,19,4,-10.0,24,4,24,-9.40068080410023,"Jerusalem, Israel (general), Israel",IS,https://www.israelnationalnews.com/News/Flash.aspx/558460
20211121,1015417876,20211121,JERUSALEM,ISR,GAZA,PSE,195,공중무기 사용,19,4,-10.0,22,3,22,-5.94191063637802,"Jerusalem, Israel (general), Israel",IS,https://www.nbcphiladelphia.com/tag/palestine/
20211121,1015417878,20211121,JERUSALEM,ISR,PALESTINIAN,PSE,193,소형무기·경무기를 이용한 전투,19,4,-10.0,4,2,4,-8.89144557897568,"Jerusalem, Israel (general), Israel",IS,https://www.haaretz.com/israel-news/two-wounded-assailtant-shot-dead-in-suspect-attack-in-jerusalem-s-old-city-1.10403099
20211121,1015418973,20211121,ISRAELI,ISR,WEST BANK,PSE,190,재래식 군사력 사용,19,4,-10.0,2,1,2,-6.82492581602374,"Jenin, West Bank (general), West Bank",WE,https://themedialine.org/top-stories/palestinian-authority-security-forces-residents-clash-in-jenin-camp/
20211121,1015418974,20211121,ISRAEL,ISR,WEST BANK,PSE,193,소형무기·경무기를 이용한 전투,19,4,-10.0,4,1,4,-6.82492581602374,"Jenin, West Bank (general), West Bank",WE,https://themedialine.org/top-stories/palestinian-authority-security-forces-residents-clash-in-jenin-camp/
20211121,1015418982,20211121,ISRAEL,ISR,WEST BANK,PSE,190,재래식 군사력 사용,19,4,-10.0,2,1,2,-6.82492581602374,"Hebron, Israel (general), Israel",IS,https://themedialine.org/top-stories/palestinian-authority-security-forces-residents-clash-in-jenin-camp/
20211121,1015418983,20211121,ISRAELI,ISR,WEST BANK,PSE,190,재래식 군사력 사용,19,4,-10.0,3,1,3,-6.82492581602374,"Jenin, West Bank (general), West Bank",WE,https://themedialine.org/top-stories/palestinian-authority-security-forces-residents-clash-in-jenin-camp/
20211121,1015419089,20211121,WEST BANK,PSE,ISRAEL,ISR,192,영토 점령,19,4,-9.5,8,1,8,-4.01459854014598,"Jerusalem, Israel (general), Israel",IS,https://www.aljazeera.com/news/2021/11/21/jerusalem-palestinian-french-lawyer-fights-israeli-deportation
20211121,1015420306,20211121,JERUSALEM,ISR,HAMAS,PSE,193,소형무기·경무기를 이용한 전투,19,4,-10.0,8,1,8,-7.27513227513228,"Jerusalem, Israel (general), Israel",IS,https://www.ynetnews.com/article/r1k7qtwuk
20211121,1015420492,20211121,PALESTINIAN,PSE,EGYPT,EGY,192,영토 점령,19,4,-9.5,10,1,10,-4.09785932721712,"Gaza, Israel (general), Israel",IS,https://www.ynetnews.com/magazine/article/rjajmdwdt
20211121,1015420497,20211121,HAMAS,PSE,JERUSALEM,ISR,190,재래식 군사력 사용,19,4,-10.0,47,8,47,-8.84108250311467,"Jerusalem, Israel (general), Israel",IS,https://www.israelnationalnews.com/News/Flash.aspx/558471
20211121,1015420498,20211121,HAMAS,PSE,ISRAEL,ISR,190,재래식 군사력 사용,19,4,-10.0,2,1,2,-22.2222222222222,"Jerusalem, Israel (general), Israel",IS,https://www.israelnationalnews.com/News/Flash.aspx/558471
20211121,1015421742,20211121,PALESTINIAN,PSE,ISRAELI,ISR,193,소형무기·경무기를 이용한 전투,19,4,-10.0,2,1,2,-9.34579439252336,"Jerusalem, Israel (general), Israel",IS,https://www.middleeasteye.net/news/palestine-israel-jerusalem-killed-old-city
20211121,1015423930,20211121,IRAN,IRN,ISRAEL,ISR,195,공중무기 사용,19,4,-10.0,10,1,10,-6.06060606060604,Iran,IR,https://www.israelnationalnews.com/News/Flash.aspx/558475
20211121,1015424039,20211121,SYRIAN,SYR,SYRIAN DESERT,IRQ,195,공중무기 사용,19,4,-10.0,2,1,2,-3.59281437125749,Russia,RS,https://www.washingtonexaminer.com/opinion/why-do-us-troops-remain-in-syria
20211121,1015425159,20211121,IRAN,IRN,ISRAELI,ISR,190,재래식 군사력 사용,19,4,-10.0,2,1,2,-1.49863760217984,"Gulf Of Oman, Iran (general), Iran",IR,https://unitedwithisrael.org/joint-israel-us-and-gulf-state-naval-exercises-send-signal-to-iran/
20211121,1015425160,20211121,IRAN,IRN,ISRAELI,ISR,190,재래식 군사력 사용,19,4,-10.0,2,1,2,-1.49863760217984,"Gaza, Israel (general), Israel",IS,https://unitedwithisrael.org/joint-israel-us-and-gulf-state-naval-exercises-send-signal-to-iran/
20211121,1015425161,20211121,IRAN,IRN,ISRAELI,ISR,190,재래식 군사력 사용,19,4,-10.0,4,1,4,-1.49863760217984,"Gulf Of Oman, Iran (general), Iran",IR,https://unitedwithisrael.org/joint-israel-us-and-gulf-state-naval-exercises-send-signal-to-iran/
20211121,1015425162,20211121,IRAN,IRN,ISRAEL,ISR,190,재래식 군사력 사용,19,4,-10.0,2,1,2,-1.49863760217984,"Gulf Of Oman, Iran (general), Iran",IR,https://unitedwithisrael.org/joint-israel-us-and-gulf-state-naval-exercises-send-signal-to-iran/
20211121,1015425182,20211121,IRAQ,IRQ,TURKEY,TUR,190,재래식 군사력 사용,19,4,-10.0,2,1,2,-6.6030814380044,"Sinjar, Babil, Iraq",IZ,https://www.middleeasteye.net/news/yazidi-iraq-belarus-refugees-return-kurdistan
20211121,1015426560,20211121,HAMAS,PSE,JERUSALEM,ISR,193,소형무기·경무기를 이용한 전투,19,4,-10.0,10,1,10,-5.92662276575729,"Jerusalem, Israel (general), Israel",IS,https://www.ynetnews.com/article/h1asnspdy
20211121,1015426600,20211121,SAUDI,SAU,YEMEN,YEM,195,공중무기 사용,19,4,-10.0,8,1,8,-1.63934426229508,Saudi Arabia,SA,https://www.euronews.com/2021/11/21/us-yemen-security-saudi-operation
20211121,1015426601,20211121,SAUDI ARABIA,SAU,YEMEN,YEM,195,공중무기 사용,19,4,-10.0,2,1,2,-1.63934426229508,Saudi Arabia,SA,https://www.euronews.com/2021/11/21/us-yemen-security-saudi-operation
20211121,1015427969,20211121,JERUSALEM,ISR,HAMAS,PSE,190,재래식 군사력 사용,19,4,-10.0,16,3,16,-10.4106855574848,"Jerusalem, Israel (general), Israel",IS,https://www.israelnationalnews.com/News/News.aspx/317299
20211121,1015427975,20211121,ISRAELI,ISR,PALESTINIAN,PSE,190,재래식 군사력 사용,19,4,-10.0,2,1,2,-5.20231213872833,"Ein Kerem, HaDarom, Israel",IS,https://www.timesofisrael.com/rabbi-was-returning-from-prayers-at-the-western-wall-when-terrorist-struck/
20211121,1015428099,20211121,PALESTINIAN,PSE,ISRAEL,ISR,190,재래식 군사력 사용,19,4,-10.0,1,1,1,-5.20231213872833,"Ein Kerem, HaDarom, Israel",IS,https://www.timesofisrael.com/rabbi-was-returning-from-prayers-at-the-western-wall-when-terrorist-struck/
20211121,1015428100,20211121,PALESTINIAN,PSE,ISRAEL,ISR,190,재래식 군사력 사용,19,4,-10.0,1,1,1,-5.20231213872833,"Ein Kerem, HaDarom, Israel",IS,https://www.timesofisrael.com/rabbi-was-returning-from-prayers-at-the-western-wall-when-terrorist-struck/
20211121,1015430644,20211121,ISRAELI,ISR,PALESTINIAN,PSE,190,재래식 군사력 사용,19,4,-10.0,4,2,4,-8.07706644301556,"Jerusalem, Israel (general), Israel",IS,https://www.telegraph.co.uk/world-news/2021/11/21/hamas-operative-kills-civilian-sub-machine-gun-terror-attack/
20211121,1015433367,20211121,ISRAELI,ISR,PALESTINIAN,PSE,193,소형무기·경무기를 이용한 전투,19,4,-10.0,4,2,4,-8.85391444713475,"Sheikh Jarrah, Yerushalayim, Israel",IS,https://www.tasnimnews.com/en/news/2021/11/21/2612074/palestinian-shot-dead-by-israeli-forces-in-old-city-of-al-quds
20211121,1015433368,20211121,ISRAELI,ISR,PALESTINIAN,PSE,193,소형무기·경무기를 이용한 전투,19,4,-10.0,2,1,2,-8.80952380952377,"Tel Aviv, Tel Aviv, Israel",IS,https://www.tasnimnews.com/en/news/2021/11/21/2612074/palestinian-shot-dead-by-israeli-forces-in-old-city-of-al-quds
20211121,1015433370,20211121,ISRAELI,ISR,HAMAS,PSE,193,소형무기·경무기를 이용한 전투,19,4,-10.0,2,1,2,-6.66666666666667,Israel,IS,https://www.onenewspage.com/current/mx1rh70/Old-City-Philadelphia.htm
20211121,1015433371,20211121,ISRAELI,ISR,HAMAS,PSE,193,소형무기·경무기를 이용한 전투,19,4,-10.0,3,1,3,-6.66666666666667,Israel,IS,https://www.onenewspage.com/current/mx1rh70/Old-City-Philadelphia.htm
20211121,1015433373,20211121,ISRAELI,ISR,PALESTINIAN,PSE,193,소형무기·경무기를 이용한 전투,19,4,-10.0,4,2,4,-8.85391444713475,"Sheikh Jarrah, Yerushalayim, Israel",IS,https://www.tasnimnews.com/en/news/2021/11/21/2612074/palestinian-shot-dead-by-israeli-forces-in-old-city-of-al-quds
20211121,1015433502,20211121,PALESTINIAN,PSE,ISRAEL,ISR,193,소형무기·경무기를 이용한 전투,19,4,-10.0,6,2,6,-8.85391444713475,"Sheikh Jarrah, Yerushalayim, Israel",IS,https://www.tasnimnews.com/en/news/2021/11/21/2612074/palestinian-shot-dead-by-israeli-forces-in-old-city-of-al-quds
20211121,1015433503,20211121,PALESTINIAN,PSE,ISRAEL,ISR,193,소형무기·경무기를 이용한 전투,19,4,-10.0,2,1,2,-8.80952380952377,"Tel Aviv, Tel Aviv, Israel",IS,https://www.tasnimnews.com/en/news/2021/11/21/2612074/palestinian-shot-dead-by-israeli-forces-in-old-city-of-al-quds
20211121,1015433505,20211121,PALESTINIAN,PSE,ISRAELI,ISR,193,소형무기·경무기를 이용한 전투,19,4,-10.0,4,2,4,-8.85391444713475,"Sheikh Jarrah, Yerushalayim, Israel",IS,https://www.tasnimnews.com/en/news/2021/11/21/2612074/palestinian-shot-dead-by-israeli-forces-in-old-city-of-al-quds
20211121,1015433512,20211121,HAMAS,PSE,ISRAEL,ISR,193,소형무기·경무기를 이용한 전투,19,4,-10.0,2,1,2,-6.66666666666667,Israel,IS,https://www.onenewspage.com/current/mx1rh70/Old-City-Philadelphia.htm
20211121,1015437732,20211121,ISRAELI,ISR,PALESTINIAN,PSE,193,소형무기·경무기를 이용한 전투,19,4,-10.0,12,1,10,-7.46560592445696,"Tel Aviv, Tel Aviv, Israel",IS,https://www.presstv.ir/Detail/2021/11/21/671072/Israeli-forces-shoot-dead-Palestinian-man-in-Old-City-of-al-Quds-over-alleged-shooting-attack
20211121,1015437733,20211121,ISRAELI,ISR,PALESTINIAN,PSE,193,소형무기·경무기를 이용한 전투,19,4,-10.0,2,1,2,-8.89830508474573,"Sheikh Jarrah, Yerushalayim, Israel",IS,https://www.presstv.ir/Detail/2021/11/21/671072/Israeli-forces-shoot-dead-Palestinian-man-in-Old-City-of-al-Quds-over-alleged-shooting-attack
20211121,1015439046,20211121,ISRAELI,ISR,WEST BANK,PSE,195,공중무기 사용,19,4,-10.0,4,2,4,-7.21966205837173,"Jerusalem, Israel (general), Israel",IS,https://www.rfi.fr/en/middle-east/20211121-one-dead-in-jerusalem-shooting-attacker-killed-police-1
20211121,1015439047,20211121,ISRAELI,ISR,WEST BANK,PSE,195,공중무기 사용,19,4,-10.0,4,2,4,-7.21966205837173,United Kingdom,UK,https://www.rfi.fr/en/middle-east/20211121-one-dead-in-jerusalem-shooting-attacker-killed-police-1
20211121,1015439048,20211121,ISRAELI,ISR,HAMAS,PSE,190,재래식 군사력 사용,19,4,-10.0,1,1,1,-12.7586206896552,"Jerusalem, Israel (general), Israel",IS,https://www.jewishpress.com/news/terrorism-news/terror-in-jaffa-arab-from-jenin-arrested-in-stabbing-of-israeli/2021/11/21/
20211121,1015439054,20211121,ISRAELI,ISR,WEST BANK,PSE,195,공중무기 사용,19,4,-10.0,12,2,12,-7.21966205837173,"Jerusalem, Israel (general), Israel",IS,https://www.rfi.fr/en/middle-east/20211121-one-dead-in-jerusalem-shooting-attacker-killed-police-1
20211121,1015439175,20211121,HAMAS,PSE,JERUSALEM,ISR,193,소형무기·경무기를 이용한 전투,19,4,-10.0,18,2,18,-9.08103149413964,"Jerusalem, Israel (general), Israel",IS,https://www.jpost.com/breaking-news/man-67-stabbed-in-jaffa-685592
20211121,1015440325,20211121,ISRAELI,ISR,PALESTINIAN,PSE,193,소형무기·경무기를 이용한 전투,19,4,-10.0,4,1,4,-6.8241469816273,West Bank,WE,https://www.nytimes.com/2021/11/21/world/middleeast/palestinian-shooting-jerusalem-old-city.html
20211121,1015440444,20211121,WEST BANK,PSE,ISRAELI,ISR,190,재래식 군사력 사용,19,4,-10.0,14,1,14,-6.8241469816273,"Gaza, Israel (general), Israel",IS,https://www.nytimes.com/2021/11/21/world/middleeast/palestinian-shooting-jerusalem-old-city.html
20211121,1015440445,20211121,WEST BANK,PSE,ISRAEL,ISR,190,재래식 군사력 사용,19,4,-10.0,2,1,2,-6.8241469816273,West Bank,WE,https://www.nytimes.com/2021/11/21/world/middleeast/palestinian-shooting-jerusalem-old-city.html
20211121,1015443560,20211121,JERUSALEM,ISR,HAMAS,PSE,193,소형무기·경무기를 이용한 전투,19,4,-10.0,11,3,11,-6.64077222567789,"Jerusalem, Israel (general), Israel",IS,https://www.israellycool.com/2021/11/21/todays-blood-reminder-that-hamas-political-wing-are-also-a-bunch-of-murderous-terrorists/
20211121,1015443754,20211121,PALESTINIAN,PSE,ISRAEL,ISR,193,소형무기·경무기를 이용한 전투,19,4,-10.0,2,1,2,-7.39299610894941,"Modiin, Israel (general), Israel",IS,https://www.haaretz.com/israel-news/south-african-immigrant-25-is-victim-in-jerusalem-shooting-attack-1.10403967
20211121,1015444376,20211121,PALESTINIAN,PSE,ISRAEL,ISR,190,재래식 군사력 사용,19,4,-10.0,4,1,4,-13.4529147982063,"Modiin, Israel (general), Israel",IS,https://www.haaretz.com/israel-news/.premium-palestinian-suspect-arrested-after-67-year-old-stabbed-in-jaffa-1.10404122
20211121,1015444426,20211121,SYRIA,SYR,TURKEY,TUR,190,재래식 군사력 사용,19,4,-10.0,1,1,1,-4.8892490545651,"Afrin, ?alab, Syria",SY,https://english.enabbaladi.net/archives/2021/11/between-marginalization-and-a-desire-to-walk-away-the-syrian-revolution-lost-its-defected-officers/
20211121,1015444427,20211121,SYRIA,SYR,TURKEY,TUR,190,재래식 군사력 사용,19,4,-10.0,5,1,5,-4.8892490545651,"Afrin, ?alab, Syria",SY,https://english.enabbaladi.net/archives/2021/11/between-marginalization-and-a-desire-to-walk-away-the-syrian-revolution-lost-its-defected-officers/
20211121,1015444434,20211121,TURKEY,TUR,SYRIA,SYR,190,재래식 군사력 사용,19,4,-10.0,1,1,1,-4.8892490545651,"Afrin, ?alab, Syria",SY,https://english.enabbaladi.net/archives/2021/11/between-marginalization-and-a-desire-to-walk-away-the-syrian-revolution-lost-its-defected-officers/
20211121,1015444435,20211121,TURKEY,TUR,SYRIA,SYR,190,재래식 군사력 사용,19,4,-10.0,5,1,5,-4.8892490545651,"Afrin, ?alab, Syria",SY,https://english.enabbaladi.net/archives/2021/11/between-marginalization-and-a-desire-to-walk-away-the-syrian-revolution-lost-its-defected-officers/
20211121,1015445509,20211121,ISRAELI,ISR,HAMAS,PSE,190,재래식 군사력 사용,19,4,-10.0,92,9,87,-7.5667985871913,"Jerusalem, Israel (general), Israel",IS,https://www.msn.com/en-us/news/world/jerusalem-attack-one-dead-four-injured-in-suspected-shooting/ar-AAQXiXO
20211121,1015445656,20211121,HAMAS,PSE,ISRAEL,ISR,192,영토 점령,19,4,-9.5,212,53,212,-7.87270442649498,"Gaza, Israel (general), Israel",IS,https://www.stripes.com/theaters/middle_east/2021-11-21/hamas-gunman-israel-police-shooting-dead-3701975.html
20211121,1015445658,20211121,HAMAS,PSE,ISRAELI,ISR,193,소형무기·경무기를 이용한 전투,19,4,-10.0,164,21,164,-8.8108974113381,"Jerusalem, Israel (general), Israel",IS,https://www.stripes.com/theaters/middle_east/2021-11-21/hamas-gunman-israel-police-shooting-dead-3701975.html
20211121,1015446730,20211121,ISRAEL,ISR,HAMAS,PSE,190,재래식 군사력 사용,19,4,-10.0,4,1,4,-9.47368421052632,South Africa,SF,https://www.ynetnews.com/article/syjdikdok
20211121,1015446852,20211121,HAMAS,PSE,ISRAEL,ISR,193,소형무기·경무기를 이용한 전투,19,4,-10.0,1,1,1,-8.73015873015873,"Gaza, Israel (general), Israel",IS,https://www.wboc.com/story/45251137/hamas-gunman-kills-1-before-israeli-police-shoot-him-dead
20211121,1015448152,20211121,BAGHDAD,IRQ,IRANIAN,IRN,194,포병·전차를 이용한 전투,19,4,-10.0,2,1,2,-4.63645943097998,"Ain-Al-Asad, Al Anbar, Iraq",IZ,https://sofrep.com/news/iraqi-resistance-commission-vows-to-expel-us-troops-after-december-31/
20211121,1015448323,20211121,PALESTINIAN,PSE,ISRAELI,ISR,163,금수·보이콧·제재 부과,16,4,-8.0,2,1,2,-0.51282051282051,"Gaza, Israel (general), Israel",IS,https://unitedwithisrael.org/palestinian-human-rights-activist-sues-ben-jerrys-for-stirring-hatred-with-boycott/
20211121,1015448329,20211121,PALESTINIAN,PSE,ISRAELI,ISR,163,금수·보이콧·제재 부과,16,4,-8.0,1,1,1,-0.51282051282051,"Gaza, Israel (general), Israel",IS,https://unitedwithisrael.org/palestinian-human-rights-activist-sues-ben-jerrys-for-stirring-hatred-with-boycott/
20211121,1015448337,20211121,HAMAS,PSE,ISRAEL,ISR,190,재래식 군사력 사용,19,4,-10.0,2,1,2,-5.99001663893511,"Rafah, Gaza Strip (general), Gaza Strip",GZ,https://hamodia.com/2021/11/21/levayah-of-old-city-attack-victim-to-be-held-monday-security-beefed-up-in-yerushalayim/
20211121,1015451800,20211121,ISRAELI,ISR,WEST BANK,PSE,195,공중무기 사용,19,4,-10.0,2,1,2,-6.49681528662421,Afghanistan,AF,https://www.news24.com/news24/southafrica/news/breaking-south-african-man-26-killed-in-jerusalem-by-hamas-gunman-20211121
20211121,1015451801,20211121,ISRAELI,ISR,WEST BANK,PSE,195,공중무기 사용,19,4,-10.0,2,1,2,-6.49681528662421,United Kingdom,UK,https://www.news24.com/news24/southafrica/news/breaking-south-african-man-26-killed-in-jerusalem-by-hamas-gunman-20211121
20211121,1015451804,20211121,ISRAELI,ISR,WEST BANK,PSE,195,공중무기 사용,19,4,-10.0,6,1,6,-6.49681528662421,Afghanistan,AF,https://www.news24.com/news24/southafrica/news/breaking-south-african-man-26-killed-in-jerusalem-by-hamas-gunman-20211121
20211121,1015451934,20211121,PALESTINIAN,PSE,JAFFA,ISR,190,재래식 군사력 사용,19,4,-10.0,18,3,18,-7.14218631827109,"Jerusalem, Israel (general), Israel",IS,https://www.news24.com/news24/southafrica/news/breaking-south-african-man-26-killed-in-jerusalem-by-hamas-gunman-20211121
20211121,1015451935,20211121,PALESTINIAN,PSE,JAFFA,ISR,190,재래식 군사력 사용,19,4,-10.0,6,3,6,-7.14218631827109,"Jerusalem, Israel (general), Israel",IS,https://www.news24.com/news24/southafrica/news/breaking-south-african-man-26-killed-in-jerusalem-by-hamas-gunman-20211121
20211121,1015451939,20211121,HAMAS,PSE,ISRAEL,ISR,138,군사력 사용 위협,13,3,-7.0,145,29,145,-8.13538504800388,"Jerusalem, Israel (general), Israel",IS,https://www.djournal.com/news/nation-world/hamas-gunman-kills-1-before-israeli-police-shoot-him-dead/article_3fe26f88-66b7-58c0-ac73-eea8cbc0813e.html
20211121,1015453047,20211121,ISRAELI,ISR,SYRIA,SYR,190,재래식 군사력 사용,19,4,-10.0,5,1,5,-4.07725321888412,Israel,IS,https://www.republicworld.com/world-news/us-news/us-americas-top-defense-official-vows-to-prevent-iran-from-obtaining-a-nuclear-weapon.html
20211121,1015453048,20211121,ISRAEL,ISR,SYRIA,SYR,190,재래식 군사력 사용,19,4,-10.0,2,1,2,-4.07725321888412,Syria,SY,https://www.republicworld.com/world-news/us-news/us-americas-top-defense-official-vows-to-prevent-iran-from-obtaining-a-nuclear-weapon.html
20211121,1015453049,20211121,ISRAELI,ISR,SYRIA,SYR,190,재래식 군사력 사용,19,4,-10.0,3,1,3,-4.07725321888412,Israel,IS,https://www.republicworld.com/world-news/us-news/us-americas-top-defense-official-vows-to-prevent-iran-from-obtaining-a-nuclear-weapon.html
20211121,1015453183,20211121,HAMAS,PSE,ISRAELI,ISR,193,소형무기·경무기를 이용한 전투,19,4,-10.0,8,1,8,-6.80851063829788,"Jerusalem, Israel (general), Israel",IS,https://www.irishtimes.com/news/world/middle-east/hamas-gunman-shot-dead-after-killing-israeli-and-wounding-three-in-jerusalem-1.4734728
20211121,1015453184,20211121,HAMAS,PSE,ISRAELI,ISR,193,소형무기·경무기를 이용한 전투,19,4,-10.0,2,1,2,-6.80851063829788,South Africa,SF,https://www.irishtimes.com/news/world/middle-east/hamas-gunman-shot-dead-after-killing-israeli-and-wounding-three-in-jerusalem-1.4734728
20211121,1015454400,20211121,ISRAELI,ISR,PALESTINIAN,PSE,193,소형무기·경무기를 이용한 전투,19,4,-10.0,2,1,2,-11.2612612612613,"Jerusalem, Israel (general), Israel",IS,https://www.thehindu.com/news/international/israeli-police-gun-down-palestinian-assailant/article37614815.ece
20211121,1015455950,20211121,IRAN,IRN,SYRIA,SYR,192,영토 점령,19,4,-9.5,10,1,10,-8.10810810810811,"Tehran, Tehran, Iran",IR,https://www.i24news.tv/en/news/middle-east/1637343066-report-iran-attacked-syrian-military-base-housing-us-in-retaliation-against-israeli-strikes
20211121,1015455951,20211121,IRAN,IRN,SYRIAN,SYR,190,재래식 군사력 사용,19,4,-10.0,10,1,10,-8.10810810810811,"Jerusalem, Israel (general), Israel",IS,https://www.i24news.tv/en/news/middle-east/1637343066-report-iran-attacked-syrian-military-base-housing-us-in-retaliation-against-israeli-strikes
20211121,1015455968,20211121,ISRAEL,ISR,IRANIAN,IRN,190,재래식 군사력 사용,19,4,-10.0,2,1,2,-8.10810810810811,"Jerusalem, Israel (general), Israel",IS,https://www.i24news.tv/en/news/middle-east/1637343066-report-iran-attacked-syrian-military-base-housing-us-in-retaliation-against-israeli-strikes
20211121,1015455969,20211121,ISRAEL,ISR,IRANIAN,IRN,190,재래식 군사력 사용,19,4,-10.0,8,1,8,-8.10810810810811,"Tehran, Tehran, Iran",IR,https://www.i24news.tv/en/news/middle-east/1637343066-report-iran-attacked-syrian-military-base-housing-us-in-retaliation-against-israeli-strikes
20211121,1015455991,20211121,ISRAELI,ISR,PALESTINIAN,PSE,190,재래식 군사력 사용,19,4,-10.0,2,1,2,-6.5279091769158,"Sheikh Jarrah, Yerushalayim, Israel",IS,https://www.timesofisrael.com/israeli-forces-raid-neighborhood-of-jlem-attack-terrorist-relatives-said-arrested/
20211121,1015455993,20211121,ISRAEL,ISR,HAMAS,PSE,194,포병·전차를 이용한 전투,19,4,-10.0,4,1,4,-3.86571719226857,"Gaza, Israel (general), Israel",IS,https://honestreporting.com/guardian-writer-owen-jones-plays-fast-and-loose-with-facts-in-muddled-palestinian-related-op-ed/
20211121,1015455994,20211121,ISRAEL,ISR,HAMAS,PSE,194,포병·전차를 이용한 전투,19,4,-10.0,1,1,1,-3.86571719226857,Iran,IR,https://honestreporting.com/guardian-writer-owen-jones-plays-fast-and-loose-with-facts-in-muddled-palestinian-related-op-ed/
20211121,1015456007,20211121,JERUSALEM,ISR,PALESTINIAN,PSE,190,재래식 군사력 사용,19,4,-10.0,2,1,2,-4.3607532210109,"Jerusalem, Israel (general), Israel",IS,https://www.haaretz.com/israel-news/.premium-treading-a-fine-line-hamas-tries-to-ignite-jerusalem-and-w-bank-but-not-gaza-1.10404238
20211121,1015456144,20211121,HAMAS,PSE,ISRAELI,ISR,190,재래식 군사력 사용,19,4,-10.0,4,1,4,-5.83333333333334,"Jerusalem, Israel (general), Israel",IS,https://www.news24.com/news24/world/news/hamas-gunman-kills-israeli-in-jerusalems-old-city-20211121
20211121,1015456145,20211121,HAMAS,PSE,ISRAELI,ISR,190,재래식 군사력 사용,19,4,-10.0,2,1,2,-5.83333333333334,South Africa,SF,https://www.news24.com/news24/world/news/hamas-gunman-kills-israeli-in-jerusalems-old-city-20211121
20211121,1015459084,20211121,ISRAELI,ISR,WEST BANK,PSE,195,공중무기 사용,19,4,-10.0,4,2,4,-7.46487183409454,"Jerusalem, Israel (general), Israel",IS,https://timesofmalta.com/articles/view/hamas-gunman-kills-one-wounds-3-in-jerusalem-before-being-shot-dead.916440
20211121,1015459085,20211121,ISRAELI,ISR,WEST BANK,PSE,195,공중무기 사용,19,4,-10.0,2,1,2,-7.46705710102489,"Jerusalem, Israel (general), Israel",IS,https://timesofmalta.com/articles/view/hamas-gunman-kills-one-wounds-3-in-jerusalem-before-being-shot-dead.916440
20211121,1015459088,20211121,ISRAELI,ISR,WEST BANK,PSE,195,공중무기 사용,19,4,-10.0,12,2,12,-7.46487183409454,"Jerusalem, Israel (general), Israel",IS,https://timesofmalta.com/articles/view/hamas-gunman-kills-one-wounds-3-in-jerusalem-before-being-shot-dead.916440
20211121,1015459186,20211121,PALESTINIAN,PSE,JERUSALEM,ISR,193,소형무기·경무기를 이용한 전투,19,4,-10.0,5,1,5,-7.46705710102489,Malta,MT,https://timesofmalta.com/articles/view/hamas-gunman-kills-one-wounds-3-in-jerusalem-before-being-shot-dead.916440
20211121,1015459195,20211121,PALESTINIAN,PSE,ISRAEL,ISR,190,재래식 군사력 사용,19,4,-10.0,2,1,2,-5.81395348837209,South Africa,SF,https://www.algemeiner.com/2021/11/21/hamas-gunman-kills-israeli-in-jerusalems-old-city-is-shot-dead-by-police/
20211121,1015460100,20211121,ISRAELI,ISR,PALESTINIAN,PSE,138,군사력 사용 위협,13,3,-7.0,4,1,4,-5.1063829787234,"Gaza, Israel (general), Israel",IS,https://english.aawsat.com/home/article/3316076/kohavi-orders-acceleration-plans-attack-hamas-islamic-jihad-rocket-stockpiles
20211121,1015460101,20211121,ISRAELI,ISR,HAMAS,PSE,138,군사력 사용 위협,13,3,-7.0,4,1,4,-5.1063829787234,"Gaza, Israel (general), Israel",IS,https://english.aawsat.com/home/article/3316076/kohavi-orders-acceleration-plans-attack-hamas-islamic-jihad-rocket-stockpiles
20211121,1015460107,20211121,ISRAELI,ISR,PALESTINIAN,PSE,138,군사력 사용 위협,13,3,-7.0,2,1,2,-5.1063829787234,"Gaza, Israel (general), Israel",IS,https://english.aawsat.com/home/article/3316076/kohavi-orders-acceleration-plans-attack-hamas-islamic-jihad-rocket-stockpiles
20211121,1015460109,20211121,ISRAELI,ISR,HAMAS,PSE,138,군사력 사용 위협,13,3,-7.0,6,1,6,-5.1063829787234,"Gaza, Israel (general), Israel",IS,https://english.aawsat.com/home/article/3316076/kohavi-orders-acceleration-plans-attack-hamas-islamic-jihad-rocket-stockpiles
20211121,1015460889,20211121,BAHRAIN,BHR,LEBANON,LBN,163,금수·보이콧·제재 부과,16,4,-8.0,1,1,1,-3.18275154004106,"Ankara, Ankara, Turkey",TU,https://moderndiplomacy.eu/2021/11/21/a-new-world-the-middle-east-tries-cooperation-alongside-competition/
20211121,1015460890,20211121,BAHRAIN,BHR,LEBANON,LBN,163,금수·보이콧·제재 부과,16,4,-8.0,4,1,4,-3.18275154004106,"Jerusalem, Israel (general), Israel",IS,https://moderndiplomacy.eu/2021/11/21/a-new-world-the-middle-east-tries-cooperation-alongside-competition/
20211121,1015461402,20211121,SAUDI ARABIA,SAU,LEBANON,LBN,163,금수·보이콧·제재 부과,16,4,-8.0,1,1,1,-3.18275154004106,"Ankara, Ankara, Turkey",TU,https://moderndiplomacy.eu/2021/11/21/a-new-world-the-middle-east-tries-cooperation-alongside-competition/
20211121,1015461403,20211121,SAUDI ARABIA,SAU,LEBANON,LBN,163,금수·보이콧·제재 부과,16,4,-8.0,4,1,4,-3.18275154004106,"Jerusalem, Israel (general), Israel",IS,https://moderndiplomacy.eu/2021/11/21/a-new-world-the-middle-east-tries-cooperation-alongside-competition/
20211121,1015461404,20211121,SAUDI ARABIA,SAU,TURKEY,TUR,190,재래식 군사력 사용,19,4,-10.0,2,1,2,-3.18275154004106,"Beirut, Beyrouth, Lebanon",LE,https://moderndiplomacy.eu/2021/11/21/a-new-world-the-middle-east-tries-cooperation-alongside-competition/
20211121,1015461405,20211121,SAUDI ARABIA,SAU,TURKEY,TUR,190,재래식 군사력 사용,19,4,-10.0,2,1,2,-3.18275154004106,"Istanbul, Istanbul, Turkey",TU,https://moderndiplomacy.eu/2021/11/21/a-new-world-the-middle-east-tries-cooperation-alongside-competition/
20211121,1015461406,20211121,SAUDI ARABIA,SAU,TURKEY,TUR,190,재래식 군사력 사용,19,4,-10.0,6,1,6,-3.18275154004106,Saudi Arabia,SA,https://moderndiplomacy.eu/2021/11/21/a-new-world-the-middle-east-tries-cooperation-alongside-competition/
20211121,1015461436,20211121,TURKEY,TUR,SAUDI ARABIA,SAU,190,재래식 군사력 사용,19,4,-10.0,2,1,2,-3.18275154004106,"Istanbul, Istanbul, Turkey",TU,https://moderndiplomacy.eu/2021/11/21/a-new-world-the-middle-east-tries-cooperation-alongside-competition/
20211121,1015461437,20211121,TURKEY,TUR,SAUDI ARABIA,SAU,190,재래식 군사력 사용,19,4,-10.0,6,1,6,-3.18275154004106,Saudi Arabia,SA,https://moderndiplomacy.eu/2021/11/21/a-new-world-the-middle-east-tries-cooperation-alongside-competition/
20211121,1015461438,20211121,TURKEY,TUR,SAUDI ARABIA,SAU,190,재래식 군사력 사용,19,4,-10.0,2,1,2,-3.18275154004106,"Beirut, Beyrouth, Lebanon",LE,https://moderndiplomacy.eu/2021/11/21/a-new-world-the-middle-east-tries-cooperation-alongside-competition/
20211121,1015465309,20211121,JERUSALEM,ISR,PALESTINIAN,PSE,190,재래식 군사력 사용,19,4,-10.0,2,1,2,-5.92334494773519,"Jerusalem, Israel (general), Israel",IS,https://www.timesofisrael.com/liveblog_entry/palestinian-rioters-clash-with-police-in-jerusalems-shuafat-refugee-camp/
20211121,1015465457,20211121,PALESTINIAN,PSE,JERUSALEM,ISR,190,재래식 군사력 사용,19,4,-10.0,2,1,2,-5.92334494773519,"Jerusalem, Israel (general), Israel",IS,https://www.timesofisrael.com/liveblog_entry/palestinian-rioters-clash-with-police-in-jerusalems-shuafat-refugee-camp/
20211121,1015466132,20211121,ISRAELI,ISR,HAMAS,PSE,190,재래식 군사력 사용,19,4,-10.0,2,1,2,-6.88775510204081,"Georgia, United States",US,https://www.albanyherald.com/news/one-dead-four-injured-in-shooting-attack-in-jerusalem-assailant-also-killed/article_9cd3a3ee-795d-5644-ae66-85cb1c98ceff.html
20211121,1015466133,20211121,ISRAELI,ISR,HAMAS,PSE,190,재래식 군사력 사용,19,4,-10.0,8,1,8,-6.88775510204081,"Georgia, United States",US,https://www.albanyherald.com/news/one-dead-four-injured-in-shooting-attack-in-jerusalem-assailant-also-killed/article_9cd3a3ee-795d-5644-ae66-85cb1c98ceff.html
20211121,1015467084,20211121,PALESTINIAN,PSE,ISRAEL,ISR,193,소형무기·경무기를 이용한 전투,19,4,-10.0,2,1,2,-7.46268656716418,"Nablus, West Bank (general), West Bank",WE,https://www.iol.co.za/news/world/hamas-gunman-kills-one-wounds-3-in-jerusalem-before-being-shot-dead-65e3cb9a-47ab-46c5-8bd6-f06f9230a908
20211121,1015468953,20211121,ISRAELI,ISR,HAMAS,PSE,190,재래식 군사력 사용,19,4,-10.0,16,2,16,-6.34787472035793,"Jerusalem, Israel (general), Israel",IS,https://www.foxnews.com/world/israel-jerusalem-shooting-hamas-gunman-immigrant
20211121,1015471683,20211121,PALESTINIAN,PSE,ISRAELI,ISR,193,소형무기·경무기를 이용한 전투,19,4,-10.0,2,1,2,-1.59235668789808,Israel,IS,https://news.yahoo.com/palestinian-gunman-fatally-shoots-israeli-205116514.html
20211121,1015473464,20211121,IRAQ,IRQ,SYRIA,SYR,190,재래식 군사력 사용,19,4,-10.0,1,1,1,-4.66760961810466,"London, London, City of, United Kingdom",UK,https://americanfreepress.net/have-western-leaders-committed-another-deadly-blunder/
20211121,1015473465,20211121,IRAQ,IRQ,SYRIA,SYR,190,재래식 군사력 사용,19,4,-10.0,1,1,1,-4.66760961810466,"Baghdad, Baghdad, Iraq",IZ,https://americanfreepress.net/have-western-leaders-committed-another-deadly-blunder/
20211121,1015473629,20211121,SYRIA,SYR,IRAQ,IRQ,190,재래식 군사력 사용,19,4,-10.0,1,1,1,-4.66760961810466,"London, London, City of, United Kingdom",UK,https://americanfreepress.net/have-western-leaders-committed-another-deadly-blunder/
20211121,1015473630,20211121,SYRIA,SYR,IRAQ,IRQ,190,재래식 군사력 사용,19,4,-10.0,1,1,1,-4.66760961810466,"Baghdad, Baghdad, Iraq",IZ,https://americanfreepress.net/have-western-leaders-committed-another-deadly-blunder/
20211121,1015474443,20211121,ISRAELI,ISR,PALESTINIAN,PSE,190,재래식 군사력 사용,19,4,-10.0,4,1,4,-8.46812559467174,"Modiin, Israel (general), Israel",IS,https://www.sott.net/article/461098-Gunman-kills-1-wounds-4-in-terror-shooting-in-Jerusalem-Old-City
20211121,1015476108,20211121,ISRAELI,ISR,PALESTINIAN,PSE,193,소형무기·경무기를 이용한 전투,19,4,-10.0,2,1,2,-6.03290676416819,"Tel Aviv, Tel Aviv, Israel",IS,https://www.presstv.ir/Detail/2021/11/21/671096/Lebanon-Hezbollah-Palestine-Israel-al-Quds-
20211121,1015476190,20211121,HAMAS,PSE,ISRAELI,ISR,190,재래식 군사력 사용,19,4,-10.0,5,1,5,-5.64705882352941,"Jerusalem, Israel (general), Israel",IS,https://www.algemeiner.com/2021/11/21/proud-zionist-who-immigrated-from-south-africa-killed-by-hamas-gunman-in-jerusalems-old-city/
20211121,1015476191,20211121,HAMAS,PSE,ISRAEL,ISR,190,재래식 군사력 사용,19,4,-10.0,1,1,1,-5.64705882352941,South Africa,SF,https://www.algemeiner.com/2021/11/21/proud-zionist-who-immigrated-from-south-africa-killed-by-hamas-gunman-in-jerusalems-old-city/
20211121,1015476192,20211121,HAMAS,PSE,ISRAEL,ISR,190,재래식 군사력 사용,19,4,-10.0,1,1,1,-5.64705882352941,"Jerusalem, Israel (general), Israel",IS,https://www.algemeiner.com/2021/11/21/proud-zionist-who-immigrated-from-south-africa-killed-by-hamas-gunman-in-jerusalems-old-city/
20211121,1015476193,20211121,HAMAS,PSE,ISRAELI,ISR,193,소형무기·경무기를 이용한 전투,19,4,-10.0,1,1,1,-5.64705882352941,South Africa,SF,https://www.algemeiner.com/2021/11/21/proud-zionist-who-immigrated-from-south-africa-killed-by-hamas-gunman-in-jerusalems-old-city/
20211121,1015476194,20211121,HAMAS,PSE,ISRAELI,ISR,193,소형무기·경무기를 이용한 전투,19,4,-10.0,2,1,2,-5.64705882352941,"Jerusalem, Israel (general), Israel",IS,https://www.algemeiner.com/2021/11/21/proud-zionist-who-immigrated-from-south-africa-killed-by-hamas-gunman-in-jerusalems-old-city/
20211121,1015476195,20211121,HAMAS,PSE,ISRAEL,ISR,193,소형무기·경무기를 이용한 전투,19,4,-10.0,1,1,1,-5.64705882352941,"Jerusalem, Israel (general), Israel",IS,https://www.algemeiner.com/2021/11/21/proud-zionist-who-immigrated-from-south-africa-killed-by-hamas-gunman-in-jerusalems-old-city/
20211122,1015479827,20211122,KURDISTAN,IRN,IRAQI KURDISTAN,IRQ,190,재래식 군사력 사용,19,4,-10.0,10,1,10,-5.2547770700637,Iraq,IZ,https://www.veteranstoday.com/2021/11/21/turkeys-chemical-war-on-syrias-kurds/
20211122,1015479828,20211122,IRAQI KURDISTAN,IRQ,KURDISTAN,IRN,190,재래식 군사력 사용,19,4,-10.0,10,1,10,-5.2547770700637,Iraq,IZ,https://www.veteranstoday.com/2021/11/21/turkeys-chemical-war-on-syrias-kurds/
20211122,1015484729,20211122,HAMAS,PSE,JERUSALEM,ISR,193,소형무기·경무기를 이용한 전투,19,4,-10.0,48,5,48,-3.95798282793754,"Jerusalem, Israel (general), Israel",IS,https://ph.news.yahoo.com/hamas-gunman-kills-one-jerusalem-162950814.html
20211122,1015486760,20211122,ISRAELI,ISR,PALESTINIAN,PSE,193,소형무기·경무기를 이용한 전투,19,4,-10.0,32,11,32,-8.30111258377522,"Jerusalem, Israel (general), Israel",IS,https://www.ourmidland.com/news/article/Israeli-police-shoot-dead-Palestinian-who-killed-16638905.php
20211122,1015486962,20211122,HAMAS,PSE,ISRAEL,ISR,192,영토 점령,19,4,-9.5,36,9,36,-8.48631933135686,"Gaza, Israel (general), Israel",IS,https://www.ourmidland.com/news/article/Israeli-police-shoot-dead-Palestinian-who-killed-16638905.php
20211122,1015486964,20211122,HAMAS,PSE,ISRAELI,ISR,193,소형무기·경무기를 이용한 전투,19,4,-10.0,48,6,48,-8.30024857732922,"Jerusalem, Israel (general), Israel",IS,https://www.ourmidland.com/news/article/Israeli-police-shoot-dead-Palestinian-who-killed-16638905.php
20211122,1015492396,20211122,ISRAEL,ISR,IRAN,IRN,138,군사력 사용 위협,13,3,-7.0,8,1,8,-1.62342767295597,Israel,IS,https://www.israelnationalnews.com/News/Flash.aspx/558577
20211122,1015492397,20211122,ISRAEL,ISR,IRAN,IRN,138,군사력 사용 위협,13,3,-7.0,6,2,6,-1.95131056533502,Israel,IS,https://www.israelnationalnews.com/News/Flash.aspx/558577
20211122,1015492398,20211122,ISRAEL,ISR,IRAN,IRN,190,재래식 군사력 사용,19,4,-10.0,5,1,5,-2.83018867924528,Israel,IS,https://www.israelnationalnews.com/News/Flash.aspx/558577
20211122,1015493557,20211122,ISRAELI,ISR,WEST BANK,PSE,195,공중무기 사용,19,4,-10.0,8,4,8,-7.48262332392938,"Jerusalem, Israel (general), Israel",IS,https://news.yahoo.com/hamas-gunman-kills-one-wounds-142610790.html
20211122,1015493558,20211122,ISRAELI,ISR,WEST BANK,PSE,195,공중무기 사용,19,4,-10.0,6,3,6,-7.59352419108472,"Jerusalem, Israel (general), Israel",IS,https://news.yahoo.com/hamas-gunman-kills-one-wounds-142610790.html
20211122,1015493566,20211122,ISRAELI,ISR,WEST BANK,PSE,195,공중무기 사용,19,4,-10.0,24,4,24,-7.48262332392938,"Jerusalem, Israel (general), Israel",IS,https://news.yahoo.com/hamas-gunman-kills-one-wounds-142610790.html
20211122,1015493758,20211122,PALESTINIAN,PSE,JAFFA,ISR,190,재래식 군사력 사용,19,4,-10.0,12,2,12,-7.7381123735836,"Jerusalem, Israel (general), Israel",IS,https://news.yahoo.com/hamas-gunman-kills-one-wounds-142610790.html
20211122,1015493759,20211122,PALESTINIAN,PSE,JAFFA,ISR,190,재래식 군사력 사용,19,4,-10.0,4,2,4,-7.7381123735836,"Jerusalem, Israel (general), Israel",IS,https://news.yahoo.com/hamas-gunman-kills-one-wounds-142610790.html
20211122,1015493760,20211122,PALESTINIAN,PSE,JAFFA,ISR,190,재래식 군사력 사용,19,4,-10.0,70,17,62,-7.46988361107313,"Jerusalem, Israel (general), Israel",IS,https://news.yahoo.com/hamas-gunman-kills-one-wounds-142610790.html
20211122,1015493761,20211122,PALESTINIAN,PSE,JERUSALEM,ISR,193,소형무기·경무기를 이용한 전투,19,4,-10.0,4,1,4,-4.73157415832575,"Sheikh Jarrah, Yerushalayim, Israel",IS,https://www.breitbart.com/politics/2021/11/21/hamas-terrorist-opens-fire-in-jerusalem-killing-one-injuring-four/
20211122,1015493762,20211122,PALESTINIAN,PSE,ISRAEL,ISR,193,소형무기·경무기를 이용한 전투,19,4,-10.0,4,2,4,-7.7381123735836,"Nablus, West Bank (general), West Bank",WE,https://news.yahoo.com/hamas-gunman-kills-one-wounds-142610790.html
20211122,1015493763,20211122,PALESTINIAN,PSE,JERUSALEM,ISR,193,소형무기·경무기를 이용한 전투,19,4,-10.0,35,10,35,-6.85538954282735,"Jerusalem, Israel (general), Israel",IS,https://news.yahoo.com/hamas-gunman-kills-one-wounds-142610790.html
20211122,1015493764,20211122,PALESTINIAN,PSE,JERUSALEM,ISR,193,소형무기·경무기를 이용한 전투,19,4,-10.0,4,1,4,-4.73157415832575,"Gaza, Israel (general), Israel",IS,https://www.breitbart.com/politics/2021/11/21/hamas-terrorist-opens-fire-in-jerusalem-killing-one-injuring-four/
20211122,1015493776,20211122,PALESTINIAN,PSE,JERUSALEM,ISR,193,소형무기·경무기를 이용한 전투,19,4,-10.0,4,1,4,-4.73157415832575,"Sheikh Jarrah, Yerushalayim, Israel",IS,https://www.breitbart.com/politics/2021/11/21/hamas-terrorist-opens-fire-in-jerusalem-killing-one-injuring-four/
20211122,1015494870,20211122,ISRAELI,ISR,PALESTINIAN,PSE,190,재래식 군사력 사용,19,4,-10.0,1,1,1,-5.28776978417266,"Nablus, West Bank (general), West Bank",WE,https://schema-root.org/region/middle_east/palestine/militants/hamas/
20211122,1015494871,20211122,ISRAELI,ISR,PALESTINIAN,PSE,190,재래식 군사력 사용,19,4,-10.0,1,1,1,-5.28776978417266,"Nablus, West Bank (general), West Bank",WE,https://schema-root.org/region/middle_east/palestine/militants/hamas/
20211122,1015494872,20211122,ISRAELI,ISR,PALESTINIAN,PSE,190,재래식 군사력 사용,19,4,-10.0,2,1,2,-5.80357142857143,"Bethlehem, West Bank (general), West Bank",WE,https://schema-root.org/region/middle_east/palestine/israel/government/police/
20211122,1015494873,20211122,ISRAELI,ISR,PALESTINIAN,PSE,190,재래식 군사력 사용,19,4,-10.0,39,10,37,-6.98922299707333,"Jerusalem, Israel (general), Israel",IS,https://schema-root.org/region/middle_east/palestine/israel/government/police/
20211122,1015494874,20211122,ISRAEL,ISR,WEST BANK,PSE,192,영토 점령,19,4,-9.5,4,1,4,-5.80357142857143,"Jerusalem, Israel (general), Israel",IS,https://schema-root.org/region/middle_east/palestine/israel/government/police/
20211122,1015494875,20211122,ISRAELI,ISR,PALESTINIAN,PSE,193,소형무기·경무기를 이용한 전투,19,4,-10.0,2,1,2,-5.80357142857143,"Jerusalem, Israel (general), Israel",IS,https://schema-root.org/region/middle_east/palestine/israel/government/police/
20211122,1015494910,20211122,ISRAELI,ISR,PALESTINIAN,PSE,190,재래식 군사력 사용,19,4,-10.0,4,1,4,-5.80357142857143,"Bethlehem, West Bank (general), West Bank",WE,https://schema-root.org/region/middle_east/palestine/israel/government/police/
20211122,1015494911,20211122,ISRAEL,ISR,PALESTINIAN,PSE,190,재래식 군사력 사용,19,4,-10.0,2,1,2,-5.80357142857143,"Jerusalem, Israel (general), Israel",IS,https://schema-root.org/region/middle_east/palestine/israel/government/police/
20211122,1015494912,20211122,ISRAELI,ISR,GAZA,PSE,190,재래식 군사력 사용,19,4,-10.0,6,1,6,-5.80357142857143,"Jerusalem, Israel (general), Israel",IS,https://schema-root.org/region/middle_east/palestine/israel/government/police/
20211122,1015495082,20211122,PALESTINIAN,PSE,IRAN,IRN,192,영토 점령,19,4,-9.5,1,1,1,-5.80357142857143,"Jerusalem, Israel (general), Israel",IS,https://schema-root.org/region/middle_east/palestine/israel/government/police/
20211122,1015495083,20211122,PALESTINIAN,PSE,IRAN,IRN,192,영토 점령,19,4,-9.5,1,1,1,-5.80357142857143,Turkey,TU,https://schema-root.org/region/middle_east/palestine/israel/government/police/
20211122,1015495089,20211122,PALESTINIAN,PSE,ISRAEL,ISR,190,재래식 군사력 사용,19,4,-10.0,2,1,2,-5.80357142857143,"Aqraba, West Bank (general), West Bank",WE,https://schema-root.org/region/middle_east/palestine/israel/government/police/
20211122,1015495090,20211122,WEST BANK,PSE,ISRAEL,ISR,190,재래식 군사력 사용,19,4,-10.0,6,1,6,-5.80357142857143,"Aqraba, West Bank (general), West Bank",WE,https://schema-root.org/region/middle_east/palestine/israel/government/police/
20211122,1015495091,20211122,PALESTINIAN,PSE,ISRAELI,ISR,190,재래식 군사력 사용,19,4,-10.0,2,1,2,-5.80357142857143,"Bethlehem, West Bank (general), West Bank",WE,https://schema-root.org/region/middle_east/palestine/israel/government/police/
20211122,1015495092,20211122,PALESTINIAN,PSE,ISRAELI,ISR,190,재래식 군사력 사용,19,4,-10.0,1,1,1,-5.28776978417266,"Tel Aviv, Tel Aviv, Israel",IS,https://schema-root.org/region/middle_east/palestine/militants/hamas/
20211122,1015495093,20211122,PALESTINIAN,PSE,ISRAELI,ISR,190,재래식 군사력 사용,19,4,-10.0,1,1,1,-5.28776978417266,"Nablus, West Bank (general), West Bank",WE,https://schema-root.org/region/middle_east/palestine/militants/hamas/
20211122,1015495094,20211122,WEST BANK,PSE,ISRAEL,ISR,190,재래식 군사력 사용,19,4,-10.0,4,1,4,-5.80357142857143,"Jerusalem, Israel (general), Israel",IS,https://schema-root.org/region/middle_east/palestine/israel/government/police/
20211122,1015495095,20211122,PALESTINIAN,PSE,ISRAELI,ISR,192,영토 점령,19,4,-9.5,2,1,2,-5.80357142857143,"Jerusalem, Israel (general), Israel",IS,https://schema-root.org/region/middle_east/palestine/israel/government/police/
20211122,1015495097,20211122,PALESTINIAN,PSE,ISRAELI,ISR,190,재래식 군사력 사용,19,4,-10.0,4,1,4,-5.80357142857143,"Bethlehem, West Bank (general), West Bank",WE,https://schema-root.org/region/middle_east/palestine/israel/government/police/
20211122,1015495098,20211122,PALESTINIAN,PSE,ISRAEL,ISR,190,재래식 군사력 사용,19,4,-10.0,2,1,2,-5.80357142857143,"Jerusalem, Israel (general), Israel",IS,https://schema-root.org/region/middle_east/palestine/israel/government/police/
20211122,1015495099,20211122,GAZA,PSE,ISRAELI,ISR,190,재래식 군사력 사용,19,4,-10.0,6,1,6,-5.80357142857143,"Jerusalem, Israel (general), Israel",IS,https://schema-root.org/region/middle_east/palestine/israel/government/police/
20211122,1015495113,20211122,HAMAS,PSE,ISRAEL,ISR,163,금수·보이콧·제재 부과,16,4,-8.0,4,1,4,-5.28776978417266,"Gaza, Israel (general), Israel",IS,https://schema-root.org/region/middle_east/palestine/militants/hamas/
20211122,1015496285,20211122,HAMAS,PSE,ISRAEL,ISR,138,군사력 사용 위협,13,3,-7.0,35,7,35,-8.53536613205716,"Jerusalem, Israel (general), Israel",IS,https://www.dailyadvance.com/news/world/hamas-gunman-kills-1-before-israeli-police-shoot-him-dead/article_a37020bc-a89c-5958-9b1b-dc7af11cb572.html
20211122,1015497195,20211122,ISRAEL,ISR,IRAN,IRN,190,재래식 군사력 사용,19,4,-10.0,5,1,5,-0.416666666666661,Iran,IR,https://www.israelnationalnews.com/News/News.aspx/317332
20211122,1015498422,20211122,ISRAEL,ISR,IRAN,IRN,138,군사력 사용 위협,13,3,-7.0,14,3,14,-3.51592933670399,"Jerusalem, Israel (general), Israel",IS,https://www.timesofisrael.com/nyt-us-warns-israel-attacks-on-iran-nuclear-program-are-counterproductive/
20211122,1015498423,20211122,ISRAEL,ISR,IRAN,IRN,138,군사력 사용 위협,13,3,-7.0,1,1,1,-1.5224358974359,"Tehran, Tehran, Iran",IR,https://www.timesofisrael.com/nyt-us-warns-israel-attacks-on-iran-nuclear-program-are-counterproductive/
20211122,1015500499,20211122,ISRAELI,ISR,WEST BANK,PSE,195,공중무기 사용,19,4,-10.0,4,2,4,-6.72304005477577,"Jerusalem, Israel (general), Israel",IS,https://www.thenews.com.pk/print/910689-hamas-militant-kills-one-injures-four-before-being-shot-dead
20211122,1015500501,20211122,ISRAELI,ISR,WEST BANK,PSE,195,공중무기 사용,19,4,-10.0,12,2,12,-6.72304005477577,"Jerusalem, Israel (general), Israel",IS,https://www.thenews.com.pk/print/910689-hamas-militant-kills-one-injures-four-before-being-shot-dead
20211122,1015500684,20211122,PALESTINIAN,PSE,ISRAEL,ISR,193,소형무기·경무기를 이용한 전투,19,4,-10.0,1,1,1,-7.30434782608696,"Shuafat, West Bank (general), West Bank",WE,https://www.thenews.com.pk/print/910689-hamas-militant-kills-one-injures-four-before-being-shot-dead
20211122,1015506281,20211122,ISRAEL,ISR,WEST BANK,PSE,190,재래식 군사력 사용,19,4,-10.0,4,2,4,-7.22713427427517,"Jerusalem, Israel (general), Israel",IS,https://www.jacarandafm.com/news/news/south-african-man-shot-dead-israel/
20211122,1015506282,20211122,ISRAELI,ISR,PALESTINIAN,PSE,193,소형무기·경무기를 이용한 전투,19,4,-10.0,12,2,12,-8.81719906110151,"Sheikh Jarrah, Yerushalayim, Israel",IS,http://english.pnn.ps/2021/11/21/israeli-forces-shoot-dead-palestinian-man-in-old-city-of-al-quds/
20211122,1015506283,20211122,ISRAELI,ISR,WEST BANK,PSE,195,공중무기 사용,19,4,-10.0,6,3,6,-6.86533361067163,United Kingdom,UK,https://www.jacarandafm.com/news/news/south-african-man-shot-dead-israel/
20211122,1015506293,20211122,ISRAELI,ISR,PALESTINIAN,PSE,193,소형무기·경무기를 이용한 전투,19,4,-10.0,6,2,6,-8.81719906110151,"Jerusalem, Israel (general), Israel",IS,http://english.pnn.ps/2021/11/21/israeli-forces-shoot-dead-palestinian-man-in-old-city-of-al-quds/
20211122,1015506572,20211122,HAMAS,PSE,JERUSALEM,ISR,193,소형무기·경무기를 이용한 전투,19,4,-10.0,25,3,25,-6.3486652249217,"Jerusalem, Israel (general), Israel",IS,https://www.bssnews.net/international/29405
20211122,1015506582,20211122,HAMAS,PSE,ISRAELI,ISR,190,재래식 군사력 사용,19,4,-10.0,25,3,22,-6.82555772415517,"Jerusalem, Israel (general), Israel",IS,https://www.jewishpress.com/news/israel/jerusalem/eliyahu-kay-oleh-from-south-africa-is-israeli-murdered-by-hamas-terrorist/2021/11/21/
20211122,1015508649,20211122,ISRAELI,ISR,PALESTINIAN,PSE,193,소형무기·경무기를 이용한 전투,19,4,-10.0,14,2,10,-7.93211128576982,"Tel Aviv, Tel Aviv, Israel",IS,https://www.tasnimnews.com/en/news/2021/11/22/2612271/al-quds-operation-natural-reaction-to-israel-s-crimes-hezbollah
20211122,1015508650,20211122,ISRAEL,ISR,PALESTINIAN,PSE,193,소형무기·경무기를 이용한 전투,19,4,-10.0,1,1,1,-6.08187134502924,South Africa,SF,https://www.israelnationalnews.com/News/News.aspx/317340
20211122,1015508651,20211122,ISRAEL,ISR,PALESTINIAN,PSE,193,소형무기·경무기를 이용한 전투,19,4,-10.0,1,1,1,-6.08187134502924,South Africa,SF,https://www.israelnationalnews.com/News/News.aspx/317340
20211122,1015508655,20211122,ISRAELI,ISR,PALESTINIAN,PSE,193,소형무기·경무기를 이용한 전투,19,4,-10.0,4,2,4,-7.93211128576982,"Tel Aviv, Tel Aviv, Israel",IS,https://www.tasnimnews.com/en/news/2021/11/22/2612271/al-quds-operation-natural-reaction-to-israel-s-crimes-hezbollah
20211122,1015508888,20211122,PALESTINIAN,PSE,JERUSALEM,ISR,1384,재래식 군사 공격 위협,13,3,-7.0,1,1,1,-6.08187134502924,South Africa,SF,https://www.israelnationalnews.com/News/News.aspx/317340
20211122,1015511859,20211122,SAUDI ARABIA,SAU,IRANIAN,IRN,194,포병·전차를 이용한 전투,19,4,-10.0,4,1,4,-2.84237726098191,"Riyadh, Ar Riya?, Saudi Arabia",SA,https://ariananews.af/fatalities-more-than-20-hurt-after-vehicle-ploughs-through-parade-in-wisconsin/
20211122,1015511860,20211122,SAUDI ARABIA,SAU,IRANIAN,IRN,194,포병·전차를 이용한 전투,19,4,-10.0,1,1,1,-2.84237726098191,"Riyadh, Ar Riya?, Saudi Arabia",SA,https://ariananews.af/fatalities-more-than-20-hurt-after-vehicle-ploughs-through-parade-in-wisconsin/
20211122,1015518485,20211122,ISRAEL,ISR,IRANIAN,IRN,138,군사력 사용 위협,13,3,-7.0,1,1,1,-2.60707635009311,"Tehran, Tehran, Iran",IR,https://www.haaretz.com/israel-news/report-u-s-warned-israel-attacks-on-iranian-nuke-facilities-are-counterproductive-1.10405407
20211122,1015518486,20211122,ISRAEL,ISR,IRANIAN,IRN,138,군사력 사용 위협,13,3,-7.0,2,1,2,-2.60707635009311,Israel,IS,https://www.haaretz.com/israel-news/report-u-s-warned-israel-attacks-on-iranian-nuke-facilities-are-counterproductive-1.10405407
20211122,1015518492,20211122,ISRAEL,ISR,PALESTINIAN,PSE,190,재래식 군사력 사용,19,4,-10.0,2,1,2,-1.171875,"Jerusalem, Israel (general), Israel",IS,https://www.news24.com/news24/SouthAfrica/News/he-treated-everyone-with-love-and-respect-fiancee-of-sa-born-man-killed-in-jerusalem-attack-20211122
20211122,1015518493,20211122,ISRAELI,ISR,PALESTINIAN,PSE,190,재래식 군사력 사용,19,4,-10.0,5,1,5,-1.171875,"Jerusalem, Israel (general), Israel",IS,https://www.news24.com/news24/SouthAfrica/News/he-treated-everyone-with-love-and-respect-fiancee-of-sa-born-man-killed-in-jerusalem-attack-20211122
20211122,1015518494,20211122,ISRAEL,ISR,PALESTINIAN,PSE,190,재래식 군사력 사용,19,4,-10.0,1,1,1,-1.171875,South Africa,SF,https://www.news24.com/news24/SouthAfrica/News/he-treated-everyone-with-love-and-respect-fiancee-of-sa-born-man-killed-in-jerusalem-attack-20211122
20211122,1015518499,20211122,ISRAELI,ISR,PALESTINIAN,PSE,190,재래식 군사력 사용,19,4,-10.0,1,1,1,-8.55855855855856,"Jerusalem, Israel (general), Israel",IS,http://english.wafa.ps/Pages/Details/126900
20211122,1015526705,20211122,YEMENI,YEM,SAUDI ARABIA,SAU,190,재래식 군사력 사용,19,4,-10.0,7,1,7,-6.09137055837564,"Riyadh, Ar Riya?, Saudi Arabia",SA,https://www.presstv.ir/Detail/2021/11/22/671116/Yemeni-minister-warns-more-painful-strikes-await-Riyadh
20211122,1015526706,20211122,YEMEN,YEM,SAUDI,SAU,190,재래식 군사력 사용,19,4,-10.0,1,1,1,-6.09137055837564,"Riyadh, Ar Riya?, Saudi Arabia",SA,https://www.presstv.ir/Detail/2021/11/22/671116/Yemeni-minister-warns-more-painful-strikes-await-Riyadh
20211122,1015528418,20211122,YEMEN,YEM,SAUDI ARABIAN,SAU,190,재래식 군사력 사용,19,4,-10.0,10,1,10,-8.33333333333333,"Jeddah, Makkah, Saudi Arabia",SA,https://www.zawya.com/mena/en/markets/story/Mideast_Stocks_Saudi_bourse_on_course_to_extend_losses_after_drone_attacks-TR20211122nL1N2SD0H8X1/
20211122,1015529758,20211122,ISRAEL,ISR,IRAN,IRN,190,재래식 군사력 사용,19,4,-10.0,5,1,5,-4.85933503836317,"Tehran, Tehran, Iran",IR,https://hamodia.com/2021/11/22/report-u-s-warns-israel-attacks-on-iran-nuclear-facilities-counterproductive/
20211122,1015537406,20211122,ISRAEL,ISR,IRAN,IRN,190,재래식 군사력 사용,19,4,-10.0,2,1,2,-0.74183976261128,"Gaza, Israel (general), Israel",IS,https://www.haaretz.com/israel-news/bennett-eyes-new-toys-israel-army-iran-hezbollah-syria-missiles-1.10402561
20211122,1015537407,20211122,ISRAEL,ISR,IRAN,IRN,190,재래식 군사력 사용,19,4,-10.0,8,1,8,-0.74183976261128,"Gaza, Israel (general), Israel",IS,https://www.haaretz.com/israel-news/bennett-eyes-new-toys-israel-army-iran-hezbollah-syria-missiles-1.10402561
20211122,1015539492,20211122,HAMAS,PSE,ISRAELI,ISR,190,재래식 군사력 사용,19,4,-10.0,4,1,4,-6.32911392405064,"Jerusalem, Israel (general), Israel",IS,https://www.euronews.com/2021/11/22/israel-palestinians-jerusalem-int
20211122,1015539493,20211122,HAMAS,PSE,ISRAELI,ISR,190,재래식 군사력 사용,19,4,-10.0,2,1,2,-6.32911392405064,South Africa,SF,https://www.euronews.com/2021/11/22/israel-palestinians-jerusalem-int
20211122,1015543434,20211122,HAMAS,PSE,ISRAELI,ISR,190,재래식 군사력 사용,19,4,-10.0,18,3,18,-9.03326924145861,"Gaza, Israel (general), Israel",IS,https://blogs.timesofisrael.com/academias-disturbing-distortion-of-the-israeli-palestinian-conflict/
20211122,1015547707,20211122,PALESTINIAN,PSE,ISRAELI,ISR,192,영토 점령,19,4,-9.5,6,1,6,-6.70553935860058,Israel,IS,https://www.americanthinker.com/blog/2021/11/a_domestic_terror_attack_strikes_a_milwaukee_suburb.html
20211122,1015550992,20211122,BAHRAIN,BHR,IRAN,IRN,138,군사력 사용 위협,13,3,-7.0,2,1,2,-21.4285714285714,Bahrain,BA,https://www.jpost.com/breaking-news/bahrain-says-it-foiled-planned-attack-confiscated-iranian-weapons-and-explosives-685668
20211122,1015551966,20211122,TURKEY,TUR,SYRIA,SYR,190,재래식 군사력 사용,19,4,-10.0,16,2,16,-8.3969465648855,"Aleppo, ?alab, Syria",SY,http://sana.sy/en/?p=255402
20211122,1015554117,20211122,ISRAEL,ISR,IRAN,IRN,190,재래식 군사력 사용,19,4,-10.0,5,1,5,-4.8,"Jerusalem, Israel (general), Israel",IS,https://www.clevelandjewishnews.com/jns/report-us-warns-israel-attacks-on-iran-nuclear-facilities-counterproductive/article_f1724464-2f10-5034-a87a-aee64161323d.html
20211122,1015556638,20211122,BAHRAIN,BHR,IRAN,IRN,138,군사력 사용 위협,13,3,-7.0,2,1,2,-11.9047619047619,Iran,IR,https://www.arabnews.com/node/1972961/middle-east
20211122,1015557175,20211122,ISRAEL,ISR,WEST BANK,PSE,190,재래식 군사력 사용,19,4,-10.0,2,1,2,-9.02061855670103,"Jerusalem, Israel (general), Israel",IS,http://english.wafa.ps/Pages/Details/126901
20211122,1015559995,20211122,BAHRAIN,BHR,IRAN,IRN,138,군사력 사용 위협,13,3,-7.0,8,4,8,-10.0060448582616,Bahrain,BA,https://wincountry.com/2021/11/22/bahrain-says-it-foiled-planned-attack-confiscated-iranian-weapons-and-explosives/
20211122,1015560659,20211122,IRAN,IRN,SYRIA,SYR,190,재래식 군사력 사용,19,4,-10.0,2,1,2,-2.34260614934115,"Aleppo, ?alab, Syria",SY,https://www.presstv.ir/Detail/2021/11/22/671123/Syrians-bid-Iranian-anti-terror-commander-fond-farewell-at-end-of-mission
20211122,1015560687,20211122,ISRAELI,ISR,PALESTINIAN,PSE,193,소형무기·경무기를 이용한 전투,19,4,-10.0,2,1,2,-4.32692307692307,Israel,IS,https://www.presstv.ir/Detail/2021/11/22/671125/Palestinians-rally-support-al-Quds-operation
20211122,1015560688,20211122,ISRAELI,ISR,PALESTINIAN,PSE,193,소형무기·경무기를 이용한 전투,19,4,-10.0,6,1,5,-4.32692307692307,Israel,IS,https://www.presstv.ir/Detail/2021/11/22/671125/Palestinians-rally-support-al-Quds-operation
20211122,1015560690,20211122,ISRAEL,ISR,HAMAS,PSE,193,소형무기·경무기를 이용한 전투,19,4,-10.0,99,17,99,-12.6931773900745,"Jerusalem, Israel (general), Israel",IS,https://www.sfgate.com/news/article/Israel-announces-Hamas-arrests-day-after-deadly-16640849.php
20211122,1015560712,20211122,ISRAELI,ISR,PALESTINIAN,PSE,193,소형무기·경무기를 이용한 전투,19,4,-10.0,2,1,2,-4.32692307692307,Israel,IS,https://www.presstv.ir/Detail/2021/11/22/671125/Palestinians-rally-support-al-Quds-operation
20211122,1015562841,20211122,IRAQ,IRQ,SYRIA,SYR,193,소형무기·경무기를 이용한 전투,19,4,-10.0,3,2,3,-4.22016927260131,"Nazdar, Batman, Turkey",TU,https://www.aljazeera.com/news/2021/11/22/refugees-crossing-polish-border-recite-tales-of-horror
20211122,1015562842,20211122,IRAQ,IRQ,SYRIA,SYR,193,소형무기·경무기를 이용한 전투,19,4,-10.0,3,2,3,-4.22016927260131,Syria,SY,https://www.aljazeera.com/news/2021/11/22/refugees-crossing-polish-border-recite-tales-of-horror
20211122,1015562843,20211122,IRAQ,IRQ,SYRIA,SYR,193,소형무기·경무기를 이용한 전투,19,4,-10.0,6,2,6,-4.22016927260131,Syria,SY,https://www.aljazeera.com/news/2021/11/22/refugees-crossing-polish-border-recite-tales-of-horror
20211122,1015562846,20211122,IRAQ,IRQ,TURKEY,TUR,193,소형무기·경무기를 이용한 전투,19,4,-10.0,3,2,3,-4.22016927260131,"Nazdar, Batman, Turkey",TU,https://www.aljazeera.com/news/2021/11/22/refugees-crossing-polish-border-recite-tales-of-horror
20211122,1015562847,20211122,IRAQ,IRQ,TURKEY,TUR,193,소형무기·경무기를 이용한 전투,19,4,-10.0,9,2,9,-4.22016927260131,Syria,SY,https://www.aljazeera.com/news/2021/11/22/refugees-crossing-polish-border-recite-tales-of-horror
20211122,1015562857,20211122,ISRAEL,ISR,IRAN,IRN,190,재래식 군사력 사용,19,4,-10.0,5,1,5,-4.22535211267606,"Vienna, Wien, Austria",AU,https://www.jns.org/report-us-warns-israel-attacks-on-iran-nuclear-facilities-counterproductive/
20211122,1015563088,20211122,SYRIA,SYR,TURKEY,TUR,193,소형무기·경무기를 이용한 전투,19,4,-10.0,3,2,3,-4.22016927260131,Syria,SY,https://www.aljazeera.com/news/2021/11/22/refugees-crossing-polish-border-recite-tales-of-horror
20211122,1015563093,20211122,TURKEY,TUR,SYRIA,SYR,193,소형무기·경무기를 이용한 전투,19,4,-10.0,3,2,3,-4.22016927260131,Syria,SY,https://www.aljazeera.com/news/2021/11/22/refugees-crossing-polish-border-recite-tales-of-horror
20211122,1015566321,20211122,PALESTINIAN,PSE,JERUSALEM,ISR,190,재래식 군사력 사용,19,4,-10.0,12,2,12,-6.807993313578,"Jerusalem, Israel (general), Israel",IS,https://www.albawaba.com/news/israeli-forces-raid-jerusalem-governor%E2%80%99s-house-4-injured-1455958
20211122,1015567883,20211122,YEMEN,YEM,SAUDI ARABIAN,SAU,190,재래식 군사력 사용,19,4,-10.0,20,2,20,-5.54535519125683,Qatar,QA,https://www.reuters.com/markets/stocks/saudi-bourse-suffers-biggest-fall-over-year-after-drone-attacks-2021-11-22/
20211122,1015569831,20211122,HAMAS,PSE,JERUSALEM,ISR,190,재래식 군사력 사용,19,4,-10.0,41,3,41,-5.76360859210377,"Jerusalem, Israel (general), Israel",IS,https://www.timesofisrael.com/liveblog_entry/netanyahu-accuses-government-of-being-soft-on-hamas-iran/
20211122,1015569832,20211122,HAMAS,PSE,JERUSALEM,ISR,190,재래식 군사력 사용,19,4,-10.0,2,1,2,-2.04081632653061,Iran,IR,https://www.timesofisrael.com/liveblog_entry/netanyahu-accuses-government-of-being-soft-on-hamas-iran/
20211122,1015571815,20211122,PALESTINIAN,PSE,ISRAELI,ISR,193,소형무기·경무기를 이용한 전투,19,4,-10.0,2,1,2,-6.2200956937799,"Jerusalem, Israel (general), Israel",IS,https://www.middleeasteye.net/news/israel-palestine-jerusalem-shooting-minister-aqsa-gates-metal-detectors
20211122,1015575159,20211122,PALESTINIAN,PSE,ISRAEL,ISR,190,재래식 군사력 사용,19,4,-10.0,2,1,2,-7.86240786240786,"Shuafat, West Bank (general), West Bank",WE,https://www.msn.com/en-us/news/world/thousands-at-funeral-of-israeli-slain-in-attack/ar-AAQZWBX
20211122,1015575160,20211122,WEST BANK,PSE,ISRAEL,ISR,195,공중무기 사용,19,4,-10.0,4,4,4,-7.07645823471512,"Jerusalem, Israel (general), Israel",IS,https://www.msn.com/en-us/news/world/thousands-at-funeral-of-israeli-slain-in-attack/ar-AAQZWBX
20211122,1015575161,20211122,WEST BANK,PSE,ISRAEL,ISR,195,공중무기 사용,19,4,-10.0,5,4,5,-6.47694577013949,"Jerusalem, Israel (general), Israel",IS,https://www.msn.com/en-us/news/world/thousands-at-funeral-of-israeli-slain-in-attack/ar-AAQZWBX
20211122,1015575162,20211122,PALESTINIAN,PSE,ISRAEL,ISR,190,재래식 군사력 사용,19,4,-10.0,2,1,2,-7.86240786240786,"Jerusalem, Israel (general), Israel",IS,https://www.msn.com/en-us/news/world/thousands-at-funeral-of-israeli-slain-in-attack/ar-AAQZWBX
20211122,1015576417,20211122,ISRAEL,ISR,WEST BANK,PSE,190,재래식 군사력 사용,19,4,-10.0,3,1,3,-7.26141078838174,"Hebron, Israel (general), Israel",IS,https://www.timesofisrael.com/shin-bet-forces-thwart-major-hamas-terror-plans-nab-dozens-of-members/
20211122,1015576418,20211122,ISRAELI,ISR,PALESTINIAN,PSE,190,재래식 군사력 사용,19,4,-10.0,2,1,2,-8.07560137457045,"Burqin, West Bank (general), West Bank",WE,https://www.jpost.com/breaking-news/shin-bet-catches-large-hamas-terrorist-network-in-west-bank-685670
20211122,1015576419,20211122,ISRAELI,ISR,WEST BANK,PSE,190,재래식 군사력 사용,19,4,-10.0,1,1,1,-7.26141078838174,"Ramallah, West Bank (general), West Bank",WE,https://www.timesofisrael.com/shin-bet-forces-thwart-major-hamas-terror-plans-nab-dozens-of-members/
20211122,1015576420,20211122,ISRAEL,ISR,PALESTINIAN,PSE,190,재래식 군사력 사용,19,4,-10.0,2,1,2,-8.07560137457045,"Burqin, West Bank (general), West Bank",WE,https://www.jpost.com/breaking-news/shin-bet-catches-large-hamas-terrorist-network-in-west-bank-685670
20211122,1015576421,20211122,ISRAELI,ISR,PALESTINIAN,PSE,190,재래식 군사력 사용,19,4,-10.0,6,1,6,-8.07560137457045,"Gaza, Israel (general), Israel",IS,https://www.jpost.com/breaking-news/shin-bet-catches-large-hamas-terrorist-network-in-west-bank-685670
20211122,1015576427,20211122,ISRAEL,ISR,HAMAS,PSE,138,군사력 사용 위협,13,3,-7.0,10,1,10,-9.32203389830508,"Jerusalem, Israel (general), Israel",IS,https://www.haaretz.com/israel-news/.premium-israel-arrests-dozens-of-hamas-operatives-suspected-of-planning-terror-attacks-1.10406378
20211122,1015576448,20211122,ISRAELI,ISR,WEST BANK,PSE,138,군사력 사용 위협,13,3,-7.0,3,1,3,-7.26141078838174,"Jenin, West Bank (general), West Bank",WE,https://www.timesofisrael.com/shin-bet-forces-thwart-major-hamas-terror-plans-nab-dozens-of-members/
20211122,1015576449,20211122,ISRAELI,ISR,WEST BANK,PSE,190,재래식 군사력 사용,19,4,-10.0,3,1,3,-7.26141078838174,"Jenin, West Bank (general), West Bank",WE,https://www.timesofisrael.com/shin-bet-forces-thwart-major-hamas-terror-plans-nab-dozens-of-members/
20211122,1015576460,20211122,ISRAEL,ISR,WEST BANK,PSE,190,재래식 군사력 사용,19,4,-10.0,4,1,4,-3.55029585798817,Israel,IS,https://www.haaretz.com/.premium-health-minister-slams-right-wing-ministers-for-no-show-at-settler-violence-summit-1.10406541
20211122,1015576489,20211122,HASSAN,JOR,WEST BANK,PSE,190,재래식 군사력 사용,19,4,-10.0,1,1,1,-7.26141078838174,"Burqin, West Bank (general), West Bank",WE,https://www.timesofisrael.com/shin-bet-forces-thwart-major-hamas-terror-plans-nab-dozens-of-members/
20211122,1015576490,20211122,HASSAN,JOR,WEST BANK,PSE,190,재래식 군사력 사용,19,4,-10.0,2,1,2,-7.26141078838174,"Burqin, West Bank (general), West Bank",WE,https://www.timesofisrael.com/shin-bet-forces-thwart-major-hamas-terror-plans-nab-dozens-of-members/
20211122,1015576776,20211122,PALESTINIAN,PSE,ISRAELI,ISR,190,재래식 군사력 사용,19,4,-10.0,2,1,2,-8.07560137457045,"Burqin, West Bank (general), West Bank",WE,https://www.jpost.com/breaking-news/shin-bet-catches-large-hamas-terrorist-network-in-west-bank-685670
20211122,1015576777,20211122,PALESTINIAN,PSE,ISRAEL,ISR,190,재래식 군사력 사용,19,4,-10.0,2,1,2,-8.07560137457045,"Burqin, West Bank (general), West Bank",WE,https://www.jpost.com/breaking-news/shin-bet-catches-large-hamas-terrorist-network-in-west-bank-685670
20211122,1015576778,20211122,PALESTINIAN,PSE,ISRAELI,ISR,190,재래식 군사력 사용,19,4,-10.0,6,1,6,-8.07560137457045,"Gaza, Israel (general), Israel",IS,https://www.jpost.com/breaking-news/shin-bet-catches-large-hamas-terrorist-network-in-west-bank-685670
20211122,1015576779,20211122,WEST BANK,PSE,ISRAELI,ISR,190,재래식 군사력 사용,19,4,-10.0,1,1,1,-7.26141078838174,"Ramallah, West Bank (general), West Bank",WE,https://www.timesofisrael.com/shin-bet-forces-thwart-major-hamas-terror-plans-nab-dozens-of-members/
20211122,1015576788,20211122,WEST BANK,PSE,ISRAEL,ISR,190,재래식 군사력 사용,19,4,-10.0,4,1,4,-3.55029585798817,Israel,IS,https://www.haaretz.com/.premium-health-minister-slams-right-wing-ministers-for-no-show-at-settler-violence-summit-1.10406541
20211122,1015576802,20211122,HAMAS,PSE,ISRAEL,ISR,190,재래식 군사력 사용,19,4,-10.0,2,1,2,-3.79061371841156,"Modiin, Israel (general), Israel",IS,https://www.timesofisrael.com/best-of-the-best-thousands-of-mourners-attend-funeral-for-terror-victim-eli-kay/
20211122,1015576815,20211122,HAMAS,PSE,ISRAEL,ISR,190,재래식 군사력 사용,19,4,-10.0,6,1,6,-7.44680851063829,"Modiin, Israel (general), Israel",IS,https://www.haaretz.com/israel-news/.premium-victim-of-jerusalem-shooting-attack-south-african-immigrant-laid-to-rest-1.10406332
20211122,1015576816,20211122,HAMAS,PSE,JERUSALEM,ISR,193,소형무기·경무기를 이용한 전투,19,4,-10.0,3,1,3,-7.44680851063829,"Jerusalem, Israel (general), Israel",IS,https://www.haaretz.com/israel-news/.premium-victim-of-jerusalem-shooting-attack-south-african-immigrant-laid-to-rest-1.10406332
20211122,1015578689,20211122,LEBANON,LBN,ISRAEL,ISR,194,포병·전차를 이용한 전투,19,4,-10.0,5,1,5,-4.0983606557377,Lebanon,LE,https://www.independentsentinel.com/lebanon-hezbollah-unity-government/
20211122,1015580841,20211122,HAMAS,PSE,ISRAELI,ISR,190,재래식 군사력 사용,19,4,-10.0,2,1,2,-2.77136258660508,United Kingdom,UK,https://www.jewishpress.com/news/terrorism-news/terror-victim-eli-kay-laid-to-rest/2021/11/22/
20211122,1015584800,20211115,ISRAELI,ISR,DAMASCUS,SYR,190,재래식 군사력 사용,19,4,-10.0,4,1,4,-4.53547915142648,"Jerusalem, Israel (general), Israel",IS,https://www.jpost.com/arab-israeli-conflict/jerusalem-unrest-an-inside-view-of-tensions-boiling-outside-damascus-gate-667950
20211122,1015584801,20211115,ISRAELI,ISR,DAMASCUS,SYR,190,재래식 군사력 사용,19,4,-10.0,6,1,6,-4.53547915142648,"Jerusalem, Israel (general), Israel",IS,https://www.jpost.com/arab-israeli-conflict/jerusalem-unrest-an-inside-view-of-tensions-boiling-outside-damascus-gate-667950
20211122,1015584806,20211115,DAMASCUS,SYR,ISRAELI,ISR,190,재래식 군사력 사용,19,4,-10.0,4,1,4,-4.53547915142648,"Damascus, Dimashq, Syria",SY,https://www.jpost.com/arab-israeli-conflict/jerusalem-unrest-an-inside-view-of-tensions-boiling-outside-damascus-gate-667950
20211122,1015584807,20211115,DAMASCUS,SYR,ISRAELI,ISR,190,재래식 군사력 사용,19,4,-10.0,6,1,6,-4.53547915142648,"Damascus, Dimashq, Syria",SY,https://www.jpost.com/arab-israeli-conflict/jerusalem-unrest-an-inside-view-of-tensions-boiling-outside-damascus-gate-667950
20211122,1015585741,20211122,ISRAEL,ISR,JORDAN,JOR,190,재래식 군사력 사용,19,4,-10.0,1,1,1,-4.53547915142648,"Jerusalem, Israel (general), Israel",IS,https://www.jpost.com/arab-israeli-conflict/jerusalem-unrest-an-inside-view-of-tensions-boiling-outside-damascus-gate-667950
20211122,1015585742,20211122,ISRAEL,ISR,JORDAN,JOR,190,재래식 군사력 사용,19,4,-10.0,1,1,1,-4.53547915142648,"Jerusalem, Israel (general), Israel",IS,https://www.jpost.com/arab-israeli-conflict/jerusalem-unrest-an-inside-view-of-tensions-boiling-outside-damascus-gate-667950
20211122,1015585772,20211122,JORDAN,JOR,ISRAEL,ISR,190,재래식 군사력 사용,19,4,-10.0,1,1,1,-4.53547915142648,"Jerusalem, Israel (general), Israel",IS,https://www.jpost.com/arab-israeli-conflict/jerusalem-unrest-an-inside-view-of-tensions-boiling-outside-damascus-gate-667950
20211122,1015585773,20211122,JORDAN,JOR,ISRAEL,ISR,190,재래식 군사력 사용,19,4,-10.0,1,1,1,-4.53547915142648,"Jerusalem, Israel (general), Israel",IS,https://www.jpost.com/arab-israeli-conflict/jerusalem-unrest-an-inside-view-of-tensions-boiling-outside-damascus-gate-667950
20211122,1015587277,20211122,ISRAEL,ISR,HAMAS,PSE,190,재래식 군사력 사용,19,4,-10.0,19,3,19,-7.26741480984455,"Jerusalem, Israel (general), Israel",IS,https://themedialine.org/top-stories/tensions-deadly-attack-in-jerusalem-reflect-complex-situation-in-regional-hot-spot/
20211122,1015587278,20211122,ISRAEL,ISR,HAMAS,PSE,190,재래식 군사력 사용,19,4,-10.0,10,2,10,-9.04055806779541,"Gaza, Israel (general), Israel",IS,https://www.khaleejtimes.com/mena/israel-says-hamas-terror-network-dismantled-in-west-bank
20211122,1015587555,20211122,HAMAS,PSE,JERUSALEM,ISR,190,재래식 군사력 사용,19,4,-10.0,2,1,2,-9.9099099099099,"Jerusalem, Israel (general), Israel",IS,https://www.khaleejtimes.com/mena/israel-says-hamas-terror-network-dismantled-in-west-bank
20211122,1015589422,20211122,EGYPT,EGY,TURK,TUR,193,소형무기·경무기를 이용한 전투,19,4,-10.0,10,1,10,-0.83234244946492,Belgium,BE,https://www.ancient-origins.net/ancient-places-americas/stone-head-guatemala-history-wants-forget-001104
20211122,1015600504,20211122,HAMAS,PSE,JERUSALEM,ISR,190,재래식 군사력 사용,19,4,-10.0,13,2,12,-7.57640067911715,South Africa,SF,https://www.washingtonexaminer.com/news/hamas-attack-kills-one-jerusalem
20211122,1015600505,20211122,PALESTINIAN,PSE,JERUSALEM,ISR,193,소형무기·경무기를 이용한 전투,19,4,-10.0,4,2,4,-7.57640067911715,"Jerusalem, Israel (general), Israel",IS,https://www.washingtonexaminer.com/news/hamas-attack-kills-one-jerusalem
20211122,1015600535,20211122,SAUDI ARABIA,SAU,LEBANON,LBN,193,소형무기·경무기를 이용한 전투,19,4,-10.0,2,1,2,2.08333333333333,"Riyadh, Ar Riya?, Saudi Arabia",SA,https://www.arabianbusiness.com/lists/100-most-powerful-arabs-under-40-589646-htmlitemid589461
20211122,1015601692,20211122,TEHRAN,IRN,ISRAEL,ISR,190,재래식 군사력 사용,19,4,-10.0,10,1,10,-2.49851279000595,Israel,IS,https://peacenow.org/entry.php?id=38946
20211122,1015601718,20211122,ISRAELI,ISR,IRANIAN,IRN,190,재래식 군사력 사용,19,4,-10.0,1,1,1,-2.49851279000595,"Tehran, Tehran, Iran",IR,https://peacenow.org/entry.php?id=38946
20211122,1015601719,20211122,ISRAELI,ISR,IRANIAN,IRN,190,재래식 군사력 사용,19,4,-10.0,7,1,7,-2.49851279000595,"Tehran, Tehran, Iran",IR,https://peacenow.org/entry.php?id=38946
20211122,1015601731,20211122,ISRAELI,ISR,WEST BANK,PSE,190,재래식 군사력 사용,19,4,-10.0,1,1,1,-9.56340956340956,"Tel Aviv, Tel Aviv, Israel",IS,https://www.presstv.ir/Detail/2021/11/22/671155/Palestine-Israeli-forces-arrest-slain-Palestinian-brother-al-Quds-
20211122,1015601732,20211122,ISRAELI,ISR,WEST BANK,PSE,190,재래식 군사력 사용,19,4,-10.0,7,1,7,-9.56340956340956,"Tulkarem, West Bank (general), West Bank",WE,https://www.presstv.ir/Detail/2021/11/22/671155/Palestine-Israeli-forces-arrest-slain-Palestinian-brother-al-Quds-
20211122,1015601733,20211122,ISRAELI,ISR,WEST BANK,PSE,190,재래식 군사력 사용,19,4,-10.0,2,1,2,-9.56340956340956,"Tel Aviv, Tel Aviv, Israel",IS,https://www.presstv.ir/Detail/2021/11/22/671155/Palestine-Israeli-forces-arrest-slain-Palestinian-brother-al-Quds-
20211122,1015601734,20211122,ISRAELI,ISR,SYRIA,SYR,195,공중무기 사용,19,4,-10.0,1,1,1,-2.49851279000595,"Tehran, Tehran, Iran",IR,https://peacenow.org/entry.php?id=38946
20211122,1015601735,20211122,ISRAELI,ISR,SYRIA,SYR,195,공중무기 사용,19,4,-10.0,1,1,1,-2.49851279000595,"Tehran, Tehran, Iran",IR,https://peacenow.org/entry.php?id=38946
20211122,1015601736,20211122,ISRAELI,ISR,SYRIA,SYR,195,공중무기 사용,19,4,-10.0,6,1,6,-2.49851279000595,Israel,IS,https://peacenow.org/entry.php?id=38946
20211122,1015602066,20211122,PALESTINIAN,PSE,ISRAEL,ISR,190,재래식 군사력 사용,19,4,-10.0,2,1,2,-6.45161290322581,"Jerusalem, Israel (general), Israel",IS,https://www.algemeiner.com/2021/11/22/media-headlines-distort-the-truth-of-lethal-palestinian-terror-attack/
20211122,1015602125,20211122,SAUDI ARABIA,SAU,TURKEY,TUR,190,재래식 군사력 사용,19,4,-10.0,2,1,2,-2.86425902864259,"Beirut, Beyrouth, Lebanon",LE,https://www.algemeiner.com/2021/11/22/turkish-diplomacy-in-israel-lebanon-and-the-middle-east/
20211122,1015602126,20211122,SAUDI ARABIA,SAU,TURKEY,TUR,190,재래식 군사력 사용,19,4,-10.0,2,1,2,-2.86425902864259,"Istanbul, Istanbul, Turkey",TU,https://www.algemeiner.com/2021/11/22/turkish-diplomacy-in-israel-lebanon-and-the-middle-east/
20211122,1015602127,20211122,SAUDI ARABIA,SAU,TURKEY,TUR,190,재래식 군사력 사용,19,4,-10.0,6,1,6,-2.86425902864259,Saudi Arabia,SA,https://www.algemeiner.com/2021/11/22/turkish-diplomacy-in-israel-lebanon-and-the-middle-east/
20211122,1015602200,20211122,TURKEY,TUR,SAUDI ARABIA,SAU,190,재래식 군사력 사용,19,4,-10.0,2,1,2,-2.86425902864259,"Istanbul, Istanbul, Turkey",TU,https://www.algemeiner.com/2021/11/22/turkish-diplomacy-in-israel-lebanon-and-the-middle-east/
20211122,1015602201,20211122,TURKEY,TUR,SAUDI ARABIA,SAU,190,재래식 군사력 사용,19,4,-10.0,6,1,6,-2.86425902864259,Saudi Arabia,SA,https://www.algemeiner.com/2021/11/22/turkish-diplomacy-in-israel-lebanon-and-the-middle-east/
20211122,1015602202,20211122,TURKEY,TUR,SAUDI ARABIA,SAU,190,재래식 군사력 사용,19,4,-10.0,2,1,2,-2.86425902864259,"Beirut, Beyrouth, Lebanon",LE,https://www.algemeiner.com/2021/11/22/turkish-diplomacy-in-israel-lebanon-and-the-middle-east/
20211122,1015606484,20211122,HAMAS,PSE,JERUSALEM,ISR,193,소형무기·경무기를 이용한 전투,19,4,-10.0,25,2,15,-9.65971239222752,"Jerusalem, Israel (general), Israel",IS,https://www.jweekly.com/2021/11/22/1-killed-and-4-injured-after-hamas-assailant-opens-fire-in-jerusalems-old-city/
20211122,1015606528,20211122,SAUDI ARABIA,SAU,LEBANON,LBN,163,금수·보이콧·제재 부과,16,4,-8.0,5,1,5,-2.78833967046895,Australia,AS,https://www.memri.org/reports/memri-needs-your-support-today-%e2%80%93-please-donate-our-2021-end-year-campaign
20211122,1015608176,20211122,IRANIAN,IRN,IRAQ,IRQ,194,포병·전차를 이용한 전투,19,4,-10.0,2,1,2,-4.32172869147659,"Tehran, Tehran, Iran",IR,https://nationalinterest.org/blog/reboot/what-can-be-done-about-irans-ballistic-missile-arsenal-196898
20211122,1015608398,20211122,WEST BANK,PSE,ISRAEL,ISR,195,공중무기 사용,19,4,-10.0,1,1,1,-7.11009174311927,"Givat Shaul, Yerushalayim, Israel",IS,https://ewn.co.za/2021/11/22/thousands-at-funeral-of-south-africa-born-israeli-slain-in-attack
20211122,1015608402,20211122,HAMAS,PSE,JERUSALEM,ISR,190,재래식 군사력 사용,19,4,-10.0,2,1,2,-7.89473684210527,"Jerusalem, Israel (general), Israel",IS,https://gazette.com/news/hamas-terrorist-attack-kills-one-in-jerusalem/article_8849394c-b734-5251-b949-b203fa3f53f8.html
20211122,1015617427,20211122,ISRAELI,ISR,HAMAS,PSE,193,소형무기·경무기를 이용한 전투,19,4,-10.0,1,1,1,-4.4613710554951,"Jerusalem, Israel (general), Israel",IS,https://www.timesofisrael.com/israel-arrests-wife-of-gunman-in-jerusalem-terror-attack/
20211122,1015621060,20211122,ISRAELI,ISR,PALESTINIAN,PSE,190,재래식 군사력 사용,19,4,-10.0,1,1,1,-6.79785330948121,"Beit Dajan, HaMerkaz, Israel",IS,http://www.msn.com/en-us/news/middleeast/israeli-troops-kill-teen-in-west-bank-protests/ar-AAQnRAD
20211122,1015621070,20211122,ISRAEL,ISR,PALESTINIAN,PSE,190,재래식 군사력 사용,19,4,-10.0,3,1,3,-6.79785330948121,"Beita, West Bank (general), West Bank",WE,http://www.msn.com/en-us/news/middleeast/israeli-troops-kill-teen-in-west-bank-protests/ar-AAQnRAD
20211122,1015621071,20211122,ISRAEL,ISR,PALESTINIAN,PSE,190,재래식 군사력 사용,19,4,-10.0,3,1,3,-6.79785330948121,"Beita, West Bank (general), West Bank",WE,http://www.msn.com/en-us/news/middleeast/israeli-troops-kill-teen-in-west-bank-protests/ar-AAQnRAD
20211122,1015621294,20211122,PALESTINIAN,PSE,ISRAELI,ISR,190,재래식 군사력 사용,19,4,-10.0,8,1,8,-5.6390977443609,France,FR,https://www.al-monitor.com/originals/2021/11/palestinians-clash-israeli-security-after-terrorist-attack-jerusalem
20211122,1015621297,20211122,PALESTINIAN,PSE,ISRAEL,ISR,190,재래식 군사력 사용,19,4,-10.0,3,1,3,-6.79785330948121,"Beita, West Bank (general), West Bank",WE,http://www.msn.com/en-us/news/middleeast/israeli-troops-kill-teen-in-west-bank-protests/ar-AAQnRAD
20211122,1015621298,20211122,PALESTINIAN,PSE,ISRAEL,ISR,190,재래식 군사력 사용,19,4,-10.0,3,1,3,-6.79785330948121,"Beita, West Bank (general), West Bank",WE,http://www.msn.com/en-us/news/middleeast/israeli-troops-kill-teen-in-west-bank-protests/ar-AAQnRAD
20211122,1015624065,20211122,IRAQ,IRQ,IRAN,IRN,190,재래식 군사력 사용,19,4,-10.0,4,2,4,-2.28125869502202,"Baghdad, Baghdad, Iraq",IZ,https://www.newsweek.com/iraq-militias-seeing-talibans-success-plan-force-us-troops-out-after-dec-31-1652065
20211122,1015624066,20211122,IRAQ,IRQ,IRAN,IRN,190,재래식 군사력 사용,19,4,-10.0,4,2,4,-2.28125869502202,"Tehran, Tehran, Iran",IR,https://www.newsweek.com/iraq-militias-seeing-talibans-success-plan-force-us-troops-out-after-dec-31-1652065
20211122,1015624271,20211122,PALESTINIAN,PSE,ISRAEL,ISR,163,금수·보이콧·제재 부과,16,4,-8.0,4,1,4,-3.8860103626943,Israel,IS,https://www.nytimes.com/2021/11/22/opinion/israel-arkansas-bds-pledge.html
20211122,1015631536,20211122,IRAN,IRN,SANAA,YEM,190,재래식 군사력 사용,19,4,-10.0,7,1,7,-4.7008547008547,"Sanaa, Sana', Yemen",YM,https://english.aawsat.com/home/article/3318826/arab-coalition-shows-footage-how-houthis-transformed-sanaa-airport-military
20211122,1015631537,20211122,IRAN,IRN,YEMEN,YEM,190,재래식 군사력 사용,19,4,-10.0,1,1,1,-4.7008547008547,"Sanaa, Sana', Yemen",YM,https://english.aawsat.com/home/article/3318826/arab-coalition-shows-footage-how-houthis-transformed-sanaa-airport-military
20211122,1015631538,20211122,IRAN,IRN,SANAA,YEM,195,공중무기 사용,19,4,-10.0,7,1,7,-4.7008547008547,"Tehran, Tehran, Iran",IR,https://english.aawsat.com/home/article/3318826/arab-coalition-shows-footage-how-houthis-transformed-sanaa-airport-military
20211122,1015631539,20211122,IRAN,IRN,YEMEN,YEM,195,공중무기 사용,19,4,-10.0,1,1,1,-4.7008547008547,"Sanaa, Sana', Yemen",YM,https://english.aawsat.com/home/article/3318826/arab-coalition-shows-footage-how-houthis-transformed-sanaa-airport-military
20211122,1015633925,20211122,ISRAELI,ISR,PALESTINIAN,PSE,190,재래식 군사력 사용,19,4,-10.0,4,1,4,-5.12820512820512,"Hebron, Israel (general), Israel",IS,https://www.sott.net/article/461111-Israeli-soldier-criticised-for-photographing-Palestinian-children-in-midnight-raid-on-their-home
20211122,1015637463,20211122,ISRAELI,ISR,PALESTINIAN,PSE,193,소형무기·경무기를 이용한 전투,19,4,-10.0,1,1,1,-4.6875,"Gaza, Israel (general), Israel",IS,https://www.algemeiner.com/2021/11/22/hamas-terrorist-expressed-great-happiness-over-old-city-attack-in-his-will/
20211122,1015637464,20211122,ISRAELI,ISR,PALESTINIAN,PSE,193,소형무기·경무기를 이용한 전투,19,4,-10.0,1,1,1,-4.6875,Jordan,JO,https://www.algemeiner.com/2021/11/22/hamas-terrorist-expressed-great-happiness-over-old-city-attack-in-his-will/
20211122,1015637467,20211122,ISRAEL,ISR,HAMAS,PSE,193,소형무기·경무기를 이용한 전투,19,4,-10.0,6,1,6,-4.6875,"Gaza, Israel (general), Israel",IS,https://www.algemeiner.com/2021/11/22/hamas-terrorist-expressed-great-happiness-over-old-city-attack-in-his-will/
20211122,1015637759,20211122,HAMAS,PSE,ISRAELI,ISR,190,재래식 군사력 사용,19,4,-10.0,6,2,6,-6.38725099601594,"Jerusalem, Israel (general), Israel",IS,https://www.clevelandjewishnews.com/jns/hundreds-of-jerusalem-arab-residents-march-in-support-of-hamas-terrorist/article_1d23a157-15ac-5161-ba83-940a4e706607.html
20211122,1015637761,20211122,PALESTINIAN,PSE,ISRAELI,ISR,193,소형무기·경무기를 이용한 전투,19,4,-10.0,2,1,2,-4.6875,"Gaza, Israel (general), Israel",IS,https://www.algemeiner.com/2021/11/22/hamas-terrorist-expressed-great-happiness-over-old-city-attack-in-his-will/
20211122,1015639508,20211122,SYRIA,SYR,ISRAEL,ISR,190,재래식 군사력 사용,19,4,-10.0,10,1,10,-2.11335254562921,Syria,SY,https://www.haaretz.com/israel-news/.premium-the-u-s-is-bracing-for-blows-with-israel-as-iran-nuclear-talks-near-1.10407853
20211123,1015650906,20211123,HAMAS,PSE,JERUSALEM,ISR,193,소형무기·경무기를 이용한 전투,19,4,-10.0,3,1,3,-7.27081138040043,"Jerusalem, Israel (general), Israel",IS,https://www.timesofisrael.com/after-jerusalem-killing-and-50-terror-arrests-lapid-urges-turkey-to-shut-down-hamas/
20211123,1015652968,20211123,ISRAEL,ISR,IRANIAN,IRN,190,재래식 군사력 사용,19,4,-10.0,10,4,10,-2.91195111154066,"Tehran, Tehran, Iran",IR,https://www.bbc.com/news/world-middle-east-59322152
20211123,1015654696,20211123,ISRAELI,ISR,IRAN,IRN,138,군사력 사용 위협,13,3,-7.0,1,1,1,-5.18731988472623,Israel,IS,https://news.antiwar.com/2021/11/22/report-us-warns-israel-covert-attacks-on-iran-are-counterproductive/
20211123,1015654697,20211123,ISRAELI,ISR,IRAN,IRN,138,군사력 사용 위협,13,3,-7.0,1,1,1,-5.18731988472623,"Natanz, Esfahan, Iran",IR,https://news.antiwar.com/2021/11/22/report-us-warns-israel-covert-attacks-on-iran-are-counterproductive/
20211123,1015654699,20211123,ISRAELI,ISR,IRAN,IRN,190,재래식 군사력 사용,19,4,-10.0,7,2,7,-4.7735532569192,"Tehran, Tehran, Iran",IR,https://www.thedefensepost.com/2021/11/11/iran-drones-enemies-general/
20211123,1015654700,20211123,ISRAELI,ISR,IRAN,IRN,190,재래식 군사력 사용,19,4,-10.0,3,1,3,-6.12244897959184,Israel,IS,https://www.thedefensepost.com/2021/11/11/iran-drones-enemies-general/
20211123,1015654701,20211123,ISRAEL,ISR,IRAN,IRN,190,재래식 군사력 사용,19,4,-10.0,5,1,5,-5.18731988472623,"Natanz, Esfahan, Iran",IR,https://news.antiwar.com/2021/11/22/report-us-warns-israel-covert-attacks-on-iran-are-counterproductive/
20211123,1015654702,20211123,ISRAELI,ISR,IRAN,IRN,190,재래식 군사력 사용,19,4,-10.0,1,1,1,-5.18731988472623,Israel,IS,https://news.antiwar.com/2021/11/22/report-us-warns-israel-covert-attacks-on-iran-are-counterproductive/
20211123,1015654703,20211123,ISRAELI,ISR,IRAN,IRN,190,재래식 군사력 사용,19,4,-10.0,7,2,7,-4.80434375585097,Israel,IS,https://www.thedefensepost.com/2021/11/11/iran-drones-enemies-general/
20211123,1015654704,20211123,ISRAELI,ISR,IRAN,IRN,190,재래식 군사력 사용,19,4,-10.0,1,1,1,-5.18731988472623,"Natanz, Esfahan, Iran",IR,https://news.antiwar.com/2021/11/22/report-us-warns-israel-covert-attacks-on-iran-are-counterproductive/
20211123,1015654719,20211123,ISRAELI,ISR,IRAN,IRN,138,군사력 사용 위협,13,3,-7.0,7,1,7,-5.18731988472623,"Natanz, Esfahan, Iran",IR,https://news.antiwar.com/2021/11/22/report-us-warns-israel-covert-attacks-on-iran-are-counterproductive/
20211123,1015654720,20211123,ISRAEL,ISR,IRAN,IRN,138,군사력 사용 위협,13,3,-7.0,1,1,1,-5.18731988472623,Israel,IS,https://news.antiwar.com/2021/11/22/report-us-warns-israel-covert-attacks-on-iran-are-counterproductive/
20211123,1015654721,20211123,ISRAELI,ISR,IRAN,IRN,190,재래식 군사력 사용,19,4,-10.0,7,1,7,-5.18731988472623,"Natanz, Esfahan, Iran",IR,https://news.antiwar.com/2021/11/22/report-us-warns-israel-covert-attacks-on-iran-are-counterproductive/
20211123,1015654722,20211123,ISRAEL,ISR,IRAN,IRN,190,재래식 군사력 사용,19,4,-10.0,1,1,1,-5.18731988472623,Israel,IS,https://news.antiwar.com/2021/11/22/report-us-warns-israel-covert-attacks-on-iran-are-counterproductive/
20211123,1015654744,20211123,JORDAN,JOR,ISRAEL,ISR,192,영토 점령,19,4,-9.5,2,1,2,0.20304568527919,"Amman, (JO11), Jordan",JO,https://www.middleeasteye.net/news/israel-jordan-sign-uae-brokered-deal-to-swap-solar-energy-and-water
20211123,1015654745,20211123,JORDAN,JOR,ISRAEL,ISR,192,영토 점령,19,4,-9.5,6,1,6,0.20304568527919,"Amman, (JO11), Jordan",JO,https://www.middleeasteye.net/news/israel-jordan-sign-uae-brokered-deal-to-swap-solar-energy-and-water
20211123,1015657271,20211123,JERUSALEM,ISR,HAMAS,PSE,193,소형무기·경무기를 이용한 전투,19,4,-10.0,6,1,6,-10.0,"Jerusalem, Israel (general), Israel",IS,https://www.al-monitor.com/originals/2021/11/israel-arrests-alleged-hamas-members-after-israeli-shot-dead-jerusalem
20211123,1015657642,20211123,HAMAS,PSE,ISRAELI,ISR,138,군사력 사용 위협,13,3,-7.0,4,1,4,-10.0,"Shuafat, West Bank (general), West Bank",WE,https://www.al-monitor.com/originals/2021/11/israel-arrests-alleged-hamas-members-after-israeli-shot-dead-jerusalem
20211123,1015657643,20211123,HAMAS,PSE,ISRAELI,ISR,138,군사력 사용 위협,13,3,-7.0,3,1,3,-10.0,"Shuafat, West Bank (general), West Bank",WE,https://www.al-monitor.com/originals/2021/11/israel-arrests-alleged-hamas-members-after-israeli-shot-dead-jerusalem
20211123,1015664629,20211123,ISRAELI,ISR,HAMAS,PSE,193,소형무기·경무기를 이용한 전투,19,4,-10.0,7,1,7,-2.3454157782516,"Ramat Gan, Tel Aviv, Israel",IS,https://www.ynetnews.com/article/bkpd0ao00f
20211123,1015664905,20211123,GAZA,PSE,ISRAEL,ISR,194,포병·전차를 이용한 전투,19,4,-10.0,2,1,2,-2.3454157782516,"Gaza, Israel (general), Israel",IS,https://www.ynetnews.com/article/bkpd0ao00f
20211123,1015664906,20211123,GAZA,PSE,ISRAEL,ISR,194,포병·전차를 이용한 전투,19,4,-10.0,6,3,6,-6.69379251549049,"Gaza, Israel (general), Israel",IS,https://www.ynetnews.com/article/bkpd0ao00f
20211123,1015664907,20211123,PALESTINIAN,PSE,ISRAEL,ISR,190,재래식 군사력 사용,19,4,-10.0,2,1,2,-2.3454157782516,"Ramat Gan, Tel Aviv, Israel",IS,https://www.ynetnews.com/article/bkpd0ao00f
20211123,1015673028,20211123,GAZA,PSE,EGYPT,EGY,191,봉쇄·이동 제한,19,4,-9.5,1,1,1,-6.78571428571429,"Gaza, Israel (general), Israel",IS,https://www.wsws.org/en/articles/2021/11/23/hama-n23.html
20211123,1015673029,20211123,GAZA,PSE,EGYPT,EGY,191,봉쇄·이동 제한,19,4,-9.5,1,1,1,-6.78571428571429,"Nusra, Kafr ash Shaykh, Egypt",EG,https://www.wsws.org/en/articles/2021/11/23/hama-n23.html
20211123,1015673080,20211123,TURKISH,TUR,SYRIAN,SYR,190,재래식 군사력 사용,19,4,-10.0,3,2,3,-4.48126628622779,Syria,SY,https://www.eff.org/deeplinks/2021/01/youtube-and-tiktok-put-human-rights-jeopardy-turkey
20211123,1015673081,20211123,TURKISH,TUR,SYRIAN,SYR,190,재래식 군사력 사용,19,4,-10.0,1,1,1,-3.9738704409363,Turkey,TU,https://www.eff.org/deeplinks/2021/01/youtube-and-tiktok-put-human-rights-jeopardy-turkey
20211123,1015673085,20211123,TURKEY,TUR,SYRIAN,SYR,190,재래식 군사력 사용,19,4,-10.0,1,1,1,-3.9738704409363,Syria,SY,https://www.eff.org/deeplinks/2021/01/youtube-and-tiktok-put-human-rights-jeopardy-turkey
20211123,1015673086,20211123,TURKEY,TUR,SYRIAN,SYR,190,재래식 군사력 사용,19,4,-10.0,1,1,1,-3.9738704409363,Turkey,TU,https://www.eff.org/deeplinks/2021/01/youtube-and-tiktok-put-human-rights-jeopardy-turkey
20211123,1015673088,20211123,TURKISH,TUR,SYRIAN,SYR,190,재래식 군사력 사용,19,4,-10.0,6,1,6,-3.9738704409363,Syria,SY,https://www.eff.org/deeplinks/2021/01/youtube-and-tiktok-put-human-rights-jeopardy-turkey
20211123,1015675309,20211123,IRAN,IRN,SYRIA,SYR,195,공중무기 사용,19,4,-10.0,4,1,4,-4.46293494704992,Israel,IS,https://nationalinterest.org/blog/reboot/will-syria-ever-be-able-stop-israeli-air-force-196647
20211123,1015675310,20211123,IRAN,IRN,SYRIA,SYR,195,공중무기 사용,19,4,-10.0,2,1,2,-4.46293494704992,Israel,IS,https://nationalinterest.org/blog/reboot/will-syria-ever-be-able-stop-israeli-air-force-196647
20211123,1015675311,20211123,IRANIAN,IRN,SYRIA,SYR,195,공중무기 사용,19,4,-10.0,2,1,2,-4.46293494704992,"Damascus, Dimashq, Syria",SY,https://nationalinterest.org/blog/reboot/will-syria-ever-be-able-stop-israeli-air-force-196647
20211123,1015675649,20211123,SYRIAN,SYR,ISRAELI,ISR,193,소형무기·경무기를 이용한 전투,19,4,-10.0,1,1,1,-4.46293494704992,Israel,IS,https://nationalinterest.org/blog/reboot/will-syria-ever-be-able-stop-israeli-air-force-196647
20211123,1015675650,20211123,SYRIAN,SYR,ISRAELI,ISR,193,소형무기·경무기를 이용한 전투,19,4,-10.0,1,1,1,-4.46293494704992,Israel,IS,https://nationalinterest.org/blog/reboot/will-syria-ever-be-able-stop-israeli-air-force-196647
20211123,1015675651,20211123,SYRIAN,SYR,ISRAEL,ISR,195,공중무기 사용,19,4,-10.0,1,1,1,-4.46293494704992,"Damascus, Dimashq, Syria",SY,https://nationalinterest.org/blog/reboot/will-syria-ever-be-able-stop-israeli-air-force-196647
20211123,1015675652,20211123,SYRIAN,SYR,ISRAEL,ISR,195,공중무기 사용,19,4,-10.0,1,1,1,-4.46293494704992,Israel,IS,https://nationalinterest.org/blog/reboot/will-syria-ever-be-able-stop-israeli-air-force-196647
20211123,1015677198,20211123,SAUDI,SAU,YEMEN,YEM,195,공중무기 사용,19,4,-10.0,40,2,40,-8.41602384291725,"Sanaa, Sana', Yemen",YM,https://www.msn.com/en-us/news/world/saudi-led-coalition-launches-air-raids-on-targets-in-yemen-s-sana-a/ar-AAR1cBu
20211123,1015677199,20211123,SAUDI ARABIA,SAU,YEMEN,YEM,195,공중무기 사용,19,4,-10.0,14,2,8,-8.41602384291725,Saudi Arabia,SA,https://www.msn.com/en-us/news/world/saudi-led-coalition-launches-air-raids-on-targets-in-yemen-s-sana-a/ar-AAR1cBu
20211123,1015677200,20211123,SAUDI,SAU,YEMEN,YEM,195,공중무기 사용,19,4,-10.0,86,2,38,-8.41602384291725,Saudi Arabia,SA,https://www.msn.com/en-us/news/world/saudi-led-coalition-launches-air-raids-on-targets-in-yemen-s-sana-a/ar-AAR1cBu
20211123,1015677456,20211123,YEMEN,YEM,SAUDI ARABIAN,SAU,190,재래식 군사력 사용,19,4,-10.0,20,2,20,-7.84662867996201,Saudi Arabia,SA,https://www.khaleejtimes.com/mena/yemen-saudi-led-coalition-targets-houthi-military-sites-in-sanaa-airstrikes
20211123,1015678208,20211123,ISRAEL,ISR,HAMAS,PSE,192,영토 점령,19,4,-9.5,4,2,4,-2.77541568257874,"Gaza, Israel (general), Israel",IS,https://www.rt.com/op-ed/540991-hamas-uk-patel-terrorism/
20211123,1015681183,20211123,YEMEN,YEM,SAUDI ARABIAN,SAU,190,재래식 군사력 사용,19,4,-10.0,44,5,44,-9.61029482144079,"Jeddah, Makkah, Saudi Arabia",SA,https://bdnews24.com/world/middle-east/2021/11/23/explosions-rock-northern-yemen-s-sanaa-following-coalition-raids
20211123,1015682181,20211123,ISRAEL,ISR,HAMAS,PSE,190,재래식 군사력 사용,19,4,-10.0,5,1,4,-7.23577235772356,"Jerusalem, Israel (general), Israel",IS,https://jewishjournal.com/news/worldwide/342625/hamas-terrorist-kills-israeli-south-african-immigrant/
20211123,1015682182,20211123,ISRAEL,ISR,HAMAS,PSE,190,재래식 군사력 사용,19,4,-10.0,1,1,1,-7.23577235772356,United States,US,https://jewishjournal.com/news/worldwide/342625/hamas-terrorist-kills-israeli-south-african-immigrant/
20211123,1015682386,20211123,HAMAS,PSE,JERUSALEM,ISR,190,재래식 군사력 사용,19,4,-10.0,30,2,20,-6.80513717487772,"Jerusalem, Israel (general), Israel",IS,https://jewishjournal.com/news/worldwide/342625/hamas-terrorist-kills-israeli-south-african-immigrant/
20211123,1015682387,20211123,HAMAS,PSE,JERUSALEM,ISR,193,소형무기·경무기를 이용한 전투,19,4,-10.0,6,1,6,-7.23577235772356,"Jerusalem, Israel (general), Israel",IS,https://jewishjournal.com/news/worldwide/342625/hamas-terrorist-kills-israeli-south-african-immigrant/
20211123,1015682388,20211123,HAMAS,PSE,ISRAEL,ISR,193,소형무기·경무기를 이용한 전투,19,4,-10.0,2,1,2,-7.23577235772356,Gaza Strip,GZ,https://jewishjournal.com/news/worldwide/342625/hamas-terrorist-kills-israeli-south-african-immigrant/
20211123,1015682389,20211123,HAMAS,PSE,JERUSALEM,ISR,193,소형무기·경무기를 이용한 전투,19,4,-10.0,2,1,2,-7.23577235772356,Gaza Strip,GZ,https://jewishjournal.com/news/worldwide/342625/hamas-terrorist-kills-israeli-south-african-immigrant/
20211123,1015686030,20211123,TURKEY,TUR,KURDISTAN,IRN,190,재래식 군사력 사용,19,4,-10.0,10,1,10,-10.2739726027397,Turkey,TU,https://original.antiwar.com/updates/2021/11/22/iraq-daily-roundup-11-killed-8/
20211123,1015688904,20211123,PALESTINIAN,PSE,JERUSALEM,ISR,190,재래식 군사력 사용,19,4,-10.0,10,4,10,-8.47621979099067,"Jerusalem, Israel (general), Israel",IS,https://www.prokerala.com/news/articles/a1219428.html
20211123,1015688905,20211123,WEST BANK,PSE,ISRAEL,ISR,195,공중무기 사용,19,4,-10.0,1,1,1,-4.22535211267606,"Jerusalem, Israel (general), Israel",IS,https://www.jacarandafm.com/news/news/thousands-funeral-south-african-slain-israel/
20211123,1015688906,20211123,WEST BANK,PSE,ISRAEL,ISR,195,공중무기 사용,19,4,-10.0,1,1,1,-4.22535211267606,"Jerusalem, Israel (general), Israel",IS,https://www.jacarandafm.com/news/news/thousands-funeral-south-african-slain-israel/
20211123,1015691602,20211123,ISRAELI,ISR,WEST BANK,PSE,195,공중무기 사용,19,4,-10.0,2,1,2,-7.77777777777778,"Jerusalem, Israel (general), Israel",IS,https://www.bangkokpost.com/world/2219447/hamas-gunman-kills-one-wounds-3-in-jerusalem-before-being-shot-dead
20211123,1015691603,20211123,ISRAELI,ISR,WEST BANK,PSE,195,공중무기 사용,19,4,-10.0,2,1,2,-7.77777777777778,"Jerusalem, Israel (general), Israel",IS,https://www.bangkokpost.com/world/2219447/hamas-gunman-kills-one-wounds-3-in-jerusalem-before-being-shot-dead
20211123,1015691609,20211123,ISRAELI,ISR,WEST BANK,PSE,195,공중무기 사용,19,4,-10.0,6,1,6,-7.77777777777778,"Jerusalem, Israel (general), Israel",IS,https://www.bangkokpost.com/world/2219447/hamas-gunman-kills-one-wounds-3-in-jerusalem-before-being-shot-dead
20211123,1015691882,20211123,PALESTINIAN,PSE,JAFFA,ISR,190,재래식 군사력 사용,19,4,-10.0,6,1,6,-7.77777777777778,"Jerusalem, Israel (general), Israel",IS,https://www.bangkokpost.com/world/2219447/hamas-gunman-kills-one-wounds-3-in-jerusalem-before-being-shot-dead
20211123,1015691883,20211123,PALESTINIAN,PSE,JAFFA,ISR,190,재래식 군사력 사용,19,4,-10.0,2,1,2,-7.77777777777778,"Jerusalem, Israel (general), Israel",IS,https://www.bangkokpost.com/world/2219447/hamas-gunman-kills-one-wounds-3-in-jerusalem-before-being-shot-dead
20211123,1015691884,20211123,PALESTINIAN,PSE,ISRAEL,ISR,193,소형무기·경무기를 이용한 전투,19,4,-10.0,2,1,2,-7.77777777777778,"Nablus, West Bank (general), West Bank",WE,https://www.bangkokpost.com/world/2219447/hamas-gunman-kills-one-wounds-3-in-jerusalem-before-being-shot-dead
20211123,1015691885,20211123,PALESTINIAN,PSE,JERUSALEM,ISR,193,소형무기·경무기를 이용한 전투,19,4,-10.0,3,1,3,-7.77777777777778,"Jerusalem, Israel (general), Israel",IS,https://www.bangkokpost.com/world/2219447/hamas-gunman-kills-one-wounds-3-in-jerusalem-before-being-shot-dead
20211123,1015696179,20211123,ISRAELI,ISR,HAMAS,PSE,190,재래식 군사력 사용,19,4,-10.0,6,1,6,-7.33056708160443,"Gaza, Israel (general), Israel",IS,https://www.jwire.com.au/shin-bet-exposes-extensive-hamas-terror-infrastructure-arrests-over-50-terrorists-in-judea-and-samaria/
20211123,1015696547,20211123,YEMEN,YEM,SAUDI,SAU,190,재래식 군사력 사용,19,4,-10.0,6,2,6,-7.75734584967532,"Marib, Ma'rib, Yemen",YM,https://www.trtworld.com/middle-east/saudi-led-yemen-coalition-targets-houthi-missile-site-in-sanaa-51915
20211123,1015697801,20211123,ISRAELI,ISR,WEST BANK,PSE,190,재래식 군사력 사용,19,4,-10.0,2,1,2,-11.9565217391304,"Jerusalem, Israel (general), Israel",IS,http://english.wafa.ps/Pages/Details/126917
20211123,1015697807,20211123,ISRAEL,ISR,WEST BANK,PSE,190,재래식 군사력 사용,19,4,-10.0,4,1,4,-11.9565217391304,"Jerusalem, Israel (general), Israel",IS,http://english.wafa.ps/Pages/Details/126917
20211123,1015697808,20211123,ISRAELI,ISR,PALESTINIAN,PSE,190,재래식 군사력 사용,19,4,-10.0,2,1,2,-11.9565217391304,"Jerusalem, Israel (general), Israel",IS,http://english.wafa.ps/Pages/Details/126917
20211123,1015702582,20211123,YEMEN,YEM,SAUDI ARABIAN,SAU,190,재래식 군사력 사용,19,4,-10.0,8,1,8,-5.42168674698796,Japan,JA,https://www.reuters.com/markets/stocks/saudi-bourse-course-extend-losses-after-drone-attacks-2021-11-22/
20211123,1015702583,20211123,YEMEN,YEM,SAUDI ARABIA,SAU,190,재래식 군사력 사용,19,4,-10.0,2,1,2,-5.42168674698796,Qatar,QA,https://www.reuters.com/markets/stocks/saudi-bourse-course-extend-losses-after-drone-attacks-2021-11-22/
20211123,1015703799,20211123,IRANIAN,IRN,ISRAEL,ISR,190,재래식 군사력 사용,19,4,-10.0,2,1,2,-2.70270270270271,"Jerusalem, Israel (general), Israel",IS,https://www.reuters.com/world/middle-east/israel-signals-readiness-escalate-iran-confrontation-amid-nuclear-talks-2021-11-23/
20211123,1015703800,20211123,IRANIAN,IRN,ISRAEL,ISR,190,재래식 군사력 사용,19,4,-10.0,2,1,2,-2.70270270270271,"Tehran, Tehran, Iran",IR,https://www.reuters.com/world/middle-east/israel-signals-readiness-escalate-iran-confrontation-amid-nuclear-talks-2021-11-23/
20211123,1015703829,20211123,ISRAEL,ISR,IRANIAN,IRN,190,재래식 군사력 사용,19,4,-10.0,2,1,2,-2.70270270270271,"Jerusalem, Israel (general), Israel",IS,https://www.reuters.com/world/middle-east/israel-signals-readiness-escalate-iran-confrontation-amid-nuclear-talks-2021-11-23/
20211123,1015703830,20211123,ISRAEL,ISR,IRANIAN,IRN,190,재래식 군사력 사용,19,4,-10.0,2,1,2,-2.70270270270271,"Tehran, Tehran, Iran",IR,https://www.reuters.com/world/middle-east/israel-signals-readiness-escalate-iran-confrontation-amid-nuclear-talks-2021-11-23/
20211123,1015703836,20211123,ISRAEL,ISR,GAZA,PSE,192,영토 점령,19,4,-9.5,2,1,2,-3.10296191819464,"Doha, Ad Daw?ah, Qatar",QA,https://www.timesofisrael.com/qatar-hamas-seek-to-bypass-israeli-curbs-on-cash-funding-for-gaza/
20211123,1015703837,20211123,ISRAEL,ISR,GAZA,PSE,192,영토 점령,19,4,-9.5,4,1,4,-3.10296191819464,"Gaza, Israel (general), Israel",IS,https://www.timesofisrael.com/qatar-hamas-seek-to-bypass-israeli-curbs-on-cash-funding-for-gaza/
20211123,1015703838,20211123,ISRAEL,ISR,GAZA,PSE,194,포병·전차를 이용한 전투,19,4,-10.0,6,2,6,-8.86798088410994,"Gaza, Israel (general), Israel",IS,https://www.jns.org/opinion/the-genocide-lie-why-do-israels-critics-keep-repeating-it/
20211123,1015703842,20211123,ISRAEL,ISR,HAMAS,PSE,190,재래식 군사력 사용,19,4,-10.0,10,2,10,-8.86798088410994,"Gaza, Israel (general), Israel",IS,https://www.jns.org/opinion/the-genocide-lie-why-do-israels-critics-keep-repeating-it/
20211123,1015703844,20211123,ISRAEL,ISR,QATAR,QAT,192,영토 점령,19,4,-9.5,2,1,2,-3.10296191819464,"Gaza, Israel (general), Israel",IS,https://www.timesofisrael.com/qatar-hamas-seek-to-bypass-israeli-curbs-on-cash-funding-for-gaza/
20211123,1015703850,20211123,ISRAEL,ISR,PALESTINIAN,PSE,190,재래식 군사력 사용,19,4,-10.0,11,3,11,-5.06173143503944,"Jerusalem, Israel (general), Israel",IS,https://www.jns.org/opinion/bennetts-big-twitter-blunder/
20211123,1015704090,20211123,HAMAS,PSE,ISRAEL,ISR,190,재래식 군사력 사용,19,4,-10.0,18,3,18,-8.96005290671807,"Gaza, Israel (general), Israel",IS,https://www.jns.org/opinion/the-genocide-lie-why-do-israels-critics-keep-repeating-it/
20211123,1015704146,20211123,TURKEY,TUR,SYRIA,SYR,190,재래식 군사력 사용,19,4,-10.0,8,1,8,-8.59375,Turkey,TU,http://sana.sy/en/?p=255483
20211123,1015704147,20211123,TURKEY,TUR,SYRIA,SYR,194,포병·전차를 이용한 전투,19,4,-10.0,4,1,4,-8.59375,"Raqqa, Ar Raqqah, Syria",SY,http://sana.sy/en/?p=255483
20211123,1015704148,20211123,TURKEY,TUR,SYRIA,SYR,194,포병·전차를 이용한 전투,19,4,-10.0,4,1,4,-8.59375,Turkey,TU,http://sana.sy/en/?p=255483
20211123,1015705938,20211123,YEMEN,YEM,SAUDI ARABIAN,SAU,190,재래식 군사력 사용,19,4,-10.0,2,1,2,-0.31545741324921,"Dubai, Dubayy, United Arab Emirates",AE,https://www.reuters.com/markets/stocks/saudi-leads-major-gulf-bourses-higher-2021-11-23/
20211123,1015705939,20211123,YEMEN,YEM,SAUDI ARABIAN,SAU,190,재래식 군사력 사용,19,4,-10.0,8,1,8,-0.31545741324921,"Mashreq Bank, Dubayy, United Arab Emirates",AE,https://www.reuters.com/markets/stocks/saudi-leads-major-gulf-bourses-higher-2021-11-23/
20211123,1015707320,20211123,SAUDI,SAU,YEMENI,YEM,195,공중무기 사용,19,4,-10.0,16,2,16,-7.47455194740179,Iran,IR,https://www.aljazeera.com/news/2021/11/23/explosions-rock-northern-yemens-sanaa-following-coalition-raids
20211123,1015712686,20211123,IRANIAN,IRN,ISRAEL,ISR,190,재래식 군사력 사용,19,4,-10.0,12,6,12,-2.71673283901139,"Tehran, Tehran, Iran",IR,https://www.thestandard.com.hk/breaking-news/section/6/183340/Prime-Minister-says-Israel-will-still-confront-Iran-despite-any-new-nuclear-deal
20211123,1015712687,20211123,IRANIAN,IRN,ISRAEL,ISR,190,재래식 군사력 사용,19,4,-10.0,12,6,12,-2.71673283901139,Israel,IS,https://www.thestandard.com.hk/breaking-news/section/6/183340/Prime-Minister-says-Israel-will-still-confront-Iran-despite-any-new-nuclear-deal
20211123,1015712734,20211123,ISRAEL,ISR,IRANIAN,IRN,190,재래식 군사력 사용,19,4,-10.0,30,8,30,-2.41698953283306,"Tehran, Tehran, Iran",IR,https://www.thestandard.com.hk/breaking-news/section/6/183340/Prime-Minister-says-Israel-will-still-confront-Iran-despite-any-new-nuclear-deal
20211123,1015712735,20211123,ISRAEL,ISR,IRANIAN,IRN,190,재래식 군사력 사용,19,4,-10.0,12,6,12,-2.71673283901139,Israel,IS,https://www.thestandard.com.hk/breaking-news/section/6/183340/Prime-Minister-says-Israel-will-still-confront-Iran-despite-any-new-nuclear-deal
20211123,1015714893,20211123,HAMAS,PSE,ISRAEL,ISR,193,소형무기·경무기를 이용한 전투,19,4,-10.0,12,2,12,-5.44651337781016,"Jerusalem, Israel (general), Israel",IS,http://www.ruthfullyyours.com/2021/11/23/ruthie-blum-bennets-big-twitter-blunder/
20211123,1015714894,20211123,HAMAS,PSE,ISRAEL,ISR,193,소형무기·경무기를 이용한 전투,19,4,-10.0,2,1,2,-4.74871743513629,South Africa,SF,http://www.ruthfullyyours.com/2021/11/23/ruthie-blum-bennets-big-twitter-blunder/
20211123,1015716897,20211123,ISRAEL,ISR,IRAN,IRN,190,재래식 군사력 사용,19,4,-10.0,2,1,2,-4.86111111111112,"Chabahar, Sistan va Baluchestan, Iran",IR,https://sputniknews.com/20211123/israeli-defence-minister-reportedly-accuses-iran-of-launching-maritime-attacks-from-uae-bases-1090950460.html
20211123,1015716898,20211123,ISRAEL,ISR,IRAN,IRN,190,재래식 군사력 사용,19,4,-10.0,4,1,4,-4.86111111111112,"Qeshm, Kordestan, Iran",IR,https://sputniknews.com/20211123/israeli-defence-minister-reportedly-accuses-iran-of-launching-maritime-attacks-from-uae-bases-1090950460.html
20211123,1015716899,20211123,ISRAELI,ISR,IRAN,IRN,190,재래식 군사력 사용,19,4,-10.0,4,1,4,-3.03030303030303,"Chabahar, Sistan va Baluchestan, Iran",IR,https://www.teletrader.com/shsrael-accuses-shran-of-maritime-attacks/news/details/56799434
20211123,1015716905,20211123,ISRAELI,ISR,WEST BANK,PSE,190,재래식 군사력 사용,19,4,-10.0,10,1,10,-9.3451066961001,"Hebron, Israel (general), Israel",IS,https://www.msn.com/en-us/news/world/when-israel-invades-your-home/ar-AAR1Vd1
20211123,1015716906,20211123,ISRAEL,ISR,WEST BANK,PSE,190,재래식 군사력 사용,19,4,-10.0,2,1,2,-9.3451066961001,West Bank,WE,https://www.msn.com/en-us/news/world/when-israel-invades-your-home/ar-AAR1Vd1
20211123,1015716912,20211123,ISRAELI,ISR,IRAN,IRN,190,재래식 군사력 사용,19,4,-10.0,6,1,6,-3.03030303030303,"Chabahar, Sistan va Baluchestan, Iran",IR,https://www.teletrader.com/shsrael-accuses-shran-of-maritime-attacks/news/details/56799434
20211123,1015717187,20211123,PALESTINIAN,PSE,ISRAEL,ISR,190,재래식 군사력 사용,19,4,-10.0,1,1,1,-0.33651149747617,Israel,IS,https://www.israellycool.com/2021/11/23/did-menachem-begin-really-say-our-race-is-the-master-race-palestinians-are-beasts-walking-on-two-legs/
20211123,1015717188,20211123,PALESTINIAN,PSE,ISRAEL,ISR,190,재래식 군사력 사용,19,4,-10.0,1,1,1,-0.33651149747617,Israel,IS,https://www.israellycool.com/2021/11/23/did-menachem-begin-really-say-our-race-is-the-master-race-palestinians-are-beasts-walking-on-two-legs/
20211123,1015718991,20211123,IRANIAN,IRN,IRAQ,IRQ,195,공중무기 사용,19,4,-10.0,1,1,1,-1.44717800289436,"Qeshm, Kordestan, Iran",IR,https://www.jpost.com/middle-east/iran-news/iran-drone-attacks-from-hormuz-islands-smuggling-weapons-to-venezuela-gantz-685759
20211123,1015718992,20211123,IRANIAN,IRN,IRAQ,IRQ,195,공중무기 사용,19,4,-10.0,2,2,2,-3.1826053948898,United States,US,https://www.jpost.com/middle-east/iran-news/iran-drone-attacks-from-hormuz-islands-smuggling-weapons-to-venezuela-gantz-685759
20211123,1015718993,20211123,IRAN,IRN,SAUDI ARABIA,SAU,195,공중무기 사용,19,4,-10.0,2,1,2,-4.31893687707641,"Marib, Ma'rib, Yemen",YM,https://www.msn.com/en-gb/news/world/saudi-led-alliance-attacks-sites-in-yemens-sanaa/ar-AAR0TiR
20211123,1015718994,20211123,IRANIAN,IRN,SYRIA,SYR,195,공중무기 사용,19,4,-10.0,1,1,1,-1.44717800289436,United States,US,https://www.jpost.com/middle-east/iran-news/iran-drone-attacks-from-hormuz-islands-smuggling-weapons-to-venezuela-gantz-685759
20211123,1015718995,20211123,IRANIAN,IRN,SYRIA,SYR,195,공중무기 사용,19,4,-10.0,1,1,1,-1.44717800289436,"Qeshm, Kordestan, Iran",IR,https://www.jpost.com/middle-east/iran-news/iran-drone-attacks-from-hormuz-islands-smuggling-weapons-to-venezuela-gantz-685759
20211123,1015718999,20211123,ISRAELI,ISR,JORDANIAN,JOR,192,영토 점령,19,4,-9.5,1,1,1,-1.44717800289436,"Qeshm, Kordestan, Iran",IR,https://www.jpost.com/middle-east/iran-news/iran-drone-attacks-from-hormuz-islands-smuggling-weapons-to-venezuela-gantz-685759
20211123,1015719000,20211123,ISRAELI,ISR,JORDANIAN,JOR,192,영토 점령,19,4,-9.5,7,1,7,-1.44717800289436,"Beit Shean, Ha?afon, Israel",IS,https://www.jpost.com/middle-east/iran-news/iran-drone-attacks-from-hormuz-islands-smuggling-weapons-to-venezuela-gantz-685759
20211123,1015721023,20211123,IRAN,IRN,ISRAEL,ISR,190,재래식 군사력 사용,19,4,-10.0,2,1,2,-3.48623853211009,Israel,IS,https://www.msn.com/en-us/news/world/israel-signals-readiness-to-escalate-iran-confrontation/ar-AAR1Qlg
20211123,1015721027,20211123,IRANIAN,IRN,AL JAZEERA,QAT,190,재래식 군사력 사용,19,4,-10.0,6,1,6,-3.48623853211009,"Tehran, Tehran, Iran",IR,https://www.msn.com/en-us/news/world/israel-signals-readiness-to-escalate-iran-confrontation/ar-AAR1Qlg
20211123,1015721028,20211123,IRAN,IRN,AL JAZEERA,QAT,190,재래식 군사력 사용,19,4,-10.0,2,1,2,-3.48623853211009,Israel,IS,https://www.msn.com/en-us/news/world/israel-signals-readiness-to-escalate-iran-confrontation/ar-AAR1Qlg
20211123,1015721038,20211123,IRAN,IRN,AL JAZEERA,QAT,190,재래식 군사력 사용,19,4,-10.0,2,1,2,-3.48623853211009,"Tehran, Tehran, Iran",IR,https://www.msn.com/en-us/news/world/israel-signals-readiness-to-escalate-iran-confrontation/ar-AAR1Qlg
20211123,1015721039,20211123,IRAN,IRN,AL JAZEERA,QAT,190,재래식 군사력 사용,19,4,-10.0,4,1,4,-3.48623853211009,"Tehran, Tehran, Iran",IR,https://www.msn.com/en-us/news/world/israel-signals-readiness-to-escalate-iran-confrontation/ar-AAR1Qlg
20211123,1015721040,20211123,IRAN,IRN,AL JAZEERA,QAT,190,재래식 군사력 사용,19,4,-10.0,2,1,2,-3.48623853211009,Israel,IS,https://www.msn.com/en-us/news/world/israel-signals-readiness-to-escalate-iran-confrontation/ar-AAR1Qlg
20211123,1015721297,20211123,HAMAS,PSE,ISRAEL,ISR,192,영토 점령,19,4,-9.5,24,6,24,-3.21285140562249,"Gaza, Israel (general), Israel",IS,https://www.arabherald.com/news/271788059/iran-blasts-uk-over-palestinian-move-despite-instagram-block
20211123,1015721301,20211123,AL JAZEERA,QAT,IRANIAN,IRN,190,재래식 군사력 사용,19,4,-10.0,6,1,6,-3.48623853211009,"Tehran, Tehran, Iran",IR,https://www.msn.com/en-us/news/world/israel-signals-readiness-to-escalate-iran-confrontation/ar-AAR1Qlg
20211123,1015721302,20211123,AL JAZEERA,QAT,IRAN,IRN,190,재래식 군사력 사용,19,4,-10.0,2,1,2,-3.48623853211009,Israel,IS,https://www.msn.com/en-us/news/world/israel-signals-readiness-to-escalate-iran-confrontation/ar-AAR1Qlg
20211123,1015721303,20211123,AL JAZEERA,QAT,IRAN,IRN,190,재래식 군사력 사용,19,4,-10.0,2,1,2,-3.48623853211009,"Tehran, Tehran, Iran",IR,https://www.msn.com/en-us/news/world/israel-signals-readiness-to-escalate-iran-confrontation/ar-AAR1Qlg
20211123,1015721304,20211123,AL JAZEERA,QAT,IRAN,IRN,190,재래식 군사력 사용,19,4,-10.0,4,1,4,-3.48623853211009,"Tehran, Tehran, Iran",IR,https://www.msn.com/en-us/news/world/israel-signals-readiness-to-escalate-iran-confrontation/ar-AAR1Qlg
20211123,1015721305,20211123,AL JAZEERA,QAT,IRAN,IRN,190,재래식 군사력 사용,19,4,-10.0,2,1,2,-3.48623853211009,Israel,IS,https://www.msn.com/en-us/news/world/israel-signals-readiness-to-escalate-iran-confrontation/ar-AAR1Qlg
20211123,1015723490,20211123,YEMEN,YEM,SAUDI ARABIAN,SAU,190,재래식 군사력 사용,19,4,-10.0,6,1,6,-9.22330097087383,"Jeddah, Makkah, Saudi Arabia",SA,https://economictimes.indiatimes.com/news/international/world-news/saudi-led-yemen-coalition-targets-houthi-missile-site-in-sanaa/articleshow/87868286.cms
20211123,1015725076,20211123,ISRAEL,ISR,IRAN,IRN,190,재래식 군사력 사용,19,4,-10.0,30,3,30,-6.94919115971747,"Chabahar, Sistan va Baluchestan, Iran",IR,https://katcountry989.com/2021/11/23/israel-says-iran-launched-maritime-attacks-from-uae-bases-in-chabahar-qeshm-island/
20211123,1015727277,20211123,IRAN,IRN,ISRAEL,ISR,195,공중무기 사용,19,4,-10.0,2,1,2,-3.21951219512195,"Beit Shean, Ha?afon, Israel",IS,https://www.timesofisrael.com/gantz-exposes-iran-drone-bases-says-tehran-tried-to-fly-tnt-via-uav-into-west-bank/
20211123,1015727278,20211123,IRAN,IRN,ISRAELI,ISR,195,공중무기 사용,19,4,-10.0,4,1,4,-3.21951219512195,"Beit Shean, Ha?afon, Israel",IS,https://www.timesofisrael.com/gantz-exposes-iran-drone-bases-says-tehran-tried-to-fly-tnt-via-uav-into-west-bank/
20211123,1015727310,20211123,ISRAEL,ISR,IRAN,IRN,138,군사력 사용 위협,13,3,-7.0,5,1,5,-3.42465753424657,"Jerusalem, Israel (general), Israel",IS,https://ejpress.org/report-us-warns-israel-attacks-on-iran-nuclear-facilities-counterproductive/
20211123,1015727311,20211123,ISRAEL,ISR,IRANIAN,IRN,190,재래식 군사력 사용,19,4,-10.0,2,1,2,-3.21951219512195,"Shahed, Fars, Iran",IR,https://www.timesofisrael.com/gantz-exposes-iran-drone-bases-says-tehran-tried-to-fly-tnt-via-uav-into-west-bank/
20211123,1015727312,20211123,ISRAEL,ISR,IRANIAN,IRN,190,재래식 군사력 사용,19,4,-10.0,8,1,8,-3.21951219512195,"Beit Shean, Ha?afon, Israel",IS,https://www.timesofisrael.com/gantz-exposes-iran-drone-bases-says-tehran-tried-to-fly-tnt-via-uav-into-west-bank/
20211123,1015727313,20211123,ISRAEL,ISR,IRAQ,IRQ,190,재래식 군사력 사용,19,4,-10.0,2,1,2,-0.49751243781095,"Jerusalem, Israel (general), Israel",IS,https://www.jpost.com/middle-east/iran-news/ex-mossad-chief-pardo-bennett-has-no-iran-strategy-685764
20211123,1015727314,20211123,ISRAEL,ISR,IRAQ,IRQ,190,재래식 군사력 사용,19,4,-10.0,2,1,2,-0.49751243781095,"Jerusalem, Israel (general), Israel",IS,https://www.jpost.com/middle-east/iran-news/ex-mossad-chief-pardo-bennett-has-no-iran-strategy-685764
20211123,1015727315,20211123,ISRAELI,ISR,IRAQ,IRQ,190,재래식 군사력 사용,19,4,-10.0,6,1,6,-0.49751243781095,Iraq,IZ,https://www.jpost.com/middle-east/iran-news/ex-mossad-chief-pardo-bennett-has-no-iran-strategy-685764
20211123,1015727334,20211123,ISRAEL,ISR,SYRIA,SYR,190,재래식 군사력 사용,19,4,-10.0,2,1,2,-0.49751243781095,"Jerusalem, Israel (general), Israel",IS,https://www.jpost.com/middle-east/iran-news/ex-mossad-chief-pardo-bennett-has-no-iran-strategy-685764
20211123,1015727335,20211123,ISRAEL,ISR,SYRIA,SYR,190,재래식 군사력 사용,19,4,-10.0,2,1,2,-0.49751243781095,"Jerusalem, Israel (general), Israel",IS,https://www.jpost.com/middle-east/iran-news/ex-mossad-chief-pardo-bennett-has-no-iran-strategy-685764
20211123,1015727336,20211123,ISRAELI,ISR,SYRIA,SYR,190,재래식 군사력 사용,19,4,-10.0,6,1,6,-0.49751243781095,Iraq,IZ,https://www.jpost.com/middle-east/iran-news/ex-mossad-chief-pardo-bennett-has-no-iran-strategy-685764
20211123,1015727609,20211123,WEST BANK,PSE,ISRAEL,ISR,195,공중무기 사용,19,4,-10.0,2,1,2,-3.21951219512195,"Beit Shean, Ha?afon, Israel",IS,https://www.timesofisrael.com/gantz-exposes-iran-drone-bases-says-tehran-tried-to-fly-tnt-via-uav-into-west-bank/
20211123,1015727610,20211123,WEST BANK,PSE,ISRAEL,ISR,195,공중무기 사용,19,4,-10.0,2,1,2,-3.21951219512195,"Isfahan, Esfahan, Iran",IR,https://www.timesofisrael.com/gantz-exposes-iran-drone-bases-says-tehran-tried-to-fly-tnt-via-uav-into-west-bank/
20211123,1015732005,20211123,ISRAELI,ISR,PALESTINIAN,PSE,190,재래식 군사력 사용,19,4,-10.0,1,1,1,-5.91715976331361,"Jaba, H_efa, Israel",IS,http://english.wafa.ps/Pages/Details/126921
20211123,1015732006,20211123,JERUSALEM,ISR,WEST BANK,PSE,190,재래식 군사력 사용,19,4,-10.0,4,1,4,-5.91715976331361,"Biddu, West Bank (general), West Bank",WE,http://english.wafa.ps/Pages/Details/126921
20211123,1015732007,20211123,ISRAELI,ISR,WEST BANK,PSE,190,재래식 군사력 사용,19,4,-10.0,8,1,8,-5.91715976331361,"Ramallah, West Bank (general), West Bank",WE,http://english.wafa.ps/Pages/Details/126921
20211123,1015732307,20211123,SYRIA,SYR,IRAN,IRN,190,재래식 군사력 사용,19,4,-10.0,4,1,4,-4.15282392026578,"Shahed, Fars, Iran",IR,https://www.jewishpress.com/news/middle-east/iran-news/defense-minister-iran-tried-to-transfer-explosives-to-terrorists-in-judea-and-samaria-with-drone/2021/11/23/
20211123,1015732317,20211123,TURKEY,TUR,SAUDI,SAU,163,금수·보이콧·제재 부과,16,4,-8.0,46,5,46,-4.62973199746493,"Riyadh, Ar Riya?, Saudi Arabia",SA,https://www.msn.com/en-us/news/world/turkish-trial-in-khashoggi-killing-nearing-deadlock-journalism-watchdog/ar-AAR1Rmh
20211123,1015732318,20211123,TURKEY,TUR,SAUDI ARABIA,SAU,163,금수·보이콧·제재 부과,16,4,-8.0,12,5,12,-4.62973199746493,"Ankara, Ankara, Turkey",TU,https://www.msn.com/en-us/news/world/turkish-trial-in-khashoggi-killing-nearing-deadlock-journalism-watchdog/ar-AAR1Rmh
20211123,1015732319,20211123,TURKISH,TUR,SAUDI,SAU,190,재래식 군사력 사용,19,4,-10.0,46,5,46,-4.62973199746493,"Riyadh, Ar Riya?, Saudi Arabia",SA,https://www.msn.com/en-us/news/world/turkish-trial-in-khashoggi-killing-nearing-deadlock-journalism-watchdog/ar-AAR1Rmh
20211123,1015732320,20211123,TURKISH,TUR,SAUDI ARABIA,SAU,190,재래식 군사력 사용,19,4,-10.0,10,4,10,-4.49184860972388,"Riyadh, Ar Riya?, Saudi Arabia",SA,https://www.msn.com/en-us/news/world/turkish-trial-in-khashoggi-killing-nearing-deadlock-journalism-watchdog/ar-AAR1Rmh
20211123,1015732321,20211123,TURKEY,TUR,SAUDI ARABIA,SAU,192,영토 점령,19,4,-9.5,3,2,3,-4.61235552382859,"Istanbul, Istanbul, Turkey",TU,https://www.msn.com/en-us/news/world/turkish-trial-in-khashoggi-killing-nearing-deadlock-journalism-watchdog/ar-AAR1Rmh
20211123,1015732322,20211123,TURKEY,TUR,SAUDI ARABIA,SAU,192,영토 점령,19,4,-9.5,3,2,3,-4.61235552382859,"Istanbul, Istanbul, Turkey",TU,https://www.msn.com/en-us/news/world/turkish-trial-in-khashoggi-killing-nearing-deadlock-journalism-watchdog/ar-AAR1Rmh
20211123,1015732323,20211123,TURKEY,TUR,SAUDI,SAU,192,영토 점령,19,4,-9.5,36,5,36,-4.62973199746493,"Riyadh, Ar Riya?, Saudi Arabia",SA,https://www.msn.com/en-us/news/world/turkish-trial-in-khashoggi-killing-nearing-deadlock-journalism-watchdog/ar-AAR1Rmh
20211123,1015732324,20211123,TURKEY,TUR,SAUDI ARABIA,SAU,192,영토 점령,19,4,-9.5,12,5,12,-4.62973199746493,"Riyadh, Ar Riya?, Saudi Arabia",SA,https://www.msn.com/en-us/news/world/turkish-trial-in-khashoggi-killing-nearing-deadlock-journalism-watchdog/ar-AAR1Rmh
20211123,1015737692,20211123,ISRAEL,ISR,GAZA,PSE,190,재래식 군사력 사용,19,4,-10.0,16,1,8,-8.66551126516465,"Jerusalem, Israel (general), Israel",IS,https://www1.cbn.com/cbnnews/israel/2021/november/israel-uncovers-major-hamas-terror-cell-planning-attacks-against-israelis
20211123,1015737693,20211123,ISRAEL,ISR,GAZA,PSE,192,영토 점령,19,4,-9.5,2,1,2,-8.66551126516465,"Jerusalem, Israel (general), Israel",IS,https://www1.cbn.com/cbnnews/israel/2021/november/israel-uncovers-major-hamas-terror-cell-planning-attacks-against-israelis
20211123,1015737694,20211123,ISRAEL,ISR,GAZA,PSE,192,영토 점령,19,4,-9.5,8,1,8,-8.66551126516465,"Jerusalem, Israel (general), Israel",IS,https://www1.cbn.com/cbnnews/israel/2021/november/israel-uncovers-major-hamas-terror-cell-planning-attacks-against-israelis
20211123,1015737699,20211123,ISRAEL,ISR,WEST BANK,PSE,190,재래식 군사력 사용,19,4,-10.0,2,1,2,-8.66551126516465,"Jerusalem, Israel (general), Israel",IS,https://www1.cbn.com/cbnnews/israel/2021/november/israel-uncovers-major-hamas-terror-cell-planning-attacks-against-israelis
20211123,1015737700,20211123,ISRAEL,ISR,WEST BANK,PSE,190,재래식 군사력 사용,19,4,-10.0,8,1,8,-8.66551126516465,West Bank,WE,https://www1.cbn.com/cbnnews/israel/2021/november/israel-uncovers-major-hamas-terror-cell-planning-attacks-against-israelis
20211123,1015737956,20211123,GAZA,PSE,ISRAEL,ISR,190,재래식 군사력 사용,19,4,-10.0,8,1,8,-8.66551126516465,"Jerusalem, Israel (general), Israel",IS,https://www1.cbn.com/cbnnews/israel/2021/november/israel-uncovers-major-hamas-terror-cell-planning-attacks-against-israelis
20211123,1015738045,20211123,TURKEY,TUR,SAUDI ARABIA,SAU,192,영토 점령,19,4,-9.5,2,2,2,-4.31108823856682,"Riyadh, Ar Riya?, Saudi Arabia",SA,https://www.reuters.com/world/turkish-trial-khashoggi-killing-nearing-deadlock-journalism-watchdog-2021-11-23/
20211123,1015738046,20211123,TURKEY,TUR,SAUDI ARABIA,SAU,192,영토 점령,19,4,-9.5,2,2,2,-4.31108823856682,"Riyadh, Ar Riya?, Saudi Arabia",SA,https://www.reuters.com/world/turkish-trial-khashoggi-killing-nearing-deadlock-journalism-watchdog-2021-11-23/
20211123,1015739882,20211123,IRANIAN,IRN,IRAQ,IRQ,195,공중무기 사용,19,4,-10.0,1,1,1,-4.91803278688524,"Qeshm, Kordestan, Iran",IR,https://hamodia.com/2021/11/23/gantz-reveals-iran-tried-to-send-explosives-into-israel/
20211123,1015739894,20211123,IRANIAN,IRN,SYRIA,SYR,195,공중무기 사용,19,4,-10.0,1,1,1,-4.91803278688524,"Qeshm, Kordestan, Iran",IR,https://hamodia.com/2021/11/23/gantz-reveals-iran-tried-to-send-explosives-into-israel/
20211123,1015739895,20211123,IRANIAN,IRN,SYRIA,SYR,195,공중무기 사용,19,4,-10.0,1,1,1,-4.91803278688524,"Qeshm, Kordestan, Iran",IR,https://hamodia.com/2021/11/23/gantz-reveals-iran-tried-to-send-explosives-into-israel/
20211123,1015743847,20211123,PALESTINE,PSE,ISRAEL,ISR,163,금수·보이콧·제재 부과,16,4,-8.0,2,1,2,-4.71264367816092,"Kremlin, Moskva, Russia",RS,https://www.workersliberty.org/story/2019-06-20/arabs-jews-and-socialism-1-anti-zionism-and-antisemitism
20211123,1015743848,20211123,PALESTINE,PSE,ISRAEL,ISR,163,금수·보이콧·제재 부과,16,4,-8.0,2,1,2,-4.71264367816092,"Herut, HaMerkaz, Israel",IS,https://www.workersliberty.org/story/2019-06-20/arabs-jews-and-socialism-1-anti-zionism-and-antisemitism
20211123,1015755163,20211123,PALESTINIAN,PSE,JERUSALEM,ISR,190,재래식 군사력 사용,19,4,-10.0,2,1,2,-7.13101160862355,"Jerusalem, Israel (general), Israel",IS,https://www.timesofisrael.com/hezbollah-smuggling-weapons-to-arab-israelis-to-sow-civil-strife-police/
20211123,1015761621,20211123,PALESTINIAN,PSE,JORDAN,JOR,192,영토 점령,19,4,-9.5,1,1,1,0.92764378478664,"Ben Gurion, HaMerkaz, Israel",IS,https://www.haaretz.com/us-news/.premium-dozens-of-u-s-lawmakers-urge-biden-admin-to-let-israel-into-visa-waiver-program-1.10409561
20211123,1015761622,20211123,PALESTINIAN,PSE,JORDAN,JOR,192,영토 점령,19,4,-9.5,2,1,2,0.92764378478664,Jordan,JO,https://www.haaretz.com/us-news/.premium-dozens-of-u-s-lawmakers-urge-biden-admin-to-let-israel-into-visa-waiver-program-1.10409561
20211123,1015761623,20211123,PALESTINIAN,PSE,JORDAN,JOR,192,영토 점령,19,4,-9.5,5,1,5,0.92764378478664,Jordan,JO,https://www.haaretz.com/us-news/.premium-dozens-of-u-s-lawmakers-urge-biden-admin-to-let-israel-into-visa-waiver-program-1.10409561
20211123,1015765789,20211123,IRAN,IRN,ISRAELI,ISR,190,재래식 군사력 사용,19,4,-10.0,10,5,10,-5.76064109301104,"Tel Aviv, Tel Aviv, Israel",IS,http://english.sina.com/world/m/2021-11-23/detail-iktzscyy7348324.shtml
20211123,1015765790,20211123,IRAN,IRN,ISRAELI,ISR,190,재래식 군사력 사용,19,4,-10.0,25,5,25,-5.76064109301104,"Tehran, Tehran, Iran",IR,http://english.sina.com/world/m/2021-11-23/detail-iktzscyy7348324.shtml
20211123,1015765802,20211123,ISRAEL,ISR,IRAN,IRN,190,재래식 군사력 사용,19,4,-10.0,15,5,15,-5.76064109301104,"Chabahar, Sistan va Baluchestan, Iran",IR,http://english.sina.com/world/m/2021-11-23/detail-iktzscyy7348324.shtml
20211123,1015765803,20211123,ISRAEL,ISR,IRAN,IRN,190,재래식 군사력 사용,19,4,-10.0,5,5,5,-5.76064109301104,"Chabahar, Sistan va Baluchestan, Iran",IR,http://english.sina.com/world/m/2021-11-23/detail-iktzscyy7348324.shtml
20211123,1015767772,20211123,CAIRO,EGY,SANAA,YEM,195,공중무기 사용,19,4,-10.0,9,4,9,-9.00564438062231,"Hodeida, Al ?udaydah, Yemen",YM,https://abcnews.go.com/International/wireStory/yemens-houthis-saudi-coalition-strike-hits-sanaa-factory-81351477
20211123,1015769918,20211123,JERUSALEM,ISR,WEST BANK,PSE,191,봉쇄·이동 제한,19,4,-9.5,2,1,2,-2.14899713467049,"Jerusalem, Israel (general), Israel",IS,https://themedialine.org/by-region/eu-envoy-warns-time-running-out-on-two-state-solution-as-settlement-construction-plans-proceed/
20211123,1015772504,20211123,HAMAS,PSE,ISRAEL,ISR,192,영토 점령,19,4,-9.5,10,2,10,-7.20946111332981,"Gaza, Israel (general), Israel",IS,https://honestreporting.com/academias-disturbing-distortion-of-the-israeli-palestinian-conflict/
20211123,1015776859,20211116,PALESTINIAN,PSE,ISRAEL,ISR,192,영토 점령,19,4,-9.5,2,1,2,-1.33206470028544,"Tel Aviv, Tel Aviv, Israel",IS,https://www.972mag.com/jaffa-gentrification-protest-camp/
20211123,1015776860,20211116,PALESTINIAN,PSE,JAFFA,ISR,192,영토 점령,19,4,-9.5,2,1,2,-1.33206470028544,"Tel Aviv, Tel Aviv, Israel",IS,https://www.972mag.com/jaffa-gentrification-protest-camp/
20211123,1015780357,20211123,SAUDI ARABIA,SAU,TURKISH,TUR,190,재래식 군사력 사용,19,4,-10.0,4,2,4,-5.44108669108669,"Riyadh, Ar Riya?, Saudi Arabia",SA,https://www.presstv.ir/Detail/2021/11/23/671227/Khashoggi-murder-trial-nearing-deadlock-over-failure-to-include-MBS-role-RSF
20211123,1015780358,20211123,SAUDI ARABIA,SAU,TURKISH,TUR,190,재래식 군사력 사용,19,4,-10.0,4,2,4,-5.44108669108669,"Riyadh, Ar Riya?, Saudi Arabia",SA,https://www.presstv.ir/Detail/2021/11/23/671227/Khashoggi-murder-trial-nearing-deadlock-over-failure-to-include-MBS-role-RSF
20211123,1015780371,20211123,TURKEY,TUR,SAUDI ARABIA,SAU,163,금수·보이콧·제재 부과,16,4,-8.0,2,1,2,-5.31914893617022,"Ankara, Ankara, Turkey",TU,https://www.ndtv.com/world-news/jamal-khashoggi-turkey-trial-in-saudi-journalist-jamal-khashoggi-killing-nearing-deadlock-watchdog-2622158
20211123,1015780372,20211123,TURKISH,TUR,SAUDI ARABIA,SAU,190,재래식 군사력 사용,19,4,-10.0,2,1,2,-5.31914893617022,"Istanbul, Istanbul, Turkey",TU,https://www.ndtv.com/world-news/jamal-khashoggi-turkey-trial-in-saudi-journalist-jamal-khashoggi-killing-nearing-deadlock-watchdog-2622158
20211123,1015780373,20211123,TURKISH,TUR,SAUDI ARABIA,SAU,190,재래식 군사력 사용,19,4,-10.0,9,3,9,-5.32955017281623,"Istanbul, Istanbul, Turkey",TU,https://www.ndtv.com/world-news/jamal-khashoggi-turkey-trial-in-saudi-journalist-jamal-khashoggi-killing-nearing-deadlock-watchdog-2622158
20211123,1015780374,20211123,TURKEY,TUR,SAUDI ARABIA,SAU,192,영토 점령,19,4,-9.5,4,2,4,-5.44108669108669,"Riyadh, Ar Riya?, Saudi Arabia",SA,https://www.presstv.ir/Detail/2021/11/23/671227/Khashoggi-murder-trial-nearing-deadlock-over-failure-to-include-MBS-role-RSF
20211123,1015780375,20211123,TURKEY,TUR,SAUDI ARABIA,SAU,192,영토 점령,19,4,-9.5,1,1,1,-5.31914893617022,"Ankara, Ankara, Turkey",TU,https://www.ndtv.com/world-news/jamal-khashoggi-turkey-trial-in-saudi-journalist-jamal-khashoggi-killing-nearing-deadlock-watchdog-2622158
20211123,1015780376,20211123,TURKEY,TUR,SAUDI ARABIA,SAU,192,영토 점령,19,4,-9.5,1,1,1,-5.31914893617022,"Ankara, Ankara, Turkey",TU,https://www.ndtv.com/world-news/jamal-khashoggi-turkey-trial-in-saudi-journalist-jamal-khashoggi-killing-nearing-deadlock-watchdog-2622158
20211123,1015780377,20211123,TURKEY,TUR,SAUDI,SAU,192,영토 점령,19,4,-9.5,12,2,12,-5.44108669108669,"Riyadh, Ar Riya?, Saudi Arabia",SA,https://www.presstv.ir/Detail/2021/11/23/671227/Khashoggi-murder-trial-nearing-deadlock-over-failure-to-include-MBS-role-RSF
20211123,1015780378,20211123,TURKEY,TUR,SAUDI ARABIA,SAU,192,영토 점령,19,4,-9.5,4,2,4,-5.44108669108669,"Riyadh, Ar Riya?, Saudi Arabia",SA,https://www.presstv.ir/Detail/2021/11/23/671227/Khashoggi-murder-trial-nearing-deadlock-over-failure-to-include-MBS-role-RSF
20211123,1015780379,20211123,TURKISH,TUR,SAUDI ARABIA,SAU,190,재래식 군사력 사용,19,4,-10.0,3,2,3,-5.44108669108669,"Riyadh, Ar Riya?, Saudi Arabia",SA,https://www.presstv.ir/Detail/2021/11/23/671227/Khashoggi-murder-trial-nearing-deadlock-over-failure-to-include-MBS-role-RSF
20211123,1015780380,20211123,TURKISH,TUR,SAUDI ARABIA,SAU,190,재래식 군사력 사용,19,4,-10.0,2,1,2,-5.96153846153846,"Washington, District of Columbia, United States",US,https://www.presstv.ir/Detail/2021/11/23/671227/Khashoggi-murder-trial-nearing-deadlock-over-failure-to-include-MBS-role-RSF
20211123,1015780381,20211123,TURKISH,TUR,SAUDI,SAU,190,재래식 군사력 사용,19,4,-10.0,7,2,7,-5.44108669108669,"Washington, District of Columbia, United States",US,https://www.presstv.ir/Detail/2021/11/23/671227/Khashoggi-murder-trial-nearing-deadlock-over-failure-to-include-MBS-role-RSF
20211123,1015780724,20211123,YEMENI,YEM,SAUDI ARABIA,SAU,190,재래식 군사력 사용,19,4,-10.0,5,1,5,-8.93970893970895,"Riyadh, Ar Riya?, Saudi Arabia",SA,https://www.presstv.ir/Detail/2021/11/22/671141/Yemen-protest-Sa%E2%80%99ad-Saudi-war-US-
20211123,1015780725,20211123,YEMEN,YEM,SAUDI ARABIA,SAU,190,재래식 군사력 사용,19,4,-10.0,2,1,2,-8.93970893970895,Yemen,YM,https://www.presstv.ir/Detail/2021/11/22/671141/Yemen-protest-Sa%E2%80%99ad-Saudi-war-US-
20211123,1015780726,20211123,YEMEN,YEM,SAUDI,SAU,190,재래식 군사력 사용,19,4,-10.0,1,1,1,-8.93970893970895,Yemen,YM,https://www.presstv.ir/Detail/2021/11/22/671141/Yemen-protest-Sa%E2%80%99ad-Saudi-war-US-
20211123,1015785049,20211123,ISRAEL,ISR,GAZA,PSE,190,재래식 군사력 사용,19,4,-10.0,3,1,3,0.0,Gaza Strip,GZ,https://www.i24news.tv/en/news/israel/diplomacy-defense/1637677740-european-parliament-members-visit-israel-s-border-with-gaza
20211123,1015785050,20211123,ISRAEL,ISR,GAZA,PSE,194,포병·전차를 이용한 전투,19,4,-10.0,3,1,3,0.0,"Kerem Shalom, HaDarom, Israel",IS,https://www.i24news.tv/en/news/israel/diplomacy-defense/1637677740-european-parliament-members-visit-israel-s-border-with-gaza
20211123,1015785329,20211123,GAZA,PSE,ISRAEL,ISR,190,재래식 군사력 사용,19,4,-10.0,3,1,3,0.0,Gaza Strip,GZ,https://www.i24news.tv/en/news/israel/diplomacy-defense/1637677740-european-parliament-members-visit-israel-s-border-with-gaza
20211123,1015785398,20211123,TURKISH,TUR,SAUDI,SAU,190,재래식 군사력 사용,19,4,-10.0,13,3,13,-4.61632958725522,"Istanbul, Istanbul, Turkey",TU,https://www.aljazeera.com/news/2021/11/23/turkey-asks-saudi-khashoggi-murder-suspects-criminal-records
20211123,1015785399,20211123,TURKISH,TUR,SAUDI ARABIA,SAU,190,재래식 군사력 사용,19,4,-10.0,7,2,7,-3.99480688088283,Saudi Arabia,SA,https://www.aljazeera.com/news/2021/11/23/turkey-asks-saudi-khashoggi-murder-suspects-criminal-records
20211123,1015791541,20211123,ISRAELI,ISR,PALESTINIAN,PSE,190,재래식 군사력 사용,19,4,-10.0,8,1,8,-4.4311377245509,"Gaza, Israel (general), Israel",IS,https://worldcrunch.com/world-affairs/west-bank-to-kashmir-why-modi-sees-israel-as-a-guide-for-india
20211123,1015791558,20211123,HASSAN,JOR,IRAN,IRN,190,재래식 군사력 사용,19,4,-10.0,2,1,2,-7.69779044903778,"Robat Karim, Tehran, Iran",IR,https://www.ncr-iran.org/en/news/iran-resistance/hassan-norouzi-iranian-mp-whose-remarks-tested-the-societys-explosivity/
20211123,1015791620,20211123,LEBANON,LBN,ISRAEL,ISR,193,소형무기·경무기를 이용한 전투,19,4,-10.0,4,1,4,-0.63897763578275,"Beirut, Beyrouth, Lebanon",LE,https://www.theguardian.com/artanddesign/2021/nov/23/tom-stoddart-obituary
20211123,1015791623,20211123,BEIRUT,LBN,PALESTINIAN,PSE,193,소형무기·경무기를 이용한 전투,19,4,-10.0,2,1,2,-0.63897763578275,"London, London, City of, United Kingdom",UK,https://www.theguardian.com/artanddesign/2021/nov/23/tom-stoddart-obituary
20211123,1015791624,20211123,BEIRUT,LBN,PALESTINIAN,PSE,193,소형무기·경무기를 이용한 전투,19,4,-10.0,4,1,4,-0.63897763578275,"Beirut, Beyrouth, Lebanon",LE,https://www.theguardian.com/artanddesign/2021/nov/23/tom-stoddart-obituary
20211123,1015791625,20211123,TYRE,LBN,QATAR,QAT,190,재래식 군사력 사용,19,4,-10.0,10,1,10,-2.80464216634429,Qatar,QA,https://www.formula1.com/en/latest/article.palmer-in-a-race-decided-by-tyres-how-did-alonso-beat-the-odds-to-seal-a.5quOdGozYW1K9LO5Eg0Afr.html
20211123,1015791811,20211123,HAMAS,PSE,ISRAEL,ISR,194,포병·전차를 이용한 전투,19,4,-10.0,8,1,8,-4.4311377245509,"Gaza, Israel (general), Israel",IS,https://worldcrunch.com/world-affairs/west-bank-to-kashmir-why-modi-sees-israel-as-a-guide-for-india
20211123,1015791816,20211123,QATAR,QAT,TYRE,LBN,190,재래식 군사력 사용,19,4,-10.0,10,1,10,-2.80464216634429,Qatar,QA,https://www.formula1.com/en/latest/article.palmer-in-a-race-decided-by-tyres-how-did-alonso-beat-the-odds-to-seal-a.5quOdGozYW1K9LO5Eg0Afr.html
20211123,1015794625,20211123,ISRAEL,ISR,PALESTINIAN,PSE,190,재래식 군사력 사용,19,4,-10.0,2,1,2,-6.84210526315789,"Northern District, Ha?afon, Israel",IS,https://www.jewishpress.com/news/israel/israeli-arabs/hezbollah-smuggling-guns-to-israeli-arabs-for-use-in-next-war/2021/11/23/
20211123,1015794926,20211123,HAMAS,PSE,ISRAELI,ISR,190,재래식 군사력 사용,19,4,-10.0,14,2,14,-5.56829189538263,"Jerusalem, Israel (general), Israel",IS,https://www.jewishpress.com/news/israel/israeli-arabs/hezbollah-smuggling-guns-to-israeli-arabs-for-use-in-next-war/2021/11/23/
20211123,1015798813,20211123,TURKISH,TUR,SAUDI ARABIA,SAU,190,재래식 군사력 사용,19,4,-10.0,1,1,1,-5.859375,"Istanbul, Istanbul, Turkey",TU,https://www.wiredprnews.com/turkish-court-searches-saudi-records-for-suspects-in-khashoggis-murder-jamal-khashoggi-news/
20211123,1015798815,20211123,TURKEY,TUR,SYRIA,SYR,154,군 병력 동원·증강,15,4,-7.2,2,1,2,-4.98866213151927,"Hazara, Balkh, Afghanistan",AF,https://thehill.com/opinion/national-security/582467-afghan-refugees-are-being-recruited-to-join-an-iranian-paramilitary
20211123,1015800442,20211123,IRAN,IRN,ISRAEL,ISR,138,군사력 사용 위협,13,3,-7.0,8,1,8,-3.39506172839506,"Tel Aviv, Tel Aviv, Israel",IS,https://londonlovesbusiness.com/iran-warned-over-nuclear-weapons-by-israel-as-an-air-strike-could-lead-to-a-very-complicated-war/
20211123,1015800443,20211123,IRAN,IRN,ISRAEL,ISR,138,군사력 사용 위협,13,3,-7.0,2,1,2,-3.39506172839506,"Tel Aviv, Tel Aviv, Israel",IS,https://londonlovesbusiness.com/iran-warned-over-nuclear-weapons-by-israel-as-an-air-strike-could-lead-to-a-very-complicated-war/
20211123,1015804652,20211123,BAHRAIN,BHR,LEBANON,LBN,163,금수·보이콧·제재 부과,16,4,-8.0,5,1,5,-3.17948717948718,"Jerusalem, Israel (general), Israel",IS,https://www.thedailystar.net/views/opinion/news/new-world-the-middle-east-tries-cooperation-alongside-competition-2901156
20211123,1015805191,20211123,ISRAEL,ISR,IRAN,IRN,190,재래식 군사력 사용,19,4,-10.0,2,1,2,-1.30890052356021,"Tehran, Tehran, Iran",IR,https://www.msn.com/en-xl/news/other/un-watchdog-calls-for-more-access-to-iran-nuclear-sites-ahead-of-new-talks/ar-AAR37Ai
20211123,1015805532,20211123,SAUDI ARABIA,SAU,LEBANON,LBN,163,금수·보이콧·제재 부과,16,4,-8.0,5,1,5,-3.17948717948718,"Jerusalem, Israel (general), Israel",IS,https://www.thedailystar.net/views/opinion/news/new-world-the-middle-east-tries-cooperation-alongside-competition-2901156
20211123,1015805534,20211123,SAUDI ARABIA,SAU,TURKEY,TUR,190,재래식 군사력 사용,19,4,-10.0,2,1,2,-3.17948717948718,"Beirut, Beyrouth, Lebanon",LE,https://www.thedailystar.net/views/opinion/news/new-world-the-middle-east-tries-cooperation-alongside-competition-2901156
20211123,1015805535,20211123,SAUDI ARABIA,SAU,TURKEY,TUR,190,재래식 군사력 사용,19,4,-10.0,6,1,6,-3.17948717948718,Saudi Arabia,SA,https://www.thedailystar.net/views/opinion/news/new-world-the-middle-east-tries-cooperation-alongside-competition-2901156
20211123,1015805564,20211123,TURKEY,TUR,SAUDI ARABIA,SAU,190,재래식 군사력 사용,19,4,-10.0,2,1,2,-3.17948717948718,"Beirut, Beyrouth, Lebanon",LE,https://www.thedailystar.net/views/opinion/news/new-world-the-middle-east-tries-cooperation-alongside-competition-2901156
20211123,1015807491,20211123,ISRAELI,ISR,IRANIAN,IRN,138,군사력 사용 위협,13,3,-7.0,2,1,2,-5.27472527472527,"Damascus, Dimashq, Syria",SY,https://schema-root.org/region/middle_east/palestine/israeli_attacks/
20211123,1015807492,20211123,ISRAELI,ISR,IRANIAN,IRN,138,군사력 사용 위협,13,3,-7.0,8,1,8,-5.27472527472527,"Jerusalem, Israel (general), Israel",IS,https://schema-root.org/region/middle_east/palestine/israeli_attacks/
20211123,1015807493,20211123,ISRAELI,ISR,IRANIAN,IRN,138,군사력 사용 위협,13,3,-7.0,2,1,2,-5.27472527472527,"Gaza, Israel (general), Israel",IS,https://schema-root.org/region/middle_east/palestine/israeli_attacks/
20211123,1015807494,20211123,ISRAELI,ISR,IRANIAN,IRN,138,군사력 사용 위협,13,3,-7.0,8,1,8,-5.27472527472527,"Gaza, Israel (general), Israel",IS,https://schema-root.org/region/middle_east/palestine/israeli_attacks/
20211123,1015807513,20211123,ISRAELI,ISR,PALESTINIAN,PSE,190,재래식 군사력 사용,19,4,-10.0,1,1,1,-5.27472527472527,"Damascus, Dimashq, Syria",SY,https://schema-root.org/region/middle_east/palestine/israeli_attacks/
20211123,1015807514,20211123,ISRAEL,ISR,GAZA,PSE,190,재래식 군사력 사용,19,4,-10.0,1,1,1,-5.27472527472527,Iran,IR,https://schema-root.org/region/middle_east/palestine/israeli_attacks/
20211123,1015807515,20211123,ISRAEL,ISR,PALESTINIAN,PSE,190,재래식 군사력 사용,19,4,-10.0,2,1,2,-5.27472527472527,"Jerusalem, Israel (general), Israel",IS,https://schema-root.org/region/middle_east/palestine/israeli_attacks/
20211123,1015807524,20211123,ISRAEL,ISR,TURKEY,TUR,192,영토 점령,19,4,-9.5,2,1,2,-5.27472527472527,"Gaza, Israel (general), Israel",IS,https://schema-root.org/region/middle_east/palestine/israeli_attacks/
20211123,1015807525,20211123,ISRAEL,ISR,TURKEY,TUR,192,영토 점령,19,4,-9.5,2,1,2,-5.27472527472527,"Gaza, Israel (general), Israel",IS,https://schema-root.org/region/middle_east/palestine/israeli_attacks/
20211123,1015807535,20211123,ISRAELI,ISR,PALESTINIAN,PSE,190,재래식 군사력 사용,19,4,-10.0,3,1,3,-5.27472527472527,"Gaza, Israel (general), Israel",IS,https://schema-root.org/region/middle_east/palestine/israeli_attacks/
20211123,1015807536,20211123,ISRAEL,ISR,PALESTINIAN,PSE,190,재래식 군사력 사용,19,4,-10.0,2,1,2,-5.27472527472527,"Beirut, Beyrouth, Lebanon",LE,https://schema-root.org/region/middle_east/palestine/israeli_attacks/
20211123,1015807902,20211123,PALESTINIAN,PSE,ISRAEL,ISR,190,재래식 군사력 사용,19,4,-10.0,3,1,3,-5.27472527472527,"Gaza, Israel (general), Israel",IS,https://schema-root.org/region/middle_east/palestine/israeli_attacks/
20211123,1015807911,20211123,HAMAS,PSE,TURKEY,TUR,192,영토 점령,19,4,-9.5,4,1,4,-5.27472527472527,"Gaza, Israel (general), Israel",IS,https://schema-root.org/region/middle_east/palestine/israeli_attacks/
20211123,1015807998,20211123,SYRIAN,SYR,ISRAELI,ISR,193,소형무기·경무기를 이용한 전투,19,4,-10.0,2,1,1,-5.27472527472527,"Gaza, Israel (general), Israel",IS,https://schema-root.org/region/middle_east/palestine/israeli_attacks/
20211123,1015807999,20211123,SYRIAN,SYR,ISRAELI,ISR,193,소형무기·경무기를 이용한 전투,19,4,-10.0,2,1,1,-5.27472527472527,"Gaza, Israel (general), Israel",IS,https://schema-root.org/region/middle_east/palestine/israeli_attacks/
20211123,1015808006,20211123,SYRIAN,SYR,ISRAELI,ISR,193,소형무기·경무기를 이용한 전투,19,4,-10.0,6,1,6,-5.27472527472527,"Damascus, Dimashq, Syria",SY,https://schema-root.org/region/middle_east/palestine/israeli_attacks/
20211123,1015808007,20211123,SYRIAN,SYR,ISRAELI,ISR,193,소형무기·경무기를 이용한 전투,19,4,-10.0,6,1,6,-5.27472527472527,"Damascus, Dimashq, Syria",SY,https://schema-root.org/region/middle_east/palestine/israeli_attacks/
20211123,1015809577,20211123,EGYPT,EGY,SYRIA,SYR,163,금수·보이콧·제재 부과,16,4,-8.0,4,1,4,0.76433121019108,"Damascus, Dimashq, Syria",SY,https://www.al-monitor.com/originals/2021/11/saudi-syrian-intelligence-chiefs-meet-cairo
20211123,1015809838,20211123,ISRAEL,ISR,IRAN,IRN,138,군사력 사용 위협,13,3,-7.0,2,1,2,-3.22841000807102,"Tel Aviv, Tel Aviv, Israel",IS,https://www.al-monitor.com/originals/2021/11/us-israel-divisions-iran-spill-open
20211123,1015809839,20211123,ISRAEL,ISR,IRAN,IRN,138,군사력 사용 위협,13,3,-7.0,4,1,4,-3.22841000807102,Iran,IR,https://www.al-monitor.com/originals/2021/11/us-israel-divisions-iran-spill-open
20211123,1015809840,20211123,ISRAEL,ISR,IRAN,IRN,138,군사력 사용 위협,13,3,-7.0,4,1,4,-3.22841000807102,Iran,IR,https://www.al-monitor.com/originals/2021/11/us-israel-divisions-iran-spill-open
20211123,1015825657,20211123,ISRAEL,ISR,PALESTINIAN,PSE,193,소형무기·경무기를 이용한 전투,19,4,-10.0,1,1,1,-8.11623246492983,"Shalhevet, HaMerkaz, Israel",IS,https://www.jpost.com/opinion/israel-has-as-much-right-to-defend-itself-as-everyone-else-opinion-686796
20211123,1015825658,20211123,ISRAEL,ISR,PALESTINIAN,PSE,193,소형무기·경무기를 이용한 전투,19,4,-10.0,1,1,1,-8.11623246492983,"Hebron, Israel (general), Israel",IS,https://www.jpost.com/opinion/israel-has-as-much-right-to-defend-itself-as-everyone-else-opinion-686796
20211123,1015825867,20211123,PALESTINIAN,PSE,ISRAELI,ISR,190,재래식 군사력 사용,19,4,-10.0,2,1,2,-8.11623246492983,"Shalhevet, HaMerkaz, Israel",IS,https://www.jpost.com/opinion/israel-has-as-much-right-to-defend-itself-as-everyone-else-opinion-686796
20211123,1015825873,20211123,HAMAS,PSE,JERUSALEM,ISR,193,소형무기·경무기를 이용한 전투,19,4,-10.0,5,1,5,-8.11623246492983,"Hebron, Israel (general), Israel",IS,https://www.jpost.com/opinion/israel-has-as-much-right-to-defend-itself-as-everyone-else-opinion-686796
20211123,1015829330,20211123,HAMAS,PSE,ISRAELI,ISR,190,재래식 군사력 사용,19,4,-10.0,6,1,6,-6.37450199203187,"Jerusalem, Israel (general), Israel",IS,https://www.clevelandjewishnews.com/jns/hamas-terrorist-who-murdered-israeli-reportedly-traveled-to-turkey-multiple-times/article_4678579e-4f92-5a8c-bba1-d11ee7ee4dba.html
20211123,1015829331,20211123,HAMAS,PSE,ISRAELI,ISR,190,재래식 군사력 사용,19,4,-10.0,2,1,2,-6.37450199203187,"Jerusalem, Israel (general), Israel",IS,https://www.clevelandjewishnews.com/jns/hamas-terrorist-who-murdered-israeli-reportedly-traveled-to-turkey-multiple-times/article_4678579e-4f92-5a8c-bba1-d11ee7ee4dba.html
20211123,1015829332,20211123,HAMAS,PSE,ISRAELI,ISR,193,소형무기·경무기를 이용한 전투,19,4,-10.0,2,1,2,-6.37450199203187,"Jerusalem, Israel (general), Israel",IS,https://www.clevelandjewishnews.com/jns/hamas-terrorist-who-murdered-israeli-reportedly-traveled-to-turkey-multiple-times/article_4678579e-4f92-5a8c-bba1-d11ee7ee4dba.html
20211123,1015829333,20211123,HAMAS,PSE,ISRAELI,ISR,190,재래식 군사력 사용,19,4,-10.0,3,1,3,-6.37450199203187,"Jerusalem, Israel (general), Israel",IS,https://www.clevelandjewishnews.com/jns/hamas-terrorist-who-murdered-israeli-reportedly-traveled-to-turkey-multiple-times/article_4678579e-4f92-5a8c-bba1-d11ee7ee4dba.html
20211123,1015829334,20211123,HAMAS,PSE,ISRAELI,ISR,193,소형무기·경무기를 이용한 전투,19,4,-10.0,3,1,3,-6.37450199203187,"Jerusalem, Israel (general), Israel",IS,https://www.clevelandjewishnews.com/jns/hamas-terrorist-who-murdered-israeli-reportedly-traveled-to-turkey-multiple-times/article_4678579e-4f92-5a8c-bba1-d11ee7ee4dba.html
20211124,1015834347,20211124,ISRAEL,ISR,HAMAS,PSE,190,재래식 군사력 사용,19,4,-10.0,5,1,5,-9.48905109489049,"Jerusalem, Israel (general), Israel",IS,https://www.newdelhitimes.com/two-palestinians-end-hunger-strike-after-deal-with-israel/
20211124,1015834849,20211124,HAMAS,PSE,ISRAEL,ISR,190,재래식 군사력 사용,19,4,-10.0,5,1,5,-9.48905109489049,"Jerusalem, Israel (general), Israel",IS,https://www.newdelhitimes.com/two-palestinians-end-hunger-strike-after-deal-with-israel/
20211124,1015834853,20211124,HAMAS,PSE,ISRAELI,ISR,190,재래식 군사력 사용,19,4,-10.0,15,3,15,-5.28617402577595,"Jerusalem, Israel (general), Israel",IS,https://www.jns.org/hamas-terrorist-who-murdered-israeli-travelled-to-turkey-multiple-times/
20211124,1015834854,20211124,HAMAS,PSE,ISRAELI,ISR,190,재래식 군사력 사용,19,4,-10.0,20,2,20,-5.77872340425532,Jordan,JO,https://www.jns.org/hamas-terrorist-who-murdered-israeli-travelled-to-turkey-multiple-times/
20211124,1015837514,20211124,ISRAEL,ISR,IRAQ,IRQ,195,공중무기 사용,19,4,-10.0,1,1,1,-3.92422192151556,Iran,IR,https://www.economist.com/the-economist-explains/2021/11/23/what-is-the-jcpoa-the-deal-meant-to-restrict-irans-nuclear-activity
20211124,1015837515,20211124,ISRAEL,ISR,IRAQ,IRQ,195,공중무기 사용,19,4,-10.0,1,1,1,-3.92422192151556,Israel,IS,https://www.economist.com/the-economist-explains/2021/11/23/what-is-the-jcpoa-the-deal-meant-to-restrict-irans-nuclear-activity
20211124,1015839443,20211124,IRAN,IRN,SYRIA,SYR,190,재래식 군사력 사용,19,4,-10.0,8,1,8,-0.51993067590988,"Tehran, Tehran, Iran",IR,https://themedialine.org/top-stories/can-the-arab-countries-squeeze-iran-out-of-syria/
20211124,1015839444,20211124,IRAN,IRN,SYRIA,SYR,190,재래식 군사력 사용,19,4,-10.0,2,1,2,-0.51993067590988,"Tehran, Tehran, Iran",IR,https://themedialine.org/top-stories/can-the-arab-countries-squeeze-iran-out-of-syria/
20211124,1015843541,20211117,SYRIAN,SYR,ISRAEL,ISR,190,재래식 군사력 사용,19,4,-10.0,6,1,6,-6.92307692307692,"Damascus, Dimashq, Syria",SY,https://www.israelnationalnews.com/News/News.aspx/317466
20211124,1015844710,20211124,SYRIA,SYR,ISRAEL,ISR,195,공중무기 사용,19,4,-10.0,4,1,4,-6.92307692307692,Israel,IS,https://www.israelnationalnews.com/News/News.aspx/317466
20211124,1015844711,20211124,SYRIAN,SYR,ISRAEL,ISR,195,공중무기 사용,19,4,-10.0,4,1,4,-6.92307692307692,"Damascus, Dimashq, Syria",SY,https://www.israelnationalnews.com/News/News.aspx/317466
20211124,1015844712,20211124,SYRIA,SYR,ISRAEL,ISR,195,공중무기 사용,19,4,-10.0,6,1,6,-6.92307692307692,Israel,IS,https://www.israelnationalnews.com/News/News.aspx/317466
20211124,1015844713,20211124,SYRIA,SYR,ISRAELI,ISR,190,재래식 군사력 사용,19,4,-10.0,2,1,2,-6.92307692307692,"Damascus, Dimashq, Syria",SY,https://www.israelnationalnews.com/News/News.aspx/317466
20211124,1015846975,20211124,ISRAELI,ISR,HOMS,SYR,190,재래식 군사력 사용,19,4,-10.0,5,2,5,-7.40874019321792,Iran,IR,https://www.timesofisrael.com/israeli-missiles-target-several-sites-in-homs-claims-syria/
20211124,1015846976,20211124,ISRAELI,ISR,SYRIA,SYR,194,포병·전차를 이용한 전투,19,4,-10.0,4,1,4,-6.22641509433962,"Golan Heights, Syria (general), Syria",SY,https://www.timesofisrael.com/israeli-missiles-target-several-sites-in-homs-claims-syria/
20211124,1015846980,20211124,ISRAELI,ISR,HOMS,SYR,190,재래식 군사력 사용,19,4,-10.0,4,1,4,-6.22641509433962,Israel,IS,https://www.timesofisrael.com/israeli-missiles-target-several-sites-in-homs-claims-syria/
20211124,1015846981,20211124,ISRAEL,ISR,HOMS,SYR,190,재래식 군사력 사용,19,4,-10.0,2,1,2,-6.22641509433962,Israel,IS,https://www.timesofisrael.com/israeli-missiles-target-several-sites-in-homs-claims-syria/
20211124,1015847285,20211124,TURKEY,TUR,SAUDI,SAU,163,금수·보이콧·제재 부과,16,4,-8.0,8,1,8,-4.76190476190476,"Riyadh, Ar Riya?, Saudi Arabia",SA,http://voiceofvienna.org/2021/11/24/turkey-trial-in-journalist-khashoggis-killing-nearing-deadlock-watchdog/
20211124,1015847286,20211124,TURKEY,TUR,SAUDI ARABIA,SAU,163,금수·보이콧·제재 부과,16,4,-8.0,2,1,2,-4.76190476190476,"Ankara, Ankara, Turkey",TU,http://voiceofvienna.org/2021/11/24/turkey-trial-in-journalist-khashoggis-killing-nearing-deadlock-watchdog/
20211124,1015847287,20211124,TURKISH,TUR,SAUDI,SAU,190,재래식 군사력 사용,19,4,-10.0,8,1,8,-4.76190476190476,"Riyadh, Ar Riya?, Saudi Arabia",SA,http://voiceofvienna.org/2021/11/24/turkey-trial-in-journalist-khashoggis-killing-nearing-deadlock-watchdog/
20211124,1015847288,20211124,TURKISH,TUR,SAUDI ARABIA,SAU,190,재래식 군사력 사용,19,4,-10.0,2,1,2,-4.76190476190476,"Riyadh, Ar Riya?, Saudi Arabia",SA,http://voiceofvienna.org/2021/11/24/turkey-trial-in-journalist-khashoggis-killing-nearing-deadlock-watchdog/
20211124,1015847289,20211124,TURKEY,TUR,SAUDI,SAU,192,영토 점령,19,4,-9.5,6,1,6,-4.76190476190476,"Riyadh, Ar Riya?, Saudi Arabia",SA,http://voiceofvienna.org/2021/11/24/turkey-trial-in-journalist-khashoggis-killing-nearing-deadlock-watchdog/
20211124,1015847290,20211124,TURKEY,TUR,SAUDI ARABIA,SAU,192,영토 점령,19,4,-9.5,2,1,2,-4.76190476190476,"Riyadh, Ar Riya?, Saudi Arabia",SA,http://voiceofvienna.org/2021/11/24/turkey-trial-in-journalist-khashoggis-killing-nearing-deadlock-watchdog/
20211124,1015847291,20211124,TURKEY,TUR,SAUDI ARABIA,SAU,192,영토 점령,19,4,-9.5,1,1,1,-4.76190476190476,"Riyadh, Ar Riya?, Saudi Arabia",SA,http://voiceofvienna.org/2021/11/24/turkey-trial-in-journalist-khashoggis-killing-nearing-deadlock-watchdog/
20211124,1015847292,20211124,TURKEY,TUR,SAUDI ARABIA,SAU,192,영토 점령,19,4,-9.5,1,1,1,-4.76190476190476,"Riyadh, Ar Riya?, Saudi Arabia",SA,http://voiceofvienna.org/2021/11/24/turkey-trial-in-journalist-khashoggis-killing-nearing-deadlock-watchdog/
20211124,1015851880,20211124,CAIRO,EGY,SYRIAN,SYR,195,공중무기 사용,19,4,-10.0,30,3,30,-5.96817691477885,Israel,IS,https://www.reuters.com/world/middle-east/syrian-air-defenses-confront-hostile-targets-over-homs-state-media-2021-11-24/
20211124,1015852315,20211124,SYRIAN,SYR,ISRAELI,ISR,195,공중무기 사용,19,4,-10.0,20,2,20,-6.86893203883495,Israel,IS,https://gulfnews.com/world/mena/syrian-air-defences-intercept-israeli-attack-above-homs-1.1637716446138
20211124,1015853966,20211124,CAIRO,EGY,ISRAELI,ISR,190,재래식 군사력 사용,19,4,-10.0,10,1,10,-9.45945945945946,Israel,IS,https://www.arabnews.com/node/1974176/middle-east
20211124,1015855451,20211124,IRAN,IRN,SAUDI ARABIA,SAU,190,재래식 군사력 사용,19,4,-10.0,10,1,10,-3.65853658536585,"Riyadh, Ar Riya?, Saudi Arabia",SA,https://www.arabnews.com/node/1974196/middle-east
20211124,1015856991,20211124,ISRAELI,ISR,SYRIAN,SYR,190,재래식 군사력 사용,19,4,-10.0,21,2,21,-7.19431047748421,Israel,IS,https://www.haaretz.com/middle-east-news/.premium-syria-intercepts-israeli-missiles-over-homs-state-media-says-1.10411099
20211124,1015856992,20211124,ISRAEL,ISR,SYRIAN,SYR,190,재래식 군사력 사용,19,4,-10.0,1,1,1,-6.22568093385214,Israel,IS,https://www.easternherald.com/2021/11/24/iran-explosives-west-bank-by-drones/
20211124,1015856993,20211124,ISRAEL,ISR,SYRIAN,SYR,190,재래식 군사력 사용,19,4,-10.0,1,1,1,-6.22568093385214,Venezuela,VE,https://www.easternherald.com/2021/11/24/iran-explosives-west-bank-by-drones/
20211124,1015856994,20211124,ISRAEL,ISR,SYRIAN,SYR,195,공중무기 사용,19,4,-10.0,1,1,1,-6.22568093385214,Syria,SY,https://www.easternherald.com/2021/11/24/iran-explosives-west-bank-by-drones/
20211124,1015856995,20211124,ISRAEL,ISR,SYRIAN,SYR,195,공중무기 사용,19,4,-10.0,1,1,1,-6.22568093385214,United States,US,https://www.easternherald.com/2021/11/24/iran-explosives-west-bank-by-drones/
20211124,1015856996,20211124,ISRAEL,ISR,SYRIAN,SYR,190,재래식 군사력 사용,19,4,-10.0,6,1,6,-6.22568093385214,Israel,IS,https://www.easternherald.com/2021/11/24/iran-explosives-west-bank-by-drones/
20211124,1015856997,20211124,ISRAEL,ISR,SYRIA,SYR,195,공중무기 사용,19,4,-10.0,2,1,2,-6.22568093385214,Israel,IS,https://www.easternherald.com/2021/11/24/iran-explosives-west-bank-by-drones/
20211124,1015856998,20211124,ISRAEL,ISR,SYRIAN,SYR,195,공중무기 사용,19,4,-10.0,4,1,4,-6.22568093385214,Syria,SY,https://www.easternherald.com/2021/11/24/iran-explosives-west-bank-by-drones/
20211124,1015862712,20211124,ISRAEL,ISR,IRAN,IRN,190,재래식 군사력 사용,19,4,-10.0,8,3,8,-5.10727550385551,"Tehran, Tehran, Iran",IR,https://maritime-executive.com/article/israel-unveils-two-iranian-attack-drone-bases-used-to-strike-shipping
20211124,1015862713,20211124,ISRAEL,ISR,IRAN,IRN,190,재래식 군사력 사용,19,4,-10.0,4,1,4,-4.51612903225807,Israel,IS,https://maritime-executive.com/article/israel-unveils-two-iranian-attack-drone-bases-used-to-strike-shipping
20211124,1015862714,20211124,ISRAEL,ISR,IRAN,IRN,190,재래식 군사력 사용,19,4,-10.0,8,3,8,-4.03227652665984,"Tehran, Tehran, Iran",IR,https://maritime-executive.com/article/israel-unveils-two-iranian-attack-drone-bases-used-to-strike-shipping
20211124,1015862715,20211124,ISRAEL,ISR,IRAN,IRN,193,소형무기·경무기를 이용한 전투,19,4,-10.0,6,1,6,-4.51612903225807,Israel,IS,https://maritime-executive.com/article/israel-unveils-two-iranian-attack-drone-bases-used-to-strike-shipping
20211124,1015862716,20211124,ISRAEL,ISR,IRAN,IRN,193,소형무기·경무기를 이용한 전투,19,4,-10.0,2,1,2,-4.51612903225807,Israel,IS,https://maritime-executive.com/article/israel-unveils-two-iranian-attack-drone-bases-used-to-strike-shipping
20211124,1015862717,20211124,ISRAEL,ISR,IRAN,IRN,193,소형무기·경무기를 이용한 전투,19,4,-10.0,4,1,4,-4.51612903225807,Israel,IS,https://maritime-executive.com/article/israel-unveils-two-iranian-attack-drone-bases-used-to-strike-shipping
20211124,1015869180,20211124,QATAR,QAT,IRAN,IRN,195,공중무기 사용,19,4,-10.0,10,1,10,-2.94117647058824,Qatar,QA,https://menafn.com/1103239474/Qatar-Irans-Mahan-Air-says-its-has-foiled-a-cyber-attack&source=24
20211124,1015871781,20211124,IRANIAN,IRN,ISRAEL,ISR,190,재래식 군사력 사용,19,4,-10.0,4,2,4,-3.54842402106161,"Tehran, Tehran, Iran",IR,https://www.newsofbahrain.com/world/76925.html
20211124,1015871782,20211124,IRANIAN,IRN,ISRAEL,ISR,190,재래식 군사력 사용,19,4,-10.0,4,2,4,-3.54842402106161,Israel,IS,https://www.newsofbahrain.com/world/76925.html
20211124,1015871805,20211124,ISRAEL,ISR,IRANIAN,IRN,190,재래식 군사력 사용,19,4,-10.0,4,2,4,-3.54842402106161,Israel,IS,https://www.newsofbahrain.com/world/76925.html
20211124,1015873433,20211124,ISRAELI,ISR,SYRIA,SYR,190,재래식 군사력 사용,19,4,-10.0,16,2,16,-7.41059674753295,Israel,IS,https://news.trust.org/item/20211124034449-fxqji
20211124,1015875063,20211124,ISRAELI,ISR,BEIRUT,LBN,190,재래식 군사력 사용,19,4,-10.0,10,1,10,-8.76132930513591,"Tel Aviv, Tel Aviv, Israel",IS,https://www.presstv.ir/Detail/2021/11/24/671260/Syrian-air-defenses-Israeli-missiles-Homs
20211124,1015875064,20211124,ISRAEL,ISR,DAMASCUS,SYR,194,포병·전차를 이용한 전투,19,4,-10.0,10,1,10,-8.76132930513591,"Tel Aviv, Tel Aviv, Israel",IS,https://www.presstv.ir/Detail/2021/11/24/671260/Syrian-air-defenses-Israeli-missiles-Homs
20211124,1015875065,20211124,ISRAELI,ISR,SANA,YEM,190,재래식 군사력 사용,19,4,-10.0,2,1,2,-8.76132930513591,"Damascus, Dimashq, Syria",SY,https://www.presstv.ir/Detail/2021/11/24/671260/Syrian-air-defenses-Israeli-missiles-Homs
20211124,1015875355,20211124,SYRIAN,SYR,BEIRUT,LBN,194,포병·전차를 이용한 전투,19,4,-10.0,10,1,10,-8.76132930513591,"Damascus, Dimashq, Syria",SY,https://www.presstv.ir/Detail/2021/11/24/671260/Syrian-air-defenses-Israeli-missiles-Homs
20211124,1015877845,20211124,ISRAELI,ISR,SYRIA,SYR,190,재래식 군사력 사용,19,4,-10.0,1,1,1,-2.85171102661597,"Shahed, Fars, Iran",IR,https://www.ynetnews.com/article/hyrrvijof
20211124,1015877846,20211124,ISRAELI,ISR,SYRIA,SYR,190,재래식 군사력 사용,19,4,-10.0,1,1,1,-2.85171102661597,West Bank,WE,https://www.ynetnews.com/article/hyrrvijof
20211124,1015877847,20211124,ISRAELI,ISR,SYRIA,SYR,190,재래식 군사력 사용,19,4,-10.0,6,1,6,-2.85171102661597,West Bank,WE,https://www.ynetnews.com/article/hyrrvijof
20211124,1015877848,20211124,ISRAELI,ISR,SYRIA,SYR,190,재래식 군사력 사용,19,4,-10.0,133,16,133,-5.29341443192412,Iran,IR,https://www.chron.com/news/article/Israeli-airstrike-on-central-Syria-leaves-2-dead-16647907.php
20211124,1015881083,20211124,ISRAELI,ISR,SYRIA,SYR,190,재래식 군사력 사용,19,4,-10.0,1,1,1,-5.41871921182266,"Damascus, Dimashq, Syria",SY,https://www.sandiegouniontribune.com/news/nation-world/story/2021-11-23/israeli-airstrike-on-central-syria-leaves-2-dead-7-wounded
20211124,1015881084,20211124,ISRAELI,ISR,SYRIA,SYR,190,재래식 군사력 사용,19,4,-10.0,4,1,4,-5.41871921182266,Iran,IR,https://www.sandiegouniontribune.com/news/nation-world/story/2021-11-23/israeli-airstrike-on-central-syria-leaves-2-dead-7-wounded
20211124,1015881308,20211124,PALESTINIAN,PSE,ISRAELI,ISR,193,소형무기·경무기를 이용한 전투,19,4,-10.0,14,3,14,-9.02526692430012,"Jerusalem, Israel (general), Israel",IS,https://www.haaretz.com/opinion/.premium-there-is-never-quiet-time-in-the-west-bank-1.10410731
20211124,1015882617,20211124,ISRAELI,ISR,SYRIA,SYR,190,재래식 군사력 사용,19,4,-10.0,21,4,21,-5.55478525027704,Iran,IR,https://www.thehindu.com/news/international/israeli-airstrike-on-central-syria-leaves-two-dead-seven-wounded/article37657788.ece
20211124,1015882618,20211124,ISRAEL,ISR,SYRIA,SYR,190,재래식 군사력 사용,19,4,-10.0,7,4,7,-5.55478525027704,Israel,IS,https://www.thehindu.com/news/international/israeli-airstrike-on-central-syria-leaves-two-dead-seven-wounded/article37657788.ece
20211124,1015882619,20211124,ISRAELI,ISR,SYRIA,SYR,190,재래식 군사력 사용,19,4,-10.0,17,5,17,-5.51178936527018,Israel,IS,https://www.thehindu.com/news/international/israeli-airstrike-on-central-syria-leaves-two-dead-seven-wounded/article37657788.ece
20211124,1015884159,20211124,ISRAELI,ISR,IRANIAN,IRN,190,재래식 군사력 사용,19,4,-10.0,54,8,54,-5.7068925363409,Iran,IR,https://www.rfi.fr/en/middle-east/20211124-four-killed-in-israel-strikes-on-syria-war-monitor
20211124,1015884160,20211124,ISRAELI,ISR,IRAN,IRN,190,재래식 군사력 사용,19,4,-10.0,36,8,36,-5.7068925363409,Israel,IS,https://www.rfi.fr/en/middle-east/20211124-four-killed-in-israel-strikes-on-syria-war-monitor
20211124,1015884166,20211124,ISRAEL,ISR,SYRIA,SYR,192,영토 점령,19,4,-9.5,2,1,2,-7.30897009966778,Israel,IS,https://www.haaretz.com/israel-news/.premium-syria-intercepts-israeli-missiles-over-homs-state-media-says-1.10411099
20211124,1015884167,20211124,ISRAEL,ISR,SYRIAN,SYR,192,영토 점령,19,4,-9.5,8,1,8,-7.30897009966778,"Damascus, Dimashq, Syria",SY,https://www.haaretz.com/israel-news/.premium-syria-intercepts-israeli-missiles-over-homs-state-media-says-1.10411099
20211124,1015884508,20211124,SYRIA,SYR,ISRAEL,ISR,190,재래식 군사력 사용,19,4,-10.0,10,1,10,-2.11335254562921,Syria,SY,https://www.haaretz.com/israel-news/the-u-s-is-bracing-for-blows-with-israel-as-iran-nuclear-talks-near-1.10407853
20211124,1015884509,20211124,SYRIAN,SYR,ISRAEL,ISR,192,영토 점령,19,4,-9.5,6,1,6,-7.30897009966778,"Golan Heights, Syria (general), Syria",SY,https://www.haaretz.com/israel-news/.premium-syria-intercepts-israeli-missiles-over-homs-state-media-says-1.10411099
20211124,1015884510,20211124,SYRIAN,SYR,ISRAEL,ISR,192,영토 점령,19,4,-9.5,4,1,4,-7.30897009966778,Israel,IS,https://www.haaretz.com/israel-news/.premium-syria-intercepts-israeli-missiles-over-homs-state-media-says-1.10411099
20211124,1015884511,20211124,SYRIAN,SYR,ISRAEL,ISR,195,공중무기 사용,19,4,-10.0,10,1,10,-7.30897009966778,"Golan Heights, Syria (general), Syria",SY,https://www.haaretz.com/israel-news/.premium-syria-intercepts-israeli-missiles-over-homs-state-media-says-1.10411099
20211124,1015887471,20211124,ISRAEL,ISR,IRAN,IRN,190,재래식 군사력 사용,19,4,-10.0,4,2,4,-5.69842197545295,"Tel Aviv, Tel Aviv, Israel",IS,https://www.daijiworld.com/news/newsDisplay?newsID=897034
20211124,1015887472,20211124,ISRAEL,ISR,IRAN,IRN,190,재래식 군사력 사용,19,4,-10.0,2,2,2,-5.69842197545295,"Tehran, Tehran, Iran",IR,https://www.daijiworld.com/news/newsDisplay?newsID=897034
20211124,1015887475,20211124,ISRAELI,ISR,SYRIAN,SYR,190,재래식 군사력 사용,19,4,-10.0,1,1,1,-8.59106529209622,Israel,IS,https://www.aljazeera.com/news/2021/11/24/syria-says-israeli-airstrike-in-homs-leaves-2-dead-7-wounded
20211124,1015887476,20211124,ISRAEL,ISR,SYRIA,SYR,190,재래식 군사력 사용,19,4,-10.0,2,1,2,-8.59106529209622,Israel,IS,https://www.aljazeera.com/news/2021/11/24/syria-says-israeli-airstrike-in-homs-leaves-2-dead-7-wounded
20211124,1015887477,20211124,ISRAEL,ISR,SYRIA,SYR,195,공중무기 사용,19,4,-10.0,1,1,1,-8.59106529209622,Iran,IR,https://www.aljazeera.com/news/2021/11/24/syria-says-israeli-airstrike-in-homs-leaves-2-dead-7-wounded
20211124,1015887478,20211124,ISRAELI,ISR,SYRIA,SYR,195,공중무기 사용,19,4,-10.0,18,2,18,-8.79193552374595,Israel,IS,https://www.aljazeera.com/news/2021/11/24/syria-says-israeli-airstrike-in-homs-leaves-2-dead-7-wounded
20211124,1015887479,20211124,ISRAEL,ISR,SYRIA,SYR,195,공중무기 사용,19,4,-10.0,1,1,1,-8.59106529209622,Israel,IS,https://www.aljazeera.com/news/2021/11/24/syria-says-israeli-airstrike-in-homs-leaves-2-dead-7-wounded
20211124,1015887480,20211124,ISRAELI,ISR,SYRIAN,SYR,190,재래식 군사력 사용,19,4,-10.0,4,1,4,-8.59106529209622,Iran,IR,https://www.aljazeera.com/news/2021/11/24/syria-says-israeli-airstrike-in-homs-leaves-2-dead-7-wounded
20211124,1015887481,20211124,ISRAEL,ISR,SYRIA,SYR,190,재래식 군사력 사용,19,4,-10.0,2,1,2,-8.59106529209622,Israel,IS,https://www.aljazeera.com/news/2021/11/24/syria-says-israeli-airstrike-in-homs-leaves-2-dead-7-wounded
20211124,1015887755,20211124,SYRIAN,SYR,ISRAEL,ISR,190,재래식 군사력 사용,19,4,-10.0,12,2,12,-7.23670911663634,Israel,IS,https://www.aljazeera.com/news/2021/11/24/syria-says-israeli-airstrike-in-homs-leaves-2-dead-7-wounded
20211124,1015889262,20211124,ISRAEL,ISR,GAZA,PSE,194,포병·전차를 이용한 전투,19,4,-10.0,3,1,3,-9.58188153310106,"Gaza, Israel (general), Israel",IS,https://www.israelnationalnews.com/News/News.aspx/317480
20211124,1015889264,20211124,ISRAEL,ISR,HAMAS,PSE,190,재래식 군사력 사용,19,4,-10.0,5,1,5,-9.58188153310106,"Gaza, Israel (general), Israel",IS,https://www.israelnationalnews.com/News/News.aspx/317480
20211124,1015889265,20211124,ISRAELI,ISR,SYRIA,SYR,190,재래식 군사력 사용,19,4,-10.0,10,3,10,-6.31873809453066,"Damascus, Dimashq, Syria",SY,https://www.chinadailyhk.com/article/248881
20211124,1015889266,20211124,ISRAEL,ISR,SYRIA,SYR,190,재래식 군사력 사용,19,4,-10.0,1,1,1,-10.0,Israel,IS,https://www.chinadailyhk.com/article/248881
20211124,1015889478,20211124,HAMAS,PSE,ISRAEL,ISR,190,재래식 군사력 사용,19,4,-10.0,5,1,5,-9.58188153310106,"Gaza, Israel (general), Israel",IS,https://www.israelnationalnews.com/News/News.aspx/317480
20211124,1015889479,20211124,HAMAS,PSE,ISRAEL,ISR,194,포병·전차를 이용한 전투,19,4,-10.0,2,1,2,-9.58188153310106,"Gaza, Israel (general), Israel",IS,https://www.israelnationalnews.com/News/News.aspx/317480
20211124,1015889507,20211124,SYRIAN,SYR,HAIFA,ISR,195,공중무기 사용,19,4,-10.0,2,1,2,-6.0,Syria,SY,https://www.israelnationalnews.com/News/Flash.aspx/558825
20211124,1015889512,20211124,SYRIAN,SYR,HAIFA,ISR,195,공중무기 사용,19,4,-10.0,6,1,6,-6.0,Syria,SY,https://www.israelnationalnews.com/News/Flash.aspx/558825
20211124,1015890991,20211124,ISRAEL,ISR,WEST BANK,PSE,190,재래식 군사력 사용,19,4,-10.0,6,3,6,-9.82142857142857,"Jerusalem, Israel (general), Israel",IS,https://www.bignewsnetwork.com/news/271795171/seven-palestinians-arrested-in-the-west-bank
20211124,1015890992,20211124,ISRAEL,ISR,WEST BANK,PSE,192,영토 점령,19,4,-9.5,6,3,6,-9.82142857142857,"Jerusalem, Israel (general), Israel",IS,https://www.bignewsnetwork.com/news/271795171/seven-palestinians-arrested-in-the-west-bank
20211124,1015891156,20211124,SAUDI ARABIA,SAU,QATAR,QAT,163,금수·보이콧·제재 부과,16,4,-8.0,29,14,29,-1.11576040623442,"Doha, Ad Daw?ah, Qatar",QA,https://www.reuters.com/world/asia-pacific/exclusive-uae-holds-talks-with-taliban-run-kabul-airport-foreign-diplomats-2021-11-24/
20211124,1015891157,20211124,SAUDI ARABIA,SAU,QATAR,QAT,163,금수·보이콧·제재 부과,16,4,-8.0,16,12,16,-1.15395533312026,Saudi Arabia,SA,https://www.reuters.com/world/asia-pacific/exclusive-uae-holds-talks-with-taliban-run-kabul-airport-foreign-diplomats-2021-11-24/
20211124,1015892629,20211124,BEIRUT,LBN,ISRAELI,ISR,190,재래식 군사력 사용,19,4,-10.0,2,1,2,-5.58823529411765,Israel,IS,https://www.straitstimes.com/world/middle-east/four-killed-in-israel-strikes-on-syria-war-monitor
20211124,1015892630,20211124,BEIRUT,LBN,ISRAELI,ISR,190,재래식 군사력 사용,19,4,-10.0,3,1,3,-5.58823529411765,Israel,IS,https://www.straitstimes.com/world/middle-east/four-killed-in-israel-strikes-on-syria-war-monitor
20211124,1015892631,20211124,BEIRUT,LBN,SYRIA,SYR,190,재래식 군사력 사용,19,4,-10.0,5,1,5,-5.58823529411765,Israel,IS,https://www.straitstimes.com/world/middle-east/four-killed-in-israel-strikes-on-syria-war-monitor
20211124,1015892787,20211124,PALESTINIAN,PSE,ISRAEL,ISR,190,재래식 군사력 사용,19,4,-10.0,6,1,6,-8.87096774193548,Israel,IS,http://english.pnn.ps/2021/11/24/palestinians-launch-the-16-day-campaign-to-combat-violence-against-women-under-the-slogan-palestinian-prisoners-until_when/
20211124,1015894108,20211124,JERUSALEM,ISR,JORDAN,JOR,190,재래식 군사력 사용,19,4,-10.0,2,1,2,-15.0,"Jerusalem, Israel (general), Israel",IS,https://www.israelnationalnews.com/News/News.aspx/317486
20211124,1015894134,20211124,ISRAEL,ISR,PALESTINIAN,PSE,190,재래식 군사력 사용,19,4,-10.0,3,1,3,-5.18256772673734,"Jerusalem, Israel (general), Israel",IS,https://www.jewishpress.com/indepth/opinions/bennetts-blunders-big-on-twitter/2021/11/24/
20211124,1015894395,20211124,HAMAS,PSE,ISRAEL,ISR,193,소형무기·경무기를 이용한 전투,19,4,-10.0,1,1,1,-5.18256772673734,"Jerusalem, Israel (general), Israel",IS,https://www.jewishpress.com/indepth/opinions/bennetts-blunders-big-on-twitter/2021/11/24/
20211124,1015894396,20211124,HAMAS,PSE,ISRAEL,ISR,193,소형무기·경무기를 이용한 전투,19,4,-10.0,1,1,1,-5.18256772673734,South Africa,SF,https://www.jewishpress.com/indepth/opinions/bennetts-blunders-big-on-twitter/2021/11/24/
20211124,1015894397,20211124,HAMAS,PSE,ISRAELI,ISR,190,재래식 군사력 사용,19,4,-10.0,3,1,3,-4.30107526881721,Jordan,JO,https://www.jewishpress.com/news/middle-east/turkey/hamas-old-city-terrorist-reportedly-traveled-to-turkey-multiple-times-for-instructions/2021/11/24/
20211124,1015894398,20211124,HAMAS,PSE,JERUSALEM,ISR,193,소형무기·경무기를 이용한 전투,19,4,-10.0,2,1,2,-8.07899461400359,"Jerusalem, Israel (general), Israel",IS,https://www.timesofisrael.com/terrorists-wife-fled-to-jordan-before-attack-because-he-was-violent-report/
20211124,1015894399,20211124,HAMAS,PSE,JERUSALEM,ISR,193,소형무기·경무기를 이용한 전투,19,4,-10.0,6,1,6,-8.07899461400359,"Jerusalem, Israel (general), Israel",IS,https://www.timesofisrael.com/terrorists-wife-fled-to-jordan-before-attack-because-he-was-violent-report/
20211124,1015894400,20211124,HAMAS,PSE,ISRAELI,ISR,190,재래식 군사력 사용,19,4,-10.0,3,1,3,-4.30107526881721,"Jerusalem, Israel (general), Israel",IS,https://www.jewishpress.com/news/middle-east/turkey/hamas-old-city-terrorist-reportedly-traveled-to-turkey-multiple-times-for-instructions/2021/11/24/
20211124,1015894401,20211124,HAMAS,PSE,ISRAELI,ISR,193,소형무기·경무기를 이용한 전투,19,4,-10.0,3,1,3,-4.30107526881721,Jordan,JO,https://www.jewishpress.com/news/middle-east/turkey/hamas-old-city-terrorist-reportedly-traveled-to-turkey-multiple-times-for-instructions/2021/11/24/
20211124,1015894536,20211124,SANA,YEM,ISRAEL,ISR,190,재래식 군사력 사용,19,4,-10.0,2,1,2,-8.99280575539568,Israel,IS,https://www.jewishpress.com/news/middle-east/syria/syria-2-civilians-killed-6-soldiers-wounded-in-israeli-overnight-attack/2021/11/24/
20211124,1015894537,20211124,SANA,YEM,DAMASCUS,SYR,190,재래식 군사력 사용,19,4,-10.0,2,1,2,-8.99280575539568,Israel,IS,https://www.jewishpress.com/news/middle-east/syria/syria-2-civilians-killed-6-soldiers-wounded-in-israeli-overnight-attack/2021/11/24/
20211124,1015894538,20211124,SANA,YEM,DAMASCUS,SYR,194,포병·전차를 이용한 전투,19,4,-10.0,2,1,2,-8.99280575539568,Israel,IS,https://www.jewishpress.com/news/middle-east/syria/syria-2-civilians-killed-6-soldiers-wounded-in-israeli-overnight-attack/2021/11/24/
20211124,1015896516,20211124,SAUDI,SAU,SANAA,YEM,195,공중무기 사용,19,4,-10.0,4,1,4,0.74074074074074,"Riyadh, Ar Riya?, Saudi Arabia",SA,https://www.kuna.net.kw/ArticleDetails.aspx?id=3011713&Language=en
20211124,1015896517,20211124,SAUDI,SAU,SANAA,YEM,195,공중무기 사용,19,4,-10.0,6,1,6,0.74074074074074,"Riyadh, Ar Riya?, Saudi Arabia",SA,https://www.kuna.net.kw/ArticleDetails.aspx?id=3011713&Language=en
20211124,1015896553,20211124,SYRIA,SYR,ISRAELI,ISR,190,재래식 군사력 사용,19,4,-10.0,6,1,6,-7.53138075313808,"Golan Heights, Syria (general), Syria",SY,https://news.trust.org/item/20211124083159-nvn6x
20211124,1015896554,20211124,SYRIA,SYR,ISRAELI,ISR,190,재래식 군사력 사용,19,4,-10.0,5,1,5,-7.53138075313808,"Golan Heights, Syria (general), Syria",SY,https://news.trust.org/item/20211124083159-nvn6x
20211124,1015896555,20211124,SYRIAN,SYR,ISRAELI,ISR,190,재래식 군사력 사용,19,4,-10.0,1,1,1,-7.53138075313808,"Jerusalem, Israel (general), Israel",IS,https://news.trust.org/item/20211124083159-nvn6x
20211124,1015896557,20211124,SYRIAN,SYR,ISRAELI,ISR,190,재래식 군사력 사용,19,4,-10.0,6,1,6,-7.53138075313808,"Jerusalem, Israel (general), Israel",IS,https://news.trust.org/item/20211124083159-nvn6x
20211124,1015898577,20211124,TURKEY,TUR,SAUDI,SAU,190,재래식 군사력 사용,19,4,-10.0,8,1,8,-1.51515151515151,Saudi Arabia,SA,https://menafn.com/1103240791/Turkey-demands-judgement-of-Saudi-court-for-Khashoggi-murder-incident&source=19
20211124,1015900332,20211124,PALESTINIAN,PSE,ISRAEL,ISR,190,재래식 군사력 사용,19,4,-10.0,12,1,12,-8.72641509433962,Israel,IS,https://menafn.com/1103241271/Palestinians-launch-the-16-day-campaign-to-combat-violence-against-women-under-the-slogan-Palestinian-prisoners-UntilWhen&source=27
20211124,1015903849,20211124,IRAN,IRN,ISRAELI,ISR,190,재래식 군사력 사용,19,4,-10.0,2,1,2,-8.71080139372822,"Qeshm, Kordestan, Iran",IR,http://www.newscast-pratyaksha.com/english/iran-launches-naval-strikes/
20211124,1015903850,20211124,IRAN,IRN,ISRAELI,ISR,190,재래식 군사력 사용,19,4,-10.0,2,1,2,-8.71080139372822,"Qeshm, Kordestan, Iran",IR,http://www.newscast-pratyaksha.com/english/iran-launches-naval-strikes/
20211124,1015903851,20211124,IRAN,IRN,ISRAELI,ISR,190,재래식 군사력 사용,19,4,-10.0,2,1,2,-8.71080139372822,"Qeshm, Kordestan, Iran",IR,http://www.newscast-pratyaksha.com/english/iran-launches-naval-strikes/
20211124,1015903852,20211124,IRAN,IRN,ISRAEL,ISR,190,재래식 군사력 사용,19,4,-10.0,1,1,1,-8.71080139372822,"Qeshm, Kordestan, Iran",IR,http://www.newscast-pratyaksha.com/english/iran-launches-naval-strikes/
20211124,1015903868,20211124,TEL AVIV,ISR,IRAN,IRN,138,군사력 사용 위협,13,3,-7.0,8,1,8,-8.71080139372822,"Chabahar, Sistan va Baluchestan, Iran",IR,http://www.newscast-pratyaksha.com/english/iran-launches-naval-strikes/
20211124,1015903869,20211124,TEL AVIV,ISR,IRAN,IRN,138,군사력 사용 위협,13,3,-7.0,2,1,2,-8.71080139372822,"Tel Aviv, Tel Aviv, Israel",IS,http://www.newscast-pratyaksha.com/english/iran-launches-naval-strikes/
20211124,1015904141,20211124,SYRIAN,SYR,ISRAELI,ISR,190,재래식 군사력 사용,19,4,-10.0,6,1,6,-5.88235294117647,Israel,IS,https://www.middleeasteye.net/news/syria-deaths-israel-strikes-homs-province
20211124,1015907433,20211124,ISRAELI,ISR,SYRIA,SYR,190,재래식 군사력 사용,19,4,-10.0,8,1,8,-12.8205128205128,Israel,IS,https://www.panorama.am/en/shortNews/2021/11/24/Israel-airstrike-Syria-dead-wounded/1476814
20211124,1015909331,20211124,PALESTINIAN,PSE,ISRAELI,ISR,193,소형무기·경무기를 이용한 전투,19,4,-10.0,10,1,10,-6.16996507566938,Israel,IS,https://honestreporting.com/politico-israel-alone-standing-in-way-of-balanced-us-mideast-policy/
20211124,1015917772,20211124,ISRAELI,ISR,SYRIA,SYR,190,재래식 군사력 사용,19,4,-10.0,32,4,32,-7.20785003809135,Israel,IS,http://english.sina.com/world/m/2021-11-24/detail-iktzscyy7541532.shtml
20211124,1015918036,20211124,HAMAS,PSE,JERUSALEM,ISR,190,재래식 군사력 사용,19,4,-10.0,7,1,7,-7.10659898477157,"Johannesburg, Gauteng, South Africa",SF,https://www.timeslive.co.za/sunday-times-daily/news/2021-11-24-we-are-supposed-to-be-safe-israels-sa-immigrants-reeling-after-terror-attack/
20211124,1015924387,20211124,SAUDI ARABIA,SAU,YEMEN,YEM,190,재래식 군사력 사용,19,4,-10.0,6,4,6,-9.11256642276282,"Marib, Ma'rib, Yemen",YM,https://www.rfi.fr/en/middle-east/20211124-un-urges-yemen-warring-parties-to-de-escalate-violence
20211124,1015924388,20211124,SAUDI ARABIA,SAU,YEMEN,YEM,190,재래식 군사력 사용,19,4,-10.0,2,2,2,-8.37563451776647,"Marib, Ma'rib, Yemen",YM,https://www.rfi.fr/en/middle-east/20211124-un-urges-yemen-warring-parties-to-de-escalate-violence
20211124,1015924569,20211124,YEMEN,YEM,SAUDI ARABIA,SAU,190,재래식 군사력 사용,19,4,-10.0,2,2,2,-8.37563451776647,"Marib, Ma'rib, Yemen",YM,https://www.rfi.fr/en/middle-east/20211124-un-urges-yemen-warring-parties-to-de-escalate-violence
20211124,1015924570,20211124,YEMEN,YEM,SAUDI ARABIA,SAU,190,재래식 군사력 사용,19,4,-10.0,2,2,2,-8.37563451776647,"Marib, Ma'rib, Yemen",YM,https://www.rfi.fr/en/middle-east/20211124-un-urges-yemen-warring-parties-to-de-escalate-violence
20211124,1015926307,20211124,ISRAELI,ISR,GAZA,PSE,190,재래식 군사력 사용,19,4,-10.0,2,1,2,-1.34529147982062,"Gaza, Israel (general), Israel",IS,https://www.trtworld.com/opinion/turkish-israeli-relations-pulling-back-from-the-brink-51968
20211124,1015926332,20211124,ISRAELI,ISR,GAZA,PSE,190,재래식 군사력 사용,19,4,-10.0,2,1,2,-1.34529147982062,"Gaza, Israel (general), Israel",IS,https://www.trtworld.com/opinion/turkish-israeli-relations-pulling-back-from-the-brink-51968
20211124,1015926400,20211124,BEIRUT,LBN,SYRIA,SYR,190,재래식 군사력 사용,19,4,-10.0,8,1,8,-6.84931506849315,Israel,IS,https://www.urdupoint.com/en/world/four-killed-in-israel-strikes-on-syria-war-m-1409103.html
20211124,1015926669,20211124,TURKEY,TUR,SYRIA,SYR,190,재래식 군사력 사용,19,4,-10.0,3,1,3,-3.78310214375788,"Afrin, ?alab, Syria",SY,https://americanfreepress.net/trump-abandoning-the-kurds-to-make-a-deal-with-turkey/
20211124,1015926670,20211124,TURKEY,TUR,SYRIA,SYR,190,재래식 군사력 사용,19,4,-10.0,1,1,1,-3.78310214375788,"White House, District of Columbia, United States",US,https://americanfreepress.net/trump-abandoning-the-kurds-to-make-a-deal-with-turkey/
20211124,1015929720,20211124,ISRAELI,ISR,SYRIA,SYR,190,재래식 군사력 사용,19,4,-10.0,29,6,29,-6.8493766717525,"Tel Aviv, Tel Aviv, Israel",IS,https://www.bignewsnetwork.com/news/271796706/two-civilians-killed-missile-attack-in-syria
20211124,1015933458,20211124,SAUDI ARABIA,SAU,QATAR,QAT,163,금수·보이콧·제재 부과,16,4,-8.0,1,1,1,-0.67189249720045,Pakistan,PK,https://www.middleeasteye.net/news/afghanistan-uae-talks-taliban-operate-kabul-airport
20211124,1015946529,20211124,ISRAEL,ISR,SYRIA,SYR,190,재래식 군사력 사용,19,4,-10.0,10,1,10,-8.69565217391306,"Sanaa, Sana', Yemen",YM,https://www.presstv.ir/Detail/2021/11/24/671276/Israel-Syria-attack-aggression-airstrike-
20211124,1015946963,20211124,YEMENI,YEM,SAUDI ARABIA,SAU,195,공중무기 사용,19,4,-10.0,4,1,4,-8.69565217391306,"Riyadh, Ar Riya?, Saudi Arabia",SA,https://www.presstv.ir/Detail/2021/11/24/671276/Israel-Syria-attack-aggression-airstrike-
20211124,1015948689,20211124,ISRAEL,ISR,WEST BANK,PSE,190,재래식 군사력 사용,19,4,-10.0,2,1,2,-5.65461029037188,"Jerusalem, Israel (general), Israel",IS,https://honestreporting.com/its-time-for-a-fact-based-conversation-about-israeli-settler-violence/
20211124,1015948690,20211124,ISRAELI,ISR,WEST BANK,PSE,190,재래식 군사력 사용,19,4,-10.0,1,1,1,-5.65461029037188,"Kokhav Hashahar, West Bank (general), West Bank",WE,https://honestreporting.com/its-time-for-a-fact-based-conversation-about-israeli-settler-violence/
20211124,1015956241,20211124,ISRAEL,ISR,IRAN,IRN,1384,재래식 군사 공격 위협,13,3,-7.0,2,1,2,-2.98606502986065,"Moscow, Moskva, Russia",RS,https://english.enabbaladi.net/archives/2021/11/russia-implicitly-supports-israeli-airstrikes-in-syria-why/
20211124,1015956242,20211124,ISRAEL,ISR,IRAN,IRN,1384,재래식 군사 공격 위협,13,3,-7.0,8,1,8,-2.98606502986065,"Tehran, Tehran, Iran",IR,https://english.enabbaladi.net/archives/2021/11/russia-implicitly-supports-israeli-airstrikes-in-syria-why/
20211124,1015956250,20211124,ISRAEL,ISR,SYRIA,SYR,190,재래식 군사력 사용,19,4,-10.0,2,1,2,-2.98606502986065,"Damascus, Dimashq, Syria",SY,https://english.enabbaladi.net/archives/2021/11/russia-implicitly-supports-israeli-airstrikes-in-syria-why/
20211124,1015956251,20211124,ISRAEL,ISR,SYRIAN,SYR,195,공중무기 사용,19,4,-10.0,3,1,3,-6.59340659340659,"Damascus, Dimashq, Syria",SY,https://hawarnews.com/en/haber/deaths-and-injuries-in-israeli-airstrikes-on-central-syria-h27771.html
20211124,1015956559,20211124,SYRIAN,SYR,ISRAEL,ISR,190,재래식 군사력 사용,19,4,-10.0,2,1,2,-6.37583892617449,Israel,IS,https://www.algemeiner.com/2021/11/24/syrian-media-reports-two-dead-seven-wounded-in-israeli-strike-near-homs/
20211124,1015957699,20211124,ISRAELI,ISR,HAMAS,PSE,193,소형무기·경무기를 이용한 전투,19,4,-10.0,7,1,7,-1.78403755868545,"Jerusalem, Israel (general), Israel",IS,https://www.middleeastmonitor.com/20211124-britain-needs-capable-diplomats-not-spin-doctors/
20211124,1015960280,20211124,ISRAEL,ISR,PALESTINIAN,PSE,190,재래식 군사력 사용,19,4,-10.0,4,2,4,-0.679593573784445,"Gaza, Israel (general), Israel",IS,https://www.timesofisrael.com/liveblog_entry/israeli-court-rejects-gaza-mans-appeal-for-apology-over-deadly-strike/
20211124,1015960656,20211124,SYRIA,SYR,TURKEY,TUR,190,재래식 군사력 사용,19,4,-10.0,1,1,1,-9.09090909090909,Syria,SY,https://www.al-monitor.com/podcasts/dont-rule-out-eventual-erdogan-assad-reconciliation-over-shared-fear-kurds-says-amberin
20211124,1015965582,20211124,WEST BANK,PSE,ISRAELI,ISR,190,재래식 군사력 사용,19,4,-10.0,2,1,2,-10.3448275862069,"Nablus, West Bank (general), West Bank",WE,http://english.wafa.ps/Pages/Details/126939
20211124,1015965583,20211124,PALESTINIAN,PSE,ISRAELI,ISR,190,재래식 군사력 사용,19,4,-10.0,3,1,3,-10.3448275862069,"Nablus, West Bank (general), West Bank",WE,http://english.wafa.ps/Pages/Details/126939
20211124,1015970142,20211124,ISRAELI,ISR,GAZA,PSE,190,재래식 군사력 사용,19,4,-10.0,2,1,2,-4.83558994197292,"Jordan Valley, Israel (general), Israel",IS,https://www.jewishpress.com/news/israel/idf/idf-to-recruit-israeli-arab-reserve-deputies-for-next-war/2021/11/24/
20211124,1015973127,20211124,IRAN,IRN,SAUDI,SAU,194,포병·전차를 이용한 전투,19,4,-10.0,4,1,4,-5.15695067264574,"Tehran, Tehran, Iran",IR,https://americanfreepress.net/who-wants-war-with-iran/
20211124,1015973128,20211124,IRAN,IRN,SAUDI,SAU,194,포병·전차를 이용한 전투,19,4,-10.0,6,1,6,-5.15695067264574,"King Khalid International, Ar Riya?, Saudi Arabia",SA,https://americanfreepress.net/who-wants-war-with-iran/
20211124,1015973168,20211124,ISRAEL,ISR,HOMS,SYR,195,공중무기 사용,19,4,-10.0,2,1,2,-8.48056537102473,"Tel Aviv, Tel Aviv, Israel",IS,https://morningstaronline.co.uk/article/w/two-civilians-killed-latest-israeli-airstrikes-syria
20211124,1015973726,20211124,YEMEN,YEM,SAUDI ARABIA,SAU,190,재래식 군사력 사용,19,4,-10.0,4,2,4,-9.84949832775917,"Hodeida, Al ?udaydah, Yemen",YM,https://news.kuwaittimes.net/website/un-urges-yemen-warring-parties-to-de-escalate-violence/
20211124,1015974475,20211124,GAZA,PSE,ISRAEL,ISR,190,재래식 군사력 사용,19,4,-10.0,4,2,4,-2.81407256996556,"Gaza, Israel (general), Israel",IS,https://www.haaretz.com/israel-news/israel-s-top-court-rejects-palestinian-doctor-s-appeal-over-daughters-killed-in-gaza-1.10413332
20211124,1015976430,20211124,GAZA,PSE,ISRAELI,ISR,190,재래식 군사력 사용,19,4,-10.0,12,2,12,-0.974005538771395,"Gaza, Israel (general), Israel",IS,https://www.middleeastmonitor.com/20211124-palestinian-doctor-loses-last-israeli-appeal-over-daughters-killed-in-gaza/
20211124,1015979297,20211124,ISRAEL,ISR,IRAN,IRN,138,군사력 사용 위협,13,3,-7.0,6,3,6,-1.59460655775555,"Gaza, Israel (general), Israel",IS,https://www.msn.com/en-us/news/politics/what-a-difference-two-years-make-in-the-middle-east-and-it-affects-us-security/ar-AAR5Rex
20211124,1015979298,20211124,ISRAEL,ISR,IRAN,IRN,138,군사력 사용 위협,13,3,-7.0,6,3,6,-1.59460655775555,"Gaza, Israel (general), Israel",IS,https://www.msn.com/en-us/news/politics/what-a-difference-two-years-make-in-the-middle-east-and-it-affects-us-security/ar-AAR5Rex
20211124,1015979299,20211124,ISRAEL,ISR,IRAN,IRN,138,군사력 사용 위협,13,3,-7.0,18,3,18,-1.59460655775555,Iran,IR,https://www.msn.com/en-us/news/politics/what-a-difference-two-years-make-in-the-middle-east-and-it-affects-us-security/ar-AAR5Rex
20211124,1015980759,20211124,IRAQ,IRQ,IRAN,IRN,190,재래식 군사력 사용,19,4,-10.0,2,1,2,-6.3514467184192,"Baghdad, Baghdad, Iraq",IZ,https://fpmag.net/2021-fpmag/november/opinion-why-are-americans-addicted-to-mass-murder/
20211124,1015980760,20211124,BAGHDAD,IRQ,IRANIAN,IRN,190,재래식 군사력 사용,19,4,-10.0,5,1,5,-6.3514467184192,"Baghdad, Baghdad, Iraq",IZ,https://fpmag.net/2021-fpmag/november/opinion-why-are-americans-addicted-to-mass-murder/
20211124,1015980761,20211124,BAGHDAD,IRQ,IRANIAN,IRN,190,재래식 군사력 사용,19,4,-10.0,1,1,1,-6.3514467184192,"Hollywood, California, United States",US,https://fpmag.net/2021-fpmag/november/opinion-why-are-americans-addicted-to-mass-murder/
20211124,1015982882,20211124,IRAQ,IRQ,ISRAEL,ISR,194,포병·전차를 이용한 전투,19,4,-10.0,1,1,1,-6.13382899628253,Israel,IS,https://www.albawaba.com/news/israeli-warplanes-bombs-central-syria-kill-two-civilians-injures-six-soldiers-1456376
20211124,1015982883,20211124,IRAQ,IRQ,ISRAEL,ISR,194,포병·전차를 이용한 전투,19,4,-10.0,4,1,4,-6.13382899628253,Israel,IS,https://www.albawaba.com/news/israeli-warplanes-bombs-central-syria-kill-two-civilians-injures-six-soldiers-1456376
20211124,1015982910,20211124,ISRAEL,ISR,SYRIA,SYR,195,공중무기 사용,19,4,-10.0,4,1,4,-6.13382899628253,Israel,IS,https://www.albawaba.com/news/israeli-warplanes-bombs-central-syria-kill-two-civilians-injures-six-soldiers-1456376
20211124,1015983243,20211124,SAUDI,SAU,ISRAEL,ISR,194,포병·전차를 이용한 전투,19,4,-10.0,5,1,5,-6.13382899628253,Israel,IS,https://www.albawaba.com/news/israeli-warplanes-bombs-central-syria-kill-two-civilians-injures-six-soldiers-1456376
20211124,1015983244,20211124,SAUDI,SAU,SYRIA,SYR,194,포병·전차를 이용한 전투,19,4,-10.0,2,1,2,-6.13382899628253,Israel,IS,https://www.albawaba.com/news/israeli-warplanes-bombs-central-syria-kill-two-civilians-injures-six-soldiers-1456376
20211124,1015983245,20211124,SAUDI,SAU,SYRIA,SYR,194,포병·전차를 이용한 전투,19,4,-10.0,2,1,2,-6.13382899628253,Israel,IS,https://www.albawaba.com/news/israeli-warplanes-bombs-central-syria-kill-two-civilians-injures-six-soldiers-1456376
20211124,1015983246,20211124,SAUDI ARABIA,SAU,SYRIA,SYR,194,포병·전차를 이용한 전투,19,4,-10.0,3,1,3,-6.13382899628253,Syria,SY,https://www.albawaba.com/news/israeli-warplanes-bombs-central-syria-kill-two-civilians-injures-six-soldiers-1456376
20211124,1015985787,20211124,ISRAELI,ISR,PALESTINIAN,PSE,190,재래식 군사력 사용,19,4,-10.0,130,13,130,-9.21785741928316,"Jerusalem, Israel (general), Israel",IS,https://www.thetelegraph.com/news/article/Palestinian-seriously-hurt-after-settlers-hurl-16649473.php
20211124,1015985972,20211124,PALESTINIAN,PSE,JERUSALEM,ISR,194,포병·전차를 이용한 전투,19,4,-10.0,8,1,8,-3.6999493157628,"Jerusalem, Israel (general), Israel",IS,https://www.middleeasteye.net/opinion/britain-israel-palestine-hamas-terrorist-group-blow-peace-prospects
20211124,1015985973,20211124,PALESTINIAN,PSE,JERUSALEM,ISR,194,포병·전차를 이용한 전투,19,4,-10.0,2,1,2,-3.6999493157628,"Gaza, Israel (general), Israel",IS,https://www.middleeasteye.net/opinion/britain-israel-palestine-hamas-terrorist-group-blow-peace-prospects
20211124,1015989663,20211124,ISRAEL,ISR,GAZA,PSE,192,영토 점령,19,4,-9.5,6,1,6,-2.77777777777777,"Gaza, Israel (general), Israel",IS,https://www.forbes.com/sites/allisonnorlian/2021/11/24/living-on-the-border-of-gaza-and-israel-how-an-israeli-woman-fights-for-peace/
20211124,1015992900,20211124,IRAN,IRN,IRAQI,IRQ,194,포병·전차를 이용한 전투,19,4,-10.0,2,2,2,-2.99458540296237,"Tehran, Tehran, Iran",IR,https://www.cbc.ca/news/politics/victims-families-investigation-report-downing-flight-ps752-1.6260858
20211124,1015992901,20211124,IRAN,IRN,IRAQI,IRQ,194,포병·전차를 이용한 전투,19,4,-10.0,8,2,8,-2.99458540296237,"Tehran, Tehran, Iran",IR,https://www.cbc.ca/news/politics/victims-families-investigation-report-downing-flight-ps752-1.6260858
20211124,1015995723,20211124,ISRAEL,ISR,SYRIA,SYR,190,재래식 군사력 사용,19,4,-10.0,4,4,4,-7.54716981132076,"Damascus, Dimashq, Syria",SY,https://www.middleeaststar.com/news/271797560/xinhua-world--summary-at-1530-gmt-nov-24
20211124,1015997341,20211124,ISRAEL,ISR,IRANIAN,IRN,190,재래식 군사력 사용,19,4,-10.0,1,1,1,-7.94701986754967,"Chabahar, Sistan va Baluchestan, Iran",IR,https://www.thedefensepost.com/2021/11/24/iran-explosives-west-bank-drone/
20211124,1015997342,20211124,ISRAEL,ISR,IRANIAN,IRN,190,재래식 군사력 사용,19,4,-10.0,9,1,9,-7.94701986754967,"Beit Shean, Ha?afon, Israel",IS,https://www.thedefensepost.com/2021/11/24/iran-explosives-west-bank-drone/
20211124,1016002600,20211124,ISRAELI,ISR,PALESTINIAN,PSE,193,소형무기·경무기를 이용한 전투,19,4,-10.0,1,1,1,-6.72268907563025,Israel,IS,http://english.wafa.ps/Pages/Details/126945
20211124,1016002601,20211124,ISRAELI,ISR,PALESTINIAN,PSE,193,소형무기·경무기를 이용한 전투,19,4,-10.0,1,1,1,-6.72268907563025,Israel,IS,http://english.wafa.ps/Pages/Details/126945
20211124,1016002606,20211124,ISRAELI,ISR,PALESTINIAN,PSE,193,소형무기·경무기를 이용한 전투,19,4,-10.0,2,1,2,-6.72268907563025,Israel,IS,http://english.wafa.ps/Pages/Details/126945
20211124,1016002914,20211124,TURKEY,TUR,SAUDI,SAU,190,재래식 군사력 사용,19,4,-10.0,2,1,2,-3.44036697247706,Saudi Arabia,SA,http://www.msn.com/en-us/news/technology/apple-sues-pegasus-spyware-developer-what-you-need-to-know/ar-AAMl60a
20211124,1016002915,20211124,TURKEY,TUR,SAUDI ARABIA,SAU,190,재래식 군사력 사용,19,4,-10.0,2,1,2,-3.44036697247706,Saudi Arabia,SA,http://www.msn.com/en-us/news/technology/apple-sues-pegasus-spyware-developer-what-you-need-to-know/ar-AAMl60a
20211124,1016002916,20211124,TURKEY,TUR,SAUDI,SAU,190,재래식 군사력 사용,19,4,-10.0,12,1,12,-3.44036697247706,Saudi Arabia,SA,http://www.msn.com/en-us/news/technology/apple-sues-pegasus-spyware-developer-what-you-need-to-know/ar-AAMl60a
20211124,1016002917,20211124,TURKEY,TUR,SAUDI ARABIA,SAU,190,재래식 군사력 사용,19,4,-10.0,2,1,2,-3.44036697247706,Saudi Arabia,SA,http://www.msn.com/en-us/news/technology/apple-sues-pegasus-spyware-developer-what-you-need-to-know/ar-AAMl60a
20211124,1016005806,20211124,CAIRO,EGY,YEMEN,YEM,195,공중무기 사용,19,4,-10.0,2,1,2,-9.13461538461539,"Hodeida, Al ?udaydah, Yemen",YM,https://apnews.com/f06477f1b777f763c11818fbc0342271
20211124,1016010145,20211124,WEST BANK,PSE,ISRAELI,ISR,193,소형무기·경무기를 이용한 전투,19,4,-10.0,3,1,3,-10.5476673427992,"Jerusalem, Israel (general), Israel",IS,https://www.timesofisrael.com/palestinian-driver-seriously-wounded-in-suspected-settler-attack/
20211125,1016017736,20211125,IRAN,IRN,IRAQ,IRQ,190,재래식 군사력 사용,19,4,-10.0,2,1,2,-6.06060606060606,"Tehran, Tehran, Iran",IR,https://www.cp24.com/news/iran-tampered-with-victims-electronic-devices-in-aftermath-of-ps752-downing-report-1.5679745
20211125,1016017737,20211125,IRAN,IRN,IRAQ,IRQ,190,재래식 군사력 사용,19,4,-10.0,8,1,8,-6.06060606060606,"Tehran, Tehran, Iran",IR,https://www.cp24.com/news/iran-tampered-with-victims-electronic-devices-in-aftermath-of-ps752-downing-report-1.5679745
20211125,1016017738,20211125,IRAN,IRN,IRAQ,IRQ,194,포병·전차를 이용한 전투,19,4,-10.0,2,1,2,-6.06060606060606,"Tehran, Tehran, Iran",IR,https://www.cp24.com/news/iran-tampered-with-victims-electronic-devices-in-aftermath-of-ps752-downing-report-1.5679745
20211125,1016017739,20211125,IRAN,IRN,IRAQ,IRQ,194,포병·전차를 이용한 전투,19,4,-10.0,18,2,18,-6.44645209862601,"Tehran, Tehran, Iran",IR,https://www.cp24.com/news/iran-tampered-with-victims-electronic-devices-in-aftermath-of-ps752-downing-report-1.5679745
20211125,1016017760,20211125,ISRAEL,ISR,SYRIA,SYR,190,재래식 군사력 사용,19,4,-10.0,12,2,12,-6.7531179138322,Israel,IS,https://sputniknews.com/20211124/syria-destroyed-10-of-12-missiles-fired-by-israeli-f-16s-during-wednesday-strike---russian-military-1091000688.html
20211125,1016017761,20211125,ISRAELI,ISR,SYRIAN,SYR,195,공중무기 사용,19,4,-10.0,8,1,8,-6.25,Syria,SY,https://sputniknews.com/20211124/syria-destroyed-10-of-12-missiles-fired-by-israeli-f-16s-during-wednesday-strike---russian-military-1091000688.html
20211125,1016018397,20211125,SYRIA,SYR,ISRAEL,ISR,190,재래식 군사력 사용,19,4,-10.0,2,1,2,-7.2562358276644,Israel,IS,https://nationalinterest.org/blog/buzz/australian-government-designates-hezbollah-terror-group-197135
20211125,1016019811,20211125,ISRAELI,ISR,PALESTINIAN,PSE,190,재래식 군사력 사용,19,4,-10.0,13,3,9,-6.06818671168894,Israel,IS,https://www.jpost.com/opinion/west-bank-settler-violence-is-terrorism-and-a-form-of-apartheid-opinion-686889
20211125,1016019812,20211125,ISRAEL,ISR,SYRIA,SYR,190,재래식 군사력 사용,19,4,-10.0,2,2,2,-7.54716981132076,"Damascus, Dimashq, Syria",SY,https://www.parisguardian.com/news/271797560/xinhua-world--summary-at-1530-gmt-nov-24
20211125,1016019813,20211125,ISRAELI,ISR,SYRIA,SYR,190,재래식 군사력 사용,19,4,-10.0,8,2,8,-7.54716981132076,Israel,IS,https://www.parisguardian.com/news/271797560/xinhua-world--summary-at-1530-gmt-nov-24
20211125,1016019815,20211125,ISRAELI,ISR,PALESTINIAN,PSE,190,재래식 군사력 사용,19,4,-10.0,16,2,8,-6.45100658403773,Israel,IS,https://www.jpost.com/opinion/west-bank-settler-violence-is-terrorism-and-a-form-of-apartheid-opinion-686889
20211125,1016019998,20211125,PALESTINIAN,PSE,ISRAELI,ISR,190,재래식 군사력 사용,19,4,-10.0,8,1,4,-6.54608096468562,Israel,IS,https://www.jpost.com/opinion/west-bank-settler-violence-is-terrorism-and-a-form-of-apartheid-opinion-686889
20211125,1016019999,20211125,PALESTINIAN,PSE,ISRAELI,ISR,190,재래식 군사력 사용,19,4,-10.0,12,1,6,-6.54608096468562,Israel,IS,https://www.jpost.com/opinion/west-bank-settler-violence-is-terrorism-and-a-form-of-apartheid-opinion-686889
20211125,1016022012,20211125,ISRAEL,ISR,PALESTINIAN,PSE,193,소형무기·경무기를 이용한 전투,19,4,-10.0,1,1,1,-6.29213483146068,South Africa,SF,https://jewishlink.news/op-eds/47450-a-terrorist-shatters-all-the-stereotypes-about-terrorists
20211125,1016022013,20211125,ISRAEL,ISR,PALESTINIAN,PSE,193,소형무기·경무기를 이용한 전투,19,4,-10.0,1,1,1,-6.29213483146068,South Africa,SF,https://jewishlink.news/op-eds/47450-a-terrorist-shatters-all-the-stereotypes-about-terrorists
20211125,1016022018,20211125,ISRAELI,ISR,SYRIAN,SYR,190,재래식 군사력 사용,19,4,-10.0,3,1,3,-7.20720720720721,Lebanon,LE,https://tass.com/defense/1365923
20211125,1016022249,20211125,PALESTINIAN,PSE,JERUSALEM,ISR,1384,재래식 군사 공격 위협,13,3,-7.0,1,1,1,-6.29213483146068,South Africa,SF,https://jewishlink.news/op-eds/47450-a-terrorist-shatters-all-the-stereotypes-about-terrorists
20211125,1016022250,20211125,PALESTINIAN,PSE,JERUSALEM,ISR,193,소형무기·경무기를 이용한 전투,19,4,-10.0,18,4,16,-6.09743777993905,"Jerusalem, Israel (general), Israel",IS,https://jewishlink.news/op-eds/47450-a-terrorist-shatters-all-the-stereotypes-about-terrorists
20211125,1016028565,20211125,SYRIAN,SYR,ISRAELI,ISR,195,공중무기 사용,19,4,-10.0,5,1,5,-8.75,Israel,IS,https://www.dailymaverick.co.za/article/2021-11-24-syrian-air-defences-intercept-israeli-attack-above-homs-state-media/
20211125,1016029987,20211125,ISRAEL,ISR,LEBANON,LBN,194,포병·전차를 이용한 전투,19,4,-10.0,2,1,2,-6.56565656565657,Israel,IS,https://thehill.com/policy/international/middle-east-north-africa/583100-syria-says-israeli-airstrike-killed-two
20211125,1016030193,20211125,HAMAS,PSE,JERUSALEM,ISR,190,재래식 군사력 사용,19,4,-10.0,10,2,10,-4.31614131282158,"Jerusalem, Israel (general), Israel",IS,https://www.australianjewishnews.com/eli-mourned-as-major-terror-cell-exposed/
20211125,1016031179,20211125,ISRAELI,ISR,PALESTINIAN,PSE,190,재래식 군사력 사용,19,4,-10.0,20,2,20,-9.72229723994787,"Jerusalem, Israel (general), Israel",IS,https://www.arabnews.com/node/1974981/middle-east
20211125,1016031394,20211125,SAUDI ARABIA,SAU,YEMEN,YEM,190,재래식 군사력 사용,19,4,-10.0,2,1,2,-10.3343465045593,"Marib, Ma'rib, Yemen",YM,http://www.jordantimes.com/news/region/un-urges-yemen-warring-parties-de-escalate-violence
20211125,1016031769,20211125,YEMEN,YEM,SAUDI ARABIA,SAU,190,재래식 군사력 사용,19,4,-10.0,2,1,2,-10.3343465045593,"Hodeida, Al ?udaydah, Yemen",YM,http://www.jordantimes.com/news/region/un-urges-yemen-warring-parties-de-escalate-violence
20211125,1016034657,20211125,ISRAEL,ISR,IRAN,IRN,190,재래식 군사력 사용,19,4,-10.0,1,1,1,-2.69230769230769,"Tel Aviv, Tel Aviv, Israel",IS,https://nationalinterest.org/blog/reboot/why-israeli-air-force-wont-attack-iran-196868
20211125,1016034658,20211125,ISRAEL,ISR,IRAN,IRN,190,재래식 군사력 사용,19,4,-10.0,1,1,1,-2.69230769230769,"Tehran, Tehran, Iran",IR,https://nationalinterest.org/blog/reboot/why-israeli-air-force-wont-attack-iran-196868
20211125,1016038043,20211125,HAMAS,PSE,ISRAEL,ISR,190,재래식 군사력 사용,19,4,-10.0,2,1,2,-4.66549295774648,"Gaza, Israel (general), Israel",IS,https://www.jewishpress.com/indepth/columns/keeping-jerusalem/hamass-war-against-yerushalayim/2021/11/25/
20211125,1016038044,20211125,HAMAS,PSE,ISRAELI,ISR,194,포병·전차를 이용한 전투,19,4,-10.0,14,2,14,-4.099898246025,"Jerusalem, Israel (general), Israel",IS,https://www.jewishpress.com/indepth/columns/keeping-jerusalem/hamass-war-against-yerushalayim/2021/11/25/
20211125,1016038045,20211125,HAMAS,PSE,ISRAELI,ISR,194,포병·전차를 이용한 전투,19,4,-10.0,6,1,6,-4.66549295774648,"Yerushalayim, Israel (general), Israel",IS,https://www.jewishpress.com/indepth/columns/keeping-jerusalem/hamass-war-against-yerushalayim/2021/11/25/
20211125,1016038047,20211125,HAMAS,PSE,JERUSALEM,ISR,190,재래식 군사력 사용,19,4,-10.0,10,1,10,-4.66549295774648,"Jerusalem, Israel (general), Israel",IS,https://www.jewishpress.com/indepth/columns/keeping-jerusalem/hamass-war-against-yerushalayim/2021/11/25/
20211125,1016043601,20211125,SAUDI ARABIA,SAU,QATAR,QAT,163,금수·보이콧·제재 부과,16,4,-8.0,7,2,7,-1.1014645930847,"Doha, Ad Daw?ah, Qatar",QA,https://www.dawn.com/news/1660110/uae-holds-talks-with-taliban-to-run-kabul-airport
20211125,1016043602,20211125,SAUDI ARABIA,SAU,QATAR,QAT,163,금수·보이콧·제재 부과,16,4,-8.0,1,1,1,-1.25698324022346,Saudi Arabia,SA,https://www.dawn.com/news/1660110/uae-holds-talks-with-taliban-to-run-kabul-airport
20211125,1016048838,20211125,IRAN,IRN,SYRIAN,SYR,194,포병·전차를 이용한 전투,19,4,-10.0,4,1,4,-5.48780487804878,Iran,IR,https://news.antiwar.com/2021/11/24/rockets-fired-at-us-base-in-eastern-syria/
20211125,1016048839,20211125,IRAN,IRN,SYRIAN,SYR,194,포병·전차를 이용한 전투,19,4,-10.0,6,1,6,-5.48780487804878,Iran,IR,https://news.antiwar.com/2021/11/24/rockets-fired-at-us-base-in-eastern-syria/
20211125,1016056791,20211125,ISRAEL,ISR,WEST BANK,PSE,192,영토 점령,19,4,-9.5,66,8,66,-4.95480921519773,Israel,IS,http://www.china.org.cn/world/Off_the_Wire/2021-11/25/content_77892688.htm
20211125,1016056792,20211125,ISRAEL,ISR,WEST BANK,PSE,192,영토 점령,19,4,-9.5,14,7,14,-4.88470416673235,Israel,IS,http://www.china.org.cn/world/Off_the_Wire/2021-11/25/content_77892688.htm
20211125,1016059311,20211125,EGYPT,EGY,ISRAEL,ISR,190,재래식 군사력 사용,19,4,-10.0,2,1,2,-1.3953488372093,"Suez Canal, As Suways, Egypt",EG,https://themedialine.org/mideast-mindset/libyas-reconstruction-is-an-opportunity-for-historic-change-in-the-middle-east/
20211125,1016059312,20211125,EGYPT,EGY,ISRAEL,ISR,190,재래식 군사력 사용,19,4,-10.0,2,1,2,-1.3953488372093,Israel,IS,https://themedialine.org/mideast-mindset/libyas-reconstruction-is-an-opportunity-for-historic-change-in-the-middle-east/
20211125,1016062453,20211125,ISRAELI,ISR,GAZA,PSE,190,재래식 군사력 사용,19,4,-10.0,6,2,6,-4.06524059208389,"Gaza, Israel (general), Israel",IS,https://www.albawaba.com/opinion/rocky-turkish-israeli-relations-may-see-upward-swing-1456413
20211125,1016062455,20211125,ISRAEL,ISR,HAMAS,PSE,190,재래식 군사력 사용,19,4,-10.0,136,31,136,-6.29252999309592,"Gaza, Israel (general), Israel",IS,https://www.washingtonpost.com/world/winter-rain-floods-gaza-homes-damaged-in-last-springs-war/2021/11/25/9db43a3a-4dbc-11ec-a7b8-9ed28bf23929_story.html
20211125,1016062456,20211125,ISRAEL,ISR,GAZA,PSE,194,포병·전차를 이용한 전투,19,4,-10.0,64,31,64,-6.29252999309592,"Gaza, Israel (general), Israel",IS,https://www.washingtonpost.com/world/winter-rain-floods-gaza-homes-damaged-in-last-springs-war/2021/11/25/9db43a3a-4dbc-11ec-a7b8-9ed28bf23929_story.html
20211125,1016062475,20211125,ISRAELI,ISR,TURKEY,TUR,163,금수·보이콧·제재 부과,16,4,-8.0,3,1,3,-1.17395944503735,"Ankara, Ankara, Turkey",TU,https://www.albawaba.com/opinion/rocky-turkish-israeli-relations-may-see-upward-swing-1456413
20211125,1016062483,20211125,ISRAELI,ISR,GAZA,PSE,190,재래식 군사력 사용,19,4,-10.0,2,1,2,-1.17395944503735,"Gaza, Israel (general), Israel",IS,https://www.albawaba.com/opinion/rocky-turkish-israeli-relations-may-see-upward-swing-1456413
20211125,1016063816,20211125,PALESTINIAN,PSE,ISRAEL,ISR,190,재래식 군사력 사용,19,4,-10.0,4,1,4,-7.47451868629672,"Jerusalem, Israel (general), Israel",IS,https://www.israelnationalnews.com/News/News.aspx/317551
20211125,1016063838,20211125,SAUDI,SAU,SANAA,YEM,195,공중무기 사용,19,4,-10.0,5,1,5,-8.45070422535207,"Hodeida, Al ?udaydah, Yemen",YM,https://www.newdelhitimes.com/yemens-houthis-saudi-coalition-strike-hits-sanaa-factory/
20211125,1016065346,20211125,ISRAEL,ISR,HAMAS,PSE,190,재래식 군사력 사용,19,4,-10.0,12,6,12,-7.31225296442688,"Gaza, Israel (general), Israel",IS,https://wahoo-ashland-waverly.com/news/world/winter-rain-floods-gaza-homes-damaged-in-last-springs-war/article_0a1b1c0d-ec66-50c4-a89b-15a5f3450440.html
20211125,1016065347,20211125,ISRAEL,ISR,HAMAS,PSE,190,재래식 군사력 사용,19,4,-10.0,36,6,36,-7.31225296442688,Qatar,QA,https://wahoo-ashland-waverly.com/news/world/winter-rain-floods-gaza-homes-damaged-in-last-springs-war/article_0a1b1c0d-ec66-50c4-a89b-15a5f3450440.html
20211125,1016067060,20211125,ISRAEL,ISR,HAMAS,PSE,190,재래식 군사력 사용,19,4,-10.0,136,17,136,-6.11891821054748,"Beit Lahiya, Gaza Strip (general), Gaza Strip",GZ,https://www.sandiegouniontribune.com/news/nation-world/story/2021-11-24/winter-rain-floods-gaza-homes-damaged-in-last-springs-war
20211125,1016069990,20211125,BAHRAIN,BHR,LEBANON,LBN,163,금수·보이콧·제재 부과,16,4,-8.0,3,1,3,-3.205791106515,"Ankara, Ankara, Turkey",TU,https://www.koreatimes.co.kr/www/opinion/2021/11/197_319374.html
20211125,1016069991,20211125,BAHRAIN,BHR,LEBANON,LBN,163,금수·보이콧·제재 부과,16,4,-8.0,12,1,12,-3.205791106515,"Jerusalem, Israel (general), Israel",IS,https://www.koreatimes.co.kr/www/opinion/2021/11/197_319374.html
20211125,1016070768,20211125,SAUDI ARABIA,SAU,LEBANON,LBN,163,금수·보이콧·제재 부과,16,4,-8.0,3,1,3,-3.205791106515,"Ankara, Ankara, Turkey",TU,https://www.koreatimes.co.kr/www/opinion/2021/11/197_319374.html
20211125,1016070769,20211125,SAUDI ARABIA,SAU,LEBANON,LBN,163,금수·보이콧·제재 부과,16,4,-8.0,12,1,12,-3.205791106515,"Jerusalem, Israel (general), Israel",IS,https://www.koreatimes.co.kr/www/opinion/2021/11/197_319374.html
20211125,1016070770,20211125,SAUDI ARABIA,SAU,TURKEY,TUR,190,재래식 군사력 사용,19,4,-10.0,6,1,6,-3.205791106515,"Beirut, Beyrouth, Lebanon",LE,https://www.koreatimes.co.kr/www/opinion/2021/11/197_319374.html
20211125,1016070771,20211125,SAUDI ARABIA,SAU,TURKEY,TUR,190,재래식 군사력 사용,19,4,-10.0,6,1,6,-3.205791106515,"Istanbul, Istanbul, Turkey",TU,https://www.koreatimes.co.kr/www/opinion/2021/11/197_319374.html
20211125,1016070772,20211125,SAUDI ARABIA,SAU,TURKEY,TUR,190,재래식 군사력 사용,19,4,-10.0,18,1,18,-3.205791106515,Saudi Arabia,SA,https://www.koreatimes.co.kr/www/opinion/2021/11/197_319374.html
20211125,1016070818,20211125,TURKEY,TUR,SAUDI ARABIA,SAU,190,재래식 군사력 사용,19,4,-10.0,6,1,6,-3.205791106515,"Istanbul, Istanbul, Turkey",TU,https://www.koreatimes.co.kr/www/opinion/2021/11/197_319374.html
20211125,1016070819,20211125,TURKEY,TUR,SAUDI ARABIA,SAU,190,재래식 군사력 사용,19,4,-10.0,18,1,18,-3.205791106515,Saudi Arabia,SA,https://www.koreatimes.co.kr/www/opinion/2021/11/197_319374.html
20211125,1016070820,20211125,TURKEY,TUR,SAUDI ARABIA,SAU,190,재래식 군사력 사용,19,4,-10.0,6,1,6,-3.205791106515,"Beirut, Beyrouth, Lebanon",LE,https://www.koreatimes.co.kr/www/opinion/2021/11/197_319374.html
20211125,1016073907,20211125,YEMEN,YEM,SAUDI ARABIA,SAU,195,공중무기 사용,19,4,-10.0,4,1,4,-3.48297213622291,"Amhara, Amara, Ethiopia",ET,http://www.ipsnews.net/2021/11/ethiopias-civil-war-fueled-weapons-uns-big-powers/
20211125,1016073908,20211125,YEMEN,YEM,SAUDI ARABIA,SAU,195,공중무기 사용,19,4,-10.0,16,1,16,-3.48297213622291,Yemen,YM,http://www.ipsnews.net/2021/11/ethiopias-civil-war-fueled-weapons-uns-big-powers/
20211125,1016080300,20211125,QATAR,QAT,SAUDI,SAU,190,재래식 군사력 사용,19,4,-10.0,5,1,5,-1.70045781556573,Qatar,QA,https://www.lewrockwell.com/2021/11/no_author/string-of-pearls-yemen-could-be-the-arab-hub-of-the-maritime-silk-road/
20211125,1016080316,20211125,SAUDI,SAU,QATAR,QAT,190,재래식 군사력 사용,19,4,-10.0,5,1,5,-1.70045781556573,Qatar,QA,https://www.lewrockwell.com/2021/11/no_author/string-of-pearls-yemen-could-be-the-arab-hub-of-the-maritime-silk-road/
20211125,1016083440,20211125,ISRAELI,ISR,GAZA,PSE,190,재래식 군사력 사용,19,4,-10.0,3,1,3,-8.94495412844037,"Tel Aviv, Tel Aviv, Israel",IS,https://www.presstv.ir/Detail/2021/11/25/671334/Islamic-Jihad-Israel-Tel-Aviv-bombed-assassination-
20211125,1016083441,20211125,ISRAELI,ISR,PALESTINIAN,PSE,193,소형무기·경무기를 이용한 전투,19,4,-10.0,4,1,4,-8.94495412844037,"Gaza, Israel (general), Israel",IS,https://www.presstv.ir/Detail/2021/11/25/671334/Islamic-Jihad-Israel-Tel-Aviv-bombed-assassination-
20211125,1016091033,20211125,QATAR,QAT,ISRAELI,ISR,190,재래식 군사력 사용,19,4,-10.0,2,1,2,-4.46000737191302,"Baghdad, Baghdad, Iraq",IZ,https://www.jns.org/opinion/the-spread-of-irans-malign-activities/
20211125,1016091034,20211125,QATAR,QAT,ISRAELI,ISR,190,재래식 군사력 사용,19,4,-10.0,2,1,2,-4.46000737191302,"Gaza, Israel (general), Israel",IS,https://www.jns.org/opinion/the-spread-of-irans-malign-activities/
20211125,1016091035,20211125,QATAR,QAT,ISRAELI,ISR,190,재래식 군사력 사용,19,4,-10.0,6,1,6,-4.46000737191302,"Gaza, Israel (general), Israel",IS,https://www.jns.org/opinion/the-spread-of-irans-malign-activities/
20211125,1016091107,20211125,SYRIA,SYR,AMMAN,JOR,190,재래식 군사력 사용,19,4,-10.0,1,1,1,-4.44444444444444,"Azraq, ?alab, Syria",SY,https://www.middleeastmonitor.com/20211125-calls-for-jordan-to-release-syria-journalist/
20211125,1016091274,20211125,YEMEN,YEM,ISRAEL,ISR,194,포병·전차를 이용한 전투,19,4,-10.0,1,1,1,-4.46000737191302,"Tehran, Tehran, Iran",IR,https://www.jns.org/opinion/the-spread-of-irans-malign-activities/
20211125,1016091275,20211125,YEMEN,YEM,ISRAEL,ISR,194,포병·전차를 이용한 전투,19,4,-10.0,3,1,3,-4.46000737191302,"Damascus, Dimashq, Syria",SY,https://www.jns.org/opinion/the-spread-of-irans-malign-activities/
20211125,1016091276,20211125,YEMEN,YEM,ISRAEL,ISR,194,포병·전차를 이용한 전투,19,4,-10.0,1,1,1,-4.46000737191302,"Gaza, Israel (general), Israel",IS,https://www.jns.org/opinion/the-spread-of-irans-malign-activities/
20211125,1016091277,20211125,YEMEN,YEM,SAUDI ARABIA,SAU,195,공중무기 사용,19,4,-10.0,8,1,8,-4.46000737191302,"Sanaa, Sana', Yemen",YM,https://www.jns.org/opinion/the-spread-of-irans-malign-activities/
20211125,1016091278,20211125,YEMEN,YEM,SAUDI ARABIA,SAU,195,공중무기 사용,19,4,-10.0,2,1,2,-4.46000737191302,"Gaza, Israel (general), Israel",IS,https://www.jns.org/opinion/the-spread-of-irans-malign-activities/
20211125,1016099351,20211125,ISRAELI,ISR,PALESTINIAN,PSE,190,재래식 군사력 사용,19,4,-10.0,1,1,1,-9.7560975609756,"Hebron, Israel (general), Israel",IS,http://english.wafa.ps/Pages/Details/126957
20211125,1016099613,20211125,WEST BANK,PSE,ISRAEL,ISR,190,재래식 군사력 사용,19,4,-10.0,8,1,8,-9.7560975609756,"Surif, West Bank (general), West Bank",WE,http://english.wafa.ps/Pages/Details/126957
20211125,1016103728,20211125,ISRAELI,ISR,GAZA,PSE,190,재래식 군사력 사용,19,4,-10.0,1,1,1,-8.12807881773399,Iran,IR,https://www.tasnimnews.com/en/news/2021/11/25/2614670/tel-aviv-to-be-bombed-if-israel-assassinates-islamic-jihad-members-official
20211125,1016103729,20211125,ISRAELI,ISR,GAZA,PSE,190,재래식 군사력 사용,19,4,-10.0,1,1,1,-8.12807881773399,Gaza Strip,GZ,https://www.tasnimnews.com/en/news/2021/11/25/2614670/tel-aviv-to-be-bombed-if-israel-assassinates-islamic-jihad-members-official
20211125,1016103730,20211125,ISRAELI,ISR,PALESTINIAN,PSE,193,소형무기·경무기를 이용한 전투,19,4,-10.0,1,1,1,-8.12807881773399,"Gaza, Israel (general), Israel",IS,https://www.tasnimnews.com/en/news/2021/11/25/2614670/tel-aviv-to-be-bombed-if-israel-assassinates-islamic-jihad-members-official
20211125,1016103731,20211125,ISRAELI,ISR,PALESTINIAN,PSE,193,소형무기·경무기를 이용한 전투,19,4,-10.0,3,1,3,-8.12807881773399,Iran,IR,https://www.tasnimnews.com/en/news/2021/11/25/2614670/tel-aviv-to-be-bombed-if-israel-assassinates-islamic-jihad-members-official
20211125,1016120569,20211125,ISRAEL,ISR,LEBANON,LBN,194,포병·전차를 이용한 전투,19,4,-10.0,2,1,2,-6.39344262295082,"Gaza, Israel (general), Israel",IS,https://www.aljazeera.com/news/2021/8/5/israel-says-conducts-first-lebanon-strikes-in-seven-years
20211125,1016120570,20211125,ISRAEL,ISR,LEBANON,LBN,194,포병·전차를 이용한 전투,19,4,-10.0,2,1,2,-6.39344262295082,"Gaza, Israel (general), Israel",IS,https://www.aljazeera.com/news/2021/8/5/israel-says-conducts-first-lebanon-strikes-in-seven-years
20211125,1016120571,20211125,ISRAEL,ISR,LEBANON,LBN,194,포병·전차를 이용한 전투,19,4,-10.0,6,1,6,-6.39344262295082,"Beirut, Beyrouth, Lebanon",LE,https://www.aljazeera.com/news/2021/8/5/israel-says-conducts-first-lebanon-strikes-in-seven-years
20211125,1016120572,20211125,ISRAELI,ISR,LEBANON,LBN,195,공중무기 사용,19,4,-10.0,8,1,8,-6.39344262295082,"Beirut, Beyrouth, Lebanon",LE,https://www.aljazeera.com/news/2021/8/5/israel-says-conducts-first-lebanon-strikes-in-seven-years
20211125,1016120644,20211125,LEBANON,LBN,ISRAELI,ISR,195,공중무기 사용,19,4,-10.0,8,1,8,-6.39344262295082,"Gaza, Israel (general), Israel",IS,https://www.aljazeera.com/news/2021/8/5/israel-says-conducts-first-lebanon-strikes-in-seven-years
20211125,1016122505,20211125,IRAQ,IRQ,TURKEY,TUR,190,재래식 군사력 사용,19,4,-10.0,5,1,5,-2.9236868186323,"Ibrahim Khalil, Dahuk, Iraq",IZ,https://www.aei.org/op-eds/iraqs-patriotic-union-of-kurdistan-is-on-its-death-bed/
20211125,1016122506,20211125,IRAQ,IRQ,TURKEY,TUR,190,재래식 군사력 사용,19,4,-10.0,1,1,1,-2.9236868186323,"Gorran, Cornwall, United Kingdom",UK,https://www.aei.org/op-eds/iraqs-patriotic-union-of-kurdistan-is-on-its-death-bed/
20211125,1016122527,20211125,ISRAEL,ISR,GAZA,PSE,190,재래식 군사력 사용,19,4,-10.0,2,1,2,-6.95652173913043,"Gaza, Israel (general), Israel",IS,https://apnews.com/article/donald-trump-israel-united-arab-emirates-violence-dubai-4a48688bbe106ca7d931d148c205fdd3
20211125,1016122795,20211125,GAZA,PSE,ISRAEL,ISR,190,재래식 군사력 사용,19,4,-10.0,8,2,8,-5.48671752918466,"Gaza, Israel (general), Israel",IS,https://apnews.com/article/donald-trump-israel-united-arab-emirates-violence-dubai-4a48688bbe106ca7d931d148c205fdd3
20211125,1016122797,20211125,GAZA,PSE,ISRAEL,ISR,190,재래식 군사력 사용,19,4,-10.0,2,1,2,-6.95652173913043,"Gaza, Israel (general), Israel",IS,https://apnews.com/article/donald-trump-israel-united-arab-emirates-violence-dubai-4a48688bbe106ca7d931d148c205fdd3
20211125,1016122884,20211125,TURKEY,TUR,IRAQ,IRQ,190,재래식 군사력 사용,19,4,-10.0,5,1,5,-2.9236868186323,"Ibrahim Khalil, Dahuk, Iraq",IZ,https://www.aei.org/op-eds/iraqs-patriotic-union-of-kurdistan-is-on-its-death-bed/
20211125,1016122885,20211125,TURKEY,TUR,IRAQ,IRQ,190,재래식 군사력 사용,19,4,-10.0,1,1,1,-2.9236868186323,"Gorran, Cornwall, United Kingdom",UK,https://www.aei.org/op-eds/iraqs-patriotic-union-of-kurdistan-is-on-its-death-bed/
20211125,1016129211,20211125,GAZA,PSE,ISRAEL,ISR,192,영토 점령,19,4,-9.5,1,1,1,-2.38095238095238,"Gaza, Israel (general), Israel",IS,https://www.jpost.com/breaking-news/bennett-meets-family-of-hisham-al-sayed-israeli-citizen-held-captive-by-hamas-686968
20211125,1016129212,20211125,GAZA,PSE,ISRAEL,ISR,192,영토 점령,19,4,-9.5,5,1,5,-2.38095238095238,"Gaza, Israel (general), Israel",IS,https://www.jpost.com/breaking-news/bennett-meets-family-of-hisham-al-sayed-israeli-citizen-held-captive-by-hamas-686968
20211125,1016131046,20211125,HAMAS,PSE,ISRAEL,ISR,194,포병·전차를 이용한 전투,19,4,-10.0,5,1,5,-8.08080808080807,Israel,IS,https://www.israelnationalnews.com/News/News.aspx/317588
20211125,1016132983,20211125,ISRAELI,ISR,PALESTINIAN,PSE,190,재래식 군사력 사용,19,4,-10.0,1,1,1,-6.35593220338983,"Nablus, West Bank (general), West Bank",WE,http://english.wafa.ps/Pages/Details/126963
20211125,1016132984,20211125,ISRAELI,ISR,PALESTINIAN,PSE,190,재래식 군사력 사용,19,4,-10.0,1,1,1,-6.35593220338983,Israel,IS,http://english.wafa.ps/Pages/Details/126963
20211125,1016133266,20211125,WEST BANK,PSE,ISRAEL,ISR,190,재래식 군사력 사용,19,4,-10.0,6,1,6,-6.35593220338983,Israel,IS,http://english.wafa.ps/Pages/Details/126963
20211125,1016135653,20211125,SAUDI,SAU,YEMEN,YEM,190,재래식 군사력 사용,19,4,-10.0,4,1,4,-4.15841584158416,"Abqaiq, Ash Sharqiyah, Saudi Arabia",SA,https://www.economist.com/briefing/2021/11/27/as-america-retreats-regional-rogues-are-on-the-rise
20211125,1016135654,20211125,SAUDI ARABIA,SAU,YEMEN,YEM,190,재래식 군사력 사용,19,4,-10.0,4,1,4,-4.15841584158416,Yemen,YM,https://www.economist.com/briefing/2021/11/27/as-america-retreats-regional-rogues-are-on-the-rise
20211125,1016135655,20211125,SAUDI ARABIA,SAU,YEMEN,YEM,190,재래식 군사력 사용,19,4,-10.0,2,1,2,-4.15841584158416,"Hollywood, California, United States",US,https://www.economist.com/briefing/2021/11/27/as-america-retreats-regional-rogues-are-on-the-rise
20211125,1016135677,20211125,SYRIA,SYR,IRAN,IRN,138,군사력 사용 위협,13,3,-7.0,2,1,2,-4.15841584158416,Syria,SY,https://www.economist.com/briefing/2021/11/27/as-america-retreats-regional-rogues-are-on-the-rise
20211125,1016135862,20211125,YEMEN,YEM,SAUDI ARABIA,SAU,190,재래식 군사력 사용,19,4,-10.0,2,1,2,-4.15841584158416,"Hollywood, California, United States",US,https://www.economist.com/briefing/2021/11/27/as-america-retreats-regional-rogues-are-on-the-rise
20211125,1016135863,20211125,YEMEN,YEM,SAUDI,SAU,190,재래식 군사력 사용,19,4,-10.0,4,1,4,-4.15841584158416,"Abqaiq, Ash Sharqiyah, Saudi Arabia",SA,https://www.economist.com/briefing/2021/11/27/as-america-retreats-regional-rogues-are-on-the-rise
20211125,1016135864,20211125,YEMEN,YEM,SAUDI ARABIA,SAU,190,재래식 군사력 사용,19,4,-10.0,4,1,4,-4.15841584158416,Yemen,YM,https://www.economist.com/briefing/2021/11/27/as-america-retreats-regional-rogues-are-on-the-rise
20211125,1016144797,20211125,LEBANON,LBN,IRANIAN,IRN,192,영토 점령,19,4,-9.5,10,1,10,-6.14692653673164,"Beirut, Beyrouth, Lebanon",LE,https://english.aawsat.com/home/article/3324716/hanna-saleh/aoun-either-bassil-or-i-wont-hand-presidency-void%E2%80%9D
20211125,1016151557,20211125,ISRAEL,ISR,IRAN,IRN,163,금수·보이콧·제재 부과,16,4,-8.0,2,1,2,-4.95689655172413,"Tehran, Tehran, Iran",IR,https://www.haaretz.com/israel-news/with-lebanon-on-brink-of-collapse-israel-does-what-it-can-to-stave-off-iran-1.9975686
20211125,1016151558,20211125,ISRAEL,ISR,IRAN,IRN,163,금수·보이콧·제재 부과,16,4,-8.0,8,1,8,-4.95689655172413,"Tehran, Tehran, Iran",IR,https://www.haaretz.com/israel-news/with-lebanon-on-brink-of-collapse-israel-does-what-it-can-to-stave-off-iran-1.9975686
20211125,1016151717,20211125,PALESTINIAN,PSE,ISRAEL,ISR,193,소형무기·경무기를 이용한 전투,19,4,-10.0,2,1,2,-5.51948051948052,"Sheikh Jarrah, Yerushalayim, Israel",IS,https://www.haaretz.com/israel-news/.premium-palestinian-beaten-in-central-jerusalem-after-speaking-arabic-with-a-friend-1.10416822
20211125,1016151718,20211125,PALESTINIAN,PSE,ISRAEL,ISR,193,소형무기·경무기를 이용한 전투,19,4,-10.0,2,1,2,-5.51948051948052,"Jerusalem, Israel (general), Israel",IS,https://www.haaretz.com/israel-news/.premium-palestinian-beaten-in-central-jerusalem-after-speaking-arabic-with-a-friend-1.10416822
20211125,1016156335,20211125,IRAN,IRN,IRAQ,IRQ,190,재래식 군사력 사용,19,4,-10.0,2,1,2,-4.31034482758621,"Kurdistan, Khuzestan, Iran",IR,https://www.basnews.com/en/babat/725772
20211125,1016156336,20211125,IRAN,IRN,IRAQ,IRQ,190,재래식 군사력 사용,19,4,-10.0,8,1,8,-4.31034482758621,"Baghdad, Baghdad, Iraq",IZ,https://www.basnews.com/en/babat/725772
20211125,1016156380,20211125,ISRAELI,ISR,SYRIAN,SYR,190,재래식 군사력 사용,19,4,-10.0,6,1,6,-6.66666666666667,"Tel Aviv, Tel Aviv, Israel",IS,https://www.presstv.ir/Detail/2021/11/25/671371/Syrian-air-defense-units-shot-down-10-of-12-Israeli-missiles-launched-at-Homs--Russian-military
20211125,1016156381,20211125,ISRAEL,ISR,SYRIA,SYR,190,재래식 군사력 사용,19,4,-10.0,2,1,2,-6.66666666666667,Syria,SY,https://www.presstv.ir/Detail/2021/11/25/671371/Syrian-air-defense-units-shot-down-10-of-12-Israeli-missiles-launched-at-Homs--Russian-military
20211125,1016156648,20211125,SYRIAN,SYR,ISRAELI,ISR,190,재래식 군사력 사용,19,4,-10.0,6,1,6,-6.66666666666667,"Tel Aviv, Tel Aviv, Israel",IS,https://www.presstv.ir/Detail/2021/11/25/671371/Syrian-air-defense-units-shot-down-10-of-12-Israeli-missiles-launched-at-Homs--Russian-military
20211125,1016156649,20211125,SYRIAN,SYR,ISRAELI,ISR,190,재래식 군사력 사용,19,4,-10.0,2,1,2,-6.66666666666667,"Tel Aviv, Tel Aviv, Israel",IS,https://www.presstv.ir/Detail/2021/11/25/671371/Syrian-air-defense-units-shot-down-10-of-12-Israeli-missiles-launched-at-Homs--Russian-military
20211125,1016156650,20211125,SYRIAN,SYR,ISRAELI,ISR,194,포병·전차를 이용한 전투,19,4,-10.0,3,1,3,-6.66666666666667,"Tel Aviv, Tel Aviv, Israel",IS,https://www.presstv.ir/Detail/2021/11/25/671371/Syrian-air-defense-units-shot-down-10-of-12-Israeli-missiles-launched-at-Homs--Russian-military
20211125,1016158117,20211125,ISRAELI,ISR,IRANIAN,IRN,138,군사력 사용 위협,13,3,-7.0,6,1,6,-3.83480825958702,"Jerusalem, Israel (general), Israel",IS,https://www.jpost.com/international/are-israel-and-us-clashing-over-iran-nuclear-policy-687005
20211125,1016158118,20211125,ISRAEL,ISR,IRANIAN,IRN,138,군사력 사용 위협,13,3,-7.0,1,1,1,-3.83480825958702,"Tehran, Tehran, Iran",IR,https://www.jpost.com/international/are-israel-and-us-clashing-over-iran-nuclear-policy-687005
20211125,1016158119,20211125,ISRAEL,ISR,IRANIAN,IRN,138,군사력 사용 위협,13,3,-7.0,1,1,1,-3.83480825958702,"Washington, District of Columbia, United States",US,https://www.jpost.com/international/are-israel-and-us-clashing-over-iran-nuclear-policy-687005
20211125,1016162580,20211125,JERUSALEM,ISR,IRAN,IRN,193,소형무기·경무기를 이용한 전투,19,4,-10.0,1,1,1,-1.97322057787174,"Jerusalem, Israel (general), Israel",IS,https://www.jpost.com/opinion/my-word-terrorism-tehran-hamas-and-hanukkah-hope-687024
20211125,1016162581,20211125,JERUSALEM,ISR,IRAN,IRN,193,소형무기·경무기를 이용한 전투,19,4,-10.0,1,1,1,-1.97322057787174,"Tehran, Tehran, Iran",IR,https://www.jpost.com/opinion/my-word-terrorism-tehran-hamas-and-hanukkah-hope-687024
20211125,1016162762,20211125,HAMAS,PSE,IRAN,IRN,190,재래식 군사력 사용,19,4,-10.0,1,1,1,-1.97322057787174,"Jerusalem, Israel (general), Israel",IS,https://www.jpost.com/opinion/my-word-terrorism-tehran-hamas-and-hanukkah-hope-687024
20211125,1016162763,20211125,HAMAS,PSE,IRAN,IRN,190,재래식 군사력 사용,19,4,-10.0,1,1,1,-1.97322057787174,"Tehran, Tehran, Iran",IR,https://www.jpost.com/opinion/my-word-terrorism-tehran-hamas-and-hanukkah-hope-687024
20211125,1016162764,20211125,HAMAS,PSE,ISRAEL,ISR,194,포병·전차를 이용한 전투,19,4,-10.0,5,1,5,-6.01851851851852,"Gaza, Israel (general), Israel",IS,https://www.israelnationalnews.com/News/News.aspx/317601
20211125,1016165290,20211125,ISRAELI,ISR,IRAN,IRN,138,군사력 사용 위협,13,3,-7.0,1,1,1,0.41407867494824,"Tehran, Tehran, Iran",IR,https://www.middleeasteye.net/news/israel-gantz-iran-must-not-upset-bipartisan-ties-us
20211125,1016165291,20211125,ISRAELI,ISR,IRAN,IRN,138,군사력 사용 위협,13,3,-7.0,1,1,1,0.41407867494824,"Tehran, Tehran, Iran",IR,https://www.middleeasteye.net/news/israel-gantz-iran-must-not-upset-bipartisan-ties-us
20211125,1016165302,20211125,ISRAELI,ISR,PALESTINIAN,PSE,190,재래식 군사력 사용,19,4,-10.0,3,1,2,-11.3532110091743,"Jerusalem, Israel (general), Israel",IS,https://www.arabnews.com/node/1975471
20211125,1016165414,20211125,PALESTINIAN,PSE,ISRAELI,ISR,193,소형무기·경무기를 이용한 전투,19,4,-10.0,2,1,2,-11.3532110091743,"Jerusalem, Israel (general), Israel",IS,https://www.arabnews.com/node/1975471
20211125,1016166591,20211125,ISRAELI,ISR,IRAQI,IRQ,195,공중무기 사용,19,4,-10.0,10,1,10,-1.30597014925373,United States,US,https://www.timesofisrael.com/auction-of-joystick-from-jet-that-bombed-iraqi-reactor-fires-up-dispute/
20211125,1016166693,20211125,PALESTINIAN,PSE,ISRAEL,ISR,194,포병·전차를 이용한 전투,19,4,-10.0,3,1,3,-6.48854961832061,"Gaza, Israel (general), Israel",IS,https://jewishnews.timesofisrael.com/uk-names-israel-as-state-with-human-rights-concerns-alongside-iran-and-north-korea/
20211125,1016174498,20211125,ISRAELI,ISR,PALESTINIAN,PSE,193,소형무기·경무기를 이용한 전투,19,4,-10.0,2,1,2,-5.80912863070539,"Jerusalem, Israel (general), Israel",IS,https://tribune.com.pk/story/2331070/israel-plans-to-build-17000-settlement-units-in-jerusalem-palestinian-minister
20211125,1016175608,20211125,IRAN,IRN,SAUDI,SAU,192,영토 점령,19,4,-9.5,2,1,2,-7.80669144981412,"Marib, Ma'rib, Yemen",YM,http://english.sina.com/world/m/2021-11-26/detail-ikyakumx0300942.shtml
20211125,1016175612,20211125,IRAN,IRN,YEMEN,YEM,190,재래식 군사력 사용,19,4,-10.0,2,1,2,-7.80669144981412,"Marib, Ma'rib, Yemen",YM,http://english.sina.com/world/m/2021-11-26/detail-ikyakumx0300942.shtml
20211125,1016178300,20211125,ABDULLAH GUL,TUR,KURDISTAN,IRN,190,재래식 군사력 사용,19,4,-10.0,2,1,2,-2.33545647558386,"Baghdad, Baghdad, Iraq",IZ,https://edition.cnn.com/2007/WORLD/meast/10/25/turkey.kurds/
20211125,1016178301,20211125,ABDULLAH GUL,TUR,KURDISTAN,IRN,190,재래식 군사력 사용,19,4,-10.0,4,1,4,-2.33545647558386,"Ankara, Ankara, Turkey",TU,https://edition.cnn.com/2007/WORLD/meast/10/25/turkey.kurds/
20211125,1016178302,20211125,ABDULLAH GUL,TUR,KURDISTAN,IRN,190,재래식 군사력 사용,19,4,-10.0,2,1,2,-2.33545647558386,"Istanbul, Istanbul, Turkey",TU,https://edition.cnn.com/2007/WORLD/meast/10/25/turkey.kurds/
20211126,1016180071,20211126,ISRAEL,ISR,HAMAS,PSE,194,포병·전차를 이용한 전투,19,4,-10.0,2,1,2,-7.37018425460637,"Reigate, Surrey, United Kingdom",UK,https://english.alaraby.co.uk/news/hamas-terror-ban-will-have-terrible-chilling-effect-mp
20211126,1016180072,20211126,ISRAEL,ISR,HAMAS,PSE,194,포병·전차를 이용한 전투,19,4,-10.0,2,1,2,-7.37018425460637,"Gaza, Israel (general), Israel",IS,https://english.alaraby.co.uk/news/hamas-terror-ban-will-have-terrible-chilling-effect-mp
20211126,1016187524,20211126,HAMAS,PSE,ISRAEL,ISR,194,포병·전차를 이용한 전투,19,4,-10.0,13,2,13,-5.02532944393409,"Jerusalem, Israel (general), Israel",IS,https://unitedwithisrael.org/hamas-should-aim-rockets-at-legitimate-israeli-targets-says-uk-lawmaker/
20211126,1016199472,20211126,ISRAEL,ISR,HAMAS,PSE,190,재래식 군사력 사용,19,4,-10.0,22,3,22,-6.13878350059763,"Gaza, Israel (general), Israel",IS,https://www.newdelhitimes.com/winter-rain-floods-gaza-homes-damaged-in-last-springs-war/
20211126,1016199473,20211126,ISRAEL,ISR,GAZA,PSE,194,포병·전차를 이용한 전투,19,4,-10.0,6,3,6,-6.13878350059763,"Gaza, Israel (general), Israel",IS,https://www.newdelhitimes.com/winter-rain-floods-gaza-homes-damaged-in-last-springs-war/
20211126,1016208471,20211126,ISRAEL,ISR,IRAN,IRN,190,재래식 군사력 사용,19,4,-10.0,1,1,1,-4.2483660130719,Israel,IS,https://news.antiwar.com/2021/11/25/israels-gantz-says-differences-over-iran-must-not-ruin-ties-with-us/
20211126,1016208472,20211126,ISRAEL,ISR,IRAN,IRN,190,재래식 군사력 사용,19,4,-10.0,1,1,1,-4.2483660130719,Israel,IS,https://news.antiwar.com/2021/11/25/israels-gantz-says-differences-over-iran-must-not-ruin-ties-with-us/
20211126,1016208473,20211126,ISRAEL,ISR,IRAN,IRN,190,재래식 군사력 사용,19,4,-10.0,8,1,8,-4.2483660130719,Israel,IS,https://news.antiwar.com/2021/11/25/israels-gantz-says-differences-over-iran-must-not-ruin-ties-with-us/
20211126,1016208478,20211126,ISRAEL,ISR,HAMAS,PSE,194,포병·전차를 이용한 전투,19,4,-10.0,4,1,4,-0.99644128113879,"Gaza, Israel (general), Israel",IS,https://www.israelnationalnews.com/News/News.aspx/317624
20211126,1016210954,20211126,ISRAELI,ISR,GAZA,PSE,190,재래식 군사력 사용,19,4,-10.0,3,1,3,-8.46325167037862,"Tel Aviv, Tel Aviv, Israel",IS,https://menafn.com/1103253756/Tel-Aviv-Will-Be-Bombed-In-Case-Of-Assassinations-Islamic-Jihad&source=22
20211126,1016210955,20211126,ISRAELI,ISR,PALESTINIAN,PSE,193,소형무기·경무기를 이용한 전투,19,4,-10.0,4,1,4,-8.46325167037862,"Gaza, Israel (general), Israel",IS,https://menafn.com/1103253756/Tel-Aviv-Will-Be-Bombed-In-Case-Of-Assassinations-Islamic-Jihad&source=22
20211126,1016210956,20211126,ISRAEL,ISR,HAMAS,PSE,190,재래식 군사력 사용,19,4,-10.0,8,1,8,-6.16113744075829,"Beit Lahiya, Gaza Strip (general), Gaza Strip",GZ,https://www.newstribune.com/news/international/story/2021/nov/26/winter-rain-floods-gaza-homes-damaged-in-last-springs-war/896157/
20211126,1016211096,20211126,PALESTINIAN,PSE,ISRAEL,ISR,190,재래식 군사력 사용,19,4,-10.0,4,1,4,-7.35632183908046,"Jerusalem, Israel (general), Israel",IS,https://boulderjewishnews.org/2021/column-from-jerusalem-to-harlem-what-intersectionality/
20211126,1016215110,20211126,YEMEN,YEM,SAUDI ARABIA,SAU,195,공중무기 사용,19,4,-10.0,2,1,2,-3.77358490566038,"Amhara, Amara, Ethiopia",ET,https://allafrica.com/stories/202111260059.html
20211126,1016215111,20211126,YEMEN,YEM,SAUDI ARABIA,SAU,195,공중무기 사용,19,4,-10.0,8,1,8,-3.77358490566038,Yemen,YM,https://allafrica.com/stories/202111260059.html
20211126,1016216091,20211126,IRAN,IRN,ISRAELI,ISR,138,군사력 사용 위협,13,3,-7.0,4,1,4,0.4014272970562,"Tehran, Tehran, Iran",IR,https://www.haaretz.com/israel-news/.premium.MAGAZINE-iran-not-in-vienna-to-reach-a-nuclear-deal-israeli-foreign-ministry-director-says-1.10417210
20211126,1016216093,20211126,IRAN,IRN,ISRAELI,ISR,138,군사력 사용 위협,13,3,-7.0,6,1,6,0.4014272970562,"Tehran, Tehran, Iran",IR,https://www.haaretz.com/israel-news/.premium.MAGAZINE-iran-not-in-vienna-to-reach-a-nuclear-deal-israeli-foreign-ministry-director-says-1.10417210
20211126,1016217604,20211126,IRAN,IRN,SYRIAN,SYR,190,재래식 군사력 사용,19,4,-10.0,4,2,4,-0.72615924511716,"Tehran, Tehran, Iran",IR,https://nationalinterest.org/blog/reboot/dont-sleep-irans-missile-force-196939
20211126,1016217605,20211126,IRAN,IRN,SYRIAN,SYR,190,재래식 군사력 사용,19,4,-10.0,6,1,6,-1.13452188006483,Syria,SY,https://nationalinterest.org/blog/reboot/dont-sleep-irans-missile-force-196939
20211126,1016217606,20211126,IRAN,IRN,SYRIA,SYR,190,재래식 군사력 사용,19,4,-10.0,2,1,2,-1.13452188006483,United States,US,https://nationalinterest.org/blog/reboot/dont-sleep-irans-missile-force-196939
20211126,1016217607,20211126,IRAN,IRN,SYRIA,SYR,194,포병·전차를 이용한 전투,19,4,-10.0,10,1,10,-1.13452188006483,"Tehran, Tehran, Iran",IR,https://nationalinterest.org/blog/reboot/dont-sleep-irans-missile-force-196939
20211126,1016222225,20211126,SAUDI,SAU,SANAA,YEM,195,공중무기 사용,19,4,-10.0,4,1,4,0.68027210884354,"Marib, Ma'rib, Yemen",YM,https://www.kuna.net.kw/ArticleDetails.aspx?id=3011977&language=en
20211126,1016222226,20211126,SAUDI,SAU,SANAA,YEM,195,공중무기 사용,19,4,-10.0,6,1,6,0.68027210884354,"Marib, Ma'rib, Yemen",YM,https://www.kuna.net.kw/ArticleDetails.aspx?id=3011977&language=en
20211126,1016239262,20211126,ISRAEL,ISR,PALESTINIAN,PSE,190,재래식 군사력 사용,19,4,-10.0,32,3,32,-5.55217946700484,Israel,IS,https://www.haaretz.com/israel-news/.premium-cyberbullying-the-shin-bet-s-new-pastime-in-palestine-1.10417834
20211126,1016249880,20211126,SAUDI,SAU,YEMEN,YEM,193,소형무기·경무기를 이용한 전투,19,4,-10.0,2,1,2,-3.36134453781512,"Jubah, Saudi Arabia (general), Saudi Arabia",SA,"https://www.presstv.ir/Detail/2021/11/26/671420/Yemeni-forces-make-more-gains-in-southern-Ma%E2%80%99rib,-deal-blows-to-Saudi-mercenaries"
20211126,1016249881,20211126,SAUDI ARABIA,SAU,YEMEN,YEM,193,소형무기·경무기를 이용한 전투,19,4,-10.0,6,1,6,-3.36134453781512,"Jubah, Saudi Arabia (general), Saudi Arabia",SA,"https://www.presstv.ir/Detail/2021/11/26/671420/Yemeni-forces-make-more-gains-in-southern-Ma%E2%80%99rib,-deal-blows-to-Saudi-mercenaries"
20211126,1016249882,20211126,SAUDI ARABIA,SAU,YEMEN,YEM,193,소형무기·경무기를 이용한 전투,19,4,-10.0,4,1,4,-3.36134453781512,"Jubah, Saudi Arabia (general), Saudi Arabia",SA,"https://www.presstv.ir/Detail/2021/11/26/671420/Yemeni-forces-make-more-gains-in-southern-Ma%E2%80%99rib,-deal-blows-to-Saudi-mercenaries"
20211126,1016250067,20211126,YEMEN,YEM,SAUDI,SAU,193,소형무기·경무기를 이용한 전투,19,4,-10.0,2,1,2,-3.36134453781512,"Jubah, Saudi Arabia (general), Saudi Arabia",SA,"https://www.presstv.ir/Detail/2021/11/26/671420/Yemeni-forces-make-more-gains-in-southern-Ma%E2%80%99rib,-deal-blows-to-Saudi-mercenaries"
20211126,1016250068,20211126,YEMENI,YEM,SAUDI,SAU,193,소형무기·경무기를 이용한 전투,19,4,-10.0,26,1,20,-3.36134453781512,"Jubah, Saudi Arabia (general), Saudi Arabia",SA,"https://www.presstv.ir/Detail/2021/11/26/671420/Yemeni-forces-make-more-gains-in-southern-Ma%E2%80%99rib,-deal-blows-to-Saudi-mercenaries"
20211126,1016250069,20211126,YEMEN,YEM,SAUDI ARABIA,SAU,193,소형무기·경무기를 이용한 전투,19,4,-10.0,4,1,4,-3.36134453781512,"Jubah, Saudi Arabia (general), Saudi Arabia",SA,"https://www.presstv.ir/Detail/2021/11/26/671420/Yemeni-forces-make-more-gains-in-southern-Ma%E2%80%99rib,-deal-blows-to-Saudi-mercenaries"
20211126,1016251637,20211126,ISRAELI,ISR,WEST BANK,PSE,190,재래식 군사력 사용,19,4,-10.0,1,1,1,-4.05904059040591,"Jerusalem, Israel (general), Israel",IS,https://www.middleeastmonitor.com/20211126-israel-places-palestinian-governor-in-jerusalem-under-house-arrest/
20211126,1016251640,20211126,ISRAEL,ISR,WEST BANK,PSE,190,재래식 군사력 사용,19,4,-10.0,2,1,2,-4.05904059040591,"Silwan, West Bank (general), West Bank",WE,https://www.middleeastmonitor.com/20211126-israel-places-palestinian-governor-in-jerusalem-under-house-arrest/
20211126,1016251641,20211126,ISRAEL,ISR,WEST BANK,PSE,190,재래식 군사력 사용,19,4,-10.0,2,1,2,-4.05904059040591,"Jerusalem, Israel (general), Israel",IS,https://www.middleeastmonitor.com/20211126-israel-places-palestinian-governor-in-jerusalem-under-house-arrest/
20211126,1016251860,20211126,PALESTINE,PSE,ISRAEL,ISR,192,영토 점령,19,4,-9.5,8,1,8,-3.28947368421052,"Jerusalem, Israel (general), Israel",IS,https://www.middleeastmonitor.com/20211126-israels-theft-of-palestinian-water-must-be-stopped/
20211126,1016260185,20211126,ISRAELI,ISR,PALESTINIAN,PSE,190,재래식 군사력 사용,19,4,-10.0,1,1,1,-4.54545454545454,"Jerusalem, Israel (general), Israel",IS,http://english.wafa.ps/Pages/Details/126966
20211126,1016262675,20211126,HAMAS,PSE,ISRAEL,ISR,194,포병·전차를 이용한 전투,19,4,-10.0,1,1,1,-5.68475452196382,Jordan,JO,https://www.newsweek.com/other-war-opinion-1652657
20211126,1016262676,20211126,HAMAS,PSE,ISRAEL,ISR,194,포병·전차를 이용한 전투,19,4,-10.0,1,1,1,-5.68475452196382,Jordan,JO,https://www.newsweek.com/other-war-opinion-1652657
20211126,1016266767,20211126,JERUSALEM,ISR,WEST BANK,PSE,191,봉쇄·이동 제한,19,4,-9.5,2,1,2,-2.37068965517241,"Jerusalem, Israel (general), Israel",IS,https://www.ynetnews.com/article/sj60kfidf
20211126,1016268930,20211126,ISRAEL,ISR,PALESTINIAN,PSE,190,재래식 군사력 사용,19,4,-10.0,10,1,8,-12.7659574468085,"Hebron, Israel (general), Israel",IS,https://www.jpost.com/breaking-news/idf-soldier-injured-in-clashes-with-palestinians-in-hebron-687092
20211126,1016269172,20211126,PALESTINIAN,PSE,ISRAEL,ISR,190,재래식 군사력 사용,19,4,-10.0,10,1,8,-12.7659574468085,"Hebron, Israel (general), Israel",IS,https://www.jpost.com/breaking-news/idf-soldier-injured-in-clashes-with-palestinians-in-hebron-687092
20211126,1016269173,20211126,PALESTINIAN,PSE,ISRAEL,ISR,193,소형무기·경무기를 이용한 전투,19,4,-10.0,2,1,2,-12.7659574468085,"Hebron, Israel (general), Israel",IS,https://www.jpost.com/breaking-news/idf-soldier-injured-in-clashes-with-palestinians-in-hebron-687092
20211126,1016271159,20211126,ISRAEL,ISR,WEST BANK,PSE,190,재래식 군사력 사용,19,4,-10.0,4,1,4,-1.69172932330827,"Palestinian Central Bureau Of Statistics, Gaza Strip (general), Gaza Strip",GZ,http://english.sina.com/world/m/2021-11-26/detail-ikyakumx0477883.shtml
20211126,1016277299,20211126,HAMAS,PSE,ISRAEL,ISR,194,포병·전차를 이용한 전투,19,4,-10.0,1,1,1,-7.65765765765766,"Dimona, HaDarom, Israel",IS,https://worldcrunch.com/world-affairs/is-iran-behind-the-outbreak-of-israeli-palestinian-violence
20211126,1016277300,20211126,HAMAS,PSE,ISRAEL,ISR,194,포병·전차를 이용한 전투,19,4,-10.0,1,1,1,-7.65765765765766,"Tehran, Tehran, Iran",IR,https://worldcrunch.com/world-affairs/is-iran-behind-the-outbreak-of-israeli-palestinian-violence
20211126,1016279602,20211126,MAHMOUD ABBAS,PSE,ISRAEL,ISR,190,재래식 군사력 사용,19,4,-10.0,2,1,2,-5.75757575757575,Israel,IS,https://www.timesofisrael.com/as-unrest-in-west-banks-jenin-rises-governor-vows-to-restore-order/
20211126,1016283623,20211126,IRAQ,IRQ,JORDAN,JOR,190,재래식 군사력 사용,19,4,-10.0,3,1,3,-1.57728706624605,Iraq,IZ,https://www.laineygossip.com/steady-solid-couple-lori-harvey-michael-b-jordan-spent-thanksgiving-with-loris-family-second-year-in-row/69875
20211126,1016283624,20211126,IRAQ,IRQ,JORDAN,JOR,190,재래식 군사력 사용,19,4,-10.0,1,1,1,-1.57728706624605,Iraq,IZ,https://www.laineygossip.com/steady-solid-couple-lori-harvey-michael-b-jordan-spent-thanksgiving-with-loris-family-second-year-in-row/69875
20211126,1016283670,20211126,JORDAN,JOR,IRAQ,IRQ,190,재래식 군사력 사용,19,4,-10.0,6,1,6,-1.57728706624605,Iraq,IZ,https://www.laineygossip.com/steady-solid-couple-lori-harvey-michael-b-jordan-spent-thanksgiving-with-loris-family-second-year-in-row/69875
20211126,1016283671,20211126,JORDAN,JOR,IRAQ,IRQ,190,재래식 군사력 사용,19,4,-10.0,2,1,2,-1.57728706624605,Iraq,IZ,https://www.laineygossip.com/steady-solid-couple-lori-harvey-michael-b-jordan-spent-thanksgiving-with-loris-family-second-year-in-row/69875
20211126,1016288599,20211126,SAUDI,SAU,YEMEN,YEM,190,재래식 군사력 사용,19,4,-10.0,21,3,21,-3.96399275593906,"Riyadh, Ar Riya?, Saudi Arabia",SA,https://www.tasnimnews.com/en/news/2021/11/26/2615082/yemeni-forces-make-gain-on-southern-gates-of-ma-rib
20211126,1016288600,20211126,SAUDI,SAU,YEMEN,YEM,190,재래식 군사력 사용,19,4,-10.0,3,3,3,-3.96399275593906,"Riyadh, Ar Riya?, Saudi Arabia",SA,https://www.tasnimnews.com/en/news/2021/11/26/2615082/yemeni-forces-make-gain-on-southern-gates-of-ma-rib
20211126,1016301376,20211126,WEST BANK,PSE,ISRAELI,ISR,190,재래식 군사력 사용,19,4,-10.0,2,1,2,-4.48430493273542,"Jerusalem, Israel (general), Israel",IS,http://english.wafa.ps/Pages/Details/126973
20211126,1016301379,20211126,PALESTINIAN,PSE,ISRAELI,ISR,193,소형무기·경무기를 이용한 전투,19,4,-10.0,10,1,10,-5.90809628008753,"Jerusalem, Israel (general), Israel",IS,https://www.algemeiner.com/2021/11/26/politico-israel-alone-standing-in-way-of-balanced-us-mideast-policy/
20211126,1016304995,20211126,IRAN,IRN,SYRIA,SYR,190,재래식 군사력 사용,19,4,-10.0,8,1,8,-0.31779661016949,"Tehran, Tehran, Iran",IR,https://www.ynetnews.com/article/hj5l7ksdk
20211126,1016305339,20211126,SYRIAN,SYR,TURKEY,TUR,152,군 경계태세 강화,15,4,-7.2,2,1,2,-3.528670447385,Turkey,TU,https://nationalinterest.org/feature/syrian-kurdish-commander-says-biden-can-advance-peace-turkey-196840
20211126,1016319786,20211126,ISRAEL,ISR,PALESTINIAN,PSE,190,재래식 군사력 사용,19,4,-10.0,6,1,6,-11.2426035502958,"Beit Dajan, HaMerkaz, Israel",IS,https://www.presstv.ir/Detail/2021/11/26/671436/At-least-135-Palestinian-injured-by-Israeli-forces-in-Nablus
20211126,1016319787,20211126,ISRAEL,ISR,PALESTINIAN,PSE,190,재래식 군사력 사용,19,4,-10.0,2,1,2,-11.2426035502958,"Kafr Qaddum, West Bank (general), West Bank",WE,https://www.presstv.ir/Detail/2021/11/26/671436/At-least-135-Palestinian-injured-by-Israeli-forces-in-Nablus
20211127,1016341351,20211127,SAUDI,SAU,YEMEN,YEM,190,재래식 군사력 사용,19,4,-10.0,14,2,14,-3.80313199105145,"Riyadh, Ar Riya?, Saudi Arabia",SA,https://www.iranherald.com/news/271812521/yemeni-forces-make-gain-on-southern-gates-of-marib
20211127,1016341352,20211127,SAUDI,SAU,YEMEN,YEM,190,재래식 군사력 사용,19,4,-10.0,2,2,2,-3.80313199105145,"Riyadh, Ar Riya?, Saudi Arabia",SA,https://www.iranherald.com/news/271812521/yemeni-forces-make-gain-on-southern-gates-of-marib
20211127,1016352699,20211127,RIYADH,SAU,YEMEN,YEM,190,재래식 군사력 사용,19,4,-10.0,20,2,20,-4.6875,"Riyadh, Ar Riya?, Saudi Arabia",SA,https://www.arabnews.com/node/1976201/middle-east
20211127,1016362305,20211127,ISRAEL,ISR,PALESTINIAN,PSE,190,재래식 군사력 사용,19,4,-10.0,6,2,6,-0.5701615457713,"Gaza, Israel (general), Israel",IS,https://www.msn.com/en-ae/news/middleeast/girl-injured-in-gaza-war-returns-home-after-treatment-in-jordan/ar-AARbpPt
20211127,1016368498,20211127,IRAQ,IRQ,JERUSALEM,ISR,190,재래식 군사력 사용,19,4,-10.0,4,1,4,-1.62213740458015,"Jerusalem, Israel (general), Israel",IS,https://jewishlink.news/features/47248-a-rabbi-named-esav-also-an-edomite-named-yaakov
20211127,1016368501,20211127,JERUSALEM,ISR,IRAQ,IRQ,190,재래식 군사력 사용,19,4,-10.0,4,1,4,-1.62213740458015,"Jerusalem, Israel (general), Israel",IS,https://jewishlink.news/features/47248-a-rabbi-named-esav-also-an-edomite-named-yaakov
20211127,1016383081,20211127,TURKISH,TUR,SYRIAN,SYR,190,재래식 군사력 사용,19,4,-10.0,8,1,8,-1.58730158730159,Syria,SY,https://menafn.com/1103259197/Turkish-warrior-murdered-neighboring-Syrian-frontier
20211127,1016386339,20211127,IRAN,IRN,IRAQ,IRQ,194,포병·전차를 이용한 전투,19,4,-10.0,10,1,10,-0.56338028169014,"Tehran, Tehran, Iran",IR,https://www.debka.com/us-centcom-chief-iran-closer-than-ever-to-a-nuclear-weapon/
20211127,1016391294,20211127,ISRAEL,ISR,IRAN,IRN,190,재래식 군사력 사용,19,4,-10.0,2,1,2,-5.69840166782488,"Tehran, Tehran, Iran",IR,https://www.nytimes.com/2021/11/27/world/middleeast/iran-israel-cyber-hack.html
20211127,1016403207,20211127,WEST BANK,PSE,ISRAEL,ISR,193,소형무기·경무기를 이용한 전투,19,4,-10.0,8,1,8,2.36486486486487,"Beilinson, HaMerkaz, Israel",IS,https://www.timesofisrael.com/palestinian-child-seriously-hurt-in-west-bank-crash-taken-to-israeli-hospital/
20211127,1016409778,20211127,JERUSALEM,ISR,PALESTINIAN,PSE,192,영토 점령,19,4,-9.5,10,1,10,-1.001001001001,"Jerusalem, Israel (general), Israel",IS,https://www.middleeastmonitor.com/20211127-the-unfair-and-illegal-partition-of-palestine-turns-74/
20211127,1016409789,20211127,HASSAN,JOR,TEHRAN,IRN,163,금수·보이콧·제재 부과,16,4,-8.0,4,1,4,-2.72350503256365,"Tehran, Tehran, Iran",IR,https://www.middleeasteye.net/news/covid-iran-vaccine-travel-abroad-poor-wait
20211127,1016416635,20211127,HAMAS,PSE,JERUSALEM,ISR,190,재래식 군사력 사용,19,4,-10.0,5,1,5,-2.80373831775701,"Jerusalem, Israel (general), Israel",IS,https://www.haaretz.com/israel-news/.premium.HIGHLIGHT-preoccupied-with-iran-and-gaza-israel-shouldn-t-ignore-dramatic-shift-in-west-bank-1.10417284
20211127,1016416665,20211127,SAUDI ARABIA,SAU,YEMEN,YEM,193,소형무기·경무기를 이용한 전투,19,4,-10.0,2,1,2,-5.36912751677852,"Riyadh, Ar Riya?, Saudi Arabia",SA,https://www.presstv.ir/Detail/2021/11/27/671474/Fresh-Saudi-led-strikes-hit-Yemen-as-Riyadh-growing-desperate-to-end-war
20211127,1016416666,20211127,SAUDI,SAU,YEMEN,YEM,193,소형무기·경무기를 이용한 전투,19,4,-10.0,6,1,6,-5.36912751677852,"Jubah, Taizz, Yemen",YM,https://www.presstv.ir/Detail/2021/11/27/671474/Fresh-Saudi-led-strikes-hit-Yemen-as-Riyadh-growing-desperate-to-end-war
20211127,1016416667,20211127,SAUDI,SAU,YEMEN,YEM,195,공중무기 사용,19,4,-10.0,6,1,6,-5.36912751677852,"Riyadh, Ar Riya?, Saudi Arabia",SA,https://www.presstv.ir/Detail/2021/11/27/671474/Fresh-Saudi-led-strikes-hit-Yemen-as-Riyadh-growing-desperate-to-end-war
20211127,1016416668,20211127,SAUDI,SAU,YEMENI,YEM,195,공중무기 사용,19,4,-10.0,10,1,10,-5.36912751677852,United States,US,https://www.presstv.ir/Detail/2021/11/27/671474/Fresh-Saudi-led-strikes-hit-Yemen-as-Riyadh-growing-desperate-to-end-war
20211127,1016416810,20211127,YEMEN,YEM,SAUDI ARABIA,SAU,193,소형무기·경무기를 이용한 전투,19,4,-10.0,2,1,2,-5.36912751677852,"Riyadh, Ar Riya?, Saudi Arabia",SA,https://www.presstv.ir/Detail/2021/11/27/671474/Fresh-Saudi-led-strikes-hit-Yemen-as-Riyadh-growing-desperate-to-end-war
20211127,1016416811,20211127,YEMEN,YEM,SAUDI,SAU,193,소형무기·경무기를 이용한 전투,19,4,-10.0,6,1,6,-5.36912751677852,"Jubah, Taizz, Yemen",YM,https://www.presstv.ir/Detail/2021/11/27/671474/Fresh-Saudi-led-strikes-hit-Yemen-as-Riyadh-growing-desperate-to-end-war
20211127,1016427934,20211127,YEMEN,YEM,RIYADH,SAU,190,재래식 군사력 사용,19,4,-10.0,8,1,8,-7.40740740740741,"Marib, Ma'rib, Yemen",YM,https://www.arabnews.com/node/1976346/middle-east
20211127,1016427935,20211127,YEMEN,YEM,SAUDI ARABIA,SAU,190,재래식 군사력 사용,19,4,-10.0,2,1,2,-7.40740740740741,"Marib, Ma'rib, Yemen",YM,https://www.arabnews.com/node/1976346/middle-east
20211127,1016428397,20211120,JERUSALEM,ISR,PALESTINIAN,PSE,190,재래식 군사력 사용,19,4,-10.0,8,1,8,-4.77611940298508,"Jerusalem, Israel (general), Israel",IS,https://www.ynetnews.com/magazine/article/hynynhcuk
20211127,1016428740,20211127,ISRAEL,ISR,HAMAS,PSE,190,재래식 군사력 사용,19,4,-10.0,10,1,10,-4.77611940298508,"Jerusalem, Israel (general), Israel",IS,https://www.ynetnews.com/magazine/article/hynynhcuk
20211127,1016428879,20211127,GAZA,PSE,ISRAEL,ISR,190,재래식 군사력 사용,19,4,-10.0,2,1,2,-4.77611940298508,"Gaza, Israel (general), Israel",IS,https://www.ynetnews.com/magazine/article/hynynhcuk
20211127,1016428887,20211127,HAMAS,PSE,ISRAEL,ISR,190,재래식 군사력 사용,19,4,-10.0,10,1,10,-4.77611940298508,"Jerusalem, Israel (general), Israel",IS,https://www.ynetnews.com/magazine/article/hynynhcuk
20211127,1016437838,20211127,SAUDI ARABIA,SAU,YEMEN,YEM,190,재래식 군사력 사용,19,4,-10.0,2,1,2,-10.3343465045593,"Marib, Ma'rib, Yemen",YM,http://jordantimes.com/news/region/un-urges-yemen-warring-parties-de-escalate-violence
20211127,1016437948,20211127,YEMEN,YEM,SAUDI ARABIA,SAU,190,재래식 군사력 사용,19,4,-10.0,2,1,2,-10.3343465045593,"Hodeida, Al ?udaydah, Yemen",YM,http://jordantimes.com/news/region/un-urges-yemen-warring-parties-de-escalate-violence
20211127,1016438861,20211127,SAUDI,SAU,YEMEN,YEM,195,공중무기 사용,19,4,-10.0,7,1,7,-5.71428571428571,"Riyadh, Ar Riya?, Saudi Arabia",SA,https://www.kuna.net.kw/ArticleDetails.aspx?id=3012148&Language=en
20211128,1016460558,20211128,TURKEY,TUR,ISRAEL,ISR,190,재래식 군사력 사용,19,4,-10.0,1,1,1,-2.86168521462639,Israel,IS,https://nationalinterest.org/blog/reboot/flying-kalashnikov-russias-new-drone-has-ukraine-worried-196841
20211128,1016460559,20211128,TURKEY,TUR,ISRAEL,ISR,190,재래식 군사력 사용,19,4,-10.0,1,1,1,-2.86168521462639,Israel,IS,https://nationalinterest.org/blog/reboot/flying-kalashnikov-russias-new-drone-has-ukraine-worried-196841
20211128,1016462500,20211128,GAZA,PSE,ISRAEL,ISR,163,금수·보이콧·제재 부과,16,4,-8.0,3,1,3,-3.36658354114713,"Jerusalem, Israel (general), Israel",IS,https://www.haaretz.com/opinion/.premium-his-daughters-were-killed-by-the-idf-it-s-time-he-takes-israel-to-the-hague-1.10420391
20211128,1016462501,20211128,GAZA,PSE,ISRAEL,ISR,163,금수·보이콧·제재 부과,16,4,-8.0,3,1,3,-3.36658354114713,"Gaza, Israel (general), Israel",IS,https://www.haaretz.com/opinion/.premium-his-daughters-were-killed-by-the-idf-it-s-time-he-takes-israel-to-the-hague-1.10420391
20211128,1016462502,20211128,GAZA,PSE,ISRAEL,ISR,190,재래식 군사력 사용,19,4,-10.0,4,1,4,-3.36658354114713,"Gaza, Israel (general), Israel",IS,https://www.haaretz.com/opinion/.premium-his-daughters-were-killed-by-the-idf-it-s-time-he-takes-israel-to-the-hague-1.10420391
20211128,1016470449,20211128,SAUDI ARABIA,SAU,YEMEN,YEM,190,재래식 군사력 사용,19,4,-10.0,4,1,4,-10.1796407185629,"Marib, Ma'rib, Yemen",YM,https://menafn.com/1103262341/UK-UN-urges-Yemen-warring-parties-to-de-escalate-violence&source=138
20211128,1016470590,20211128,YEMEN,YEM,SAUDI ARABIA,SAU,190,재래식 군사력 사용,19,4,-10.0,4,1,4,-10.1796407185629,"Hodeida, Al ?udaydah, Yemen",YM,https://menafn.com/1103262341/UK-UN-urges-Yemen-warring-parties-to-de-escalate-violence&source=138
20211128,1016472816,20211128,ISRAELI,ISR,GAZA,PSE,192,영토 점령,19,4,-9.5,2,1,2,-4.24028268551237,"Gaza, Israel (general), Israel",IS,https://www.jwire.com.au/aijac-hosts-dr-jonathan-schanzer-talking-on-this-years-gaza-conflict/
20211128,1016472825,20211128,JORDAN,JOR,IRAQ,IRQ,190,재래식 군사력 사용,19,4,-10.0,5,1,5,-1.49253731343283,Iraq,IZ,https://menafn.com/1103262126/Jordan-Iraq-No-combat-foreign-forces-in-country-by-years-end
20211128,1016482865,20211128,IRAQ,IRQ,KURDISTAN,IRN,190,재래식 군사력 사용,19,4,-10.0,6,1,6,-9.21305182341651,"Kurdistan, Khuzestan, Iran",IR,https://www.kurdistan24.net/en/story/26395-Late-night-ISIS-attack-in-disputed-territory-of-Diyala-province-kills-5-Peshmerga-fighters
20211128,1016482866,20211128,IRAQ,IRQ,IRAN,IRN,190,재래식 군사력 사용,19,4,-10.0,12,1,12,-9.21305182341651,"Kurdistan, Khuzestan, Iran",IR,https://www.kurdistan24.net/en/story/26395-Late-night-ISIS-attack-in-disputed-territory-of-Diyala-province-kills-5-Peshmerga-fighters
20211128,1016483783,20211128,ISRAEL,ISR,PALESTINIAN,PSE,190,재래식 군사력 사용,19,4,-10.0,2,1,2,-5.61122244488978,"Gaza, Israel (general), Israel",IS,https://newsbusters.org/blogs/culture/alexa-moutevelis/2015/12/07/abcs-quantico-exposes-hamas-using-civilians-human-shields
20211128,1016488803,20211128,ISRAEL,ISR,HAMAS,PSE,193,소형무기·경무기를 이용한 전투,19,4,-10.0,1,1,1,-4.79539641943734,Egypt,EG,https://www.nytimes.com/2021/05/20/world/middleeast/israel-gaza-ceasefire.html
20211128,1016488804,20211128,ISRAEL,ISR,HAMAS,PSE,193,소형무기·경무기를 이용한 전투,19,4,-10.0,1,1,1,-4.79539641943734,Egypt,EG,https://www.nytimes.com/2021/05/20/world/middleeast/israel-gaza-ceasefire.html
20211128,1016488805,20211128,ISRAEL,ISR,GAZA,PSE,190,재래식 군사력 사용,19,4,-10.0,2,1,2,-2.76119402985075,"Gaza, Israel (general), Israel",IS,https://www.nytimes.com/2021/07/01/world/middleeast/israel-settler-deal-bennett.html
20211128,1016488982,20211128,PALESTINIAN,PSE,ISRAELI,ISR,190,재래식 군사력 사용,19,4,-10.0,2,1,2,-6.56192236598891,"Jerusalem, Israel (general), Israel",IS,https://www.aljazeera.com/opinions/2021/6/2/why-israel-is-angry
20211128,1016488983,20211128,GAZA,PSE,ISRAELI,ISR,194,포병·전차를 이용한 전투,19,4,-10.0,2,1,2,-4.79539641943734,"Jerusalem, Israel (general), Israel",IS,https://www.nytimes.com/2021/05/20/world/middleeast/israel-gaza-ceasefire.html
20211128,1016488984,20211128,GAZA,PSE,ISRAELI,ISR,194,포병·전차를 이용한 전투,19,4,-10.0,1,1,1,-4.79539641943734,West Bank,WE,https://www.nytimes.com/2021/05/20/world/middleeast/israel-gaza-ceasefire.html
20211128,1016488985,20211128,GAZA,PSE,ISRAELI,ISR,194,포병·전차를 이용한 전투,19,4,-10.0,1,1,1,-4.79539641943734,"Jerusalem, Israel (general), Israel",IS,https://www.nytimes.com/2021/05/20/world/middleeast/israel-gaza-ceasefire.html
20211128,1016488986,20211128,GAZA,PSE,TEL AVIV,ISR,194,포병·전차를 이용한 전투,19,4,-10.0,3,1,3,-8.64553314121037,"Gaza, Israel (general), Israel",IS,https://www.nytimes.com/live/2021/05/12/world/israel-jerusalem-gaza
20211128,1016488987,20211128,GAZA,PSE,TEL AVIV,ISR,194,포병·전차를 이용한 전투,19,4,-10.0,1,1,1,-8.64553314121037,"Gaza, Israel (general), Israel",IS,https://www.nytimes.com/live/2021/05/12/world/israel-jerusalem-gaza
20211128,1016489005,20211128,HAMAS,PSE,ISRAEL,ISR,190,재래식 군사력 사용,19,4,-10.0,4,1,4,-2.38095238095238,"Gaza, Israel (general), Israel",IS,https://www.latimes.com/opinion/story/2021-06-13/israel-prime-minister-benjamin-netanyahu-naftali-bennett-yair-lapid
20211128,1016489006,20211128,HAMAS,PSE,ISRAEL,ISR,193,소형무기·경무기를 이용한 전투,19,4,-10.0,1,1,1,-4.79539641943734,Egypt,EG,https://www.nytimes.com/2021/05/20/world/middleeast/israel-gaza-ceasefire.html
20211128,1016489007,20211128,HAMAS,PSE,ISRAEL,ISR,193,소형무기·경무기를 이용한 전투,19,4,-10.0,1,1,1,-4.79539641943734,Egypt,EG,https://www.nytimes.com/2021/05/20/world/middleeast/israel-gaza-ceasefire.html
20211128,1016489013,20211128,GAZA,PSE,ISRAEL,ISR,190,재래식 군사력 사용,19,4,-10.0,2,1,2,-2.76119402985075,"Beirut, Beyrouth, Lebanon",LE,https://www.nytimes.com/2021/07/01/world/middleeast/israel-settler-deal-bennett.html
20211128,1016497216,20211128,SYRIA,SYR,BEIRUT,LBN,190,재래식 군사력 사용,19,4,-10.0,3,1,3,-10.5633802816901,"Minbej, ?alab, Syria",SY,https://www.urdupoint.com/en/miscellaneous/syrian-kurdish-authorities-say-3-civilians-ki-1412375.html
20211128,1016500057,20211128,ISRAEL,ISR,PALESTINIAN,PSE,194,포병·전차를 이용한 전투,19,4,-10.0,1,1,1,-4.57424349049965,"Sheikh Jarrah, Yerushalayim, Israel",IS,https://www.middleeasteye.net/news/gaza-palestine-farmers-climate-crisis-occupation-suffer
20211128,1016500058,20211128,ISRAEL,ISR,PALESTINIAN,PSE,194,포병·전차를 이용한 전투,19,4,-10.0,1,1,1,-4.57424349049965,"Gaza, Israel (general), Israel",IS,https://www.middleeasteye.net/news/gaza-palestine-farmers-climate-crisis-occupation-suffer
20211128,1016500059,20211128,ISRAEL,ISR,PALESTINIAN,PSE,195,공중무기 사용,19,4,-10.0,1,1,1,-4.57424349049965,"Sheikh Jarrah, Yerushalayim, Israel",IS,https://www.middleeasteye.net/news/gaza-palestine-farmers-climate-crisis-occupation-suffer
20211128,1016500060,20211128,ISRAEL,ISR,PALESTINIAN,PSE,195,공중무기 사용,19,4,-10.0,1,1,1,-4.57424349049965,"Gaza, Israel (general), Israel",IS,https://www.middleeasteye.net/news/gaza-palestine-farmers-climate-crisis-occupation-suffer
20211128,1016500061,20211128,ISRAEL,ISR,PALESTINIAN,PSE,194,포병·전차를 이용한 전투,19,4,-10.0,1,1,1,-4.57424349049965,"Sheikh Jarrah, Yerushalayim, Israel",IS,https://www.middleeasteye.net/news/gaza-palestine-farmers-climate-crisis-occupation-suffer
20211128,1016500062,20211128,ISRAEL,ISR,PALESTINIAN,PSE,195,공중무기 사용,19,4,-10.0,1,1,1,-4.57424349049965,"Sheikh Jarrah, Yerushalayim, Israel",IS,https://www.middleeasteye.net/news/gaza-palestine-farmers-climate-crisis-occupation-suffer
20211128,1016501907,20211128,IRANIAN,IRN,ISRAELI,ISR,138,군사력 사용 위협,13,3,-7.0,8,1,8,-4.97076023391813,"Nairobi, Nairobi Area, Kenya",KE,https://www.jpost.com/breaking-news/iranian-arrested-in-kenya-for-planning-attacks-against-israeli-targets-687206
20211128,1016503295,20211128,GAZA,PSE,ISRAELI,ISR,191,봉쇄·이동 제한,19,4,-9.5,6,1,6,-5.26870389884088,"Gaza, Israel (general), Israel",IS,https://www.republicworld.com/world-news/rest-of-the-world-news/gaza-blockade-from-limited-aid-to-contracting-economy-glimpse-at-humanitarian-impact.html
20211128,1016505790,20211128,ISRAELI,ISR,IRANIAN,IRN,190,재래식 군사력 사용,19,4,-10.0,2,1,2,-3.13725490196078,"Tehran, Tehran, Iran",IR,https://www.haaretz.com/israel-news/kenya-uncovers-plans-by-iranian-agent-to-attack-israeli-targets-local-media-report-1.10421489
20211128,1016505791,20211128,ISRAELI,ISR,IRANIAN,IRN,190,재래식 군사력 사용,19,4,-10.0,1,1,1,-3.13725490196078,"Tehran, Tehran, Iran",IR,https://www.haaretz.com/israel-news/kenya-uncovers-plans-by-iranian-agent-to-attack-israeli-targets-local-media-report-1.10421489
20211128,1016505792,20211128,ISRAELI,ISR,IRANIAN,IRN,190,재래식 군사력 사용,19,4,-10.0,19,4,19,-2.92158892976756,Israel,IS,https://www.haaretz.com/israel-news/kenya-uncovers-plans-by-iranian-agent-to-attack-israeli-targets-local-media-report-1.10421489
20211128,1016505800,20211128,ISRAELI,ISR,IRANIAN,IRN,190,재래식 군사력 사용,19,4,-10.0,2,1,2,-3.13725490196078,"Tehran, Tehran, Iran",IR,https://www.haaretz.com/israel-news/kenya-uncovers-plans-by-iranian-agent-to-attack-israeli-targets-local-media-report-1.10421489
20211128,1016505801,20211128,ISRAEL,ISR,IRAN,IRN,190,재래식 군사력 사용,19,4,-10.0,1,1,1,-3.13725490196078,"Tehran, Tehran, Iran",IR,https://www.haaretz.com/israel-news/kenya-uncovers-plans-by-iranian-agent-to-attack-israeli-targets-local-media-report-1.10421489
20211128,1016505802,20211128,ISRAELI,ISR,IRANIAN,IRN,190,재래식 군사력 사용,19,4,-10.0,3,1,3,-3.13725490196078,Israel,IS,https://www.haaretz.com/israel-news/kenya-uncovers-plans-by-iranian-agent-to-attack-israeli-targets-local-media-report-1.10421489
20211128,1016514877,20211128,ISRAELI,ISR,GAZA,PSE,190,재래식 군사력 사용,19,4,-10.0,3,1,3,-5.65552699228791,"Gaza City, Israel (general), Israel",IS,https://www.middleeasteye.net/news/gaza-israel-water-pollution-slow-poisoning-population
20211128,1016519759,20211128,ISRAELI,ISR,IRAN,IRN,190,재래식 군사력 사용,19,4,-10.0,1,1,1,-3.63636363636364,"Tehran, Tehran, Iran",IR,https://eaworldview.com/2021/11/nuclear-talks-iran-israel/
20211128,1016519760,20211128,ISRAELI,ISR,IRAN,IRN,190,재래식 군사력 사용,19,4,-10.0,1,1,1,-3.63636363636364,Iran,IR,https://eaworldview.com/2021/11/nuclear-talks-iran-israel/
20211128,1016519761,20211128,ISRAEL,ISR,IRAN,IRN,190,재래식 군사력 사용,19,4,-10.0,10,2,10,-4.23147498022797,Iran,IR,https://english.aawsat.com/home/article/3329911/report-israel-iran-broaden-cyberwar-attack-civilian-targets
20211128,1016519762,20211128,ISRAEL,ISR,IRAN,IRN,190,재래식 군사력 사용,19,4,-10.0,4,1,4,-6.55021834061136,Israel,IS,https://english.aawsat.com/home/article/3329911/report-israel-iran-broaden-cyberwar-attack-civilian-targets
20211128,1016521117,20211128,ISRAEL,ISR,GAZA,PSE,195,공중무기 사용,19,4,-10.0,4,1,4,-7.64705882352941,Gaza Strip,GZ,http://idrw.org/ai-powered-drone-new-tool-of-warfare/
20211128,1016521129,20211128,ISRAEL,ISR,GAZA,PSE,190,재래식 군사력 사용,19,4,-10.0,1,1,1,-7.64705882352941,Gaza Strip,GZ,http://idrw.org/ai-powered-drone-new-tool-of-warfare/
20211128,1016521301,20211128,GAZA,PSE,ISRAEL,ISR,190,재래식 군사력 사용,19,4,-10.0,1,1,1,-7.64705882352941,"Gaza, Israel (general), Israel",IS,http://idrw.org/ai-powered-drone-new-tool-of-warfare/
20211128,1016529187,20211128,ISRAEL,ISR,WEST BANK,PSE,190,재래식 군사력 사용,19,4,-10.0,2,1,2,-7.91537913002139,"Jerusalem, Israel (general), Israel",IS,"http://aljazeerah.info/News/2021/November/28%20n/Israeli%20Occupation%20Regime%20Soldiers,%20Injure,%20Abduct%20Dozens%20of%20Palestinians,%20Continue%20House%20Demolition,%20November%2028,%202021.htm"
20211128,1016529188,20211128,ISRAEL,ISR,WEST BANK,PSE,192,영토 점령,19,4,-9.5,4,1,4,-7.91537913002139,"Jerusalem, Israel (general), Israel",IS,"http://aljazeerah.info/News/2021/November/28%20n/Israeli%20Occupation%20Regime%20Soldiers,%20Injure,%20Abduct%20Dozens%20of%20Palestinians,%20Continue%20House%20Demolition,%20November%2028,%202021.htm"
20211128,1016529190,20211128,ISRAEL,ISR,WEST BANK,PSE,190,재래식 군사력 사용,19,4,-10.0,2,1,2,-7.91537913002139,"Jerusalem, Israel (general), Israel",IS,"http://aljazeerah.info/News/2021/November/28%20n/Israeli%20Occupation%20Regime%20Soldiers,%20Injure,%20Abduct%20Dozens%20of%20Palestinians,%20Continue%20House%20Demolition,%20November%2028,%202021.htm"
20211128,1016529383,20211128,WEST BANK,PSE,ISRAEL,ISR,190,재래식 군사력 사용,19,4,-10.0,4,1,4,-7.91537913002139,"Beit Dajan, HaMerkaz, Israel",IS,"http://aljazeerah.info/News/2021/November/28%20n/Israeli%20Occupation%20Regime%20Soldiers,%20Injure,%20Abduct%20Dozens%20of%20Palestinians,%20Continue%20House%20Demolition,%20November%2028,%202021.htm"
20211128,1016529384,20211128,PALESTINIAN,PSE,ISRAEL,ISR,190,재래식 군사력 사용,19,4,-10.0,2,1,2,-7.91537913002139,"Ramallah, West Bank (general), West Bank",WE,"http://aljazeerah.info/News/2021/November/28%20n/Israeli%20Occupation%20Regime%20Soldiers,%20Injure,%20Abduct%20Dozens%20of%20Palestinians,%20Continue%20House%20Demolition,%20November%2028,%202021.htm"
20211128,1016529385,20211128,PALESTINIAN,PSE,ISRAEL,ISR,190,재래식 군사력 사용,19,4,-10.0,2,1,2,-7.91537913002139,"Ramallah, West Bank (general), West Bank",WE,"http://aljazeerah.info/News/2021/November/28%20n/Israeli%20Occupation%20Regime%20Soldiers,%20Injure,%20Abduct%20Dozens%20of%20Palestinians,%20Continue%20House%20Demolition,%20November%2028,%202021.htm"
20211128,1016529386,20211128,WEST BANK,PSE,ISRAEL,ISR,193,소형무기·경무기를 이용한 전투,19,4,-10.0,2,1,2,-7.91537913002139,"Nablus, West Bank (general), West Bank",WE,"http://aljazeerah.info/News/2021/November/28%20n/Israeli%20Occupation%20Regime%20Soldiers,%20Injure,%20Abduct%20Dozens%20of%20Palestinians,%20Continue%20House%20Demolition,%20November%2028,%202021.htm"
20211128,1016529387,20211128,GAZA,PSE,ISRAEL,ISR,193,소형무기·경무기를 이용한 전투,19,4,-10.0,4,1,4,-7.91537913002139,"Gaza, Israel (general), Israel",IS,"http://aljazeerah.info/News/2021/November/28%20n/Israeli%20Occupation%20Regime%20Soldiers,%20Injure,%20Abduct%20Dozens%20of%20Palestinians,%20Continue%20House%20Demolition,%20November%2028,%202021.htm"
20211128,1016531632,20211128,PALESTINIAN,PSE,ISRAELI,ISR,193,소형무기·경무기를 이용한 전투,19,4,-10.0,10,1,10,-4.55015511892451,"Jerusalem, Israel (general), Israel",IS,https://unitedwithisrael.org/politico-israel-alone-standing-in-way-of-balanced-us-mideast-policy/
20211128,1016534429,20211128,WEST BANK,PSE,ISRAEL,ISR,192,영토 점령,19,4,-9.5,2,1,2,-3.15876974231089,"Hebron, Israel (general), Israel",IS,https://www.timesofisrael.com/lighting-candle-at-hebron-shrine-herzog-says-jewish-connection-is-unquestionable/
20211128,1016536160,20211128,JERUSALEM,ISR,WEST BANK,PSE,193,소형무기·경무기를 이용한 전투,19,4,-10.0,8,1,8,-7.04697986577182,"Hizma, West Bank (general), West Bank",WE,https://www.timesofisrael.com/israeli-bus-driver-injured-by-rocks-near-west-bank-checkpoint-near-jerusalem/
20211128,1016536161,20211128,JERUSALEM,ISR,WEST BANK,PSE,193,소형무기·경무기를 이용한 전투,19,4,-10.0,2,1,2,-7.04697986577182,"Jerusalem, Israel (general), Israel",IS,https://www.timesofisrael.com/israeli-bus-driver-injured-by-rocks-near-west-bank-checkpoint-near-jerusalem/
20211128,1016537590,20211128,PALESTINIAN,PSE,ISRAEL,ISR,190,재래식 군사력 사용,19,4,-10.0,4,2,4,-4.5769643336015,"Hebron, Israel (general), Israel",IS,https://www.jpost.com/opinion/jewish-teens-gather-to-learn-zionism-and-pride-opinion-687243
20211128,1016537638,20211128,SAUDI ARABIAN,SAU,YEMEN,YEM,190,재래식 군사력 사용,19,4,-10.0,2,1,2,-3.36300692383779,"Beirut, Beyrouth, Lebanon",LE,https://www.isracast.com/former-mossad-chief-yossi-cohen-warns-that-israel-must-have-a-military-response-on-the-table-as-the-u-s-resumes-nuclear-weapons-talks-with-iran/
20211128,1016537639,20211128,SAUDI ARABIAN,SAU,YEMEN,YEM,190,재래식 군사력 사용,19,4,-10.0,2,1,2,-3.36300692383779,Saudi Arabia,SA,https://www.isracast.com/former-mossad-chief-yossi-cohen-warns-that-israel-must-have-a-military-response-on-the-table-as-the-u-s-resumes-nuclear-weapons-talks-with-iran/
20211128,1016537646,20211128,SAUDI ARABIA,SAU,YEMEN,YEM,190,재래식 군사력 사용,19,4,-10.0,1,1,1,-3.36300692383779,"Tehran, Tehran, Iran",IR,https://www.isracast.com/former-mossad-chief-yossi-cohen-warns-that-israel-must-have-a-military-response-on-the-table-as-the-u-s-resumes-nuclear-weapons-talks-with-iran/
20211128,1016537647,20211128,SAUDI ARABIAN,SAU,YEMEN,YEM,190,재래식 군사력 사용,19,4,-10.0,2,1,2,-3.36300692383779,Saudi Arabia,SA,https://www.isracast.com/former-mossad-chief-yossi-cohen-warns-that-israel-must-have-a-military-response-on-the-table-as-the-u-s-resumes-nuclear-weapons-talks-with-iran/
20211128,1016537791,20211128,YEMEN,YEM,SAUDI ARABIAN,SAU,190,재래식 군사력 사용,19,4,-10.0,2,1,2,-3.36300692383779,"Beirut, Beyrouth, Lebanon",LE,https://www.isracast.com/former-mossad-chief-yossi-cohen-warns-that-israel-must-have-a-military-response-on-the-table-as-the-u-s-resumes-nuclear-weapons-talks-with-iran/
20211128,1016537792,20211128,YEMEN,YEM,SAUDI ARABIAN,SAU,190,재래식 군사력 사용,19,4,-10.0,2,1,2,-3.36300692383779,Saudi Arabia,SA,https://www.isracast.com/former-mossad-chief-yossi-cohen-warns-that-israel-must-have-a-military-response-on-the-table-as-the-u-s-resumes-nuclear-weapons-talks-with-iran/
20211128,1016537793,20211128,YEMEN,YEM,SAUDI ARABIA,SAU,190,재래식 군사력 사용,19,4,-10.0,1,1,1,-3.36300692383779,"Tehran, Tehran, Iran",IR,https://www.isracast.com/former-mossad-chief-yossi-cohen-warns-that-israel-must-have-a-military-response-on-the-table-as-the-u-s-resumes-nuclear-weapons-talks-with-iran/
20211128,1016537794,20211128,YEMEN,YEM,SAUDI ARABIAN,SAU,190,재래식 군사력 사용,19,4,-10.0,2,1,2,-3.36300692383779,Saudi Arabia,SA,https://www.isracast.com/former-mossad-chief-yossi-cohen-warns-that-israel-must-have-a-military-response-on-the-table-as-the-u-s-resumes-nuclear-weapons-talks-with-iran/
20211128,1016538727,20211128,ISRAEL,ISR,PALESTINIAN,PSE,190,재래식 군사력 사용,19,4,-10.0,4,1,4,-6.46950092421442,"Tel Aviv, Tel Aviv, Israel",IS,https://www.presstv.ir/Detail/2021/11/28/671549/Palestine-Hamas-Haniyeh-Israel-prisoners-Gaza-
20211128,1016538867,20211128,GAZA,PSE,TEL AVIV,ISR,191,봉쇄·이동 제한,19,4,-9.5,5,1,5,-6.46950092421442,"Tel Aviv, Tel Aviv, Israel",IS,https://www.presstv.ir/Detail/2021/11/28/671549/Palestine-Hamas-Haniyeh-Israel-prisoners-Gaza-
20211128,1016538868,20211128,GAZA,PSE,ISRAEL,ISR,191,봉쇄·이동 제한,19,4,-9.5,1,1,1,-6.46950092421442,Gaza Strip,GZ,https://www.presstv.ir/Detail/2021/11/28/671549/Palestine-Hamas-Haniyeh-Israel-prisoners-Gaza-
20211128,1016542361,20211128,SYRIAN,SYR,IRAQ,IRQ,192,영토 점령,19,4,-9.5,8,1,8,-3.6697247706422,"Washington, District of Columbia, United States",US,https://sputniknews.com/20211128/us-reportedly-sends-two-military-convoys-to-syria-consisting-of-over-100-vehicles-1091092422.html
20211128,1016542362,20211128,SYRIAN,SYR,SANA,YEM,192,영토 점령,19,4,-9.5,2,1,2,-3.6697247706422,"Washington, District of Columbia, United States",US,https://sputniknews.com/20211128/us-reportedly-sends-two-military-convoys-to-syria-consisting-of-over-100-vehicles-1091092422.html
20211128,1016542901,20211128,IRAN,IRN,IRAQ,IRQ,190,재래식 군사력 사용,19,4,-10.0,8,1,8,-4.59098497495826,"Erbil, Liwa' Irbil, Iraq",IZ,https://www.cnn.com/2021/08/19/opinions/us-forces-in-iraq-barzani/
20211128,1016542902,20211128,IRAN,IRN,IRAQ,IRQ,190,재래식 군사력 사용,19,4,-10.0,2,1,2,-4.59098497495826,"Erbil, Liwa' Irbil, Iraq",IZ,https://www.cnn.com/2021/08/19/opinions/us-forces-in-iraq-barzani/
20211128,1016542917,20211128,ISRAEL,ISR,PALESTINIAN,PSE,190,재래식 군사력 사용,19,4,-10.0,2,1,2,-5.90909090909091,"Hebron, Israel (general), Israel",IS,https://www.kuna.net.kw/ArticleDetails.aspx?id=3012275&Language=en
20211128,1016545561,20211128,SAUDI ARABIA,SAU,LEBANON,LBN,163,금수·보이콧·제재 부과,16,4,-8.0,1,1,1,-3.23886639676113,"Beirut, Beyrouth, Lebanon",LE,https://www.haaretz.com/middle-east-news/.premium-who-will-be-lebanon-s-president-the-commander-of-the-army-or-the-son-in-law-1.10421896
20211128,1016546357,20211128,ISRAEL,ISR,IRAN,IRN,163,금수·보이콧·제재 부과,16,4,-8.0,2,1,2,-4.23042304230423,"Sheikh Jarrah, Yerushalayim, Israel",IS,https://www.thedailystar.net/opinion/closer-look/news/the-time-the-world-act-palestines-favour-now-2905186
20211128,1016546358,20211128,ISRAEL,ISR,IRAN,IRN,163,금수·보이콧·제재 부과,16,4,-8.0,8,1,8,-4.23042304230423,"Sheikh Jarrah, Yerushalayim, Israel",IS,https://www.thedailystar.net/opinion/closer-look/news/the-time-the-world-act-palestines-favour-now-2905186
20211128,1016549649,20211128,ISRAELI,ISR,PALESTINIAN,PSE,193,소형무기·경무기를 이용한 전투,19,4,-10.0,2,1,2,-10.6796116504854,Israel,IS,https://www.jpost.com/breaking-news/palestinian-shot-arrested-amid-clashes-in-bethlehem-report-687253
20211128,1016549654,20211128,ISRAELI,ISR,PALESTINIAN,PSE,193,소형무기·경무기를 이용한 전투,19,4,-10.0,2,1,2,-10.6796116504854,Israel,IS,https://www.jpost.com/breaking-news/palestinian-shot-arrested-amid-clashes-in-bethlehem-report-687253
20211128,1016549770,20211128,PALESTINIAN,PSE,ISRAEL,ISR,193,소형무기·경무기를 이용한 전투,19,4,-10.0,2,1,2,-10.6796116504854,Israel,IS,https://www.jpost.com/breaking-news/palestinian-shot-arrested-amid-clashes-in-bethlehem-report-687253
20211128,1016552573,20211128,YEMEN,YEM,SAUDI ARABIA,SAU,195,공중무기 사용,19,4,-10.0,2,1,2,-3.72208436724566,"Amhara, Amara, Ethiopia",ET,http://www.dailynews.lk/2021/11/29/features/265895/ethiopia-grim-realities-conflict-and-arms-trade
20211128,1016552574,20211128,YEMEN,YEM,SAUDI ARABIA,SAU,195,공중무기 사용,19,4,-10.0,8,1,8,-3.72208436724566,Yemen,YM,http://www.dailynews.lk/2021/11/29/features/265895/ethiopia-grim-realities-conflict-and-arms-trade
20211128,1016554192,20211128,HAMAS,PSE,ISRAEL,ISR,190,재래식 군사력 사용,19,4,-10.0,2,1,2,0.3078106964217,"Naamah, HaMerkaz, Israel",IS,https://www.jewishpress.com/judaism/torah/reconsidering-the-aruch-hashulchan-how-rav-y-m-epsteins-masterwork-invites-you-into-a-generational-discussion/2021/11/28/
20211128,1016554193,20211128,HAMAS,PSE,ISRAEL,ISR,190,재래식 군사력 사용,19,4,-10.0,4,1,4,0.3078106964217,"Urim, HaDarom, Israel",IS,https://www.jewishpress.com/judaism/torah/reconsidering-the-aruch-hashulchan-how-rav-y-m-epsteins-masterwork-invites-you-into-a-generational-discussion/2021/11/28/
20211128,1016554194,20211128,HAMAS,PSE,ISRAEL,ISR,190,재래식 군사력 사용,19,4,-10.0,2,1,2,0.3078106964217,United States,US,https://www.jewishpress.com/judaism/torah/reconsidering-the-aruch-hashulchan-how-rav-y-m-epsteins-masterwork-invites-you-into-a-generational-discussion/2021/11/28/
20211129,1016559620,20211129,ISRAEL,ISR,IRAN,IRN,190,재래식 군사력 사용,19,4,-10.0,2,1,2,-5.61122244488978,"Tehran, Tehran, Iran",IR,https://www.telegraphindia.com/world/iran-israel-cyber-war-now-targets-civilians/cid/1841029
20211129,1016565286,20211129,WEST BANK,PSE,ISRAEL,ISR,190,재래식 군사력 사용,19,4,-10.0,12,2,12,-2.93040293040293,"Gaza, Israel (general), Israel",IS,https://www.middleeaststar.com/news/271825321/palestine-extends-state-of-emergency-to-combat-omicron
20211129,1016577165,20211129,YEMEN,YEM,SAUDI ARABIA,SAU,195,공중무기 사용,19,4,-10.0,2,1,2,-3.72208436724566,"Amhara, Amara, Ethiopia",ET,https://www.msn.com/en-xl/asia/srilanka/ethiopia-the-grim-realities-of-conflict-and-arms-trade/ar-AARePFP
20211129,1016577166,20211129,YEMEN,YEM,SAUDI ARABIA,SAU,195,공중무기 사용,19,4,-10.0,8,1,8,-3.72208436724566,Yemen,YM,https://www.msn.com/en-xl/asia/srilanka/ethiopia-the-grim-realities-of-conflict-and-arms-trade/ar-AARePFP
20211129,1016580122,20211129,PALESTINIAN,PSE,ISRAEL,ISR,193,소형무기·경무기를 이용한 전투,19,4,-10.0,2,1,2,-6.26895854398382,"Durban, KwaZulu-Natal, South Africa",SF,https://www.news24.com/news24/Columnists/GuestColumn/opinion-mary-kluk-the-death-of-sa-born-man-killed-in-israel-has-lead-to-the-demonisation-of-jews-20211129
20211129,1016580123,20211129,PALESTINIAN,PSE,ISRAEL,ISR,193,소형무기·경무기를 이용한 전투,19,4,-10.0,2,1,2,-6.26895854398382,"Jerusalem, Israel (general), Israel",IS,https://www.news24.com/news24/Columnists/GuestColumn/opinion-mary-kluk-the-death-of-sa-born-man-killed-in-israel-has-lead-to-the-demonisation-of-jews-20211129
20211129,1016585884,20211129,IRAN,IRN,ISRAEL,ISR,190,재래식 군사력 사용,19,4,-10.0,1,1,1,-3.26173428798727,"Tel Aviv, Tel Aviv, Israel",IS,https://www.timesofisrael.com/can-world-powers-curb-iran-in-new-nuclear-talks/
20211129,1016585885,20211129,IRAN,IRN,ISRAEL,ISR,190,재래식 군사력 사용,19,4,-10.0,2,1,2,-3.26173428798727,"Tehran, Tehran, Iran",IR,https://www.timesofisrael.com/can-world-powers-curb-iran-in-new-nuclear-talks/
20211129,1016585911,20211129,ISRAEL,ISR,IRAN,IRN,190,재래식 군사력 사용,19,4,-10.0,1,1,1,-3.26173428798727,"Tel Aviv, Tel Aviv, Israel",IS,https://www.timesofisrael.com/can-world-powers-curb-iran-in-new-nuclear-talks/
20211129,1016585912,20211129,ISRAEL,ISR,IRAN,IRN,190,재래식 군사력 사용,19,4,-10.0,4,2,4,-4.51478927809602,"Tehran, Tehran, Iran",IR,https://bdnews24.com/world/middle-east/2021/11/29/israel-and-iran-broaden-cyberwar-to-attack-civilian-targets
20211129,1016590340,20211129,QATAR,QAT,ISRAELI,ISR,190,재래식 군사력 사용,19,4,-10.0,1,1,1,-4.23649030314441,"Beirut, Beyrouth, Lebanon",LE,http://www.enterstageright.com/archive/articles/1121/irancolonialism.html
20211129,1016590387,20211129,SYRIAN,SYR,ISRAEL,ISR,194,포병·전차를 이용한 전투,19,4,-10.0,2,1,2,-8.06100217864923,Syria,SY,https://nationalinterest.org/blog/reboot/loitering-munitions-are-reshaping-modern-warfare-197125
20211129,1016590566,20211129,YEMEN,YEM,ISRAEL,ISR,194,포병·전차를 이용한 전투,19,4,-10.0,6,1,6,-4.23649030314441,"Damascus, Dimashq, Syria",SY,http://www.enterstageright.com/archive/articles/1121/irancolonialism.html
20211129,1016590567,20211129,YEMEN,YEM,ISRAEL,ISR,194,포병·전차를 이용한 전투,19,4,-10.0,2,1,2,-4.23649030314441,"Gaza, Israel (general), Israel",IS,http://www.enterstageright.com/archive/articles/1121/irancolonialism.html
20211129,1016590568,20211129,YEMEN,YEM,ISRAEL,ISR,194,포병·전차를 이용한 전투,19,4,-10.0,2,1,2,-4.23649030314441,"Damascus, Dimashq, Syria",SY,http://www.enterstageright.com/archive/articles/1121/irancolonialism.html
20211129,1016590569,20211129,YEMEN,YEM,SAUDI ARABIA,SAU,195,공중무기 사용,19,4,-10.0,8,1,8,-4.23649030314441,"Sanaa, Sana', Yemen",YM,http://www.enterstageright.com/archive/articles/1121/irancolonialism.html
20211129,1016590570,20211129,YEMEN,YEM,SAUDI ARABIA,SAU,195,공중무기 사용,19,4,-10.0,2,1,2,-4.23649030314441,"Tehran, Tehran, Iran",IR,http://www.enterstageright.com/archive/articles/1121/irancolonialism.html
20211129,1016596199,20211129,SAUDI,SAU,SANAA,YEM,195,공중무기 사용,19,4,-10.0,12,4,12,-7.56250751292221,"Dhahaban, Makkah, Saudi Arabia",SA,https://www.tasnimnews.com/en/news/2021/11/29/2616615/yemeni-school-students-injured-in-saudi-airstrike
20211129,1016600357,20211129,ISRAELI,ISR,PALESTINIAN,PSE,190,재래식 군사력 사용,19,4,-10.0,6,2,6,-8.38406859620043,"Bethlehem, West Bank (general), West Bank",WE,http://english.pnn.ps/2021/11/29/iof-injure-dozens-of-palestinians-in-bethlehem/
20211129,1016605250,20211129,IRAQ,IRQ,YEMEN,YEM,190,재래식 군사력 사용,19,4,-10.0,1,1,1,-5.84932147870847,"Washington, District of Columbia, United States",US,https://original.antiwar.com/doug-bandow/2021/11/28/how-many-wars-does-washington-want-and-for-what/
20211129,1016605251,20211129,IRAQ,IRQ,YEMEN,YEM,190,재래식 군사력 사용,19,4,-10.0,4,1,4,-5.84932147870847,"Washington, District of Columbia, United States",US,https://original.antiwar.com/doug-bandow/2021/11/28/how-many-wars-does-washington-want-and-for-what/
20211129,1016610516,20211129,LEBANESE,LBN,TAIF,SAU,138,군사력 사용 위협,13,3,-7.0,4,1,4,-2.15827338129496,Lebanon,LE,https://www.middleeastmonitor.com/20211129-hezbollah-warns-of-coup-against-taif-agreement/
20211129,1016610517,20211129,LEBANESE,LBN,TAIF,SAU,138,군사력 사용 위협,13,3,-7.0,6,1,6,-2.15827338129496,Lebanon,LE,https://www.middleeastmonitor.com/20211129-hezbollah-warns-of-coup-against-taif-agreement/
20211129,1016610645,20211129,PALESTINE,PSE,ISRAEL,ISR,190,재래식 군사력 사용,19,4,-10.0,16,5,16,-3.10561676767045,Israel,IS,http://www.china.org.cn/world/Off_the_Wire/2021-11/29/content_77900063.htm
20211129,1016610678,20211129,SAUDI,SAU,YEMENI,YEM,190,재래식 군사력 사용,19,4,-10.0,20,2,20,-5.94202898550725,"Arabian Peninsula, Saudi Arabia (general), Saudi Arabia",SA,https://www.rfi.fr/en/middle-east/20211129-battle-for-marib-why-is-it-crucial-in-yemen-war
20211129,1016610796,20211129,YEMENI,YEM,SAUDI,SAU,190,재래식 군사력 사용,19,4,-10.0,20,2,20,-5.94202898550725,"Arabian Peninsula, Saudi Arabia (general), Saudi Arabia",SA,https://www.rfi.fr/en/middle-east/20211129-battle-for-marib-why-is-it-crucial-in-yemen-war
20211129,1016612216,20211129,ISRAELI,ISR,IRAN,IRN,1383,비정규 폭력 사용 위협,13,3,-7.0,1,1,1,-1.76600441501103,"London, London, City of, United Kingdom",UK,https://sputniknews.com/20211129/as-iran-nuclear-talks-resume-will-israel-ever-exercise-military-option-1091102766.html
20211129,1016612217,20211129,ISRAELI,ISR,IRAN,IRN,1383,비정규 폭력 사용 위협,13,3,-7.0,1,1,1,-1.76600441501103,Israel,IS,https://sputniknews.com/20211129/as-iran-nuclear-talks-resume-will-israel-ever-exercise-military-option-1091102766.html
20211129,1016612222,20211129,ISRAELI,ISR,PALESTINE,PSE,190,재래식 군사력 사용,19,4,-10.0,8,1,8,-2.09302325581395,"Jerusalem, Israel (general), Israel",IS,https://www.middleeastmonitor.com/20211129-hamas-insists-israeli-soldiers-will-not-be-released-without-prisoner-deal/
20211129,1016612410,20211129,PALESTINE,PSE,ISRAELI,ISR,190,재래식 군사력 사용,19,4,-10.0,8,1,8,-2.09302325581395,"Jerusalem, Israel (general), Israel",IS,https://www.middleeastmonitor.com/20211129-hamas-insists-israeli-soldiers-will-not-be-released-without-prisoner-deal/
20211129,1016615970,20211129,ISRAEL,ISR,HAMAS,PSE,190,재래식 군사력 사용,19,4,-10.0,8,2,8,-3.78815600890434,Israel,IS,https://www.gatestoneinstitute.org/17978/palestinians-abbas-hamas
20211129,1016623585,20211129,PALESTINE,PSE,ISRAEL,ISR,190,재래식 군사력 사용,19,4,-10.0,2,1,2,-2.14180206794683,"Tel Aviv, Tel Aviv, Israel",IS,http://www.news.cn/english/2021-11/29/c_1310340556.htm
20211129,1016623586,20211129,PALESTINE,PSE,ISRAEL,ISR,190,재래식 군사력 사용,19,4,-10.0,2,1,2,-2.14180206794683,Libya,LY,http://www.news.cn/english/2021-11/29/c_1310340556.htm
20211129,1016623630,20211129,ALEPPO,SYR,TURKEY,TUR,190,재래식 군사력 사용,19,4,-10.0,4,2,4,-8.7378640776699,"Manbej, ?alab, Syria",SY,https://www.europesun.com/news/271827854/two-children-martyred-in-bomb-explosion-aleppo-countryside
20211129,1016630126,20211129,ISRAELI,ISR,IRANIAN,IRN,190,재래식 군사력 사용,19,4,-10.0,1,1,1,-3.44827586206896,"Tehran, Tehran, Iran",IR,https://www.i24news.tv/en/news/international/1638169056-report-iranian-man-visiting-kenya-plotted-to-attack-israeli-interests
20211129,1016630148,20211129,ISRAELI,ISR,IRANIAN,IRN,190,재래식 군사력 사용,19,4,-10.0,6,1,6,-3.44827586206896,Israel,IS,https://www.i24news.tv/en/news/international/1638169056-report-iranian-man-visiting-kenya-plotted-to-attack-israeli-interests
20211129,1016634302,20211129,IRAN,IRN,SYRIA,SYR,190,재래식 군사력 사용,19,4,-10.0,6,2,6,-2.67228840705212,Iran,IR,https://www.washingtonexaminer.com/politics/biden-administration-iran-nuclear-deal
20211129,1016634303,20211129,IRANIAN,IRN,SYRIA,SYR,190,재래식 군사력 사용,19,4,-10.0,24,2,24,-2.67228840705212,Iran,IR,https://www.washingtonexaminer.com/politics/biden-administration-iran-nuclear-deal
20211129,1016634592,20211129,PALESTINIAN,PSE,ISRAELI,ISR,193,소형무기·경무기를 이용한 전투,19,4,-10.0,2,1,2,-4.2079207920792,"Hebron, Israel (general), Israel",IS,https://english.alaraby.co.uk/news/arab-league-blasts-israels-herzog-ibrahimi-mosque-visit
20211129,1016636461,20211129,ISRAEL,ISR,IRAN,IRN,138,군사력 사용 위협,13,3,-7.0,4,2,4,-4.06854816655338,"Tehran, Tehran, Iran",IR,https://www.aljazeera.com/opinions/2021/11/29/will-iran-become-latent-nuclear
20211129,1016636462,20211129,ISRAEL,ISR,IRAN,IRN,163,금수·보이콧·제재 부과,16,4,-8.0,2,2,2,-4.06854816655338,Israel,IS,https://www.aljazeera.com/opinions/2021/11/29/will-iran-become-latent-nuclear
20211129,1016636463,20211129,ISRAEL,ISR,IRAN,IRN,163,금수·보이콧·제재 부과,16,4,-8.0,2,2,2,-4.06854816655338,Israel,IS,https://www.aljazeera.com/opinions/2021/11/29/will-iran-become-latent-nuclear
20211129,1016646917,20211129,IRAQI,IRQ,IRAN,IRN,195,공중무기 사용,19,4,-10.0,1,1,1,-6.76229508196721,Iraq,IZ,https://www.presstv.ir/Detail/2021/11/29/671600/Iran
20211129,1016646918,20211129,IRAQ,IRQ,IRAN,IRN,195,공중무기 사용,19,4,-10.0,5,1,5,-6.76229508196721,Iraq,IZ,https://www.presstv.ir/Detail/2021/11/29/671600/Iran
20211129,1016649507,20211129,YEMEN,YEM,RIYADH,SAU,190,재래식 군사력 사용,19,4,-10.0,10,1,10,-9.43396226415094,"Riyadh, Ar Riya?, Saudi Arabia",SA,https://www.arabnews.com/node/1977541/middle-east
20211129,1016659151,20211129,ISRAEL,ISR,PALESTINIAN,PSE,190,재래식 군사력 사용,19,4,-10.0,2,1,2,-6.47098065376918,Gaza Strip,GZ,https://www.aljazeera.com/features/2021/11/29/palestinefemicide
20211129,1016665781,20211129,ISRAEL,ISR,PALESTINIAN,PSE,163,금수·보이콧·제재 부과,16,4,-8.0,218,21,218,-0.0036357387043818,"Jerusalem, Israel (general), Israel",IS,https://www.washingtonpost.com/world/miss-universe-hopeful-tests-positive-for-covid-19-in-israel/2021/11/29/6c584d42-512b-11ec-83d2-d9dab0e23b7e_story.html
20211129,1016671008,20211129,PALESTINE,PSE,ISRAEL,ISR,190,재래식 군사력 사용,19,4,-10.0,2,1,2,-2.18093699515347,Israel,IS,https://en.gmw.cn/2021-11/29/content_35346548.htm
20211129,1016671087,20211129,TURKEY,TUR,YEMEN,YEM,190,재래식 군사력 사용,19,4,-10.0,4,1,4,-0.43811610076671,"Istanbul, Istanbul, Turkey",TU,https://en.qantara.de/content/women-in-turkey-trapped-in-the-gender-gap
20211129,1016671088,20211129,TURKEY,TUR,YEMEN,YEM,190,재래식 군사력 사용,19,4,-10.0,2,1,2,-0.43811610076671,"Ministry Of Justice, Amanat al `Asimah, Yemen",YM,https://en.qantara.de/content/women-in-turkey-trapped-in-the-gender-gap
20211129,1016673194,20211129,GAZA,PSE,ISRAEL,ISR,194,포병·전차를 이용한 전투,19,4,-10.0,4,1,4,-1.31578947368421,"Jerusalem, Israel (general), Israel",IS,https://peacenow.org/entry.php?id=38967
20211129,1016674206,20211122,HAMAS,PSE,ISRAELI,ISR,190,재래식 군사력 사용,19,4,-10.0,3,1,3,-0.40816326530612,"Hebron, Israel (general), Israel",IS,https://www.i24news.tv/en/news/israel/society/1638197880-israel-s-officials-light-menorah-jerusalem-victim-honored
20211129,1016674207,20211122,HAMAS,PSE,ISRAEL,ISR,190,재래식 군사력 사용,19,4,-10.0,2,1,2,-0.40816326530612,"Hebron, Israel (general), Israel",IS,https://www.i24news.tv/en/news/israel/society/1638197880-israel-s-officials-light-menorah-jerusalem-victim-honored
20211129,1016675082,20211129,ISRAEL,ISR,PALESTINIAN,PSE,193,소형무기·경무기를 이용한 전투,19,4,-10.0,1,1,1,-0.40816326530612,"Jerusalem, Israel (general), Israel",IS,https://www.i24news.tv/en/news/israel/society/1638197880-israel-s-officials-light-menorah-jerusalem-victim-honored
20211129,1016681747,20211129,ISRAEL,ISR,PALESTINIAN,PSE,190,재래식 군사력 사용,19,4,-10.0,2,1,2,-10.6951871657754,"Ramle, HaMerkaz, Israel",IS,http://english.pnn.ps/2021/11/29/israeli-policy-of-slow-killing-of-palestinian-prisoners-who-are-imprisoned-in-ramon-prison/
20211129,1016681748,20211129,ISRAELI,ISR,PALESTINIAN,PSE,190,재래식 군사력 사용,19,4,-10.0,1,1,1,-10.6951871657754,"Ramle, HaMerkaz, Israel",IS,http://english.pnn.ps/2021/11/29/israeli-policy-of-slow-killing-of-palestinian-prisoners-who-are-imprisoned-in-ramon-prison/
20211129,1016688224,20211122,HAMAS,PSE,ISRAEL,ISR,194,포병·전차를 이용한 전투,19,4,-10.0,10,1,10,-1.45772594752186,"Gaza, Israel (general), Israel",IS,https://www.jpost.com/international/house-lawmakers-revive-efforts-to-fund-iron-dome-replenishment-687330
20211129,1016688225,20211122,HAMAS,PSE,ISRAEL,ISR,194,포병·전차를 이용한 전투,19,4,-10.0,8,1,8,-1.45772594752186,Gaza Strip,GZ,https://www.jpost.com/international/house-lawmakers-revive-efforts-to-fund-iron-dome-replenishment-687330
20211129,1016688226,20211122,HAMAS,PSE,ISRAEL,ISR,194,포병·전차를 이용한 전투,19,4,-10.0,2,1,2,-1.45772594752186,Gaza Strip,GZ,https://www.jpost.com/international/house-lawmakers-revive-efforts-to-fund-iron-dome-replenishment-687330
20211129,1016693716,20211129,ISRAEL,ISR,IRAN,IRN,190,재래식 군사력 사용,19,4,-10.0,4,1,4,-3.47222222222222,"Gulf Of Oman, Iran (general), Iran",IR,https://www.israelnationalnews.com/News/News.aspx/317803
20211129,1016693754,20211129,JORDAN,JOR,IRANIAN,IRN,190,재래식 군사력 사용,19,4,-10.0,4,1,4,-3.47222222222222,"Gulf Of Oman, Iran (general), Iran",IR,https://www.israelnationalnews.com/News/News.aspx/317803
20211129,1016693755,20211129,JORDAN,JOR,IRAN,IRN,190,재래식 군사력 사용,19,4,-10.0,2,1,2,-3.47222222222222,"Gulf Of Oman, Iran (general), Iran",IR,https://www.israelnationalnews.com/News/News.aspx/317803
20211129,1016695293,20211129,BAHRAINI,BHR,ISRAEL,ISR,154,군 병력 동원·증강,15,4,-7.2,2,1,2,2.75862068965517,Israel,IS,https://www.timesofisrael.com/israels-first-ambassador-to-bahrain-arrives-in-manama/
20211129,1016695302,20211129,BAHRAINI,BHR,ISRAEL,ISR,154,군 병력 동원·증강,15,4,-7.2,3,1,3,2.75862068965517,Israel,IS,https://www.timesofisrael.com/israels-first-ambassador-to-bahrain-arrives-in-manama/
20211129,1016695897,20211129,ISRAEL,ISR,PALESTINIAN,PSE,163,금수·보이콧·제재 부과,16,4,-8.0,2,1,2,0.1906577693041,"Jerusalem, Israel (general), Israel",IS,https://www.ynetnews.com/article/rkyfnfgyf
20211129,1016697582,20211129,SAUDI,SAU,LEBANESE,LBN,163,금수·보이콧·제재 부과,16,4,-8.0,2,1,1,-2.49110320284697,"Beirut, Beyrouth, Lebanon",LE,https://www.msn.com/en-us/news/world/workers-at-a-paper-factory-in-beirut-worry-about-making-ends-meet/ar-AARgGC0
20211129,1016697583,20211129,SAUDI,SAU,LEBANESE,LBN,163,금수·보이콧·제재 부과,16,4,-8.0,1,1,1,-2.49110320284697,Saudi Arabia,SA,https://www.msn.com/en-us/news/world/workers-at-a-paper-factory-in-beirut-worry-about-making-ends-meet/ar-AARgGC0
20211129,1016697584,20211129,SAUDI ARABIA,SAU,LEBANON,LBN,163,금수·보이콧·제재 부과,16,4,-8.0,5,1,3,-2.49110320284697,"Beirut, Beyrouth, Lebanon",LE,https://www.msn.com/en-us/news/world/workers-at-a-paper-factory-in-beirut-worry-about-making-ends-meet/ar-AARgGC0
20211129,1016697585,20211129,SAUDI ARABIA,SAU,LEBANESE,LBN,163,금수·보이콧·제재 부과,16,4,-8.0,16,1,6,-2.49110320284697,Saudi Arabia,SA,https://www.msn.com/en-us/news/world/workers-at-a-paper-factory-in-beirut-worry-about-making-ends-meet/ar-AARgGC0
20211129,1016697612,20211129,TURKEY,TUR,LEBANESE,LBN,163,금수·보이콧·제재 부과,16,4,-8.0,1,1,1,-2.49110320284697,"Beirut, Beyrouth, Lebanon",LE,https://www.msn.com/en-us/news/world/workers-at-a-paper-factory-in-beirut-worry-about-making-ends-meet/ar-AARgGC0
20211129,1016697613,20211129,TURKEY,TUR,LEBANESE,LBN,163,금수·보이콧·제재 부과,16,4,-8.0,1,1,1,-2.49110320284697,Ghana,GH,https://www.msn.com/en-us/news/world/workers-at-a-paper-factory-in-beirut-worry-about-making-ends-meet/ar-AARgGC0
20211129,1016700616,20211129,ISRAEL,ISR,HAMAS,PSE,193,소형무기·경무기를 이용한 전투,19,4,-10.0,2,1,2,0.729927007299271,"Jerusalem, Israel (general), Israel",IS,https://www.israelnationalnews.com/News/News.aspx/317806
20211129,1016700815,20211129,PALESTINIAN,PSE,ISRAEL,ISR,190,재래식 군사력 사용,19,4,-10.0,2,1,2,2.35602094240838,"Jordan River, Israel (general), Israel",IS,https://mondoweiss.net/2021/11/international-day-of-solidarity-with-the-palestinian-people-a-reflection/
20211129,1016702278,20211129,ISRAEL,ISR,HAMAS,PSE,190,재래식 군사력 사용,19,4,-10.0,2,1,2,-1.30151843817788,"Gaza, Israel (general), Israel",IS,https://www.haaretz.com/middle-east-news/palestinians/.premium-egypt-qatar-reach-breakthrough-on-transferring-salaries-to-hamas-civil-servants-1.10425635
20211129,1016702447,20211129,HAMAS,PSE,ISRAEL,ISR,190,재래식 군사력 사용,19,4,-10.0,2,1,2,-1.30151843817788,"Gaza, Israel (general), Israel",IS,https://www.haaretz.com/middle-east-news/palestinians/.premium-egypt-qatar-reach-breakthrough-on-transferring-salaries-to-hamas-civil-servants-1.10425635
20211129,1016706358,20211129,TEHRAN,IRN,IRAQ,IRQ,190,재래식 군사력 사용,19,4,-10.0,20,1,20,-7.14285714285714,"Baghdad, Baghdad, Iraq",IZ,https://www.kurdistan24.net/en/story/26423-Iraq-announces-details-of-attempted-assassination-of-PM-Kadhimi
20211129,1016706382,20211129,ISRAEL,ISR,PALESTINE,PSE,190,재래식 군사력 사용,19,4,-10.0,13,2,13,-3.70087336244541,"Gaza, Israel (general), Israel",IS,https://morningstaronline.co.uk/article/b/students-mobilise-across-britain-in-solidarity-with-palestine
20211129,1016706383,20211129,ISRAELI,ISR,PALESTINIAN,PSE,190,재래식 군사력 사용,19,4,-10.0,7,1,7,-5.0,"Jerusalem, Israel (general), Israel",IS,https://morningstaronline.co.uk/article/b/students-mobilise-across-britain-in-solidarity-with-palestine
20211129,1016706384,20211129,ISRAELI,ISR,PALESTINIAN,PSE,190,재래식 군사력 사용,19,4,-10.0,3,1,3,-5.0,"Gaza, Israel (general), Israel",IS,https://morningstaronline.co.uk/article/b/students-mobilise-across-britain-in-solidarity-with-palestine
20211129,1016707695,20211129,PALESTINIAN,PSE,ISRAEL,ISR,193,소형무기·경무기를 이용한 전투,19,4,-10.0,2,1,2,-3.55029585798816,"Hebrew University, Yerushalayim, Israel",IS,https://www.israelnationalnews.com/News/News.aspx/317807
20211129,1016707696,20211129,PALESTINIAN,PSE,ISRAEL,ISR,193,소형무기·경무기를 이용한 전투,19,4,-10.0,8,1,8,-3.55029585798816,"Tel Aviv, Tel Aviv, Israel",IS,https://www.israelnationalnews.com/News/News.aspx/317807
20211129,1016721478,20211129,ISRAELI,ISR,PALESTINIAN,PSE,193,소형무기·경무기를 이용한 전투,19,4,-10.0,2,1,2,-1.82516810758886,"Jerusalem, Israel (general), Israel",IS,https://tribune.com.pk/story/2331626/74-years-on-palestinians-remain-stateless
20211130,1016729267,20211130,ISRAEL,ISR,PALESTINIAN,PSE,193,소형무기·경무기를 이용한 전투,19,4,-10.0,1,1,1,0.0,"Jerusalem, Israel (general), Israel",IS,https://www.algemeiner.com/2021/11/29/israeli-officials-light-hanukkah-menorahs-in-western-wall-as-victim-of-palestinian-gunman-honored/
20211130,1016736332,20211130,ISRAELI,ISR,LEBANON,LBN,190,재래식 군사력 사용,19,4,-10.0,5,3,5,-1.94331499153698,Israel,IS,https://www.clevelandjewishnews.com/jns/in-syria-hezbollah-learned-how-to-go-on-the-offensive-says-idf-intelligence-officer/article_84c782b5-39ea-511b-922d-9d52b260c110.html
20211130,1016736348,20211130,ISRAELI,ISR,LEBANESE,LBN,190,재래식 군사력 사용,19,4,-10.0,15,3,15,-1.94331499153698,Israel,IS,https://www.clevelandjewishnews.com/jns/in-syria-hezbollah-learned-how-to-go-on-the-offensive-says-idf-intelligence-officer/article_84c782b5-39ea-511b-922d-9d52b260c110.html
20211130,1016741072,20211130,ISRAEL,ISR,GAZA,PSE,193,소형무기·경무기를 이용한 전투,19,4,-10.0,8,1,8,-1.24309392265194,"Gaza, Israel (general), Israel",IS,https://www.dailymail.co.uk/news/article-10256203/Pentagon-plans-bulk-bases-Guam-Australia-confront-Chinas-growing-threat.html
20211130,1016741073,20211130,ISRAEL,ISR,GAZA,PSE,193,소형무기·경무기를 이용한 전투,19,4,-10.0,2,1,2,-1.24309392265194,"Gaza, Israel (general), Israel",IS,https://www.dailymail.co.uk/news/article-10256203/Pentagon-plans-bulk-bases-Guam-Australia-confront-Chinas-growing-threat.html
20211130,1016749510,20211130,QATAR,QAT,PALESTINIAN,PSE,154,군 병력 동원·증강,15,4,-7.2,2,1,2,0.46511627906977,Israel,IS,https://ricochet.com/podcast/sara-carter-podcast/u-s-government-complicit-in-rampant-anti-semitism-hamas-extremism/
20211130,1016750478,20211130,ISRAEL,ISR,IRAN,IRN,154,군 병력 동원·증강,15,4,-7.2,21,1,13,-2.95282651072125,Israel,IS,https://freerepublic.com/focus/f-chat/4016780/posts
20211130,1016750479,20211130,ISRAEL,ISR,IRAN,IRN,154,군 병력 동원·증강,15,4,-7.2,5,1,5,-3.94736842105263,Turkey,TU,https://freerepublic.com/focus/f-chat/4016780/posts
20211130,1016755996,20211130,ISRAEL,ISR,IRAN,IRN,154,군 병력 동원·증강,15,4,-7.2,3,1,2,-2.45555555555555,Israel,IS,https://freerepublic.com/tag/*/index?more=4016791
20211130,1016758611,20211130,ISRAEL,ISR,IRAN,IRN,154,군 병력 동원·증강,15,4,-7.2,1,1,1,-2.77777777777778,Iran,IR,https://freerepublic.com/tag/*/index?more=4016796
20211130,1016768215,20211130,ISRAEL,ISR,PALESTINIAN,PSE,163,금수·보이콧·제재 부과,16,4,-8.0,18,2,18,-0.1538405505639,"Jerusalem, Israel (general), Israel",IS,https://www.haaretz.com/israel-news/miss-universe-hopeful-tests-positive-for-covid-19-in-israel-1.10425388
20211130,1016775870,20211130,IRAN,IRN,TURKISH,TUR,190,재래식 군사력 사용,19,4,-10.0,12,1,12,-2.17864923747277,"Ankara, Ankara, Turkey",TU,https://menafn.com/1103276454/Turkey-Iran-rivalry-threatens-stability-in-Iraqi-Kurdistan&source=19
20211130,1016775871,20211130,IRAN,IRN,TURKISH,TUR,190,재래식 군사력 사용,19,4,-10.0,4,1,4,-2.17864923747277,"Kurdistan, Khuzestan, Iran",IR,https://menafn.com/1103276454/Turkey-Iran-rivalry-threatens-stability-in-Iraqi-Kurdistan&source=19
20211130,1016775872,20211130,IRAN,IRN,TURKEY,TUR,190,재래식 군사력 사용,19,4,-10.0,4,1,4,-2.17864923747277,"Ankara, Ankara, Turkey",TU,https://menafn.com/1103276454/Turkey-Iran-rivalry-threatens-stability-in-Iraqi-Kurdistan&source=19
20211130,1016775884,20211130,IRAQ,IRQ,TURKISH,TUR,190,재래식 군사력 사용,19,4,-10.0,16,1,16,-2.17864923747277,"Ankara, Ankara, Turkey",TU,https://menafn.com/1103276454/Turkey-Iran-rivalry-threatens-stability-in-Iraqi-Kurdistan&source=19
20211130,1016775885,20211130,IRAQ,IRQ,TURKISH,TUR,190,재래식 군사력 사용,19,4,-10.0,8,1,8,-2.17864923747277,"Ankara, Ankara, Turkey",TU,https://menafn.com/1103276454/Turkey-Iran-rivalry-threatens-stability-in-Iraqi-Kurdistan&source=19
20211130,1016775886,20211130,IRAQ,IRQ,TURKEY,TUR,190,재래식 군사력 사용,19,4,-10.0,16,1,16,-2.17864923747277,"Ankara, Ankara, Turkey",TU,https://menafn.com/1103276454/Turkey-Iran-rivalry-threatens-stability-in-Iraqi-Kurdistan&source=19
20211130,1016776278,20211130,TURKISH,TUR,NINEVEH,IRQ,192,영토 점령,19,4,-9.5,8,1,8,-2.17864923747277,"Sinjar, Babil, Iraq",IZ,https://menafn.com/1103276454/Turkey-Iran-rivalry-threatens-stability-in-Iraqi-Kurdistan&source=19
20211130,1016776284,20211130,TURKEY,TUR,NINEVEH,IRQ,192,영토 점령,19,4,-9.5,8,1,8,-2.17864923747277,"Sinjar, Babil, Iraq",IZ,https://menafn.com/1103276454/Turkey-Iran-rivalry-threatens-stability-in-Iraqi-Kurdistan&source=19
20211130,1016776285,20211130,TURKISH,TUR,NINEVEH,IRQ,192,영토 점령,19,4,-9.5,24,1,24,-2.17864923747277,"Ankara, Ankara, Turkey",TU,https://menafn.com/1103276454/Turkey-Iran-rivalry-threatens-stability-in-Iraqi-Kurdistan&source=19
20211130,1016782350,20211130,ISRAEL,ISR,WEST BANK,PSE,190,재래식 군사력 사용,19,4,-10.0,2,1,2,-8.30188679245283,"Joseph Tomb, West Bank (general), West Bank",WE,http://english.wafa.ps/Pages/Details/127029
20211130,1016782351,20211130,ISRAELI,ISR,PALESTINIAN,PSE,190,재래식 군사력 사용,19,4,-10.0,9,4,9,-1.49503024336561,"Gaza, Israel (general), Israel",IS,http://www.cnn.com/2000/WORLD/meast/10/23/middle.tm/
20211130,1016782537,20211130,GAZA,PSE,ISRAEL,ISR,190,재래식 군사력 사용,19,4,-10.0,1,1,1,-2.3150151449589,"Hebron, Israel (general), Israel",IS,http://www.cnn.com/2000/WORLD/meast/10/23/middle.tm/
20211130,1016782538,20211130,GAZA,PSE,ISRAELI,ISR,190,재래식 군사력 사용,19,4,-10.0,2,1,2,-2.3150151449589,"Gaza, Israel (general), Israel",IS,http://www.cnn.com/2000/WORLD/meast/10/23/middle.tm/
20211130,1016796647,20211130,HAMAS,PSE,ISRAEL,ISR,194,포병·전차를 이용한 전투,19,4,-10.0,12,2,12,-3.94927106791514,"Gaza, Israel (general), Israel",IS,https://www.wrkf.org/people/daniel-estrin
20211130,1016802383,20211130,ISRAELI,ISR,PALESTINIAN,PSE,190,재래식 군사력 사용,19,4,-10.0,1,1,1,-6.09418282548476,"Hebron, Israel (general), Israel",IS,http://english.wafa.ps/Pages/Details/127027
20211130,1016802384,20211130,ISRAEL,ISR,WEST BANK,PSE,190,재래식 군사력 사용,19,4,-10.0,2,1,2,-6.09418282548476,"Hebron, Israel (general), Israel",IS,http://english.wafa.ps/Pages/Details/127027
20211130,1016802628,20211130,WEST BANK,PSE,ISRAEL,ISR,190,재래식 군사력 사용,19,4,-10.0,1,1,1,-6.09418282548476,"Jerusalem, Israel (general), Israel",IS,http://english.wafa.ps/Pages/Details/127027
20211130,1016802629,20211130,WEST BANK,PSE,ISRAELI,ISR,190,재래식 군사력 사용,19,4,-10.0,6,1,6,-6.09418282548476,"Tuqu, West Bank (general), West Bank",WE,http://english.wafa.ps/Pages/Details/127027
20211130,1016802630,20211130,WEST BANK,PSE,ISRAELI,ISR,192,영토 점령,19,4,-9.5,4,1,4,-6.76691729323308,"Jerusalem, Israel (general), Israel",IS,http://english.wafa.ps/Pages/Details/127031
20211130,1016802631,20211130,GAZA,PSE,ISRAELI,ISR,190,재래식 군사력 사용,19,4,-10.0,6,1,6,-3.57894736842106,"Gaza, Israel (general), Israel",IS,http://edition.cnn.com/2009/WORLD/meast/01/08/israel.gaza/
20211130,1016813756,20211130,ISRAEL,ISR,IRANIAN,IRN,190,재래식 군사력 사용,19,4,-10.0,10,1,10,-6.90505548705302,Afghanistan,AF,https://www.union-bulletin.com/commentary-failure-to-respond-to-iranian-al-tanf-attack-increases-risk-for-us-forces/article_e424aabe-efb5-5a99-8679-524b6ee78b14.html
20211130,1016817219,20211130,IRANIAN,IRN,ISRAEL,ISR,190,재래식 군사력 사용,19,4,-10.0,1,1,1,-1.85633575464084,"Gaza, Israel (general), Israel",IS,https://www.jns.org/opinion/the-nuclear-talks-in-vienna-bidens-legacy-at-stake/
20211130,1016817220,20211130,IRANIAN,IRN,ISRAEL,ISR,190,재래식 군사력 사용,19,4,-10.0,1,1,1,-1.85633575464084,"Tehran, Tehran, Iran",IR,https://www.jns.org/opinion/the-nuclear-talks-in-vienna-bidens-legacy-at-stake/
20211130,1016817222,20211130,IRAN,IRN,SYRIAN,SYR,190,재래식 군사력 사용,19,4,-10.0,2,1,2,-1.85633575464084,"Tehran, Tehran, Iran",IR,https://www.jns.org/opinion/the-nuclear-talks-in-vienna-bidens-legacy-at-stake/
20211130,1016817223,20211130,IRAN,IRN,SYRIAN,SYR,190,재래식 군사력 사용,19,4,-10.0,8,1,8,-1.85633575464084,"Tehran, Tehran, Iran",IR,https://www.jns.org/opinion/the-nuclear-talks-in-vienna-bidens-legacy-at-stake/
20211130,1016822995,20211130,EGYPT,EGY,ISRAEL,ISR,190,재래식 군사력 사용,19,4,-10.0,8,1,8,0.50125313283208,Syria,SY,https://www.dailystar.co.uk/showbiz/helen-mirren-unrecognisable-set-snaps-25578491
20211130,1016822996,20211130,EGYPT,EGY,ISRAEL,ISR,190,재래식 군사력 사용,19,4,-10.0,2,1,2,0.50125313283208,France,FR,https://www.dailystar.co.uk/showbiz/helen-mirren-unrecognisable-set-snaps-25578491
20211130,1016823682,20211130,SYRIA,SYR,ISRAEL,ISR,190,재래식 군사력 사용,19,4,-10.0,2,1,2,0.50125313283208,Syria,SY,https://www.dailystar.co.uk/showbiz/helen-mirren-unrecognisable-set-snaps-25578491
20211130,1016823683,20211130,SYRIA,SYR,ISRAEL,ISR,190,재래식 군사력 사용,19,4,-10.0,2,1,2,0.50125313283208,France,FR,https://www.dailystar.co.uk/showbiz/helen-mirren-unrecognisable-set-snaps-25578491
20211130,1016823684,20211130,SYRIA,SYR,ISRAEL,ISR,190,재래식 군사력 사용,19,4,-10.0,6,1,6,0.50125313283208,Syria,SY,https://www.dailystar.co.uk/showbiz/helen-mirren-unrecognisable-set-snaps-25578491
20211130,1016827872,20211130,IRAQ,IRQ,SYRIA,SYR,193,소형무기·경무기를 이용한 전투,19,4,-10.0,1,1,1,0.40683482506103,"Hasakah, Dhi Qar, Iraq",IZ,https://www.msn.com/en-us/news/world/after-7-years-a-us-led-task-force-fighting-isis-is-getting-a-new-name-and-taking-a-new-approach-to-its-mission/ar-AARiJwG
20211130,1016827873,20211130,IRAQ,IRQ,SYRIA,SYR,193,소형무기·경무기를 이용한 전투,19,4,-10.0,11,1,6,0.40683482506103,"Hasakah, Dhi Qar, Iraq",IZ,https://www.msn.com/en-us/news/world/after-7-years-a-us-led-task-force-fighting-isis-is-getting-a-new-name-and-taking-a-new-approach-to-its-mission/ar-AARiJwG
20211130,1016827874,20211130,IRAQ,IRQ,SYRIA,SYR,193,소형무기·경무기를 이용한 전투,19,4,-10.0,2,1,2,0.40683482506103,Syria,SY,https://www.msn.com/en-us/news/world/after-7-years-a-us-led-task-force-fighting-isis-is-getting-a-new-name-and-taking-a-new-approach-to-its-mission/ar-AARiJwG
20211130,1016828113,20211130,HAMAS,PSE,ISRAEL,ISR,190,재래식 군사력 사용,19,4,-10.0,2,1,2,-5.16962843295638,"Modiin, Israel (general), Israel",IS,https://www.australianjewishnews.com/thousands-attend-funeral-for-terror-victim-eli-kay/
20211130,1016828114,20211130,HAMAS,PSE,JERUSALEM,ISR,190,재래식 군사력 사용,19,4,-10.0,11,3,11,-2.01965134343706,"Jerusalem, Israel (general), Israel",IS,https://www.australianjewishnews.com/thousands-attend-funeral-for-terror-victim-eli-kay/
20211130,1016835030,20211130,ISRAELI,ISR,LEBANON,LBN,190,재래식 군사력 사용,19,4,-10.0,1,1,1,-1.96463654223969,Israel,IS,https://www.algemeiner.com/2021/11/30/in-syria-hezbollah-learned-how-to-go-on-the-offensive-says-idf-intelligence-officer/
20211130,1016835046,20211130,ISRAELI,ISR,LEBANESE,LBN,190,재래식 군사력 사용,19,4,-10.0,3,1,3,-1.96463654223969,"Beirut, Beyrouth, Lebanon",LE,https://www.algemeiner.com/2021/11/30/in-syria-hezbollah-learned-how-to-go-on-the-offensive-says-idf-intelligence-officer/
20211130,1016839558,20211130,SAUDI ARABIA,SAU,ISRAELI,ISR,190,재래식 군사력 사용,19,4,-10.0,2,1,2,-0.313479623824449,Israel,IS,https://blogs.timesofisrael.com/saudi-religious-moderation-is-as-much-pr-as-it-is-theology/
20211130,1016839579,20211130,SYRIA,SYR,ISRAEL,ISR,190,재래식 군사력 사용,19,4,-10.0,2,1,2,-2.00263119426984,"Tehran, Tehran, Iran",IR,https://www.timesofisrael.com/he-led-idf-intel-gathering-on-iran-was-ignored-and-fears-israel-is-now-paying-price/
20211130,1016839580,20211130,SYRIA,SYR,ISRAEL,ISR,190,재래식 군사력 사용,19,4,-10.0,6,1,6,-2.00263119426984,"Jerusalem, Israel (general), Israel",IS,https://www.timesofisrael.com/he-led-idf-intel-gathering-on-iran-was-ignored-and-fears-israel-is-now-paying-price/
20211130,1016839581,20211130,SYRIA,SYR,ISRAEL,ISR,190,재래식 군사력 사용,19,4,-10.0,2,1,2,-2.00263119426984,"Jerusalem, Israel (general), Israel",IS,https://www.timesofisrael.com/he-led-idf-intel-gathering-on-iran-was-ignored-and-fears-israel-is-now-paying-price/
20211130,1016845994,20211130,IRAN,IRN,SYRIA,SYR,190,재래식 군사력 사용,19,4,-10.0,5,1,5,-3.93996247654784,Iran,IR,https://www.nbcnews.com/think/politics-policy/us-must-use-carrots-not-sticks-in-nuclear-talks-with-iran-rcna7015
20211130,1016860735,20211130,PALESTINIAN,PSE,ISRAELI,ISR,163,금수·보이콧·제재 부과,16,4,-8.0,2,1,2,-4.23076923076923,"Jerusalem, Israel (general), Israel",IS,http://www.jewishledger.com/2021/11/palestinian-human-rights-activist-sues-ben-jerrys-for-stirring-hatred/
20211130,1016860736,20211130,PALESTINIAN,PSE,ISRAELI,ISR,163,금수·보이콧·제재 부과,16,4,-8.0,2,1,2,-4.23076923076923,"New York, United States",US,http://www.jewishledger.com/2021/11/palestinian-human-rights-activist-sues-ben-jerrys-for-stirring-hatred/
20211130,1016860740,20211130,PALESTINIAN,PSE,ISRAELI,ISR,163,금수·보이콧·제재 부과,16,4,-8.0,2,1,2,-4.23076923076923,"Jerusalem, Israel (general), Israel",IS,http://www.jewishledger.com/2021/11/palestinian-human-rights-activist-sues-ben-jerrys-for-stirring-hatred/
20211130,1016864776,20211130,IRANIAN,IRN,IRAQ,IRQ,195,공중무기 사용,19,4,-10.0,2,1,2,-9.01960784313725,"Tehran, Tehran, Iran",IR,https://www.i24news.tv/en/news/middle-east/iran-eastern-states/1638288483-iran-defends-handling-of-remunerations-over-downed-passenger-plane
20211130,1016871021,20211130,PALESTINIAN,PSE,ISRAEL,ISR,194,포병·전차를 이용한 전투,19,4,-10.0,2,1,2,-1.11888111888112,"Gaza, Israel (general), Israel",IS,https://www.middleeastmonitor.com/20211130-mps-from-around-the-world-gather-in-ankara-for-jerusalem/
20211130,1016872656,20211130,ISRAEL,ISR,PALESTINIAN,PSE,190,재래식 군사력 사용,19,4,-10.0,6,1,6,-1.78197064989518,"Jerusalem, Israel (general), Israel",IS,https://www.middleeastmonitor.com/20211130-the-lost-orchard-the-palestinian-arab-citrus-industry-1850-1950/
20211130,1016872875,20211130,PALESTINIAN,PSE,ISRAEL,ISR,190,재래식 군사력 사용,19,4,-10.0,6,1,6,-1.78197064989518,"Jerusalem, Israel (general), Israel",IS,https://www.middleeastmonitor.com/20211130-the-lost-orchard-the-palestinian-arab-citrus-industry-1850-1950/
20211130,1016872973,20211130,TURKEY,TUR,SAUDI,SAU,163,금수·보이콧·제재 부과,16,4,-8.0,1,1,1,-2.23065970574277,Saudi Arabia,SA,https://dayan.org/content/regional-solutions-regional-challenges-middle-east
20211130,1016875285,20211130,EGYPTIAN,EGY,ISRAEL,ISR,192,영토 점령,19,4,-9.5,1,1,1,-0.0959692898272499,"Egyptair, Al Qahirah, Egypt",EG,https://english.alaraby.co.uk/analysis/whats-behind-egypt-and-israels-deepening-rapprochement
20211130,1016875286,20211130,EGYPTIAN,EGY,ISRAEL,ISR,192,영토 점령,19,4,-9.5,1,1,1,-0.0959692898272499,"Gaza, Israel (general), Israel",IS,https://english.alaraby.co.uk/analysis/whats-behind-egypt-and-israels-deepening-rapprochement
20211130,1016875306,20211130,EGYPTIAN,EGY,ISRAEL,ISR,192,영토 점령,19,4,-9.5,9,1,6,-0.0959692898272499,"Gaza, Israel (general), Israel",IS,https://english.alaraby.co.uk/analysis/whats-behind-egypt-and-israels-deepening-rapprochement
20211130,1016876153,20211130,ANKARA,TUR,SYRIA,SYR,192,영토 점령,19,4,-9.5,20,2,20,-8.40336134453782,"Sanliurfa, Sanliurfa, Turkey",TU,https://www.bignewsnetwork.com/news/271838409/turkey-detains-7-for-crossing-from-syrian-border
20211130,1016882029,20211130,ISRAEL,ISR,PALESTINIAN,PSE,163,금수·보이콧·제재 부과,16,4,-8.0,10,1,10,-2.98245614035087,"Eilat, HaDarom, Israel",IS,https://new.finalcall.com/2021/11/30/furor-over-miss-south-africa-appearing-in-pageant-in-israel/
20211130,1016883949,20211130,ISRAELI,ISR,PALESTINIAN,PSE,190,재래식 군사력 사용,19,4,-10.0,3,1,3,-5.38793103448276,"Jerusalem, Israel (general), Israel",IS,https://www.jpost.com/arab-israeli-conflict/israel-has-done-little-to-stop-settler-violence-vietnamese-envoy-charges-687453
20211130,1016886036,20211130,PALESTINIAN,PSE,ISRAELI,ISR,190,재래식 군사력 사용,19,4,-10.0,1,1,1,-5.2159739201304,"Jerusalem, Israel (general), Israel",IS,https://www.timesofisrael.com/us-envoy-to-security-council-settlement-building-has-reached-a-critical-juncture/
20211130,1016887881,20211130,PALESTINIAN,PSE,ISRAEL,ISR,193,소형무기·경무기를 이용한 전투,19,4,-10.0,1,1,1,-5.1440329218107,"Jerusalem, Israel (general), Israel",IS,https://www.blabbermouth.net/news/disturbeds-david-draiman-lights-candle-at-western-wall-in-jerusalem-photos/
20211130,1016887882,20211130,PALESTINIAN,PSE,ISRAEL,ISR,193,소형무기·경무기를 이용한 전투,19,4,-10.0,1,1,1,-5.1440329218107,"Jerusalem, Israel (general), Israel",IS,https://www.blabbermouth.net/news/disturbeds-david-draiman-lights-candle-at-western-wall-in-jerusalem-photos/
20211130,1016887886,20211130,HAMAS,PSE,ISRAELI,ISR,190,재래식 군사력 사용,19,4,-10.0,8,2,8,-0.444662798677395,"Jerusalem, Israel (general), Israel",IS,https://www.miragenews.com/in-absence-of-political-solution-it-is-vital-684107/
20211130,1016894114,20211130,NEGEV,ISR,GAZA,PSE,154,군 병력 동원·증강,15,4,-7.2,1,1,1,-1.35786246167323,"Gaza, Israel (general), Israel",IS,https://www.972mag.com/avi-dabush-israeli-left-periphery/
20211130,1016894115,20211130,ISRAEL,ISR,GAZA,PSE,194,포병·전차를 이용한 전투,19,4,-10.0,2,1,2,-2.24215246636771,"Gaza, Israel (general), Israel",IS,https://www.israelnationalnews.com/News/News.aspx/317871
20211130,1016894116,20211130,ISRAELI,ISR,PALESTINIAN,PSE,195,공중무기 사용,19,4,-10.0,2,1,2,-1.35786246167323,"Gaza, Israel (general), Israel",IS,https://www.972mag.com/avi-dabush-israeli-left-periphery/
20211130,1016894117,20211130,ISRAELI,ISR,PALESTINIAN,PSE,195,공중무기 사용,19,4,-10.0,8,1,8,-1.35786246167323,"Gaza, Israel (general), Israel",IS,https://www.972mag.com/avi-dabush-israeli-left-periphery/
